series_code,fetched_at_utc,n_obs,date_min,date_max,frequency,region_id,error
F034.ICNE.POR.BCCH.Z.RI.A,2026-08-21T23:54:47+00:00,18,2006-01-01,2023-01-01,A,01,
F034.SEVC.POR.BCCH.Z.RI.A,2026-08-21T23:54:47+00:00,14,2006-01-01,2019-01-01,A,01,
F034.TEAMV.STO.BCCH.Z.RI.A,2026-08-21T23:54:47+00:00,20,2005-01-01,2024-01-01,A,01,
F034.TEMP.STO.BCCH.Z.RI.A,2026-08-21T23:54:47+00:00,20,2005-01-01,2024-01-01,A,01,
F035.CPCP.FLU.R.USD.2018.Z.Z.Z.01.0.A,2026-08-21T23:54:47+00:00,12,2013-01-01,2024-01-01,A,01,
F035.CPRIPSFL.FLU.N.CLP.2018.Z.Z.BD.01.0.A,2026-08-21T23:54:47+00:00,13,2013-01-01,2025-01-01,A,01,
F035.CPRIPSFL.FLU.N.CLP.2018.Z.Z.BND.01.0.A,2026-08-21T23:54:47+00:00,13,2013-01-01,2025-01-01,A,01,
F035.CPRIPSFL.FLU.N.CLP.2018.Z.Z.SER.01.0.A,2026-08-21T23:54:47+00:00,13,2013-01-01,2025-01-01,A,01,
F035.CPRIPSFL.FLU.N.CLP.2018.Z.Z.Z.01.0.A,2026-08-21T23:54:47+00:00,13,2013-01-01,2025-01-01,A,01,
F035.CPRIPSFL.V12.R.CLP.2018.Z.Z.BD.01.0.A,2026-08-21T23:54:47+00:00,12,2014-01-01,2025-01-01,A,01,
F035.CPRIPSFL.V12.R.CLP.2018.Z.Z.BND.01.0.A,2026-08-21T23:54:47+00:00,12,2014-01-01,2025-01-01,A,01,
F035.CPRIPSFL.V12.R.CLP.2018.Z.Z.CONT.01.0.A,2026-08-21T23:54:47+00:00,12,2014-01-01,2025-01-01,A,01,
F035.CPRIPSFL.V12.R.CLP.2018.Z.Z.SER.01.0.A,2026-08-21T23:54:47+00:00,12,2014-01-01,2025-01-01,A,01,
F035.CPRIPSFL.V12.R.CLP.2018.Z.Z.Z.01.0.A,2026-08-21T23:54:48+00:00,12,2014-01-01,2025-01-01,A,01,
F035.IMB.FLU.R.CLP.1986.13.Z.Z.01.0.A,2026-08-21T23:54:48+00:00,13,1985-01-01,1997-01-01,A,01,
F035.IMB.FLU.R.CLP.1996.13.Z.Z.01.0.A,2026-08-21T23:54:48+00:00,8,1996-01-01,2003-01-01,A,01,
F035.IMB.FLU.R.CLP.2003.13.Z.Z.01.0.A,2026-08-21T23:54:48+00:00,7,2003-01-01,2009-01-01,A,01,
F035.PIB.FLU.N.CLP.2008.01.21.Z.01.0.A,2026-08-21T23:54:48+00:00,7,2008-01-01,2014-01-01,A,01,
F035.PIB.FLU.N.CLP.2008.02.04.Z.01.0.A,2026-08-21T23:54:48+00:00,7,2008-01-01,2014-01-01,A,01,
F035.PIB.FLU.N.CLP.2008.03.21.Z.01.0.A,2026-08-21T23:54:48+00:00,7,2008-01-01,2014-01-01,A,01,
F035.PIB.FLU.N.CLP.2008.04.21.Z.01.0.A,2026-08-21T23:54:48+00:00,7,2008-01-01,2014-01-01,A,01,
F035.PIB.FLU.N.CLP.2008.05.21.Z.01.0.A,2026-08-21T23:54:48+00:00,7,2008-01-01,2014-01-01,A,01,
F035.PIB.FLU.N.CLP.2008.06.21.Z.01.0.A,2026-08-21T23:54:48+00:00,7,2008-01-01,2014-01-01,A,01,
F035.PIB.FLU.N.CLP.2008.07.21.Z.01.0.A,2026-08-21T23:54:48+00:00,7,2008-01-01,2014-01-01,A,01,
F035.PIB.FLU.N.CLP.2008.08.Z.Z.01.0.A,2026-08-21T23:54:48+00:00,7,2008-01-01,2014-01-01,A,01,
F035.PIB.FLU.N.CLP.2008.09.21.Z.01.0.A,2026-08-21T23:54:48+00:00,7,2008-01-01,2014-01-01,A,01,
F035.PIB.FLU.N.CLP.2008.10.Z.Z.01.0.A,2026-08-21T23:54:48+00:00,7,2008-01-01,2014-01-01,A,01,
F035.PIB.FLU.N.CLP.2008.11.Z.Z.01.0.A,2026-08-21T23:54:48+00:00,7,2008-01-01,2014-01-01,A,01,
F035.PIB.FLU.N.CLP.2008.12.21.Z.01.0.A,2026-08-21T23:54:48+00:00,7,2008-01-01,2014-01-01,A,01,
F035.PIB.FLU.N.CLP.2008.Z.Z.Z.01.0.A,2026-08-21T23:54:48+00:00,8,2008-01-01,2015-01-01,A,01,
F035.PIB.FLU.N.CLP.2013.01.21.Z.01.0.A,2026-08-21T23:54:48+00:00,12,2008-01-01,2019-01-01,A,01,
F035.PIB.FLU.N.CLP.2013.02.04.Z.01.0.A,2026-08-21T23:54:48+00:00,12,2008-01-01,2019-01-01,A,01,
F035.PIB.FLU.N.CLP.2013.03.21.Z.01.0.A,2026-08-21T23:54:48+00:00,12,2008-01-01,2019-01-01,A,01,
F035.PIB.FLU.N.CLP.2013.04.21.Z.01.0.A,2026-08-21T23:54:48+00:00,12,2008-01-01,2019-01-01,A,01,
F035.PIB.FLU.N.CLP.2013.05.21.Z.01.0.A,2026-08-21T23:54:48+00:00,12,2008-01-01,2019-01-01,A,01,
F035.PIB.FLU.N.CLP.2013.06.21.Z.01.0.A,2026-08-21T23:54:48+00:00,12,2008-01-01,2019-01-01,A,01,
F035.PIB.FLU.N.CLP.2013.07.21.Z.01.0.A,2026-08-21T23:54:48+00:00,12,2008-01-01,2019-01-01,A,01,
F035.PIB.FLU.N.CLP.2013.08.Z.Z.01.0.A,2026-08-21T23:54:48+00:00,12,2008-01-01,2019-01-01,A,01,
F035.PIB.FLU.N.CLP.2013.09.21.Z.01.0.A,2026-08-21T23:54:48+00:00,12,2008-01-01,2019-01-01,A,01,
F035.PIB.FLU.N.CLP.2013.10.Z.Z.01.0.A,2026-08-21T23:54:48+00:00,12,2008-01-01,2019-01-01,A,01,
F035.PIB.FLU.N.CLP.2013.11.Z.Z.01.0.A,2026-08-21T23:54:48+00:00,12,2008-01-01,2019-01-01,A,01,
F035.PIB.FLU.N.CLP.2013.12.21.Z.01.0.A,2026-08-21T23:54:48+00:00,12,2008-01-01,2019-01-01,A,01,
F035.PIB.FLU.N.CLP.2013.Z.Z.Z.01.0.A,2026-08-21T23:54:48+00:00,13,2008-01-01,2020-01-01,A,01,
F035.PIB.FLU.N.CLP.2018.01.21.Z.01.0.A,2026-08-21T23:54:48+00:00,13,2013-01-01,2025-01-01,A,01,
F035.PIB.FLU.N.CLP.2018.02.04.Z.01.0.A,2026-08-21T23:54:48+00:00,13,2013-01-01,2025-01-01,A,01,
F035.PIB.FLU.N.CLP.2018.03.21.Z.01.0.A,2026-08-21T23:54:48+00:00,13,2013-01-01,2025-01-01,A,01,
F035.PIB.FLU.N.CLP.2018.04.21.Z.01.0.A,2026-08-21T23:54:48+00:00,13,2013-01-01,2025-01-01,A,01,
F035.PIB.FLU.N.CLP.2018.05.21.Z.01.0.A,2026-08-21T23:54:48+00:00,13,2013-01-01,2025-01-01,A,01,
F035.PIB.FLU.N.CLP.2018.06.21.Z.01.0.A,2026-08-21T23:54:48+00:00,13,2013-01-01,2025-01-01,A,01,
F035.PIB.FLU.N.CLP.2018.08.Z.Z.01.0.A,2026-08-21T23:54:48+00:00,13,2013-01-01,2025-01-01,A,01,
F035.PIB.FLU.N.CLP.2018.09.21.Z.01.0.A,2026-08-21T23:54:48+00:00,13,2013-01-01,2025-01-01,A,01,
F035.PIB.FLU.N.CLP.2018.10.Z.Z.01.0.A,2026-08-21T23:54:48+00:00,13,2013-01-01,2025-01-01,A,01,
F035.PIB.FLU.N.CLP.2018.11.Z.Z.01.0.A,2026-08-21T23:54:48+00:00,13,2013-01-01,2025-01-01,A,01,
F035.PIB.FLU.N.CLP.2018.12.21.Z.01.0.A,2026-08-21T23:54:48+00:00,13,2013-01-01,2025-01-01,A,01,
F035.PIB.FLU.N.CLP.2018.COM.21.Z.01.0.A,2026-08-21T23:54:48+00:00,13,2013-01-01,2025-01-01,A,01,
F035.PIB.FLU.N.CLP.2018.RH.21.Z.01.0.A,2026-08-21T23:54:48+00:00,13,2013-01-01,2025-01-01,A,01,
F035.PIB.FLU.N.CLP.2018.Z.Z.Z.01.0.A,2026-08-21T23:54:48+00:00,13,2013-01-01,2025-01-01,A,01,
F035.PIB.FLU.R.CLP.1986.01.Z.Z.01.0.A,2026-08-21T23:54:48+00:00,13,1985-01-01,1997-01-01,A,01,
F035.PIB.FLU.R.CLP.1986.02.04.Z.01.0.A,2026-08-21T23:54:48+00:00,13,1985-01-01,1997-01-01,A,01,
F035.PIB.FLU.R.CLP.1986.03.Z.Z.01.0.A,2026-08-21T23:54:48+00:00,13,1985-01-01,1997-01-01,A,01,
F035.PIB.FLU.R.CLP.1986.04.Z.Z.01.0.A,2026-08-21T23:54:48+00:00,13,1985-01-01,1997-01-01,A,01,
F035.PIB.FLU.R.CLP.1986.05.Z.Z.01.0.A,2026-08-21T23:54:48+00:00,13,1985-01-01,1997-01-01,A,01,
F035.PIB.FLU.R.CLP.1986.06.Z.Z.01.0.A,2026-08-21T23:54:48+00:00,13,1985-01-01,1997-01-01,A,01,
F035.PIB.FLU.R.CLP.1986.07.Z.Z.01.0.A,2026-08-21T23:54:48+00:00,13,1985-01-01,1997-01-01,A,01,
F035.PIB.FLU.R.CLP.1986.08.Z.Z.01.0.A,2026-08-21T23:54:48+00:00,13,1985-01-01,1997-01-01,A,01,
F035.PIB.FLU.R.CLP.1986.09.21.27.01.0.A,2026-08-21T23:54:48+00:00,13,1985-01-01,1997-01-01,A,01,
F035.PIB.FLU.R.CLP.1986.10.Z.Z.01.0.A,2026-08-21T23:54:48+00:00,13,1985-01-01,1997-01-01,A,01,
F035.PIB.FLU.R.CLP.1986.11.Z.Z.01.0.A,2026-08-21T23:54:48+00:00,13,1985-01-01,1997-01-01,A,01,
F035.PIB.FLU.R.CLP.1986.12.Z.Z.01.0.A,2026-08-21T23:54:48+00:00,13,1985-01-01,1997-01-01,A,01,
F035.PIB.FLU.R.CLP.1986.Z.Z.Z.01.0.A,2026-08-21T23:54:48+00:00,14,1985-01-01,1998-01-01,A,01,
F035.PIB.FLU.R.CLP.1996.01.Z.Z.01.0.A,2026-08-21T23:54:48+00:00,8,1996-01-01,2003-01-01,A,01,
F035.PIB.FLU.R.CLP.1996.02.04.Z.01.0.A,2026-08-21T23:54:48+00:00,8,1996-01-01,2003-01-01,A,01,
F035.PIB.FLU.R.CLP.1996.03.Z.Z.01.0.A,2026-08-21T23:54:48+00:00,8,1996-01-01,2003-01-01,A,01,
F035.PIB.FLU.R.CLP.1996.04.Z.Z.01.0.A,2026-08-21T23:54:48+00:00,8,1996-01-01,2003-01-01,A,01,
F035.PIB.FLU.R.CLP.1996.05.Z.Z.01.0.A,2026-08-21T23:54:48+00:00,8,1996-01-01,2003-01-01,A,01,
F035.PIB.FLU.R.CLP.1996.06.Z.Z.01.0.A,2026-08-21T23:54:48+00:00,8,1996-01-01,2003-01-01,A,01,
F035.PIB.FLU.R.CLP.1996.07.Z.Z.01.0.A,2026-08-21T23:54:48+00:00,8,1996-01-01,2003-01-01,A,01,
F035.PIB.FLU.R.CLP.1996.08.Z.Z.01.0.A,2026-08-21T23:54:48+00:00,8,1996-01-01,2003-01-01,A,01,
F035.PIB.FLU.R.CLP.1996.09.21.Z.01.0.A,2026-08-21T23:54:48+00:00,8,1996-01-01,2003-01-01,A,01,
F035.PIB.FLU.R.CLP.1996.10.Z.Z.01.0.A,2026-08-21T23:54:48+00:00,8,1996-01-01,2003-01-01,A,01,
F035.PIB.FLU.R.CLP.1996.11.Z.Z.01.0.A,2026-08-21T23:54:48+00:00,8,1996-01-01,2003-01-01,A,01,
F035.PIB.FLU.R.CLP.1996.12.Z.Z.01.0.A,2026-08-21T23:54:48+00:00,8,1996-01-01,2003-01-01,A,01,
F035.PIB.FLU.R.CLP.1996.Z.Z.Z.01.0.A,2026-08-21T23:54:48+00:00,9,1996-01-01,2004-01-01,A,01,
F035.PIB.FLU.R.CLP.2003.01.21.Z.01.0.A,2026-08-21T23:54:49+00:00,7,2003-01-01,2009-01-01,A,01,
F035.PIB.FLU.R.CLP.2003.02.04.Z.01.0.A,2026-08-21T23:54:49+00:00,7,2003-01-01,2009-01-01,A,01,
F035.PIB.FLU.R.CLP.2003.03.21.Z.01.0.A,2026-08-21T23:54:49+00:00,7,2003-01-01,2009-01-01,A,01,
F035.PIB.FLU.R.CLP.2003.04.21.Z.01.0.A,2026-08-21T23:54:49+00:00,7,2003-01-01,2009-01-01,A,01,
F035.PIB.FLU.R.CLP.2003.05.21.Z.01.0.A,2026-08-21T23:54:49+00:00,7,2003-01-01,2009-01-01,A,01,
F035.PIB.FLU.R.CLP.2003.06.21.Z.01.0.A,2026-08-21T23:54:49+00:00,7,2003-01-01,2009-01-01,A,01,
F035.PIB.FLU.R.CLP.2003.07.21.Z.01.0.A,2026-08-21T23:54:49+00:00,7,2003-01-01,2009-01-01,A,01,
F035.PIB.FLU.R.CLP.2003.08.Z.Z.01.0.A,2026-08-21T23:54:49+00:00,7,2003-01-01,2009-01-01,A,01,
F035.PIB.FLU.R.CLP.2003.09.21.Z.01.0.A,2026-08-21T23:54:49+00:00,7,2003-01-01,2009-01-01,A,01,
F035.PIB.FLU.R.CLP.2003.10.Z.Z.01.0.A,2026-08-21T23:54:49+00:00,7,2003-01-01,2009-01-01,A,01,
F035.PIB.FLU.R.CLP.2003.11.Z.Z.01.0.A,2026-08-21T23:54:49+00:00,7,2003-01-01,2009-01-01,A,01,
F035.PIB.FLU.R.CLP.2003.12.21.Z.01.0.A,2026-08-21T23:54:49+00:00,7,2003-01-01,2009-01-01,A,01,
F035.PIB.FLU.R.CLP.2003.Z.Z.Z.01.0.A,2026-08-21T23:54:49+00:00,8,2003-01-01,2010-01-01,A,01,
F035.PIB.FLU.R.CLP.2008.01.21.Z.01.0.A,2026-08-21T23:54:49+00:00,7,2008-01-01,2014-01-01,A,01,
F035.PIB.FLU.R.CLP.2008.02.04.Z.01.0.A,2026-08-21T23:54:49+00:00,7,2008-01-01,2014-01-01,A,01,
F035.PIB.FLU.R.CLP.2008.03.21.Z.01.0.A,2026-08-21T23:54:49+00:00,7,2008-01-01,2014-01-01,A,01,
F035.PIB.FLU.R.CLP.2008.04.21.Z.01.0.A,2026-08-21T23:54:49+00:00,7,2008-01-01,2014-01-01,A,01,
F035.PIB.FLU.R.CLP.2008.05.21.Z.01.0.A,2026-08-21T23:54:49+00:00,7,2008-01-01,2014-01-01,A,01,
F035.PIB.FLU.R.CLP.2008.06.21.Z.01.0.A,2026-08-21T23:54:49+00:00,7,2008-01-01,2014-01-01,A,01,
F035.PIB.FLU.R.CLP.2008.07.21.Z.01.0.A,2026-08-21T23:54:49+00:00,7,2008-01-01,2014-01-01,A,01,
F035.PIB.FLU.R.CLP.2008.08.Z.Z.01.0.A,2026-08-21T23:54:49+00:00,7,2008-01-01,2014-01-01,A,01,
F035.PIB.FLU.R.CLP.2008.09.21.Z.01.0.A,2026-08-21T23:54:49+00:00,7,2008-01-01,2014-01-01,A,01,
F035.PIB.FLU.R.CLP.2008.10.Z.Z.01.0.A,2026-08-21T23:54:49+00:00,7,2008-01-01,2014-01-01,A,01,
F035.PIB.FLU.R.CLP.2008.11.Z.Z.01.0.A,2026-08-21T23:54:49+00:00,7,2008-01-01,2014-01-01,A,01,
F035.PIB.FLU.R.CLP.2008.12.21.Z.01.0.A,2026-08-21T23:54:49+00:00,7,2008-01-01,2014-01-01,A,01,
F035.PIB.FLU.R.CLP.2008.Z.Z.Z.01.0.A,2026-08-21T23:54:49+00:00,8,2008-01-01,2015-01-01,A,01,
F035.PIB.FLU.R.CLP.2013.01.21.Z.01.0.A,2026-08-21T23:54:49+00:00,12,2008-01-01,2019-01-01,A,01,
F035.PIB.FLU.R.CLP.2013.02.04.Z.01.0.A,2026-08-21T23:54:49+00:00,12,2008-01-01,2019-01-01,A,01,
F035.PIB.FLU.R.CLP.2013.03.21.Z.01.0.A,2026-08-21T23:54:49+00:00,12,2008-01-01,2019-01-01,A,01,
F035.PIB.FLU.R.CLP.2013.04.21.Z.01.0.A,2026-08-21T23:54:49+00:00,12,2008-01-01,2019-01-01,A,01,
F035.PIB.FLU.R.CLP.2013.05.21.Z.01.0.A,2026-08-21T23:54:49+00:00,12,2008-01-01,2019-01-01,A,01,
F035.PIB.FLU.R.CLP.2013.06.21.Z.01.0.A,2026-08-21T23:54:49+00:00,12,2008-01-01,2019-01-01,A,01,
F035.PIB.FLU.R.CLP.2013.07.21.Z.01.0.A,2026-08-21T23:54:50+00:00,12,2008-01-01,2019-01-01,A,01,
F035.PIB.FLU.R.CLP.2013.08.Z.Z.01.0.A,2026-08-21T23:54:50+00:00,12,2008-01-01,2019-01-01,A,01,
F035.PIB.FLU.R.CLP.2013.09.21.Z.01.0.A,2026-08-21T23:54:50+00:00,12,2008-01-01,2019-01-01,A,01,
F035.PIB.FLU.R.CLP.2013.10.Z.Z.01.0.A,2026-08-21T23:54:50+00:00,12,2008-01-01,2019-01-01,A,01,
F035.PIB.FLU.R.CLP.2013.11.Z.Z.01.0.A,2026-08-21T23:54:50+00:00,12,2008-01-01,2019-01-01,A,01,
F035.PIB.FLU.R.CLP.2013.12.21.Z.01.0.A,2026-08-21T23:54:50+00:00,12,2008-01-01,2019-01-01,A,01,
F035.PIB.FLU.R.CLP.2013.Z.Z.Z.01.0.A,2026-08-21T23:54:50+00:00,13,2008-01-01,2020-01-01,A,01,
F035.PIB.FLU.R.CLP.2018.01.21.Z.01.0.A,2026-08-21T23:54:50+00:00,13,2013-01-01,2025-01-01,A,01,
F035.PIB.FLU.R.CLP.2018.02.04.Z.01.0.A,2026-08-21T23:54:50+00:00,13,2013-01-01,2025-01-01,A,01,
F035.PIB.FLU.R.CLP.2018.03.21.Z.01.0.A,2026-08-21T23:54:50+00:00,13,2013-01-01,2025-01-01,A,01,
F035.PIB.FLU.R.CLP.2018.04.21.Z.01.0.A,2026-08-21T23:54:50+00:00,13,2013-01-01,2025-01-01,A,01,
F035.PIB.FLU.R.CLP.2018.05.21.Z.01.0.A,2026-08-21T23:54:50+00:00,13,2013-01-01,2025-01-01,A,01,
F035.PIB.FLU.R.CLP.2018.06.21.Z.01.0.A,2026-08-21T23:54:50+00:00,13,2013-01-01,2025-01-01,A,01,
F035.PIB.FLU.R.CLP.2018.08.Z.Z.01.0.A,2026-08-21T23:54:50+00:00,13,2013-01-01,2025-01-01,A,01,
F035.PIB.FLU.R.CLP.2018.09.21.Z.01.0.A,2026-08-21T23:54:50+00:00,13,2013-01-01,2025-01-01,A,01,
F035.PIB.FLU.R.CLP.2018.10.Z.Z.01.0.A,2026-08-21T23:54:50+00:00,13,2013-01-01,2025-01-01,A,01,
F035.PIB.FLU.R.CLP.2018.11.Z.Z.01.0.A,2026-08-21T23:54:50+00:00,13,2013-01-01,2025-01-01,A,01,
F035.PIB.FLU.R.CLP.2018.12.Z.Z.01.0.A,2026-08-21T23:54:50+00:00,13,2013-01-01,2025-01-01,A,01,
F035.PIB.FLU.R.CLP.2018.COM.21.Z.01.0.A,2026-08-21T23:54:50+00:00,13,2013-01-01,2025-01-01,A,01,
F035.PIB.FLU.R.CLP.2018.RH.21.Z.01.0.A,2026-08-21T23:54:50+00:00,13,2013-01-01,2025-01-01,A,01,
F035.PIB.FLU.R.CLP.2018.Z.Z.Z.01.0.A,2026-08-21T23:54:50+00:00,13,2013-01-01,2025-01-01,A,01,
F035.PIB.V12.R.CLP.2008.Z.Z.Z.01.0.A,2026-08-21T23:54:50+00:00,7,2009-01-01,2015-01-01,A,01,
F035.PIB.V12.R.CLP.2013.Z.Z.Z.01.0.A,2026-08-21T23:54:50+00:00,12,2009-01-01,2020-01-01,A,01,
F035.PIB.V12.R.CLP.2018.01.21.Z.01.0.A,2026-08-21T23:54:50+00:00,13,2013-01-01,2025-01-01,A,01,
F035.PIB.V12.R.CLP.2018.02.04.Z.01.0.A,2026-08-21T23:54:50+00:00,13,2013-01-01,2025-01-01,A,01,
F035.PIB.V12.R.CLP.2018.03.21.Z.01.0.A,2026-08-21T23:54:50+00:00,13,2013-01-01,2025-01-01,A,01,
F035.PIB.V12.R.CLP.2018.04.21.Z.01.0.A,2026-08-21T23:54:50+00:00,13,2013-01-01,2025-01-01,A,01,
F035.PIB.V12.R.CLP.2018.05.21.Z.01.0.A,2026-08-21T23:54:50+00:00,13,2013-01-01,2025-01-01,A,01,
F035.PIB.V12.R.CLP.2018.06.21.Z.01.0.A,2026-08-21T23:54:50+00:00,13,2013-01-01,2025-01-01,A,01,
F035.PIB.V12.R.CLP.2018.08.Z.Z.01.0.A,2026-08-21T23:54:50+00:00,13,2013-01-01,2025-01-01,A,01,
F035.PIB.V12.R.CLP.2018.09.21.Z.01.0.A,2026-08-21T23:54:50+00:00,13,2013-01-01,2025-01-01,A,01,
F035.PIB.V12.R.CLP.2018.10.Z.Z.01.0.A,2026-08-21T23:54:50+00:00,13,2013-01-01,2025-01-01,A,01,
F035.PIB.V12.R.CLP.2018.11.Z.Z.01.0.A,2026-08-21T23:54:50+00:00,13,2013-01-01,2025-01-01,A,01,
F035.PIB.V12.R.CLP.2018.12.Z.Z.01.0.A,2026-08-21T23:54:50+00:00,13,2013-01-01,2025-01-01,A,01,
F035.PIB.V12.R.CLP.2018.COM.21.Z.01.0.A,2026-08-21T23:54:51+00:00,13,2013-01-01,2025-01-01,A,01,
F035.PIB.V12.R.CLP.2018.CONT.Z.Z.01.0.A,2026-08-21T23:54:51+00:00,12,2014-01-01,2025-01-01,A,01,
F035.PIB.V12.R.CLP.2018.RH.21.Z.01.0.A,2026-08-21T23:54:51+00:00,13,2013-01-01,2025-01-01,A,01,
F035.PIB.V12.R.CLP.2018.Z.Z.Z.01.0.A,2026-08-21T23:54:51+00:00,12,2014-01-01,2025-01-01,A,01,
F035.PPCP.FLU.R.USD.2018.Z.Z.Z.01.0.A,2026-08-21T23:54:51+00:00,12,2013-01-01,2024-01-01,A,01,
F035.XSE.FLU.N.CLP.2018.03.Z.Z.01.0.A,2026-08-21T23:54:51+00:00,13,2013-01-01,2025-01-01,A,01,
F035.XSE.FLU.N.CLP.2018.04.Z.Z.01.0.A,2026-08-21T23:54:51+00:00,13,2013-01-01,2025-01-01,A,01,
F035.XSE.FLU.N.CLP.2018.102.Z.Z.01.0.A,2026-08-21T23:54:51+00:00,13,2013-01-01,2025-01-01,A,01,
F035.XSE.FLU.N.CLP.2018.XBI.Z.Z.01.0.A,2026-08-21T23:54:51+00:00,13,2013-01-01,2025-01-01,A,01,
F035.XSE.FLU.N.CLP.2018.XBS.Z.Z.01.0.A,2026-08-21T23:54:51+00:00,13,2013-01-01,2025-01-01,A,01,
F035.XSE.FLU.N.CLP.2018.Z.Z.Z.01.0.A,2026-08-21T23:54:51+00:00,13,2013-01-01,2025-01-01,A,01,
F035.XSE.FLU.R.CLP.2018.03.Z.Z.01.0.A,2026-08-21T23:54:51+00:00,13,2013-01-01,2025-01-01,A,01,
F035.XSE.FLU.R.CLP.2018.04.Z.Z.01.0.A,2026-08-21T23:54:51+00:00,13,2013-01-01,2025-01-01,A,01,
F035.XSE.FLU.R.CLP.2018.102.Z.Z.01.0.A,2026-08-21T23:54:51+00:00,13,2013-01-01,2025-01-01,A,01,
F035.XSE.FLU.R.CLP.2018.XBI.Z.Z.01.0.A,2026-08-21T23:54:51+00:00,13,2013-01-01,2025-01-01,A,01,
F035.XSE.FLU.R.CLP.2018.XBS.Z.Z.01.0.A,2026-08-21T23:54:51+00:00,13,2013-01-01,2025-01-01,A,01,
F035.XSE.FLU.R.CLP.2018.Z.Z.Z.01.0.A,2026-08-21T23:54:51+00:00,13,2013-01-01,2025-01-01,A,01,
F035.XSE.V12.R.Z.2018.03.Z.Z.01.0.A,2026-08-21T23:54:51+00:00,12,2014-01-01,2025-01-01,A,01,
F035.XSE.V12.R.Z.2018.04.Z.Z.01.0.A,2026-08-21T23:54:51+00:00,12,2014-01-01,2025-01-01,A,01,
F035.XSE.V12.R.Z.2018.102.Z.Z.01.0.A,2026-08-21T23:54:51+00:00,12,2014-01-01,2025-01-01,A,01,
F035.XSE.V12.R.Z.2018.XBI.Z.Z.01.0.A,2026-08-21T23:54:51+00:00,12,2014-01-01,2025-01-01,A,01,
F035.XSE.V12.R.Z.2018.XBS.Z.Z.01.0.A,2026-08-21T23:54:51+00:00,12,2014-01-01,2025-01-01,A,01,
F035.XSE.V12.R.Z.2018.XBSSR.Z.Z.01.0.A,2026-08-21T23:54:51+00:00,12,2014-01-01,2025-01-01,A,01,
F035.XSE.V12.R.Z.2018.Z.Z.Z.01.0.A,2026-08-21T23:54:51+00:00,12,2014-01-01,2025-01-01,A,01,
F049.EVA.STO.INE.11.A,2026-08-21T23:54:51+00:00,25,2002-01-01,2026-01-01,A,01,
F049.EVH.STO.INE.11.A,2026-08-21T23:54:51+00:00,25,2002-01-01,2026-01-01,A,01,
F049.EVM.STO.INE.11.A,2026-08-21T23:54:51+00:00,25,2002-01-01,2026-01-01,A,01,
F049.POBTA.STO.INE.AT.A,2026-08-21T23:54:51+00:00,25,2002-01-01,2026-01-01,A,01,
F049.POBTA.STO.INE.H0014.A,2026-08-21T23:54:51+00:00,25,2002-01-01,2026-01-01,A,01,
F049.POBTA.STO.INE.H1564.A,2026-08-21T23:54:51+00:00,25,2002-01-01,2026-01-01,A,01,
F049.POBTA.STO.INE.H65YM.A,2026-08-21T23:54:52+00:00,25,2002-01-01,2026-01-01,A,01,
F049.POBTA.STO.INE.HT.A,2026-08-21T23:54:52+00:00,25,2002-01-01,2026-01-01,A,01,
F049.POBTA.STO.INE.M0014.A,2026-08-21T23:54:52+00:00,25,2002-01-01,2026-01-01,A,01,
F049.POBTA.STO.INE.M1564.A,2026-08-21T23:54:52+00:00,25,2002-01-01,2026-01-01,A,01,
F049.POBTA.STO.INE.M65YM.A,2026-08-21T23:54:52+00:00,25,2002-01-01,2026-01-01,A,01,
F049.POBTA.STO.INE.MT.A,2026-08-21T23:54:52+00:00,25,2002-01-01,2026-01-01,A,01,
F034.ICNE.POR.BCCH.Z.RII.A,2026-08-21T23:54:52+00:00,18,2006-01-01,2023-01-01,A,02,
F034.SEVC.POR.BCCH.Z.RII.A,2026-08-21T23:54:52+00:00,14,2006-01-01,2019-01-01,A,02,
F034.TEAMV.STO.BCCH.Z.RII.A,2026-08-21T23:54:52+00:00,20,2005-01-01,2024-01-01,A,02,
F034.TEMP.STO.BCCH.Z.RII.A,2026-08-21T23:54:52+00:00,20,2005-01-01,2024-01-01,A,02,
F035.CPCP.FLU.R.USD.2018.Z.Z.Z.02.0.A,2026-08-21T23:54:52+00:00,12,2013-01-01,2024-01-01,A,02,
F035.CPRIPSFL.FLU.N.CLP.2018.Z.Z.BD.02.0.A,2026-08-21T23:54:52+00:00,13,2013-01-01,2025-01-01,A,02,
F035.CPRIPSFL.FLU.N.CLP.2018.Z.Z.BND.02.0.A,2026-08-21T23:54:52+00:00,13,2013-01-01,2025-01-01,A,02,
F035.CPRIPSFL.FLU.N.CLP.2018.Z.Z.SER.02.0.A,2026-08-21T23:54:52+00:00,13,2013-01-01,2025-01-01,A,02,
F035.CPRIPSFL.FLU.N.CLP.2018.Z.Z.Z.02.0.A,2026-08-21T23:54:52+00:00,13,2013-01-01,2025-01-01,A,02,
F035.CPRIPSFL.V12.R.CLP.2018.Z.Z.BD.02.0.A,2026-08-21T23:54:52+00:00,12,2014-01-01,2025-01-01,A,02,
F035.CPRIPSFL.V12.R.CLP.2018.Z.Z.BND.02.0.A,2026-08-21T23:54:52+00:00,12,2014-01-01,2025-01-01,A,02,
F035.CPRIPSFL.V12.R.CLP.2018.Z.Z.CONT.02.0.A,2026-08-21T23:54:52+00:00,12,2014-01-01,2025-01-01,A,02,
F035.CPRIPSFL.V12.R.CLP.2018.Z.Z.SER.02.0.A,2026-08-21T23:54:52+00:00,12,2014-01-01,2025-01-01,A,02,
F035.CPRIPSFL.V12.R.CLP.2018.Z.Z.Z.02.0.A,2026-08-21T23:54:52+00:00,12,2014-01-01,2025-01-01,A,02,
F035.IMB.FLU.R.CLP.1986.13.Z.Z.02.0.A,2026-08-21T23:54:52+00:00,13,1985-01-01,1997-01-01,A,02,
F035.IMB.FLU.R.CLP.1996.13.Z.Z.02.0.A,2026-08-21T23:54:52+00:00,8,1996-01-01,2003-01-01,A,02,
F035.IMB.FLU.R.CLP.2003.13.Z.Z.02.0.A,2026-08-21T23:54:52+00:00,7,2003-01-01,2009-01-01,A,02,
F035.PIB.FLU.N.CLP.2008.01.Z.Z.02.0.A,2026-08-21T23:54:52+00:00,7,2008-01-01,2014-01-01,A,02,
F035.PIB.FLU.N.CLP.2008.02.04.Z.02.0.A,2026-08-21T23:54:52+00:00,7,2008-01-01,2014-01-01,A,02,
F035.PIB.FLU.N.CLP.2008.03.Z.Z.02.0.A,2026-08-21T23:54:52+00:00,7,2008-01-01,2014-01-01,A,02,
F035.PIB.FLU.N.CLP.2008.04.Z.Z.02.0.A,2026-08-21T23:54:52+00:00,7,2008-01-01,2014-01-01,A,02,
F035.PIB.FLU.N.CLP.2008.05.Z.Z.02.0.A,2026-08-21T23:54:52+00:00,7,2008-01-01,2014-01-01,A,02,
F035.PIB.FLU.N.CLP.2008.06.Z.Z.02.0.A,2026-08-21T23:54:52+00:00,7,2008-01-01,2014-01-01,A,02,
F035.PIB.FLU.N.CLP.2008.07.Z.Z.02.0.A,2026-08-21T23:54:52+00:00,7,2008-01-01,2014-01-01,A,02,
F035.PIB.FLU.N.CLP.2008.08.Z.Z.02.0.A,2026-08-21T23:54:52+00:00,7,2008-01-01,2014-01-01,A,02,
F035.PIB.FLU.N.CLP.2008.09.21.Z.02.0.A,2026-08-21T23:54:53+00:00,7,2008-01-01,2014-01-01,A,02,
F035.PIB.FLU.N.CLP.2008.10.Z.Z.02.0.A,2026-08-21T23:54:53+00:00,7,2008-01-01,2014-01-01,A,02,
F035.PIB.FLU.N.CLP.2008.11.Z.Z.02.0.A,2026-08-21T23:54:53+00:00,7,2008-01-01,2014-01-01,A,02,
F035.PIB.FLU.N.CLP.2008.12.Z.Z.02.0.A,2026-08-21T23:54:53+00:00,7,2008-01-01,2014-01-01,A,02,
F035.PIB.FLU.N.CLP.2008.Z.Z.Z.02.0.A,2026-08-21T23:54:53+00:00,8,2008-01-01,2015-01-01,A,02,
F035.PIB.FLU.N.CLP.2013.01.Z.Z.02.0.A,2026-08-21T23:54:53+00:00,12,2008-01-01,2019-01-01,A,02,
F035.PIB.FLU.N.CLP.2013.02.04.Z.02.0.A,2026-08-21T23:54:53+00:00,12,2008-01-01,2019-01-01,A,02,
F035.PIB.FLU.N.CLP.2013.03.Z.Z.02.0.A,2026-08-21T23:54:53+00:00,12,2008-01-01,2019-01-01,A,02,
F035.PIB.FLU.N.CLP.2013.04.Z.Z.02.0.A,2026-08-21T23:54:53+00:00,12,2008-01-01,2019-01-01,A,02,
F035.PIB.FLU.N.CLP.2013.05.Z.Z.02.0.A,2026-08-21T23:54:53+00:00,12,2008-01-01,2019-01-01,A,02,
F035.PIB.FLU.N.CLP.2013.06.Z.Z.02.0.A,2026-08-21T23:54:53+00:00,12,2008-01-01,2019-01-01,A,02,
F035.PIB.FLU.N.CLP.2013.07.Z.Z.02.0.A,2026-08-21T23:54:53+00:00,12,2008-01-01,2019-01-01,A,02,
F035.PIB.FLU.N.CLP.2013.08.Z.Z.02.0.A,2026-08-21T23:54:53+00:00,12,2008-01-01,2019-01-01,A,02,
F035.PIB.FLU.N.CLP.2013.09.21.Z.02.0.A,2026-08-21T23:54:53+00:00,12,2008-01-01,2019-01-01,A,02,
F035.PIB.FLU.N.CLP.2013.10.Z.Z.02.0.A,2026-08-21T23:54:53+00:00,12,2008-01-01,2019-01-01,A,02,
F035.PIB.FLU.N.CLP.2013.11.Z.Z.02.0.A,2026-08-21T23:54:53+00:00,12,2008-01-01,2019-01-01,A,02,
F035.PIB.FLU.N.CLP.2013.12.Z.Z.02.0.A,2026-08-21T23:54:53+00:00,12,2008-01-01,2019-01-01,A,02,
F035.PIB.FLU.N.CLP.2013.Z.Z.Z.02.0.A,2026-08-21T23:54:53+00:00,13,2008-01-01,2020-01-01,A,02,
F035.PIB.FLU.N.CLP.2018.01.Z.Z.02.0.A,2026-08-21T23:54:53+00:00,13,2013-01-01,2025-01-01,A,02,
F035.PIB.FLU.N.CLP.2018.02.04.Z.02.0.A,2026-08-21T23:54:53+00:00,13,2013-01-01,2025-01-01,A,02,
F035.PIB.FLU.N.CLP.2018.03.Z.Z.02.0.A,2026-08-21T23:54:53+00:00,13,2013-01-01,2025-01-01,A,02,
F035.PIB.FLU.N.CLP.2018.04.Z.Z.02.0.A,2026-08-21T23:54:53+00:00,13,2013-01-01,2025-01-01,A,02,
F035.PIB.FLU.N.CLP.2018.05.Z.Z.02.0.A,2026-08-21T23:54:53+00:00,13,2013-01-01,2025-01-01,A,02,
F035.PIB.FLU.N.CLP.2018.06.Z.Z.02.0.A,2026-08-21T23:54:53+00:00,13,2013-01-01,2025-01-01,A,02,
F035.PIB.FLU.N.CLP.2018.08.Z.Z.02.0.A,2026-08-21T23:54:53+00:00,13,2013-01-01,2025-01-01,A,02,
F035.PIB.FLU.N.CLP.2018.09.21.Z.02.0.A,2026-08-21T23:54:53+00:00,13,2013-01-01,2025-01-01,A,02,
F035.PIB.FLU.N.CLP.2018.10.Z.Z.02.0.A,2026-08-21T23:54:53+00:00,13,2013-01-01,2025-01-01,A,02,
F035.PIB.FLU.N.CLP.2018.11.Z.Z.02.0.A,2026-08-21T23:54:53+00:00,13,2013-01-01,2025-01-01,A,02,
F035.PIB.FLU.N.CLP.2018.12.Z.Z.02.0.A,2026-08-21T23:54:53+00:00,13,2013-01-01,2025-01-01,A,02,
F035.PIB.FLU.N.CLP.2018.COM.Z.Z.02.0.A,2026-08-21T23:54:53+00:00,13,2013-01-01,2025-01-01,A,02,
F035.PIB.FLU.N.CLP.2018.RH.Z.Z.02.0.A,2026-08-21T23:54:53+00:00,13,2013-01-01,2025-01-01,A,02,
F035.PIB.FLU.N.CLP.2018.Z.Z.Z.02.0.A,2026-08-21T23:54:53+00:00,13,2013-01-01,2025-01-01,A,02,
F035.PIB.FLU.R.CLP.1986.01.Z.Z.02.0.A,2026-08-21T23:54:53+00:00,13,1985-01-01,1997-01-01,A,02,
F035.PIB.FLU.R.CLP.1986.02.04.Z.02.0.A,2026-08-21T23:54:54+00:00,13,1985-01-01,1997-01-01,A,02,
F035.PIB.FLU.R.CLP.1986.03.Z.Z.02.0.A,2026-08-21T23:54:54+00:00,13,1985-01-01,1997-01-01,A,02,
F035.PIB.FLU.R.CLP.1986.04.Z.Z.02.0.A,2026-08-21T23:54:54+00:00,13,1985-01-01,1997-01-01,A,02,
F035.PIB.FLU.R.CLP.1986.05.Z.Z.02.0.A,2026-08-21T23:54:54+00:00,13,1985-01-01,1997-01-01,A,02,
F035.PIB.FLU.R.CLP.1986.06.Z.Z.02.0.A,2026-08-21T23:54:54+00:00,13,1985-01-01,1997-01-01,A,02,
F035.PIB.FLU.R.CLP.1986.07.Z.Z.02.0.A,2026-08-21T23:54:54+00:00,13,1985-01-01,1997-01-01,A,02,
F035.PIB.FLU.R.CLP.1986.08.Z.Z.02.0.A,2026-08-21T23:54:54+00:00,13,1985-01-01,1997-01-01,A,02,
F035.PIB.FLU.R.CLP.1986.09.21.27.02.0.A,2026-08-21T23:54:54+00:00,13,1985-01-01,1997-01-01,A,02,
F035.PIB.FLU.R.CLP.1986.10.Z.Z.02.0.A,2026-08-21T23:54:54+00:00,13,1985-01-01,1997-01-01,A,02,
F035.PIB.FLU.R.CLP.1986.11.Z.Z.02.0.A,2026-08-21T23:54:54+00:00,13,1985-01-01,1997-01-01,A,02,
F035.PIB.FLU.R.CLP.1986.12.Z.Z.02.0.A,2026-08-21T23:54:54+00:00,13,1985-01-01,1997-01-01,A,02,
F035.PIB.FLU.R.CLP.1986.Z.Z.Z.02.0.A,2026-08-21T23:54:54+00:00,14,1985-01-01,1998-01-01,A,02,
F035.PIB.FLU.R.CLP.1996.01.Z.Z.02.0.A,2026-08-21T23:54:54+00:00,8,1996-01-01,2003-01-01,A,02,
F035.PIB.FLU.R.CLP.1996.02.04.Z.02.0.A,2026-08-21T23:54:54+00:00,8,1996-01-01,2003-01-01,A,02,
F035.PIB.FLU.R.CLP.1996.03.Z.Z.02.0.A,2026-08-21T23:54:54+00:00,8,1996-01-01,2003-01-01,A,02,
F035.PIB.FLU.R.CLP.1996.04.Z.Z.02.0.A,2026-08-21T23:54:54+00:00,8,1996-01-01,2003-01-01,A,02,
F035.PIB.FLU.R.CLP.1996.05.Z.Z.02.0.A,2026-08-21T23:54:54+00:00,8,1996-01-01,2003-01-01,A,02,
F035.PIB.FLU.R.CLP.1996.06.Z.Z.02.0.A,2026-08-21T23:54:54+00:00,8,1996-01-01,2003-01-01,A,02,
F035.PIB.FLU.R.CLP.1996.07.Z.Z.02.0.A,2026-08-21T23:54:54+00:00,8,1996-01-01,2003-01-01,A,02,
F035.PIB.FLU.R.CLP.1996.08.Z.Z.02.0.A,2026-08-21T23:54:54+00:00,8,1996-01-01,2003-01-01,A,02,
F035.PIB.FLU.R.CLP.1996.09.21.Z.02.0.A,2026-08-21T23:54:54+00:00,8,1996-01-01,2003-01-01,A,02,
F035.PIB.FLU.R.CLP.1996.10.Z.Z.02.0.A,2026-08-21T23:54:54+00:00,8,1996-01-01,2003-01-01,A,02,
F035.PIB.FLU.R.CLP.1996.11.Z.Z.02.0.A,2026-08-21T23:54:54+00:00,8,1996-01-01,2003-01-01,A,02,
F035.PIB.FLU.R.CLP.1996.12.Z.Z.02.0.A,2026-08-21T23:54:54+00:00,8,1996-01-01,2003-01-01,A,02,
F035.PIB.FLU.R.CLP.1996.Z.Z.Z.02.0.A,2026-08-21T23:54:54+00:00,9,1996-01-01,2004-01-01,A,02,
F035.PIB.FLU.R.CLP.2003.01.Z.Z.02.0.A,2026-08-21T23:54:54+00:00,7,2003-01-01,2009-01-01,A,02,
F035.PIB.FLU.R.CLP.2003.02.04.Z.02.0.A,2026-08-21T23:54:54+00:00,7,2003-01-01,2009-01-01,A,02,
F035.PIB.FLU.R.CLP.2003.03.Z.Z.02.0.A,2026-08-21T23:54:54+00:00,7,2003-01-01,2009-01-01,A,02,
F035.PIB.FLU.R.CLP.2003.04.Z.Z.02.0.A,2026-08-21T23:54:54+00:00,7,2003-01-01,2009-01-01,A,02,
F035.PIB.FLU.R.CLP.2003.05.Z.Z.02.0.A,2026-08-21T23:54:54+00:00,7,2003-01-01,2009-01-01,A,02,
F035.PIB.FLU.R.CLP.2003.06.Z.Z.02.0.A,2026-08-21T23:54:54+00:00,7,2003-01-01,2009-01-01,A,02,
F035.PIB.FLU.R.CLP.2003.07.Z.Z.02.0.A,2026-08-21T23:54:54+00:00,7,2003-01-01,2009-01-01,A,02,
F035.PIB.FLU.R.CLP.2003.08.Z.Z.02.0.A,2026-08-21T23:54:54+00:00,7,2003-01-01,2009-01-01,A,02,
F035.PIB.FLU.R.CLP.2003.09.21.Z.02.0.A,2026-08-21T23:54:54+00:00,7,2003-01-01,2009-01-01,A,02,
F035.PIB.FLU.R.CLP.2003.10.Z.Z.02.0.A,2026-08-21T23:54:54+00:00,7,2003-01-01,2009-01-01,A,02,
F035.PIB.FLU.R.CLP.2003.11.Z.Z.02.0.A,2026-08-21T23:54:55+00:00,7,2003-01-01,2009-01-01,A,02,
F035.PIB.FLU.R.CLP.2003.12.Z.Z.02.0.A,2026-08-21T23:54:55+00:00,7,2003-01-01,2009-01-01,A,02,
F035.PIB.FLU.R.CLP.2003.Z.Z.Z.02.0.A,2026-08-21T23:54:55+00:00,8,2003-01-01,2010-01-01,A,02,
F035.PIB.FLU.R.CLP.2008.01.Z.Z.02.0.A,2026-08-21T23:54:55+00:00,7,2008-01-01,2014-01-01,A,02,
F035.PIB.FLU.R.CLP.2008.02.04.Z.02.0.A,2026-08-21T23:54:55+00:00,7,2008-01-01,2014-01-01,A,02,
F035.PIB.FLU.R.CLP.2008.03.Z.Z.02.0.A,2026-08-21T23:54:55+00:00,7,2008-01-01,2014-01-01,A,02,
F035.PIB.FLU.R.CLP.2008.04.Z.Z.02.0.A,2026-08-21T23:54:55+00:00,7,2008-01-01,2014-01-01,A,02,
F035.PIB.FLU.R.CLP.2008.05.Z.Z.02.0.A,2026-08-21T23:54:55+00:00,7,2008-01-01,2014-01-01,A,02,
F035.PIB.FLU.R.CLP.2008.06.Z.Z.02.0.A,2026-08-21T23:54:55+00:00,7,2008-01-01,2014-01-01,A,02,
F035.PIB.FLU.R.CLP.2008.07.Z.Z.02.0.A,2026-08-21T23:54:55+00:00,7,2008-01-01,2014-01-01,A,02,
F035.PIB.FLU.R.CLP.2008.08.Z.Z.02.0.A,2026-08-21T23:54:55+00:00,7,2008-01-01,2014-01-01,A,02,
F035.PIB.FLU.R.CLP.2008.09.21.Z.02.0.A,2026-08-21T23:54:55+00:00,7,2008-01-01,2014-01-01,A,02,
F035.PIB.FLU.R.CLP.2008.10.Z.Z.02.0.A,2026-08-21T23:54:55+00:00,7,2008-01-01,2014-01-01,A,02,
F035.PIB.FLU.R.CLP.2008.11.Z.Z.02.0.A,2026-08-21T23:54:55+00:00,7,2008-01-01,2014-01-01,A,02,
F035.PIB.FLU.R.CLP.2008.12.Z.Z.02.0.A,2026-08-21T23:54:55+00:00,7,2008-01-01,2014-01-01,A,02,
F035.PIB.FLU.R.CLP.2008.Z.Z.Z.02.0.A,2026-08-21T23:54:55+00:00,8,2008-01-01,2015-01-01,A,02,
F035.PIB.FLU.R.CLP.2013.01.Z.Z.02.0.A,2026-08-21T23:54:55+00:00,12,2008-01-01,2019-01-01,A,02,
F035.PIB.FLU.R.CLP.2013.02.04.Z.02.0.A,2026-08-21T23:54:55+00:00,12,2008-01-01,2019-01-01,A,02,
F035.PIB.FLU.R.CLP.2013.03.Z.Z.02.0.A,2026-08-21T23:54:55+00:00,12,2008-01-01,2019-01-01,A,02,
F035.PIB.FLU.R.CLP.2013.04.Z.Z.02.0.A,2026-08-21T23:54:55+00:00,12,2008-01-01,2019-01-01,A,02,
F035.PIB.FLU.R.CLP.2013.05.Z.Z.02.0.A,2026-08-21T23:54:55+00:00,12,2008-01-01,2019-01-01,A,02,
F035.PIB.FLU.R.CLP.2013.06.Z.Z.02.0.A,2026-08-21T23:54:55+00:00,12,2008-01-01,2019-01-01,A,02,
F035.PIB.FLU.R.CLP.2013.07.Z.Z.02.0.A,2026-08-21T23:54:55+00:00,12,2008-01-01,2019-01-01,A,02,
F035.PIB.FLU.R.CLP.2013.08.Z.Z.02.0.A,2026-08-21T23:54:55+00:00,12,2008-01-01,2019-01-01,A,02,
F035.PIB.FLU.R.CLP.2013.09.21.Z.02.0.A,2026-08-21T23:54:55+00:00,12,2008-01-01,2019-01-01,A,02,
F035.PIB.FLU.R.CLP.2013.10.Z.Z.02.0.A,2026-08-21T23:54:55+00:00,12,2008-01-01,2019-01-01,A,02,
F035.PIB.FLU.R.CLP.2013.11.Z.Z.02.0.A,2026-08-21T23:54:55+00:00,12,2008-01-01,2019-01-01,A,02,
F035.PIB.FLU.R.CLP.2013.12.Z.Z.02.0.A,2026-08-21T23:54:55+00:00,12,2008-01-01,2019-01-01,A,02,
F035.PIB.FLU.R.CLP.2013.Z.Z.Z.02.0.A,2026-08-21T23:54:55+00:00,13,2008-01-01,2020-01-01,A,02,
F035.PIB.FLU.R.CLP.2018.01.Z.Z.02.0.A,2026-08-21T23:54:55+00:00,13,2013-01-01,2025-01-01,A,02,
F035.PIB.FLU.R.CLP.2018.02.04.Z.02.0.A,2026-08-21T23:54:55+00:00,13,2013-01-01,2025-01-01,A,02,
F035.PIB.FLU.R.CLP.2018.03.Z.Z.02.0.A,2026-08-21T23:54:55+00:00,13,2013-01-01,2025-01-01,A,02,
F035.PIB.FLU.R.CLP.2018.04.Z.Z.02.0.A,2026-08-21T23:54:55+00:00,13,2013-01-01,2025-01-01,A,02,
F035.PIB.FLU.R.CLP.2018.05.Z.Z.02.0.A,2026-08-21T23:54:55+00:00,13,2013-01-01,2025-01-01,A,02,
F035.PIB.FLU.R.CLP.2018.06.Z.Z.02.0.A,2026-08-21T23:54:56+00:00,13,2013-01-01,2025-01-01,A,02,
F035.PIB.FLU.R.CLP.2018.08.Z.Z.02.0.A,2026-08-21T23:54:56+00:00,13,2013-01-01,2025-01-01,A,02,
F035.PIB.FLU.R.CLP.2018.09.21.Z.02.0.A,2026-08-21T23:54:56+00:00,13,2013-01-01,2025-01-01,A,02,
F035.PIB.FLU.R.CLP.2018.10.Z.Z.02.0.A,2026-08-21T23:54:56+00:00,13,2013-01-01,2025-01-01,A,02,
F035.PIB.FLU.R.CLP.2018.11.Z.Z.02.0.A,2026-08-21T23:54:56+00:00,13,2013-01-01,2025-01-01,A,02,
F035.PIB.FLU.R.CLP.2018.12.Z.Z.02.0.A,2026-08-21T23:54:56+00:00,13,2013-01-01,2025-01-01,A,02,
F035.PIB.FLU.R.CLP.2018.COM.Z.Z.02.0.A,2026-08-21T23:54:56+00:00,13,2013-01-01,2025-01-01,A,02,
F035.PIB.FLU.R.CLP.2018.RH.Z.Z.02.0.A,2026-08-21T23:54:56+00:00,13,2013-01-01,2025-01-01,A,02,
F035.PIB.FLU.R.CLP.2018.Z.Z.Z.02.0.A,2026-08-21T23:54:56+00:00,13,2013-01-01,2025-01-01,A,02,
F035.PIB.V12.R.CLP.2008.Z.Z.Z.02.0.A,2026-08-21T23:54:56+00:00,7,2009-01-01,2015-01-01,A,02,
F035.PIB.V12.R.CLP.2013.Z.Z.Z.02.0.A,2026-08-21T23:54:56+00:00,12,2009-01-01,2020-01-01,A,02,
F035.PIB.V12.R.CLP.2018.01.Z.Z.02.0.A,2026-08-21T23:54:56+00:00,12,2014-01-01,2025-01-01,A,02,
F035.PIB.V12.R.CLP.2018.02.04.Z.02.0.A,2026-08-21T23:54:56+00:00,12,2014-01-01,2025-01-01,A,02,
F035.PIB.V12.R.CLP.2018.03.Z.Z.02.0.A,2026-08-21T23:54:56+00:00,12,2014-01-01,2025-01-01,A,02,
F035.PIB.V12.R.CLP.2018.04.Z.Z.02.0.A,2026-08-21T23:54:56+00:00,12,2014-01-01,2025-01-01,A,02,
F035.PIB.V12.R.CLP.2018.05.Z.Z.02.0.A,2026-08-21T23:54:56+00:00,12,2014-01-01,2025-01-01,A,02,
F035.PIB.V12.R.CLP.2018.06.Z.Z.02.0.A,2026-08-21T23:54:56+00:00,12,2014-01-01,2025-01-01,A,02,
F035.PIB.V12.R.CLP.2018.08.Z.Z.02.0.A,2026-08-21T23:54:56+00:00,12,2014-01-01,2025-01-01,A,02,
F035.PIB.V12.R.CLP.2018.09.21.Z.02.0.A,2026-08-21T23:54:56+00:00,12,2014-01-01,2025-01-01,A,02,
F035.PIB.V12.R.CLP.2018.10.Z.Z.02.0.A,2026-08-21T23:54:56+00:00,12,2014-01-01,2025-01-01,A,02,
F035.PIB.V12.R.CLP.2018.11.Z.Z.02.0.A,2026-08-21T23:54:56+00:00,12,2014-01-01,2025-01-01,A,02,
F035.PIB.V12.R.CLP.2018.12.Z.Z.02.0.A,2026-08-21T23:54:56+00:00,12,2014-01-01,2025-01-01,A,02,
F035.PIB.V12.R.CLP.2018.COM.Z.Z.02.0.A,2026-08-21T23:54:56+00:00,12,2014-01-01,2025-01-01,A,02,
F035.PIB.V12.R.CLP.2018.CONT.Z.Z.02.0.A,2026-08-21T23:54:56+00:00,12,2014-01-01,2025-01-01,A,02,
F035.PIB.V12.R.CLP.2018.RH.Z.Z.02.0.A,2026-08-21T23:54:56+00:00,12,2014-01-01,2025-01-01,A,02,
F035.PIB.V12.R.CLP.2018.Z.Z.Z.02.0.A,2026-08-21T23:54:56+00:00,12,2014-01-01,2025-01-01,A,02,
F035.PPCP.FLU.R.USD.2018.Z.Z.Z.02.0.A,2026-08-21T23:54:56+00:00,12,2013-01-01,2024-01-01,A,02,
F035.XSE.FLU.N.CLP.2018.03.Z.Z.02.0.A,2026-08-21T23:54:56+00:00,13,2013-01-01,2025-01-01,A,02,
F035.XSE.FLU.N.CLP.2018.04.Z.Z.02.0.A,2026-08-21T23:54:56+00:00,13,2013-01-01,2025-01-01,A,02,
F035.XSE.FLU.N.CLP.2018.102.Z.Z.02.0.A,2026-08-21T23:54:56+00:00,13,2013-01-01,2025-01-01,A,02,
F035.XSE.FLU.N.CLP.2018.XBI.Z.Z.02.0.A,2026-08-21T23:54:56+00:00,13,2013-01-01,2025-01-01,A,02,
F035.XSE.FLU.N.CLP.2018.XBS.Z.Z.02.0.A,2026-08-21T23:54:56+00:00,13,2013-01-01,2025-01-01,A,02,
F035.XSE.FLU.N.CLP.2018.Z.Z.Z.02.0.A,2026-08-21T23:54:56+00:00,13,2013-01-01,2025-01-01,A,02,
F035.XSE.FLU.R.CLP.2018.03.Z.Z.02.0.A,2026-08-21T23:54:56+00:00,13,2013-01-01,2025-01-01,A,02,
F035.XSE.FLU.R.CLP.2018.04.Z.Z.02.0.A,2026-08-21T23:54:57+00:00,13,2013-01-01,2025-01-01,A,02,
F035.XSE.FLU.R.CLP.2018.102.Z.Z.02.0.A,2026-08-21T23:54:57+00:00,13,2013-01-01,2025-01-01,A,02,
F035.XSE.FLU.R.CLP.2018.XBI.Z.Z.02.0.A,2026-08-21T23:54:57+00:00,13,2013-01-01,2025-01-01,A,02,
F035.XSE.FLU.R.CLP.2018.XBS.Z.Z.02.0.A,2026-08-21T23:54:57+00:00,13,2013-01-01,2025-01-01,A,02,
F035.XSE.FLU.R.CLP.2018.Z.Z.Z.02.0.A,2026-08-21T23:54:57+00:00,13,2013-01-01,2025-01-01,A,02,
F035.XSE.V12.R.Z.2018.03.Z.Z.02.0.A,2026-08-21T23:54:57+00:00,12,2014-01-01,2025-01-01,A,02,
F035.XSE.V12.R.Z.2018.04.Z.Z.02.0.A,2026-08-21T23:54:57+00:00,12,2014-01-01,2025-01-01,A,02,
F035.XSE.V12.R.Z.2018.102.Z.Z.02.0.A,2026-08-21T23:54:57+00:00,12,2014-01-01,2025-01-01,A,02,
F035.XSE.V12.R.Z.2018.XBI.Z.Z.02.0.A,2026-08-21T23:54:57+00:00,12,2014-01-01,2025-01-01,A,02,
F035.XSE.V12.R.Z.2018.XBS.Z.Z.02.0.A,2026-08-21T23:54:57+00:00,12,2014-01-01,2025-01-01,A,02,
F035.XSE.V12.R.Z.2018.XBSSR.Z.Z.02.0.A,2026-08-21T23:54:57+00:00,12,2014-01-01,2025-01-01,A,02,
F035.XSE.V12.R.Z.2018.Z.Z.Z.02.0.A,2026-08-21T23:54:57+00:00,12,2014-01-01,2025-01-01,A,02,
F049.EVA.STO.INE.12.A,2026-08-21T23:54:57+00:00,25,2002-01-01,2026-01-01,A,02,
F049.EVH.STO.INE.12.A,2026-08-21T23:54:57+00:00,25,2002-01-01,2026-01-01,A,02,
F049.EVM.STO.INE.12.A,2026-08-21T23:54:57+00:00,25,2002-01-01,2026-01-01,A,02,
F049.POBAN.STO.INE.AT.A,2026-08-21T23:54:57+00:00,25,2002-01-01,2026-01-01,A,02,
F049.POBAN.STO.INE.H0014.A,2026-08-21T23:54:57+00:00,25,2002-01-01,2026-01-01,A,02,
F049.POBAN.STO.INE.H1564.A,2026-08-21T23:54:57+00:00,25,2002-01-01,2026-01-01,A,02,
F049.POBAN.STO.INE.H65YM.A,2026-08-21T23:54:57+00:00,25,2002-01-01,2026-01-01,A,02,
F049.POBAN.STO.INE.HT.A,2026-08-21T23:54:57+00:00,25,2002-01-01,2026-01-01,A,02,
F049.POBAN.STO.INE.M0014.A,2026-08-21T23:54:57+00:00,25,2002-01-01,2026-01-01,A,02,
F049.POBAN.STO.INE.M1564.A,2026-08-21T23:54:57+00:00,25,2002-01-01,2026-01-01,A,02,
F049.POBAN.STO.INE.M65YM.A,2026-08-21T23:54:57+00:00,25,2002-01-01,2026-01-01,A,02,
F049.POBAN.STO.INE.MT.A,2026-08-21T23:54:57+00:00,25,2002-01-01,2026-01-01,A,02,
F068.G1.STO.Z.IED.Z.Z.Z.Z.CL.IED.6.RII.A,2026-08-21T23:54:57+00:00,13,2012-01-01,2024-01-01,A,02,
F034.ICNE.POR.BCCH.Z.RIII.A,2026-08-21T23:54:57+00:00,18,2006-01-01,2023-01-01,A,03,
F034.SEVC.POR.BCCH.Z.RIII.A,2026-08-21T23:54:57+00:00,14,2006-01-01,2019-01-01,A,03,
F034.TEAMV.STO.BCCH.Z.RIII.A,2026-08-21T23:54:57+00:00,20,2005-01-01,2024-01-01,A,03,
F034.TEMP.STO.BCCH.Z.RIII.A,2026-08-21T23:54:57+00:00,20,2005-01-01,2024-01-01,A,03,
F035.CPCP.FLU.R.USD.2018.Z.Z.Z.03.0.A,2026-08-21T23:54:57+00:00,12,2013-01-01,2024-01-01,A,03,
F035.CPRIPSFL.FLU.N.CLP.2018.Z.Z.BD.03.0.A,2026-08-21T23:54:57+00:00,13,2013-01-01,2025-01-01,A,03,
F035.CPRIPSFL.FLU.N.CLP.2018.Z.Z.BND.03.0.A,2026-08-21T23:54:57+00:00,13,2013-01-01,2025-01-01,A,03,
F035.CPRIPSFL.FLU.N.CLP.2018.Z.Z.SER.03.0.A,2026-08-21T23:54:57+00:00,13,2013-01-01,2025-01-01,A,03,
F035.CPRIPSFL.FLU.N.CLP.2018.Z.Z.Z.03.0.A,2026-08-21T23:54:58+00:00,13,2013-01-01,2025-01-01,A,03,
F035.CPRIPSFL.V12.R.CLP.2018.Z.Z.BD.03.0.A,2026-08-21T23:54:58+00:00,12,2014-01-01,2025-01-01,A,03,
F035.CPRIPSFL.V12.R.CLP.2018.Z.Z.BND.03.0.A,2026-08-21T23:54:58+00:00,12,2014-01-01,2025-01-01,A,03,
F035.CPRIPSFL.V12.R.CLP.2018.Z.Z.CONT.03.0.A,2026-08-21T23:54:58+00:00,12,2014-01-01,2025-01-01,A,03,
F035.CPRIPSFL.V12.R.CLP.2018.Z.Z.SER.03.0.A,2026-08-21T23:54:58+00:00,12,2014-01-01,2025-01-01,A,03,
F035.CPRIPSFL.V12.R.CLP.2018.Z.Z.Z.03.0.A,2026-08-21T23:54:58+00:00,12,2014-01-01,2025-01-01,A,03,
F035.IMB.FLU.R.CLP.1986.13.Z.Z.03.0.A,2026-08-21T23:54:58+00:00,13,1985-01-01,1997-01-01,A,03,
F035.IMB.FLU.R.CLP.1996.13.Z.Z.03.0.A,2026-08-21T23:54:58+00:00,8,1996-01-01,2003-01-01,A,03,
F035.IMB.FLU.R.CLP.2003.13.Z.Z.03.0.A,2026-08-21T23:54:58+00:00,7,2003-01-01,2009-01-01,A,03,
F035.PIB.FLU.N.CLP.2008.01.Z.Z.03.0.A,2026-08-21T23:54:58+00:00,7,2008-01-01,2014-01-01,A,03,
F035.PIB.FLU.N.CLP.2008.02.04.Z.03.0.A,2026-08-21T23:54:58+00:00,7,2008-01-01,2014-01-01,A,03,
F035.PIB.FLU.N.CLP.2008.03.Z.Z.03.0.A,2026-08-21T23:54:58+00:00,7,2008-01-01,2014-01-01,A,03,
F035.PIB.FLU.N.CLP.2008.04.Z.Z.03.0.A,2026-08-21T23:54:58+00:00,7,2008-01-01,2014-01-01,A,03,
F035.PIB.FLU.N.CLP.2008.05.Z.Z.03.0.A,2026-08-21T23:54:58+00:00,7,2008-01-01,2014-01-01,A,03,
F035.PIB.FLU.N.CLP.2008.06.Z.Z.03.0.A,2026-08-21T23:54:58+00:00,7,2008-01-01,2014-01-01,A,03,
F035.PIB.FLU.N.CLP.2008.07.Z.Z.03.0.A,2026-08-21T23:54:58+00:00,7,2008-01-01,2014-01-01,A,03,
F035.PIB.FLU.N.CLP.2008.08.Z.Z.03.0.A,2026-08-21T23:54:58+00:00,7,2008-01-01,2014-01-01,A,03,
F035.PIB.FLU.N.CLP.2008.09.21.Z.03.0.A,2026-08-21T23:54:58+00:00,7,2008-01-01,2014-01-01,A,03,
F035.PIB.FLU.N.CLP.2008.10.Z.Z.03.0.A,2026-08-21T23:54:58+00:00,7,2008-01-01,2014-01-01,A,03,
F035.PIB.FLU.N.CLP.2008.11.Z.Z.03.0.A,2026-08-21T23:54:58+00:00,7,2008-01-01,2014-01-01,A,03,
F035.PIB.FLU.N.CLP.2008.12.Z.Z.03.0.A,2026-08-21T23:54:58+00:00,7,2008-01-01,2014-01-01,A,03,
F035.PIB.FLU.N.CLP.2008.Z.Z.Z.03.0.A,2026-08-21T23:54:58+00:00,8,2008-01-01,2015-01-01,A,03,
F035.PIB.FLU.N.CLP.2013.01.Z.Z.03.0.A,2026-08-21T23:54:58+00:00,12,2008-01-01,2019-01-01,A,03,
F035.PIB.FLU.N.CLP.2013.02.04.Z.03.0.A,2026-08-21T23:54:58+00:00,12,2008-01-01,2019-01-01,A,03,
F035.PIB.FLU.N.CLP.2013.03.Z.Z.03.0.A,2026-08-21T23:54:58+00:00,12,2008-01-01,2019-01-01,A,03,
F035.PIB.FLU.N.CLP.2013.04.Z.Z.03.0.A,2026-08-21T23:54:58+00:00,12,2008-01-01,2019-01-01,A,03,
F035.PIB.FLU.N.CLP.2013.05.Z.Z.03.0.A,2026-08-21T23:54:58+00:00,12,2008-01-01,2019-01-01,A,03,
F035.PIB.FLU.N.CLP.2013.06.Z.Z.03.0.A,2026-08-21T23:54:58+00:00,12,2008-01-01,2019-01-01,A,03,
F035.PIB.FLU.N.CLP.2013.07.Z.Z.03.0.A,2026-08-21T23:54:58+00:00,12,2008-01-01,2019-01-01,A,03,
F035.PIB.FLU.N.CLP.2013.08.Z.Z.03.0.A,2026-08-21T23:54:58+00:00,12,2008-01-01,2019-01-01,A,03,
F035.PIB.FLU.N.CLP.2013.09.21.Z.03.0.A,2026-08-21T23:54:58+00:00,12,2008-01-01,2019-01-01,A,03,
F035.PIB.FLU.N.CLP.2013.10.Z.Z.03.0.A,2026-08-21T23:54:58+00:00,12,2008-01-01,2019-01-01,A,03,
F035.PIB.FLU.N.CLP.2013.11.Z.Z.03.0.A,2026-08-21T23:54:58+00:00,12,2008-01-01,2019-01-01,A,03,
F035.PIB.FLU.N.CLP.2013.12.Z.Z.03.0.A,2026-08-21T23:54:58+00:00,12,2008-01-01,2019-01-01,A,03,
F035.PIB.FLU.N.CLP.2013.Z.Z.Z.03.0.A,2026-08-21T23:54:58+00:00,13,2008-01-01,2020-01-01,A,03,
F035.PIB.FLU.N.CLP.2018.01.Z.Z.03.0.A,2026-08-21T23:54:59+00:00,13,2013-01-01,2025-01-01,A,03,
F035.PIB.FLU.N.CLP.2018.02.04.Z.03.0.A,2026-08-21T23:54:59+00:00,13,2013-01-01,2025-01-01,A,03,
F035.PIB.FLU.N.CLP.2018.03.Z.Z.03.0.A,2026-08-21T23:54:59+00:00,13,2013-01-01,2025-01-01,A,03,
F035.PIB.FLU.N.CLP.2018.04.Z.Z.03.0.A,2026-08-21T23:54:59+00:00,13,2013-01-01,2025-01-01,A,03,
F035.PIB.FLU.N.CLP.2018.05.Z.Z.03.0.A,2026-08-21T23:54:59+00:00,13,2013-01-01,2025-01-01,A,03,
F035.PIB.FLU.N.CLP.2018.06.Z.Z.03.0.A,2026-08-21T23:54:59+00:00,13,2013-01-01,2025-01-01,A,03,
F035.PIB.FLU.N.CLP.2018.08.Z.Z.03.0.A,2026-08-21T23:54:59+00:00,13,2013-01-01,2025-01-01,A,03,
F035.PIB.FLU.N.CLP.2018.09.21.Z.03.0.A,2026-08-21T23:54:59+00:00,13,2013-01-01,2025-01-01,A,03,
F035.PIB.FLU.N.CLP.2018.10.Z.Z.03.0.A,2026-08-21T23:54:59+00:00,13,2013-01-01,2025-01-01,A,03,
F035.PIB.FLU.N.CLP.2018.11.Z.Z.03.0.A,2026-08-21T23:54:59+00:00,13,2013-01-01,2025-01-01,A,03,
F035.PIB.FLU.N.CLP.2018.12.Z.Z.03.0.A,2026-08-21T23:54:59+00:00,13,2013-01-01,2025-01-01,A,03,
F035.PIB.FLU.N.CLP.2018.COM.Z.Z.03.0.A,2026-08-21T23:54:59+00:00,13,2013-01-01,2025-01-01,A,03,
F035.PIB.FLU.N.CLP.2018.RH.Z.Z.03.0.A,2026-08-21T23:54:59+00:00,13,2013-01-01,2025-01-01,A,03,
F035.PIB.FLU.N.CLP.2018.Z.Z.Z.03.0.A,2026-08-21T23:54:59+00:00,13,2013-01-01,2025-01-01,A,03,
F035.PIB.FLU.R.CLP.1986.01.Z.Z.03.0.A,2026-08-21T23:54:59+00:00,13,1985-01-01,1997-01-01,A,03,
F035.PIB.FLU.R.CLP.1986.02.04.Z.03.0.A,2026-08-21T23:54:59+00:00,13,1985-01-01,1997-01-01,A,03,
F035.PIB.FLU.R.CLP.1986.03.Z.Z.03.0.A,2026-08-21T23:54:59+00:00,13,1985-01-01,1997-01-01,A,03,
F035.PIB.FLU.R.CLP.1986.04.Z.Z.03.0.A,2026-08-21T23:54:59+00:00,13,1985-01-01,1997-01-01,A,03,
F035.PIB.FLU.R.CLP.1986.05.Z.Z.03.0.A,2026-08-21T23:54:59+00:00,13,1985-01-01,1997-01-01,A,03,
F035.PIB.FLU.R.CLP.1986.06.Z.Z.03.0.A,2026-08-21T23:54:59+00:00,13,1985-01-01,1997-01-01,A,03,
F035.PIB.FLU.R.CLP.1986.07.Z.Z.03.0.A,2026-08-21T23:54:59+00:00,13,1985-01-01,1997-01-01,A,03,
F035.PIB.FLU.R.CLP.1986.08.Z.Z.03.0.A,2026-08-21T23:54:59+00:00,13,1985-01-01,1997-01-01,A,03,
F035.PIB.FLU.R.CLP.1986.09.21.27.03.0.A,2026-08-21T23:54:59+00:00,13,1985-01-01,1997-01-01,A,03,
F035.PIB.FLU.R.CLP.1986.10.Z.Z.03.0.A,2026-08-21T23:54:59+00:00,13,1985-01-01,1997-01-01,A,03,
F035.PIB.FLU.R.CLP.1986.11.Z.Z.03.0.A,2026-08-21T23:54:59+00:00,13,1985-01-01,1997-01-01,A,03,
F035.PIB.FLU.R.CLP.1986.12.Z.Z.03.0.A,2026-08-21T23:54:59+00:00,13,1985-01-01,1997-01-01,A,03,
F035.PIB.FLU.R.CLP.1986.Z.Z.Z.03.0.A,2026-08-21T23:54:59+00:00,14,1985-01-01,1998-01-01,A,03,
F035.PIB.FLU.R.CLP.1996.01.Z.Z.03.0.A,2026-08-21T23:54:59+00:00,8,1996-01-01,2003-01-01,A,03,
F035.PIB.FLU.R.CLP.1996.02.04.Z.03.0.A,2026-08-21T23:54:59+00:00,8,1996-01-01,2003-01-01,A,03,
F035.PIB.FLU.R.CLP.1996.03.Z.Z.03.0.A,2026-08-21T23:54:59+00:00,8,1996-01-01,2003-01-01,A,03,
F035.PIB.FLU.R.CLP.1996.04.Z.Z.03.0.A,2026-08-21T23:54:59+00:00,8,1996-01-01,2003-01-01,A,03,
F035.PIB.FLU.R.CLP.1996.05.Z.Z.03.0.A,2026-08-21T23:54:59+00:00,8,1996-01-01,2003-01-01,A,03,
F035.PIB.FLU.R.CLP.1996.06.Z.Z.03.0.A,2026-08-21T23:54:59+00:00,8,1996-01-01,2003-01-01,A,03,
F035.PIB.FLU.R.CLP.1996.07.Z.Z.03.0.A,2026-08-21T23:54:59+00:00,8,1996-01-01,2003-01-01,A,03,
F035.PIB.FLU.R.CLP.1996.08.Z.Z.03.0.A,2026-08-21T23:54:59+00:00,8,1996-01-01,2003-01-01,A,03,
F035.PIB.FLU.R.CLP.1996.09.21.Z.03.0.A,2026-08-21T23:55:00+00:00,8,1996-01-01,2003-01-01,A,03,
F035.PIB.FLU.R.CLP.1996.10.Z.Z.03.0.A,2026-08-21T23:55:00+00:00,8,1996-01-01,2003-01-01,A,03,
F035.PIB.FLU.R.CLP.1996.11.Z.Z.03.0.A,2026-08-21T23:55:00+00:00,8,1996-01-01,2003-01-01,A,03,
F035.PIB.FLU.R.CLP.1996.12.Z.Z.03.0.A,2026-08-21T23:55:00+00:00,8,1996-01-01,2003-01-01,A,03,
F035.PIB.FLU.R.CLP.1996.Z.Z.Z.03.0.A,2026-08-21T23:55:00+00:00,9,1996-01-01,2004-01-01,A,03,
F035.PIB.FLU.R.CLP.2003.01.Z.Z.03.0.A,2026-08-21T23:55:00+00:00,7,2003-01-01,2009-01-01,A,03,
F035.PIB.FLU.R.CLP.2003.02.04.Z.03.0.A,2026-08-21T23:55:00+00:00,7,2003-01-01,2009-01-01,A,03,
F035.PIB.FLU.R.CLP.2003.03.Z.Z.03.0.A,2026-08-21T23:55:00+00:00,7,2003-01-01,2009-01-01,A,03,
F035.PIB.FLU.R.CLP.2003.04.Z.Z.03.0.A,2026-08-21T23:55:00+00:00,7,2003-01-01,2009-01-01,A,03,
F035.PIB.FLU.R.CLP.2003.05.Z.Z.03.0.A,2026-08-21T23:55:00+00:00,7,2003-01-01,2009-01-01,A,03,
F035.PIB.FLU.R.CLP.2003.06.Z.Z.03.0.A,2026-08-21T23:55:00+00:00,7,2003-01-01,2009-01-01,A,03,
F035.PIB.FLU.R.CLP.2003.07.Z.Z.03.0.A,2026-08-21T23:55:00+00:00,7,2003-01-01,2009-01-01,A,03,
F035.PIB.FLU.R.CLP.2003.08.Z.Z.03.0.A,2026-08-21T23:55:00+00:00,7,2003-01-01,2009-01-01,A,03,
F035.PIB.FLU.R.CLP.2003.09.21.Z.03.0.A,2026-08-21T23:55:00+00:00,7,2003-01-01,2009-01-01,A,03,
F035.PIB.FLU.R.CLP.2003.10.Z.Z.03.0.A,2026-08-21T23:55:00+00:00,7,2003-01-01,2009-01-01,A,03,
F035.PIB.FLU.R.CLP.2003.11.Z.Z.03.0.A,2026-08-21T23:55:00+00:00,7,2003-01-01,2009-01-01,A,03,
F035.PIB.FLU.R.CLP.2003.12.Z.Z.03.0.A,2026-08-21T23:55:00+00:00,7,2003-01-01,2009-01-01,A,03,
F035.PIB.FLU.R.CLP.2003.Z.Z.Z.03.0.A,2026-08-21T23:55:00+00:00,8,2003-01-01,2010-01-01,A,03,
F035.PIB.FLU.R.CLP.2008.01.Z.Z.03.0.A,2026-08-21T23:55:00+00:00,7,2008-01-01,2014-01-01,A,03,
F035.PIB.FLU.R.CLP.2008.02.04.Z.03.0.A,2026-08-21T23:55:00+00:00,7,2008-01-01,2014-01-01,A,03,
F035.PIB.FLU.R.CLP.2008.03.Z.Z.03.0.A,2026-08-21T23:55:00+00:00,7,2008-01-01,2014-01-01,A,03,
F035.PIB.FLU.R.CLP.2008.04.Z.Z.03.0.A,2026-08-21T23:55:00+00:00,7,2008-01-01,2014-01-01,A,03,
F035.PIB.FLU.R.CLP.2008.05.Z.Z.03.0.A,2026-08-21T23:55:00+00:00,7,2008-01-01,2014-01-01,A,03,
F035.PIB.FLU.R.CLP.2008.06.Z.Z.03.0.A,2026-08-21T23:55:00+00:00,7,2008-01-01,2014-01-01,A,03,
F035.PIB.FLU.R.CLP.2008.07.Z.Z.03.0.A,2026-08-21T23:55:00+00:00,7,2008-01-01,2014-01-01,A,03,
F035.PIB.FLU.R.CLP.2008.08.Z.Z.03.0.A,2026-08-21T23:55:00+00:00,7,2008-01-01,2014-01-01,A,03,
F035.PIB.FLU.R.CLP.2008.09.21.Z.03.0.A,2026-08-21T23:55:00+00:00,7,2008-01-01,2014-01-01,A,03,
F035.PIB.FLU.R.CLP.2008.10.Z.Z.03.0.A,2026-08-21T23:55:00+00:00,7,2008-01-01,2014-01-01,A,03,
F035.PIB.FLU.R.CLP.2008.11.Z.Z.03.0.A,2026-08-21T23:55:00+00:00,7,2008-01-01,2014-01-01,A,03,
F035.PIB.FLU.R.CLP.2008.12.Z.Z.03.0.A,2026-08-21T23:55:00+00:00,7,2008-01-01,2014-01-01,A,03,
F035.PIB.FLU.R.CLP.2008.Z.Z.Z.03.0.A,2026-08-21T23:55:00+00:00,8,2008-01-01,2015-01-01,A,03,
F035.PIB.FLU.R.CLP.2013.01.Z.Z.03.0.A,2026-08-21T23:55:00+00:00,12,2008-01-01,2019-01-01,A,03,
F035.PIB.FLU.R.CLP.2013.02.04.Z.03.0.A,2026-08-21T23:55:00+00:00,12,2008-01-01,2019-01-01,A,03,
F035.PIB.FLU.R.CLP.2013.03.Z.Z.03.0.A,2026-08-21T23:55:00+00:00,12,2008-01-01,2019-01-01,A,03,
F035.PIB.FLU.R.CLP.2013.04.Z.Z.03.0.A,2026-08-21T23:55:00+00:00,12,2008-01-01,2019-01-01,A,03,
F035.PIB.FLU.R.CLP.2013.05.Z.Z.03.0.A,2026-08-21T23:55:01+00:00,12,2008-01-01,2019-01-01,A,03,
F035.PIB.FLU.R.CLP.2013.06.Z.Z.03.0.A,2026-08-21T23:55:01+00:00,12,2008-01-01,2019-01-01,A,03,
F035.PIB.FLU.R.CLP.2013.07.Z.Z.03.0.A,2026-08-21T23:55:01+00:00,12,2008-01-01,2019-01-01,A,03,
F035.PIB.FLU.R.CLP.2013.08.Z.Z.03.0.A,2026-08-21T23:55:01+00:00,12,2008-01-01,2019-01-01,A,03,
F035.PIB.FLU.R.CLP.2013.09.21.Z.03.0.A,2026-08-21T23:55:01+00:00,12,2008-01-01,2019-01-01,A,03,
F035.PIB.FLU.R.CLP.2013.10.Z.Z.03.0.A,2026-08-21T23:55:01+00:00,12,2008-01-01,2019-01-01,A,03,
F035.PIB.FLU.R.CLP.2013.11.Z.Z.03.0.A,2026-08-21T23:55:01+00:00,12,2008-01-01,2019-01-01,A,03,
F035.PIB.FLU.R.CLP.2013.12.Z.Z.03.0.A,2026-08-21T23:55:01+00:00,12,2008-01-01,2019-01-01,A,03,
F035.PIB.FLU.R.CLP.2013.Z.Z.Z.03.0.A,2026-08-21T23:55:01+00:00,13,2008-01-01,2020-01-01,A,03,
F035.PIB.FLU.R.CLP.2018.01.Z.Z.03.0.A,2026-08-21T23:55:01+00:00,13,2013-01-01,2025-01-01,A,03,
F035.PIB.FLU.R.CLP.2018.02.04.Z.03.0.A,2026-08-21T23:55:01+00:00,13,2013-01-01,2025-01-01,A,03,
F035.PIB.FLU.R.CLP.2018.03.Z.Z.03.0.A,2026-08-21T23:55:01+00:00,13,2013-01-01,2025-01-01,A,03,
F035.PIB.FLU.R.CLP.2018.04.Z.Z.03.0.A,2026-08-21T23:55:01+00:00,13,2013-01-01,2025-01-01,A,03,
F035.PIB.FLU.R.CLP.2018.05.Z.Z.03.0.A,2026-08-21T23:55:01+00:00,13,2013-01-01,2025-01-01,A,03,
F035.PIB.FLU.R.CLP.2018.06.Z.Z.03.0.A,2026-08-21T23:55:01+00:00,13,2013-01-01,2025-01-01,A,03,
F035.PIB.FLU.R.CLP.2018.08.Z.Z.03.0.A,2026-08-21T23:55:01+00:00,13,2013-01-01,2025-01-01,A,03,
F035.PIB.FLU.R.CLP.2018.09.21.Z.03.0.A,2026-08-21T23:55:01+00:00,13,2013-01-01,2025-01-01,A,03,
F035.PIB.FLU.R.CLP.2018.10.Z.Z.03.0.A,2026-08-21T23:55:01+00:00,13,2013-01-01,2025-01-01,A,03,
F035.PIB.FLU.R.CLP.2018.11.Z.Z.03.0.A,2026-08-21T23:55:01+00:00,13,2013-01-01,2025-01-01,A,03,
F035.PIB.FLU.R.CLP.2018.12.Z.Z.03.0.A,2026-08-21T23:55:01+00:00,13,2013-01-01,2025-01-01,A,03,
F035.PIB.FLU.R.CLP.2018.COM.Z.Z.03.0.A,2026-08-21T23:55:01+00:00,13,2013-01-01,2025-01-01,A,03,
F035.PIB.FLU.R.CLP.2018.RH.Z.Z.03.0.A,2026-08-21T23:55:01+00:00,13,2013-01-01,2025-01-01,A,03,
F035.PIB.FLU.R.CLP.2018.Z.Z.Z.03.0.A,2026-08-21T23:55:01+00:00,13,2013-01-01,2025-01-01,A,03,
F035.PIB.V12.R.CLP.2008.Z.Z.Z.03.0.A,2026-08-21T23:55:01+00:00,7,2009-01-01,2015-01-01,A,03,
F035.PIB.V12.R.CLP.2013.Z.Z.Z.03.0.A,2026-08-21T23:55:01+00:00,12,2009-01-01,2020-01-01,A,03,
F035.PIB.V12.R.CLP.2018.01.Z.Z.03.0.A,2026-08-21T23:55:01+00:00,12,2014-01-01,2025-01-01,A,03,
F035.PIB.V12.R.CLP.2018.02.04.Z.03.0.A,2026-08-21T23:55:01+00:00,12,2014-01-01,2025-01-01,A,03,
F035.PIB.V12.R.CLP.2018.03.Z.Z.03.0.A,2026-08-21T23:55:01+00:00,12,2014-01-01,2025-01-01,A,03,
F035.PIB.V12.R.CLP.2018.04.Z.Z.03.0.A,2026-08-21T23:55:01+00:00,12,2014-01-01,2025-01-01,A,03,
F035.PIB.V12.R.CLP.2018.05.Z.Z.03.0.A,2026-08-21T23:55:01+00:00,12,2014-01-01,2025-01-01,A,03,
F035.PIB.V12.R.CLP.2018.06.Z.Z.03.0.A,2026-08-21T23:55:01+00:00,12,2014-01-01,2025-01-01,A,03,
F035.PIB.V12.R.CLP.2018.08.Z.Z.03.0.A,2026-08-21T23:55:01+00:00,12,2014-01-01,2025-01-01,A,03,
F035.PIB.V12.R.CLP.2018.09.21.Z.03.0.A,2026-08-21T23:55:01+00:00,12,2014-01-01,2025-01-01,A,03,
F035.PIB.V12.R.CLP.2018.10.Z.Z.03.0.A,2026-08-21T23:55:01+00:00,12,2014-01-01,2025-01-01,A,03,
F035.PIB.V12.R.CLP.2018.11.Z.Z.03.0.A,2026-08-21T23:55:02+00:00,12,2014-01-01,2025-01-01,A,03,
F035.PIB.V12.R.CLP.2018.12.Z.Z.03.0.A,2026-08-21T23:55:02+00:00,12,2014-01-01,2025-01-01,A,03,
F035.PIB.V12.R.CLP.2018.COM.Z.Z.03.0.A,2026-08-21T23:55:02+00:00,12,2014-01-01,2025-01-01,A,03,
F035.PIB.V12.R.CLP.2018.CONT.Z.Z.03.0.A,2026-08-21T23:55:02+00:00,12,2014-01-01,2025-01-01,A,03,
F035.PIB.V12.R.CLP.2018.RH.Z.Z.03.0.A,2026-08-21T23:55:02+00:00,12,2014-01-01,2025-01-01,A,03,
F035.PIB.V12.R.CLP.2018.Z.Z.Z.03.0.A,2026-08-21T23:55:02+00:00,12,2014-01-01,2025-01-01,A,03,
F035.PPCP.FLU.R.USD.2018.Z.Z.Z.03.0.A,2026-08-21T23:55:02+00:00,12,2013-01-01,2024-01-01,A,03,
F035.XSE.FLU.N.CLP.2018.03.Z.Z.03.0.A,2026-08-21T23:55:02+00:00,13,2013-01-01,2025-01-01,A,03,
F035.XSE.FLU.N.CLP.2018.04.Z.Z.03.0.A,2026-08-21T23:55:02+00:00,13,2013-01-01,2025-01-01,A,03,
F035.XSE.FLU.N.CLP.2018.102.Z.Z.03.0.A,2026-08-21T23:55:02+00:00,13,2013-01-01,2025-01-01,A,03,
F035.XSE.FLU.N.CLP.2018.XBI.Z.Z.03.0.A,2026-08-21T23:55:02+00:00,13,2013-01-01,2025-01-01,A,03,
F035.XSE.FLU.N.CLP.2018.XBS.Z.Z.03.0.A,2026-08-21T23:55:02+00:00,13,2013-01-01,2025-01-01,A,03,
F035.XSE.FLU.N.CLP.2018.Z.Z.Z.03.0.A,2026-08-21T23:55:02+00:00,13,2013-01-01,2025-01-01,A,03,
F035.XSE.FLU.R.CLP.2018.03.Z.Z.03.0.A,2026-08-21T23:55:02+00:00,13,2013-01-01,2025-01-01,A,03,
F035.XSE.FLU.R.CLP.2018.04.Z.Z.03.0.A,2026-08-21T23:55:02+00:00,13,2013-01-01,2025-01-01,A,03,
F035.XSE.FLU.R.CLP.2018.102.Z.Z.03.0.A,2026-08-21T23:55:02+00:00,13,2013-01-01,2025-01-01,A,03,
F035.XSE.FLU.R.CLP.2018.XBI.Z.Z.03.0.A,2026-08-21T23:55:02+00:00,13,2013-01-01,2025-01-01,A,03,
F035.XSE.FLU.R.CLP.2018.XBS.Z.Z.03.0.A,2026-08-21T23:55:02+00:00,13,2013-01-01,2025-01-01,A,03,
F035.XSE.FLU.R.CLP.2018.Z.Z.Z.03.0.A,2026-08-21T23:55:02+00:00,13,2013-01-01,2025-01-01,A,03,
F035.XSE.V12.R.Z.2018.03.Z.Z.03.0.A,2026-08-21T23:55:02+00:00,12,2014-01-01,2025-01-01,A,03,
F035.XSE.V12.R.Z.2018.04.Z.Z.03.0.A,2026-08-21T23:55:02+00:00,12,2014-01-01,2025-01-01,A,03,
F035.XSE.V12.R.Z.2018.102.Z.Z.03.0.A,2026-08-21T23:55:02+00:00,12,2014-01-01,2025-01-01,A,03,
F035.XSE.V12.R.Z.2018.XBI.Z.Z.03.0.A,2026-08-21T23:55:02+00:00,12,2014-01-01,2025-01-01,A,03,
F035.XSE.V12.R.Z.2018.XBS.Z.Z.03.0.A,2026-08-21T23:55:02+00:00,12,2014-01-01,2025-01-01,A,03,
F035.XSE.V12.R.Z.2018.XBSSR.Z.Z.03.0.A,2026-08-21T23:55:02+00:00,12,2014-01-01,2025-01-01,A,03,
F035.XSE.V12.R.Z.2018.Z.Z.Z.03.0.A,2026-08-21T23:55:02+00:00,12,2014-01-01,2025-01-01,A,03,
F049.EVA.STO.INE.13.A,2026-08-21T23:55:02+00:00,25,2002-01-01,2026-01-01,A,03,
F049.EVH.STO.INE.13.A,2026-08-21T23:55:02+00:00,25,2002-01-01,2026-01-01,A,03,
F049.EVM.STO.INE.13.A,2026-08-21T23:55:02+00:00,25,2002-01-01,2026-01-01,A,03,
F049.POBAT.STO.INE.AT.A,2026-08-21T23:55:02+00:00,25,2002-01-01,2026-01-01,A,03,
F049.POBAT.STO.INE.H0014.A,2026-08-21T23:55:02+00:00,25,2002-01-01,2026-01-01,A,03,
F049.POBAT.STO.INE.H1564.A,2026-08-21T23:55:02+00:00,25,2002-01-01,2026-01-01,A,03,
F049.POBAT.STO.INE.H65YM.A,2026-08-21T23:55:02+00:00,25,2002-01-01,2026-01-01,A,03,
F049.POBAT.STO.INE.HT.A,2026-08-21T23:55:03+00:00,25,2002-01-01,2026-01-01,A,03,
F049.POBAT.STO.INE.M0014.A,2026-08-21T23:55:03+00:00,25,2002-01-01,2026-01-01,A,03,
F049.POBAT.STO.INE.M1564.A,2026-08-21T23:55:03+00:00,25,2002-01-01,2026-01-01,A,03,
F049.POBAT.STO.INE.M65YM.A,2026-08-21T23:55:03+00:00,25,2002-01-01,2026-01-01,A,03,
F049.POBAT.STO.INE.MT.A,2026-08-21T23:55:03+00:00,25,2002-01-01,2026-01-01,A,03,
F068.G1.STO.Z.IED.Z.Z.Z.Z.CL.IED.6.RIII.A,2026-08-21T23:55:03+00:00,13,2012-01-01,2024-01-01,A,03,
F034.ICNE.POR.BCCH.Z.RIV.A,2026-08-21T23:55:03+00:00,18,2006-01-01,2023-01-01,A,04,
F034.SEVC.POR.BCCH.Z.RIV.A,2026-08-21T23:55:03+00:00,14,2006-01-01,2019-01-01,A,04,
F034.TEAMV.STO.BCCH.Z.RIV.A,2026-08-21T23:55:03+00:00,20,2005-01-01,2024-01-01,A,04,
F034.TEMP.STO.BCCH.Z.RIV.A,2026-08-21T23:55:03+00:00,20,2005-01-01,2024-01-01,A,04,
F035.CPCP.FLU.R.USD.2018.Z.Z.Z.04.0.A,2026-08-21T23:55:03+00:00,12,2013-01-01,2024-01-01,A,04,
F035.CPRIPSFL.FLU.N.CLP.2018.Z.Z.BD.04.0.A,2026-08-21T23:55:03+00:00,13,2013-01-01,2025-01-01,A,04,
F035.CPRIPSFL.FLU.N.CLP.2018.Z.Z.BND.04.0.A,2026-08-21T23:55:03+00:00,13,2013-01-01,2025-01-01,A,04,
F035.CPRIPSFL.FLU.N.CLP.2018.Z.Z.SER.04.0.A,2026-08-21T23:55:03+00:00,13,2013-01-01,2025-01-01,A,04,
F035.CPRIPSFL.FLU.N.CLP.2018.Z.Z.Z.04.0.A,2026-08-21T23:55:03+00:00,13,2013-01-01,2025-01-01,A,04,
F035.CPRIPSFL.V12.R.CLP.2018.Z.Z.BD.04.0.A,2026-08-21T23:55:03+00:00,12,2014-01-01,2025-01-01,A,04,
F035.CPRIPSFL.V12.R.CLP.2018.Z.Z.BND.04.0.A,2026-08-21T23:55:03+00:00,12,2014-01-01,2025-01-01,A,04,
F035.CPRIPSFL.V12.R.CLP.2018.Z.Z.CONT.04.0.A,2026-08-21T23:55:03+00:00,12,2014-01-01,2025-01-01,A,04,
F035.CPRIPSFL.V12.R.CLP.2018.Z.Z.SER.04.0.A,2026-08-21T23:55:03+00:00,12,2014-01-01,2025-01-01,A,04,
F035.CPRIPSFL.V12.R.CLP.2018.Z.Z.Z.04.0.A,2026-08-21T23:55:03+00:00,12,2014-01-01,2025-01-01,A,04,
F035.IMB.FLU.R.CLP.1986.13.Z.Z.04.0.A,2026-08-21T23:55:03+00:00,13,1985-01-01,1997-01-01,A,04,
F035.IMB.FLU.R.CLP.1996.13.Z.Z.04.0.A,2026-08-21T23:55:03+00:00,8,1996-01-01,2003-01-01,A,04,
F035.IMB.FLU.R.CLP.2003.13.Z.Z.04.0.A,2026-08-21T23:55:03+00:00,7,2003-01-01,2009-01-01,A,04,
F035.PIB.FLU.N.CLP.2008.01.Z.Z.04.0.A,2026-08-21T23:55:03+00:00,7,2008-01-01,2014-01-01,A,04,
F035.PIB.FLU.N.CLP.2008.02.04.Z.04.0.A,2026-08-21T23:55:03+00:00,7,2008-01-01,2014-01-01,A,04,
F035.PIB.FLU.N.CLP.2008.03.Z.Z.04.0.A,2026-08-21T23:55:03+00:00,7,2008-01-01,2014-01-01,A,04,
F035.PIB.FLU.N.CLP.2008.04.Z.Z.04.0.A,2026-08-21T23:55:03+00:00,7,2008-01-01,2014-01-01,A,04,
F035.PIB.FLU.N.CLP.2008.05.Z.Z.04.0.A,2026-08-21T23:55:03+00:00,7,2008-01-01,2014-01-01,A,04,
F035.PIB.FLU.N.CLP.2008.06.Z.Z.04.0.A,2026-08-21T23:55:03+00:00,7,2008-01-01,2014-01-01,A,04,
F035.PIB.FLU.N.CLP.2008.07.Z.Z.04.0.A,2026-08-21T23:55:03+00:00,7,2008-01-01,2014-01-01,A,04,
F035.PIB.FLU.N.CLP.2008.08.Z.Z.04.0.A,2026-08-21T23:55:03+00:00,7,2008-01-01,2014-01-01,A,04,
F035.PIB.FLU.N.CLP.2008.09.21.Z.04.0.A,2026-08-21T23:55:03+00:00,7,2008-01-01,2014-01-01,A,04,
F035.PIB.FLU.N.CLP.2008.10.Z.Z.04.0.A,2026-08-21T23:55:03+00:00,7,2008-01-01,2014-01-01,A,04,
F035.PIB.FLU.N.CLP.2008.11.Z.Z.04.0.A,2026-08-21T23:55:03+00:00,7,2008-01-01,2014-01-01,A,04,
F035.PIB.FLU.N.CLP.2008.12.Z.Z.04.0.A,2026-08-21T23:55:04+00:00,7,2008-01-01,2014-01-01,A,04,
F035.PIB.FLU.N.CLP.2008.Z.Z.Z.04.0.A,2026-08-21T23:55:04+00:00,8,2008-01-01,2015-01-01,A,04,
F035.PIB.FLU.N.CLP.2013.01.Z.Z.04.0.A,2026-08-21T23:55:04+00:00,12,2008-01-01,2019-01-01,A,04,
F035.PIB.FLU.N.CLP.2013.02.04.Z.04.0.A,2026-08-21T23:55:04+00:00,12,2008-01-01,2019-01-01,A,04,
F035.PIB.FLU.N.CLP.2013.03.Z.Z.04.0.A,2026-08-21T23:55:04+00:00,12,2008-01-01,2019-01-01,A,04,
F035.PIB.FLU.N.CLP.2013.04.Z.Z.04.0.A,2026-08-21T23:55:04+00:00,12,2008-01-01,2019-01-01,A,04,
F035.PIB.FLU.N.CLP.2013.05.Z.Z.04.0.A,2026-08-21T23:55:04+00:00,12,2008-01-01,2019-01-01,A,04,
F035.PIB.FLU.N.CLP.2013.06.Z.Z.04.0.A,2026-08-21T23:55:04+00:00,12,2008-01-01,2019-01-01,A,04,
F035.PIB.FLU.N.CLP.2013.07.Z.Z.04.0.A,2026-08-21T23:55:04+00:00,12,2008-01-01,2019-01-01,A,04,
F035.PIB.FLU.N.CLP.2013.08.Z.Z.04.0.A,2026-08-21T23:55:04+00:00,12,2008-01-01,2019-01-01,A,04,
F035.PIB.FLU.N.CLP.2013.09.21.Z.04.0.A,2026-08-21T23:55:04+00:00,12,2008-01-01,2019-01-01,A,04,
F035.PIB.FLU.N.CLP.2013.10.Z.Z.04.0.A,2026-08-21T23:55:04+00:00,12,2008-01-01,2019-01-01,A,04,
F035.PIB.FLU.N.CLP.2013.11.Z.Z.04.0.A,2026-08-21T23:55:04+00:00,12,2008-01-01,2019-01-01,A,04,
F035.PIB.FLU.N.CLP.2013.12.Z.Z.04.0.A,2026-08-21T23:55:04+00:00,12,2008-01-01,2019-01-01,A,04,
F035.PIB.FLU.N.CLP.2013.Z.Z.Z.04.0.A,2026-08-21T23:55:04+00:00,13,2008-01-01,2020-01-01,A,04,
F035.PIB.FLU.N.CLP.2018.01.Z.Z.04.0.A,2026-08-21T23:55:04+00:00,13,2013-01-01,2025-01-01,A,04,
F035.PIB.FLU.N.CLP.2018.02.04.Z.04.0.A,2026-08-21T23:55:04+00:00,13,2013-01-01,2025-01-01,A,04,
F035.PIB.FLU.N.CLP.2018.03.Z.Z.04.0.A,2026-08-21T23:55:04+00:00,13,2013-01-01,2025-01-01,A,04,
F035.PIB.FLU.N.CLP.2018.04.Z.Z.04.0.A,2026-08-21T23:55:04+00:00,13,2013-01-01,2025-01-01,A,04,
F035.PIB.FLU.N.CLP.2018.05.Z.Z.04.0.A,2026-08-21T23:55:04+00:00,13,2013-01-01,2025-01-01,A,04,
F035.PIB.FLU.N.CLP.2018.06.Z.Z.04.0.A,2026-08-21T23:55:04+00:00,13,2013-01-01,2025-01-01,A,04,
F035.PIB.FLU.N.CLP.2018.08.Z.Z.04.0.A,2026-08-21T23:55:04+00:00,13,2013-01-01,2025-01-01,A,04,
F035.PIB.FLU.N.CLP.2018.09.21.Z.04.0.A,2026-08-21T23:55:04+00:00,13,2013-01-01,2025-01-01,A,04,
F035.PIB.FLU.N.CLP.2018.10.Z.Z.04.0.A,2026-08-21T23:55:04+00:00,13,2013-01-01,2025-01-01,A,04,
F035.PIB.FLU.N.CLP.2018.11.Z.Z.04.0.A,2026-08-21T23:55:04+00:00,13,2013-01-01,2025-01-01,A,04,
F035.PIB.FLU.N.CLP.2018.12.Z.Z.04.0.A,2026-08-21T23:55:04+00:00,13,2013-01-01,2025-01-01,A,04,
F035.PIB.FLU.N.CLP.2018.COM.Z.Z.04.0.A,2026-08-21T23:55:04+00:00,13,2013-01-01,2025-01-01,A,04,
F035.PIB.FLU.N.CLP.2018.RH.Z.Z.04.0.A,2026-08-21T23:55:04+00:00,13,2013-01-01,2025-01-01,A,04,
F035.PIB.FLU.N.CLP.2018.Z.Z.Z.04.0.A,2026-08-21T23:55:04+00:00,13,2013-01-01,2025-01-01,A,04,
F035.PIB.FLU.R.CLP.1986.01.Z.Z.04.0.A,2026-08-21T23:55:04+00:00,13,1985-01-01,1997-01-01,A,04,
F035.PIB.FLU.R.CLP.1986.02.04.Z.04.0.A,2026-08-21T23:55:04+00:00,13,1985-01-01,1997-01-01,A,04,
F035.PIB.FLU.R.CLP.1986.03.Z.Z.04.0.A,2026-08-21T23:55:05+00:00,13,1985-01-01,1997-01-01,A,04,
F035.PIB.FLU.R.CLP.1986.04.Z.Z.04.0.A,2026-08-21T23:55:05+00:00,13,1985-01-01,1997-01-01,A,04,
F035.PIB.FLU.R.CLP.1986.05.Z.Z.04.0.A,2026-08-21T23:55:05+00:00,13,1985-01-01,1997-01-01,A,04,
F035.PIB.FLU.R.CLP.1986.06.Z.Z.04.0.A,2026-08-21T23:55:05+00:00,13,1985-01-01,1997-01-01,A,04,
F035.PIB.FLU.R.CLP.1986.07.Z.Z.04.0.A,2026-08-21T23:55:05+00:00,13,1985-01-01,1997-01-01,A,04,
F035.PIB.FLU.R.CLP.1986.08.Z.Z.04.0.A,2026-08-21T23:55:05+00:00,13,1985-01-01,1997-01-01,A,04,
F035.PIB.FLU.R.CLP.1986.09.21.27.04.0.A,2026-08-21T23:55:05+00:00,13,1985-01-01,1997-01-01,A,04,
F035.PIB.FLU.R.CLP.1986.10.Z.Z.04.0.A,2026-08-21T23:55:05+00:00,13,1985-01-01,1997-01-01,A,04,
F035.PIB.FLU.R.CLP.1986.11.Z.Z.04.0.A,2026-08-21T23:55:05+00:00,13,1985-01-01,1997-01-01,A,04,
F035.PIB.FLU.R.CLP.1986.12.Z.Z.04.0.A,2026-08-21T23:55:05+00:00,13,1985-01-01,1997-01-01,A,04,
F035.PIB.FLU.R.CLP.1986.Z.Z.Z.04.0.A,2026-08-21T23:55:05+00:00,14,1985-01-01,1998-01-01,A,04,
F035.PIB.FLU.R.CLP.1996.01.Z.Z.04.0.A,2026-08-21T23:55:05+00:00,8,1996-01-01,2003-01-01,A,04,
F035.PIB.FLU.R.CLP.1996.02.04.Z.04.0.A,2026-08-21T23:55:05+00:00,8,1996-01-01,2003-01-01,A,04,
F035.PIB.FLU.R.CLP.1996.03.Z.Z.04.0.A,2026-08-21T23:55:05+00:00,8,1996-01-01,2003-01-01,A,04,
F035.PIB.FLU.R.CLP.1996.04.Z.Z.04.0.A,2026-08-21T23:55:05+00:00,8,1996-01-01,2003-01-01,A,04,
F035.PIB.FLU.R.CLP.1996.05.Z.Z.04.0.A,2026-08-21T23:55:05+00:00,8,1996-01-01,2003-01-01,A,04,
F035.PIB.FLU.R.CLP.1996.06.Z.Z.04.0.A,2026-08-21T23:55:05+00:00,8,1996-01-01,2003-01-01,A,04,
F035.PIB.FLU.R.CLP.1996.07.Z.Z.04.0.A,2026-08-21T23:55:05+00:00,8,1996-01-01,2003-01-01,A,04,
F035.PIB.FLU.R.CLP.1996.08.Z.Z.04.0.A,2026-08-21T23:55:05+00:00,8,1996-01-01,2003-01-01,A,04,
F035.PIB.FLU.R.CLP.1996.09.21.Z.04.0.A,2026-08-21T23:55:05+00:00,8,1996-01-01,2003-01-01,A,04,
F035.PIB.FLU.R.CLP.1996.10.Z.Z.04.0.A,2026-08-21T23:55:05+00:00,8,1996-01-01,2003-01-01,A,04,
F035.PIB.FLU.R.CLP.1996.11.Z.Z.04.0.A,2026-08-21T23:55:05+00:00,8,1996-01-01,2003-01-01,A,04,
F035.PIB.FLU.R.CLP.1996.12.Z.Z.04.0.A,2026-08-21T23:55:05+00:00,8,1996-01-01,2003-01-01,A,04,
F035.PIB.FLU.R.CLP.1996.Z.Z.Z.04.0.A,2026-08-21T23:55:05+00:00,9,1996-01-01,2004-01-01,A,04,
F035.PIB.FLU.R.CLP.2003.01.Z.Z.04.0.A,2026-08-21T23:55:05+00:00,7,2003-01-01,2009-01-01,A,04,
F035.PIB.FLU.R.CLP.2003.02.04.Z.04.0.A,2026-08-21T23:55:05+00:00,7,2003-01-01,2009-01-01,A,04,
F035.PIB.FLU.R.CLP.2003.03.Z.Z.04.0.A,2026-08-21T23:55:05+00:00,7,2003-01-01,2009-01-01,A,04,
F035.PIB.FLU.R.CLP.2003.04.Z.Z.04.0.A,2026-08-21T23:55:05+00:00,7,2003-01-01,2009-01-01,A,04,
F035.PIB.FLU.R.CLP.2003.05.Z.Z.04.0.A,2026-08-21T23:55:05+00:00,7,2003-01-01,2009-01-01,A,04,
F035.PIB.FLU.R.CLP.2003.06.Z.Z.04.0.A,2026-08-21T23:55:05+00:00,7,2003-01-01,2009-01-01,A,04,
F035.PIB.FLU.R.CLP.2003.07.Z.Z.04.0.A,2026-08-21T23:55:06+00:00,7,2003-01-01,2009-01-01,A,04,
F035.PIB.FLU.R.CLP.2003.08.Z.Z.04.0.A,2026-08-21T23:55:06+00:00,7,2003-01-01,2009-01-01,A,04,
F035.PIB.FLU.R.CLP.2003.09.21.Z.04.0.A,2026-08-21T23:55:06+00:00,7,2003-01-01,2009-01-01,A,04,
F035.PIB.FLU.R.CLP.2003.10.Z.Z.04.0.A,2026-08-21T23:55:06+00:00,7,2003-01-01,2009-01-01,A,04,
F035.PIB.FLU.R.CLP.2003.11.Z.Z.04.0.A,2026-08-21T23:55:06+00:00,7,2003-01-01,2009-01-01,A,04,
F035.PIB.FLU.R.CLP.2003.12.Z.Z.04.0.A,2026-08-21T23:55:06+00:00,7,2003-01-01,2009-01-01,A,04,
F035.PIB.FLU.R.CLP.2003.Z.Z.Z.04.0.A,2026-08-21T23:55:06+00:00,8,2003-01-01,2010-01-01,A,04,
F035.PIB.FLU.R.CLP.2008.01.Z.Z.04.0.A,2026-08-21T23:55:06+00:00,7,2008-01-01,2014-01-01,A,04,
F035.PIB.FLU.R.CLP.2008.02.04.Z.04.0.A,2026-08-21T23:55:06+00:00,7,2008-01-01,2014-01-01,A,04,
F035.PIB.FLU.R.CLP.2008.03.Z.Z.04.0.A,2026-08-21T23:55:06+00:00,7,2008-01-01,2014-01-01,A,04,
F035.PIB.FLU.R.CLP.2008.04.Z.Z.04.0.A,2026-08-21T23:55:06+00:00,7,2008-01-01,2014-01-01,A,04,
F035.PIB.FLU.R.CLP.2008.05.Z.Z.04.0.A,2026-08-21T23:55:06+00:00,7,2008-01-01,2014-01-01,A,04,
F035.PIB.FLU.R.CLP.2008.06.Z.Z.04.0.A,2026-08-21T23:55:06+00:00,7,2008-01-01,2014-01-01,A,04,
F035.PIB.FLU.R.CLP.2008.07.Z.Z.04.0.A,2026-08-21T23:55:06+00:00,7,2008-01-01,2014-01-01,A,04,
F035.PIB.FLU.R.CLP.2008.08.Z.Z.04.0.A,2026-08-21T23:55:06+00:00,7,2008-01-01,2014-01-01,A,04,
F035.PIB.FLU.R.CLP.2008.09.21.Z.04.0.A,2026-08-21T23:55:06+00:00,7,2008-01-01,2014-01-01,A,04,
F035.PIB.FLU.R.CLP.2008.10.Z.Z.04.0.A,2026-08-21T23:55:06+00:00,7,2008-01-01,2014-01-01,A,04,
F035.PIB.FLU.R.CLP.2008.11.Z.Z.04.0.A,2026-08-21T23:55:06+00:00,7,2008-01-01,2014-01-01,A,04,
F035.PIB.FLU.R.CLP.2008.12.Z.Z.04.0.A,2026-08-21T23:55:06+00:00,7,2008-01-01,2014-01-01,A,04,
F035.PIB.FLU.R.CLP.2008.Z.Z.Z.04.0.A,2026-08-21T23:55:06+00:00,8,2008-01-01,2015-01-01,A,04,
F035.PIB.FLU.R.CLP.2013.01.Z.Z.04.0.A,2026-08-21T23:55:06+00:00,12,2008-01-01,2019-01-01,A,04,
F035.PIB.FLU.R.CLP.2013.02.04.Z.04.0.A,2026-08-21T23:55:06+00:00,12,2008-01-01,2019-01-01,A,04,
F035.PIB.FLU.R.CLP.2013.03.Z.Z.04.0.A,2026-08-21T23:55:06+00:00,12,2008-01-01,2019-01-01,A,04,
F035.PIB.FLU.R.CLP.2013.04.Z.Z.04.0.A,2026-08-21T23:55:06+00:00,12,2008-01-01,2019-01-01,A,04,
F035.PIB.FLU.R.CLP.2013.05.Z.Z.04.0.A,2026-08-21T23:55:06+00:00,12,2008-01-01,2019-01-01,A,04,
F035.PIB.FLU.R.CLP.2013.06.Z.Z.04.0.A,2026-08-21T23:55:06+00:00,12,2008-01-01,2019-01-01,A,04,
F035.PIB.FLU.R.CLP.2013.07.Z.Z.04.0.A,2026-08-21T23:55:06+00:00,12,2008-01-01,2019-01-01,A,04,
F035.PIB.FLU.R.CLP.2013.08.Z.Z.04.0.A,2026-08-21T23:55:06+00:00,12,2008-01-01,2019-01-01,A,04,
F035.PIB.FLU.R.CLP.2013.09.21.Z.04.0.A,2026-08-21T23:55:06+00:00,12,2008-01-01,2019-01-01,A,04,
F035.PIB.FLU.R.CLP.2013.10.Z.Z.04.0.A,2026-08-21T23:55:06+00:00,12,2008-01-01,2019-01-01,A,04,
F035.PIB.FLU.R.CLP.2013.11.Z.Z.04.0.A,2026-08-21T23:55:06+00:00,12,2008-01-01,2019-01-01,A,04,
F035.PIB.FLU.R.CLP.2013.12.Z.Z.04.0.A,2026-08-21T23:55:06+00:00,12,2008-01-01,2019-01-01,A,04,
F035.PIB.FLU.R.CLP.2013.Z.Z.Z.04.0.A,2026-08-21T23:55:06+00:00,13,2008-01-01,2020-01-01,A,04,
F035.PIB.FLU.R.CLP.2018.01.Z.Z.04.0.A,2026-08-21T23:55:06+00:00,13,2013-01-01,2025-01-01,A,04,
F035.PIB.FLU.R.CLP.2018.02.04.Z.04.0.A,2026-08-21T23:55:07+00:00,13,2013-01-01,2025-01-01,A,04,
F035.PIB.FLU.R.CLP.2018.03.Z.Z.04.0.A,2026-08-21T23:55:07+00:00,13,2013-01-01,2025-01-01,A,04,
F035.PIB.FLU.R.CLP.2018.04.Z.Z.04.0.A,2026-08-21T23:55:07+00:00,13,2013-01-01,2025-01-01,A,04,
F035.PIB.FLU.R.CLP.2018.05.Z.Z.04.0.A,2026-08-21T23:55:07+00:00,13,2013-01-01,2025-01-01,A,04,
F035.PIB.FLU.R.CLP.2018.06.Z.Z.04.0.A,2026-08-21T23:55:07+00:00,13,2013-01-01,2025-01-01,A,04,
F035.PIB.FLU.R.CLP.2018.08.Z.Z.04.0.A,2026-08-21T23:55:07+00:00,13,2013-01-01,2025-01-01,A,04,
F035.PIB.FLU.R.CLP.2018.09.21.Z.04.0.A,2026-08-21T23:55:07+00:00,13,2013-01-01,2025-01-01,A,04,
F035.PIB.FLU.R.CLP.2018.10.Z.Z.04.0.A,2026-08-21T23:55:07+00:00,13,2013-01-01,2025-01-01,A,04,
F035.PIB.FLU.R.CLP.2018.11.Z.Z.04.0.A,2026-08-21T23:55:07+00:00,13,2013-01-01,2025-01-01,A,04,
F035.PIB.FLU.R.CLP.2018.12.Z.Z.04.0.A,2026-08-21T23:55:07+00:00,13,2013-01-01,2025-01-01,A,04,
F035.PIB.FLU.R.CLP.2018.COM.Z.Z.04.0.A,2026-08-21T23:55:07+00:00,13,2013-01-01,2025-01-01,A,04,
F035.PIB.FLU.R.CLP.2018.RH.Z.Z.04.0.A,2026-08-21T23:55:07+00:00,13,2013-01-01,2025-01-01,A,04,
F035.PIB.FLU.R.CLP.2018.Z.Z.Z.04.0.A,2026-08-21T23:55:07+00:00,13,2013-01-01,2025-01-01,A,04,
F035.PIB.V12.R.CLP.2008.Z.Z.Z.04.0.A,2026-08-21T23:55:07+00:00,7,2009-01-01,2015-01-01,A,04,
F035.PIB.V12.R.CLP.2013.Z.Z.Z.04.0.A,2026-08-21T23:55:07+00:00,12,2009-01-01,2020-01-01,A,04,
F035.PIB.V12.R.CLP.2018.01.Z.Z.04.0.A,2026-08-21T23:55:07+00:00,12,2014-01-01,2025-01-01,A,04,
F035.PIB.V12.R.CLP.2018.02.04.Z.04.0.A,2026-08-21T23:55:07+00:00,12,2014-01-01,2025-01-01,A,04,
F035.PIB.V12.R.CLP.2018.03.Z.Z.04.0.A,2026-08-21T23:55:07+00:00,12,2014-01-01,2025-01-01,A,04,
F035.PIB.V12.R.CLP.2018.04.Z.Z.04.0.A,2026-08-21T23:55:07+00:00,12,2014-01-01,2025-01-01,A,04,
F035.PIB.V12.R.CLP.2018.05.Z.Z.04.0.A,2026-08-21T23:55:07+00:00,12,2014-01-01,2025-01-01,A,04,
F035.PIB.V12.R.CLP.2018.06.Z.Z.04.0.A,2026-08-21T23:55:07+00:00,12,2014-01-01,2025-01-01,A,04,
F035.PIB.V12.R.CLP.2018.08.Z.Z.04.0.A,2026-08-21T23:55:07+00:00,12,2014-01-01,2025-01-01,A,04,
F035.PIB.V12.R.CLP.2018.09.21.Z.04.0.A,2026-08-21T23:55:07+00:00,12,2014-01-01,2025-01-01,A,04,
F035.PIB.V12.R.CLP.2018.10.Z.Z.04.0.A,2026-08-21T23:55:07+00:00,12,2014-01-01,2025-01-01,A,04,
F035.PIB.V12.R.CLP.2018.11.Z.Z.04.0.A,2026-08-21T23:55:07+00:00,12,2014-01-01,2025-01-01,A,04,
F035.PIB.V12.R.CLP.2018.12.Z.Z.04.0.A,2026-08-21T23:55:07+00:00,12,2014-01-01,2025-01-01,A,04,
F035.PIB.V12.R.CLP.2018.COM.Z.Z.04.0.A,2026-08-21T23:55:07+00:00,12,2014-01-01,2025-01-01,A,04,
F035.PIB.V12.R.CLP.2018.CONT.Z.Z.04.0.A,2026-08-21T23:55:07+00:00,12,2014-01-01,2025-01-01,A,04,
F035.PIB.V12.R.CLP.2018.RH.Z.Z.04.0.A,2026-08-21T23:55:07+00:00,12,2014-01-01,2025-01-01,A,04,
F035.PIB.V12.R.CLP.2018.Z.Z.Z.04.0.A,2026-08-21T23:55:07+00:00,12,2014-01-01,2025-01-01,A,04,
F035.PPCP.FLU.R.USD.2018.Z.Z.Z.04.0.A,2026-08-21T23:55:07+00:00,12,2013-01-01,2024-01-01,A,04,
F035.XSE.FLU.N.CLP.2018.03.Z.Z.04.0.A,2026-08-21T23:55:07+00:00,13,2013-01-01,2025-01-01,A,04,
F035.XSE.FLU.N.CLP.2018.04.Z.Z.04.0.A,2026-08-21T23:55:07+00:00,13,2013-01-01,2025-01-01,A,04,
F035.XSE.FLU.N.CLP.2018.102.Z.Z.04.0.A,2026-08-21T23:55:07+00:00,13,2013-01-01,2025-01-01,A,04,
F035.XSE.FLU.N.CLP.2018.XBI.Z.Z.04.0.A,2026-08-21T23:55:07+00:00,13,2013-01-01,2025-01-01,A,04,
F035.XSE.FLU.N.CLP.2018.XBS.Z.Z.04.0.A,2026-08-21T23:55:08+00:00,13,2013-01-01,2025-01-01,A,04,
F035.XSE.FLU.N.CLP.2018.Z.Z.Z.04.0.A,2026-08-21T23:55:08+00:00,13,2013-01-01,2025-01-01,A,04,
F035.XSE.FLU.R.CLP.2018.03.Z.Z.04.0.A,2026-08-21T23:55:08+00:00,13,2013-01-01,2025-01-01,A,04,
F035.XSE.FLU.R.CLP.2018.04.Z.Z.04.0.A,2026-08-21T23:55:08+00:00,13,2013-01-01,2025-01-01,A,04,
F035.XSE.FLU.R.CLP.2018.102.Z.Z.04.0.A,2026-08-21T23:55:08+00:00,13,2013-01-01,2025-01-01,A,04,
F035.XSE.FLU.R.CLP.2018.XBI.Z.Z.04.0.A,2026-08-21T23:55:08+00:00,13,2013-01-01,2025-01-01,A,04,
F035.XSE.FLU.R.CLP.2018.XBS.Z.Z.04.0.A,2026-08-21T23:55:08+00:00,13,2013-01-01,2025-01-01,A,04,
F035.XSE.FLU.R.CLP.2018.Z.Z.Z.04.0.A,2026-08-21T23:55:08+00:00,13,2013-01-01,2025-01-01,A,04,
F035.XSE.V12.R.Z.2018.03.Z.Z.04.0.A,2026-08-21T23:55:08+00:00,12,2014-01-01,2025-01-01,A,04,
F035.XSE.V12.R.Z.2018.04.Z.Z.04.0.A,2026-08-21T23:55:08+00:00,12,2014-01-01,2025-01-01,A,04,
F035.XSE.V12.R.Z.2018.102.Z.Z.04.0.A,2026-08-21T23:55:08+00:00,12,2014-01-01,2025-01-01,A,04,
F035.XSE.V12.R.Z.2018.XBI.Z.Z.04.0.A,2026-08-21T23:55:08+00:00,12,2014-01-01,2025-01-01,A,04,
F035.XSE.V12.R.Z.2018.XBS.Z.Z.04.0.A,2026-08-21T23:55:08+00:00,12,2014-01-01,2025-01-01,A,04,
F035.XSE.V12.R.Z.2018.XBSSR.Z.Z.04.0.A,2026-08-21T23:55:08+00:00,12,2014-01-01,2025-01-01,A,04,
F035.XSE.V12.R.Z.2018.Z.Z.Z.04.0.A,2026-08-21T23:55:08+00:00,12,2014-01-01,2025-01-01,A,04,
F049.EVA.STO.INE.14.A,2026-08-21T23:55:08+00:00,25,2002-01-01,2026-01-01,A,04,
F049.EVH.STO.INE.14.A,2026-08-21T23:55:08+00:00,25,2002-01-01,2026-01-01,A,04,
F049.EVM.STO.INE.14.A,2026-08-21T23:55:08+00:00,25,2002-01-01,2026-01-01,A,04,
F049.POBCO.STO.INE.AT.A,2026-08-21T23:55:08+00:00,25,2002-01-01,2026-01-01,A,04,
F049.POBCO.STO.INE.H0014.A,2026-08-21T23:55:08+00:00,25,2002-01-01,2026-01-01,A,04,
F049.POBCO.STO.INE.H1564.A,2026-08-21T23:55:08+00:00,25,2002-01-01,2026-01-01,A,04,
F049.POBCO.STO.INE.H65YM.A,2026-08-21T23:55:08+00:00,25,2002-01-01,2026-01-01,A,04,
F049.POBCO.STO.INE.HT.A,2026-08-21T23:55:08+00:00,25,2002-01-01,2026-01-01,A,04,
F049.POBCO.STO.INE.M0014.A,2026-08-21T23:55:08+00:00,25,2002-01-01,2026-01-01,A,04,
F049.POBCO.STO.INE.M1564.A,2026-08-21T23:55:08+00:00,25,2002-01-01,2026-01-01,A,04,
F049.POBCO.STO.INE.M65YM.A,2026-08-21T23:55:08+00:00,25,2002-01-01,2026-01-01,A,04,
F049.POBCO.STO.INE.MT.A,2026-08-21T23:55:08+00:00,25,2002-01-01,2026-01-01,A,04,
F068.G1.STO.Z.IED.Z.Z.Z.Z.CL.IED.6.RIV.A,2026-08-21T23:55:08+00:00,13,2012-01-01,2024-01-01,A,04,
F034.ICNE.POR.BCCH.Z.RV.A,2026-08-21T23:55:08+00:00,18,2006-01-01,2023-01-01,A,05,
F034.SEVC.POR.BCCH.Z.RV.A,2026-08-21T23:55:08+00:00,14,2006-01-01,2019-01-01,A,05,
F034.TEAMV.STO.BCCH.Z.RV.A,2026-08-21T23:55:08+00:00,20,2005-01-01,2024-01-01,A,05,
F034.TEMP.STO.BCCH.Z.RV.A,2026-08-21T23:55:08+00:00,20,2005-01-01,2024-01-01,A,05,
F035.CPCP.FLU.R.USD.2018.Z.Z.Z.05.0.A,2026-08-21T23:55:08+00:00,12,2013-01-01,2024-01-01,A,05,
F035.CPRIPSFL.FLU.N.CLP.2018.Z.Z.BD.05.0.A,2026-08-21T23:55:08+00:00,13,2013-01-01,2025-01-01,A,05,
F035.CPRIPSFL.FLU.N.CLP.2018.Z.Z.BND.05.0.A,2026-08-21T23:55:08+00:00,13,2013-01-01,2025-01-01,A,05,
F035.CPRIPSFL.FLU.N.CLP.2018.Z.Z.SER.05.0.A,2026-08-21T23:55:09+00:00,13,2013-01-01,2025-01-01,A,05,
F035.CPRIPSFL.FLU.N.CLP.2018.Z.Z.Z.05.0.A,2026-08-21T23:55:09+00:00,13,2013-01-01,2025-01-01,A,05,
F035.CPRIPSFL.V12.R.CLP.2018.Z.Z.BD.05.0.A,2026-08-21T23:55:09+00:00,12,2014-01-01,2025-01-01,A,05,
F035.CPRIPSFL.V12.R.CLP.2018.Z.Z.BND.05.0.A,2026-08-21T23:55:09+00:00,12,2014-01-01,2025-01-01,A,05,
F035.CPRIPSFL.V12.R.CLP.2018.Z.Z.CONT.05.0.A,2026-08-21T23:55:09+00:00,12,2014-01-01,2025-01-01,A,05,
F035.CPRIPSFL.V12.R.CLP.2018.Z.Z.SER.05.0.A,2026-08-21T23:55:09+00:00,12,2014-01-01,2025-01-01,A,05,
F035.CPRIPSFL.V12.R.CLP.2018.Z.Z.Z.05.0.A,2026-08-21T23:55:09+00:00,12,2014-01-01,2025-01-01,A,05,
F035.IMB.FLU.R.CLP.1986.13.Z.Z.05.0.A,2026-08-21T23:55:09+00:00,13,1985-01-01,1997-01-01,A,05,
F035.IMB.FLU.R.CLP.1996.13.Z.Z.05.0.A,2026-08-21T23:55:09+00:00,8,1996-01-01,2003-01-01,A,05,
F035.IMB.FLU.R.CLP.2003.13.Z.Z.05.0.A,2026-08-21T23:55:09+00:00,7,2003-01-01,2009-01-01,A,05,
F035.PIB.FLU.N.CLP.2008.01.Z.Z.05.0.A,2026-08-21T23:55:09+00:00,7,2008-01-01,2014-01-01,A,05,
F035.PIB.FLU.N.CLP.2008.02.04.Z.05.0.A,2026-08-21T23:55:09+00:00,7,2008-01-01,2014-01-01,A,05,
F035.PIB.FLU.N.CLP.2008.03.Z.Z.05.0.A,2026-08-21T23:55:09+00:00,7,2008-01-01,2014-01-01,A,05,
F035.PIB.FLU.N.CLP.2008.04.Z.Z.05.0.A,2026-08-21T23:55:09+00:00,7,2008-01-01,2014-01-01,A,05,
F035.PIB.FLU.N.CLP.2008.05.Z.Z.05.0.A,2026-08-21T23:55:09+00:00,7,2008-01-01,2014-01-01,A,05,
F035.PIB.FLU.N.CLP.2008.06.Z.Z.05.0.A,2026-08-21T23:55:09+00:00,7,2008-01-01,2014-01-01,A,05,
F035.PIB.FLU.N.CLP.2008.07.Z.Z.05.0.A,2026-08-21T23:55:09+00:00,7,2008-01-01,2014-01-01,A,05,
F035.PIB.FLU.N.CLP.2008.08.Z.Z.05.0.A,2026-08-21T23:55:09+00:00,7,2008-01-01,2014-01-01,A,05,
F035.PIB.FLU.N.CLP.2008.09.21.Z.05.0.A,2026-08-21T23:55:09+00:00,7,2008-01-01,2014-01-01,A,05,
F035.PIB.FLU.N.CLP.2008.10.Z.Z.05.0.A,2026-08-21T23:55:09+00:00,7,2008-01-01,2014-01-01,A,05,
F035.PIB.FLU.N.CLP.2008.11.Z.Z.05.0.A,2026-08-21T23:55:09+00:00,7,2008-01-01,2014-01-01,A,05,
F035.PIB.FLU.N.CLP.2008.12.Z.Z.05.0.A,2026-08-21T23:55:09+00:00,7,2008-01-01,2014-01-01,A,05,
F035.PIB.FLU.N.CLP.2008.Z.Z.Z.05.0.A,2026-08-21T23:55:09+00:00,8,2008-01-01,2015-01-01,A,05,
F035.PIB.FLU.N.CLP.2013.01.Z.Z.05.0.A,2026-08-21T23:55:09+00:00,12,2008-01-01,2019-01-01,A,05,
F035.PIB.FLU.N.CLP.2013.02.04.Z.05.0.A,2026-08-21T23:55:09+00:00,12,2008-01-01,2019-01-01,A,05,
F035.PIB.FLU.N.CLP.2013.03.Z.Z.05.0.A,2026-08-21T23:55:09+00:00,12,2008-01-01,2019-01-01,A,05,
F035.PIB.FLU.N.CLP.2013.04.Z.Z.05.0.A,2026-08-21T23:55:09+00:00,12,2008-01-01,2019-01-01,A,05,
F035.PIB.FLU.N.CLP.2013.05.Z.Z.05.0.A,2026-08-21T23:55:09+00:00,12,2008-01-01,2019-01-01,A,05,
F035.PIB.FLU.N.CLP.2013.06.Z.Z.05.0.A,2026-08-21T23:55:09+00:00,12,2008-01-01,2019-01-01,A,05,
F035.PIB.FLU.N.CLP.2013.07.Z.Z.05.0.A,2026-08-21T23:55:09+00:00,12,2008-01-01,2019-01-01,A,05,
F035.PIB.FLU.N.CLP.2013.08.Z.Z.05.0.A,2026-08-21T23:55:09+00:00,12,2008-01-01,2019-01-01,A,05,
F035.PIB.FLU.N.CLP.2013.09.21.Z.05.0.A,2026-08-21T23:55:09+00:00,12,2008-01-01,2019-01-01,A,05,
F035.PIB.FLU.N.CLP.2013.10.Z.Z.05.0.A,2026-08-21T23:55:09+00:00,12,2008-01-01,2019-01-01,A,05,
F035.PIB.FLU.N.CLP.2013.11.Z.Z.05.0.A,2026-08-21T23:55:09+00:00,12,2008-01-01,2019-01-01,A,05,
F035.PIB.FLU.N.CLP.2013.12.Z.Z.05.0.A,2026-08-21T23:55:09+00:00,12,2008-01-01,2019-01-01,A,05,
F035.PIB.FLU.N.CLP.2013.Z.Z.Z.05.0.A,2026-08-21T23:55:09+00:00,13,2008-01-01,2020-01-01,A,05,
F035.PIB.FLU.N.CLP.2018.01.Z.Z.05.0.A,2026-08-21T23:55:09+00:00,13,2013-01-01,2025-01-01,A,05,
F035.PIB.FLU.N.CLP.2018.02.04.Z.05.0.A,2026-08-21T23:55:09+00:00,13,2013-01-01,2025-01-01,A,05,
F035.PIB.FLU.N.CLP.2018.03.Z.Z.05.0.A,2026-08-21T23:55:09+00:00,13,2013-01-01,2025-01-01,A,05,
F035.PIB.FLU.N.CLP.2018.04.Z.Z.05.0.A,2026-08-21T23:55:09+00:00,13,2013-01-01,2025-01-01,A,05,
F035.PIB.FLU.N.CLP.2018.05.Z.Z.05.0.A,2026-08-21T23:55:10+00:00,13,2013-01-01,2025-01-01,A,05,
F035.PIB.FLU.N.CLP.2018.06.Z.Z.05.0.A,2026-08-21T23:55:10+00:00,13,2013-01-01,2025-01-01,A,05,
F035.PIB.FLU.N.CLP.2018.08.Z.Z.05.0.A,2026-08-21T23:55:10+00:00,13,2013-01-01,2025-01-01,A,05,
F035.PIB.FLU.N.CLP.2018.09.21.Z.05.0.A,2026-08-21T23:55:10+00:00,13,2013-01-01,2025-01-01,A,05,
F035.PIB.FLU.N.CLP.2018.10.Z.Z.05.0.A,2026-08-21T23:55:10+00:00,13,2013-01-01,2025-01-01,A,05,
F035.PIB.FLU.N.CLP.2018.11.Z.Z.05.0.A,2026-08-21T23:55:10+00:00,13,2013-01-01,2025-01-01,A,05,
F035.PIB.FLU.N.CLP.2018.12.Z.Z.05.0.A,2026-08-21T23:55:10+00:00,13,2013-01-01,2025-01-01,A,05,
F035.PIB.FLU.N.CLP.2018.COM.Z.Z.05.0.A,2026-08-21T23:55:10+00:00,13,2013-01-01,2025-01-01,A,05,
F035.PIB.FLU.N.CLP.2018.RH.Z.Z.05.0.A,2026-08-21T23:55:10+00:00,13,2013-01-01,2025-01-01,A,05,
F035.PIB.FLU.N.CLP.2018.Z.Z.Z.05.0.A,2026-08-21T23:55:10+00:00,13,2013-01-01,2025-01-01,A,05,
F035.PIB.FLU.R.CLP.1986.01.Z.Z.05.0.A,2026-08-21T23:55:10+00:00,13,1985-01-01,1997-01-01,A,05,
F035.PIB.FLU.R.CLP.1986.02.04.Z.05.0.A,2026-08-21T23:55:10+00:00,13,1985-01-01,1997-01-01,A,05,
F035.PIB.FLU.R.CLP.1986.03.Z.Z.05.0.A,2026-08-21T23:55:10+00:00,13,1985-01-01,1997-01-01,A,05,
F035.PIB.FLU.R.CLP.1986.04.Z.Z.05.0.A,2026-08-21T23:55:10+00:00,13,1985-01-01,1997-01-01,A,05,
F035.PIB.FLU.R.CLP.1986.05.Z.Z.05.0.A,2026-08-21T23:55:10+00:00,13,1985-01-01,1997-01-01,A,05,
F035.PIB.FLU.R.CLP.1986.06.Z.Z.05.0.A,2026-08-21T23:55:10+00:00,13,1985-01-01,1997-01-01,A,05,
F035.PIB.FLU.R.CLP.1986.07.Z.Z.05.0.A,2026-08-21T23:55:10+00:00,13,1985-01-01,1997-01-01,A,05,
F035.PIB.FLU.R.CLP.1986.08.Z.Z.05.0.A,2026-08-21T23:55:10+00:00,13,1985-01-01,1997-01-01,A,05,
F035.PIB.FLU.R.CLP.1986.09.21.27.05.0.A,2026-08-21T23:55:10+00:00,13,1985-01-01,1997-01-01,A,05,
F035.PIB.FLU.R.CLP.1986.10.Z.Z.05.0.A,2026-08-21T23:55:10+00:00,13,1985-01-01,1997-01-01,A,05,
F035.PIB.FLU.R.CLP.1986.11.Z.Z.05.0.A,2026-08-21T23:55:10+00:00,13,1985-01-01,1997-01-01,A,05,
F035.PIB.FLU.R.CLP.1986.12.Z.Z.05.0.A,2026-08-21T23:55:10+00:00,13,1985-01-01,1997-01-01,A,05,
F035.PIB.FLU.R.CLP.1986.Z.Z.Z.05.0.A,2026-08-21T23:55:10+00:00,14,1985-01-01,1998-01-01,A,05,
F035.PIB.FLU.R.CLP.1996.01.Z.Z.05.0.A,2026-08-21T23:55:10+00:00,8,1996-01-01,2003-01-01,A,05,
F035.PIB.FLU.R.CLP.1996.02.04.Z.05.0.A,2026-08-21T23:55:10+00:00,8,1996-01-01,2003-01-01,A,05,
F035.PIB.FLU.R.CLP.1996.03.Z.Z.05.0.A,2026-08-21T23:55:10+00:00,8,1996-01-01,2003-01-01,A,05,
F035.PIB.FLU.R.CLP.1996.04.Z.Z.05.0.A,2026-08-21T23:55:10+00:00,8,1996-01-01,2003-01-01,A,05,
F035.PIB.FLU.R.CLP.1996.05.Z.Z.05.0.A,2026-08-21T23:55:10+00:00,8,1996-01-01,2003-01-01,A,05,
F035.PIB.FLU.R.CLP.1996.06.Z.Z.05.0.A,2026-08-21T23:55:10+00:00,8,1996-01-01,2003-01-01,A,05,
F035.PIB.FLU.R.CLP.1996.07.Z.Z.05.0.A,2026-08-21T23:55:10+00:00,8,1996-01-01,2003-01-01,A,05,
F035.PIB.FLU.R.CLP.1996.08.Z.Z.05.0.A,2026-08-21T23:55:10+00:00,8,1996-01-01,2003-01-01,A,05,
F035.PIB.FLU.R.CLP.1996.09.21.Z.05.0.A,2026-08-21T23:55:10+00:00,8,1996-01-01,2003-01-01,A,05,
F035.PIB.FLU.R.CLP.1996.10.Z.Z.05.0.A,2026-08-21T23:55:10+00:00,8,1996-01-01,2003-01-01,A,05,
F035.PIB.FLU.R.CLP.1996.11.Z.Z.05.0.A,2026-08-21T23:55:10+00:00,8,1996-01-01,2003-01-01,A,05,
F035.PIB.FLU.R.CLP.1996.12.Z.Z.05.0.A,2026-08-21T23:55:10+00:00,8,1996-01-01,2003-01-01,A,05,
F035.PIB.FLU.R.CLP.1996.Z.Z.Z.05.0.A,2026-08-21T23:55:10+00:00,9,1996-01-01,2004-01-01,A,05,
F035.PIB.FLU.R.CLP.2003.01.Z.Z.05.0.A,2026-08-21T23:55:10+00:00,7,2003-01-01,2009-01-01,A,05,
F035.PIB.FLU.R.CLP.2003.02.04.Z.05.0.A,2026-08-21T23:55:10+00:00,7,2003-01-01,2009-01-01,A,05,
F035.PIB.FLU.R.CLP.2003.03.Z.Z.05.0.A,2026-08-21T23:55:10+00:00,7,2003-01-01,2009-01-01,A,05,
F035.PIB.FLU.R.CLP.2003.04.Z.Z.05.0.A,2026-08-21T23:55:10+00:00,7,2003-01-01,2009-01-01,A,05,
F035.PIB.FLU.R.CLP.2003.05.Z.Z.05.0.A,2026-08-21T23:55:10+00:00,7,2003-01-01,2009-01-01,A,05,
F035.PIB.FLU.R.CLP.2003.06.Z.Z.05.0.A,2026-08-21T23:55:10+00:00,7,2003-01-01,2009-01-01,A,05,
F035.PIB.FLU.R.CLP.2003.07.Z.Z.05.0.A,2026-08-21T23:55:10+00:00,7,2003-01-01,2009-01-01,A,05,
F035.PIB.FLU.R.CLP.2003.08.Z.Z.05.0.A,2026-08-21T23:55:10+00:00,7,2003-01-01,2009-01-01,A,05,
F035.PIB.FLU.R.CLP.2003.09.21.Z.05.0.A,2026-08-21T23:55:10+00:00,7,2003-01-01,2009-01-01,A,05,
F035.PIB.FLU.R.CLP.2003.10.Z.Z.05.0.A,2026-08-21T23:55:11+00:00,7,2003-01-01,2009-01-01,A,05,
F035.PIB.FLU.R.CLP.2003.11.Z.Z.05.0.A,2026-08-21T23:55:11+00:00,7,2003-01-01,2009-01-01,A,05,
F035.PIB.FLU.R.CLP.2003.12.Z.Z.05.0.A,2026-08-21T23:55:11+00:00,7,2003-01-01,2009-01-01,A,05,
F035.PIB.FLU.R.CLP.2003.Z.Z.Z.05.0.A,2026-08-21T23:55:11+00:00,8,2003-01-01,2010-01-01,A,05,
F035.PIB.FLU.R.CLP.2008.01.Z.Z.05.0.A,2026-08-21T23:55:11+00:00,7,2008-01-01,2014-01-01,A,05,
F035.PIB.FLU.R.CLP.2008.02.04.Z.05.0.A,2026-08-21T23:55:11+00:00,7,2008-01-01,2014-01-01,A,05,
F035.PIB.FLU.R.CLP.2008.03.Z.Z.05.0.A,2026-08-21T23:55:11+00:00,7,2008-01-01,2014-01-01,A,05,
F035.PIB.FLU.R.CLP.2008.04.Z.Z.05.0.A,2026-08-21T23:55:11+00:00,7,2008-01-01,2014-01-01,A,05,
F035.PIB.FLU.R.CLP.2008.05.Z.Z.05.0.A,2026-08-21T23:55:11+00:00,7,2008-01-01,2014-01-01,A,05,
F035.PIB.FLU.R.CLP.2008.06.Z.Z.05.0.A,2026-08-21T23:55:11+00:00,7,2008-01-01,2014-01-01,A,05,
F035.PIB.FLU.R.CLP.2008.07.Z.Z.05.0.A,2026-08-21T23:55:11+00:00,7,2008-01-01,2014-01-01,A,05,
F035.PIB.FLU.R.CLP.2008.08.Z.Z.05.0.A,2026-08-21T23:55:11+00:00,7,2008-01-01,2014-01-01,A,05,
F035.PIB.FLU.R.CLP.2008.09.21.Z.05.0.A,2026-08-21T23:55:11+00:00,7,2008-01-01,2014-01-01,A,05,
F035.PIB.FLU.R.CLP.2008.10.Z.Z.05.0.A,2026-08-21T23:55:11+00:00,7,2008-01-01,2014-01-01,A,05,
F035.PIB.FLU.R.CLP.2008.11.Z.Z.05.0.A,2026-08-21T23:55:11+00:00,7,2008-01-01,2014-01-01,A,05,
F035.PIB.FLU.R.CLP.2008.12.Z.Z.05.0.A,2026-08-21T23:55:11+00:00,7,2008-01-01,2014-01-01,A,05,
F035.PIB.FLU.R.CLP.2008.Z.Z.Z.05.0.A,2026-08-21T23:55:11+00:00,8,2008-01-01,2015-01-01,A,05,
F035.PIB.FLU.R.CLP.2013.01.Z.Z.05.0.A,2026-08-21T23:55:11+00:00,12,2008-01-01,2019-01-01,A,05,
F035.PIB.FLU.R.CLP.2013.02.04.Z.05.0.A,2026-08-21T23:55:11+00:00,12,2008-01-01,2019-01-01,A,05,
F035.PIB.FLU.R.CLP.2013.03.Z.Z.05.0.A,2026-08-21T23:55:11+00:00,12,2008-01-01,2019-01-01,A,05,
F035.PIB.FLU.R.CLP.2013.04.Z.Z.05.0.A,2026-08-21T23:55:11+00:00,12,2008-01-01,2019-01-01,A,05,
F035.PIB.FLU.R.CLP.2013.05.Z.Z.05.0.A,2026-08-21T23:55:11+00:00,12,2008-01-01,2019-01-01,A,05,
F035.PIB.FLU.R.CLP.2013.06.Z.Z.05.0.A,2026-08-21T23:55:11+00:00,12,2008-01-01,2019-01-01,A,05,
F035.PIB.FLU.R.CLP.2013.07.Z.Z.05.0.A,2026-08-21T23:55:11+00:00,12,2008-01-01,2019-01-01,A,05,
F035.PIB.FLU.R.CLP.2013.08.Z.Z.05.0.A,2026-08-21T23:55:11+00:00,12,2008-01-01,2019-01-01,A,05,
F035.PIB.FLU.R.CLP.2013.09.21.Z.05.0.A,2026-08-21T23:55:11+00:00,12,2008-01-01,2019-01-01,A,05,
F035.PIB.FLU.R.CLP.2013.10.Z.Z.05.0.A,2026-08-21T23:55:11+00:00,12,2008-01-01,2019-01-01,A,05,
F035.PIB.FLU.R.CLP.2013.11.Z.Z.05.0.A,2026-08-21T23:55:11+00:00,12,2008-01-01,2019-01-01,A,05,
F035.PIB.FLU.R.CLP.2013.12.Z.Z.05.0.A,2026-08-21T23:55:11+00:00,12,2008-01-01,2019-01-01,A,05,
F035.PIB.FLU.R.CLP.2013.Z.Z.Z.05.0.A,2026-08-21T23:55:11+00:00,13,2008-01-01,2020-01-01,A,05,
F035.PIB.FLU.R.CLP.2018.01.Z.Z.05.0.A,2026-08-21T23:55:11+00:00,13,2013-01-01,2025-01-01,A,05,
F035.PIB.FLU.R.CLP.2018.02.04.Z.05.0.A,2026-08-21T23:55:11+00:00,13,2013-01-01,2025-01-01,A,05,
F035.PIB.FLU.R.CLP.2018.03.Z.Z.05.0.A,2026-08-21T23:55:11+00:00,13,2013-01-01,2025-01-01,A,05,
F035.PIB.FLU.R.CLP.2018.04.Z.Z.05.0.A,2026-08-21T23:55:11+00:00,13,2013-01-01,2025-01-01,A,05,
F035.PIB.FLU.R.CLP.2018.05.Z.Z.05.0.A,2026-08-21T23:55:11+00:00,13,2013-01-01,2025-01-01,A,05,
F035.PIB.FLU.R.CLP.2018.06.Z.Z.05.0.A,2026-08-21T23:55:11+00:00,13,2013-01-01,2025-01-01,A,05,
F035.PIB.FLU.R.CLP.2018.08.Z.Z.05.0.A,2026-08-21T23:55:11+00:00,13,2013-01-01,2025-01-01,A,05,
F035.PIB.FLU.R.CLP.2018.09.21.Z.05.0.A,2026-08-21T23:55:11+00:00,13,2013-01-01,2025-01-01,A,05,
F035.PIB.FLU.R.CLP.2018.10.Z.Z.05.0.A,2026-08-21T23:55:11+00:00,13,2013-01-01,2025-01-01,A,05,
F035.PIB.FLU.R.CLP.2018.11.Z.Z.05.0.A,2026-08-21T23:55:11+00:00,13,2013-01-01,2025-01-01,A,05,
F035.PIB.FLU.R.CLP.2018.12.Z.Z.05.0.A,2026-08-21T23:55:11+00:00,13,2013-01-01,2025-01-01,A,05,
F035.PIB.FLU.R.CLP.2018.COM.Z.Z.05.0.A,2026-08-21T23:55:11+00:00,13,2013-01-01,2025-01-01,A,05,
F035.PIB.FLU.R.CLP.2018.RH.Z.Z.05.0.A,2026-08-21T23:55:12+00:00,13,2013-01-01,2025-01-01,A,05,
F035.PIB.FLU.R.CLP.2018.Z.Z.Z.05.0.A,2026-08-21T23:55:12+00:00,13,2013-01-01,2025-01-01,A,05,
F035.PIB.V12.R.CLP.2008.Z.Z.Z.05.0.A,2026-08-21T23:55:12+00:00,7,2009-01-01,2015-01-01,A,05,
F035.PIB.V12.R.CLP.2013.Z.Z.Z.05.0.A,2026-08-21T23:55:12+00:00,12,2009-01-01,2020-01-01,A,05,
F035.PIB.V12.R.CLP.2018.01.Z.Z.05.0.A,2026-08-21T23:55:12+00:00,12,2014-01-01,2025-01-01,A,05,
F035.PIB.V12.R.CLP.2018.02.04.Z.05.0.A,2026-08-21T23:55:12+00:00,12,2014-01-01,2025-01-01,A,05,
F035.PIB.V12.R.CLP.2018.03.Z.Z.05.0.A,2026-08-21T23:55:12+00:00,12,2014-01-01,2025-01-01,A,05,
F035.PIB.V12.R.CLP.2018.04.Z.Z.05.0.A,2026-08-21T23:55:12+00:00,12,2014-01-01,2025-01-01,A,05,
F035.PIB.V12.R.CLP.2018.05.Z.Z.05.0.A,2026-08-21T23:55:12+00:00,12,2014-01-01,2025-01-01,A,05,
F035.PIB.V12.R.CLP.2018.06.Z.Z.05.0.A,2026-08-21T23:55:12+00:00,12,2014-01-01,2025-01-01,A,05,
F035.PIB.V12.R.CLP.2018.08.Z.Z.05.0.A,2026-08-21T23:55:12+00:00,12,2014-01-01,2025-01-01,A,05,
F035.PIB.V12.R.CLP.2018.09.21.Z.05.0.A,2026-08-21T23:55:12+00:00,12,2014-01-01,2025-01-01,A,05,
F035.PIB.V12.R.CLP.2018.10.Z.Z.05.0.A,2026-08-21T23:55:12+00:00,12,2014-01-01,2025-01-01,A,05,
F035.PIB.V12.R.CLP.2018.11.Z.Z.05.0.A,2026-08-21T23:55:12+00:00,12,2014-01-01,2025-01-01,A,05,
F035.PIB.V12.R.CLP.2018.12.Z.Z.05.0.A,2026-08-21T23:55:12+00:00,12,2014-01-01,2025-01-01,A,05,
F035.PIB.V12.R.CLP.2018.COM.Z.Z.05.0.A,2026-08-21T23:55:12+00:00,12,2014-01-01,2025-01-01,A,05,
F035.PIB.V12.R.CLP.2018.CONT.Z.Z.05.0.A,2026-08-21T23:55:12+00:00,12,2014-01-01,2025-01-01,A,05,
F035.PIB.V12.R.CLP.2018.RH.Z.Z.05.0.A,2026-08-21T23:55:12+00:00,12,2014-01-01,2025-01-01,A,05,
F035.PIB.V12.R.CLP.2018.Z.Z.Z.05.0.A,2026-08-21T23:55:12+00:00,12,2014-01-01,2025-01-01,A,05,
F035.PPCP.FLU.R.USD.2018.Z.Z.Z.05.0.A,2026-08-21T23:55:12+00:00,12,2013-01-01,2024-01-01,A,05,
F035.XSE.FLU.N.CLP.2018.03.Z.Z.05.0.A,2026-08-21T23:55:12+00:00,13,2013-01-01,2025-01-01,A,05,
F035.XSE.FLU.N.CLP.2018.04.Z.Z.05.0.A,2026-08-21T23:55:12+00:00,13,2013-01-01,2025-01-01,A,05,
F035.XSE.FLU.N.CLP.2018.102.Z.Z.05.0.A,2026-08-21T23:55:12+00:00,13,2013-01-01,2025-01-01,A,05,
F035.XSE.FLU.N.CLP.2018.XBI.Z.Z.05.0.A,2026-08-21T23:55:12+00:00,13,2013-01-01,2025-01-01,A,05,
F035.XSE.FLU.N.CLP.2018.XBS.Z.Z.05.0.A,2026-08-21T23:55:12+00:00,13,2013-01-01,2025-01-01,A,05,
F035.XSE.FLU.N.CLP.2018.Z.Z.Z.05.0.A,2026-08-21T23:55:12+00:00,13,2013-01-01,2025-01-01,A,05,
F035.XSE.FLU.R.CLP.2018.03.Z.Z.05.0.A,2026-08-21T23:55:12+00:00,13,2013-01-01,2025-01-01,A,05,
F035.XSE.FLU.R.CLP.2018.04.Z.Z.05.0.A,2026-08-21T23:55:12+00:00,13,2013-01-01,2025-01-01,A,05,
F035.XSE.FLU.R.CLP.2018.102.Z.Z.05.0.A,2026-08-21T23:55:12+00:00,13,2013-01-01,2025-01-01,A,05,
F035.XSE.FLU.R.CLP.2018.XBI.Z.Z.05.0.A,2026-08-21T23:55:12+00:00,13,2013-01-01,2025-01-01,A,05,
F035.XSE.FLU.R.CLP.2018.XBS.Z.Z.05.0.A,2026-08-21T23:55:12+00:00,13,2013-01-01,2025-01-01,A,05,
F035.XSE.FLU.R.CLP.2018.Z.Z.Z.05.0.A,2026-08-21T23:55:12+00:00,13,2013-01-01,2025-01-01,A,05,
F035.XSE.V12.R.Z.2018.03.Z.Z.05.0.A,2026-08-21T23:55:12+00:00,12,2014-01-01,2025-01-01,A,05,
F035.XSE.V12.R.Z.2018.04.Z.Z.05.0.A,2026-08-21T23:55:12+00:00,12,2014-01-01,2025-01-01,A,05,
F035.XSE.V12.R.Z.2018.102.Z.Z.05.0.A,2026-08-21T23:55:12+00:00,12,2014-01-01,2025-01-01,A,05,
F035.XSE.V12.R.Z.2018.XBI.Z.Z.05.0.A,2026-08-21T23:55:12+00:00,12,2014-01-01,2025-01-01,A,05,
F035.XSE.V12.R.Z.2018.XBS.Z.Z.05.0.A,2026-08-21T23:55:12+00:00,12,2014-01-01,2025-01-01,A,05,
F035.XSE.V12.R.Z.2018.XBSSR.Z.Z.05.0.A,2026-08-21T23:55:12+00:00,12,2014-01-01,2025-01-01,A,05,
F035.XSE.V12.R.Z.2018.Z.Z.Z.05.0.A,2026-08-21T23:55:12+00:00,12,2014-01-01,2025-01-01,A,05,
F049.EVA.STO.INE.15.A,2026-08-21T23:55:12+00:00,25,2002-01-01,2026-01-01,A,05,
F049.EVH.STO.INE.15.A,2026-08-21T23:55:12+00:00,25,2002-01-01,2026-01-01,A,05,
F049.EVM.STO.INE.15.A,2026-08-21T23:55:12+00:00,25,2002-01-01,2026-01-01,A,05,
F049.POBVA.STO.INE.AT.A,2026-08-21T23:55:13+00:00,25,2002-01-01,2026-01-01,A,05,
F049.POBVA.STO.INE.H0014.A,2026-08-21T23:55:13+00:00,25,2002-01-01,2026-01-01,A,05,
F049.POBVA.STO.INE.H1564.A,2026-08-21T23:55:13+00:00,25,2002-01-01,2026-01-01,A,05,
F049.POBVA.STO.INE.H65YM.A,2026-08-21T23:55:13+00:00,25,2002-01-01,2026-01-01,A,05,
F049.POBVA.STO.INE.HT.A,2026-08-21T23:55:13+00:00,25,2002-01-01,2026-01-01,A,05,
F049.POBVA.STO.INE.M0014.A,2026-08-21T23:55:13+00:00,25,2002-01-01,2026-01-01,A,05,
F049.POBVA.STO.INE.M1564.A,2026-08-21T23:55:13+00:00,25,2002-01-01,2026-01-01,A,05,
F049.POBVA.STO.INE.M65YM.A,2026-08-21T23:55:13+00:00,25,2002-01-01,2026-01-01,A,05,
F049.POBVA.STO.INE.MT.A,2026-08-21T23:55:13+00:00,25,2002-01-01,2026-01-01,A,05,
F068.G1.STO.Z.IED.Z.Z.Z.Z.CL.IED.6.RV.A,2026-08-21T23:55:13+00:00,13,2012-01-01,2024-01-01,A,05,
F034.ICNE.POR.BCCH.Z.RVI.A,2026-08-21T23:55:13+00:00,18,2006-01-01,2023-01-01,A,06,
F034.SEVC.POR.BCCH.Z.RVI.A,2026-08-21T23:55:13+00:00,14,2006-01-01,2019-01-01,A,06,
F034.TEAMV.STO.BCCH.Z.RVI.A,2026-08-21T23:55:13+00:00,20,2005-01-01,2024-01-01,A,06,
F034.TEMP.STO.BCCH.Z.RVI.A,2026-08-21T23:55:13+00:00,20,2005-01-01,2024-01-01,A,06,
F035.CPCP.FLU.R.USD.2018.Z.Z.Z.06.0.A,2026-08-21T23:55:13+00:00,12,2013-01-01,2024-01-01,A,06,
F035.CPRIPSFL.FLU.N.CLP.2018.Z.Z.BD.06.0.A,2026-08-21T23:55:13+00:00,13,2013-01-01,2025-01-01,A,06,
F035.CPRIPSFL.FLU.N.CLP.2018.Z.Z.BND.06.0.A,2026-08-21T23:55:13+00:00,13,2013-01-01,2025-01-01,A,06,
F035.CPRIPSFL.FLU.N.CLP.2018.Z.Z.SER.06.0.A,2026-08-21T23:55:13+00:00,13,2013-01-01,2025-01-01,A,06,
F035.CPRIPSFL.FLU.N.CLP.2018.Z.Z.Z.06.0.A,2026-08-21T23:55:13+00:00,13,2013-01-01,2025-01-01,A,06,
F035.CPRIPSFL.V12.R.CLP.2018.Z.Z.BD.06.0.A,2026-08-21T23:55:13+00:00,12,2014-01-01,2025-01-01,A,06,
F035.CPRIPSFL.V12.R.CLP.2018.Z.Z.BND.06.0.A,2026-08-21T23:55:13+00:00,12,2014-01-01,2025-01-01,A,06,
F035.CPRIPSFL.V12.R.CLP.2018.Z.Z.CONT.06.0.A,2026-08-21T23:55:13+00:00,12,2014-01-01,2025-01-01,A,06,
F035.CPRIPSFL.V12.R.CLP.2018.Z.Z.SER.06.0.A,2026-08-21T23:55:13+00:00,12,2014-01-01,2025-01-01,A,06,
F035.CPRIPSFL.V12.R.CLP.2018.Z.Z.Z.06.0.A,2026-08-21T23:55:13+00:00,12,2014-01-01,2025-01-01,A,06,
F035.IMB.FLU.R.CLP.1986.13.Z.Z.06.0.A,2026-08-21T23:55:13+00:00,13,1985-01-01,1997-01-01,A,06,
F035.IMB.FLU.R.CLP.1996.13.Z.Z.06.0.A,2026-08-21T23:55:13+00:00,8,1996-01-01,2003-01-01,A,06,
F035.IMB.FLU.R.CLP.2003.13.Z.Z.06.0.A,2026-08-21T23:55:13+00:00,7,2003-01-01,2009-01-01,A,06,
F035.PIB.FLU.N.CLP.2008.01.Z.Z.06.0.A,2026-08-21T23:55:13+00:00,7,2008-01-01,2014-01-01,A,06,
F035.PIB.FLU.N.CLP.2008.02.04.Z.06.0.A,2026-08-21T23:55:13+00:00,7,2008-01-01,2014-01-01,A,06,
F035.PIB.FLU.N.CLP.2008.03.Z.Z.06.0.A,2026-08-21T23:55:13+00:00,7,2008-01-01,2014-01-01,A,06,
F035.PIB.FLU.N.CLP.2008.04.Z.Z.06.0.A,2026-08-21T23:55:13+00:00,7,2008-01-01,2014-01-01,A,06,
F035.PIB.FLU.N.CLP.2008.05.Z.Z.06.0.A,2026-08-21T23:55:13+00:00,7,2008-01-01,2014-01-01,A,06,
F035.PIB.FLU.N.CLP.2008.06.Z.Z.06.0.A,2026-08-21T23:55:13+00:00,7,2008-01-01,2014-01-01,A,06,
F035.PIB.FLU.N.CLP.2008.07.Z.Z.06.0.A,2026-08-21T23:55:13+00:00,7,2008-01-01,2014-01-01,A,06,
F035.PIB.FLU.N.CLP.2008.08.Z.Z.06.0.A,2026-08-21T23:55:13+00:00,7,2008-01-01,2014-01-01,A,06,
F035.PIB.FLU.N.CLP.2008.09.21.Z.06.0.A,2026-08-21T23:55:13+00:00,7,2008-01-01,2014-01-01,A,06,
F035.PIB.FLU.N.CLP.2008.10.Z.Z.06.0.A,2026-08-21T23:55:13+00:00,7,2008-01-01,2014-01-01,A,06,
F035.PIB.FLU.N.CLP.2008.11.Z.Z.06.0.A,2026-08-21T23:55:13+00:00,7,2008-01-01,2014-01-01,A,06,
F035.PIB.FLU.N.CLP.2008.12.Z.Z.06.0.A,2026-08-21T23:55:13+00:00,7,2008-01-01,2014-01-01,A,06,
F035.PIB.FLU.N.CLP.2008.Z.Z.Z.06.0.A,2026-08-21T23:55:13+00:00,8,2008-01-01,2015-01-01,A,06,
F035.PIB.FLU.N.CLP.2013.01.Z.Z.06.0.A,2026-08-21T23:55:13+00:00,12,2008-01-01,2019-01-01,A,06,
F035.PIB.FLU.N.CLP.2013.02.04.Z.06.0.A,2026-08-21T23:55:13+00:00,12,2008-01-01,2019-01-01,A,06,
F035.PIB.FLU.N.CLP.2013.03.Z.Z.06.0.A,2026-08-21T23:55:13+00:00,12,2008-01-01,2019-01-01,A,06,
F035.PIB.FLU.N.CLP.2013.04.Z.Z.06.0.A,2026-08-21T23:55:13+00:00,12,2008-01-01,2019-01-01,A,06,
F035.PIB.FLU.N.CLP.2013.05.Z.Z.06.0.A,2026-08-21T23:55:14+00:00,12,2008-01-01,2019-01-01,A,06,
F035.PIB.FLU.N.CLP.2013.06.Z.Z.06.0.A,2026-08-21T23:55:14+00:00,12,2008-01-01,2019-01-01,A,06,
F035.PIB.FLU.N.CLP.2013.07.Z.Z.06.0.A,2026-08-21T23:55:14+00:00,12,2008-01-01,2019-01-01,A,06,
F035.PIB.FLU.N.CLP.2013.08.Z.Z.06.0.A,2026-08-21T23:55:14+00:00,12,2008-01-01,2019-01-01,A,06,
F035.PIB.FLU.N.CLP.2013.09.21.Z.06.0.A,2026-08-21T23:55:14+00:00,12,2008-01-01,2019-01-01,A,06,
F035.PIB.FLU.N.CLP.2013.10.Z.Z.06.0.A,2026-08-21T23:55:14+00:00,12,2008-01-01,2019-01-01,A,06,
F035.PIB.FLU.N.CLP.2013.11.Z.Z.06.0.A,2026-08-21T23:55:14+00:00,12,2008-01-01,2019-01-01,A,06,
F035.PIB.FLU.N.CLP.2013.12.Z.Z.06.0.A,2026-08-21T23:55:14+00:00,12,2008-01-01,2019-01-01,A,06,
F035.PIB.FLU.N.CLP.2013.Z.Z.Z.06.0.A,2026-08-21T23:55:14+00:00,13,2008-01-01,2020-01-01,A,06,
F035.PIB.FLU.N.CLP.2018.01.Z.Z.06.0.A,2026-08-21T23:55:14+00:00,13,2013-01-01,2025-01-01,A,06,
F035.PIB.FLU.N.CLP.2018.02.04.Z.06.0.A,2026-08-21T23:55:14+00:00,13,2013-01-01,2025-01-01,A,06,
F035.PIB.FLU.N.CLP.2018.03.Z.Z.06.0.A,2026-08-21T23:55:14+00:00,13,2013-01-01,2025-01-01,A,06,
F035.PIB.FLU.N.CLP.2018.04.Z.Z.06.0.A,2026-08-21T23:55:14+00:00,13,2013-01-01,2025-01-01,A,06,
F035.PIB.FLU.N.CLP.2018.05.Z.Z.06.0.A,2026-08-21T23:55:14+00:00,13,2013-01-01,2025-01-01,A,06,
F035.PIB.FLU.N.CLP.2018.06.Z.Z.06.0.A,2026-08-21T23:55:14+00:00,13,2013-01-01,2025-01-01,A,06,
F035.PIB.FLU.N.CLP.2018.08.Z.Z.06.0.A,2026-08-21T23:55:14+00:00,13,2013-01-01,2025-01-01,A,06,
F035.PIB.FLU.N.CLP.2018.09.21.Z.06.0.A,2026-08-21T23:55:14+00:00,13,2013-01-01,2025-01-01,A,06,
F035.PIB.FLU.N.CLP.2018.10.Z.Z.06.0.A,2026-08-21T23:55:14+00:00,13,2013-01-01,2025-01-01,A,06,
F035.PIB.FLU.N.CLP.2018.11.Z.Z.06.0.A,2026-08-21T23:55:14+00:00,13,2013-01-01,2025-01-01,A,06,
F035.PIB.FLU.N.CLP.2018.12.Z.Z.06.0.A,2026-08-21T23:55:14+00:00,13,2013-01-01,2025-01-01,A,06,
F035.PIB.FLU.N.CLP.2018.COM.Z.Z.06.0.A,2026-08-21T23:55:14+00:00,13,2013-01-01,2025-01-01,A,06,
F035.PIB.FLU.N.CLP.2018.RH.Z.Z.06.0.A,2026-08-21T23:55:14+00:00,13,2013-01-01,2025-01-01,A,06,
F035.PIB.FLU.N.CLP.2018.Z.Z.Z.06.0.A,2026-08-21T23:55:14+00:00,13,2013-01-01,2025-01-01,A,06,
F035.PIB.FLU.R.CLP.1986.01.Z.Z.06.0.A,2026-08-21T23:55:14+00:00,13,1985-01-01,1997-01-01,A,06,
F035.PIB.FLU.R.CLP.1986.02.04.Z.06.0.A,2026-08-21T23:55:14+00:00,13,1985-01-01,1997-01-01,A,06,
F035.PIB.FLU.R.CLP.1986.03.Z.Z.06.0.A,2026-08-21T23:55:14+00:00,13,1985-01-01,1997-01-01,A,06,
F035.PIB.FLU.R.CLP.1986.04.Z.Z.06.0.A,2026-08-21T23:55:14+00:00,13,1985-01-01,1997-01-01,A,06,
F035.PIB.FLU.R.CLP.1986.05.Z.Z.06.0.A,2026-08-21T23:55:14+00:00,13,1985-01-01,1997-01-01,A,06,
F035.PIB.FLU.R.CLP.1986.06.Z.Z.06.0.A,2026-08-21T23:55:14+00:00,13,1985-01-01,1997-01-01,A,06,
F035.PIB.FLU.R.CLP.1986.07.Z.Z.06.0.A,2026-08-21T23:55:14+00:00,13,1985-01-01,1997-01-01,A,06,
F035.PIB.FLU.R.CLP.1986.08.Z.Z.06.0.A,2026-08-21T23:55:14+00:00,13,1985-01-01,1997-01-01,A,06,
F035.PIB.FLU.R.CLP.1986.09.21.27.06.0.A,2026-08-21T23:55:14+00:00,13,1985-01-01,1997-01-01,A,06,
F035.PIB.FLU.R.CLP.1986.10.Z.Z.06.0.A,2026-08-21T23:55:14+00:00,13,1985-01-01,1997-01-01,A,06,
F035.PIB.FLU.R.CLP.1986.11.Z.Z.06.0.A,2026-08-21T23:55:14+00:00,13,1985-01-01,1997-01-01,A,06,
F035.PIB.FLU.R.CLP.1986.12.Z.Z.06.0.A,2026-08-21T23:55:14+00:00,13,1985-01-01,1997-01-01,A,06,
F035.PIB.FLU.R.CLP.1986.Z.Z.Z.06.0.A,2026-08-21T23:55:14+00:00,14,1985-01-01,1998-01-01,A,06,
F035.PIB.FLU.R.CLP.1996.01.Z.Z.06.0.A,2026-08-21T23:55:14+00:00,8,1996-01-01,2003-01-01,A,06,
F035.PIB.FLU.R.CLP.1996.02.04.Z.06.0.A,2026-08-21T23:55:14+00:00,8,1996-01-01,2003-01-01,A,06,
F035.PIB.FLU.R.CLP.1996.03.Z.Z.06.0.A,2026-08-21T23:55:14+00:00,8,1996-01-01,2003-01-01,A,06,
F035.PIB.FLU.R.CLP.1996.04.Z.Z.06.0.A,2026-08-21T23:55:14+00:00,8,1996-01-01,2003-01-01,A,06,
F035.PIB.FLU.R.CLP.1996.05.Z.Z.06.0.A,2026-08-21T23:55:14+00:00,8,1996-01-01,2003-01-01,A,06,
F035.PIB.FLU.R.CLP.1996.06.Z.Z.06.0.A,2026-08-21T23:55:14+00:00,8,1996-01-01,2003-01-01,A,06,
F035.PIB.FLU.R.CLP.1996.07.Z.Z.06.0.A,2026-08-21T23:55:14+00:00,8,1996-01-01,2003-01-01,A,06,
F035.PIB.FLU.R.CLP.1996.08.Z.Z.06.0.A,2026-08-21T23:55:14+00:00,8,1996-01-01,2003-01-01,A,06,
F035.PIB.FLU.R.CLP.1996.09.21.Z.06.0.A,2026-08-21T23:55:15+00:00,8,1996-01-01,2003-01-01,A,06,
F035.PIB.FLU.R.CLP.1996.10.Z.Z.06.0.A,2026-08-21T23:55:15+00:00,8,1996-01-01,2003-01-01,A,06,
F035.PIB.FLU.R.CLP.1996.11.Z.Z.06.0.A,2026-08-21T23:55:15+00:00,8,1996-01-01,2003-01-01,A,06,
F035.PIB.FLU.R.CLP.1996.12.Z.Z.06.0.A,2026-08-21T23:55:15+00:00,8,1996-01-01,2003-01-01,A,06,
F035.PIB.FLU.R.CLP.1996.Z.Z.Z.06.0.A,2026-08-21T23:55:15+00:00,9,1996-01-01,2004-01-01,A,06,
F035.PIB.FLU.R.CLP.2003.01.Z.Z.06.0.A,2026-08-21T23:55:15+00:00,7,2003-01-01,2009-01-01,A,06,
F035.PIB.FLU.R.CLP.2003.02.04.Z.06.0.A,2026-08-21T23:55:15+00:00,7,2003-01-01,2009-01-01,A,06,
F035.PIB.FLU.R.CLP.2003.03.Z.Z.06.0.A,2026-08-21T23:55:15+00:00,7,2003-01-01,2009-01-01,A,06,
F035.PIB.FLU.R.CLP.2003.04.Z.Z.06.0.A,2026-08-21T23:55:15+00:00,7,2003-01-01,2009-01-01,A,06,
F035.PIB.FLU.R.CLP.2003.05.Z.Z.06.0.A,2026-08-21T23:55:15+00:00,7,2003-01-01,2009-01-01,A,06,
F035.PIB.FLU.R.CLP.2003.06.Z.Z.06.0.A,2026-08-21T23:55:15+00:00,7,2003-01-01,2009-01-01,A,06,
F035.PIB.FLU.R.CLP.2003.07.Z.Z.06.0.A,2026-08-21T23:55:15+00:00,7,2003-01-01,2009-01-01,A,06,
F035.PIB.FLU.R.CLP.2003.08.Z.Z.06.0.A,2026-08-21T23:55:15+00:00,7,2003-01-01,2009-01-01,A,06,
F035.PIB.FLU.R.CLP.2003.09.21.Z.06.0.A,2026-08-21T23:55:15+00:00,7,2003-01-01,2009-01-01,A,06,
F035.PIB.FLU.R.CLP.2003.10.Z.Z.06.0.A,2026-08-21T23:55:15+00:00,7,2003-01-01,2009-01-01,A,06,
F035.PIB.FLU.R.CLP.2003.11.Z.Z.06.0.A,2026-08-21T23:55:15+00:00,7,2003-01-01,2009-01-01,A,06,
F035.PIB.FLU.R.CLP.2003.12.Z.Z.06.0.A,2026-08-21T23:55:15+00:00,7,2003-01-01,2009-01-01,A,06,
F035.PIB.FLU.R.CLP.2003.Z.Z.Z.06.0.A,2026-08-21T23:55:15+00:00,8,2003-01-01,2010-01-01,A,06,
F035.PIB.FLU.R.CLP.2008.01.Z.Z.06.0.A,2026-08-21T23:55:15+00:00,7,2008-01-01,2014-01-01,A,06,
F035.PIB.FLU.R.CLP.2008.02.04.Z.06.0.A,2026-08-21T23:55:15+00:00,7,2008-01-01,2014-01-01,A,06,
F035.PIB.FLU.R.CLP.2008.03.Z.Z.06.0.A,2026-08-21T23:55:15+00:00,7,2008-01-01,2014-01-01,A,06,
F035.PIB.FLU.R.CLP.2008.04.Z.Z.06.0.A,2026-08-21T23:55:15+00:00,7,2008-01-01,2014-01-01,A,06,
F035.PIB.FLU.R.CLP.2008.05.Z.Z.06.0.A,2026-08-21T23:55:15+00:00,7,2008-01-01,2014-01-01,A,06,
F035.PIB.FLU.R.CLP.2008.06.Z.Z.06.0.A,2026-08-21T23:55:15+00:00,7,2008-01-01,2014-01-01,A,06,
F035.PIB.FLU.R.CLP.2008.07.Z.Z.06.0.A,2026-08-21T23:55:15+00:00,7,2008-01-01,2014-01-01,A,06,
F035.PIB.FLU.R.CLP.2008.08.Z.Z.06.0.A,2026-08-21T23:55:15+00:00,7,2008-01-01,2014-01-01,A,06,
F035.PIB.FLU.R.CLP.2008.09.21.Z.06.0.A,2026-08-21T23:55:15+00:00,7,2008-01-01,2014-01-01,A,06,
F035.PIB.FLU.R.CLP.2008.10.Z.Z.06.0.A,2026-08-21T23:55:15+00:00,7,2008-01-01,2014-01-01,A,06,
F035.PIB.FLU.R.CLP.2008.11.Z.Z.06.0.A,2026-08-21T23:55:15+00:00,7,2008-01-01,2014-01-01,A,06,
F035.PIB.FLU.R.CLP.2008.12.Z.Z.06.0.A,2026-08-21T23:55:15+00:00,7,2008-01-01,2014-01-01,A,06,
F035.PIB.FLU.R.CLP.2008.Z.Z.Z.06.0.A,2026-08-21T23:55:15+00:00,8,2008-01-01,2015-01-01,A,06,
F035.PIB.FLU.R.CLP.2013.01.Z.Z.06.0.A,2026-08-21T23:55:15+00:00,12,2008-01-01,2019-01-01,A,06,
F035.PIB.FLU.R.CLP.2013.02.04.Z.06.0.A,2026-08-21T23:55:15+00:00,12,2008-01-01,2019-01-01,A,06,
F035.PIB.FLU.R.CLP.2013.03.Z.Z.06.0.A,2026-08-21T23:55:15+00:00,12,2008-01-01,2019-01-01,A,06,
F035.PIB.FLU.R.CLP.2013.04.Z.Z.06.0.A,2026-08-21T23:55:15+00:00,12,2008-01-01,2019-01-01,A,06,
F035.PIB.FLU.R.CLP.2013.05.Z.Z.06.0.A,2026-08-21T23:55:15+00:00,12,2008-01-01,2019-01-01,A,06,
F035.PIB.FLU.R.CLP.2013.06.Z.Z.06.0.A,2026-08-21T23:55:15+00:00,12,2008-01-01,2019-01-01,A,06,
F035.PIB.FLU.R.CLP.2013.07.Z.Z.06.0.A,2026-08-21T23:55:15+00:00,12,2008-01-01,2019-01-01,A,06,
F035.PIB.FLU.R.CLP.2013.08.Z.Z.06.0.A,2026-08-21T23:55:15+00:00,12,2008-01-01,2019-01-01,A,06,
F035.PIB.FLU.R.CLP.2013.09.21.Z.06.0.A,2026-08-21T23:55:15+00:00,12,2008-01-01,2019-01-01,A,06,
F035.PIB.FLU.R.CLP.2013.10.Z.Z.06.0.A,2026-08-21T23:55:15+00:00,12,2008-01-01,2019-01-01,A,06,
F035.PIB.FLU.R.CLP.2013.11.Z.Z.06.0.A,2026-08-21T23:55:15+00:00,12,2008-01-01,2019-01-01,A,06,
F035.PIB.FLU.R.CLP.2013.12.Z.Z.06.0.A,2026-08-21T23:55:15+00:00,12,2008-01-01,2019-01-01,A,06,
F035.PIB.FLU.R.CLP.2013.Z.Z.Z.06.0.A,2026-08-21T23:55:15+00:00,13,2008-01-01,2020-01-01,A,06,
F035.PIB.FLU.R.CLP.2018.01.Z.Z.06.0.A,2026-08-21T23:55:15+00:00,13,2013-01-01,2025-01-01,A,06,
F035.PIB.FLU.R.CLP.2018.02.04.Z.06.0.A,2026-08-21T23:55:15+00:00,13,2013-01-01,2025-01-01,A,06,
F035.PIB.FLU.R.CLP.2018.03.Z.Z.06.0.A,2026-08-21T23:55:16+00:00,13,2013-01-01,2025-01-01,A,06,
F035.PIB.FLU.R.CLP.2018.04.Z.Z.06.0.A,2026-08-21T23:55:16+00:00,13,2013-01-01,2025-01-01,A,06,
F035.PIB.FLU.R.CLP.2018.05.Z.Z.06.0.A,2026-08-21T23:55:16+00:00,13,2013-01-01,2025-01-01,A,06,
F035.PIB.FLU.R.CLP.2018.06.Z.Z.06.0.A,2026-08-21T23:55:16+00:00,13,2013-01-01,2025-01-01,A,06,
F035.PIB.FLU.R.CLP.2018.08.Z.Z.06.0.A,2026-08-21T23:55:16+00:00,13,2013-01-01,2025-01-01,A,06,
F035.PIB.FLU.R.CLP.2018.09.21.Z.06.0.A,2026-08-21T23:55:16+00:00,13,2013-01-01,2025-01-01,A,06,
F035.PIB.FLU.R.CLP.2018.10.Z.Z.06.0.A,2026-08-21T23:55:16+00:00,13,2013-01-01,2025-01-01,A,06,
F035.PIB.FLU.R.CLP.2018.11.Z.Z.06.0.A,2026-08-21T23:55:16+00:00,13,2013-01-01,2025-01-01,A,06,
F035.PIB.FLU.R.CLP.2018.12.Z.Z.06.0.A,2026-08-21T23:55:16+00:00,13,2013-01-01,2025-01-01,A,06,
F035.PIB.FLU.R.CLP.2018.COM.Z.Z.06.0.A,2026-08-21T23:55:16+00:00,13,2013-01-01,2025-01-01,A,06,
F035.PIB.FLU.R.CLP.2018.RH.Z.Z.06.0.A,2026-08-21T23:55:16+00:00,13,2013-01-01,2025-01-01,A,06,
F035.PIB.FLU.R.CLP.2018.Z.Z.Z.06.0.A,2026-08-21T23:55:16+00:00,13,2013-01-01,2025-01-01,A,06,
F035.PIB.V12.R.CLP.2008.Z.Z.Z.06.0.A,2026-08-21T23:55:16+00:00,7,2009-01-01,2015-01-01,A,06,
F035.PIB.V12.R.CLP.2013.Z.Z.Z.06.0.A,2026-08-21T23:55:16+00:00,12,2009-01-01,2020-01-01,A,06,
F035.PIB.V12.R.CLP.2018.01.Z.Z.06.0.A,2026-08-21T23:55:16+00:00,12,2014-01-01,2025-01-01,A,06,
F035.PIB.V12.R.CLP.2018.02.04.Z.06.0.A,2026-08-21T23:55:16+00:00,12,2014-01-01,2025-01-01,A,06,
F035.PIB.V12.R.CLP.2018.03.Z.Z.06.0.A,2026-08-21T23:55:16+00:00,12,2014-01-01,2025-01-01,A,06,
F035.PIB.V12.R.CLP.2018.04.Z.Z.06.0.A,2026-08-21T23:55:16+00:00,12,2014-01-01,2025-01-01,A,06,
F035.PIB.V12.R.CLP.2018.05.Z.Z.06.0.A,2026-08-21T23:55:16+00:00,12,2014-01-01,2025-01-01,A,06,
F035.PIB.V12.R.CLP.2018.06.Z.Z.06.0.A,2026-08-21T23:55:16+00:00,12,2014-01-01,2025-01-01,A,06,
F035.PIB.V12.R.CLP.2018.08.Z.Z.06.0.A,2026-08-21T23:55:16+00:00,12,2014-01-01,2025-01-01,A,06,
F035.PIB.V12.R.CLP.2018.09.21.Z.06.0.A,2026-08-21T23:55:16+00:00,12,2014-01-01,2025-01-01,A,06,
F035.PIB.V12.R.CLP.2018.10.Z.Z.06.0.A,2026-08-21T23:55:16+00:00,12,2014-01-01,2025-01-01,A,06,
F035.PIB.V12.R.CLP.2018.11.Z.Z.06.0.A,2026-08-21T23:55:16+00:00,12,2014-01-01,2025-01-01,A,06,
F035.PIB.V12.R.CLP.2018.12.Z.Z.06.0.A,2026-08-21T23:55:16+00:00,12,2014-01-01,2025-01-01,A,06,
F035.PIB.V12.R.CLP.2018.COM.Z.Z.06.0.A,2026-08-21T23:55:16+00:00,12,2014-01-01,2025-01-01,A,06,
F035.PIB.V12.R.CLP.2018.CONT.Z.Z.06.0.A,2026-08-21T23:55:16+00:00,12,2014-01-01,2025-01-01,A,06,
F035.PIB.V12.R.CLP.2018.RH.Z.Z.06.0.A,2026-08-21T23:55:16+00:00,12,2014-01-01,2025-01-01,A,06,
F035.PIB.V12.R.CLP.2018.Z.Z.Z.06.0.A,2026-08-21T23:55:16+00:00,12,2014-01-01,2025-01-01,A,06,
F035.PPCP.FLU.R.USD.2018.Z.Z.Z.06.0.A,2026-08-21T23:55:16+00:00,12,2013-01-01,2024-01-01,A,06,
F035.XSE.FLU.N.CLP.2018.03.Z.Z.06.0.A,2026-08-21T23:55:16+00:00,13,2013-01-01,2025-01-01,A,06,
F035.XSE.FLU.N.CLP.2018.04.Z.Z.06.0.A,2026-08-21T23:55:16+00:00,13,2013-01-01,2025-01-01,A,06,
F035.XSE.FLU.N.CLP.2018.102.Z.Z.06.0.A,2026-08-21T23:55:16+00:00,13,2013-01-01,2025-01-01,A,06,
F035.XSE.FLU.N.CLP.2018.XBI.Z.Z.06.0.A,2026-08-21T23:55:16+00:00,13,2013-01-01,2025-01-01,A,06,
F035.XSE.FLU.N.CLP.2018.XBS.Z.Z.06.0.A,2026-08-21T23:55:16+00:00,13,2013-01-01,2025-01-01,A,06,
F035.XSE.FLU.N.CLP.2018.Z.Z.Z.06.0.A,2026-08-21T23:55:16+00:00,13,2013-01-01,2025-01-01,A,06,
F035.XSE.FLU.R.CLP.2018.03.Z.Z.06.0.A,2026-08-21T23:55:16+00:00,13,2013-01-01,2025-01-01,A,06,
F035.XSE.FLU.R.CLP.2018.04.Z.Z.06.0.A,2026-08-21T23:55:16+00:00,13,2013-01-01,2025-01-01,A,06,
F035.XSE.FLU.R.CLP.2018.102.Z.Z.06.0.A,2026-08-21T23:55:16+00:00,13,2013-01-01,2025-01-01,A,06,
F035.XSE.FLU.R.CLP.2018.XBI.Z.Z.06.0.A,2026-08-21T23:55:16+00:00,13,2013-01-01,2025-01-01,A,06,
F035.XSE.FLU.R.CLP.2018.XBS.Z.Z.06.0.A,2026-08-21T23:55:16+00:00,13,2013-01-01,2025-01-01,A,06,
F035.XSE.FLU.R.CLP.2018.Z.Z.Z.06.0.A,2026-08-21T23:55:16+00:00,13,2013-01-01,2025-01-01,A,06,
F035.XSE.V12.R.Z.2018.03.Z.Z.06.0.A,2026-08-21T23:55:16+00:00,12,2014-01-01,2025-01-01,A,06,
F035.XSE.V12.R.Z.2018.04.Z.Z.06.0.A,2026-08-21T23:55:16+00:00,12,2014-01-01,2025-01-01,A,06,
F035.XSE.V12.R.Z.2018.102.Z.Z.06.0.A,2026-08-21T23:55:17+00:00,12,2014-01-01,2025-01-01,A,06,
F035.XSE.V12.R.Z.2018.XBI.Z.Z.06.0.A,2026-08-21T23:55:17+00:00,12,2014-01-01,2025-01-01,A,06,
F035.XSE.V12.R.Z.2018.XBS.Z.Z.06.0.A,2026-08-21T23:55:17+00:00,12,2014-01-01,2025-01-01,A,06,
F035.XSE.V12.R.Z.2018.XBSSR.Z.Z.06.0.A,2026-08-21T23:55:17+00:00,12,2014-01-01,2025-01-01,A,06,
F035.XSE.V12.R.Z.2018.Z.Z.Z.06.0.A,2026-08-21T23:55:17+00:00,12,2014-01-01,2025-01-01,A,06,
F049.EVA.STO.INE.16.A,2026-08-21T23:55:17+00:00,25,2002-01-01,2026-01-01,A,06,
F049.EVH.STO.INE.16.A,2026-08-21T23:55:17+00:00,25,2002-01-01,2026-01-01,A,06,
F049.EVM.STO.INE.16.A,2026-08-21T23:55:17+00:00,25,2002-01-01,2026-01-01,A,06,
F049.POBLI.STO.INE.AT.A,2026-08-21T23:55:17+00:00,25,2002-01-01,2026-01-01,A,06,
F049.POBLI.STO.INE.H0014.A,2026-08-21T23:55:17+00:00,25,2002-01-01,2026-01-01,A,06,
F049.POBLI.STO.INE.H1564.A,2026-08-21T23:55:17+00:00,25,2002-01-01,2026-01-01,A,06,
F049.POBLI.STO.INE.H65YM.A,2026-08-21T23:55:17+00:00,25,2002-01-01,2026-01-01,A,06,
F049.POBLI.STO.INE.HT.A,2026-08-21T23:55:17+00:00,25,2002-01-01,2026-01-01,A,06,
F049.POBLI.STO.INE.M0014.A,2026-08-21T23:55:17+00:00,25,2002-01-01,2026-01-01,A,06,
F049.POBLI.STO.INE.M1564.A,2026-08-21T23:55:17+00:00,25,2002-01-01,2026-01-01,A,06,
F049.POBLI.STO.INE.M65YM.A,2026-08-21T23:55:17+00:00,25,2002-01-01,2026-01-01,A,06,
F049.POBLI.STO.INE.MT.A,2026-08-21T23:55:17+00:00,25,2002-01-01,2026-01-01,A,06,
F068.G1.STO.Z.IED.Z.Z.Z.Z.CL.IED.6.RVI.A,2026-08-21T23:55:17+00:00,13,2012-01-01,2024-01-01,A,06,
F034.ICNE.POR.BCCH.Z.RVII.A,2026-08-21T23:55:17+00:00,18,2006-01-01,2023-01-01,A,07,
F034.SEVC.POR.BCCH.Z.RVII.A,2026-08-21T23:55:17+00:00,14,2006-01-01,2019-01-01,A,07,
F034.TEAMV.STO.BCCH.Z.RVII.A,2026-08-21T23:55:17+00:00,20,2005-01-01,2024-01-01,A,07,
F034.TEMP.STO.BCCH.Z.RVII.A,2026-08-21T23:55:17+00:00,20,2005-01-01,2024-01-01,A,07,
F035.CPCP.FLU.R.USD.2018.Z.Z.Z.07.0.A,2026-08-21T23:55:17+00:00,12,2013-01-01,2024-01-01,A,07,
F035.CPRIPSFL.FLU.N.CLP.2018.Z.Z.BD.07.0.A,2026-08-21T23:55:17+00:00,13,2013-01-01,2025-01-01,A,07,
F035.CPRIPSFL.FLU.N.CLP.2018.Z.Z.BND.07.0.A,2026-08-21T23:55:17+00:00,13,2013-01-01,2025-01-01,A,07,
F035.CPRIPSFL.FLU.N.CLP.2018.Z.Z.SER.07.0.A,2026-08-21T23:55:17+00:00,13,2013-01-01,2025-01-01,A,07,
F035.CPRIPSFL.FLU.N.CLP.2018.Z.Z.Z.07.0.A,2026-08-21T23:55:17+00:00,13,2013-01-01,2025-01-01,A,07,
F035.CPRIPSFL.V12.R.CLP.2018.Z.Z.BD.07.0.A,2026-08-21T23:55:17+00:00,12,2014-01-01,2025-01-01,A,07,
F035.CPRIPSFL.V12.R.CLP.2018.Z.Z.BND.07.0.A,2026-08-21T23:55:17+00:00,12,2014-01-01,2025-01-01,A,07,
F035.CPRIPSFL.V12.R.CLP.2018.Z.Z.CONT.07.0.A,2026-08-21T23:55:17+00:00,12,2014-01-01,2025-01-01,A,07,
F035.CPRIPSFL.V12.R.CLP.2018.Z.Z.SER.07.0.A,2026-08-21T23:55:17+00:00,12,2014-01-01,2025-01-01,A,07,
F035.CPRIPSFL.V12.R.CLP.2018.Z.Z.Z.07.0.A,2026-08-21T23:55:17+00:00,12,2014-01-01,2025-01-01,A,07,
F035.IMB.FLU.R.CLP.1986.13.Z.Z.07.0.A,2026-08-21T23:55:17+00:00,13,1985-01-01,1997-01-01,A,07,
F035.IMB.FLU.R.CLP.1996.13.Z.Z.07.0.A,2026-08-21T23:55:17+00:00,8,1996-01-01,2003-01-01,A,07,
F035.IMB.FLU.R.CLP.2003.13.Z.Z.07.0.A,2026-08-21T23:55:17+00:00,7,2003-01-01,2009-01-01,A,07,
F035.PIB.FLU.N.CLP.2008.01.Z.Z.07.0.A,2026-08-21T23:55:17+00:00,7,2008-01-01,2014-01-01,A,07,
F035.PIB.FLU.N.CLP.2008.02.04.Z.07.0.A,2026-08-21T23:55:17+00:00,7,2008-01-01,2014-01-01,A,07,
F035.PIB.FLU.N.CLP.2008.03.Z.Z.07.0.A,2026-08-21T23:55:17+00:00,7,2008-01-01,2014-01-01,A,07,
F035.PIB.FLU.N.CLP.2008.04.Z.Z.07.0.A,2026-08-21T23:55:17+00:00,7,2008-01-01,2014-01-01,A,07,
F035.PIB.FLU.N.CLP.2008.05.Z.Z.07.0.A,2026-08-21T23:55:17+00:00,7,2008-01-01,2014-01-01,A,07,
F035.PIB.FLU.N.CLP.2008.06.Z.Z.07.0.A,2026-08-21T23:55:17+00:00,7,2008-01-01,2014-01-01,A,07,
F035.PIB.FLU.N.CLP.2008.07.Z.Z.07.0.A,2026-08-21T23:55:18+00:00,7,2008-01-01,2014-01-01,A,07,
F035.PIB.FLU.N.CLP.2008.08.Z.Z.07.0.A,2026-08-21T23:55:18+00:00,7,2008-01-01,2014-01-01,A,07,
F035.PIB.FLU.N.CLP.2008.09.21.Z.07.0.A,2026-08-21T23:55:18+00:00,7,2008-01-01,2014-01-01,A,07,
F035.PIB.FLU.N.CLP.2008.10.Z.Z.07.0.A,2026-08-21T23:55:18+00:00,7,2008-01-01,2014-01-01,A,07,
F035.PIB.FLU.N.CLP.2008.11.Z.Z.07.0.A,2026-08-21T23:55:18+00:00,7,2008-01-01,2014-01-01,A,07,
F035.PIB.FLU.N.CLP.2008.12.Z.Z.07.0.A,2026-08-21T23:55:18+00:00,7,2008-01-01,2014-01-01,A,07,
F035.PIB.FLU.N.CLP.2008.Z.Z.Z.07.0.A,2026-08-21T23:55:18+00:00,8,2008-01-01,2015-01-01,A,07,
F035.PIB.FLU.N.CLP.2013.01.Z.Z.07.0.A,2026-08-21T23:55:18+00:00,12,2008-01-01,2019-01-01,A,07,
F035.PIB.FLU.N.CLP.2013.02.04.Z.07.0.A,2026-08-21T23:55:18+00:00,12,2008-01-01,2019-01-01,A,07,
F035.PIB.FLU.N.CLP.2013.03.Z.Z.07.0.A,2026-08-21T23:55:18+00:00,12,2008-01-01,2019-01-01,A,07,
F035.PIB.FLU.N.CLP.2013.04.Z.Z.07.0.A,2026-08-21T23:55:18+00:00,12,2008-01-01,2019-01-01,A,07,
F035.PIB.FLU.N.CLP.2013.05.Z.Z.07.0.A,2026-08-21T23:55:18+00:00,12,2008-01-01,2019-01-01,A,07,
F035.PIB.FLU.N.CLP.2013.06.Z.Z.07.0.A,2026-08-21T23:55:18+00:00,12,2008-01-01,2019-01-01,A,07,
F035.PIB.FLU.N.CLP.2013.07.Z.Z.07.0.A,2026-08-21T23:55:18+00:00,12,2008-01-01,2019-01-01,A,07,
F035.PIB.FLU.N.CLP.2013.08.Z.Z.07.0.A,2026-08-21T23:55:18+00:00,12,2008-01-01,2019-01-01,A,07,
F035.PIB.FLU.N.CLP.2013.09.21.Z.07.0.A,2026-08-21T23:55:18+00:00,12,2008-01-01,2019-01-01,A,07,
F035.PIB.FLU.N.CLP.2013.10.Z.Z.07.0.A,2026-08-21T23:55:18+00:00,12,2008-01-01,2019-01-01,A,07,
F035.PIB.FLU.N.CLP.2013.11.Z.Z.07.0.A,2026-08-21T23:55:18+00:00,12,2008-01-01,2019-01-01,A,07,
F035.PIB.FLU.N.CLP.2013.12.Z.Z.07.0.A,2026-08-21T23:55:18+00:00,12,2008-01-01,2019-01-01,A,07,
F035.PIB.FLU.N.CLP.2013.Z.Z.Z.07.0.A,2026-08-21T23:55:18+00:00,13,2008-01-01,2020-01-01,A,07,
F035.PIB.FLU.N.CLP.2018.01.Z.Z.07.0.A,2026-08-21T23:55:18+00:00,13,2013-01-01,2025-01-01,A,07,
F035.PIB.FLU.N.CLP.2018.02.04.Z.07.0.A,2026-08-21T23:55:18+00:00,13,2013-01-01,2025-01-01,A,07,
F035.PIB.FLU.N.CLP.2018.03.Z.Z.07.0.A,2026-08-21T23:55:18+00:00,13,2013-01-01,2025-01-01,A,07,
F035.PIB.FLU.N.CLP.2018.04.Z.Z.07.0.A,2026-08-21T23:55:18+00:00,13,2013-01-01,2025-01-01,A,07,
F035.PIB.FLU.N.CLP.2018.05.Z.Z.07.0.A,2026-08-21T23:55:18+00:00,13,2013-01-01,2025-01-01,A,07,
F035.PIB.FLU.N.CLP.2018.06.Z.Z.07.0.A,2026-08-21T23:55:18+00:00,13,2013-01-01,2025-01-01,A,07,
F035.PIB.FLU.N.CLP.2018.08.Z.Z.07.0.A,2026-08-21T23:55:18+00:00,13,2013-01-01,2025-01-01,A,07,
F035.PIB.FLU.N.CLP.2018.09.21.Z.07.0.A,2026-08-21T23:55:18+00:00,13,2013-01-01,2025-01-01,A,07,
F035.PIB.FLU.N.CLP.2018.10.Z.Z.07.0.A,2026-08-21T23:55:18+00:00,13,2013-01-01,2025-01-01,A,07,
F035.PIB.FLU.N.CLP.2018.11.Z.Z.07.0.A,2026-08-21T23:55:18+00:00,13,2013-01-01,2025-01-01,A,07,
F035.PIB.FLU.N.CLP.2018.12.Z.Z.07.0.A,2026-08-21T23:55:18+00:00,13,2013-01-01,2025-01-01,A,07,
F035.PIB.FLU.N.CLP.2018.COM.Z.Z.07.0.A,2026-08-21T23:55:18+00:00,13,2013-01-01,2025-01-01,A,07,
F035.PIB.FLU.N.CLP.2018.RH.Z.Z.07.0.A,2026-08-21T23:55:18+00:00,13,2013-01-01,2025-01-01,A,07,
F035.PIB.FLU.N.CLP.2018.Z.Z.Z.07.0.A,2026-08-21T23:55:18+00:00,13,2013-01-01,2025-01-01,A,07,
F035.PIB.FLU.R.CLP.1986.01.Z.Z.07.0.A,2026-08-21T23:55:18+00:00,13,1985-01-01,1997-01-01,A,07,
F035.PIB.FLU.R.CLP.1986.02.04.Z.07.0.A,2026-08-21T23:55:18+00:00,13,1985-01-01,1997-01-01,A,07,
F035.PIB.FLU.R.CLP.1986.03.Z.Z.07.0.A,2026-08-21T23:55:18+00:00,13,1985-01-01,1997-01-01,A,07,
F035.PIB.FLU.R.CLP.1986.04.Z.Z.07.0.A,2026-08-21T23:55:18+00:00,13,1985-01-01,1997-01-01,A,07,
F035.PIB.FLU.R.CLP.1986.05.Z.Z.07.0.A,2026-08-21T23:55:18+00:00,13,1985-01-01,1997-01-01,A,07,
F035.PIB.FLU.R.CLP.1986.06.Z.Z.07.0.A,2026-08-21T23:55:19+00:00,13,1985-01-01,1997-01-01,A,07,
F035.PIB.FLU.R.CLP.1986.07.Z.Z.07.0.A,2026-08-21T23:55:19+00:00,13,1985-01-01,1997-01-01,A,07,
F035.PIB.FLU.R.CLP.1986.08.Z.Z.07.0.A,2026-08-21T23:55:19+00:00,13,1985-01-01,1997-01-01,A,07,
F035.PIB.FLU.R.CLP.1986.09.21.27.07.0.A,2026-08-21T23:55:19+00:00,13,1985-01-01,1997-01-01,A,07,
F035.PIB.FLU.R.CLP.1986.10.Z.Z.07.0.A,2026-08-21T23:55:19+00:00,13,1985-01-01,1997-01-01,A,07,
F035.PIB.FLU.R.CLP.1986.11.Z.Z.07.0.A,2026-08-21T23:55:19+00:00,13,1985-01-01,1997-01-01,A,07,
F035.PIB.FLU.R.CLP.1986.12.Z.Z.07.0.A,2026-08-21T23:55:19+00:00,13,1985-01-01,1997-01-01,A,07,
F035.PIB.FLU.R.CLP.1986.Z.Z.Z.07.0.A,2026-08-21T23:55:19+00:00,14,1985-01-01,1998-01-01,A,07,
F035.PIB.FLU.R.CLP.1996.01.Z.Z.07.0.A,2026-08-21T23:55:19+00:00,8,1996-01-01,2003-01-01,A,07,
F035.PIB.FLU.R.CLP.1996.02.04.Z.07.0.A,2026-08-21T23:55:19+00:00,8,1996-01-01,2003-01-01,A,07,
F035.PIB.FLU.R.CLP.1996.03.Z.Z.07.0.A,2026-08-21T23:55:19+00:00,8,1996-01-01,2003-01-01,A,07,
F035.PIB.FLU.R.CLP.1996.04.Z.Z.07.0.A,2026-08-21T23:55:19+00:00,8,1996-01-01,2003-01-01,A,07,
F035.PIB.FLU.R.CLP.1996.05.Z.Z.07.0.A,2026-08-21T23:55:19+00:00,8,1996-01-01,2003-01-01,A,07,
F035.PIB.FLU.R.CLP.1996.06.Z.Z.07.0.A,2026-08-21T23:55:19+00:00,8,1996-01-01,2003-01-01,A,07,
F035.PIB.FLU.R.CLP.1996.07.Z.Z.07.0.A,2026-08-21T23:55:19+00:00,8,1996-01-01,2003-01-01,A,07,
F035.PIB.FLU.R.CLP.1996.08.Z.Z.07.0.A,2026-08-21T23:55:19+00:00,8,1996-01-01,2003-01-01,A,07,
F035.PIB.FLU.R.CLP.1996.09.21.Z.07.0.A,2026-08-21T23:55:19+00:00,8,1996-01-01,2003-01-01,A,07,
F035.PIB.FLU.R.CLP.1996.10.Z.Z.07.0.A,2026-08-21T23:55:19+00:00,8,1996-01-01,2003-01-01,A,07,
F035.PIB.FLU.R.CLP.1996.11.Z.Z.07.0.A,2026-08-21T23:55:19+00:00,8,1996-01-01,2003-01-01,A,07,
F035.PIB.FLU.R.CLP.1996.12.Z.Z.07.0.A,2026-08-21T23:55:19+00:00,8,1996-01-01,2003-01-01,A,07,
F035.PIB.FLU.R.CLP.1996.Z.Z.Z.07.0.A,2026-08-21T23:55:19+00:00,9,1996-01-01,2004-01-01,A,07,
F035.PIB.FLU.R.CLP.2003.01.Z.Z.07.0.A,2026-08-21T23:55:19+00:00,7,2003-01-01,2009-01-01,A,07,
F035.PIB.FLU.R.CLP.2003.02.04.Z.07.0.A,2026-08-21T23:55:19+00:00,7,2003-01-01,2009-01-01,A,07,
F035.PIB.FLU.R.CLP.2003.03.Z.Z.07.0.A,2026-08-21T23:55:19+00:00,7,2003-01-01,2009-01-01,A,07,
F035.PIB.FLU.R.CLP.2003.04.Z.Z.07.0.A,2026-08-21T23:55:19+00:00,7,2003-01-01,2009-01-01,A,07,
F035.PIB.FLU.R.CLP.2003.05.Z.Z.07.0.A,2026-08-21T23:55:19+00:00,7,2003-01-01,2009-01-01,A,07,
F035.PIB.FLU.R.CLP.2003.06.Z.Z.07.0.A,2026-08-21T23:55:19+00:00,7,2003-01-01,2009-01-01,A,07,
F035.PIB.FLU.R.CLP.2003.07.Z.Z.07.0.A,2026-08-21T23:55:19+00:00,7,2003-01-01,2009-01-01,A,07,
F035.PIB.FLU.R.CLP.2003.08.Z.Z.07.0.A,2026-08-21T23:55:19+00:00,7,2003-01-01,2009-01-01,A,07,
F035.PIB.FLU.R.CLP.2003.09.21.Z.07.0.A,2026-08-21T23:55:19+00:00,7,2003-01-01,2009-01-01,A,07,
F035.PIB.FLU.R.CLP.2003.10.Z.Z.07.0.A,2026-08-21T23:55:19+00:00,7,2003-01-01,2009-01-01,A,07,
F035.PIB.FLU.R.CLP.2003.11.Z.Z.07.0.A,2026-08-21T23:55:19+00:00,7,2003-01-01,2009-01-01,A,07,
F035.PIB.FLU.R.CLP.2003.12.Z.Z.07.0.A,2026-08-21T23:55:19+00:00,7,2003-01-01,2009-01-01,A,07,
F035.PIB.FLU.R.CLP.2003.Z.Z.Z.07.0.A,2026-08-21T23:55:19+00:00,8,2003-01-01,2010-01-01,A,07,
F035.PIB.FLU.R.CLP.2008.01.Z.Z.07.0.A,2026-08-21T23:55:19+00:00,7,2008-01-01,2014-01-01,A,07,
F035.PIB.FLU.R.CLP.2008.02.04.Z.07.0.A,2026-08-21T23:55:19+00:00,7,2008-01-01,2014-01-01,A,07,
F035.PIB.FLU.R.CLP.2008.03.Z.Z.07.0.A,2026-08-21T23:55:19+00:00,7,2008-01-01,2014-01-01,A,07,
F035.PIB.FLU.R.CLP.2008.04.Z.Z.07.0.A,2026-08-21T23:55:19+00:00,7,2008-01-01,2014-01-01,A,07,
F035.PIB.FLU.R.CLP.2008.05.Z.Z.07.0.A,2026-08-21T23:55:19+00:00,7,2008-01-01,2014-01-01,A,07,
F035.PIB.FLU.R.CLP.2008.06.Z.Z.07.0.A,2026-08-21T23:55:19+00:00,7,2008-01-01,2014-01-01,A,07,
F035.PIB.FLU.R.CLP.2008.07.Z.Z.07.0.A,2026-08-21T23:55:19+00:00,7,2008-01-01,2014-01-01,A,07,
F035.PIB.FLU.R.CLP.2008.08.Z.Z.07.0.A,2026-08-21T23:55:19+00:00,7,2008-01-01,2014-01-01,A,07,
F035.PIB.FLU.R.CLP.2008.09.21.Z.07.0.A,2026-08-21T23:55:19+00:00,7,2008-01-01,2014-01-01,A,07,
F035.PIB.FLU.R.CLP.2008.10.Z.Z.07.0.A,2026-08-21T23:55:20+00:00,7,2008-01-01,2014-01-01,A,07,
F035.PIB.FLU.R.CLP.2008.11.Z.Z.07.0.A,2026-08-21T23:55:20+00:00,7,2008-01-01,2014-01-01,A,07,
F035.PIB.FLU.R.CLP.2008.12.Z.Z.07.0.A,2026-08-21T23:55:20+00:00,7,2008-01-01,2014-01-01,A,07,
F035.PIB.FLU.R.CLP.2008.Z.Z.Z.07.0.A,2026-08-21T23:55:20+00:00,8,2008-01-01,2015-01-01,A,07,
F035.PIB.FLU.R.CLP.2013.01.Z.Z.07.0.A,2026-08-21T23:55:20+00:00,12,2008-01-01,2019-01-01,A,07,
F035.PIB.FLU.R.CLP.2013.02.04.Z.07.0.A,2026-08-21T23:55:20+00:00,12,2008-01-01,2019-01-01,A,07,
F035.PIB.FLU.R.CLP.2013.03.Z.Z.07.0.A,2026-08-21T23:55:20+00:00,12,2008-01-01,2019-01-01,A,07,
F035.PIB.FLU.R.CLP.2013.04.Z.Z.07.0.A,2026-08-21T23:55:20+00:00,12,2008-01-01,2019-01-01,A,07,
F035.PIB.FLU.R.CLP.2013.05.Z.Z.07.0.A,2026-08-21T23:55:20+00:00,12,2008-01-01,2019-01-01,A,07,
F035.PIB.FLU.R.CLP.2013.06.Z.Z.07.0.A,2026-08-21T23:55:20+00:00,12,2008-01-01,2019-01-01,A,07,
F035.PIB.FLU.R.CLP.2013.07.Z.Z.07.0.A,2026-08-21T23:55:20+00:00,12,2008-01-01,2019-01-01,A,07,
F035.PIB.FLU.R.CLP.2013.08.Z.Z.07.0.A,2026-08-21T23:55:20+00:00,12,2008-01-01,2019-01-01,A,07,
F035.PIB.FLU.R.CLP.2013.09.21.Z.07.0.A,2026-08-21T23:55:20+00:00,12,2008-01-01,2019-01-01,A,07,
F035.PIB.FLU.R.CLP.2013.10.Z.Z.07.0.A,2026-08-21T23:55:20+00:00,12,2008-01-01,2019-01-01,A,07,
F035.PIB.FLU.R.CLP.2013.11.Z.Z.07.0.A,2026-08-21T23:55:20+00:00,12,2008-01-01,2019-01-01,A,07,
F035.PIB.FLU.R.CLP.2013.12.Z.Z.07.0.A,2026-08-21T23:55:20+00:00,12,2008-01-01,2019-01-01,A,07,
F035.PIB.FLU.R.CLP.2013.Z.Z.Z.07.0.A,2026-08-21T23:55:20+00:00,13,2008-01-01,2020-01-01,A,07,
F035.PIB.FLU.R.CLP.2018.01.Z.Z.07.0.A,2026-08-21T23:55:20+00:00,13,2013-01-01,2025-01-01,A,07,
F035.PIB.FLU.R.CLP.2018.02.04.Z.07.0.A,2026-08-21T23:55:20+00:00,13,2013-01-01,2025-01-01,A,07,
F035.PIB.FLU.R.CLP.2018.03.Z.Z.07.0.A,2026-08-21T23:55:20+00:00,13,2013-01-01,2025-01-01,A,07,
F035.PIB.FLU.R.CLP.2018.04.Z.Z.07.0.A,2026-08-21T23:55:20+00:00,13,2013-01-01,2025-01-01,A,07,
F035.PIB.FLU.R.CLP.2018.05.Z.Z.07.0.A,2026-08-21T23:55:20+00:00,13,2013-01-01,2025-01-01,A,07,
F035.PIB.FLU.R.CLP.2018.06.Z.Z.07.0.A,2026-08-21T23:55:20+00:00,13,2013-01-01,2025-01-01,A,07,
F035.PIB.FLU.R.CLP.2018.08.Z.Z.07.0.A,2026-08-21T23:55:20+00:00,13,2013-01-01,2025-01-01,A,07,
F035.PIB.FLU.R.CLP.2018.09.21.Z.07.0.A,2026-08-21T23:55:20+00:00,13,2013-01-01,2025-01-01,A,07,
F035.PIB.FLU.R.CLP.2018.10.Z.Z.07.0.A,2026-08-21T23:55:20+00:00,13,2013-01-01,2025-01-01,A,07,
F035.PIB.FLU.R.CLP.2018.11.Z.Z.07.0.A,2026-08-21T23:55:20+00:00,13,2013-01-01,2025-01-01,A,07,
F035.PIB.FLU.R.CLP.2018.12.Z.Z.07.0.A,2026-08-21T23:55:20+00:00,13,2013-01-01,2025-01-01,A,07,
F035.PIB.FLU.R.CLP.2018.COM.Z.Z.07.0.A,2026-08-21T23:55:20+00:00,13,2013-01-01,2025-01-01,A,07,
F035.PIB.FLU.R.CLP.2018.RH.Z.Z.07.0.A,2026-08-21T23:55:20+00:00,13,2013-01-01,2025-01-01,A,07,
F035.PIB.FLU.R.CLP.2018.Z.Z.Z.07.0.A,2026-08-21T23:55:20+00:00,13,2013-01-01,2025-01-01,A,07,
F035.PIB.V12.R.CLP.2008.Z.Z.Z.07.0.A,2026-08-21T23:55:20+00:00,7,2009-01-01,2015-01-01,A,07,
F035.PIB.V12.R.CLP.2013.Z.Z.Z.07.0.A,2026-08-21T23:55:20+00:00,12,2009-01-01,2020-01-01,A,07,
F035.PIB.V12.R.CLP.2018.01.Z.Z.07.0.A,2026-08-21T23:55:20+00:00,12,2014-01-01,2025-01-01,A,07,
F035.PIB.V12.R.CLP.2018.02.04.Z.07.0.A,2026-08-21T23:55:20+00:00,12,2014-01-01,2025-01-01,A,07,
F035.PIB.V12.R.CLP.2018.03.Z.Z.07.0.A,2026-08-21T23:55:20+00:00,12,2014-01-01,2025-01-01,A,07,
F035.PIB.V12.R.CLP.2018.04.Z.Z.07.0.A,2026-08-21T23:55:20+00:00,12,2014-01-01,2025-01-01,A,07,
F035.PIB.V12.R.CLP.2018.05.Z.Z.07.0.A,2026-08-21T23:55:20+00:00,12,2014-01-01,2025-01-01,A,07,
F035.PIB.V12.R.CLP.2018.06.Z.Z.07.0.A,2026-08-21T23:55:20+00:00,12,2014-01-01,2025-01-01,A,07,
F035.PIB.V12.R.CLP.2018.08.Z.Z.07.0.A,2026-08-21T23:55:20+00:00,12,2014-01-01,2025-01-01,A,07,
F035.PIB.V12.R.CLP.2018.09.21.Z.07.0.A,2026-08-21T23:55:20+00:00,12,2014-01-01,2025-01-01,A,07,
F035.PIB.V12.R.CLP.2018.10.Z.Z.07.0.A,2026-08-21T23:55:20+00:00,12,2014-01-01,2025-01-01,A,07,
F035.PIB.V12.R.CLP.2018.11.Z.Z.07.0.A,2026-08-21T23:55:21+00:00,12,2014-01-01,2025-01-01,A,07,
F035.PIB.V12.R.CLP.2018.12.Z.Z.07.0.A,2026-08-21T23:55:21+00:00,12,2014-01-01,2025-01-01,A,07,
F035.PIB.V12.R.CLP.2018.COM.Z.Z.07.0.A,2026-08-21T23:55:21+00:00,12,2014-01-01,2025-01-01,A,07,
F035.PIB.V12.R.CLP.2018.CONT.Z.Z.07.0.A,2026-08-21T23:55:21+00:00,12,2014-01-01,2025-01-01,A,07,
F035.PIB.V12.R.CLP.2018.RH.Z.Z.07.0.A,2026-08-21T23:55:21+00:00,12,2014-01-01,2025-01-01,A,07,
F035.PIB.V12.R.CLP.2018.Z.Z.Z.07.0.A,2026-08-21T23:55:21+00:00,12,2014-01-01,2025-01-01,A,07,
F035.PPCP.FLU.R.USD.2018.Z.Z.Z.07.0.A,2026-08-21T23:55:21+00:00,12,2013-01-01,2024-01-01,A,07,
F035.XSE.FLU.N.CLP.2018.03.Z.Z.07.0.A,2026-08-21T23:55:21+00:00,13,2013-01-01,2025-01-01,A,07,
F035.XSE.FLU.N.CLP.2018.04.Z.Z.07.0.A,2026-08-21T23:55:21+00:00,13,2013-01-01,2025-01-01,A,07,
F035.XSE.FLU.N.CLP.2018.102.Z.Z.07.0.A,2026-08-21T23:55:21+00:00,13,2013-01-01,2025-01-01,A,07,
F035.XSE.FLU.N.CLP.2018.XBI.Z.Z.07.0.A,2026-08-21T23:55:21+00:00,13,2013-01-01,2025-01-01,A,07,
F035.XSE.FLU.N.CLP.2018.XBS.Z.Z.07.0.A,2026-08-21T23:55:21+00:00,13,2013-01-01,2025-01-01,A,07,
F035.XSE.FLU.N.CLP.2018.Z.Z.Z.07.0.A,2026-08-21T23:55:21+00:00,13,2013-01-01,2025-01-01,A,07,
F035.XSE.FLU.R.CLP.2018.03.Z.Z.07.0.A,2026-08-21T23:55:21+00:00,13,2013-01-01,2025-01-01,A,07,
F035.XSE.FLU.R.CLP.2018.04.Z.Z.07.0.A,2026-08-21T23:55:21+00:00,13,2013-01-01,2025-01-01,A,07,
F035.XSE.FLU.R.CLP.2018.102.Z.Z.07.0.A,2026-08-21T23:55:21+00:00,13,2013-01-01,2025-01-01,A,07,
F035.XSE.FLU.R.CLP.2018.XBI.Z.Z.07.0.A,2026-08-21T23:55:21+00:00,13,2013-01-01,2025-01-01,A,07,
F035.XSE.FLU.R.CLP.2018.XBS.Z.Z.07.0.A,2026-08-21T23:55:21+00:00,13,2013-01-01,2025-01-01,A,07,
F035.XSE.FLU.R.CLP.2018.Z.Z.Z.07.0.A,2026-08-21T23:55:21+00:00,13,2013-01-01,2025-01-01,A,07,
F035.XSE.V12.R.Z.2018.03.Z.Z.07.0.A,2026-08-21T23:55:21+00:00,12,2014-01-01,2025-01-01,A,07,
F035.XSE.V12.R.Z.2018.04.Z.Z.07.0.A,2026-08-21T23:55:21+00:00,12,2014-01-01,2025-01-01,A,07,
F035.XSE.V12.R.Z.2018.102.Z.Z.07.0.A,2026-08-21T23:55:21+00:00,12,2014-01-01,2025-01-01,A,07,
F035.XSE.V12.R.Z.2018.XBI.Z.Z.07.0.A,2026-08-21T23:55:21+00:00,12,2014-01-01,2025-01-01,A,07,
F035.XSE.V12.R.Z.2018.XBS.Z.Z.07.0.A,2026-08-21T23:55:21+00:00,12,2014-01-01,2025-01-01,A,07,
F035.XSE.V12.R.Z.2018.XBSSR.Z.Z.07.0.A,2026-08-21T23:55:21+00:00,12,2014-01-01,2025-01-01,A,07,
F035.XSE.V12.R.Z.2018.Z.Z.Z.07.0.A,2026-08-21T23:55:21+00:00,12,2014-01-01,2025-01-01,A,07,
F049.EVA.STO.INE.17.A,2026-08-21T23:55:21+00:00,25,2002-01-01,2026-01-01,A,07,
F049.EVH.STO.INE.17.A,2026-08-21T23:55:21+00:00,25,2002-01-01,2026-01-01,A,07,
F049.EVM.STO.INE.17.A,2026-08-21T23:55:21+00:00,25,2002-01-01,2026-01-01,A,07,
F049.POBML.STO.INE.AT.A,2026-08-21T23:55:21+00:00,25,2002-01-01,2026-01-01,A,07,
F049.POBML.STO.INE.H0014.A,2026-08-21T23:55:21+00:00,25,2002-01-01,2026-01-01,A,07,
F049.POBML.STO.INE.H1564.A,2026-08-21T23:55:21+00:00,25,2002-01-01,2026-01-01,A,07,
F049.POBML.STO.INE.H65YM.A,2026-08-21T23:55:21+00:00,25,2002-01-01,2026-01-01,A,07,
F049.POBML.STO.INE.HT.A,2026-08-21T23:55:21+00:00,25,2002-01-01,2026-01-01,A,07,
F049.POBML.STO.INE.M0014.A,2026-08-21T23:55:21+00:00,25,2002-01-01,2026-01-01,A,07,
F049.POBML.STO.INE.M1564.A,2026-08-21T23:55:21+00:00,25,2002-01-01,2026-01-01,A,07,
F049.POBML.STO.INE.M65YM.A,2026-08-21T23:55:21+00:00,25,2002-01-01,2026-01-01,A,07,
F049.POBML.STO.INE.MT.A,2026-08-21T23:55:21+00:00,25,2002-01-01,2026-01-01,A,07,
F068.G1.STO.Z.IED.Z.Z.Z.Z.CL.IED.6.RVII.A,2026-08-21T23:55:21+00:00,13,2012-01-01,2024-01-01,A,07,
F034.ICNE.POR.BCCH.Z.RVIII.A,2026-08-21T23:55:21+00:00,18,2006-01-01,2023-01-01,A,08,
F034.SEVC.POR.BCCH.Z.RVIII.A,2026-08-21T23:55:21+00:00,14,2006-01-01,2019-01-01,A,08,
F034.TEAMV.STO.BCCH.Z.RVIII.A,2026-08-21T23:55:21+00:00,20,2005-01-01,2024-01-01,A,08,
F034.TEMP.STO.BCCH.Z.RVIII.A,2026-08-21T23:55:22+00:00,20,2005-01-01,2024-01-01,A,08,
F035.CPCP.FLU.R.USD.2018.Z.Z.Z.08.0.A,2026-08-21T23:55:22+00:00,12,2013-01-01,2024-01-01,A,08,
F035.CPRIPSFL.FLU.N.CLP.2018.Z.Z.BD.08.0.A,2026-08-21T23:55:22+00:00,13,2013-01-01,2025-01-01,A,08,
F035.CPRIPSFL.FLU.N.CLP.2018.Z.Z.BND.08.0.A,2026-08-21T23:55:22+00:00,13,2013-01-01,2025-01-01,A,08,
F035.CPRIPSFL.FLU.N.CLP.2018.Z.Z.SER.08.0.A,2026-08-21T23:55:22+00:00,13,2013-01-01,2025-01-01,A,08,
F035.CPRIPSFL.FLU.N.CLP.2018.Z.Z.Z.08.0.A,2026-08-21T23:55:22+00:00,13,2013-01-01,2025-01-01,A,08,
F035.CPRIPSFL.V12.R.CLP.2018.Z.Z.BD.08.0.A,2026-08-21T23:55:22+00:00,12,2014-01-01,2025-01-01,A,08,
F035.CPRIPSFL.V12.R.CLP.2018.Z.Z.BND.08.0.A,2026-08-21T23:55:22+00:00,12,2014-01-01,2025-01-01,A,08,
F035.CPRIPSFL.V12.R.CLP.2018.Z.Z.CONT.08.0.A,2026-08-21T23:55:22+00:00,12,2014-01-01,2025-01-01,A,08,
F035.CPRIPSFL.V12.R.CLP.2018.Z.Z.SER.08.0.A,2026-08-21T23:55:22+00:00,12,2014-01-01,2025-01-01,A,08,
F035.CPRIPSFL.V12.R.CLP.2018.Z.Z.Z.08.0.A,2026-08-21T23:55:22+00:00,12,2014-01-01,2025-01-01,A,08,
F035.IMB.FLU.R.CLP.1986.13.Z.Z.08.0.A,2026-08-21T23:55:22+00:00,13,1985-01-01,1997-01-01,A,08,
F035.IMB.FLU.R.CLP.1996.13.Z.Z.08.0.A,2026-08-21T23:55:22+00:00,8,1996-01-01,2003-01-01,A,08,
F035.IMB.FLU.R.CLP.2003.13.Z.Z.08.0.A,2026-08-21T23:55:22+00:00,7,2003-01-01,2009-01-01,A,08,
F035.PIB.FLU.N.CLP.2008.01.Z.Z.08.0.A,2026-08-21T23:55:22+00:00,7,2008-01-01,2014-01-01,A,08,
F035.PIB.FLU.N.CLP.2008.02.04.Z.08.0.A,2026-08-21T23:55:22+00:00,7,2008-01-01,2014-01-01,A,08,
F035.PIB.FLU.N.CLP.2008.03.Z.Z.08.0.A,2026-08-21T23:55:22+00:00,7,2008-01-01,2014-01-01,A,08,
F035.PIB.FLU.N.CLP.2008.04.Z.Z.08.0.A,2026-08-21T23:55:22+00:00,7,2008-01-01,2014-01-01,A,08,
F035.PIB.FLU.N.CLP.2008.05.Z.Z.08.0.A,2026-08-21T23:55:22+00:00,7,2008-01-01,2014-01-01,A,08,
F035.PIB.FLU.N.CLP.2008.06.Z.Z.08.0.A,2026-08-21T23:55:22+00:00,7,2008-01-01,2014-01-01,A,08,
F035.PIB.FLU.N.CLP.2008.07.Z.Z.08.0.A,2026-08-21T23:55:22+00:00,7,2008-01-01,2014-01-01,A,08,
F035.PIB.FLU.N.CLP.2008.08.Z.Z.08.0.A,2026-08-21T23:55:22+00:00,7,2008-01-01,2014-01-01,A,08,
F035.PIB.FLU.N.CLP.2008.09.21.Z.08.0.A,2026-08-21T23:55:22+00:00,7,2008-01-01,2014-01-01,A,08,
F035.PIB.FLU.N.CLP.2008.10.Z.Z.08.0.A,2026-08-21T23:55:22+00:00,7,2008-01-01,2014-01-01,A,08,
F035.PIB.FLU.N.CLP.2008.11.Z.Z.08.0.A,2026-08-21T23:55:22+00:00,7,2008-01-01,2014-01-01,A,08,
F035.PIB.FLU.N.CLP.2008.12.Z.Z.08.0.A,2026-08-21T23:55:22+00:00,7,2008-01-01,2014-01-01,A,08,
F035.PIB.FLU.N.CLP.2008.Z.Z.Z.08.0.A,2026-08-21T23:55:22+00:00,8,2008-01-01,2015-01-01,A,08,
F035.PIB.FLU.N.CLP.2013.01.Z.Z.08.0.A,2026-08-21T23:55:22+00:00,12,2008-01-01,2019-01-01,A,08,
F035.PIB.FLU.N.CLP.2013.02.04.Z.08.0.A,2026-08-21T23:55:22+00:00,12,2008-01-01,2019-01-01,A,08,
F035.PIB.FLU.N.CLP.2013.03.Z.Z.08.0.A,2026-08-21T23:55:22+00:00,12,2008-01-01,2019-01-01,A,08,
F035.PIB.FLU.N.CLP.2013.04.Z.Z.08.0.A,2026-08-21T23:55:22+00:00,12,2008-01-01,2019-01-01,A,08,
F035.PIB.FLU.N.CLP.2013.05.Z.Z.08.0.A,2026-08-21T23:55:22+00:00,12,2008-01-01,2019-01-01,A,08,
F035.PIB.FLU.N.CLP.2013.06.Z.Z.08.0.A,2026-08-21T23:55:22+00:00,12,2008-01-01,2019-01-01,A,08,
F035.PIB.FLU.N.CLP.2013.07.Z.Z.08.0.A,2026-08-21T23:55:22+00:00,12,2008-01-01,2019-01-01,A,08,
F035.PIB.FLU.N.CLP.2013.08.Z.Z.08.0.A,2026-08-21T23:55:22+00:00,12,2008-01-01,2019-01-01,A,08,
F035.PIB.FLU.N.CLP.2013.09.21.Z.08.0.A,2026-08-21T23:55:22+00:00,12,2008-01-01,2019-01-01,A,08,
F035.PIB.FLU.N.CLP.2013.10.Z.Z.08.0.A,2026-08-21T23:55:22+00:00,12,2008-01-01,2019-01-01,A,08,
F035.PIB.FLU.N.CLP.2013.11.Z.Z.08.0.A,2026-08-21T23:55:22+00:00,12,2008-01-01,2019-01-01,A,08,
F035.PIB.FLU.N.CLP.2013.12.Z.Z.08.0.A,2026-08-21T23:55:22+00:00,12,2008-01-01,2019-01-01,A,08,
F035.PIB.FLU.N.CLP.2013.Z.Z.Z.08.0.A,2026-08-21T23:55:22+00:00,13,2008-01-01,2020-01-01,A,08,
F035.PIB.FLU.N.CLP.2018.01.Z.Z.08.0.A,2026-08-21T23:55:22+00:00,13,2013-01-01,2025-01-01,A,08,
F035.PIB.FLU.N.CLP.2018.02.04.Z.08.0.A,2026-08-21T23:55:23+00:00,13,2013-01-01,2025-01-01,A,08,
F035.PIB.FLU.N.CLP.2018.03.Z.Z.08.0.A,2026-08-21T23:55:23+00:00,13,2013-01-01,2025-01-01,A,08,
F035.PIB.FLU.N.CLP.2018.04.Z.Z.08.0.A,2026-08-21T23:55:23+00:00,13,2013-01-01,2025-01-01,A,08,
F035.PIB.FLU.N.CLP.2018.05.Z.Z.08.0.A,2026-08-21T23:55:23+00:00,13,2013-01-01,2025-01-01,A,08,
F035.PIB.FLU.N.CLP.2018.06.Z.Z.08.0.A,2026-08-21T23:55:23+00:00,13,2013-01-01,2025-01-01,A,08,
F035.PIB.FLU.N.CLP.2018.08.Z.Z.08.0.A,2026-08-21T23:55:23+00:00,13,2013-01-01,2025-01-01,A,08,
F035.PIB.FLU.N.CLP.2018.09.21.Z.08.0.A,2026-08-21T23:55:23+00:00,13,2013-01-01,2025-01-01,A,08,
F035.PIB.FLU.N.CLP.2018.10.Z.Z.08.0.A,2026-08-21T23:55:23+00:00,13,2013-01-01,2025-01-01,A,08,
F035.PIB.FLU.N.CLP.2018.11.Z.Z.08.0.A,2026-08-21T23:55:23+00:00,13,2013-01-01,2025-01-01,A,08,
F035.PIB.FLU.N.CLP.2018.12.Z.Z.08.0.A,2026-08-21T23:55:23+00:00,13,2013-01-01,2025-01-01,A,08,
F035.PIB.FLU.N.CLP.2018.COM.Z.Z.08.0.A,2026-08-21T23:55:23+00:00,13,2013-01-01,2025-01-01,A,08,
F035.PIB.FLU.N.CLP.2018.RH.Z.Z.08.0.A,2026-08-21T23:55:23+00:00,13,2013-01-01,2025-01-01,A,08,
F035.PIB.FLU.N.CLP.2018.Z.Z.Z.08.0.A,2026-08-21T23:55:23+00:00,13,2013-01-01,2025-01-01,A,08,
F035.PIB.FLU.R.CLP.1986.01.Z.Z.08.0.A,2026-08-21T23:55:23+00:00,13,1985-01-01,1997-01-01,A,08,
F035.PIB.FLU.R.CLP.1986.02.04.Z.08.0.A,2026-08-21T23:55:23+00:00,13,1985-01-01,1997-01-01,A,08,
F035.PIB.FLU.R.CLP.1986.03.Z.Z.08.0.A,2026-08-21T23:55:23+00:00,13,1985-01-01,1997-01-01,A,08,
F035.PIB.FLU.R.CLP.1986.04.Z.Z.08.0.A,2026-08-21T23:55:23+00:00,13,1985-01-01,1997-01-01,A,08,
F035.PIB.FLU.R.CLP.1986.05.Z.Z.08.0.A,2026-08-21T23:55:23+00:00,13,1985-01-01,1997-01-01,A,08,
F035.PIB.FLU.R.CLP.1986.06.Z.Z.08.0.A,2026-08-21T23:55:23+00:00,13,1985-01-01,1997-01-01,A,08,
F035.PIB.FLU.R.CLP.1986.07.Z.Z.08.0.A,2026-08-21T23:55:23+00:00,13,1985-01-01,1997-01-01,A,08,
F035.PIB.FLU.R.CLP.1986.08.Z.Z.08.0.A,2026-08-21T23:55:23+00:00,13,1985-01-01,1997-01-01,A,08,
F035.PIB.FLU.R.CLP.1986.09.21.27.08.0.A,2026-08-21T23:55:23+00:00,13,1985-01-01,1997-01-01,A,08,
F035.PIB.FLU.R.CLP.1986.10.Z.Z.08.0.A,2026-08-21T23:55:23+00:00,13,1985-01-01,1997-01-01,A,08,
F035.PIB.FLU.R.CLP.1986.11.Z.Z.08.0.A,2026-08-21T23:55:23+00:00,13,1985-01-01,1997-01-01,A,08,
F035.PIB.FLU.R.CLP.1986.12.Z.Z.08.0.A,2026-08-21T23:55:23+00:00,13,1985-01-01,1997-01-01,A,08,
F035.PIB.FLU.R.CLP.1986.Z.Z.Z.08.0.A,2026-08-21T23:55:23+00:00,14,1985-01-01,1998-01-01,A,08,
F035.PIB.FLU.R.CLP.1996.01.Z.Z.08.0.A,2026-08-21T23:55:23+00:00,8,1996-01-01,2003-01-01,A,08,
F035.PIB.FLU.R.CLP.1996.02.04.Z.08.0.A,2026-08-21T23:55:23+00:00,8,1996-01-01,2003-01-01,A,08,
F035.PIB.FLU.R.CLP.1996.03.Z.Z.08.0.A,2026-08-21T23:55:23+00:00,8,1996-01-01,2003-01-01,A,08,
F035.PIB.FLU.R.CLP.1996.04.Z.Z.08.0.A,2026-08-21T23:55:23+00:00,8,1996-01-01,2003-01-01,A,08,
F035.PIB.FLU.R.CLP.1996.05.Z.Z.08.0.A,2026-08-21T23:55:23+00:00,8,1996-01-01,2003-01-01,A,08,
F035.PIB.FLU.R.CLP.1996.06.Z.Z.08.0.A,2026-08-21T23:55:23+00:00,8,1996-01-01,2003-01-01,A,08,
F035.PIB.FLU.R.CLP.1996.07.Z.Z.08.0.A,2026-08-21T23:55:23+00:00,8,1996-01-01,2003-01-01,A,08,
F035.PIB.FLU.R.CLP.1996.08.Z.Z.08.0.A,2026-08-21T23:55:23+00:00,8,1996-01-01,2003-01-01,A,08,
F035.PIB.FLU.R.CLP.1996.09.21.Z.08.0.A,2026-08-21T23:55:23+00:00,8,1996-01-01,2003-01-01,A,08,
F035.PIB.FLU.R.CLP.1996.10.Z.Z.08.0.A,2026-08-21T23:55:23+00:00,8,1996-01-01,2003-01-01,A,08,
F035.PIB.FLU.R.CLP.1996.11.Z.Z.08.0.A,2026-08-21T23:55:23+00:00,8,1996-01-01,2003-01-01,A,08,
F035.PIB.FLU.R.CLP.1996.12.Z.Z.08.0.A,2026-08-21T23:55:23+00:00,8,1996-01-01,2003-01-01,A,08,
F035.PIB.FLU.R.CLP.1996.Z.Z.Z.08.0.A,2026-08-21T23:55:23+00:00,9,1996-01-01,2004-01-01,A,08,
F035.PIB.FLU.R.CLP.2003.01.Z.Z.08.0.A,2026-08-21T23:55:23+00:00,7,2003-01-01,2009-01-01,A,08,
F035.PIB.FLU.R.CLP.2003.02.04.Z.08.0.A,2026-08-21T23:55:23+00:00,7,2003-01-01,2009-01-01,A,08,
F035.PIB.FLU.R.CLP.2003.03.Z.Z.08.0.A,2026-08-21T23:55:23+00:00,7,2003-01-01,2009-01-01,A,08,
F035.PIB.FLU.R.CLP.2003.04.Z.Z.08.0.A,2026-08-21T23:55:23+00:00,7,2003-01-01,2009-01-01,A,08,
F035.PIB.FLU.R.CLP.2003.05.Z.Z.08.0.A,2026-08-21T23:55:23+00:00,7,2003-01-01,2009-01-01,A,08,
F035.PIB.FLU.R.CLP.2003.06.Z.Z.08.0.A,2026-08-21T23:55:24+00:00,7,2003-01-01,2009-01-01,A,08,
F035.PIB.FLU.R.CLP.2003.07.Z.Z.08.0.A,2026-08-21T23:55:24+00:00,7,2003-01-01,2009-01-01,A,08,
F035.PIB.FLU.R.CLP.2003.08.Z.Z.08.0.A,2026-08-21T23:55:24+00:00,7,2003-01-01,2009-01-01,A,08,
F035.PIB.FLU.R.CLP.2003.09.21.Z.08.0.A,2026-08-21T23:55:24+00:00,7,2003-01-01,2009-01-01,A,08,
F035.PIB.FLU.R.CLP.2003.10.Z.Z.08.0.A,2026-08-21T23:55:24+00:00,7,2003-01-01,2009-01-01,A,08,
F035.PIB.FLU.R.CLP.2003.11.Z.Z.08.0.A,2026-08-21T23:55:24+00:00,7,2003-01-01,2009-01-01,A,08,
F035.PIB.FLU.R.CLP.2003.12.Z.Z.08.0.A,2026-08-21T23:55:24+00:00,7,2003-01-01,2009-01-01,A,08,
F035.PIB.FLU.R.CLP.2003.Z.Z.Z.08.0.A,2026-08-21T23:55:24+00:00,8,2003-01-01,2010-01-01,A,08,
F035.PIB.FLU.R.CLP.2008.01.Z.Z.08.0.A,2026-08-21T23:55:24+00:00,7,2008-01-01,2014-01-01,A,08,
F035.PIB.FLU.R.CLP.2008.02.04.Z.08.0.A,2026-08-21T23:55:24+00:00,7,2008-01-01,2014-01-01,A,08,
F035.PIB.FLU.R.CLP.2008.03.Z.Z.08.0.A,2026-08-21T23:55:24+00:00,7,2008-01-01,2014-01-01,A,08,
F035.PIB.FLU.R.CLP.2008.04.Z.Z.08.0.A,2026-08-21T23:55:24+00:00,7,2008-01-01,2014-01-01,A,08,
F035.PIB.FLU.R.CLP.2008.05.Z.Z.08.0.A,2026-08-21T23:55:24+00:00,7,2008-01-01,2014-01-01,A,08,
F035.PIB.FLU.R.CLP.2008.06.Z.Z.08.0.A,2026-08-21T23:55:24+00:00,7,2008-01-01,2014-01-01,A,08,
F035.PIB.FLU.R.CLP.2008.07.Z.Z.08.0.A,2026-08-21T23:55:24+00:00,7,2008-01-01,2014-01-01,A,08,
F035.PIB.FLU.R.CLP.2008.08.Z.Z.08.0.A,2026-08-21T23:55:24+00:00,7,2008-01-01,2014-01-01,A,08,
F035.PIB.FLU.R.CLP.2008.09.21.Z.08.0.A,2026-08-21T23:55:24+00:00,7,2008-01-01,2014-01-01,A,08,
F035.PIB.FLU.R.CLP.2008.10.Z.Z.08.0.A,2026-08-21T23:55:24+00:00,7,2008-01-01,2014-01-01,A,08,
F035.PIB.FLU.R.CLP.2008.11.Z.Z.08.0.A,2026-08-21T23:55:24+00:00,7,2008-01-01,2014-01-01,A,08,
F035.PIB.FLU.R.CLP.2008.12.Z.Z.08.0.A,2026-08-21T23:55:24+00:00,7,2008-01-01,2014-01-01,A,08,
F035.PIB.FLU.R.CLP.2008.Z.Z.Z.08.0.A,2026-08-21T23:55:24+00:00,8,2008-01-01,2015-01-01,A,08,
F035.PIB.FLU.R.CLP.2013.01.Z.Z.08.0.A,2026-08-21T23:55:24+00:00,12,2008-01-01,2019-01-01,A,08,
F035.PIB.FLU.R.CLP.2013.02.04.Z.08.0.A,2026-08-21T23:55:24+00:00,12,2008-01-01,2019-01-01,A,08,
F035.PIB.FLU.R.CLP.2013.03.Z.Z.08.0.A,2026-08-21T23:55:24+00:00,12,2008-01-01,2019-01-01,A,08,
F035.PIB.FLU.R.CLP.2013.04.Z.Z.08.0.A,2026-08-21T23:55:24+00:00,12,2008-01-01,2019-01-01,A,08,
F035.PIB.FLU.R.CLP.2013.05.Z.Z.08.0.A,2026-08-21T23:55:24+00:00,12,2008-01-01,2019-01-01,A,08,
F035.PIB.FLU.R.CLP.2013.06.Z.Z.08.0.A,2026-08-21T23:55:24+00:00,12,2008-01-01,2019-01-01,A,08,
F035.PIB.FLU.R.CLP.2013.07.Z.Z.08.0.A,2026-08-21T23:55:24+00:00,12,2008-01-01,2019-01-01,A,08,
F035.PIB.FLU.R.CLP.2013.08.Z.Z.08.0.A,2026-08-21T23:55:24+00:00,12,2008-01-01,2019-01-01,A,08,
F035.PIB.FLU.R.CLP.2013.09.21.Z.08.0.A,2026-08-21T23:55:24+00:00,12,2008-01-01,2019-01-01,A,08,
F035.PIB.FLU.R.CLP.2013.10.Z.Z.08.0.A,2026-08-21T23:55:24+00:00,12,2008-01-01,2019-01-01,A,08,
F035.PIB.FLU.R.CLP.2013.11.Z.Z.08.0.A,2026-08-21T23:55:24+00:00,12,2008-01-01,2019-01-01,A,08,
F035.PIB.FLU.R.CLP.2013.12.Z.Z.08.0.A,2026-08-21T23:55:24+00:00,12,2008-01-01,2019-01-01,A,08,
F035.PIB.FLU.R.CLP.2013.Z.Z.Z.08.0.A,2026-08-21T23:55:24+00:00,13,2008-01-01,2020-01-01,A,08,
F035.PIB.FLU.R.CLP.2018.01.Z.Z.08.0.A,2026-08-21T23:55:24+00:00,13,2013-01-01,2025-01-01,A,08,
F035.PIB.FLU.R.CLP.2018.02.04.Z.08.0.A,2026-08-21T23:55:24+00:00,13,2013-01-01,2025-01-01,A,08,
F035.PIB.FLU.R.CLP.2018.03.Z.Z.08.0.A,2026-08-21T23:55:24+00:00,13,2013-01-01,2025-01-01,A,08,
F035.PIB.FLU.R.CLP.2018.04.Z.Z.08.0.A,2026-08-21T23:55:24+00:00,13,2013-01-01,2025-01-01,A,08,
F035.PIB.FLU.R.CLP.2018.05.Z.Z.08.0.A,2026-08-21T23:55:24+00:00,13,2013-01-01,2025-01-01,A,08,
F035.PIB.FLU.R.CLP.2018.06.Z.Z.08.0.A,2026-08-21T23:55:24+00:00,13,2013-01-01,2025-01-01,A,08,
F035.PIB.FLU.R.CLP.2018.08.Z.Z.08.0.A,2026-08-21T23:55:24+00:00,13,2013-01-01,2025-01-01,A,08,
F035.PIB.FLU.R.CLP.2018.09.21.Z.08.0.A,2026-08-21T23:55:24+00:00,13,2013-01-01,2025-01-01,A,08,
F035.PIB.FLU.R.CLP.2018.10.Z.Z.08.0.A,2026-08-21T23:55:24+00:00,13,2013-01-01,2025-01-01,A,08,
F035.PIB.FLU.R.CLP.2018.11.Z.Z.08.0.A,2026-08-21T23:55:24+00:00,13,2013-01-01,2025-01-01,A,08,
F035.PIB.FLU.R.CLP.2018.12.Z.Z.08.0.A,2026-08-21T23:55:24+00:00,13,2013-01-01,2025-01-01,A,08,
F035.PIB.FLU.R.CLP.2018.COM.Z.Z.08.0.A,2026-08-21T23:55:24+00:00,13,2013-01-01,2025-01-01,A,08,
F035.PIB.FLU.R.CLP.2018.RH.Z.Z.08.0.A,2026-08-21T23:55:24+00:00,13,2013-01-01,2025-01-01,A,08,
F035.PIB.FLU.R.CLP.2018.Z.Z.Z.08.0.A,2026-08-21T23:55:25+00:00,13,2013-01-01,2025-01-01,A,08,
F035.PIB.V12.R.CLP.2008.Z.Z.Z.08.0.A,2026-08-21T23:55:25+00:00,7,2009-01-01,2015-01-01,A,08,
F035.PIB.V12.R.CLP.2013.Z.Z.Z.08.0.A,2026-08-21T23:55:25+00:00,12,2009-01-01,2020-01-01,A,08,
F035.PIB.V12.R.CLP.2018.01.Z.Z.08.0.A,2026-08-21T23:55:25+00:00,12,2014-01-01,2025-01-01,A,08,
F035.PIB.V12.R.CLP.2018.02.04.Z.08.0.A,2026-08-21T23:55:25+00:00,12,2014-01-01,2025-01-01,A,08,
F035.PIB.V12.R.CLP.2018.03.Z.Z.08.0.A,2026-08-21T23:55:25+00:00,12,2014-01-01,2025-01-01,A,08,
F035.PIB.V12.R.CLP.2018.04.Z.Z.08.0.A,2026-08-21T23:55:25+00:00,12,2014-01-01,2025-01-01,A,08,
F035.PIB.V12.R.CLP.2018.05.Z.Z.08.0.A,2026-08-21T23:55:25+00:00,12,2014-01-01,2025-01-01,A,08,
F035.PIB.V12.R.CLP.2018.06.Z.Z.08.0.A,2026-08-21T23:55:25+00:00,12,2014-01-01,2025-01-01,A,08,
F035.PIB.V12.R.CLP.2018.08.Z.Z.08.0.A,2026-08-21T23:55:25+00:00,12,2014-01-01,2025-01-01,A,08,
F035.PIB.V12.R.CLP.2018.09.21.Z.08.0.A,2026-08-21T23:55:25+00:00,12,2014-01-01,2025-01-01,A,08,
F035.PIB.V12.R.CLP.2018.10.Z.Z.08.0.A,2026-08-21T23:55:25+00:00,12,2014-01-01,2025-01-01,A,08,
F035.PIB.V12.R.CLP.2018.11.Z.Z.08.0.A,2026-08-21T23:55:25+00:00,12,2014-01-01,2025-01-01,A,08,
F035.PIB.V12.R.CLP.2018.12.Z.Z.08.0.A,2026-08-21T23:55:25+00:00,12,2014-01-01,2025-01-01,A,08,
F035.PIB.V12.R.CLP.2018.COM.Z.Z.08.0.A,2026-08-21T23:55:25+00:00,12,2014-01-01,2025-01-01,A,08,
F035.PIB.V12.R.CLP.2018.CONT.Z.Z.08.0.A,2026-08-21T23:55:25+00:00,12,2014-01-01,2025-01-01,A,08,
F035.PIB.V12.R.CLP.2018.RH.Z.Z.08.0.A,2026-08-21T23:55:25+00:00,12,2014-01-01,2025-01-01,A,08,
F035.PIB.V12.R.CLP.2018.Z.Z.Z.08.0.A,2026-08-21T23:55:25+00:00,12,2014-01-01,2025-01-01,A,08,
F035.PPCP.FLU.R.USD.2018.Z.Z.Z.08.0.A,2026-08-21T23:55:25+00:00,12,2013-01-01,2024-01-01,A,08,
F035.XSE.FLU.N.CLP.2018.03.Z.Z.08.0.A,2026-08-21T23:55:25+00:00,13,2013-01-01,2025-01-01,A,08,
F035.XSE.FLU.N.CLP.2018.04.Z.Z.08.0.A,2026-08-21T23:55:25+00:00,13,2013-01-01,2025-01-01,A,08,
F035.XSE.FLU.N.CLP.2018.102.Z.Z.08.0.A,2026-08-21T23:55:25+00:00,13,2013-01-01,2025-01-01,A,08,
F035.XSE.FLU.N.CLP.2018.XBI.Z.Z.08.0.A,2026-08-21T23:55:25+00:00,13,2013-01-01,2025-01-01,A,08,
F035.XSE.FLU.N.CLP.2018.XBS.Z.Z.08.0.A,2026-08-21T23:55:25+00:00,13,2013-01-01,2025-01-01,A,08,
F035.XSE.FLU.N.CLP.2018.Z.Z.Z.08.0.A,2026-08-21T23:55:25+00:00,13,2013-01-01,2025-01-01,A,08,
F035.XSE.FLU.R.CLP.2018.03.Z.Z.08.0.A,2026-08-21T23:55:25+00:00,13,2013-01-01,2025-01-01,A,08,
F035.XSE.FLU.R.CLP.2018.04.Z.Z.08.0.A,2026-08-21T23:55:25+00:00,13,2013-01-01,2025-01-01,A,08,
F035.XSE.FLU.R.CLP.2018.102.Z.Z.08.0.A,2026-08-21T23:55:25+00:00,13,2013-01-01,2025-01-01,A,08,
F035.XSE.FLU.R.CLP.2018.XBI.Z.Z.08.0.A,2026-08-21T23:55:25+00:00,13,2013-01-01,2025-01-01,A,08,
F035.XSE.FLU.R.CLP.2018.XBS.Z.Z.08.0.A,2026-08-21T23:55:25+00:00,13,2013-01-01,2025-01-01,A,08,
F035.XSE.FLU.R.CLP.2018.Z.Z.Z.08.0.A,2026-08-21T23:55:25+00:00,13,2013-01-01,2025-01-01,A,08,
F035.XSE.V12.R.Z.2018.03.Z.Z.08.0.A,2026-08-21T23:55:25+00:00,12,2014-01-01,2025-01-01,A,08,
F035.XSE.V12.R.Z.2018.04.Z.Z.08.0.A,2026-08-21T23:55:25+00:00,12,2014-01-01,2025-01-01,A,08,
F035.XSE.V12.R.Z.2018.102.Z.Z.08.0.A,2026-08-21T23:55:25+00:00,12,2014-01-01,2025-01-01,A,08,
F035.XSE.V12.R.Z.2018.XBI.Z.Z.08.0.A,2026-08-21T23:55:25+00:00,12,2014-01-01,2025-01-01,A,08,
F035.XSE.V12.R.Z.2018.XBS.Z.Z.08.0.A,2026-08-21T23:55:25+00:00,12,2014-01-01,2025-01-01,A,08,
F035.XSE.V12.R.Z.2018.XBSSR.Z.Z.08.0.A,2026-08-21T23:55:25+00:00,12,2014-01-01,2025-01-01,A,08,
F035.XSE.V12.R.Z.2018.Z.Z.Z.08.0.A,2026-08-21T23:55:25+00:00,12,2014-01-01,2025-01-01,A,08,
F049.EVA.STO.INE.18.A,2026-08-21T23:55:25+00:00,25,2002-01-01,2026-01-01,A,08,
F049.EVH.STO.INE.18.A,2026-08-21T23:55:25+00:00,25,2002-01-01,2026-01-01,A,08,
F049.EVM.STO.INE.18.A,2026-08-21T23:55:25+00:00,25,2002-01-01,2026-01-01,A,08,
F049.POBBI.STO.INE.AT.A,2026-08-21T23:55:26+00:00,25,2002-01-01,2026-01-01,A,08,
F049.POBBI.STO.INE.H0014.A,2026-08-21T23:55:26+00:00,25,2002-01-01,2026-01-01,A,08,
F049.POBBI.STO.INE.H1564.A,2026-08-21T23:55:26+00:00,25,2002-01-01,2026-01-01,A,08,
F049.POBBI.STO.INE.H65YM.A,2026-08-21T23:55:26+00:00,25,2002-01-01,2026-01-01,A,08,
F049.POBBI.STO.INE.HT.A,2026-08-21T23:55:26+00:00,25,2002-01-01,2026-01-01,A,08,
F049.POBBI.STO.INE.M0014.A,2026-08-21T23:55:26+00:00,25,2002-01-01,2026-01-01,A,08,
F049.POBBI.STO.INE.M1564.A,2026-08-21T23:55:26+00:00,25,2002-01-01,2026-01-01,A,08,
F049.POBBI.STO.INE.M65YM.A,2026-08-21T23:55:26+00:00,25,2002-01-01,2026-01-01,A,08,
F049.POBBI.STO.INE.MT.A,2026-08-21T23:55:26+00:00,25,2002-01-01,2026-01-01,A,08,
F068.G1.STO.Z.IED.Z.Z.Z.Z.CL.IED.6.RVIIIRXVI.A,2026-08-21T23:55:26+00:00,13,2012-01-01,2024-01-01,A,08,
F034.ICNE.POR.BCCH.Z.RIX.A,2026-08-21T23:55:26+00:00,18,2006-01-01,2023-01-01,A,09,
F034.SEVC.POR.BCCH.Z.RIX.A,2026-08-21T23:55:26+00:00,14,2006-01-01,2019-01-01,A,09,
F034.TEAMV.STO.BCCH.Z.RIX.A,2026-08-21T23:55:26+00:00,20,2005-01-01,2024-01-01,A,09,
F034.TEMP.STO.BCCH.Z.RIX.A,2026-08-21T23:55:26+00:00,20,2005-01-01,2024-01-01,A,09,
F035.CPCP.FLU.R.USD.2018.Z.Z.Z.09.0.A,2026-08-21T23:55:26+00:00,12,2013-01-01,2024-01-01,A,09,
F035.CPRIPSFL.FLU.N.CLP.2018.Z.Z.BD.09.0.A,2026-08-21T23:55:26+00:00,13,2013-01-01,2025-01-01,A,09,
F035.CPRIPSFL.FLU.N.CLP.2018.Z.Z.BND.09.0.A,2026-08-21T23:55:26+00:00,13,2013-01-01,2025-01-01,A,09,
F035.CPRIPSFL.FLU.N.CLP.2018.Z.Z.SER.09.0.A,2026-08-21T23:55:26+00:00,13,2013-01-01,2025-01-01,A,09,
F035.CPRIPSFL.FLU.N.CLP.2018.Z.Z.Z.09.0.A,2026-08-21T23:55:26+00:00,13,2013-01-01,2025-01-01,A,09,
F035.CPRIPSFL.V12.R.CLP.2018.Z.Z.BD.09.0.A,2026-08-21T23:55:26+00:00,12,2014-01-01,2025-01-01,A,09,
F035.CPRIPSFL.V12.R.CLP.2018.Z.Z.BND.09.0.A,2026-08-21T23:55:26+00:00,12,2014-01-01,2025-01-01,A,09,
F035.CPRIPSFL.V12.R.CLP.2018.Z.Z.CONT.09.0.A,2026-08-21T23:55:26+00:00,12,2014-01-01,2025-01-01,A,09,
F035.CPRIPSFL.V12.R.CLP.2018.Z.Z.SER.09.0.A,2026-08-21T23:55:26+00:00,12,2014-01-01,2025-01-01,A,09,
F035.CPRIPSFL.V12.R.CLP.2018.Z.Z.Z.09.0.A,2026-08-21T23:55:26+00:00,12,2014-01-01,2025-01-01,A,09,
F035.IMB.FLU.R.CLP.1986.13.Z.Z.09.0.A,2026-08-21T23:55:26+00:00,13,1985-01-01,1997-01-01,A,09,
F035.IMB.FLU.R.CLP.1996.13.Z.Z.09.0.A,2026-08-21T23:55:26+00:00,8,1996-01-01,2003-01-01,A,09,
F035.IMB.FLU.R.CLP.2003.13.Z.Z.09.0.A,2026-08-21T23:55:26+00:00,7,2003-01-01,2009-01-01,A,09,
F035.PIB.FLU.N.CLP.2008.01.Z.Z.09.0.A,2026-08-21T23:55:26+00:00,7,2008-01-01,2014-01-01,A,09,
F035.PIB.FLU.N.CLP.2008.02.04.Z.09.0.A,2026-08-21T23:55:26+00:00,7,2008-01-01,2014-01-01,A,09,
F035.PIB.FLU.N.CLP.2008.03.Z.Z.09.0.A,2026-08-21T23:55:26+00:00,7,2008-01-01,2014-01-01,A,09,
F035.PIB.FLU.N.CLP.2008.04.Z.Z.09.0.A,2026-08-21T23:55:26+00:00,7,2008-01-01,2014-01-01,A,09,
F035.PIB.FLU.N.CLP.2008.05.Z.Z.09.0.A,2026-08-21T23:55:26+00:00,7,2008-01-01,2014-01-01,A,09,
F035.PIB.FLU.N.CLP.2008.06.Z.Z.09.0.A,2026-08-21T23:55:26+00:00,7,2008-01-01,2014-01-01,A,09,
F035.PIB.FLU.N.CLP.2008.07.Z.Z.09.0.A,2026-08-21T23:55:26+00:00,7,2008-01-01,2014-01-01,A,09,
F035.PIB.FLU.N.CLP.2008.08.Z.Z.09.0.A,2026-08-21T23:55:26+00:00,7,2008-01-01,2014-01-01,A,09,
F035.PIB.FLU.N.CLP.2008.09.21.Z.09.0.A,2026-08-21T23:55:26+00:00,7,2008-01-01,2014-01-01,A,09,
F035.PIB.FLU.N.CLP.2008.10.Z.Z.09.0.A,2026-08-21T23:55:26+00:00,7,2008-01-01,2014-01-01,A,09,
F035.PIB.FLU.N.CLP.2008.11.Z.Z.09.0.A,2026-08-21T23:55:26+00:00,7,2008-01-01,2014-01-01,A,09,
F035.PIB.FLU.N.CLP.2008.12.Z.Z.09.0.A,2026-08-21T23:55:26+00:00,7,2008-01-01,2014-01-01,A,09,
F035.PIB.FLU.N.CLP.2008.Z.Z.Z.09.0.A,2026-08-21T23:55:26+00:00,8,2008-01-01,2015-01-01,A,09,
F035.PIB.FLU.N.CLP.2013.01.Z.Z.09.0.A,2026-08-21T23:55:26+00:00,12,2008-01-01,2019-01-01,A,09,
F035.PIB.FLU.N.CLP.2013.02.04.Z.09.0.A,2026-08-21T23:55:26+00:00,12,2008-01-01,2019-01-01,A,09,
F035.PIB.FLU.N.CLP.2013.03.Z.Z.09.0.A,2026-08-21T23:55:26+00:00,12,2008-01-01,2019-01-01,A,09,
F035.PIB.FLU.N.CLP.2013.04.Z.Z.09.0.A,2026-08-21T23:55:26+00:00,12,2008-01-01,2019-01-01,A,09,
F035.PIB.FLU.N.CLP.2013.05.Z.Z.09.0.A,2026-08-21T23:55:26+00:00,12,2008-01-01,2019-01-01,A,09,
F035.PIB.FLU.N.CLP.2013.06.Z.Z.09.0.A,2026-08-21T23:55:26+00:00,12,2008-01-01,2019-01-01,A,09,
F035.PIB.FLU.N.CLP.2013.07.Z.Z.09.0.A,2026-08-21T23:55:26+00:00,12,2008-01-01,2019-01-01,A,09,
F035.PIB.FLU.N.CLP.2013.08.Z.Z.09.0.A,2026-08-21T23:55:26+00:00,12,2008-01-01,2019-01-01,A,09,
F035.PIB.FLU.N.CLP.2013.09.21.Z.09.0.A,2026-08-21T23:55:27+00:00,12,2008-01-01,2019-01-01,A,09,
F035.PIB.FLU.N.CLP.2013.10.Z.Z.09.0.A,2026-08-21T23:55:27+00:00,12,2008-01-01,2019-01-01,A,09,
F035.PIB.FLU.N.CLP.2013.11.Z.Z.09.0.A,2026-08-21T23:55:27+00:00,12,2008-01-01,2019-01-01,A,09,
F035.PIB.FLU.N.CLP.2013.12.Z.Z.09.0.A,2026-08-21T23:55:27+00:00,12,2008-01-01,2019-01-01,A,09,
F035.PIB.FLU.N.CLP.2013.Z.Z.Z.09.0.A,2026-08-21T23:55:27+00:00,13,2008-01-01,2020-01-01,A,09,
F035.PIB.FLU.N.CLP.2018.01.Z.Z.09.0.A,2026-08-21T23:55:27+00:00,13,2013-01-01,2025-01-01,A,09,
F035.PIB.FLU.N.CLP.2018.02.04.Z.09.0.A,2026-08-21T23:55:27+00:00,13,2013-01-01,2025-01-01,A,09,
F035.PIB.FLU.N.CLP.2018.03.Z.Z.09.0.A,2026-08-21T23:55:27+00:00,13,2013-01-01,2025-01-01,A,09,
F035.PIB.FLU.N.CLP.2018.04.Z.Z.09.0.A,2026-08-21T23:55:27+00:00,13,2013-01-01,2025-01-01,A,09,
F035.PIB.FLU.N.CLP.2018.05.Z.Z.09.0.A,2026-08-21T23:55:27+00:00,13,2013-01-01,2025-01-01,A,09,
F035.PIB.FLU.N.CLP.2018.06.Z.Z.09.0.A,2026-08-21T23:55:27+00:00,13,2013-01-01,2025-01-01,A,09,
F035.PIB.FLU.N.CLP.2018.08.Z.Z.09.0.A,2026-08-21T23:55:27+00:00,13,2013-01-01,2025-01-01,A,09,
F035.PIB.FLU.N.CLP.2018.09.21.Z.09.0.A,2026-08-21T23:55:27+00:00,13,2013-01-01,2025-01-01,A,09,
F035.PIB.FLU.N.CLP.2018.10.Z.Z.09.0.A,2026-08-21T23:55:27+00:00,13,2013-01-01,2025-01-01,A,09,
F035.PIB.FLU.N.CLP.2018.11.Z.Z.09.0.A,2026-08-21T23:55:27+00:00,13,2013-01-01,2025-01-01,A,09,
F035.PIB.FLU.N.CLP.2018.12.Z.Z.09.0.A,2026-08-21T23:55:27+00:00,13,2013-01-01,2025-01-01,A,09,
F035.PIB.FLU.N.CLP.2018.COM.Z.Z.09.0.A,2026-08-21T23:55:27+00:00,13,2013-01-01,2025-01-01,A,09,
F035.PIB.FLU.N.CLP.2018.RH.Z.Z.09.0.A,2026-08-21T23:55:27+00:00,13,2013-01-01,2025-01-01,A,09,
F035.PIB.FLU.N.CLP.2018.Z.Z.Z.09.0.A,2026-08-21T23:55:27+00:00,13,2013-01-01,2025-01-01,A,09,
F035.PIB.FLU.R.CLP.1986.01.Z.Z.09.0.A,2026-08-21T23:55:27+00:00,13,1985-01-01,1997-01-01,A,09,
F035.PIB.FLU.R.CLP.1986.02.04.Z.09.0.A,2026-08-21T23:55:27+00:00,13,1985-01-01,1997-01-01,A,09,
F035.PIB.FLU.R.CLP.1986.03.Z.Z.09.0.A,2026-08-21T23:55:27+00:00,13,1985-01-01,1997-01-01,A,09,
F035.PIB.FLU.R.CLP.1986.04.Z.Z.09.0.A,2026-08-21T23:55:27+00:00,13,1985-01-01,1997-01-01,A,09,
F035.PIB.FLU.R.CLP.1986.05.Z.Z.09.0.A,2026-08-21T23:55:27+00:00,13,1985-01-01,1997-01-01,A,09,
F035.PIB.FLU.R.CLP.1986.06.Z.Z.09.0.A,2026-08-21T23:55:27+00:00,13,1985-01-01,1997-01-01,A,09,
F035.PIB.FLU.R.CLP.1986.07.Z.Z.09.0.A,2026-08-21T23:55:27+00:00,13,1985-01-01,1997-01-01,A,09,
F035.PIB.FLU.R.CLP.1986.08.Z.Z.09.0.A,2026-08-21T23:55:27+00:00,13,1985-01-01,1997-01-01,A,09,
F035.PIB.FLU.R.CLP.1986.09.21.27.09.0.A,2026-08-21T23:55:27+00:00,13,1985-01-01,1997-01-01,A,09,
F035.PIB.FLU.R.CLP.1986.10.Z.Z.09.0.A,2026-08-21T23:55:27+00:00,13,1985-01-01,1997-01-01,A,09,
F035.PIB.FLU.R.CLP.1986.11.Z.Z.09.0.A,2026-08-21T23:55:27+00:00,13,1985-01-01,1997-01-01,A,09,
F035.PIB.FLU.R.CLP.1986.12.Z.Z.09.0.A,2026-08-21T23:55:27+00:00,13,1985-01-01,1997-01-01,A,09,
F035.PIB.FLU.R.CLP.1986.Z.Z.Z.09.0.A,2026-08-21T23:55:27+00:00,14,1985-01-01,1998-01-01,A,09,
F035.PIB.FLU.R.CLP.1996.01.Z.Z.09.0.A,2026-08-21T23:55:27+00:00,8,1996-01-01,2003-01-01,A,09,
F035.PIB.FLU.R.CLP.1996.02.04.Z.09.0.A,2026-08-21T23:55:27+00:00,8,1996-01-01,2003-01-01,A,09,
F035.PIB.FLU.R.CLP.1996.03.Z.Z.09.0.A,2026-08-21T23:55:27+00:00,8,1996-01-01,2003-01-01,A,09,
F035.PIB.FLU.R.CLP.1996.04.Z.Z.09.0.A,2026-08-21T23:55:27+00:00,8,1996-01-01,2003-01-01,A,09,
F035.PIB.FLU.R.CLP.1996.05.Z.Z.09.0.A,2026-08-21T23:55:27+00:00,8,1996-01-01,2003-01-01,A,09,
F035.PIB.FLU.R.CLP.1996.06.Z.Z.09.0.A,2026-08-21T23:55:27+00:00,8,1996-01-01,2003-01-01,A,09,
F035.PIB.FLU.R.CLP.1996.07.Z.Z.09.0.A,2026-08-21T23:55:27+00:00,8,1996-01-01,2003-01-01,A,09,
F035.PIB.FLU.R.CLP.1996.08.Z.Z.09.0.A,2026-08-21T23:55:27+00:00,8,1996-01-01,2003-01-01,A,09,
F035.PIB.FLU.R.CLP.1996.09.21.Z.09.0.A,2026-08-21T23:55:27+00:00,8,1996-01-01,2003-01-01,A,09,
F035.PIB.FLU.R.CLP.1996.10.Z.Z.09.0.A,2026-08-21T23:55:27+00:00,8,1996-01-01,2003-01-01,A,09,
F035.PIB.FLU.R.CLP.1996.11.Z.Z.09.0.A,2026-08-21T23:55:27+00:00,8,1996-01-01,2003-01-01,A,09,
F035.PIB.FLU.R.CLP.1996.12.Z.Z.09.0.A,2026-08-21T23:55:28+00:00,8,1996-01-01,2003-01-01,A,09,
F035.PIB.FLU.R.CLP.1996.Z.Z.Z.09.0.A,2026-08-21T23:55:28+00:00,9,1996-01-01,2004-01-01,A,09,
F035.PIB.FLU.R.CLP.2003.01.Z.Z.09.0.A,2026-08-21T23:55:28+00:00,7,2003-01-01,2009-01-01,A,09,
F035.PIB.FLU.R.CLP.2003.02.04.Z.09.0.A,2026-08-21T23:55:28+00:00,7,2003-01-01,2009-01-01,A,09,
F035.PIB.FLU.R.CLP.2003.03.Z.Z.09.0.A,2026-08-21T23:55:28+00:00,7,2003-01-01,2009-01-01,A,09,
F035.PIB.FLU.R.CLP.2003.04.Z.Z.09.0.A,2026-08-21T23:55:28+00:00,7,2003-01-01,2009-01-01,A,09,
F035.PIB.FLU.R.CLP.2003.05.Z.Z.09.0.A,2026-08-21T23:55:28+00:00,7,2003-01-01,2009-01-01,A,09,
F035.PIB.FLU.R.CLP.2003.06.Z.Z.09.0.A,2026-08-21T23:55:28+00:00,7,2003-01-01,2009-01-01,A,09,
F035.PIB.FLU.R.CLP.2003.07.Z.Z.09.0.A,2026-08-21T23:55:28+00:00,7,2003-01-01,2009-01-01,A,09,
F035.PIB.FLU.R.CLP.2003.08.Z.Z.09.0.A,2026-08-21T23:55:28+00:00,7,2003-01-01,2009-01-01,A,09,
F035.PIB.FLU.R.CLP.2003.09.21.Z.09.0.A,2026-08-21T23:55:28+00:00,7,2003-01-01,2009-01-01,A,09,
F035.PIB.FLU.R.CLP.2003.10.Z.Z.09.0.A,2026-08-21T23:55:28+00:00,7,2003-01-01,2009-01-01,A,09,
F035.PIB.FLU.R.CLP.2003.11.Z.Z.09.0.A,2026-08-21T23:55:28+00:00,7,2003-01-01,2009-01-01,A,09,
F035.PIB.FLU.R.CLP.2003.12.Z.Z.09.0.A,2026-08-21T23:55:28+00:00,7,2003-01-01,2009-01-01,A,09,
F035.PIB.FLU.R.CLP.2003.Z.Z.Z.09.0.A,2026-08-21T23:55:28+00:00,8,2003-01-01,2010-01-01,A,09,
F035.PIB.FLU.R.CLP.2008.01.Z.Z.09.0.A,2026-08-21T23:55:28+00:00,7,2008-01-01,2014-01-01,A,09,
F035.PIB.FLU.R.CLP.2008.02.04.Z.09.0.A,2026-08-21T23:55:28+00:00,7,2008-01-01,2014-01-01,A,09,
F035.PIB.FLU.R.CLP.2008.03.Z.Z.09.0.A,2026-08-21T23:55:28+00:00,7,2008-01-01,2014-01-01,A,09,
F035.PIB.FLU.R.CLP.2008.04.Z.Z.09.0.A,2026-08-21T23:55:28+00:00,7,2008-01-01,2014-01-01,A,09,
F035.PIB.FLU.R.CLP.2008.05.Z.Z.09.0.A,2026-08-21T23:55:28+00:00,7,2008-01-01,2014-01-01,A,09,
F035.PIB.FLU.R.CLP.2008.06.Z.Z.09.0.A,2026-08-21T23:55:28+00:00,7,2008-01-01,2014-01-01,A,09,
F035.PIB.FLU.R.CLP.2008.07.Z.Z.09.0.A,2026-08-21T23:55:28+00:00,7,2008-01-01,2014-01-01,A,09,
F035.PIB.FLU.R.CLP.2008.08.Z.Z.09.0.A,2026-08-21T23:55:28+00:00,7,2008-01-01,2014-01-01,A,09,
F035.PIB.FLU.R.CLP.2008.09.21.Z.09.0.A,2026-08-21T23:55:28+00:00,7,2008-01-01,2014-01-01,A,09,
F035.PIB.FLU.R.CLP.2008.10.Z.Z.09.0.A,2026-08-21T23:55:28+00:00,7,2008-01-01,2014-01-01,A,09,
F035.PIB.FLU.R.CLP.2008.11.Z.Z.09.0.A,2026-08-21T23:55:28+00:00,7,2008-01-01,2014-01-01,A,09,
F035.PIB.FLU.R.CLP.2008.12.Z.Z.09.0.A,2026-08-21T23:55:28+00:00,7,2008-01-01,2014-01-01,A,09,
F035.PIB.FLU.R.CLP.2008.Z.Z.Z.09.0.A,2026-08-21T23:55:28+00:00,8,2008-01-01,2015-01-01,A,09,
F035.PIB.FLU.R.CLP.2013.01.Z.Z.09.0.A,2026-08-21T23:55:28+00:00,12,2008-01-01,2019-01-01,A,09,
F035.PIB.FLU.R.CLP.2013.02.04.Z.09.0.A,2026-08-21T23:55:28+00:00,12,2008-01-01,2019-01-01,A,09,
F035.PIB.FLU.R.CLP.2013.03.Z.Z.09.0.A,2026-08-21T23:55:28+00:00,12,2008-01-01,2019-01-01,A,09,
F035.PIB.FLU.R.CLP.2013.04.Z.Z.09.0.A,2026-08-21T23:55:28+00:00,12,2008-01-01,2019-01-01,A,09,
F035.PIB.FLU.R.CLP.2013.05.Z.Z.09.0.A,2026-08-21T23:55:28+00:00,12,2008-01-01,2019-01-01,A,09,
F035.PIB.FLU.R.CLP.2013.06.Z.Z.09.0.A,2026-08-21T23:55:28+00:00,12,2008-01-01,2019-01-01,A,09,
F035.PIB.FLU.R.CLP.2013.07.Z.Z.09.0.A,2026-08-21T23:55:28+00:00,12,2008-01-01,2019-01-01,A,09,
F035.PIB.FLU.R.CLP.2013.08.Z.Z.09.0.A,2026-08-21T23:55:28+00:00,12,2008-01-01,2019-01-01,A,09,
F035.PIB.FLU.R.CLP.2013.09.21.Z.09.0.A,2026-08-21T23:55:28+00:00,12,2008-01-01,2019-01-01,A,09,
F035.PIB.FLU.R.CLP.2013.10.Z.Z.09.0.A,2026-08-21T23:55:28+00:00,12,2008-01-01,2019-01-01,A,09,
F035.PIB.FLU.R.CLP.2013.11.Z.Z.09.0.A,2026-08-21T23:55:28+00:00,12,2008-01-01,2019-01-01,A,09,
F035.PIB.FLU.R.CLP.2013.12.Z.Z.09.0.A,2026-08-21T23:55:28+00:00,12,2008-01-01,2019-01-01,A,09,
F035.PIB.FLU.R.CLP.2013.Z.Z.Z.09.0.A,2026-08-21T23:55:28+00:00,13,2008-01-01,2020-01-01,A,09,
F035.PIB.FLU.R.CLP.2018.01.Z.Z.09.0.A,2026-08-21T23:55:28+00:00,13,2013-01-01,2025-01-01,A,09,
F035.PIB.FLU.R.CLP.2018.02.04.Z.09.0.A,2026-08-21T23:55:28+00:00,13,2013-01-01,2025-01-01,A,09,
F035.PIB.FLU.R.CLP.2018.03.Z.Z.09.0.A,2026-08-21T23:55:29+00:00,13,2013-01-01,2025-01-01,A,09,
F035.PIB.FLU.R.CLP.2018.04.Z.Z.09.0.A,2026-08-21T23:55:29+00:00,13,2013-01-01,2025-01-01,A,09,
F035.PIB.FLU.R.CLP.2018.05.Z.Z.09.0.A,2026-08-21T23:55:29+00:00,13,2013-01-01,2025-01-01,A,09,
F035.PIB.FLU.R.CLP.2018.06.Z.Z.09.0.A,2026-08-21T23:55:29+00:00,13,2013-01-01,2025-01-01,A,09,
F035.PIB.FLU.R.CLP.2018.08.Z.Z.09.0.A,2026-08-21T23:55:29+00:00,13,2013-01-01,2025-01-01,A,09,
F035.PIB.FLU.R.CLP.2018.09.21.Z.09.0.A,2026-08-21T23:55:29+00:00,13,2013-01-01,2025-01-01,A,09,
F035.PIB.FLU.R.CLP.2018.10.Z.Z.09.0.A,2026-08-21T23:55:29+00:00,13,2013-01-01,2025-01-01,A,09,
F035.PIB.FLU.R.CLP.2018.11.Z.Z.09.0.A,2026-08-21T23:55:29+00:00,13,2013-01-01,2025-01-01,A,09,
F035.PIB.FLU.R.CLP.2018.12.Z.Z.09.0.A,2026-08-21T23:55:29+00:00,13,2013-01-01,2025-01-01,A,09,
F035.PIB.FLU.R.CLP.2018.COM.Z.Z.09.0.A,2026-08-21T23:55:29+00:00,13,2013-01-01,2025-01-01,A,09,
F035.PIB.FLU.R.CLP.2018.RH.Z.Z.09.0.A,2026-08-21T23:55:29+00:00,13,2013-01-01,2025-01-01,A,09,
F035.PIB.FLU.R.CLP.2018.Z.Z.Z.09.0.A,2026-08-21T23:55:29+00:00,13,2013-01-01,2025-01-01,A,09,
F035.PIB.V12.R.CLP.2008.Z.Z.Z.09.0.A,2026-08-21T23:55:29+00:00,7,2009-01-01,2015-01-01,A,09,
F035.PIB.V12.R.CLP.2013.Z.Z.Z.09.0.A,2026-08-21T23:55:29+00:00,12,2009-01-01,2020-01-01,A,09,
F035.PIB.V12.R.CLP.2018.01.Z.Z.09.0.A,2026-08-21T23:55:29+00:00,12,2014-01-01,2025-01-01,A,09,
F035.PIB.V12.R.CLP.2018.02.04.Z.09.0.A,2026-08-21T23:55:29+00:00,12,2014-01-01,2025-01-01,A,09,
F035.PIB.V12.R.CLP.2018.03.Z.Z.09.0.A,2026-08-21T23:55:29+00:00,12,2014-01-01,2025-01-01,A,09,
F035.PIB.V12.R.CLP.2018.04.Z.Z.09.0.A,2026-08-21T23:55:29+00:00,12,2014-01-01,2025-01-01,A,09,
F035.PIB.V12.R.CLP.2018.05.Z.Z.09.0.A,2026-08-21T23:55:29+00:00,12,2014-01-01,2025-01-01,A,09,
F035.PIB.V12.R.CLP.2018.06.Z.Z.09.0.A,2026-08-21T23:55:29+00:00,12,2014-01-01,2025-01-01,A,09,
F035.PIB.V12.R.CLP.2018.08.Z.Z.09.0.A,2026-08-21T23:55:29+00:00,12,2014-01-01,2025-01-01,A,09,
F035.PIB.V12.R.CLP.2018.09.21.Z.09.0.A,2026-08-21T23:55:29+00:00,12,2014-01-01,2025-01-01,A,09,
F035.PIB.V12.R.CLP.2018.10.Z.Z.09.0.A,2026-08-21T23:55:29+00:00,12,2014-01-01,2025-01-01,A,09,
F035.PIB.V12.R.CLP.2018.11.Z.Z.09.0.A,2026-08-21T23:55:29+00:00,12,2014-01-01,2025-01-01,A,09,
F035.PIB.V12.R.CLP.2018.12.Z.Z.09.0.A,2026-08-21T23:55:29+00:00,12,2014-01-01,2025-01-01,A,09,
F035.PIB.V12.R.CLP.2018.COM.Z.Z.09.0.A,2026-08-21T23:55:29+00:00,12,2014-01-01,2025-01-01,A,09,
F035.PIB.V12.R.CLP.2018.CONT.Z.Z.09.0.A,2026-08-21T23:55:29+00:00,12,2014-01-01,2025-01-01,A,09,
F035.PIB.V12.R.CLP.2018.RH.Z.Z.09.0.A,2026-08-21T23:55:29+00:00,12,2014-01-01,2025-01-01,A,09,
F035.PIB.V12.R.CLP.2018.Z.Z.Z.09.0.A,2026-08-21T23:55:29+00:00,12,2014-01-01,2025-01-01,A,09,
F035.PPCP.FLU.R.USD.2018.Z.Z.Z.09.0.A,2026-08-21T23:55:29+00:00,12,2013-01-01,2024-01-01,A,09,
F035.XSE.FLU.N.CLP.2018.03.Z.Z.09.0.A,2026-08-21T23:55:29+00:00,13,2013-01-01,2025-01-01,A,09,
F035.XSE.FLU.N.CLP.2018.04.Z.Z.09.0.A,2026-08-21T23:55:29+00:00,13,2013-01-01,2025-01-01,A,09,
F035.XSE.FLU.N.CLP.2018.102.Z.Z.09.0.A,2026-08-21T23:55:29+00:00,13,2013-01-01,2025-01-01,A,09,
F035.XSE.FLU.N.CLP.2018.XBI.Z.Z.09.0.A,2026-08-21T23:55:29+00:00,13,2013-01-01,2025-01-01,A,09,
F035.XSE.FLU.N.CLP.2018.XBS.Z.Z.09.0.A,2026-08-21T23:55:29+00:00,13,2013-01-01,2025-01-01,A,09,
F035.XSE.FLU.N.CLP.2018.Z.Z.Z.09.0.A,2026-08-21T23:55:29+00:00,13,2013-01-01,2025-01-01,A,09,
F035.XSE.FLU.R.CLP.2018.03.Z.Z.09.0.A,2026-08-21T23:55:29+00:00,13,2013-01-01,2025-01-01,A,09,
F035.XSE.FLU.R.CLP.2018.04.Z.Z.09.0.A,2026-08-21T23:55:29+00:00,13,2013-01-01,2025-01-01,A,09,
F035.XSE.FLU.R.CLP.2018.102.Z.Z.09.0.A,2026-08-21T23:55:29+00:00,13,2013-01-01,2025-01-01,A,09,
F035.XSE.FLU.R.CLP.2018.XBI.Z.Z.09.0.A,2026-08-21T23:55:30+00:00,13,2013-01-01,2025-01-01,A,09,
F035.XSE.FLU.R.CLP.2018.XBS.Z.Z.09.0.A,2026-08-21T23:55:30+00:00,13,2013-01-01,2025-01-01,A,09,
F035.XSE.FLU.R.CLP.2018.Z.Z.Z.09.0.A,2026-08-21T23:55:30+00:00,13,2013-01-01,2025-01-01,A,09,
F035.XSE.V12.R.Z.2018.03.Z.Z.09.0.A,2026-08-21T23:55:30+00:00,12,2014-01-01,2025-01-01,A,09,
F035.XSE.V12.R.Z.2018.04.Z.Z.09.0.A,2026-08-21T23:55:30+00:00,12,2014-01-01,2025-01-01,A,09,
F035.XSE.V12.R.Z.2018.102.Z.Z.09.0.A,2026-08-21T23:55:30+00:00,12,2014-01-01,2025-01-01,A,09,
F035.XSE.V12.R.Z.2018.XBI.Z.Z.09.0.A,2026-08-21T23:55:30+00:00,12,2014-01-01,2025-01-01,A,09,
F035.XSE.V12.R.Z.2018.XBS.Z.Z.09.0.A,2026-08-21T23:55:30+00:00,12,2014-01-01,2025-01-01,A,09,
F035.XSE.V12.R.Z.2018.XBSSR.Z.Z.09.0.A,2026-08-21T23:55:30+00:00,12,2014-01-01,2025-01-01,A,09,
F035.XSE.V12.R.Z.2018.Z.Z.Z.09.0.A,2026-08-21T23:55:30+00:00,12,2014-01-01,2025-01-01,A,09,
F049.EVA.STO.INE.19.A,2026-08-21T23:55:30+00:00,25,2002-01-01,2026-01-01,A,09,
F049.EVH.STO.INE.19.A,2026-08-21T23:55:30+00:00,25,2002-01-01,2026-01-01,A,09,
F049.EVM.STO.INE.19.A,2026-08-21T23:55:30+00:00,25,2002-01-01,2026-01-01,A,09,
F049.POBAR.STO.INE.AT.A,2026-08-21T23:55:30+00:00,25,2002-01-01,2026-01-01,A,09,
F049.POBAR.STO.INE.H0014.A,2026-08-21T23:55:30+00:00,25,2002-01-01,2026-01-01,A,09,
F049.POBAR.STO.INE.H1564.A,2026-08-21T23:55:30+00:00,25,2002-01-01,2026-01-01,A,09,
F049.POBAR.STO.INE.H65YM.A,2026-08-21T23:55:30+00:00,25,2002-01-01,2026-01-01,A,09,
F049.POBAR.STO.INE.HT.A,2026-08-21T23:55:30+00:00,25,2002-01-01,2026-01-01,A,09,
F049.POBAR.STO.INE.M0014.A,2026-08-21T23:55:30+00:00,25,2002-01-01,2026-01-01,A,09,
F049.POBAR.STO.INE.M1564.A,2026-08-21T23:55:30+00:00,25,2002-01-01,2026-01-01,A,09,
F049.POBAR.STO.INE.M65YM.A,2026-08-21T23:55:30+00:00,25,2002-01-01,2026-01-01,A,09,
F049.POBAR.STO.INE.MT.A,2026-08-21T23:55:30+00:00,25,2002-01-01,2026-01-01,A,09,
F068.G1.STO.Z.IED.Z.Z.Z.Z.CL.IED.6.RIX.A,2026-08-21T23:55:30+00:00,13,2012-01-01,2024-01-01,A,09,
F034.ICNE.POR.BCCH.Z.RX.A,2026-08-21T23:55:30+00:00,18,2006-01-01,2023-01-01,A,10,
F034.SEVC.POR.BCCH.Z.RX.A,2026-08-21T23:55:30+00:00,14,2006-01-01,2019-01-01,A,10,
F034.TEAMV.STO.BCCH.Z.RX.A,2026-08-21T23:55:30+00:00,20,2005-01-01,2024-01-01,A,10,
F034.TEMP.STO.BCCH.Z.RX.A,2026-08-21T23:55:30+00:00,20,2005-01-01,2024-01-01,A,10,
F035.CPCP.FLU.R.USD.2018.Z.Z.Z.10.0.A,2026-08-21T23:55:30+00:00,12,2013-01-01,2024-01-01,A,10,
F035.CPRIPSFL.FLU.N.CLP.2018.Z.Z.BD.10.0.A,2026-08-21T23:55:30+00:00,13,2013-01-01,2025-01-01,A,10,
F035.CPRIPSFL.FLU.N.CLP.2018.Z.Z.BND.10.0.A,2026-08-21T23:55:30+00:00,13,2013-01-01,2025-01-01,A,10,
F035.CPRIPSFL.FLU.N.CLP.2018.Z.Z.SER.10.0.A,2026-08-21T23:55:30+00:00,13,2013-01-01,2025-01-01,A,10,
F035.CPRIPSFL.FLU.N.CLP.2018.Z.Z.Z.10.0.A,2026-08-21T23:55:30+00:00,13,2013-01-01,2025-01-01,A,10,
F035.CPRIPSFL.V12.R.CLP.2018.Z.Z.BD.10.0.A,2026-08-21T23:55:30+00:00,12,2014-01-01,2025-01-01,A,10,
F035.CPRIPSFL.V12.R.CLP.2018.Z.Z.BND.10.0.A,2026-08-21T23:55:30+00:00,12,2014-01-01,2025-01-01,A,10,
F035.CPRIPSFL.V12.R.CLP.2018.Z.Z.CONT.10.0.A,2026-08-21T23:55:30+00:00,12,2014-01-01,2025-01-01,A,10,
F035.CPRIPSFL.V12.R.CLP.2018.Z.Z.SER.10.0.A,2026-08-21T23:55:30+00:00,12,2014-01-01,2025-01-01,A,10,
F035.CPRIPSFL.V12.R.CLP.2018.Z.Z.Z.10.0.A,2026-08-21T23:55:30+00:00,12,2014-01-01,2025-01-01,A,10,
F035.IMB.FLU.R.CLP.1986.13.Z.Z.10.0.A,2026-08-21T23:55:30+00:00,13,1985-01-01,1997-01-01,A,10,
F035.IMB.FLU.R.CLP.1996.13.Z.Z.10.0.A,2026-08-21T23:55:30+00:00,8,1996-01-01,2003-01-01,A,10,
F035.PIB.FLU.N.CLP.2008.01.Z.Z.10.0.A,2026-08-21T23:55:30+00:00,7,2008-01-01,2014-01-01,A,10,
F035.PIB.FLU.N.CLP.2008.02.04.Z.10.0.A,2026-08-21T23:55:30+00:00,7,2008-01-01,2014-01-01,A,10,
F035.PIB.FLU.N.CLP.2008.03.Z.Z.10.0.A,2026-08-21T23:55:30+00:00,7,2008-01-01,2014-01-01,A,10,
F035.PIB.FLU.N.CLP.2008.04.Z.Z.10.0.A,2026-08-21T23:55:30+00:00,7,2008-01-01,2014-01-01,A,10,
F035.PIB.FLU.N.CLP.2008.05.Z.Z.10.0.A,2026-08-21T23:55:31+00:00,7,2008-01-01,2014-01-01,A,10,
F035.PIB.FLU.N.CLP.2008.06.Z.Z.10.0.A,2026-08-21T23:55:31+00:00,7,2008-01-01,2014-01-01,A,10,
F035.PIB.FLU.N.CLP.2008.07.Z.Z.10.0.A,2026-08-21T23:55:31+00:00,7,2008-01-01,2014-01-01,A,10,
F035.PIB.FLU.N.CLP.2008.08.Z.Z.10.0.A,2026-08-21T23:55:31+00:00,7,2008-01-01,2014-01-01,A,10,
F035.PIB.FLU.N.CLP.2008.09.21.Z.10.0.A,2026-08-21T23:55:31+00:00,7,2008-01-01,2014-01-01,A,10,
F035.PIB.FLU.N.CLP.2008.10.Z.Z.10.0.A,2026-08-21T23:55:31+00:00,7,2008-01-01,2014-01-01,A,10,
F035.PIB.FLU.N.CLP.2008.11.Z.Z.10.0.A,2026-08-21T23:55:31+00:00,7,2008-01-01,2014-01-01,A,10,
F035.PIB.FLU.N.CLP.2008.12.Z.Z.10.0.A,2026-08-21T23:55:31+00:00,7,2008-01-01,2014-01-01,A,10,
F035.PIB.FLU.N.CLP.2008.Z.Z.Z.10.0.A,2026-08-21T23:55:31+00:00,8,2008-01-01,2015-01-01,A,10,
F035.PIB.FLU.N.CLP.2013.01.Z.Z.10.0.A,2026-08-21T23:55:31+00:00,12,2008-01-01,2019-01-01,A,10,
F035.PIB.FLU.N.CLP.2013.02.04.Z.10.0.A,2026-08-21T23:55:31+00:00,12,2008-01-01,2019-01-01,A,10,
F035.PIB.FLU.N.CLP.2013.03.Z.Z.10.0.A,2026-08-21T23:55:31+00:00,12,2008-01-01,2019-01-01,A,10,
F035.PIB.FLU.N.CLP.2013.04.Z.Z.10.0.A,2026-08-21T23:55:31+00:00,12,2008-01-01,2019-01-01,A,10,
F035.PIB.FLU.N.CLP.2013.05.Z.Z.10.0.A,2026-08-21T23:55:31+00:00,12,2008-01-01,2019-01-01,A,10,
F035.PIB.FLU.N.CLP.2013.06.Z.Z.10.0.A,2026-08-21T23:55:31+00:00,12,2008-01-01,2019-01-01,A,10,
F035.PIB.FLU.N.CLP.2013.07.Z.Z.10.0.A,2026-08-21T23:55:31+00:00,12,2008-01-01,2019-01-01,A,10,
F035.PIB.FLU.N.CLP.2013.08.Z.Z.10.0.A,2026-08-21T23:55:31+00:00,12,2008-01-01,2019-01-01,A,10,
F035.PIB.FLU.N.CLP.2013.09.21.Z.10.0.A,2026-08-21T23:55:31+00:00,12,2008-01-01,2019-01-01,A,10,
F035.PIB.FLU.N.CLP.2013.10.Z.Z.10.0.A,2026-08-21T23:55:31+00:00,12,2008-01-01,2019-01-01,A,10,
F035.PIB.FLU.N.CLP.2013.11.Z.Z.10.0.A,2026-08-21T23:55:31+00:00,12,2008-01-01,2019-01-01,A,10,
F035.PIB.FLU.N.CLP.2013.12.Z.Z.10.0.A,2026-08-21T23:55:31+00:00,12,2008-01-01,2019-01-01,A,10,
F035.PIB.FLU.N.CLP.2013.Z.Z.Z.10.0.A,2026-08-21T23:55:31+00:00,13,2008-01-01,2020-01-01,A,10,
F035.PIB.FLU.N.CLP.2018.01.Z.Z.10.0.A,2026-08-21T23:55:31+00:00,13,2013-01-01,2025-01-01,A,10,
F035.PIB.FLU.N.CLP.2018.02.04.Z.10.0.A,2026-08-21T23:55:31+00:00,13,2013-01-01,2025-01-01,A,10,
F035.PIB.FLU.N.CLP.2018.03.Z.Z.10.0.A,2026-08-21T23:55:31+00:00,13,2013-01-01,2025-01-01,A,10,
F035.PIB.FLU.N.CLP.2018.04.Z.Z.10.0.A,2026-08-21T23:55:31+00:00,13,2013-01-01,2025-01-01,A,10,
F035.PIB.FLU.N.CLP.2018.05.Z.Z.10.0.A,2026-08-21T23:55:31+00:00,13,2013-01-01,2025-01-01,A,10,
F035.PIB.FLU.N.CLP.2018.06.Z.Z.10.0.A,2026-08-21T23:55:31+00:00,13,2013-01-01,2025-01-01,A,10,
F035.PIB.FLU.N.CLP.2018.08.Z.Z.10.0.A,2026-08-21T23:55:31+00:00,13,2013-01-01,2025-01-01,A,10,
F035.PIB.FLU.N.CLP.2018.09.21.Z.10.0.A,2026-08-21T23:55:31+00:00,13,2013-01-01,2025-01-01,A,10,
F035.PIB.FLU.N.CLP.2018.10.Z.Z.10.0.A,2026-08-21T23:55:31+00:00,13,2013-01-01,2025-01-01,A,10,
F035.PIB.FLU.N.CLP.2018.11.Z.Z.10.0.A,2026-08-21T23:55:31+00:00,13,2013-01-01,2025-01-01,A,10,
F035.PIB.FLU.N.CLP.2018.12.Z.Z.10.0.A,2026-08-21T23:55:31+00:00,13,2013-01-01,2025-01-01,A,10,
F035.PIB.FLU.N.CLP.2018.COM.Z.Z.10.0.A,2026-08-21T23:55:31+00:00,13,2013-01-01,2025-01-01,A,10,
F035.PIB.FLU.N.CLP.2018.RH.Z.Z.10.0.A,2026-08-21T23:55:31+00:00,13,2013-01-01,2025-01-01,A,10,
F035.PIB.FLU.N.CLP.2018.Z.Z.Z.10.0.A,2026-08-21T23:55:31+00:00,13,2013-01-01,2025-01-01,A,10,
F035.PIB.FLU.R.CLP.1986.01.Z.Z.10.0.A,2026-08-21T23:55:31+00:00,13,1985-01-01,1997-01-01,A,10,
F035.PIB.FLU.R.CLP.1986.02.04.Z.10.0.A,2026-08-21T23:55:31+00:00,13,1985-01-01,1997-01-01,A,10,
F035.PIB.FLU.R.CLP.1986.03.Z.Z.10.0.A,2026-08-21T23:55:31+00:00,13,1985-01-01,1997-01-01,A,10,
F035.PIB.FLU.R.CLP.1986.04.Z.Z.10.0.A,2026-08-21T23:55:31+00:00,13,1985-01-01,1997-01-01,A,10,
F035.PIB.FLU.R.CLP.1986.05.Z.Z.10.0.A,2026-08-21T23:55:31+00:00,13,1985-01-01,1997-01-01,A,10,
F035.PIB.FLU.R.CLP.1986.06.Z.Z.10.0.A,2026-08-21T23:55:31+00:00,13,1985-01-01,1997-01-01,A,10,
F035.PIB.FLU.R.CLP.1986.07.Z.Z.10.0.A,2026-08-21T23:55:31+00:00,13,1985-01-01,1997-01-01,A,10,
F035.PIB.FLU.R.CLP.1986.08.Z.Z.10.0.A,2026-08-21T23:55:31+00:00,13,1985-01-01,1997-01-01,A,10,
F035.PIB.FLU.R.CLP.1986.09.21.27.10.0.A,2026-08-21T23:55:32+00:00,13,1985-01-01,1997-01-01,A,10,
F035.PIB.FLU.R.CLP.1986.10.Z.Z.10.0.A,2026-08-21T23:55:32+00:00,13,1985-01-01,1997-01-01,A,10,
F035.PIB.FLU.R.CLP.1986.11.Z.Z.10.0.A,2026-08-21T23:55:32+00:00,13,1985-01-01,1997-01-01,A,10,
F035.PIB.FLU.R.CLP.1986.12.Z.Z.10.0.A,2026-08-21T23:55:32+00:00,13,1985-01-01,1997-01-01,A,10,
F035.PIB.FLU.R.CLP.1986.Z.Z.Z.10.0.A,2026-08-21T23:55:32+00:00,14,1985-01-01,1998-01-01,A,10,
F035.PIB.FLU.R.CLP.1996.01.Z.Z.10.0.A,2026-08-21T23:55:32+00:00,8,1996-01-01,2003-01-01,A,10,
F035.PIB.FLU.R.CLP.1996.02.04.Z.10.0.A,2026-08-21T23:55:32+00:00,8,1996-01-01,2003-01-01,A,10,
F035.PIB.FLU.R.CLP.1996.03.Z.Z.10.0.A,2026-08-21T23:55:32+00:00,8,1996-01-01,2003-01-01,A,10,
F035.PIB.FLU.R.CLP.1996.04.Z.Z.10.0.A,2026-08-21T23:55:32+00:00,8,1996-01-01,2003-01-01,A,10,
F035.PIB.FLU.R.CLP.1996.05.Z.Z.10.0.A,2026-08-21T23:55:32+00:00,8,1996-01-01,2003-01-01,A,10,
F035.PIB.FLU.R.CLP.1996.06.Z.Z.10.0.A,2026-08-21T23:55:32+00:00,8,1996-01-01,2003-01-01,A,10,
F035.PIB.FLU.R.CLP.1996.07.Z.Z.10.0.A,2026-08-21T23:55:32+00:00,8,1996-01-01,2003-01-01,A,10,
F035.PIB.FLU.R.CLP.1996.08.Z.Z.10.0.A,2026-08-21T23:55:32+00:00,8,1996-01-01,2003-01-01,A,10,
F035.PIB.FLU.R.CLP.1996.09.21.Z.10.0.A,2026-08-21T23:55:32+00:00,8,1996-01-01,2003-01-01,A,10,
F035.PIB.FLU.R.CLP.1996.10.Z.Z.10.0.A,2026-08-21T23:55:32+00:00,8,1996-01-01,2003-01-01,A,10,
F035.PIB.FLU.R.CLP.1996.11.Z.Z.10.0.A,2026-08-21T23:55:32+00:00,8,1996-01-01,2003-01-01,A,10,
F035.PIB.FLU.R.CLP.1996.12.Z.Z.10.0.A,2026-08-21T23:55:32+00:00,8,1996-01-01,2003-01-01,A,10,
F035.PIB.FLU.R.CLP.1996.Z.Z.Z.10.0.A,2026-08-21T23:55:32+00:00,9,1996-01-01,2004-01-01,A,10,
F035.PIB.FLU.R.CLP.2003.01.Z.Z.10.0.A,2026-08-21T23:55:32+00:00,7,2003-01-01,2009-01-01,A,10,
F035.PIB.FLU.R.CLP.2003.02.04.Z.10.0.A,2026-08-21T23:55:32+00:00,7,2003-01-01,2009-01-01,A,10,
F035.PIB.FLU.R.CLP.2003.03.Z.Z.10.0.A,2026-08-21T23:55:32+00:00,7,2003-01-01,2009-01-01,A,10,
F035.PIB.FLU.R.CLP.2003.04.Z.Z.10.0.A,2026-08-21T23:55:32+00:00,7,2003-01-01,2009-01-01,A,10,
F035.PIB.FLU.R.CLP.2003.05.Z.Z.10.0.A,2026-08-21T23:55:32+00:00,7,2003-01-01,2009-01-01,A,10,
F035.PIB.FLU.R.CLP.2003.06.Z.Z.10.0.A,2026-08-21T23:55:32+00:00,7,2003-01-01,2009-01-01,A,10,
F035.PIB.FLU.R.CLP.2003.07.Z.Z.10.0.A,2026-08-21T23:55:32+00:00,7,2003-01-01,2009-01-01,A,10,
F035.PIB.FLU.R.CLP.2003.08.Z.Z.10.0.A,2026-08-21T23:55:32+00:00,7,2003-01-01,2009-01-01,A,10,
F035.PIB.FLU.R.CLP.2003.09.21.Z.10.0.A,2026-08-21T23:55:32+00:00,7,2003-01-01,2009-01-01,A,10,
F035.PIB.FLU.R.CLP.2003.10.Z.Z.10.0.A,2026-08-21T23:55:32+00:00,7,2003-01-01,2009-01-01,A,10,
F035.PIB.FLU.R.CLP.2003.11.Z.Z.10.0.A,2026-08-21T23:55:32+00:00,7,2003-01-01,2009-01-01,A,10,
F035.PIB.FLU.R.CLP.2003.12.Z.Z.10.0.A,2026-08-21T23:55:32+00:00,7,2003-01-01,2009-01-01,A,10,
F035.PIB.FLU.R.CLP.2003.13.Z.Z.10.0.A,2026-08-21T23:55:32+00:00,7,2003-01-01,2009-01-01,A,10,
F035.PIB.FLU.R.CLP.2003.Z.Z.Z.10.0.A,2026-08-21T23:55:32+00:00,8,2003-01-01,2010-01-01,A,10,
F035.PIB.FLU.R.CLP.2008.01.Z.Z.10.0.A,2026-08-21T23:55:32+00:00,7,2008-01-01,2014-01-01,A,10,
F035.PIB.FLU.R.CLP.2008.02.04.Z.10.0.A,2026-08-21T23:55:32+00:00,7,2008-01-01,2014-01-01,A,10,
F035.PIB.FLU.R.CLP.2008.03.Z.Z.10.0.A,2026-08-21T23:55:32+00:00,7,2008-01-01,2014-01-01,A,10,
F035.PIB.FLU.R.CLP.2008.04.Z.Z.10.0.A,2026-08-21T23:55:32+00:00,7,2008-01-01,2014-01-01,A,10,
F035.PIB.FLU.R.CLP.2008.05.Z.Z.10.0.A,2026-08-21T23:55:32+00:00,7,2008-01-01,2014-01-01,A,10,
F035.PIB.FLU.R.CLP.2008.06.Z.Z.10.0.A,2026-08-21T23:55:32+00:00,7,2008-01-01,2014-01-01,A,10,
F035.PIB.FLU.R.CLP.2008.07.Z.Z.10.0.A,2026-08-21T23:55:32+00:00,7,2008-01-01,2014-01-01,A,10,
F035.PIB.FLU.R.CLP.2008.08.Z.Z.10.0.A,2026-08-21T23:55:32+00:00,7,2008-01-01,2014-01-01,A,10,
F035.PIB.FLU.R.CLP.2008.09.21.Z.10.0.A,2026-08-21T23:55:32+00:00,7,2008-01-01,2014-01-01,A,10,
F035.PIB.FLU.R.CLP.2008.10.Z.Z.10.0.A,2026-08-21T23:55:32+00:00,7,2008-01-01,2014-01-01,A,10,
F035.PIB.FLU.R.CLP.2008.11.Z.Z.10.0.A,2026-08-21T23:55:32+00:00,7,2008-01-01,2014-01-01,A,10,
F035.PIB.FLU.R.CLP.2008.12.Z.Z.10.0.A,2026-08-21T23:55:32+00:00,7,2008-01-01,2014-01-01,A,10,
F035.PIB.FLU.R.CLP.2008.Z.Z.Z.10.0.A,2026-08-21T23:55:32+00:00,8,2008-01-01,2015-01-01,A,10,
F035.PIB.FLU.R.CLP.2013.01.Z.Z.10.0.A,2026-08-21T23:55:32+00:00,12,2008-01-01,2019-01-01,A,10,
F035.PIB.FLU.R.CLP.2013.02.04.Z.10.0.A,2026-08-21T23:55:33+00:00,12,2008-01-01,2019-01-01,A,10,
F035.PIB.FLU.R.CLP.2013.03.Z.Z.10.0.A,2026-08-21T23:55:33+00:00,12,2008-01-01,2019-01-01,A,10,
F035.PIB.FLU.R.CLP.2013.04.Z.Z.10.0.A,2026-08-21T23:55:33+00:00,12,2008-01-01,2019-01-01,A,10,
F035.PIB.FLU.R.CLP.2013.05.Z.Z.10.0.A,2026-08-21T23:55:33+00:00,12,2008-01-01,2019-01-01,A,10,
F035.PIB.FLU.R.CLP.2013.06.Z.Z.10.0.A,2026-08-21T23:55:33+00:00,12,2008-01-01,2019-01-01,A,10,
F035.PIB.FLU.R.CLP.2013.07.Z.Z.10.0.A,2026-08-21T23:55:33+00:00,12,2008-01-01,2019-01-01,A,10,
F035.PIB.FLU.R.CLP.2013.08.Z.Z.10.0.A,2026-08-21T23:55:33+00:00,12,2008-01-01,2019-01-01,A,10,
F035.PIB.FLU.R.CLP.2013.09.21.Z.10.0.A,2026-08-21T23:55:33+00:00,12,2008-01-01,2019-01-01,A,10,
F035.PIB.FLU.R.CLP.2013.10.Z.Z.10.0.A,2026-08-21T23:55:33+00:00,12,2008-01-01,2019-01-01,A,10,
F035.PIB.FLU.R.CLP.2013.11.Z.Z.10.0.A,2026-08-21T23:55:33+00:00,12,2008-01-01,2019-01-01,A,10,
F035.PIB.FLU.R.CLP.2013.12.Z.Z.10.0.A,2026-08-21T23:55:33+00:00,12,2008-01-01,2019-01-01,A,10,
F035.PIB.FLU.R.CLP.2013.Z.Z.Z.10.0.A,2026-08-21T23:55:33+00:00,13,2008-01-01,2020-01-01,A,10,
F035.PIB.FLU.R.CLP.2018.01.Z.Z.10.0.A,2026-08-21T23:55:33+00:00,13,2013-01-01,2025-01-01,A,10,
F035.PIB.FLU.R.CLP.2018.02.04.Z.10.0.A,2026-08-21T23:55:33+00:00,13,2013-01-01,2025-01-01,A,10,
F035.PIB.FLU.R.CLP.2018.03.Z.Z.10.0.A,2026-08-21T23:55:33+00:00,13,2013-01-01,2025-01-01,A,10,
F035.PIB.FLU.R.CLP.2018.04.Z.Z.10.0.A,2026-08-21T23:55:33+00:00,13,2013-01-01,2025-01-01,A,10,
F035.PIB.FLU.R.CLP.2018.05.Z.Z.10.0.A,2026-08-21T23:55:33+00:00,13,2013-01-01,2025-01-01,A,10,
F035.PIB.FLU.R.CLP.2018.06.Z.Z.10.0.A,2026-08-21T23:55:33+00:00,13,2013-01-01,2025-01-01,A,10,
F035.PIB.FLU.R.CLP.2018.08.Z.Z.10.0.A,2026-08-21T23:55:33+00:00,13,2013-01-01,2025-01-01,A,10,
F035.PIB.FLU.R.CLP.2018.09.21.Z.10.0.A,2026-08-21T23:55:33+00:00,13,2013-01-01,2025-01-01,A,10,
F035.PIB.FLU.R.CLP.2018.10.Z.Z.10.0.A,2026-08-21T23:55:33+00:00,13,2013-01-01,2025-01-01,A,10,
F035.PIB.FLU.R.CLP.2018.11.Z.Z.10.0.A,2026-08-21T23:55:33+00:00,13,2013-01-01,2025-01-01,A,10,
F035.PIB.FLU.R.CLP.2018.12.Z.Z.10.0.A,2026-08-21T23:55:33+00:00,13,2013-01-01,2025-01-01,A,10,
F035.PIB.FLU.R.CLP.2018.COM.Z.Z.10.0.A,2026-08-21T23:55:33+00:00,13,2013-01-01,2025-01-01,A,10,
F035.PIB.FLU.R.CLP.2018.RH.Z.Z.10.0.A,2026-08-21T23:55:33+00:00,13,2013-01-01,2025-01-01,A,10,
F035.PIB.FLU.R.CLP.2018.Z.Z.Z.10.0.A,2026-08-21T23:55:33+00:00,13,2013-01-01,2025-01-01,A,10,
F035.PIB.V12.R.CLP.2008.Z.Z.Z.10.0.A,2026-08-21T23:55:33+00:00,7,2009-01-01,2015-01-01,A,10,
F035.PIB.V12.R.CLP.2013.Z.Z.Z.10.0.A,2026-08-21T23:55:33+00:00,12,2009-01-01,2020-01-01,A,10,
F035.PIB.V12.R.CLP.2018.01.Z.Z.10.0.A,2026-08-21T23:55:33+00:00,12,2014-01-01,2025-01-01,A,10,
F035.PIB.V12.R.CLP.2018.02.04.Z.10.0.A,2026-08-21T23:55:33+00:00,12,2014-01-01,2025-01-01,A,10,
F035.PIB.V12.R.CLP.2018.03.Z.Z.10.0.A,2026-08-21T23:55:33+00:00,12,2014-01-01,2025-01-01,A,10,
F035.PIB.V12.R.CLP.2018.04.Z.Z.10.0.A,2026-08-21T23:55:33+00:00,12,2014-01-01,2025-01-01,A,10,
F035.PIB.V12.R.CLP.2018.05.Z.Z.10.0.A,2026-08-21T23:55:33+00:00,12,2014-01-01,2025-01-01,A,10,
F035.PIB.V12.R.CLP.2018.06.Z.Z.10.0.A,2026-08-21T23:55:33+00:00,12,2014-01-01,2025-01-01,A,10,
F035.PIB.V12.R.CLP.2018.08.Z.Z.10.0.A,2026-08-21T23:55:33+00:00,12,2014-01-01,2025-01-01,A,10,
F035.PIB.V12.R.CLP.2018.09.21.Z.10.0.A,2026-08-21T23:55:33+00:00,12,2014-01-01,2025-01-01,A,10,
F035.PIB.V12.R.CLP.2018.10.Z.Z.10.0.A,2026-08-21T23:55:33+00:00,12,2014-01-01,2025-01-01,A,10,
F035.PIB.V12.R.CLP.2018.11.Z.Z.10.0.A,2026-08-21T23:55:33+00:00,12,2014-01-01,2025-01-01,A,10,
F035.PIB.V12.R.CLP.2018.12.Z.Z.10.0.A,2026-08-21T23:55:33+00:00,12,2014-01-01,2025-01-01,A,10,
F035.PIB.V12.R.CLP.2018.COM.Z.Z.10.0.A,2026-08-21T23:55:33+00:00,12,2014-01-01,2025-01-01,A,10,
F035.PIB.V12.R.CLP.2018.CONT.Z.Z.10.0.A,2026-08-21T23:55:33+00:00,12,2014-01-01,2025-01-01,A,10,
F035.PIB.V12.R.CLP.2018.RH.Z.Z.10.0.A,2026-08-21T23:55:33+00:00,12,2014-01-01,2025-01-01,A,10,
F035.PIB.V12.R.CLP.2018.Z.Z.Z.10.0.A,2026-08-21T23:55:33+00:00,12,2014-01-01,2025-01-01,A,10,
F035.PPCP.FLU.R.USD.2018.Z.Z.Z.10.0.A,2026-08-21T23:55:34+00:00,12,2013-01-01,2024-01-01,A,10,
F035.XSE.FLU.N.CLP.2018.03.Z.Z.10.0.A,2026-08-21T23:55:34+00:00,13,2013-01-01,2025-01-01,A,10,
F035.XSE.FLU.N.CLP.2018.04.Z.Z.10.0.A,2026-08-21T23:55:34+00:00,13,2013-01-01,2025-01-01,A,10,
F035.XSE.FLU.N.CLP.2018.102.Z.Z.10.0.A,2026-08-21T23:55:34+00:00,13,2013-01-01,2025-01-01,A,10,
F035.XSE.FLU.N.CLP.2018.XBI.Z.Z.10.0.A,2026-08-21T23:55:34+00:00,13,2013-01-01,2025-01-01,A,10,
F035.XSE.FLU.N.CLP.2018.XBS.Z.Z.10.0.A,2026-08-21T23:55:34+00:00,13,2013-01-01,2025-01-01,A,10,
F035.XSE.FLU.N.CLP.2018.Z.Z.Z.10.0.A,2026-08-21T23:55:34+00:00,13,2013-01-01,2025-01-01,A,10,
F035.XSE.FLU.R.CLP.2018.03.Z.Z.10.0.A,2026-08-21T23:55:34+00:00,13,2013-01-01,2025-01-01,A,10,
F035.XSE.FLU.R.CLP.2018.04.Z.Z.10.0.A,2026-08-21T23:55:34+00:00,13,2013-01-01,2025-01-01,A,10,
F035.XSE.FLU.R.CLP.2018.102.Z.Z.10.0.A,2026-08-21T23:55:34+00:00,13,2013-01-01,2025-01-01,A,10,
F035.XSE.FLU.R.CLP.2018.XBI.Z.Z.10.0.A,2026-08-21T23:55:34+00:00,13,2013-01-01,2025-01-01,A,10,
F035.XSE.FLU.R.CLP.2018.XBS.Z.Z.10.0.A,2026-08-21T23:55:34+00:00,13,2013-01-01,2025-01-01,A,10,
F035.XSE.FLU.R.CLP.2018.Z.Z.Z.10.0.A,2026-08-21T23:55:34+00:00,13,2013-01-01,2025-01-01,A,10,
F035.XSE.V12.R.Z.2018.03.Z.Z.10.0.A,2026-08-21T23:55:34+00:00,12,2014-01-01,2025-01-01,A,10,
F035.XSE.V12.R.Z.2018.04.Z.Z.10.0.A,2026-08-21T23:55:34+00:00,12,2014-01-01,2025-01-01,A,10,
F035.XSE.V12.R.Z.2018.102.Z.Z.10.0.A,2026-08-21T23:55:34+00:00,12,2014-01-01,2025-01-01,A,10,
F035.XSE.V12.R.Z.2018.XBI.Z.Z.10.0.A,2026-08-21T23:55:34+00:00,12,2014-01-01,2025-01-01,A,10,
F035.XSE.V12.R.Z.2018.XBS.Z.Z.10.0.A,2026-08-21T23:55:34+00:00,12,2014-01-01,2025-01-01,A,10,
F035.XSE.V12.R.Z.2018.XBSSR.Z.Z.10.0.A,2026-08-21T23:55:34+00:00,12,2014-01-01,2025-01-01,A,10,
F035.XSE.V12.R.Z.2018.Z.Z.Z.10.0.A,2026-08-21T23:55:34+00:00,12,2014-01-01,2025-01-01,A,10,
F049.EVA.STO.INE.20.A,2026-08-21T23:55:34+00:00,25,2002-01-01,2026-01-01,A,10,
F049.EVH.STO.INE.20.A,2026-08-21T23:55:34+00:00,25,2002-01-01,2026-01-01,A,10,
F049.EVM.STO.INE.20.A,2026-08-21T23:55:34+00:00,25,2002-01-01,2026-01-01,A,10,
F049.POBLL.STO.INE.AT.A,2026-08-21T23:55:34+00:00,25,2002-01-01,2026-01-01,A,10,
F049.POBLL.STO.INE.H0014.A,2026-08-21T23:55:34+00:00,25,2002-01-01,2026-01-01,A,10,
F049.POBLL.STO.INE.H1564.A,2026-08-21T23:55:34+00:00,25,2002-01-01,2026-01-01,A,10,
F049.POBLL.STO.INE.H65YM.A,2026-08-21T23:55:34+00:00,25,2002-01-01,2026-01-01,A,10,
F049.POBLL.STO.INE.HT.A,2026-08-21T23:55:34+00:00,25,2002-01-01,2026-01-01,A,10,
F049.POBLL.STO.INE.M0014.A,2026-08-21T23:55:34+00:00,25,2002-01-01,2026-01-01,A,10,
F049.POBLL.STO.INE.M1564.A,2026-08-21T23:55:34+00:00,25,2002-01-01,2026-01-01,A,10,
F049.POBLL.STO.INE.M65YM.A,2026-08-21T23:55:34+00:00,25,2002-01-01,2026-01-01,A,10,
F049.POBLL.STO.INE.MT.A,2026-08-21T23:55:34+00:00,25,2002-01-01,2026-01-01,A,10,
F068.G1.STO.Z.IED.Z.Z.Z.Z.CL.IED.6.RXRXIV.A,2026-08-21T23:55:34+00:00,13,2012-01-01,2024-01-01,A,10,
F034.ICNE.POR.BCCH.Z.RXI.A,2026-08-21T23:55:34+00:00,18,2006-01-01,2023-01-01,A,11,
F034.SEVC.POR.BCCH.Z.RXI.A,2026-08-21T23:55:34+00:00,14,2006-01-01,2019-01-01,A,11,
F034.TEAMV.STO.BCCH.Z.RXI.A,2026-08-21T23:55:34+00:00,20,2005-01-01,2024-01-01,A,11,
F034.TEMP.STO.BCCH.Z.RXI.A,2026-08-21T23:55:34+00:00,20,2005-01-01,2024-01-01,A,11,
F035.CPCP.FLU.R.USD.2018.Z.Z.Z.11.0.A,2026-08-21T23:55:34+00:00,12,2013-01-01,2024-01-01,A,11,
F035.CPRIPSFL.FLU.N.CLP.2018.Z.Z.BD.11.0.A,2026-08-21T23:55:34+00:00,13,2013-01-01,2025-01-01,A,11,
F035.CPRIPSFL.FLU.N.CLP.2018.Z.Z.BND.11.0.A,2026-08-21T23:55:34+00:00,13,2013-01-01,2025-01-01,A,11,
F035.CPRIPSFL.FLU.N.CLP.2018.Z.Z.SER.11.0.A,2026-08-21T23:55:34+00:00,13,2013-01-01,2025-01-01,A,11,
F035.CPRIPSFL.FLU.N.CLP.2018.Z.Z.Z.11.0.A,2026-08-21T23:55:34+00:00,13,2013-01-01,2025-01-01,A,11,
F035.CPRIPSFL.V12.R.CLP.2018.Z.Z.BD.11.0.A,2026-08-21T23:55:34+00:00,12,2014-01-01,2025-01-01,A,11,
F035.CPRIPSFL.V12.R.CLP.2018.Z.Z.BND.11.0.A,2026-08-21T23:55:34+00:00,12,2014-01-01,2025-01-01,A,11,
F035.CPRIPSFL.V12.R.CLP.2018.Z.Z.CONT.11.0.A,2026-08-21T23:55:34+00:00,12,2014-01-01,2025-01-01,A,11,
F035.CPRIPSFL.V12.R.CLP.2018.Z.Z.SER.11.0.A,2026-08-21T23:55:34+00:00,12,2014-01-01,2025-01-01,A,11,
F035.CPRIPSFL.V12.R.CLP.2018.Z.Z.Z.11.0.A,2026-08-21T23:55:35+00:00,12,2014-01-01,2025-01-01,A,11,
F035.IMB.FLU.R.CLP.1986.13.Z.Z.11.0.A,2026-08-21T23:55:35+00:00,13,1985-01-01,1997-01-01,A,11,
F035.IMB.FLU.R.CLP.1996.13.Z.Z.11.0.A,2026-08-21T23:55:35+00:00,8,1996-01-01,2003-01-01,A,11,
F035.IMB.FLU.R.CLP.2003.13.Z.Z.11.0.A,2026-08-21T23:55:35+00:00,7,2003-01-01,2009-01-01,A,11,
F035.PIB.FLU.N.CLP.2008.01.Z.Z.11.0.A,2026-08-21T23:55:35+00:00,7,2008-01-01,2014-01-01,A,11,
F035.PIB.FLU.N.CLP.2008.02.04.Z.11.0.A,2026-08-21T23:55:35+00:00,7,2008-01-01,2014-01-01,A,11,
F035.PIB.FLU.N.CLP.2008.03.Z.Z.11.0.A,2026-08-21T23:55:35+00:00,7,2008-01-01,2014-01-01,A,11,
F035.PIB.FLU.N.CLP.2008.04.Z.Z.11.0.A,2026-08-21T23:55:35+00:00,7,2008-01-01,2014-01-01,A,11,
F035.PIB.FLU.N.CLP.2008.05.Z.Z.11.0.A,2026-08-21T23:55:35+00:00,7,2008-01-01,2014-01-01,A,11,
F035.PIB.FLU.N.CLP.2008.06.Z.Z.11.0.A,2026-08-21T23:55:35+00:00,7,2008-01-01,2014-01-01,A,11,
F035.PIB.FLU.N.CLP.2008.07.Z.Z.11.0.A,2026-08-21T23:55:35+00:00,7,2008-01-01,2014-01-01,A,11,
F035.PIB.FLU.N.CLP.2008.08.Z.Z.11.0.A,2026-08-21T23:55:35+00:00,7,2008-01-01,2014-01-01,A,11,
F035.PIB.FLU.N.CLP.2008.09.21.Z.11.0.A,2026-08-21T23:55:35+00:00,7,2008-01-01,2014-01-01,A,11,
F035.PIB.FLU.N.CLP.2008.10.Z.Z.11.0.A,2026-08-21T23:55:35+00:00,7,2008-01-01,2014-01-01,A,11,
F035.PIB.FLU.N.CLP.2008.11.Z.Z.11.0.A,2026-08-21T23:55:35+00:00,7,2008-01-01,2014-01-01,A,11,
F035.PIB.FLU.N.CLP.2008.12.Z.Z.11.0.A,2026-08-21T23:55:35+00:00,7,2008-01-01,2014-01-01,A,11,
F035.PIB.FLU.N.CLP.2008.Z.Z.Z.11.0.A,2026-08-21T23:55:35+00:00,8,2008-01-01,2015-01-01,A,11,
F035.PIB.FLU.N.CLP.2013.01.Z.Z.11.0.A,2026-08-21T23:55:35+00:00,12,2008-01-01,2019-01-01,A,11,
F035.PIB.FLU.N.CLP.2013.02.04.Z.11.0.A,2026-08-21T23:55:35+00:00,12,2008-01-01,2019-01-01,A,11,
F035.PIB.FLU.N.CLP.2013.03.Z.Z.11.0.A,2026-08-21T23:55:35+00:00,12,2008-01-01,2019-01-01,A,11,
F035.PIB.FLU.N.CLP.2013.04.Z.Z.11.0.A,2026-08-21T23:55:35+00:00,12,2008-01-01,2019-01-01,A,11,
F035.PIB.FLU.N.CLP.2013.05.Z.Z.11.0.A,2026-08-21T23:55:35+00:00,12,2008-01-01,2019-01-01,A,11,
F035.PIB.FLU.N.CLP.2013.06.Z.Z.11.0.A,2026-08-21T23:55:35+00:00,12,2008-01-01,2019-01-01,A,11,
F035.PIB.FLU.N.CLP.2013.07.Z.Z.11.0.A,2026-08-21T23:55:35+00:00,12,2008-01-01,2019-01-01,A,11,
F035.PIB.FLU.N.CLP.2013.08.Z.Z.11.0.A,2026-08-21T23:55:35+00:00,12,2008-01-01,2019-01-01,A,11,
F035.PIB.FLU.N.CLP.2013.09.21.Z.11.0.A,2026-08-21T23:55:35+00:00,12,2008-01-01,2019-01-01,A,11,
F035.PIB.FLU.N.CLP.2013.10.Z.Z.11.0.A,2026-08-21T23:55:35+00:00,12,2008-01-01,2019-01-01,A,11,
F035.PIB.FLU.N.CLP.2013.11.Z.Z.11.0.A,2026-08-21T23:55:35+00:00,12,2008-01-01,2019-01-01,A,11,
F035.PIB.FLU.N.CLP.2013.12.Z.Z.11.0.A,2026-08-21T23:55:35+00:00,12,2008-01-01,2019-01-01,A,11,
F035.PIB.FLU.N.CLP.2013.Z.Z.Z.11.0.A,2026-08-21T23:55:35+00:00,13,2008-01-01,2020-01-01,A,11,
F035.PIB.FLU.N.CLP.2018.01.Z.Z.11.0.A,2026-08-21T23:55:35+00:00,13,2013-01-01,2025-01-01,A,11,
F035.PIB.FLU.N.CLP.2018.02.04.Z.11.0.A,2026-08-21T23:55:35+00:00,13,2013-01-01,2025-01-01,A,11,
F035.PIB.FLU.N.CLP.2018.03.Z.Z.11.0.A,2026-08-21T23:55:35+00:00,13,2013-01-01,2025-01-01,A,11,
F035.PIB.FLU.N.CLP.2018.04.Z.Z.11.0.A,2026-08-21T23:55:35+00:00,13,2013-01-01,2025-01-01,A,11,
F035.PIB.FLU.N.CLP.2018.05.Z.Z.11.0.A,2026-08-21T23:55:35+00:00,13,2013-01-01,2025-01-01,A,11,
F035.PIB.FLU.N.CLP.2018.06.Z.Z.11.0.A,2026-08-21T23:55:35+00:00,13,2013-01-01,2025-01-01,A,11,
F035.PIB.FLU.N.CLP.2018.08.Z.Z.11.0.A,2026-08-21T23:55:35+00:00,13,2013-01-01,2025-01-01,A,11,
F035.PIB.FLU.N.CLP.2018.09.21.Z.11.0.A,2026-08-21T23:55:35+00:00,13,2013-01-01,2025-01-01,A,11,
F035.PIB.FLU.N.CLP.2018.10.Z.Z.11.0.A,2026-08-21T23:55:35+00:00,13,2013-01-01,2025-01-01,A,11,
F035.PIB.FLU.N.CLP.2018.11.Z.Z.11.0.A,2026-08-21T23:55:35+00:00,13,2013-01-01,2025-01-01,A,11,
F035.PIB.FLU.N.CLP.2018.12.Z.Z.11.0.A,2026-08-21T23:55:35+00:00,13,2013-01-01,2025-01-01,A,11,
F035.PIB.FLU.N.CLP.2018.COM.Z.Z.11.0.A,2026-08-21T23:55:35+00:00,13,2013-01-01,2025-01-01,A,11,
F035.PIB.FLU.N.CLP.2018.RH.Z.Z.11.0.A,2026-08-21T23:55:35+00:00,13,2013-01-01,2025-01-01,A,11,
F035.PIB.FLU.N.CLP.2018.Z.Z.Z.11.0.A,2026-08-21T23:55:35+00:00,13,2013-01-01,2025-01-01,A,11,
F035.PIB.FLU.R.CLP.1986.01.Z.Z.11.0.A,2026-08-21T23:55:35+00:00,13,1985-01-01,1997-01-01,A,11,
F035.PIB.FLU.R.CLP.1986.02.04.Z.11.0.A,2026-08-21T23:55:36+00:00,13,1985-01-01,1997-01-01,A,11,
F035.PIB.FLU.R.CLP.1986.03.Z.Z.11.0.A,2026-08-21T23:55:36+00:00,13,1985-01-01,1997-01-01,A,11,
F035.PIB.FLU.R.CLP.1986.04.Z.Z.11.0.A,2026-08-21T23:55:36+00:00,13,1985-01-01,1997-01-01,A,11,
F035.PIB.FLU.R.CLP.1986.05.Z.Z.11.0.A,2026-08-21T23:55:36+00:00,13,1985-01-01,1997-01-01,A,11,
F035.PIB.FLU.R.CLP.1986.06.Z.Z.11.0.A,2026-08-21T23:55:36+00:00,13,1985-01-01,1997-01-01,A,11,
F035.PIB.FLU.R.CLP.1986.07.Z.Z.11.0.A,2026-08-21T23:55:36+00:00,13,1985-01-01,1997-01-01,A,11,
F035.PIB.FLU.R.CLP.1986.08.Z.Z.11.0.A,2026-08-21T23:55:36+00:00,13,1985-01-01,1997-01-01,A,11,
F035.PIB.FLU.R.CLP.1986.09.21.27.11.0.A,2026-08-21T23:55:36+00:00,13,1985-01-01,1997-01-01,A,11,
F035.PIB.FLU.R.CLP.1986.10.Z.Z.11.0.A,2026-08-21T23:55:36+00:00,13,1985-01-01,1997-01-01,A,11,
F035.PIB.FLU.R.CLP.1986.11.Z.Z.11.0.A,2026-08-21T23:55:36+00:00,13,1985-01-01,1997-01-01,A,11,
F035.PIB.FLU.R.CLP.1986.12.Z.Z.11.0.A,2026-08-21T23:55:36+00:00,13,1985-01-01,1997-01-01,A,11,
F035.PIB.FLU.R.CLP.1986.Z.Z.Z.11.0.A,2026-08-21T23:55:36+00:00,14,1985-01-01,1998-01-01,A,11,
F035.PIB.FLU.R.CLP.1996.01.Z.Z.11.0.A,2026-08-21T23:55:36+00:00,8,1996-01-01,2003-01-01,A,11,
F035.PIB.FLU.R.CLP.1996.02.04.Z.11.0.A,2026-08-21T23:55:36+00:00,8,1996-01-01,2003-01-01,A,11,
F035.PIB.FLU.R.CLP.1996.03.Z.Z.11.0.A,2026-08-21T23:55:36+00:00,8,1996-01-01,2003-01-01,A,11,
F035.PIB.FLU.R.CLP.1996.04.Z.Z.11.0.A,2026-08-21T23:55:36+00:00,8,1996-01-01,2003-01-01,A,11,
F035.PIB.FLU.R.CLP.1996.05.Z.Z.11.0.A,2026-08-21T23:55:36+00:00,8,1996-01-01,2003-01-01,A,11,
F035.PIB.FLU.R.CLP.1996.06.Z.Z.11.0.A,2026-08-21T23:55:36+00:00,8,1996-01-01,2003-01-01,A,11,
F035.PIB.FLU.R.CLP.1996.07.Z.Z.11.0.A,2026-08-21T23:55:36+00:00,8,1996-01-01,2003-01-01,A,11,
F035.PIB.FLU.R.CLP.1996.08.Z.Z.11.0.A,2026-08-21T23:55:36+00:00,8,1996-01-01,2003-01-01,A,11,
F035.PIB.FLU.R.CLP.1996.09.21.Z.11.0.A,2026-08-21T23:55:36+00:00,8,1996-01-01,2003-01-01,A,11,
F035.PIB.FLU.R.CLP.1996.10.Z.Z.11.0.A,2026-08-21T23:55:36+00:00,8,1996-01-01,2003-01-01,A,11,
F035.PIB.FLU.R.CLP.1996.11.Z.Z.11.0.A,2026-08-21T23:55:36+00:00,8,1996-01-01,2003-01-01,A,11,
F035.PIB.FLU.R.CLP.1996.12.Z.Z.11.0.A,2026-08-21T23:55:36+00:00,8,1996-01-01,2003-01-01,A,11,
F035.PIB.FLU.R.CLP.1996.Z.Z.Z.11.0.A,2026-08-21T23:55:36+00:00,9,1996-01-01,2004-01-01,A,11,
F035.PIB.FLU.R.CLP.2003.01.Z.Z.11.0.A,2026-08-21T23:55:36+00:00,7,2003-01-01,2009-01-01,A,11,
F035.PIB.FLU.R.CLP.2003.02.04.Z.11.0.A,2026-08-21T23:55:36+00:00,7,2003-01-01,2009-01-01,A,11,
F035.PIB.FLU.R.CLP.2003.03.Z.Z.11.0.A,2026-08-21T23:55:36+00:00,7,2003-01-01,2009-01-01,A,11,
F035.PIB.FLU.R.CLP.2003.04.Z.Z.11.0.A,2026-08-21T23:55:36+00:00,7,2003-01-01,2009-01-01,A,11,
F035.PIB.FLU.R.CLP.2003.05.Z.Z.11.0.A,2026-08-21T23:55:36+00:00,7,2003-01-01,2009-01-01,A,11,
F035.PIB.FLU.R.CLP.2003.06.Z.Z.11.0.A,2026-08-21T23:55:36+00:00,7,2003-01-01,2009-01-01,A,11,
F035.PIB.FLU.R.CLP.2003.07.Z.Z.11.0.A,2026-08-21T23:55:36+00:00,7,2003-01-01,2009-01-01,A,11,
F035.PIB.FLU.R.CLP.2003.08.Z.Z.11.0.A,2026-08-21T23:55:36+00:00,7,2003-01-01,2009-01-01,A,11,
F035.PIB.FLU.R.CLP.2003.09.21.Z.11.0.A,2026-08-21T23:55:36+00:00,7,2003-01-01,2009-01-01,A,11,
F035.PIB.FLU.R.CLP.2003.10.Z.Z.11.0.A,2026-08-21T23:55:36+00:00,7,2003-01-01,2009-01-01,A,11,
F035.PIB.FLU.R.CLP.2003.11.Z.Z.11.0.A,2026-08-21T23:55:36+00:00,7,2003-01-01,2009-01-01,A,11,
F035.PIB.FLU.R.CLP.2003.12.Z.Z.11.0.A,2026-08-21T23:55:36+00:00,7,2003-01-01,2009-01-01,A,11,
F035.PIB.FLU.R.CLP.2003.Z.Z.Z.11.0.A,2026-08-21T23:55:36+00:00,8,2003-01-01,2010-01-01,A,11,
F035.PIB.FLU.R.CLP.2008.01.Z.Z.11.0.A,2026-08-21T23:55:36+00:00,7,2008-01-01,2014-01-01,A,11,
F035.PIB.FLU.R.CLP.2008.02.04.Z.11.0.A,2026-08-21T23:55:36+00:00,7,2008-01-01,2014-01-01,A,11,
F035.PIB.FLU.R.CLP.2008.03.Z.Z.11.0.A,2026-08-21T23:55:36+00:00,7,2008-01-01,2014-01-01,A,11,
F035.PIB.FLU.R.CLP.2008.04.Z.Z.11.0.A,2026-08-21T23:55:36+00:00,7,2008-01-01,2014-01-01,A,11,
F035.PIB.FLU.R.CLP.2008.05.Z.Z.11.0.A,2026-08-21T23:55:36+00:00,7,2008-01-01,2014-01-01,A,11,
F035.PIB.FLU.R.CLP.2008.06.Z.Z.11.0.A,2026-08-21T23:55:36+00:00,7,2008-01-01,2014-01-01,A,11,
F035.PIB.FLU.R.CLP.2008.07.Z.Z.11.0.A,2026-08-21T23:55:36+00:00,7,2008-01-01,2014-01-01,A,11,
F035.PIB.FLU.R.CLP.2008.08.Z.Z.11.0.A,2026-08-21T23:55:36+00:00,7,2008-01-01,2014-01-01,A,11,
F035.PIB.FLU.R.CLP.2008.09.21.Z.11.0.A,2026-08-21T23:55:36+00:00,7,2008-01-01,2014-01-01,A,11,
F035.PIB.FLU.R.CLP.2008.10.Z.Z.11.0.A,2026-08-21T23:55:37+00:00,7,2008-01-01,2014-01-01,A,11,
F035.PIB.FLU.R.CLP.2008.11.Z.Z.11.0.A,2026-08-21T23:55:37+00:00,7,2008-01-01,2014-01-01,A,11,
F035.PIB.FLU.R.CLP.2008.12.Z.Z.11.0.A,2026-08-21T23:55:37+00:00,7,2008-01-01,2014-01-01,A,11,
F035.PIB.FLU.R.CLP.2008.Z.Z.Z.11.0.A,2026-08-21T23:55:37+00:00,8,2008-01-01,2015-01-01,A,11,
F035.PIB.FLU.R.CLP.2013.01.Z.Z.11.0.A,2026-08-21T23:55:37+00:00,12,2008-01-01,2019-01-01,A,11,
F035.PIB.FLU.R.CLP.2013.02.04.Z.11.0.A,2026-08-21T23:55:37+00:00,12,2008-01-01,2019-01-01,A,11,
F035.PIB.FLU.R.CLP.2013.03.Z.Z.11.0.A,2026-08-21T23:55:37+00:00,12,2008-01-01,2019-01-01,A,11,
F035.PIB.FLU.R.CLP.2013.04.Z.Z.11.0.A,2026-08-21T23:55:37+00:00,12,2008-01-01,2019-01-01,A,11,
F035.PIB.FLU.R.CLP.2013.05.Z.Z.11.0.A,2026-08-21T23:55:37+00:00,12,2008-01-01,2019-01-01,A,11,
F035.PIB.FLU.R.CLP.2013.06.Z.Z.11.0.A,2026-08-21T23:55:37+00:00,12,2008-01-01,2019-01-01,A,11,
F035.PIB.FLU.R.CLP.2013.07.Z.Z.11.0.A,2026-08-21T23:55:37+00:00,12,2008-01-01,2019-01-01,A,11,
F035.PIB.FLU.R.CLP.2013.08.Z.Z.11.0.A,2026-08-21T23:55:37+00:00,12,2008-01-01,2019-01-01,A,11,
F035.PIB.FLU.R.CLP.2013.09.21.Z.11.0.A,2026-08-21T23:55:37+00:00,12,2008-01-01,2019-01-01,A,11,
F035.PIB.FLU.R.CLP.2013.10.Z.Z.11.0.A,2026-08-21T23:55:37+00:00,12,2008-01-01,2019-01-01,A,11,
F035.PIB.FLU.R.CLP.2013.11.Z.Z.11.0.A,2026-08-21T23:55:37+00:00,12,2008-01-01,2019-01-01,A,11,
F035.PIB.FLU.R.CLP.2013.12.Z.Z.11.0.A,2026-08-21T23:55:37+00:00,12,2008-01-01,2019-01-01,A,11,
F035.PIB.FLU.R.CLP.2013.Z.Z.Z.11.0.A,2026-08-21T23:55:37+00:00,13,2008-01-01,2020-01-01,A,11,
F035.PIB.FLU.R.CLP.2018.01.Z.Z.11.0.A,2026-08-21T23:55:37+00:00,13,2013-01-01,2025-01-01,A,11,
F035.PIB.FLU.R.CLP.2018.02.04.Z.11.0.A,2026-08-21T23:55:37+00:00,13,2013-01-01,2025-01-01,A,11,
F035.PIB.FLU.R.CLP.2018.03.Z.Z.11.0.A,2026-08-21T23:55:37+00:00,13,2013-01-01,2025-01-01,A,11,
F035.PIB.FLU.R.CLP.2018.04.Z.Z.11.0.A,2026-08-21T23:55:37+00:00,13,2013-01-01,2025-01-01,A,11,
F035.PIB.FLU.R.CLP.2018.05.Z.Z.11.0.A,2026-08-21T23:55:37+00:00,13,2013-01-01,2025-01-01,A,11,
F035.PIB.FLU.R.CLP.2018.06.Z.Z.11.0.A,2026-08-21T23:55:37+00:00,13,2013-01-01,2025-01-01,A,11,
F035.PIB.FLU.R.CLP.2018.08.Z.Z.11.0.A,2026-08-21T23:55:37+00:00,13,2013-01-01,2025-01-01,A,11,
F035.PIB.FLU.R.CLP.2018.09.21.Z.11.0.A,2026-08-21T23:55:37+00:00,13,2013-01-01,2025-01-01,A,11,
F035.PIB.FLU.R.CLP.2018.10.Z.Z.11.0.A,2026-08-21T23:55:37+00:00,13,2013-01-01,2025-01-01,A,11,
F035.PIB.FLU.R.CLP.2018.11.Z.Z.11.0.A,2026-08-21T23:55:37+00:00,13,2013-01-01,2025-01-01,A,11,
F035.PIB.FLU.R.CLP.2018.12.Z.Z.11.0.A,2026-08-21T23:55:37+00:00,13,2013-01-01,2025-01-01,A,11,
F035.PIB.FLU.R.CLP.2018.COM.Z.Z.11.0.A,2026-08-21T23:55:37+00:00,13,2013-01-01,2025-01-01,A,11,
F035.PIB.FLU.R.CLP.2018.RH.Z.Z.11.0.A,2026-08-21T23:55:37+00:00,13,2013-01-01,2025-01-01,A,11,
F035.PIB.FLU.R.CLP.2018.Z.Z.Z.11.0.A,2026-08-21T23:55:37+00:00,13,2013-01-01,2025-01-01,A,11,
F035.PIB.V12.R.CLP.2008.Z.Z.Z.11.0.A,2026-08-21T23:55:37+00:00,7,2009-01-01,2015-01-01,A,11,
F035.PIB.V12.R.CLP.2013.Z.Z.Z.11.0.A,2026-08-21T23:55:37+00:00,12,2009-01-01,2020-01-01,A,11,
F035.PIB.V12.R.CLP.2018.01.Z.Z.11.0.A,2026-08-21T23:55:37+00:00,12,2014-01-01,2025-01-01,A,11,
F035.PIB.V12.R.CLP.2018.02.04.Z.11.0.A,2026-08-21T23:55:37+00:00,12,2014-01-01,2025-01-01,A,11,
F035.PIB.V12.R.CLP.2018.03.Z.Z.11.0.A,2026-08-21T23:55:37+00:00,12,2014-01-01,2025-01-01,A,11,
F035.PIB.V12.R.CLP.2018.04.Z.Z.11.0.A,2026-08-21T23:55:37+00:00,12,2014-01-01,2025-01-01,A,11,
F035.PIB.V12.R.CLP.2018.05.Z.Z.11.0.A,2026-08-21T23:55:37+00:00,12,2014-01-01,2025-01-01,A,11,
F035.PIB.V12.R.CLP.2018.06.Z.Z.11.0.A,2026-08-21T23:55:37+00:00,12,2014-01-01,2025-01-01,A,11,
F035.PIB.V12.R.CLP.2018.08.Z.Z.11.0.A,2026-08-21T23:55:37+00:00,12,2014-01-01,2025-01-01,A,11,
F035.PIB.V12.R.CLP.2018.09.21.Z.11.0.A,2026-08-21T23:55:37+00:00,12,2014-01-01,2025-01-01,A,11,
F035.PIB.V12.R.CLP.2018.10.Z.Z.11.0.A,2026-08-21T23:55:37+00:00,12,2014-01-01,2025-01-01,A,11,
F035.PIB.V12.R.CLP.2018.11.Z.Z.11.0.A,2026-08-21T23:55:37+00:00,12,2014-01-01,2025-01-01,A,11,
F035.PIB.V12.R.CLP.2018.12.Z.Z.11.0.A,2026-08-21T23:55:37+00:00,12,2014-01-01,2025-01-01,A,11,
F035.PIB.V12.R.CLP.2018.COM.Z.Z.11.0.A,2026-08-21T23:55:38+00:00,12,2014-01-01,2025-01-01,A,11,
F035.PIB.V12.R.CLP.2018.CONT.Z.Z.11.0.A,2026-08-21T23:55:38+00:00,12,2014-01-01,2025-01-01,A,11,
F035.PIB.V12.R.CLP.2018.RH.Z.Z.11.0.A,2026-08-21T23:55:38+00:00,12,2014-01-01,2025-01-01,A,11,
F035.PIB.V12.R.CLP.2018.Z.Z.Z.11.0.A,2026-08-21T23:55:38+00:00,12,2014-01-01,2025-01-01,A,11,
F035.PPCP.FLU.R.USD.2018.Z.Z.Z.11.0.A,2026-08-21T23:55:38+00:00,12,2013-01-01,2024-01-01,A,11,
F035.XSE.FLU.N.CLP.2018.03.Z.Z.11.0.A,2026-08-21T23:55:38+00:00,13,2013-01-01,2025-01-01,A,11,
F035.XSE.FLU.N.CLP.2018.04.Z.Z.11.0.A,2026-08-21T23:55:38+00:00,13,2013-01-01,2025-01-01,A,11,
F035.XSE.FLU.N.CLP.2018.102.Z.Z.11.0.A,2026-08-21T23:55:38+00:00,13,2013-01-01,2025-01-01,A,11,
F035.XSE.FLU.N.CLP.2018.XBI.Z.Z.11.0.A,2026-08-21T23:55:38+00:00,13,2013-01-01,2025-01-01,A,11,
F035.XSE.FLU.N.CLP.2018.XBS.Z.Z.11.0.A,2026-08-21T23:55:38+00:00,13,2013-01-01,2025-01-01,A,11,
F035.XSE.FLU.N.CLP.2018.Z.Z.Z.11.0.A,2026-08-21T23:55:38+00:00,13,2013-01-01,2025-01-01,A,11,
F035.XSE.FLU.R.CLP.2018.03.Z.Z.11.0.A,2026-08-21T23:55:38+00:00,13,2013-01-01,2025-01-01,A,11,
F035.XSE.FLU.R.CLP.2018.04.Z.Z.11.0.A,2026-08-21T23:55:38+00:00,13,2013-01-01,2025-01-01,A,11,
F035.XSE.FLU.R.CLP.2018.102.Z.Z.11.0.A,2026-08-21T23:55:38+00:00,13,2013-01-01,2025-01-01,A,11,
F035.XSE.FLU.R.CLP.2018.XBI.Z.Z.11.0.A,2026-08-21T23:55:38+00:00,13,2013-01-01,2025-01-01,A,11,
F035.XSE.FLU.R.CLP.2018.XBS.Z.Z.11.0.A,2026-08-21T23:55:38+00:00,13,2013-01-01,2025-01-01,A,11,
F035.XSE.FLU.R.CLP.2018.Z.Z.Z.11.0.A,2026-08-21T23:55:38+00:00,13,2013-01-01,2025-01-01,A,11,
F035.XSE.V12.R.Z.2018.03.Z.Z.11.0.A,2026-08-21T23:55:38+00:00,12,2014-01-01,2025-01-01,A,11,
F035.XSE.V12.R.Z.2018.04.Z.Z.11.0.A,2026-08-21T23:55:38+00:00,12,2014-01-01,2025-01-01,A,11,
F035.XSE.V12.R.Z.2018.102.Z.Z.11.0.A,2026-08-21T23:55:38+00:00,12,2014-01-01,2025-01-01,A,11,
F035.XSE.V12.R.Z.2018.XBI.Z.Z.11.0.A,2026-08-21T23:55:38+00:00,12,2014-01-01,2025-01-01,A,11,
F035.XSE.V12.R.Z.2018.XBS.Z.Z.11.0.A,2026-08-21T23:55:38+00:00,12,2014-01-01,2025-01-01,A,11,
F035.XSE.V12.R.Z.2018.XBSSR.Z.Z.11.0.A,2026-08-21T23:55:38+00:00,12,2014-01-01,2025-01-01,A,11,
F035.XSE.V12.R.Z.2018.Z.Z.Z.11.0.A,2026-08-21T23:55:38+00:00,12,2014-01-01,2025-01-01,A,11,
F049.EVA.STO.INE.21.A,2026-08-21T23:55:38+00:00,25,2002-01-01,2026-01-01,A,11,
F049.EVH.STO.INE.21.A,2026-08-21T23:55:38+00:00,25,2002-01-01,2026-01-01,A,11,
F049.EVM.STO.INE.21.A,2026-08-21T23:55:38+00:00,25,2002-01-01,2026-01-01,A,11,
F049.POBAI.STO.INE.AT.A,2026-08-21T23:55:38+00:00,25,2002-01-01,2026-01-01,A,11,
F049.POBAI.STO.INE.H0014.A,2026-08-21T23:55:38+00:00,25,2002-01-01,2026-01-01,A,11,
F049.POBAI.STO.INE.H1564.A,2026-08-21T23:55:38+00:00,25,2002-01-01,2026-01-01,A,11,
F049.POBAI.STO.INE.H65YM.A,2026-08-21T23:55:38+00:00,25,2002-01-01,2026-01-01,A,11,
F049.POBAI.STO.INE.HT.A,2026-08-21T23:55:38+00:00,25,2002-01-01,2026-01-01,A,11,
F049.POBAI.STO.INE.M0014.A,2026-08-21T23:55:38+00:00,25,2002-01-01,2026-01-01,A,11,
F049.POBAI.STO.INE.M1564.A,2026-08-21T23:55:38+00:00,25,2002-01-01,2026-01-01,A,11,
F049.POBAI.STO.INE.M65YM.A,2026-08-21T23:55:38+00:00,25,2002-01-01,2026-01-01,A,11,
F049.POBAI.STO.INE.MT.A,2026-08-21T23:55:38+00:00,25,2002-01-01,2026-01-01,A,11,
F034.ICNE.POR.BCCH.Z.RXII.A,2026-08-21T23:55:38+00:00,18,2006-01-01,2023-01-01,A,12,
F034.SEVC.POR.BCCH.Z.RXII.A,2026-08-21T23:55:38+00:00,14,2006-01-01,2019-01-01,A,12,
F034.TEAMV.STO.BCCH.Z.RXII.A,2026-08-21T23:55:38+00:00,20,2005-01-01,2024-01-01,A,12,
F034.TEMP.STO.BCCH.Z.RXII.A,2026-08-21T23:55:38+00:00,20,2005-01-01,2024-01-01,A,12,
F035.CPCP.FLU.R.USD.2018.Z.Z.Z.12.0.A,2026-08-21T23:55:38+00:00,12,2013-01-01,2024-01-01,A,12,
F035.CPRIPSFL.FLU.N.CLP.2018.Z.Z.BD.12.0.A,2026-08-21T23:55:38+00:00,13,2013-01-01,2025-01-01,A,12,
F035.CPRIPSFL.FLU.N.CLP.2018.Z.Z.BND.12.0.A,2026-08-21T23:55:38+00:00,13,2013-01-01,2025-01-01,A,12,
F035.CPRIPSFL.FLU.N.CLP.2018.Z.Z.SER.12.0.A,2026-08-21T23:55:39+00:00,13,2013-01-01,2025-01-01,A,12,
F035.CPRIPSFL.FLU.N.CLP.2018.Z.Z.Z.12.0.A,2026-08-21T23:55:39+00:00,13,2013-01-01,2025-01-01,A,12,
F035.CPRIPSFL.V12.R.CLP.2018.Z.Z.BD.12.0.A,2026-08-21T23:55:39+00:00,12,2014-01-01,2025-01-01,A,12,
F035.CPRIPSFL.V12.R.CLP.2018.Z.Z.BND.12.0.A,2026-08-21T23:55:39+00:00,12,2014-01-01,2025-01-01,A,12,
F035.CPRIPSFL.V12.R.CLP.2018.Z.Z.CONT.12.0.A,2026-08-21T23:55:39+00:00,12,2014-01-01,2025-01-01,A,12,
F035.CPRIPSFL.V12.R.CLP.2018.Z.Z.SER.12.0.A,2026-08-21T23:55:39+00:00,12,2014-01-01,2025-01-01,A,12,
F035.CPRIPSFL.V12.R.CLP.2018.Z.Z.Z.12.0.A,2026-08-21T23:55:39+00:00,12,2014-01-01,2025-01-01,A,12,
F035.IMB.FLU.R.CLP.1986.13.Z.Z.12.0.A,2026-08-21T23:55:39+00:00,13,1985-01-01,1997-01-01,A,12,
F035.IMB.FLU.R.CLP.1996.13.Z.Z.12.0.A,2026-08-21T23:55:39+00:00,8,1996-01-01,2003-01-01,A,12,
F035.IMB.FLU.R.CLP.2003.13.Z.Z.12.0.A,2026-08-21T23:55:39+00:00,7,2003-01-01,2009-01-01,A,12,
F035.PIB.FLU.N.CLP.2008.01.Z.Z.12.0.A,2026-08-21T23:55:39+00:00,7,2008-01-01,2014-01-01,A,12,
F035.PIB.FLU.N.CLP.2008.02.04.Z.12.0.A,2026-08-21T23:55:39+00:00,7,2008-01-01,2014-01-01,A,12,
F035.PIB.FLU.N.CLP.2008.03.Z.Z.12.0.A,2026-08-21T23:55:39+00:00,7,2008-01-01,2014-01-01,A,12,
F035.PIB.FLU.N.CLP.2008.04.Z.Z.12.0.A,2026-08-21T23:55:39+00:00,7,2008-01-01,2014-01-01,A,12,
F035.PIB.FLU.N.CLP.2008.05.Z.Z.12.0.A,2026-08-21T23:55:39+00:00,7,2008-01-01,2014-01-01,A,12,
F035.PIB.FLU.N.CLP.2008.06.Z.Z.12.0.A,2026-08-21T23:55:39+00:00,7,2008-01-01,2014-01-01,A,12,
F035.PIB.FLU.N.CLP.2008.07.Z.Z.12.0.A,2026-08-21T23:55:39+00:00,7,2008-01-01,2014-01-01,A,12,
F035.PIB.FLU.N.CLP.2008.08.Z.Z.12.0.A,2026-08-21T23:55:39+00:00,7,2008-01-01,2014-01-01,A,12,
F035.PIB.FLU.N.CLP.2008.09.21.Z.12.0.A,2026-08-21T23:55:39+00:00,7,2008-01-01,2014-01-01,A,12,
F035.PIB.FLU.N.CLP.2008.10.Z.Z.12.0.A,2026-08-21T23:55:39+00:00,7,2008-01-01,2014-01-01,A,12,
F035.PIB.FLU.N.CLP.2008.11.Z.Z.12.0.A,2026-08-21T23:55:39+00:00,7,2008-01-01,2014-01-01,A,12,
F035.PIB.FLU.N.CLP.2008.12.Z.Z.12.0.A,2026-08-21T23:55:39+00:00,7,2008-01-01,2014-01-01,A,12,
F035.PIB.FLU.N.CLP.2008.Z.Z.Z.12.0.A,2026-08-21T23:55:39+00:00,8,2008-01-01,2015-01-01,A,12,
F035.PIB.FLU.N.CLP.2013.01.Z.Z.12.0.A,2026-08-21T23:55:39+00:00,12,2008-01-01,2019-01-01,A,12,
F035.PIB.FLU.N.CLP.2013.02.04.Z.12.0.A,2026-08-21T23:55:39+00:00,12,2008-01-01,2019-01-01,A,12,
F035.PIB.FLU.N.CLP.2013.03.Z.Z.12.0.A,2026-08-21T23:55:39+00:00,12,2008-01-01,2019-01-01,A,12,
F035.PIB.FLU.N.CLP.2013.04.Z.Z.12.0.A,2026-08-21T23:55:39+00:00,12,2008-01-01,2019-01-01,A,12,
F035.PIB.FLU.N.CLP.2013.05.Z.Z.12.0.A,2026-08-21T23:55:39+00:00,12,2008-01-01,2019-01-01,A,12,
F035.PIB.FLU.N.CLP.2013.06.Z.Z.12.0.A,2026-08-21T23:55:39+00:00,12,2008-01-01,2019-01-01,A,12,
F035.PIB.FLU.N.CLP.2013.07.Z.Z.12.0.A,2026-08-21T23:55:39+00:00,12,2008-01-01,2019-01-01,A,12,
F035.PIB.FLU.N.CLP.2013.08.Z.Z.12.0.A,2026-08-21T23:55:39+00:00,12,2008-01-01,2019-01-01,A,12,
F035.PIB.FLU.N.CLP.2013.09.21.Z.12.0.A,2026-08-21T23:55:39+00:00,12,2008-01-01,2019-01-01,A,12,
F035.PIB.FLU.N.CLP.2013.10.Z.Z.12.0.A,2026-08-21T23:55:39+00:00,12,2008-01-01,2019-01-01,A,12,
F035.PIB.FLU.N.CLP.2013.11.Z.Z.12.0.A,2026-08-21T23:55:39+00:00,12,2008-01-01,2019-01-01,A,12,
F035.PIB.FLU.N.CLP.2013.12.Z.Z.12.0.A,2026-08-21T23:55:39+00:00,12,2008-01-01,2019-01-01,A,12,
F035.PIB.FLU.N.CLP.2013.Z.Z.Z.12.0.A,2026-08-21T23:55:39+00:00,13,2008-01-01,2020-01-01,A,12,
F035.PIB.FLU.N.CLP.2018.01.Z.Z.12.0.A,2026-08-21T23:55:39+00:00,13,2013-01-01,2025-01-01,A,12,
F035.PIB.FLU.N.CLP.2018.02.04.Z.12.0.A,2026-08-21T23:55:39+00:00,13,2013-01-01,2025-01-01,A,12,
F035.PIB.FLU.N.CLP.2018.03.Z.Z.12.0.A,2026-08-21T23:55:40+00:00,13,2013-01-01,2025-01-01,A,12,
F035.PIB.FLU.N.CLP.2018.04.Z.Z.12.0.A,2026-08-21T23:55:40+00:00,13,2013-01-01,2025-01-01,A,12,
F035.PIB.FLU.N.CLP.2018.05.Z.Z.12.0.A,2026-08-21T23:55:40+00:00,13,2013-01-01,2025-01-01,A,12,
F035.PIB.FLU.N.CLP.2018.06.Z.Z.12.0.A,2026-08-21T23:55:40+00:00,13,2013-01-01,2025-01-01,A,12,
F035.PIB.FLU.N.CLP.2018.08.Z.Z.12.0.A,2026-08-21T23:55:40+00:00,13,2013-01-01,2025-01-01,A,12,
F035.PIB.FLU.N.CLP.2018.09.21.Z.12.0.A,2026-08-21T23:55:40+00:00,13,2013-01-01,2025-01-01,A,12,
F035.PIB.FLU.N.CLP.2018.10.Z.Z.12.0.A,2026-08-21T23:55:40+00:00,13,2013-01-01,2025-01-01,A,12,
F035.PIB.FLU.N.CLP.2018.11.Z.Z.12.0.A,2026-08-21T23:55:40+00:00,13,2013-01-01,2025-01-01,A,12,
F035.PIB.FLU.N.CLP.2018.12.Z.Z.12.0.A,2026-08-21T23:55:40+00:00,13,2013-01-01,2025-01-01,A,12,
F035.PIB.FLU.N.CLP.2018.COM.Z.Z.12.0.A,2026-08-21T23:55:40+00:00,13,2013-01-01,2025-01-01,A,12,
F035.PIB.FLU.N.CLP.2018.RH.Z.Z.12.0.A,2026-08-21T23:55:40+00:00,13,2013-01-01,2025-01-01,A,12,
F035.PIB.FLU.N.CLP.2018.Z.Z.Z.12.0.A,2026-08-21T23:55:40+00:00,13,2013-01-01,2025-01-01,A,12,
F035.PIB.FLU.R.CLP.1986.01.Z.Z.12.0.A,2026-08-21T23:55:40+00:00,13,1985-01-01,1997-01-01,A,12,
F035.PIB.FLU.R.CLP.1986.02.04.Z.12.0.A,2026-08-21T23:55:40+00:00,13,1985-01-01,1997-01-01,A,12,
F035.PIB.FLU.R.CLP.1986.03.Z.Z.12.0.A,2026-08-21T23:55:40+00:00,13,1985-01-01,1997-01-01,A,12,
F035.PIB.FLU.R.CLP.1986.04.Z.Z.12.0.A,2026-08-21T23:55:40+00:00,13,1985-01-01,1997-01-01,A,12,
F035.PIB.FLU.R.CLP.1986.05.Z.Z.12.0.A,2026-08-21T23:55:40+00:00,13,1985-01-01,1997-01-01,A,12,
F035.PIB.FLU.R.CLP.1986.06.Z.Z.12.0.A,2026-08-21T23:55:40+00:00,13,1985-01-01,1997-01-01,A,12,
F035.PIB.FLU.R.CLP.1986.07.Z.Z.12.0.A,2026-08-21T23:55:40+00:00,13,1985-01-01,1997-01-01,A,12,
F035.PIB.FLU.R.CLP.1986.08.Z.Z.12.0.A,2026-08-21T23:55:40+00:00,13,1985-01-01,1997-01-01,A,12,
F035.PIB.FLU.R.CLP.1986.09.21.27.12.0.A,2026-08-21T23:55:40+00:00,13,1985-01-01,1997-01-01,A,12,
F035.PIB.FLU.R.CLP.1986.10.Z.Z.12.0.A,2026-08-21T23:55:40+00:00,13,1985-01-01,1997-01-01,A,12,
F035.PIB.FLU.R.CLP.1986.11.Z.Z.12.0.A,2026-08-21T23:55:40+00:00,13,1985-01-01,1997-01-01,A,12,
F035.PIB.FLU.R.CLP.1986.12.Z.Z.12.0.A,2026-08-21T23:55:40+00:00,13,1985-01-01,1997-01-01,A,12,
F035.PIB.FLU.R.CLP.1986.Z.Z.Z.12.0.A,2026-08-21T23:55:40+00:00,14,1985-01-01,1998-01-01,A,12,
F035.PIB.FLU.R.CLP.1996.01.Z.Z.12.0.A,2026-08-21T23:55:40+00:00,8,1996-01-01,2003-01-01,A,12,
F035.PIB.FLU.R.CLP.1996.02.04.Z.12.0.A,2026-08-21T23:55:40+00:00,8,1996-01-01,2003-01-01,A,12,
F035.PIB.FLU.R.CLP.1996.03.Z.Z.12.0.A,2026-08-21T23:55:40+00:00,8,1996-01-01,2003-01-01,A,12,
F035.PIB.FLU.R.CLP.1996.04.Z.Z.12.0.A,2026-08-21T23:55:40+00:00,8,1996-01-01,2003-01-01,A,12,
F035.PIB.FLU.R.CLP.1996.05.Z.Z.12.0.A,2026-08-21T23:55:40+00:00,8,1996-01-01,2003-01-01,A,12,
F035.PIB.FLU.R.CLP.1996.06.Z.Z.12.0.A,2026-08-21T23:55:40+00:00,8,1996-01-01,2003-01-01,A,12,
F035.PIB.FLU.R.CLP.1996.07.Z.Z.12.0.A,2026-08-21T23:55:40+00:00,8,1996-01-01,2003-01-01,A,12,
F035.PIB.FLU.R.CLP.1996.08.Z.Z.12.0.A,2026-08-21T23:55:40+00:00,8,1996-01-01,2003-01-01,A,12,
F035.PIB.FLU.R.CLP.1996.09.21.Z.12.0.A,2026-08-21T23:55:40+00:00,8,1996-01-01,2003-01-01,A,12,
F035.PIB.FLU.R.CLP.1996.10.Z.Z.12.0.A,2026-08-21T23:55:40+00:00,8,1996-01-01,2003-01-01,A,12,
F035.PIB.FLU.R.CLP.1996.11.Z.Z.12.0.A,2026-08-21T23:55:40+00:00,8,1996-01-01,2003-01-01,A,12,
F035.PIB.FLU.R.CLP.1996.12.Z.Z.12.0.A,2026-08-21T23:55:40+00:00,8,1996-01-01,2003-01-01,A,12,
F035.PIB.FLU.R.CLP.1996.Z.Z.Z.12.0.A,2026-08-21T23:55:40+00:00,9,1996-01-01,2004-01-01,A,12,
F035.PIB.FLU.R.CLP.2003.01.Z.Z.12.0.A,2026-08-21T23:55:40+00:00,7,2003-01-01,2009-01-01,A,12,
F035.PIB.FLU.R.CLP.2003.02.04.Z.12.0.A,2026-08-21T23:55:40+00:00,7,2003-01-01,2009-01-01,A,12,
F035.PIB.FLU.R.CLP.2003.03.Z.Z.12.0.A,2026-08-21T23:55:40+00:00,7,2003-01-01,2009-01-01,A,12,
F035.PIB.FLU.R.CLP.2003.04.Z.Z.12.0.A,2026-08-21T23:55:40+00:00,7,2003-01-01,2009-01-01,A,12,
F035.PIB.FLU.R.CLP.2003.05.Z.Z.12.0.A,2026-08-21T23:55:40+00:00,7,2003-01-01,2009-01-01,A,12,
F035.PIB.FLU.R.CLP.2003.06.Z.Z.12.0.A,2026-08-21T23:55:40+00:00,7,2003-01-01,2009-01-01,A,12,
F035.PIB.FLU.R.CLP.2003.07.Z.Z.12.0.A,2026-08-21T23:55:41+00:00,7,2003-01-01,2009-01-01,A,12,
F035.PIB.FLU.R.CLP.2003.08.Z.Z.12.0.A,2026-08-21T23:55:41+00:00,7,2003-01-01,2009-01-01,A,12,
F035.PIB.FLU.R.CLP.2003.09.21.Z.12.0.A,2026-08-21T23:55:41+00:00,7,2003-01-01,2009-01-01,A,12,
F035.PIB.FLU.R.CLP.2003.10.Z.Z.12.0.A,2026-08-21T23:55:41+00:00,7,2003-01-01,2009-01-01,A,12,
F035.PIB.FLU.R.CLP.2003.11.Z.Z.12.0.A,2026-08-21T23:55:41+00:00,7,2003-01-01,2009-01-01,A,12,
F035.PIB.FLU.R.CLP.2003.12.Z.Z.12.0.A,2026-08-21T23:55:41+00:00,7,2003-01-01,2009-01-01,A,12,
F035.PIB.FLU.R.CLP.2003.Z.Z.Z.12.0.A,2026-08-21T23:55:41+00:00,8,2003-01-01,2010-01-01,A,12,
F035.PIB.FLU.R.CLP.2008.01.Z.Z.12.0.A,2026-08-21T23:55:41+00:00,7,2008-01-01,2014-01-01,A,12,
F035.PIB.FLU.R.CLP.2008.02.04.Z.12.0.A,2026-08-21T23:55:41+00:00,7,2008-01-01,2014-01-01,A,12,
F035.PIB.FLU.R.CLP.2008.03.Z.Z.12.0.A,2026-08-21T23:55:41+00:00,7,2008-01-01,2014-01-01,A,12,
F035.PIB.FLU.R.CLP.2008.04.Z.Z.12.0.A,2026-08-21T23:55:41+00:00,7,2008-01-01,2014-01-01,A,12,
F035.PIB.FLU.R.CLP.2008.05.Z.Z.12.0.A,2026-08-21T23:55:41+00:00,7,2008-01-01,2014-01-01,A,12,
F035.PIB.FLU.R.CLP.2008.06.Z.Z.12.0.A,2026-08-21T23:55:41+00:00,7,2008-01-01,2014-01-01,A,12,
F035.PIB.FLU.R.CLP.2008.07.Z.Z.12.0.A,2026-08-21T23:55:41+00:00,7,2008-01-01,2014-01-01,A,12,
F035.PIB.FLU.R.CLP.2008.08.Z.Z.12.0.A,2026-08-21T23:55:41+00:00,7,2008-01-01,2014-01-01,A,12,
F035.PIB.FLU.R.CLP.2008.09.21.Z.12.0.A,2026-08-21T23:55:41+00:00,7,2008-01-01,2014-01-01,A,12,
F035.PIB.FLU.R.CLP.2008.10.Z.Z.12.0.A,2026-08-21T23:55:41+00:00,7,2008-01-01,2014-01-01,A,12,
F035.PIB.FLU.R.CLP.2008.11.Z.Z.12.0.A,2026-08-21T23:55:41+00:00,7,2008-01-01,2014-01-01,A,12,
F035.PIB.FLU.R.CLP.2008.12.Z.Z.12.0.A,2026-08-21T23:55:41+00:00,7,2008-01-01,2014-01-01,A,12,
F035.PIB.FLU.R.CLP.2008.Z.Z.Z.12.0.A,2026-08-21T23:55:41+00:00,8,2008-01-01,2015-01-01,A,12,
F035.PIB.FLU.R.CLP.2013.01.Z.Z.12.0.A,2026-08-21T23:55:41+00:00,12,2008-01-01,2019-01-01,A,12,
F035.PIB.FLU.R.CLP.2013.02.04.Z.12.0.A,2026-08-21T23:55:41+00:00,12,2008-01-01,2019-01-01,A,12,
F035.PIB.FLU.R.CLP.2013.03.Z.Z.12.0.A,2026-08-21T23:55:41+00:00,12,2008-01-01,2019-01-01,A,12,
F035.PIB.FLU.R.CLP.2013.04.Z.Z.12.0.A,2026-08-21T23:55:41+00:00,12,2008-01-01,2019-01-01,A,12,
F035.PIB.FLU.R.CLP.2013.05.Z.Z.12.0.A,2026-08-21T23:55:41+00:00,12,2008-01-01,2019-01-01,A,12,
F035.PIB.FLU.R.CLP.2013.06.Z.Z.12.0.A,2026-08-21T23:55:41+00:00,12,2008-01-01,2019-01-01,A,12,
F035.PIB.FLU.R.CLP.2013.07.Z.Z.12.0.A,2026-08-21T23:55:41+00:00,12,2008-01-01,2019-01-01,A,12,
F035.PIB.FLU.R.CLP.2013.08.Z.Z.12.0.A,2026-08-21T23:55:41+00:00,12,2008-01-01,2019-01-01,A,12,
F035.PIB.FLU.R.CLP.2013.09.21.Z.12.0.A,2026-08-21T23:55:41+00:00,12,2008-01-01,2019-01-01,A,12,
F035.PIB.FLU.R.CLP.2013.10.Z.Z.12.0.A,2026-08-21T23:55:41+00:00,12,2008-01-01,2019-01-01,A,12,
F035.PIB.FLU.R.CLP.2013.11.Z.Z.12.0.A,2026-08-21T23:55:41+00:00,12,2008-01-01,2019-01-01,A,12,
F035.PIB.FLU.R.CLP.2013.12.Z.Z.12.0.A,2026-08-21T23:55:41+00:00,12,2008-01-01,2019-01-01,A,12,
F035.PIB.FLU.R.CLP.2013.Z.Z.Z.12.0.A,2026-08-21T23:55:41+00:00,13,2008-01-01,2020-01-01,A,12,
F035.PIB.FLU.R.CLP.2018.01.Z.Z.12.0.A,2026-08-21T23:55:41+00:00,13,2013-01-01,2025-01-01,A,12,
F035.PIB.FLU.R.CLP.2018.02.04.Z.12.0.A,2026-08-21T23:55:41+00:00,13,2013-01-01,2025-01-01,A,12,
F035.PIB.FLU.R.CLP.2018.03.Z.Z.12.0.A,2026-08-21T23:55:41+00:00,13,2013-01-01,2025-01-01,A,12,
F035.PIB.FLU.R.CLP.2018.04.Z.Z.12.0.A,2026-08-21T23:55:41+00:00,13,2013-01-01,2025-01-01,A,12,
F035.PIB.FLU.R.CLP.2018.05.Z.Z.12.0.A,2026-08-21T23:55:41+00:00,13,2013-01-01,2025-01-01,A,12,
F035.PIB.FLU.R.CLP.2018.06.Z.Z.12.0.A,2026-08-21T23:55:41+00:00,13,2013-01-01,2025-01-01,A,12,
F035.PIB.FLU.R.CLP.2018.08.Z.Z.12.0.A,2026-08-21T23:55:41+00:00,13,2013-01-01,2025-01-01,A,12,
F035.PIB.FLU.R.CLP.2018.09.21.Z.12.0.A,2026-08-21T23:55:41+00:00,13,2013-01-01,2025-01-01,A,12,
F035.PIB.FLU.R.CLP.2018.10.Z.Z.12.0.A,2026-08-21T23:55:41+00:00,13,2013-01-01,2025-01-01,A,12,
F035.PIB.FLU.R.CLP.2018.11.Z.Z.12.0.A,2026-08-21T23:55:41+00:00,13,2013-01-01,2025-01-01,A,12,
F035.PIB.FLU.R.CLP.2018.12.Z.Z.12.0.A,2026-08-21T23:55:41+00:00,13,2013-01-01,2025-01-01,A,12,
F035.PIB.FLU.R.CLP.2018.COM.Z.Z.12.0.A,2026-08-21T23:55:42+00:00,13,2013-01-01,2025-01-01,A,12,
F035.PIB.FLU.R.CLP.2018.RH.Z.Z.12.0.A,2026-08-21T23:55:42+00:00,13,2013-01-01,2025-01-01,A,12,
F035.PIB.FLU.R.CLP.2018.Z.Z.Z.12.0.A,2026-08-21T23:55:42+00:00,13,2013-01-01,2025-01-01,A,12,
F035.PIB.V12.R.CLP.2008.Z.Z.Z.12.0.A,2026-08-21T23:55:42+00:00,7,2009-01-01,2015-01-01,A,12,
F035.PIB.V12.R.CLP.2013.Z.Z.Z.12.0.A,2026-08-21T23:55:42+00:00,12,2009-01-01,2020-01-01,A,12,
F035.PIB.V12.R.CLP.2018.01.Z.Z.12.0.A,2026-08-21T23:55:42+00:00,12,2014-01-01,2025-01-01,A,12,
F035.PIB.V12.R.CLP.2018.02.04.Z.12.0.A,2026-08-21T23:55:42+00:00,12,2014-01-01,2025-01-01,A,12,
F035.PIB.V12.R.CLP.2018.03.Z.Z.12.0.A,2026-08-21T23:55:42+00:00,12,2014-01-01,2025-01-01,A,12,
F035.PIB.V12.R.CLP.2018.04.Z.Z.12.0.A,2026-08-21T23:55:42+00:00,12,2014-01-01,2025-01-01,A,12,
F035.PIB.V12.R.CLP.2018.05.Z.Z.12.0.A,2026-08-21T23:55:42+00:00,12,2014-01-01,2025-01-01,A,12,
F035.PIB.V12.R.CLP.2018.06.Z.Z.12.0.A,2026-08-21T23:55:42+00:00,12,2014-01-01,2025-01-01,A,12,
F035.PIB.V12.R.CLP.2018.08.Z.Z.12.0.A,2026-08-21T23:55:42+00:00,12,2014-01-01,2025-01-01,A,12,
F035.PIB.V12.R.CLP.2018.09.21.Z.12.0.A,2026-08-21T23:55:42+00:00,12,2014-01-01,2025-01-01,A,12,
F035.PIB.V12.R.CLP.2018.10.Z.Z.12.0.A,2026-08-21T23:55:42+00:00,12,2014-01-01,2025-01-01,A,12,
F035.PIB.V12.R.CLP.2018.11.Z.Z.12.0.A,2026-08-21T23:55:42+00:00,12,2014-01-01,2025-01-01,A,12,
F035.PIB.V12.R.CLP.2018.12.Z.Z.12.0.A,2026-08-21T23:55:42+00:00,12,2014-01-01,2025-01-01,A,12,
F035.PIB.V12.R.CLP.2018.COM.Z.Z.12.0.A,2026-08-21T23:55:42+00:00,12,2014-01-01,2025-01-01,A,12,
F035.PIB.V12.R.CLP.2018.CONT.Z.Z.12.0.A,2026-08-21T23:55:42+00:00,12,2014-01-01,2025-01-01,A,12,
F035.PIB.V12.R.CLP.2018.RH.Z.Z.12.0.A,2026-08-21T23:55:42+00:00,12,2014-01-01,2025-01-01,A,12,
F035.PIB.V12.R.CLP.2018.Z.Z.Z.12.0.A,2026-08-21T23:55:42+00:00,12,2014-01-01,2025-01-01,A,12,
F035.PPCP.FLU.R.USD.2018.Z.Z.Z.12.0.A,2026-08-21T23:55:42+00:00,12,2013-01-01,2024-01-01,A,12,
F035.XSE.FLU.N.CLP.2018.03.Z.Z.12.0.A,2026-08-21T23:55:42+00:00,13,2013-01-01,2025-01-01,A,12,
F035.XSE.FLU.N.CLP.2018.04.Z.Z.12.0.A,2026-08-21T23:55:42+00:00,13,2013-01-01,2025-01-01,A,12,
F035.XSE.FLU.N.CLP.2018.102.Z.Z.12.0.A,2026-08-21T23:55:42+00:00,13,2013-01-01,2025-01-01,A,12,
F035.XSE.FLU.N.CLP.2018.XBI.Z.Z.12.0.A,2026-08-21T23:55:42+00:00,13,2013-01-01,2025-01-01,A,12,
F035.XSE.FLU.N.CLP.2018.XBS.Z.Z.12.0.A,2026-08-21T23:55:42+00:00,13,2013-01-01,2025-01-01,A,12,
F035.XSE.FLU.N.CLP.2018.Z.Z.Z.12.0.A,2026-08-21T23:55:42+00:00,13,2013-01-01,2025-01-01,A,12,
F035.XSE.FLU.R.CLP.2018.03.Z.Z.12.0.A,2026-08-21T23:55:42+00:00,13,2013-01-01,2025-01-01,A,12,
F035.XSE.FLU.R.CLP.2018.04.Z.Z.12.0.A,2026-08-21T23:55:42+00:00,13,2013-01-01,2025-01-01,A,12,
F035.XSE.FLU.R.CLP.2018.102.Z.Z.12.0.A,2026-08-21T23:55:42+00:00,13,2013-01-01,2025-01-01,A,12,
F035.XSE.FLU.R.CLP.2018.XBI.Z.Z.12.0.A,2026-08-21T23:55:42+00:00,13,2013-01-01,2025-01-01,A,12,
F035.XSE.FLU.R.CLP.2018.XBS.Z.Z.12.0.A,2026-08-21T23:55:42+00:00,13,2013-01-01,2025-01-01,A,12,
F035.XSE.FLU.R.CLP.2018.Z.Z.Z.12.0.A,2026-08-21T23:55:42+00:00,13,2013-01-01,2025-01-01,A,12,
F035.XSE.V12.R.Z.2018.03.Z.Z.12.0.A,2026-08-21T23:55:42+00:00,12,2014-01-01,2025-01-01,A,12,
F035.XSE.V12.R.Z.2018.04.Z.Z.12.0.A,2026-08-21T23:55:42+00:00,12,2014-01-01,2025-01-01,A,12,
F035.XSE.V12.R.Z.2018.102.Z.Z.12.0.A,2026-08-21T23:55:42+00:00,12,2014-01-01,2025-01-01,A,12,
F035.XSE.V12.R.Z.2018.XBI.Z.Z.12.0.A,2026-08-21T23:55:42+00:00,12,2014-01-01,2025-01-01,A,12,
F035.XSE.V12.R.Z.2018.XBS.Z.Z.12.0.A,2026-08-21T23:55:42+00:00,12,2014-01-01,2025-01-01,A,12,
F035.XSE.V12.R.Z.2018.XBSSR.Z.Z.12.0.A,2026-08-21T23:55:42+00:00,12,2014-01-01,2025-01-01,A,12,
F035.XSE.V12.R.Z.2018.Z.Z.Z.12.0.A,2026-08-21T23:55:42+00:00,12,2014-01-01,2025-01-01,A,12,
F049.EVA.STO.INE.22.A,2026-08-21T23:55:42+00:00,25,2002-01-01,2026-01-01,A,12,
F049.EVH.STO.INE.22.A,2026-08-21T23:55:42+00:00,25,2002-01-01,2026-01-01,A,12,
F049.EVM.STO.INE.22.A,2026-08-21T23:55:42+00:00,25,2002-01-01,2026-01-01,A,12,
F049.POBMA.STO.INE.AT.A,2026-08-21T23:55:42+00:00,25,2002-01-01,2026-01-01,A,12,
F049.POBMA.STO.INE.H0014.A,2026-08-21T23:55:42+00:00,25,2002-01-01,2026-01-01,A,12,
F049.POBMA.STO.INE.H1564.A,2026-08-21T23:55:43+00:00,25,2002-01-01,2026-01-01,A,12,
F049.POBMA.STO.INE.H65YM.A,2026-08-21T23:55:43+00:00,25,2002-01-01,2026-01-01,A,12,
F049.POBMA.STO.INE.HT.A,2026-08-21T23:55:43+00:00,25,2002-01-01,2026-01-01,A,12,
F049.POBMA.STO.INE.M0014.A,2026-08-21T23:55:43+00:00,25,2002-01-01,2026-01-01,A,12,
F049.POBMA.STO.INE.M1564.A,2026-08-21T23:55:43+00:00,25,2002-01-01,2026-01-01,A,12,
F049.POBMA.STO.INE.M65YM.A,2026-08-21T23:55:43+00:00,25,2002-01-01,2026-01-01,A,12,
F049.POBMA.STO.INE.MT.A,2026-08-21T23:55:43+00:00,25,2002-01-01,2026-01-01,A,12,
F068.G1.STO.Z.IED.Z.Z.Z.Z.CL.IED.6.RXIRXII.A,2026-08-21T23:55:43+00:00,13,2012-01-01,2024-01-01,A,12,
F034.ICNE.POR.BCCH.Z.RM.A,2026-08-21T23:55:43+00:00,18,2006-01-01,2023-01-01,A,13,
F034.MCC.FLU.BCCH.Z.RM.A,2026-08-21T23:55:43+00:00,13,2012-01-01,2024-01-01,A,13,
F034.MCT.FLU.BCCH.Z.RM.A,2026-08-21T23:55:43+00:00,13,2012-01-01,2024-01-01,A,13,
F034.NUMP.FLU.BCCH.Z.RM.A,2026-08-21T23:55:43+00:00,13,2012-01-01,2024-01-01,A,13,
F034.SEVC.POR.BCCH.Z.RM.A,2026-08-21T23:55:43+00:00,14,2006-01-01,2019-01-01,A,13,
F034.TEAMV.STO.BCCH.Z.RM.A,2026-08-21T23:55:43+00:00,20,2005-01-01,2024-01-01,A,13,
F034.TEMP.STO.BCCH.Z.RM.A,2026-08-21T23:55:43+00:00,20,2005-01-01,2024-01-01,A,13,
F034.VALV.FLU.BCCH.Z.RM.A,2026-08-21T23:55:43+00:00,13,2012-01-01,2024-01-01,A,13,
F034.VALV.PPB.BCCH.Z.RM.A,2026-08-21T23:55:43+00:00,13,2012-01-01,2024-01-01,A,13,
F035.CPCP.FLU.R.USD.2018.Z.Z.Z.13.0.A,2026-08-21T23:55:43+00:00,12,2013-01-01,2024-01-01,A,13,
F035.CPRIPSFL.FLU.N.CLP.2018.Z.Z.BD.13.0.A,2026-08-21T23:55:43+00:00,13,2013-01-01,2025-01-01,A,13,
F035.CPRIPSFL.FLU.N.CLP.2018.Z.Z.BND.13.0.A,2026-08-21T23:55:43+00:00,13,2013-01-01,2025-01-01,A,13,
F035.CPRIPSFL.FLU.N.CLP.2018.Z.Z.SER.13.0.A,2026-08-21T23:55:43+00:00,13,2013-01-01,2025-01-01,A,13,
F035.CPRIPSFL.FLU.N.CLP.2018.Z.Z.Z.13.0.A,2026-08-21T23:55:43+00:00,13,2013-01-01,2025-01-01,A,13,
F035.CPRIPSFL.V12.R.CLP.2018.Z.Z.BD.13.0.A,2026-08-21T23:55:43+00:00,12,2014-01-01,2025-01-01,A,13,
F035.CPRIPSFL.V12.R.CLP.2018.Z.Z.BND.13.0.A,2026-08-21T23:55:43+00:00,12,2014-01-01,2025-01-01,A,13,
F035.CPRIPSFL.V12.R.CLP.2018.Z.Z.CONT.13.0.A,2026-08-21T23:55:43+00:00,12,2014-01-01,2025-01-01,A,13,
F035.CPRIPSFL.V12.R.CLP.2018.Z.Z.SER.13.0.A,2026-08-21T23:55:43+00:00,12,2014-01-01,2025-01-01,A,13,
F035.CPRIPSFL.V12.R.CLP.2018.Z.Z.Z.13.0.A,2026-08-21T23:55:43+00:00,12,2014-01-01,2025-01-01,A,13,
F035.IMB.FLU.R.CLP.1986.13.Z.Z.13.0.A,2026-08-21T23:55:43+00:00,13,1985-01-01,1997-01-01,A,13,
F035.IMB.FLU.R.CLP.1996.13.Z.Z.13.0.A,2026-08-21T23:55:43+00:00,8,1996-01-01,2003-01-01,A,13,
F035.IMB.FLU.R.CLP.2003.13.Z.Z.13.0.A,2026-08-21T23:55:43+00:00,7,2003-01-01,2009-01-01,A,13,
F035.PIB.FLU.N.CLP.2008.01.Z.Z.13.0.A,2026-08-21T23:55:43+00:00,7,2008-01-01,2014-01-01,A,13,
F035.PIB.FLU.N.CLP.2008.02.04.Z.13.0.A,2026-08-21T23:55:43+00:00,7,2008-01-01,2014-01-01,A,13,
F035.PIB.FLU.N.CLP.2008.03.Z.Z.13.0.A,2026-08-21T23:55:43+00:00,7,2008-01-01,2014-01-01,A,13,
F035.PIB.FLU.N.CLP.2008.04.Z.Z.13.0.A,2026-08-21T23:55:43+00:00,7,2008-01-01,2014-01-01,A,13,
F035.PIB.FLU.N.CLP.2008.05.Z.Z.13.0.A,2026-08-21T23:55:43+00:00,7,2008-01-01,2014-01-01,A,13,
F035.PIB.FLU.N.CLP.2008.06.Z.Z.13.0.A,2026-08-21T23:55:43+00:00,7,2008-01-01,2014-01-01,A,13,
F035.PIB.FLU.N.CLP.2008.07.Z.Z.13.0.A,2026-08-21T23:55:43+00:00,7,2008-01-01,2014-01-01,A,13,
F035.PIB.FLU.N.CLP.2008.08.Z.Z.13.0.A,2026-08-21T23:55:43+00:00,7,2008-01-01,2014-01-01,A,13,
F035.PIB.FLU.N.CLP.2008.09.21.Z.13.0.A,2026-08-21T23:55:43+00:00,7,2008-01-01,2014-01-01,A,13,
F035.PIB.FLU.N.CLP.2008.10.Z.Z.13.0.A,2026-08-21T23:55:43+00:00,7,2008-01-01,2014-01-01,A,13,
F035.PIB.FLU.N.CLP.2008.11.Z.Z.13.0.A,2026-08-21T23:55:43+00:00,7,2008-01-01,2014-01-01,A,13,
F035.PIB.FLU.N.CLP.2008.12.Z.Z.13.0.A,2026-08-21T23:55:43+00:00,7,2008-01-01,2014-01-01,A,13,
F035.PIB.FLU.N.CLP.2008.Z.Z.Z.13.0.A,2026-08-21T23:55:44+00:00,8,2008-01-01,2015-01-01,A,13,
F035.PIB.FLU.N.CLP.2013.01.Z.Z.13.0.A,2026-08-21T23:55:44+00:00,12,2008-01-01,2019-01-01,A,13,
F035.PIB.FLU.N.CLP.2013.02.04.Z.13.0.A,2026-08-21T23:55:44+00:00,12,2008-01-01,2019-01-01,A,13,
F035.PIB.FLU.N.CLP.2013.03.Z.Z.13.0.A,2026-08-21T23:55:44+00:00,12,2008-01-01,2019-01-01,A,13,
F035.PIB.FLU.N.CLP.2013.04.Z.Z.13.0.A,2026-08-21T23:55:44+00:00,12,2008-01-01,2019-01-01,A,13,
F035.PIB.FLU.N.CLP.2013.05.Z.Z.13.0.A,2026-08-21T23:55:44+00:00,12,2008-01-01,2019-01-01,A,13,
F035.PIB.FLU.N.CLP.2013.06.Z.Z.13.0.A,2026-08-21T23:55:44+00:00,12,2008-01-01,2019-01-01,A,13,
F035.PIB.FLU.N.CLP.2013.07.Z.Z.13.0.A,2026-08-21T23:55:44+00:00,12,2008-01-01,2019-01-01,A,13,
F035.PIB.FLU.N.CLP.2013.08.Z.Z.13.0.A,2026-08-21T23:55:44+00:00,12,2008-01-01,2019-01-01,A,13,
F035.PIB.FLU.N.CLP.2013.09.21.Z.13.0.A,2026-08-21T23:55:44+00:00,12,2008-01-01,2019-01-01,A,13,
F035.PIB.FLU.N.CLP.2013.10.Z.Z.13.0.A,2026-08-21T23:55:44+00:00,12,2008-01-01,2019-01-01,A,13,
F035.PIB.FLU.N.CLP.2013.11.Z.Z.13.0.A,2026-08-21T23:55:44+00:00,12,2008-01-01,2019-01-01,A,13,
F035.PIB.FLU.N.CLP.2013.12.Z.Z.13.0.A,2026-08-21T23:55:44+00:00,12,2008-01-01,2019-01-01,A,13,
F035.PIB.FLU.N.CLP.2013.Z.Z.Z.13.0.A,2026-08-21T23:55:44+00:00,13,2008-01-01,2020-01-01,A,13,
F035.PIB.FLU.N.CLP.2018.01.Z.Z.13.0.A,2026-08-21T23:55:44+00:00,13,2013-01-01,2025-01-01,A,13,
F035.PIB.FLU.N.CLP.2018.02.04.Z.13.0.A,2026-08-21T23:55:44+00:00,13,2013-01-01,2025-01-01,A,13,
F035.PIB.FLU.N.CLP.2018.03.Z.Z.13.0.A,2026-08-21T23:55:44+00:00,13,2013-01-01,2025-01-01,A,13,
F035.PIB.FLU.N.CLP.2018.04.Z.Z.13.0.A,2026-08-21T23:55:44+00:00,13,2013-01-01,2025-01-01,A,13,
F035.PIB.FLU.N.CLP.2018.05.Z.Z.13.0.A,2026-08-21T23:55:44+00:00,13,2013-01-01,2025-01-01,A,13,
F035.PIB.FLU.N.CLP.2018.06.Z.Z.13.0.A,2026-08-21T23:55:44+00:00,13,2013-01-01,2025-01-01,A,13,
F035.PIB.FLU.N.CLP.2018.08.Z.Z.13.0.A,2026-08-21T23:55:44+00:00,13,2013-01-01,2025-01-01,A,13,
F035.PIB.FLU.N.CLP.2018.09.21.Z.13.0.A,2026-08-21T23:55:44+00:00,13,2013-01-01,2025-01-01,A,13,
F035.PIB.FLU.N.CLP.2018.10.Z.Z.13.0.A,2026-08-21T23:55:44+00:00,13,2013-01-01,2025-01-01,A,13,
F035.PIB.FLU.N.CLP.2018.11.Z.Z.13.0.A,2026-08-21T23:55:44+00:00,13,2013-01-01,2025-01-01,A,13,
F035.PIB.FLU.N.CLP.2018.12.Z.Z.13.0.A,2026-08-21T23:55:44+00:00,13,2013-01-01,2025-01-01,A,13,
F035.PIB.FLU.N.CLP.2018.COM.Z.Z.13.0.A,2026-08-21T23:55:44+00:00,13,2013-01-01,2025-01-01,A,13,
F035.PIB.FLU.N.CLP.2018.RH.Z.Z.13.0.A,2026-08-21T23:55:44+00:00,13,2013-01-01,2025-01-01,A,13,
F035.PIB.FLU.N.CLP.2018.Z.Z.Z.13.0.A,2026-08-21T23:55:44+00:00,13,2013-01-01,2025-01-01,A,13,
F035.PIB.FLU.R.CLP.1986.01.Z.Z.13.0.A,2026-08-21T23:55:44+00:00,13,1985-01-01,1997-01-01,A,13,
F035.PIB.FLU.R.CLP.1986.02.04.Z.13.0.A,2026-08-21T23:55:44+00:00,13,1985-01-01,1997-01-01,A,13,
F035.PIB.FLU.R.CLP.1986.03.Z.Z.13.0.A,2026-08-21T23:55:44+00:00,13,1985-01-01,1997-01-01,A,13,
F035.PIB.FLU.R.CLP.1986.04.Z.Z.13.0.A,2026-08-21T23:55:44+00:00,13,1985-01-01,1997-01-01,A,13,
F035.PIB.FLU.R.CLP.1986.05.Z.Z.13.0.A,2026-08-21T23:55:44+00:00,13,1985-01-01,1997-01-01,A,13,
F035.PIB.FLU.R.CLP.1986.06.Z.Z.13.0.A,2026-08-21T23:55:44+00:00,13,1985-01-01,1997-01-01,A,13,
F035.PIB.FLU.R.CLP.1986.07.Z.Z.13.0.A,2026-08-21T23:55:44+00:00,13,1985-01-01,1997-01-01,A,13,
F035.PIB.FLU.R.CLP.1986.08.Z.Z.13.0.A,2026-08-21T23:55:44+00:00,13,1985-01-01,1997-01-01,A,13,
F035.PIB.FLU.R.CLP.1986.09.21.27.13.0.A,2026-08-21T23:55:44+00:00,13,1985-01-01,1997-01-01,A,13,
F035.PIB.FLU.R.CLP.1986.10.Z.Z.13.0.A,2026-08-21T23:55:44+00:00,13,1985-01-01,1997-01-01,A,13,
F035.PIB.FLU.R.CLP.1986.11.Z.Z.13.0.A,2026-08-21T23:55:44+00:00,13,1985-01-01,1997-01-01,A,13,
F035.PIB.FLU.R.CLP.1986.12.Z.Z.13.0.A,2026-08-21T23:55:44+00:00,13,1985-01-01,1997-01-01,A,13,
F035.PIB.FLU.R.CLP.1986.Z.Z.Z.13.0.A,2026-08-21T23:55:44+00:00,14,1985-01-01,1998-01-01,A,13,
F035.PIB.FLU.R.CLP.1996.01.Z.Z.13.0.A,2026-08-21T23:55:44+00:00,8,1996-01-01,2003-01-01,A,13,
F035.PIB.FLU.R.CLP.1996.02.04.Z.13.0.A,2026-08-21T23:55:44+00:00,8,1996-01-01,2003-01-01,A,13,
F035.PIB.FLU.R.CLP.1996.03.Z.Z.13.0.A,2026-08-21T23:55:44+00:00,8,1996-01-01,2003-01-01,A,13,
F035.PIB.FLU.R.CLP.1996.04.Z.Z.13.0.A,2026-08-21T23:55:44+00:00,8,1996-01-01,2003-01-01,A,13,
F035.PIB.FLU.R.CLP.1996.05.Z.Z.13.0.A,2026-08-21T23:55:45+00:00,8,1996-01-01,2003-01-01,A,13,
F035.PIB.FLU.R.CLP.1996.06.Z.Z.13.0.A,2026-08-21T23:55:45+00:00,8,1996-01-01,2003-01-01,A,13,
F035.PIB.FLU.R.CLP.1996.07.Z.Z.13.0.A,2026-08-21T23:55:45+00:00,8,1996-01-01,2003-01-01,A,13,
F035.PIB.FLU.R.CLP.1996.08.Z.Z.13.0.A,2026-08-21T23:55:45+00:00,8,1996-01-01,2003-01-01,A,13,
F035.PIB.FLU.R.CLP.1996.09.21.Z.13.0.A,2026-08-21T23:55:45+00:00,8,1996-01-01,2003-01-01,A,13,
F035.PIB.FLU.R.CLP.1996.10.Z.Z.13.0.A,2026-08-21T23:55:45+00:00,8,1996-01-01,2003-01-01,A,13,
F035.PIB.FLU.R.CLP.1996.11.Z.Z.13.0.A,2026-08-21T23:55:45+00:00,8,1996-01-01,2003-01-01,A,13,
F035.PIB.FLU.R.CLP.1996.12.Z.Z.13.0.A,2026-08-21T23:55:45+00:00,8,1996-01-01,2003-01-01,A,13,
F035.PIB.FLU.R.CLP.1996.Z.Z.Z.13.0.A,2026-08-21T23:55:45+00:00,9,1996-01-01,2004-01-01,A,13,
F035.PIB.FLU.R.CLP.2003.01.Z.Z.13.0.A,2026-08-21T23:55:45+00:00,7,2003-01-01,2009-01-01,A,13,
F035.PIB.FLU.R.CLP.2003.02.04.Z.13.0.A,2026-08-21T23:55:45+00:00,7,2003-01-01,2009-01-01,A,13,
F035.PIB.FLU.R.CLP.2003.03.Z.Z.13.0.A,2026-08-21T23:55:45+00:00,7,2003-01-01,2009-01-01,A,13,
F035.PIB.FLU.R.CLP.2003.04.Z.Z.13.0.A,2026-08-21T23:55:45+00:00,7,2003-01-01,2009-01-01,A,13,
F035.PIB.FLU.R.CLP.2003.05.Z.Z.13.0.A,2026-08-21T23:55:45+00:00,7,2003-01-01,2009-01-01,A,13,
F035.PIB.FLU.R.CLP.2003.06.Z.Z.13.0.A,2026-08-21T23:55:45+00:00,7,2003-01-01,2009-01-01,A,13,
F035.PIB.FLU.R.CLP.2003.07.Z.Z.13.0.A,2026-08-21T23:55:45+00:00,7,2003-01-01,2009-01-01,A,13,
F035.PIB.FLU.R.CLP.2003.08.Z.Z.13.0.A,2026-08-21T23:55:45+00:00,7,2003-01-01,2009-01-01,A,13,
F035.PIB.FLU.R.CLP.2003.09.21.Z.13.0.A,2026-08-21T23:55:45+00:00,7,2003-01-01,2009-01-01,A,13,
F035.PIB.FLU.R.CLP.2003.10.Z.Z.13.0.A,2026-08-21T23:55:45+00:00,7,2003-01-01,2009-01-01,A,13,
F035.PIB.FLU.R.CLP.2003.11.Z.Z.13.0.A,2026-08-21T23:55:45+00:00,7,2003-01-01,2009-01-01,A,13,
F035.PIB.FLU.R.CLP.2003.12.Z.Z.13.0.A,2026-08-21T23:55:45+00:00,7,2003-01-01,2009-01-01,A,13,
F035.PIB.FLU.R.CLP.2003.Z.Z.Z.13.0.A,2026-08-21T23:55:45+00:00,8,2003-01-01,2010-01-01,A,13,
F035.PIB.FLU.R.CLP.2008.01.Z.Z.13.0.A,2026-08-21T23:55:45+00:00,7,2008-01-01,2014-01-01,A,13,
F035.PIB.FLU.R.CLP.2008.02.04.Z.13.0.A,2026-08-21T23:55:45+00:00,7,2008-01-01,2014-01-01,A,13,
F035.PIB.FLU.R.CLP.2008.03.Z.Z.13.0.A,2026-08-21T23:55:45+00:00,7,2008-01-01,2014-01-01,A,13,
F035.PIB.FLU.R.CLP.2008.04.Z.Z.13.0.A,2026-08-21T23:55:45+00:00,7,2008-01-01,2014-01-01,A,13,
F035.PIB.FLU.R.CLP.2008.05.Z.Z.13.0.A,2026-08-21T23:55:45+00:00,7,2008-01-01,2014-01-01,A,13,
F035.PIB.FLU.R.CLP.2008.06.Z.Z.13.0.A,2026-08-21T23:55:45+00:00,7,2008-01-01,2014-01-01,A,13,
F035.PIB.FLU.R.CLP.2008.07.Z.Z.13.0.A,2026-08-21T23:55:45+00:00,7,2008-01-01,2014-01-01,A,13,
F035.PIB.FLU.R.CLP.2008.08.Z.Z.13.0.A,2026-08-21T23:55:45+00:00,7,2008-01-01,2014-01-01,A,13,
F035.PIB.FLU.R.CLP.2008.09.21.Z.13.0.A,2026-08-21T23:55:45+00:00,7,2008-01-01,2014-01-01,A,13,
F035.PIB.FLU.R.CLP.2008.10.Z.Z.13.0.A,2026-08-21T23:55:45+00:00,7,2008-01-01,2014-01-01,A,13,
F035.PIB.FLU.R.CLP.2008.11.Z.Z.13.0.A,2026-08-21T23:55:45+00:00,7,2008-01-01,2014-01-01,A,13,
F035.PIB.FLU.R.CLP.2008.12.Z.Z.13.0.A,2026-08-21T23:55:45+00:00,7,2008-01-01,2014-01-01,A,13,
F035.PIB.FLU.R.CLP.2008.Z.Z.Z.13.0.A,2026-08-21T23:55:45+00:00,8,2008-01-01,2015-01-01,A,13,
F035.PIB.FLU.R.CLP.2013.01.Z.Z.13.0.A,2026-08-21T23:55:45+00:00,12,2008-01-01,2019-01-01,A,13,
F035.PIB.FLU.R.CLP.2013.02.04.Z.13.0.A,2026-08-21T23:55:45+00:00,12,2008-01-01,2019-01-01,A,13,
F035.PIB.FLU.R.CLP.2013.03.Z.Z.13.0.A,2026-08-21T23:55:45+00:00,12,2008-01-01,2019-01-01,A,13,
F035.PIB.FLU.R.CLP.2013.04.Z.Z.13.0.A,2026-08-21T23:55:45+00:00,12,2008-01-01,2019-01-01,A,13,
F035.PIB.FLU.R.CLP.2013.05.Z.Z.13.0.A,2026-08-21T23:55:45+00:00,12,2008-01-01,2019-01-01,A,13,
F035.PIB.FLU.R.CLP.2013.06.Z.Z.13.0.A,2026-08-21T23:55:45+00:00,12,2008-01-01,2019-01-01,A,13,
F035.PIB.FLU.R.CLP.2013.07.Z.Z.13.0.A,2026-08-21T23:55:45+00:00,12,2008-01-01,2019-01-01,A,13,
F035.PIB.FLU.R.CLP.2013.08.Z.Z.13.0.A,2026-08-21T23:55:45+00:00,12,2008-01-01,2019-01-01,A,13,
F035.PIB.FLU.R.CLP.2013.09.21.Z.13.0.A,2026-08-21T23:55:45+00:00,12,2008-01-01,2019-01-01,A,13,
F035.PIB.FLU.R.CLP.2013.10.Z.Z.13.0.A,2026-08-21T23:55:45+00:00,12,2008-01-01,2019-01-01,A,13,
F035.PIB.FLU.R.CLP.2013.11.Z.Z.13.0.A,2026-08-21T23:55:45+00:00,12,2008-01-01,2019-01-01,A,13,
F035.PIB.FLU.R.CLP.2013.12.Z.Z.13.0.A,2026-08-21T23:55:46+00:00,12,2008-01-01,2019-01-01,A,13,
F035.PIB.FLU.R.CLP.2013.Z.Z.Z.13.0.A,2026-08-21T23:55:46+00:00,13,2008-01-01,2020-01-01,A,13,
F035.PIB.FLU.R.CLP.2018.01.Z.Z.13.0.A,2026-08-21T23:55:46+00:00,13,2013-01-01,2025-01-01,A,13,
F035.PIB.FLU.R.CLP.2018.02.04.Z.13.0.A,2026-08-21T23:55:46+00:00,13,2013-01-01,2025-01-01,A,13,
F035.PIB.FLU.R.CLP.2018.03.Z.Z.13.0.A,2026-08-21T23:55:46+00:00,13,2013-01-01,2025-01-01,A,13,
F035.PIB.FLU.R.CLP.2018.04.Z.Z.13.0.A,2026-08-21T23:55:46+00:00,13,2013-01-01,2025-01-01,A,13,
F035.PIB.FLU.R.CLP.2018.05.Z.Z.13.0.A,2026-08-21T23:55:46+00:00,13,2013-01-01,2025-01-01,A,13,
F035.PIB.FLU.R.CLP.2018.06.Z.Z.13.0.A,2026-08-21T23:55:46+00:00,13,2013-01-01,2025-01-01,A,13,
F035.PIB.FLU.R.CLP.2018.08.Z.Z.13.0.A,2026-08-21T23:55:46+00:00,13,2013-01-01,2025-01-01,A,13,
F035.PIB.FLU.R.CLP.2018.09.21.Z.13.0.A,2026-08-21T23:55:46+00:00,13,2013-01-01,2025-01-01,A,13,
F035.PIB.FLU.R.CLP.2018.10.Z.Z.13.0.A,2026-08-21T23:55:46+00:00,13,2013-01-01,2025-01-01,A,13,
F035.PIB.FLU.R.CLP.2018.11.Z.Z.13.0.A,2026-08-21T23:55:46+00:00,13,2013-01-01,2025-01-01,A,13,
F035.PIB.FLU.R.CLP.2018.12.Z.Z.13.0.A,2026-08-21T23:55:46+00:00,13,2013-01-01,2025-01-01,A,13,
F035.PIB.FLU.R.CLP.2018.COM.Z.Z.13.0.A,2026-08-21T23:55:46+00:00,13,2013-01-01,2025-01-01,A,13,
F035.PIB.FLU.R.CLP.2018.RH.Z.Z.13.0.A,2026-08-21T23:55:46+00:00,13,2013-01-01,2025-01-01,A,13,
F035.PIB.FLU.R.CLP.2018.Z.Z.Z.13.0.A,2026-08-21T23:55:46+00:00,13,2013-01-01,2025-01-01,A,13,
F035.PIB.V12.R.CLP.2008.Z.Z.Z.13.0.A,2026-08-21T23:55:46+00:00,7,2009-01-01,2015-01-01,A,13,
F035.PIB.V12.R.CLP.2013.Z.Z.Z.13.0.A,2026-08-21T23:55:46+00:00,12,2009-01-01,2020-01-01,A,13,
F035.PIB.V12.R.CLP.2018.01.Z.Z.13.0.A,2026-08-21T23:55:46+00:00,12,2014-01-01,2025-01-01,A,13,
F035.PIB.V12.R.CLP.2018.02.04.Z.13.0.A,2026-08-21T23:55:46+00:00,12,2014-01-01,2025-01-01,A,13,
F035.PIB.V12.R.CLP.2018.03.Z.Z.13.0.A,2026-08-21T23:55:46+00:00,12,2014-01-01,2025-01-01,A,13,
F035.PIB.V12.R.CLP.2018.04.Z.Z.13.0.A,2026-08-21T23:55:46+00:00,12,2014-01-01,2025-01-01,A,13,
F035.PIB.V12.R.CLP.2018.05.Z.Z.13.0.A,2026-08-21T23:55:46+00:00,12,2014-01-01,2025-01-01,A,13,
F035.PIB.V12.R.CLP.2018.06.Z.Z.13.0.A,2026-08-21T23:55:46+00:00,12,2014-01-01,2025-01-01,A,13,
F035.PIB.V12.R.CLP.2018.08.Z.Z.13.0.A,2026-08-21T23:55:46+00:00,12,2014-01-01,2025-01-01,A,13,
F035.PIB.V12.R.CLP.2018.09.21.Z.13.0.A,2026-08-21T23:55:46+00:00,12,2014-01-01,2025-01-01,A,13,
F035.PIB.V12.R.CLP.2018.10.Z.Z.13.0.A,2026-08-21T23:55:46+00:00,12,2014-01-01,2025-01-01,A,13,
F035.PIB.V12.R.CLP.2018.11.Z.Z.13.0.A,2026-08-21T23:55:46+00:00,12,2014-01-01,2025-01-01,A,13,
F035.PIB.V12.R.CLP.2018.12.Z.Z.13.0.A,2026-08-21T23:55:46+00:00,12,2014-01-01,2025-01-01,A,13,
F035.PIB.V12.R.CLP.2018.COM.Z.Z.13.0.A,2026-08-21T23:55:46+00:00,12,2014-01-01,2025-01-01,A,13,
F035.PIB.V12.R.CLP.2018.CONT.Z.Z.13.0.A,2026-08-21T23:55:46+00:00,12,2014-01-01,2025-01-01,A,13,
F035.PIB.V12.R.CLP.2018.RH.Z.Z.13.0.A,2026-08-21T23:55:46+00:00,12,2014-01-01,2025-01-01,A,13,
F035.PIB.V12.R.CLP.2018.Z.Z.Z.13.0.A,2026-08-21T23:55:46+00:00,12,2014-01-01,2025-01-01,A,13,
F035.PPCP.FLU.R.USD.2018.Z.Z.Z.13.0.A,2026-08-21T23:55:46+00:00,12,2013-01-01,2024-01-01,A,13,
F035.XSE.FLU.N.CLP.2018.03.Z.Z.13.0.A,2026-08-21T23:55:46+00:00,13,2013-01-01,2025-01-01,A,13,
F035.XSE.FLU.N.CLP.2018.04.Z.Z.13.0.A,2026-08-21T23:55:46+00:00,13,2013-01-01,2025-01-01,A,13,
F035.XSE.FLU.N.CLP.2018.102.Z.Z.13.0.A,2026-08-21T23:55:46+00:00,13,2013-01-01,2025-01-01,A,13,
F035.XSE.FLU.N.CLP.2018.XBI.Z.Z.13.0.A,2026-08-21T23:55:46+00:00,13,2013-01-01,2025-01-01,A,13,
F035.XSE.FLU.N.CLP.2018.XBS.Z.Z.13.0.A,2026-08-21T23:55:46+00:00,13,2013-01-01,2025-01-01,A,13,
F035.XSE.FLU.N.CLP.2018.Z.Z.Z.13.0.A,2026-08-21T23:55:46+00:00,13,2013-01-01,2025-01-01,A,13,
F035.XSE.FLU.R.CLP.2018.03.Z.Z.13.0.A,2026-08-21T23:55:46+00:00,13,2013-01-01,2025-01-01,A,13,
F035.XSE.FLU.R.CLP.2018.04.Z.Z.13.0.A,2026-08-21T23:55:46+00:00,13,2013-01-01,2025-01-01,A,13,
F035.XSE.FLU.R.CLP.2018.102.Z.Z.13.0.A,2026-08-21T23:55:46+00:00,13,2013-01-01,2025-01-01,A,13,
F035.XSE.FLU.R.CLP.2018.XBI.Z.Z.13.0.A,2026-08-21T23:55:46+00:00,13,2013-01-01,2025-01-01,A,13,
F035.XSE.FLU.R.CLP.2018.XBS.Z.Z.13.0.A,2026-08-21T23:55:47+00:00,13,2013-01-01,2025-01-01,A,13,
F035.XSE.FLU.R.CLP.2018.Z.Z.Z.13.0.A,2026-08-21T23:55:47+00:00,13,2013-01-01,2025-01-01,A,13,
F035.XSE.V12.R.Z.2018.03.Z.Z.13.0.A,2026-08-21T23:55:47+00:00,12,2014-01-01,2025-01-01,A,13,
F035.XSE.V12.R.Z.2018.04.Z.Z.13.0.A,2026-08-21T23:55:47+00:00,12,2014-01-01,2025-01-01,A,13,
F035.XSE.V12.R.Z.2018.102.Z.Z.13.0.A,2026-08-21T23:55:47+00:00,12,2014-01-01,2025-01-01,A,13,
F035.XSE.V12.R.Z.2018.XBI.Z.Z.13.0.A,2026-08-21T23:55:47+00:00,12,2014-01-01,2025-01-01,A,13,
F035.XSE.V12.R.Z.2018.XBS.Z.Z.13.0.A,2026-08-21T23:55:47+00:00,12,2014-01-01,2025-01-01,A,13,
F035.XSE.V12.R.Z.2018.XBSSR.Z.Z.13.0.A,2026-08-21T23:55:47+00:00,12,2014-01-01,2025-01-01,A,13,
F035.XSE.V12.R.Z.2018.Z.Z.Z.13.0.A,2026-08-21T23:55:47+00:00,12,2014-01-01,2025-01-01,A,13,
F049.EVA.STO.INE.23.A,2026-08-21T23:55:47+00:00,25,2002-01-01,2026-01-01,A,13,
F049.EVH.STO.INE.23.A,2026-08-21T23:55:47+00:00,25,2002-01-01,2026-01-01,A,13,
F049.EVM.STO.INE.23.A,2026-08-21T23:55:47+00:00,25,2002-01-01,2026-01-01,A,13,
F049.POBRM.STO.INE.AT.A,2026-08-21T23:55:47+00:00,25,2002-01-01,2026-01-01,A,13,
F049.POBRM.STO.INE.H0014.A,2026-08-21T23:55:47+00:00,25,2002-01-01,2026-01-01,A,13,
F049.POBRM.STO.INE.H1564.A,2026-08-21T23:55:47+00:00,25,2002-01-01,2026-01-01,A,13,
F049.POBRM.STO.INE.H65YM.A,2026-08-21T23:55:47+00:00,25,2002-01-01,2026-01-01,A,13,
F049.POBRM.STO.INE.HT.A,2026-08-21T23:55:47+00:00,25,2002-01-01,2026-01-01,A,13,
F049.POBRM.STO.INE.M0014.A,2026-08-21T23:55:47+00:00,25,2002-01-01,2026-01-01,A,13,
F049.POBRM.STO.INE.M1564.A,2026-08-21T23:55:47+00:00,25,2002-01-01,2026-01-01,A,13,
F049.POBRM.STO.INE.M65YM.A,2026-08-21T23:55:47+00:00,25,2002-01-01,2026-01-01,A,13,
F049.POBRM.STO.INE.MT.A,2026-08-21T23:55:47+00:00,25,2002-01-01,2026-01-01,A,13,
F068.G1.STO.Z.IED.Z.Z.Z.Z.CL.IED.6.RM.A,2026-08-21T23:55:47+00:00,13,2012-01-01,2024-01-01,A,13,
F034.ICNE.POR.BCCH.Z.RXIV.A,2026-08-21T23:55:47+00:00,18,2006-01-01,2023-01-01,A,14,
F034.SEVC.POR.BCCH.Z.RXIV.A,2026-08-21T23:55:47+00:00,14,2006-01-01,2019-01-01,A,14,
F034.TEAMV.STO.BCCH.Z.RXIV.A,2026-08-21T23:55:47+00:00,20,2005-01-01,2024-01-01,A,14,
F034.TEMP.STO.BCCH.Z.RXIV.A,2026-08-21T23:55:47+00:00,20,2005-01-01,2024-01-01,A,14,
F035.CPCP.FLU.R.USD.2018.Z.Z.Z.14.0.A,2026-08-21T23:55:47+00:00,12,2013-01-01,2024-01-01,A,14,
F035.CPRIPSFL.FLU.N.CLP.2018.Z.Z.BD.14.0.A,2026-08-21T23:55:47+00:00,13,2013-01-01,2025-01-01,A,14,
F035.CPRIPSFL.FLU.N.CLP.2018.Z.Z.BND.14.0.A,2026-08-21T23:55:47+00:00,13,2013-01-01,2025-01-01,A,14,
F035.CPRIPSFL.FLU.N.CLP.2018.Z.Z.SER.14.0.A,2026-08-21T23:55:47+00:00,13,2013-01-01,2025-01-01,A,14,
F035.CPRIPSFL.FLU.N.CLP.2018.Z.Z.Z.14.0.A,2026-08-21T23:55:47+00:00,13,2013-01-01,2025-01-01,A,14,
F035.CPRIPSFL.V12.R.CLP.2018.Z.Z.BD.14.0.A,2026-08-21T23:55:47+00:00,12,2014-01-01,2025-01-01,A,14,
F035.CPRIPSFL.V12.R.CLP.2018.Z.Z.BND.14.0.A,2026-08-21T23:55:47+00:00,12,2014-01-01,2025-01-01,A,14,
F035.CPRIPSFL.V12.R.CLP.2018.Z.Z.CONT.14.0.A,2026-08-21T23:55:47+00:00,12,2014-01-01,2025-01-01,A,14,
F035.CPRIPSFL.V12.R.CLP.2018.Z.Z.SER.14.0.A,2026-08-21T23:55:47+00:00,12,2014-01-01,2025-01-01,A,14,
F035.CPRIPSFL.V12.R.CLP.2018.Z.Z.Z.14.0.A,2026-08-21T23:55:47+00:00,12,2014-01-01,2025-01-01,A,14,
F035.PIB.FLU.N.CLP.2008.01.Z.Z.14.0.A,2026-08-21T23:55:47+00:00,7,2008-01-01,2014-01-01,A,14,
F035.PIB.FLU.N.CLP.2008.02.04.Z.14.0.A,2026-08-21T23:55:47+00:00,7,2008-01-01,2014-01-01,A,14,
F035.PIB.FLU.N.CLP.2008.03.Z.Z.14.0.A,2026-08-21T23:55:47+00:00,7,2008-01-01,2014-01-01,A,14,
F035.PIB.FLU.N.CLP.2008.04.Z.Z.14.0.A,2026-08-21T23:55:47+00:00,7,2008-01-01,2014-01-01,A,14,
F035.PIB.FLU.N.CLP.2008.05.Z.Z.14.0.A,2026-08-21T23:55:47+00:00,7,2008-01-01,2014-01-01,A,14,
F035.PIB.FLU.N.CLP.2008.06.Z.Z.14.0.A,2026-08-21T23:55:47+00:00,7,2008-01-01,2014-01-01,A,14,
F035.PIB.FLU.N.CLP.2008.07.Z.Z.14.0.A,2026-08-21T23:55:47+00:00,7,2008-01-01,2014-01-01,A,14,
F035.PIB.FLU.N.CLP.2008.08.Z.Z.14.0.A,2026-08-21T23:55:47+00:00,7,2008-01-01,2014-01-01,A,14,
F035.PIB.FLU.N.CLP.2008.09.21.Z.14.0.A,2026-08-21T23:55:47+00:00,7,2008-01-01,2014-01-01,A,14,
F035.PIB.FLU.N.CLP.2008.10.Z.Z.14.0.A,2026-08-21T23:55:47+00:00,7,2008-01-01,2014-01-01,A,14,
F035.PIB.FLU.N.CLP.2008.11.Z.Z.14.0.A,2026-08-21T23:55:47+00:00,7,2008-01-01,2014-01-01,A,14,
F035.PIB.FLU.N.CLP.2008.12.Z.Z.14.0.A,2026-08-21T23:55:48+00:00,7,2008-01-01,2014-01-01,A,14,
F035.PIB.FLU.N.CLP.2008.Z.Z.Z.14.0.A,2026-08-21T23:55:48+00:00,8,2008-01-01,2015-01-01,A,14,
F035.PIB.FLU.N.CLP.2013.01.Z.Z.14.0.A,2026-08-21T23:55:48+00:00,12,2008-01-01,2019-01-01,A,14,
F035.PIB.FLU.N.CLP.2013.02.04.Z.14.0.A,2026-08-21T23:55:48+00:00,12,2008-01-01,2019-01-01,A,14,
F035.PIB.FLU.N.CLP.2013.03.Z.Z.14.0.A,2026-08-21T23:55:48+00:00,12,2008-01-01,2019-01-01,A,14,
F035.PIB.FLU.N.CLP.2013.04.Z.Z.14.0.A,2026-08-21T23:55:48+00:00,12,2008-01-01,2019-01-01,A,14,
F035.PIB.FLU.N.CLP.2013.05.Z.Z.14.0.A,2026-08-21T23:55:48+00:00,12,2008-01-01,2019-01-01,A,14,
F035.PIB.FLU.N.CLP.2013.06.Z.Z.14.0.A,2026-08-21T23:55:48+00:00,12,2008-01-01,2019-01-01,A,14,
F035.PIB.FLU.N.CLP.2013.07.Z.Z.14.0.A,2026-08-21T23:55:48+00:00,12,2008-01-01,2019-01-01,A,14,
F035.PIB.FLU.N.CLP.2013.08.Z.Z.14.0.A,2026-08-21T23:55:48+00:00,12,2008-01-01,2019-01-01,A,14,
F035.PIB.FLU.N.CLP.2013.09.21.Z.14.0.A,2026-08-21T23:55:48+00:00,12,2008-01-01,2019-01-01,A,14,
F035.PIB.FLU.N.CLP.2013.10.Z.Z.14.0.A,2026-08-21T23:55:48+00:00,12,2008-01-01,2019-01-01,A,14,
F035.PIB.FLU.N.CLP.2013.11.Z.Z.14.0.A,2026-08-21T23:55:48+00:00,12,2008-01-01,2019-01-01,A,14,
F035.PIB.FLU.N.CLP.2013.12.Z.Z.14.0.A,2026-08-21T23:55:48+00:00,12,2008-01-01,2019-01-01,A,14,
F035.PIB.FLU.N.CLP.2013.Z.Z.Z.14.0.A,2026-08-21T23:55:48+00:00,13,2008-01-01,2020-01-01,A,14,
F035.PIB.FLU.N.CLP.2018.01.Z.Z.14.0.A,2026-08-21T23:55:48+00:00,13,2013-01-01,2025-01-01,A,14,
F035.PIB.FLU.N.CLP.2018.02.04.Z.14.0.A,2026-08-21T23:55:48+00:00,13,2013-01-01,2025-01-01,A,14,
F035.PIB.FLU.N.CLP.2018.03.Z.Z.14.0.A,2026-08-21T23:55:48+00:00,13,2013-01-01,2025-01-01,A,14,
F035.PIB.FLU.N.CLP.2018.04.Z.Z.14.0.A,2026-08-21T23:55:48+00:00,13,2013-01-01,2025-01-01,A,14,
F035.PIB.FLU.N.CLP.2018.05.Z.Z.14.0.A,2026-08-21T23:55:48+00:00,13,2013-01-01,2025-01-01,A,14,
F035.PIB.FLU.N.CLP.2018.06.Z.Z.14.0.A,2026-08-21T23:55:48+00:00,13,2013-01-01,2025-01-01,A,14,
F035.PIB.FLU.N.CLP.2018.08.Z.Z.14.0.A,2026-08-21T23:55:48+00:00,13,2013-01-01,2025-01-01,A,14,
F035.PIB.FLU.N.CLP.2018.09.21.Z.14.0.A,2026-08-21T23:55:48+00:00,13,2013-01-01,2025-01-01,A,14,
F035.PIB.FLU.N.CLP.2018.10.Z.Z.14.0.A,2026-08-21T23:55:48+00:00,13,2013-01-01,2025-01-01,A,14,
F035.PIB.FLU.N.CLP.2018.11.Z.Z.14.0.A,2026-08-21T23:55:48+00:00,13,2013-01-01,2025-01-01,A,14,
F035.PIB.FLU.N.CLP.2018.12.Z.Z.14.0.A,2026-08-21T23:55:48+00:00,13,2013-01-01,2025-01-01,A,14,
F035.PIB.FLU.N.CLP.2018.COM.Z.Z.14.0.A,2026-08-21T23:55:48+00:00,13,2013-01-01,2025-01-01,A,14,
F035.PIB.FLU.N.CLP.2018.RH.Z.Z.14.0.A,2026-08-21T23:55:48+00:00,13,2013-01-01,2025-01-01,A,14,
F035.PIB.FLU.N.CLP.2018.Z.Z.Z.14.0.A,2026-08-21T23:55:48+00:00,13,2013-01-01,2025-01-01,A,14,
F035.PIB.FLU.R.CLP.2008.01.Z.Z.14.0.A,2026-08-21T23:55:48+00:00,7,2008-01-01,2014-01-01,A,14,
F035.PIB.FLU.R.CLP.2008.02.04.Z.14.0.A,2026-08-21T23:55:48+00:00,7,2008-01-01,2014-01-01,A,14,
F035.PIB.FLU.R.CLP.2008.03.Z.Z.14.0.A,2026-08-21T23:55:48+00:00,7,2008-01-01,2014-01-01,A,14,
F035.PIB.FLU.R.CLP.2008.04.Z.Z.14.0.A,2026-08-21T23:55:48+00:00,7,2008-01-01,2014-01-01,A,14,
F035.PIB.FLU.R.CLP.2008.05.Z.Z.14.0.A,2026-08-21T23:55:48+00:00,7,2008-01-01,2014-01-01,A,14,
F035.PIB.FLU.R.CLP.2008.06.Z.Z.14.0.A,2026-08-21T23:55:48+00:00,7,2008-01-01,2014-01-01,A,14,
F035.PIB.FLU.R.CLP.2008.07.Z.Z.14.0.A,2026-08-21T23:55:48+00:00,7,2008-01-01,2014-01-01,A,14,
F035.PIB.FLU.R.CLP.2008.08.Z.Z.14.0.A,2026-08-21T23:55:48+00:00,7,2008-01-01,2014-01-01,A,14,
F035.PIB.FLU.R.CLP.2008.09.21.Z.14.0.A,2026-08-21T23:55:48+00:00,7,2008-01-01,2014-01-01,A,14,
F035.PIB.FLU.R.CLP.2008.10.Z.Z.14.0.A,2026-08-21T23:55:48+00:00,7,2008-01-01,2014-01-01,A,14,
F035.PIB.FLU.R.CLP.2008.11.Z.Z.14.0.A,2026-08-21T23:55:48+00:00,7,2008-01-01,2014-01-01,A,14,
F035.PIB.FLU.R.CLP.2008.12.Z.Z.14.0.A,2026-08-21T23:55:48+00:00,7,2008-01-01,2014-01-01,A,14,
F035.PIB.FLU.R.CLP.2008.Z.Z.Z.14.0.A,2026-08-21T23:55:48+00:00,8,2008-01-01,2015-01-01,A,14,
F035.PIB.FLU.R.CLP.2013.01.Z.Z.14.0.A,2026-08-21T23:55:48+00:00,12,2008-01-01,2019-01-01,A,14,
F035.PIB.FLU.R.CLP.2013.02.04.Z.14.0.A,2026-08-21T23:55:48+00:00,12,2008-01-01,2019-01-01,A,14,
F035.PIB.FLU.R.CLP.2013.03.Z.Z.14.0.A,2026-08-21T23:55:48+00:00,12,2008-01-01,2019-01-01,A,14,
F035.PIB.FLU.R.CLP.2013.04.Z.Z.14.0.A,2026-08-21T23:55:48+00:00,12,2008-01-01,2019-01-01,A,14,
F035.PIB.FLU.R.CLP.2013.05.Z.Z.14.0.A,2026-08-21T23:55:49+00:00,12,2008-01-01,2019-01-01,A,14,
F035.PIB.FLU.R.CLP.2013.06.Z.Z.14.0.A,2026-08-21T23:55:49+00:00,12,2008-01-01,2019-01-01,A,14,
F035.PIB.FLU.R.CLP.2013.07.Z.Z.14.0.A,2026-08-21T23:55:49+00:00,12,2008-01-01,2019-01-01,A,14,
F035.PIB.FLU.R.CLP.2013.08.Z.Z.14.0.A,2026-08-21T23:55:49+00:00,12,2008-01-01,2019-01-01,A,14,
F035.PIB.FLU.R.CLP.2013.09.21.Z.14.0.A,2026-08-21T23:55:49+00:00,12,2008-01-01,2019-01-01,A,14,
F035.PIB.FLU.R.CLP.2013.10.Z.Z.14.0.A,2026-08-21T23:55:49+00:00,12,2008-01-01,2019-01-01,A,14,
F035.PIB.FLU.R.CLP.2013.11.Z.Z.14.0.A,2026-08-21T23:55:49+00:00,12,2008-01-01,2019-01-01,A,14,
F035.PIB.FLU.R.CLP.2013.12.Z.Z.14.0.A,2026-08-21T23:55:49+00:00,12,2008-01-01,2019-01-01,A,14,
F035.PIB.FLU.R.CLP.2013.Z.Z.Z.14.0.A,2026-08-21T23:55:49+00:00,13,2008-01-01,2020-01-01,A,14,
F035.PIB.FLU.R.CLP.2018.01.Z.Z.14.0.A,2026-08-21T23:55:49+00:00,13,2013-01-01,2025-01-01,A,14,
F035.PIB.FLU.R.CLP.2018.02.04.Z.14.0.A,2026-08-21T23:55:49+00:00,13,2013-01-01,2025-01-01,A,14,
F035.PIB.FLU.R.CLP.2018.03.Z.Z.14.0.A,2026-08-21T23:55:49+00:00,13,2013-01-01,2025-01-01,A,14,
F035.PIB.FLU.R.CLP.2018.04.Z.Z.14.0.A,2026-08-21T23:55:49+00:00,13,2013-01-01,2025-01-01,A,14,
F035.PIB.FLU.R.CLP.2018.05.Z.Z.14.0.A,2026-08-21T23:55:49+00:00,13,2013-01-01,2025-01-01,A,14,
F035.PIB.FLU.R.CLP.2018.06.Z.Z.14.0.A,2026-08-21T23:55:49+00:00,13,2013-01-01,2025-01-01,A,14,
F035.PIB.FLU.R.CLP.2018.08.Z.Z.14.0.A,2026-08-21T23:55:49+00:00,13,2013-01-01,2025-01-01,A,14,
F035.PIB.FLU.R.CLP.2018.09.21.Z.14.0.A,2026-08-21T23:55:49+00:00,13,2013-01-01,2025-01-01,A,14,
F035.PIB.FLU.R.CLP.2018.10.Z.Z.14.0.A,2026-08-21T23:55:49+00:00,13,2013-01-01,2025-01-01,A,14,
F035.PIB.FLU.R.CLP.2018.11.Z.Z.14.0.A,2026-08-21T23:55:49+00:00,13,2013-01-01,2025-01-01,A,14,
F035.PIB.FLU.R.CLP.2018.12.Z.Z.14.0.A,2026-08-21T23:55:49+00:00,13,2013-01-01,2025-01-01,A,14,
F035.PIB.FLU.R.CLP.2018.COM.Z.Z.14.0.A,2026-08-21T23:55:49+00:00,13,2013-01-01,2025-01-01,A,14,
F035.PIB.FLU.R.CLP.2018.RH.Z.Z.14.0.A,2026-08-21T23:55:49+00:00,13,2013-01-01,2025-01-01,A,14,
F035.PIB.FLU.R.CLP.2018.Z.Z.Z.14.0.A,2026-08-21T23:55:49+00:00,13,2013-01-01,2025-01-01,A,14,
F035.PIB.V12.R.CLP.2008.Z.Z.Z.14.0.A,2026-08-21T23:55:49+00:00,7,2009-01-01,2015-01-01,A,14,
F035.PIB.V12.R.CLP.2013.Z.Z.Z.14.0.A,2026-08-21T23:55:49+00:00,12,2009-01-01,2020-01-01,A,14,
F035.PIB.V12.R.CLP.2018.01.Z.Z.14.0.A,2026-08-21T23:55:49+00:00,12,2014-01-01,2025-01-01,A,14,
F035.PIB.V12.R.CLP.2018.02.04.Z.14.0.A,2026-08-21T23:55:49+00:00,12,2014-01-01,2025-01-01,A,14,
F035.PIB.V12.R.CLP.2018.03.Z.Z.14.0.A,2026-08-21T23:55:49+00:00,12,2014-01-01,2025-01-01,A,14,
F035.PIB.V12.R.CLP.2018.04.Z.Z.14.0.A,2026-08-21T23:55:49+00:00,12,2014-01-01,2025-01-01,A,14,
F035.PIB.V12.R.CLP.2018.05.Z.Z.14.0.A,2026-08-21T23:55:49+00:00,12,2014-01-01,2025-01-01,A,14,
F035.PIB.V12.R.CLP.2018.06.Z.Z.14.0.A,2026-08-21T23:55:49+00:00,12,2014-01-01,2025-01-01,A,14,
F035.PIB.V12.R.CLP.2018.08.Z.Z.14.0.A,2026-08-21T23:55:49+00:00,12,2014-01-01,2025-01-01,A,14,
F035.PIB.V12.R.CLP.2018.09.21.Z.14.0.A,2026-08-21T23:55:49+00:00,12,2014-01-01,2025-01-01,A,14,
F035.PIB.V12.R.CLP.2018.10.Z.Z.14.0.A,2026-08-21T23:55:49+00:00,12,2014-01-01,2025-01-01,A,14,
F035.PIB.V12.R.CLP.2018.11.Z.Z.14.0.A,2026-08-21T23:55:49+00:00,12,2014-01-01,2025-01-01,A,14,
F035.PIB.V12.R.CLP.2018.12.Z.Z.14.0.A,2026-08-21T23:55:49+00:00,12,2014-01-01,2025-01-01,A,14,
F035.PIB.V12.R.CLP.2018.COM.Z.Z.14.0.A,2026-08-21T23:55:49+00:00,12,2014-01-01,2025-01-01,A,14,
F035.PIB.V12.R.CLP.2018.CONT.Z.Z.14.0.A,2026-08-21T23:55:49+00:00,12,2014-01-01,2025-01-01,A,14,
F035.PIB.V12.R.CLP.2018.RH.Z.Z.14.0.A,2026-08-21T23:55:49+00:00,12,2014-01-01,2025-01-01,A,14,
F035.PIB.V12.R.CLP.2018.Z.Z.Z.14.0.A,2026-08-21T23:55:49+00:00,12,2014-01-01,2025-01-01,A,14,
F035.PPCP.FLU.R.USD.2018.Z.Z.Z.14.0.A,2026-08-21T23:55:49+00:00,12,2013-01-01,2024-01-01,A,14,
F035.XSE.FLU.N.CLP.2018.03.Z.Z.14.0.A,2026-08-21T23:55:49+00:00,13,2013-01-01,2025-01-01,A,14,
F035.XSE.FLU.N.CLP.2018.04.Z.Z.14.0.A,2026-08-21T23:55:50+00:00,13,2013-01-01,2025-01-01,A,14,
F035.XSE.FLU.N.CLP.2018.102.Z.Z.14.0.A,2026-08-21T23:55:50+00:00,13,2013-01-01,2025-01-01,A,14,
F035.XSE.FLU.N.CLP.2018.XBI.Z.Z.14.0.A,2026-08-21T23:55:50+00:00,13,2013-01-01,2025-01-01,A,14,
F035.XSE.FLU.N.CLP.2018.XBS.Z.Z.14.0.A,2026-08-21T23:55:50+00:00,13,2013-01-01,2025-01-01,A,14,
F035.XSE.FLU.N.CLP.2018.Z.Z.Z.14.0.A,2026-08-21T23:55:50+00:00,13,2013-01-01,2025-01-01,A,14,
F035.XSE.FLU.R.CLP.2018.03.Z.Z.14.0.A,2026-08-21T23:55:50+00:00,13,2013-01-01,2025-01-01,A,14,
F035.XSE.FLU.R.CLP.2018.04.Z.Z.14.0.A,2026-08-21T23:55:50+00:00,13,2013-01-01,2025-01-01,A,14,
F035.XSE.FLU.R.CLP.2018.102.Z.Z.14.0.A,2026-08-21T23:55:50+00:00,13,2013-01-01,2025-01-01,A,14,
F035.XSE.FLU.R.CLP.2018.XBI.Z.Z.14.0.A,2026-08-21T23:55:50+00:00,13,2013-01-01,2025-01-01,A,14,
F035.XSE.FLU.R.CLP.2018.XBS.Z.Z.14.0.A,2026-08-21T23:55:50+00:00,13,2013-01-01,2025-01-01,A,14,
F035.XSE.FLU.R.CLP.2018.Z.Z.Z.14.0.A,2026-08-21T23:55:50+00:00,13,2013-01-01,2025-01-01,A,14,
F035.XSE.V12.R.Z.2018.03.Z.Z.14.0.A,2026-08-21T23:55:50+00:00,12,2014-01-01,2025-01-01,A,14,
F035.XSE.V12.R.Z.2018.04.Z.Z.14.0.A,2026-08-21T23:55:50+00:00,12,2014-01-01,2025-01-01,A,14,
F035.XSE.V12.R.Z.2018.102.Z.Z.14.0.A,2026-08-21T23:55:50+00:00,12,2014-01-01,2025-01-01,A,14,
F035.XSE.V12.R.Z.2018.XBI.Z.Z.14.0.A,2026-08-21T23:55:50+00:00,12,2014-01-01,2025-01-01,A,14,
F035.XSE.V12.R.Z.2018.XBS.Z.Z.14.0.A,2026-08-21T23:55:50+00:00,12,2014-01-01,2025-01-01,A,14,
F035.XSE.V12.R.Z.2018.XBSSR.Z.Z.14.0.A,2026-08-21T23:55:50+00:00,12,2014-01-01,2025-01-01,A,14,
F035.XSE.V12.R.Z.2018.Z.Z.Z.14.0.A,2026-08-21T23:55:50+00:00,12,2014-01-01,2025-01-01,A,14,
F049.EVA.STO.INE.24.A,2026-08-21T23:55:50+00:00,25,2002-01-01,2026-01-01,A,14,
F049.EVH.STO.INE.24.A,2026-08-21T23:55:50+00:00,25,2002-01-01,2026-01-01,A,14,
F049.EVM.STO.INE.24.A,2026-08-21T23:55:50+00:00,25,2002-01-01,2026-01-01,A,14,
F049.POBLR.STO.INE.AT.A,2026-08-21T23:55:50+00:00,25,2002-01-01,2026-01-01,A,14,
F049.POBLR.STO.INE.H0014.A,2026-08-21T23:55:50+00:00,25,2002-01-01,2026-01-01,A,14,
F049.POBLR.STO.INE.H1564.A,2026-08-21T23:55:50+00:00,25,2002-01-01,2026-01-01,A,14,
F049.POBLR.STO.INE.H65YM.A,2026-08-21T23:55:50+00:00,25,2002-01-01,2026-01-01,A,14,
F049.POBLR.STO.INE.HT.A,2026-08-21T23:55:50+00:00,25,2002-01-01,2026-01-01,A,14,
F049.POBLR.STO.INE.M0014.A,2026-08-21T23:55:50+00:00,25,2002-01-01,2026-01-01,A,14,
F049.POBLR.STO.INE.M1564.A,2026-08-21T23:55:50+00:00,25,2002-01-01,2026-01-01,A,14,
F049.POBLR.STO.INE.M65YM.A,2026-08-21T23:55:50+00:00,25,2002-01-01,2026-01-01,A,14,
F049.POBLR.STO.INE.MT.A,2026-08-21T23:55:50+00:00,25,2002-01-01,2026-01-01,A,14,
F034.ICNE.POR.BCCH.Z.RXV.A,2026-08-21T23:55:50+00:00,18,2006-01-01,2023-01-01,A,15,
F034.SEVC.POR.BCCH.Z.RXV.A,2026-08-21T23:55:50+00:00,14,2006-01-01,2019-01-01,A,15,
F034.TEAMV.STO.BCCH.Z.RXV.A,2026-08-21T23:55:50+00:00,20,2005-01-01,2024-01-01,A,15,
F034.TEMP.STO.BCCH.Z.RXV.A,2026-08-21T23:55:50+00:00,20,2005-01-01,2024-01-01,A,15,
F035.CPCP.FLU.R.USD.2018.Z.Z.Z.15.0.A,2026-08-21T23:55:50+00:00,12,2013-01-01,2024-01-01,A,15,
F035.CPRIPSFL.FLU.N.CLP.2018.Z.Z.BD.15.0.A,2026-08-21T23:55:50+00:00,13,2013-01-01,2025-01-01,A,15,
F035.CPRIPSFL.FLU.N.CLP.2018.Z.Z.BND.15.0.A,2026-08-21T23:55:50+00:00,13,2013-01-01,2025-01-01,A,15,
F035.CPRIPSFL.FLU.N.CLP.2018.Z.Z.SER.15.0.A,2026-08-21T23:55:50+00:00,13,2013-01-01,2025-01-01,A,15,
F035.CPRIPSFL.FLU.N.CLP.2018.Z.Z.Z.15.0.A,2026-08-21T23:55:50+00:00,13,2013-01-01,2025-01-01,A,15,
F035.CPRIPSFL.V12.R.CLP.2018.Z.Z.BD.15.0.A,2026-08-21T23:55:50+00:00,12,2014-01-01,2025-01-01,A,15,
F035.CPRIPSFL.V12.R.CLP.2018.Z.Z.BND.15.0.A,2026-08-21T23:55:50+00:00,12,2014-01-01,2025-01-01,A,15,
F035.CPRIPSFL.V12.R.CLP.2018.Z.Z.CONT.15.0.A,2026-08-21T23:55:50+00:00,12,2014-01-01,2025-01-01,A,15,
F035.CPRIPSFL.V12.R.CLP.2018.Z.Z.SER.15.0.A,2026-08-21T23:55:50+00:00,12,2014-01-01,2025-01-01,A,15,
F035.CPRIPSFL.V12.R.CLP.2018.Z.Z.Z.15.0.A,2026-08-21T23:55:50+00:00,12,2014-01-01,2025-01-01,A,15,
F035.PIB.FLU.N.CLP.2008.01.Z.Z.15.0.A,2026-08-21T23:55:51+00:00,7,2008-01-01,2014-01-01,A,15,
F035.PIB.FLU.N.CLP.2008.02.04.Z.15.0.A,2026-08-21T23:55:51+00:00,7,2008-01-01,2014-01-01,A,15,
F035.PIB.FLU.N.CLP.2008.03.Z.Z.15.0.A,2026-08-21T23:55:51+00:00,7,2008-01-01,2014-01-01,A,15,
F035.PIB.FLU.N.CLP.2008.04.Z.Z.15.0.A,2026-08-21T23:55:51+00:00,7,2008-01-01,2014-01-01,A,15,
F035.PIB.FLU.N.CLP.2008.05.Z.Z.15.0.A,2026-08-21T23:55:51+00:00,7,2008-01-01,2014-01-01,A,15,
F035.PIB.FLU.N.CLP.2008.06.Z.Z.15.0.A,2026-08-21T23:55:51+00:00,7,2008-01-01,2014-01-01,A,15,
F035.PIB.FLU.N.CLP.2008.07.Z.Z.15.0.A,2026-08-21T23:55:51+00:00,7,2008-01-01,2014-01-01,A,15,
F035.PIB.FLU.N.CLP.2008.08.Z.Z.15.0.A,2026-08-21T23:55:51+00:00,7,2008-01-01,2014-01-01,A,15,
F035.PIB.FLU.N.CLP.2008.09.21.Z.15.0.A,2026-08-21T23:55:51+00:00,7,2008-01-01,2014-01-01,A,15,
F035.PIB.FLU.N.CLP.2008.10.Z.Z.15.0.A,2026-08-21T23:55:51+00:00,7,2008-01-01,2014-01-01,A,15,
F035.PIB.FLU.N.CLP.2008.11.Z.Z.15.0.A,2026-08-21T23:55:51+00:00,7,2008-01-01,2014-01-01,A,15,
F035.PIB.FLU.N.CLP.2008.12.Z.Z.15.0.A,2026-08-21T23:55:51+00:00,7,2008-01-01,2014-01-01,A,15,
F035.PIB.FLU.N.CLP.2008.Z.Z.Z.15.0.A,2026-08-21T23:55:51+00:00,8,2008-01-01,2015-01-01,A,15,
F035.PIB.FLU.N.CLP.2013.01.Z.Z.15.0.A,2026-08-21T23:55:51+00:00,12,2008-01-01,2019-01-01,A,15,
F035.PIB.FLU.N.CLP.2013.02.04.Z.15.0.A,2026-08-21T23:55:51+00:00,12,2008-01-01,2019-01-01,A,15,
F035.PIB.FLU.N.CLP.2013.03.Z.Z.15.0.A,2026-08-21T23:55:51+00:00,12,2008-01-01,2019-01-01,A,15,
F035.PIB.FLU.N.CLP.2013.04.Z.Z.15.0.A,2026-08-21T23:55:51+00:00,12,2008-01-01,2019-01-01,A,15,
F035.PIB.FLU.N.CLP.2013.05.Z.Z.15.0.A,2026-08-21T23:55:51+00:00,12,2008-01-01,2019-01-01,A,15,
F035.PIB.FLU.N.CLP.2013.06.Z.Z.15.0.A,2026-08-21T23:55:51+00:00,12,2008-01-01,2019-01-01,A,15,
F035.PIB.FLU.N.CLP.2013.07.Z.Z.15.0.A,2026-08-21T23:55:51+00:00,12,2008-01-01,2019-01-01,A,15,
F035.PIB.FLU.N.CLP.2013.08.Z.Z.15.0.A,2026-08-21T23:55:51+00:00,12,2008-01-01,2019-01-01,A,15,
F035.PIB.FLU.N.CLP.2013.09.21.Z.15.0.A,2026-08-21T23:55:51+00:00,12,2008-01-01,2019-01-01,A,15,
F035.PIB.FLU.N.CLP.2013.10.Z.Z.15.0.A,2026-08-21T23:55:51+00:00,12,2008-01-01,2019-01-01,A,15,
F035.PIB.FLU.N.CLP.2013.11.Z.Z.15.0.A,2026-08-21T23:55:51+00:00,12,2008-01-01,2019-01-01,A,15,
F035.PIB.FLU.N.CLP.2013.12.Z.Z.15.0.A,2026-08-21T23:55:51+00:00,12,2008-01-01,2019-01-01,A,15,
F035.PIB.FLU.N.CLP.2013.Z.Z.Z.15.0.A,2026-08-21T23:55:51+00:00,13,2008-01-01,2020-01-01,A,15,
F035.PIB.FLU.N.CLP.2018.01.Z.Z.15.0.A,2026-08-21T23:55:51+00:00,13,2013-01-01,2025-01-01,A,15,
F035.PIB.FLU.N.CLP.2018.02.04.Z.15.0.A,2026-08-21T23:55:51+00:00,13,2013-01-01,2025-01-01,A,15,
F035.PIB.FLU.N.CLP.2018.03.Z.Z.15.0.A,2026-08-21T23:55:51+00:00,13,2013-01-01,2025-01-01,A,15,
F035.PIB.FLU.N.CLP.2018.04.Z.Z.15.0.A,2026-08-21T23:55:51+00:00,13,2013-01-01,2025-01-01,A,15,
F035.PIB.FLU.N.CLP.2018.05.Z.Z.15.0.A,2026-08-21T23:55:51+00:00,13,2013-01-01,2025-01-01,A,15,
F035.PIB.FLU.N.CLP.2018.06.Z.Z.15.0.A,2026-08-21T23:55:51+00:00,13,2013-01-01,2025-01-01,A,15,
F035.PIB.FLU.N.CLP.2018.08.Z.Z.15.0.A,2026-08-21T23:55:51+00:00,13,2013-01-01,2025-01-01,A,15,
F035.PIB.FLU.N.CLP.2018.09.21.Z.15.0.A,2026-08-21T23:55:51+00:00,13,2013-01-01,2025-01-01,A,15,
F035.PIB.FLU.N.CLP.2018.10.Z.Z.15.0.A,2026-08-21T23:55:51+00:00,13,2013-01-01,2025-01-01,A,15,
F035.PIB.FLU.N.CLP.2018.11.Z.Z.15.0.A,2026-08-21T23:55:51+00:00,13,2013-01-01,2025-01-01,A,15,
F035.PIB.FLU.N.CLP.2018.12.Z.Z.15.0.A,2026-08-21T23:55:51+00:00,13,2013-01-01,2025-01-01,A,15,
F035.PIB.FLU.N.CLP.2018.COM.Z.Z.15.0.A,2026-08-21T23:55:51+00:00,13,2013-01-01,2025-01-01,A,15,
F035.PIB.FLU.N.CLP.2018.RH.Z.Z.15.0.A,2026-08-21T23:55:51+00:00,13,2013-01-01,2025-01-01,A,15,
F035.PIB.FLU.N.CLP.2018.Z.Z.Z.15.0.A,2026-08-21T23:55:51+00:00,13,2013-01-01,2025-01-01,A,15,
F035.PIB.FLU.R.CLP.2008.01.Z.Z.15.0.A,2026-08-21T23:55:51+00:00,7,2008-01-01,2014-01-01,A,15,
F035.PIB.FLU.R.CLP.2008.02.04.Z.15.0.A,2026-08-21T23:55:51+00:00,7,2008-01-01,2014-01-01,A,15,
F035.PIB.FLU.R.CLP.2008.03.Z.Z.15.0.A,2026-08-21T23:55:51+00:00,7,2008-01-01,2014-01-01,A,15,
F035.PIB.FLU.R.CLP.2008.04.Z.Z.15.0.A,2026-08-21T23:55:51+00:00,7,2008-01-01,2014-01-01,A,15,
F035.PIB.FLU.R.CLP.2008.05.Z.Z.15.0.A,2026-08-21T23:55:51+00:00,7,2008-01-01,2014-01-01,A,15,
F035.PIB.FLU.R.CLP.2008.06.Z.Z.15.0.A,2026-08-21T23:55:52+00:00,7,2008-01-01,2014-01-01,A,15,
F035.PIB.FLU.R.CLP.2008.07.Z.Z.15.0.A,2026-08-21T23:55:52+00:00,7,2008-01-01,2014-01-01,A,15,
F035.PIB.FLU.R.CLP.2008.08.Z.Z.15.0.A,2026-08-21T23:55:52+00:00,7,2008-01-01,2014-01-01,A,15,
F035.PIB.FLU.R.CLP.2008.09.21.Z.15.0.A,2026-08-21T23:55:52+00:00,7,2008-01-01,2014-01-01,A,15,
F035.PIB.FLU.R.CLP.2008.10.Z.Z.15.0.A,2026-08-21T23:55:52+00:00,7,2008-01-01,2014-01-01,A,15,
F035.PIB.FLU.R.CLP.2008.11.Z.Z.15.0.A,2026-08-21T23:55:52+00:00,7,2008-01-01,2014-01-01,A,15,
F035.PIB.FLU.R.CLP.2008.12.Z.Z.15.0.A,2026-08-21T23:55:52+00:00,7,2008-01-01,2014-01-01,A,15,
F035.PIB.FLU.R.CLP.2008.Z.Z.Z.15.0.A,2026-08-21T23:55:52+00:00,8,2008-01-01,2015-01-01,A,15,
F035.PIB.FLU.R.CLP.2013.01.Z.Z.15.0.A,2026-08-21T23:55:52+00:00,12,2008-01-01,2019-01-01,A,15,
F035.PIB.FLU.R.CLP.2013.02.04.Z.15.0.A,2026-08-21T23:55:52+00:00,12,2008-01-01,2019-01-01,A,15,
F035.PIB.FLU.R.CLP.2013.03.Z.Z.15.0.A,2026-08-21T23:55:52+00:00,12,2008-01-01,2019-01-01,A,15,
F035.PIB.FLU.R.CLP.2013.04.Z.Z.15.0.A,2026-08-21T23:55:52+00:00,12,2008-01-01,2019-01-01,A,15,
F035.PIB.FLU.R.CLP.2013.05.Z.Z.15.0.A,2026-08-21T23:55:52+00:00,12,2008-01-01,2019-01-01,A,15,
F035.PIB.FLU.R.CLP.2013.06.Z.Z.15.0.A,2026-08-21T23:55:52+00:00,12,2008-01-01,2019-01-01,A,15,
F035.PIB.FLU.R.CLP.2013.07.Z.Z.15.0.A,2026-08-21T23:55:52+00:00,12,2008-01-01,2019-01-01,A,15,
F035.PIB.FLU.R.CLP.2013.08.Z.Z.15.0.A,2026-08-21T23:55:52+00:00,12,2008-01-01,2019-01-01,A,15,
F035.PIB.FLU.R.CLP.2013.09.21.Z.15.0.A,2026-08-21T23:55:52+00:00,12,2008-01-01,2019-01-01,A,15,
F035.PIB.FLU.R.CLP.2013.10.Z.Z.15.0.A,2026-08-21T23:55:52+00:00,12,2008-01-01,2019-01-01,A,15,
F035.PIB.FLU.R.CLP.2013.11.Z.Z.15.0.A,2026-08-21T23:55:52+00:00,12,2008-01-01,2019-01-01,A,15,
F035.PIB.FLU.R.CLP.2013.12.Z.Z.15.0.A,2026-08-21T23:55:52+00:00,12,2008-01-01,2019-01-01,A,15,
F035.PIB.FLU.R.CLP.2013.Z.Z.Z.15.0.A,2026-08-21T23:55:52+00:00,13,2008-01-01,2020-01-01,A,15,
F035.PIB.FLU.R.CLP.2018.01.Z.Z.15.0.A,2026-08-21T23:55:52+00:00,13,2013-01-01,2025-01-01,A,15,
F035.PIB.FLU.R.CLP.2018.02.04.Z.15.0.A,2026-08-21T23:55:52+00:00,13,2013-01-01,2025-01-01,A,15,
F035.PIB.FLU.R.CLP.2018.03.Z.Z.15.0.A,2026-08-21T23:55:52+00:00,13,2013-01-01,2025-01-01,A,15,
F035.PIB.FLU.R.CLP.2018.04.Z.Z.15.0.A,2026-08-21T23:55:52+00:00,13,2013-01-01,2025-01-01,A,15,
F035.PIB.FLU.R.CLP.2018.05.Z.Z.15.0.A,2026-08-21T23:55:52+00:00,13,2013-01-01,2025-01-01,A,15,
F035.PIB.FLU.R.CLP.2018.06.Z.Z.15.0.A,2026-08-21T23:55:52+00:00,13,2013-01-01,2025-01-01,A,15,
F035.PIB.FLU.R.CLP.2018.08.Z.Z.15.0.A,2026-08-21T23:55:52+00:00,13,2013-01-01,2025-01-01,A,15,
F035.PIB.FLU.R.CLP.2018.09.21.Z.15.0.A,2026-08-21T23:55:52+00:00,13,2013-01-01,2025-01-01,A,15,
F035.PIB.FLU.R.CLP.2018.10.Z.Z.15.0.A,2026-08-21T23:55:52+00:00,13,2013-01-01,2025-01-01,A,15,
F035.PIB.FLU.R.CLP.2018.11.Z.Z.15.0.A,2026-08-21T23:55:52+00:00,13,2013-01-01,2025-01-01,A,15,
F035.PIB.FLU.R.CLP.2018.12.Z.Z.15.0.A,2026-08-21T23:55:52+00:00,13,2013-01-01,2025-01-01,A,15,
F035.PIB.FLU.R.CLP.2018.COM.Z.Z.15.0.A,2026-08-21T23:55:52+00:00,13,2013-01-01,2025-01-01,A,15,
F035.PIB.FLU.R.CLP.2018.RH.Z.Z.15.0.A,2026-08-21T23:55:52+00:00,13,2013-01-01,2025-01-01,A,15,
F035.PIB.FLU.R.CLP.2018.Z.Z.Z.15.0.A,2026-08-21T23:55:52+00:00,13,2013-01-01,2025-01-01,A,15,
F035.PIB.V12.R.CLP.2008.Z.Z.Z.15.0.A,2026-08-21T23:55:52+00:00,7,2009-01-01,2015-01-01,A,15,
F035.PIB.V12.R.CLP.2013.Z.Z.Z.15.0.A,2026-08-21T23:55:52+00:00,12,2009-01-01,2020-01-01,A,15,
F035.PIB.V12.R.CLP.2018.01.Z.Z.15.0.A,2026-08-21T23:55:52+00:00,12,2014-01-01,2025-01-01,A,15,
F035.PIB.V12.R.CLP.2018.02.04.Z.15.0.A,2026-08-21T23:55:52+00:00,12,2014-01-01,2025-01-01,A,15,
F035.PIB.V12.R.CLP.2018.03.Z.Z.15.0.A,2026-08-21T23:55:52+00:00,12,2014-01-01,2025-01-01,A,15,
F035.PIB.V12.R.CLP.2018.04.Z.Z.15.0.A,2026-08-21T23:55:52+00:00,12,2014-01-01,2025-01-01,A,15,
F035.PIB.V12.R.CLP.2018.05.Z.Z.15.0.A,2026-08-21T23:55:52+00:00,12,2014-01-01,2025-01-01,A,15,
F035.PIB.V12.R.CLP.2018.06.Z.Z.15.0.A,2026-08-21T23:55:52+00:00,12,2014-01-01,2025-01-01,A,15,
F035.PIB.V12.R.CLP.2018.08.Z.Z.15.0.A,2026-08-21T23:55:52+00:00,12,2014-01-01,2025-01-01,A,15,
F035.PIB.V12.R.CLP.2018.09.21.Z.15.0.A,2026-08-21T23:55:52+00:00,12,2014-01-01,2025-01-01,A,15,
F035.PIB.V12.R.CLP.2018.10.Z.Z.15.0.A,2026-08-21T23:55:53+00:00,12,2014-01-01,2025-01-01,A,15,
F035.PIB.V12.R.CLP.2018.11.Z.Z.15.0.A,2026-08-21T23:55:53+00:00,12,2014-01-01,2025-01-01,A,15,
F035.PIB.V12.R.CLP.2018.12.Z.Z.15.0.A,2026-08-21T23:55:53+00:00,12,2014-01-01,2025-01-01,A,15,
F035.PIB.V12.R.CLP.2018.COM.Z.Z.15.0.A,2026-08-21T23:55:53+00:00,12,2014-01-01,2025-01-01,A,15,
F035.PIB.V12.R.CLP.2018.CONT.Z.Z.15.0.A,2026-08-21T23:55:53+00:00,12,2014-01-01,2025-01-01,A,15,
F035.PIB.V12.R.CLP.2018.RH.Z.Z.15.0.A,2026-08-21T23:55:53+00:00,12,2014-01-01,2025-01-01,A,15,
F035.PIB.V12.R.CLP.2018.Z.Z.Z.15.0.A,2026-08-21T23:55:53+00:00,12,2014-01-01,2025-01-01,A,15,
F035.PPCP.FLU.R.USD.2018.Z.Z.Z.15.0.A,2026-08-21T23:55:53+00:00,12,2013-01-01,2024-01-01,A,15,
F035.XSE.FLU.N.CLP.2018.03.Z.Z.15.0.A,2026-08-21T23:55:53+00:00,13,2013-01-01,2025-01-01,A,15,
F035.XSE.FLU.N.CLP.2018.04.Z.Z.15.0.A,2026-08-21T23:55:53+00:00,13,2013-01-01,2025-01-01,A,15,
F035.XSE.FLU.N.CLP.2018.102.Z.Z.15.0.A,2026-08-21T23:55:53+00:00,13,2013-01-01,2025-01-01,A,15,
F035.XSE.FLU.N.CLP.2018.XBI.Z.Z.15.0.A,2026-08-21T23:55:53+00:00,13,2013-01-01,2025-01-01,A,15,
F035.XSE.FLU.N.CLP.2018.XBS.Z.Z.15.0.A,2026-08-21T23:55:53+00:00,13,2013-01-01,2025-01-01,A,15,
F035.XSE.FLU.N.CLP.2018.Z.Z.Z.15.0.A,2026-08-21T23:55:53+00:00,13,2013-01-01,2025-01-01,A,15,
F035.XSE.FLU.R.CLP.2018.03.Z.Z.15.0.A,2026-08-21T23:55:53+00:00,13,2013-01-01,2025-01-01,A,15,
F035.XSE.FLU.R.CLP.2018.04.Z.Z.15.0.A,2026-08-21T23:55:53+00:00,13,2013-01-01,2025-01-01,A,15,
F035.XSE.FLU.R.CLP.2018.102.Z.Z.15.0.A,2026-08-21T23:55:53+00:00,13,2013-01-01,2025-01-01,A,15,
F035.XSE.FLU.R.CLP.2018.XBI.Z.Z.15.0.A,2026-08-21T23:55:53+00:00,13,2013-01-01,2025-01-01,A,15,
F035.XSE.FLU.R.CLP.2018.XBS.Z.Z.15.0.A,2026-08-21T23:55:53+00:00,13,2013-01-01,2025-01-01,A,15,
F035.XSE.FLU.R.CLP.2018.Z.Z.Z.15.0.A,2026-08-21T23:55:53+00:00,13,2013-01-01,2025-01-01,A,15,
F035.XSE.V12.R.Z.2018.03.Z.Z.15.0.A,2026-08-21T23:55:53+00:00,12,2014-01-01,2025-01-01,A,15,
F035.XSE.V12.R.Z.2018.04.Z.Z.15.0.A,2026-08-21T23:55:53+00:00,12,2014-01-01,2025-01-01,A,15,
F035.XSE.V12.R.Z.2018.102.Z.Z.15.0.A,2026-08-21T23:55:53+00:00,12,2014-01-01,2025-01-01,A,15,
F035.XSE.V12.R.Z.2018.XBI.Z.Z.15.0.A,2026-08-21T23:55:53+00:00,12,2014-01-01,2025-01-01,A,15,
F035.XSE.V12.R.Z.2018.XBS.Z.Z.15.0.A,2026-08-21T23:55:53+00:00,12,2014-01-01,2025-01-01,A,15,
F035.XSE.V12.R.Z.2018.XBSSR.Z.Z.15.0.A,2026-08-21T23:55:53+00:00,12,2014-01-01,2025-01-01,A,15,
F035.XSE.V12.R.Z.2018.Z.Z.Z.15.0.A,2026-08-21T23:55:53+00:00,12,2014-01-01,2025-01-01,A,15,
F049.EVA.STO.INE.25.A,2026-08-21T23:55:53+00:00,25,2002-01-01,2026-01-01,A,15,
F049.EVH.STO.INE.25.A,2026-08-21T23:55:53+00:00,25,2002-01-01,2026-01-01,A,15,
F049.EVM.STO.INE.25.A,2026-08-21T23:55:53+00:00,25,2002-01-01,2026-01-01,A,15,
F049.POBAP.STO.INE.AT.A,2026-08-21T23:55:53+00:00,25,2002-01-01,2026-01-01,A,15,
F049.POBAP.STO.INE.H0014.A,2026-08-21T23:55:53+00:00,25,2002-01-01,2026-01-01,A,15,
F049.POBAP.STO.INE.H1564.A,2026-08-21T23:55:53+00:00,25,2002-01-01,2026-01-01,A,15,
F049.POBAP.STO.INE.H65YM.A,2026-08-21T23:55:53+00:00,25,2002-01-01,2026-01-01,A,15,
F049.POBAP.STO.INE.HT.A,2026-08-21T23:55:53+00:00,25,2002-01-01,2026-01-01,A,15,
F049.POBAP.STO.INE.M0014.A,2026-08-21T23:55:53+00:00,25,2002-01-01,2026-01-01,A,15,
F049.POBAP.STO.INE.M1564.A,2026-08-21T23:55:53+00:00,25,2002-01-01,2026-01-01,A,15,
F049.POBAP.STO.INE.M65YM.A,2026-08-21T23:55:53+00:00,25,2002-01-01,2026-01-01,A,15,
F049.POBAP.STO.INE.MT.A,2026-08-21T23:55:53+00:00,25,2002-01-01,2026-01-01,A,15,
F068.G1.STO.Z.IED.Z.Z.Z.Z.CL.IED.6.RXVRI.A,2026-08-21T23:55:53+00:00,13,2012-01-01,2024-01-01,A,15,
F034.ICNE.POR.BCCH.Z.RXVI.A,2026-08-21T23:55:53+00:00,18,2006-01-01,2023-01-01,A,16,
F034.SEVC.POR.BCCH.Z.RXVI.A,2026-08-21T23:55:53+00:00,14,2006-01-01,2019-01-01,A,16,
F034.TEAMV.STO.BCCH.Z.RXVI.A,2026-08-21T23:55:53+00:00,20,2005-01-01,2024-01-01,A,16,
F034.TEMP.STO.BCCH.Z.RXVI.A,2026-08-21T23:55:53+00:00,20,2005-01-01,2024-01-01,A,16,
F035.CPCP.FLU.R.USD.2018.Z.Z.Z.16.0.A,2026-08-21T23:55:54+00:00,12,2013-01-01,2024-01-01,A,16,
F035.CPRIPSFL.FLU.N.CLP.2018.Z.Z.BD.16.0.A,2026-08-21T23:55:54+00:00,13,2013-01-01,2025-01-01,A,16,
F035.CPRIPSFL.FLU.N.CLP.2018.Z.Z.BND.16.0.A,2026-08-21T23:55:54+00:00,13,2013-01-01,2025-01-01,A,16,
F035.CPRIPSFL.FLU.N.CLP.2018.Z.Z.SER.16.0.A,2026-08-21T23:55:54+00:00,13,2013-01-01,2025-01-01,A,16,
F035.CPRIPSFL.FLU.N.CLP.2018.Z.Z.Z.16.0.A,2026-08-21T23:55:54+00:00,13,2013-01-01,2025-01-01,A,16,
F035.CPRIPSFL.V12.R.CLP.2018.Z.Z.BD.16.0.A,2026-08-21T23:55:54+00:00,12,2014-01-01,2025-01-01,A,16,
F035.CPRIPSFL.V12.R.CLP.2018.Z.Z.BND.16.0.A,2026-08-21T23:55:54+00:00,12,2014-01-01,2025-01-01,A,16,
F035.CPRIPSFL.V12.R.CLP.2018.Z.Z.CONT.16.0.A,2026-08-21T23:55:54+00:00,12,2014-01-01,2025-01-01,A,16,
F035.CPRIPSFL.V12.R.CLP.2018.Z.Z.SER.16.0.A,2026-08-21T23:55:54+00:00,12,2014-01-01,2025-01-01,A,16,
F035.CPRIPSFL.V12.R.CLP.2018.Z.Z.Z.16.0.A,2026-08-21T23:55:54+00:00,12,2014-01-01,2025-01-01,A,16,
F035.PIB.FLU.N.CLP.2018.01.Z.Z.16.0.A,2026-08-21T23:55:54+00:00,13,2013-01-01,2025-01-01,A,16,
F035.PIB.FLU.N.CLP.2018.02.04.Z.16.0.A,2026-08-21T23:55:54+00:00,13,2013-01-01,2025-01-01,A,16,
F035.PIB.FLU.N.CLP.2018.03.Z.Z.16.0.A,2026-08-21T23:55:54+00:00,13,2013-01-01,2025-01-01,A,16,
F035.PIB.FLU.N.CLP.2018.04.Z.Z.16.0.A,2026-08-21T23:55:54+00:00,13,2013-01-01,2025-01-01,A,16,
F035.PIB.FLU.N.CLP.2018.05.Z.Z.16.0.A,2026-08-21T23:55:54+00:00,13,2013-01-01,2025-01-01,A,16,
F035.PIB.FLU.N.CLP.2018.06.Z.Z.16.0.A,2026-08-21T23:55:54+00:00,13,2013-01-01,2025-01-01,A,16,
F035.PIB.FLU.N.CLP.2018.08.Z.Z.16.0.A,2026-08-21T23:55:54+00:00,13,2013-01-01,2025-01-01,A,16,
F035.PIB.FLU.N.CLP.2018.09.21.Z.16.0.A,2026-08-21T23:55:54+00:00,13,2013-01-01,2025-01-01,A,16,
F035.PIB.FLU.N.CLP.2018.10.Z.Z.16.0.A,2026-08-21T23:55:54+00:00,13,2013-01-01,2025-01-01,A,16,
F035.PIB.FLU.N.CLP.2018.11.Z.Z.16.0.A,2026-08-21T23:55:54+00:00,13,2013-01-01,2025-01-01,A,16,
F035.PIB.FLU.N.CLP.2018.12.Z.Z.16.0.A,2026-08-21T23:55:54+00:00,13,2013-01-01,2025-01-01,A,16,
F035.PIB.FLU.N.CLP.2018.COM.Z.Z.16.0.A,2026-08-21T23:55:54+00:00,13,2013-01-01,2025-01-01,A,16,
F035.PIB.FLU.N.CLP.2018.RH.Z.Z.16.0.A,2026-08-21T23:55:54+00:00,13,2013-01-01,2025-01-01,A,16,
F035.PIB.FLU.N.CLP.2018.Z.Z.Z.16.0.A,2026-08-21T23:55:54+00:00,13,2013-01-01,2025-01-01,A,16,
F035.PIB.FLU.R.CLP.2018.01.Z.Z.16.0.A,2026-08-21T23:55:54+00:00,13,2013-01-01,2025-01-01,A,16,
F035.PIB.FLU.R.CLP.2018.02.04.Z.16.0.A,2026-08-21T23:55:54+00:00,13,2013-01-01,2025-01-01,A,16,
F035.PIB.FLU.R.CLP.2018.03.Z.Z.16.0.A,2026-08-21T23:55:54+00:00,13,2013-01-01,2025-01-01,A,16,
F035.PIB.FLU.R.CLP.2018.04.Z.Z.16.0.A,2026-08-21T23:55:54+00:00,13,2013-01-01,2025-01-01,A,16,
F035.PIB.FLU.R.CLP.2018.05.Z.Z.16.0.A,2026-08-21T23:55:54+00:00,13,2013-01-01,2025-01-01,A,16,
F035.PIB.FLU.R.CLP.2018.06.Z.Z.16.0.A,2026-08-21T23:55:54+00:00,13,2013-01-01,2025-01-01,A,16,
F035.PIB.FLU.R.CLP.2018.08.Z.Z.16.0.A,2026-08-21T23:55:54+00:00,13,2013-01-01,2025-01-01,A,16,
F035.PIB.FLU.R.CLP.2018.09.21.Z.16.0.A,2026-08-21T23:55:54+00:00,13,2013-01-01,2025-01-01,A,16,
F035.PIB.FLU.R.CLP.2018.10.Z.Z.16.0.A,2026-08-21T23:55:54+00:00,13,2013-01-01,2025-01-01,A,16,
F035.PIB.FLU.R.CLP.2018.11.Z.Z.16.0.A,2026-08-21T23:55:54+00:00,13,2013-01-01,2025-01-01,A,16,
F035.PIB.FLU.R.CLP.2018.12.Z.Z.16.0.A,2026-08-21T23:55:54+00:00,13,2013-01-01,2025-01-01,A,16,
F035.PIB.FLU.R.CLP.2018.COM.Z.Z.16.0.A,2026-08-21T23:55:54+00:00,13,2013-01-01,2025-01-01,A,16,
F035.PIB.FLU.R.CLP.2018.RH.Z.Z.16.0.A,2026-08-21T23:55:54+00:00,13,2013-01-01,2025-01-01,A,16,
F035.PIB.FLU.R.CLP.2018.Z.Z.Z.16.0.A,2026-08-21T23:55:54+00:00,13,2013-01-01,2025-01-01,A,16,
F035.PIB.V12.R.CLP.2018.01.Z.Z.16.0.A,2026-08-21T23:55:54+00:00,12,2014-01-01,2025-01-01,A,16,
F035.PIB.V12.R.CLP.2018.02.04.Z.16.0.A,2026-08-21T23:55:54+00:00,12,2014-01-01,2025-01-01,A,16,
F035.PIB.V12.R.CLP.2018.03.Z.Z.16.0.A,2026-08-21T23:55:54+00:00,12,2014-01-01,2025-01-01,A,16,
F035.PIB.V12.R.CLP.2018.04.Z.Z.16.0.A,2026-08-21T23:55:54+00:00,12,2014-01-01,2025-01-01,A,16,
F035.PIB.V12.R.CLP.2018.05.Z.Z.16.0.A,2026-08-21T23:55:55+00:00,12,2014-01-01,2025-01-01,A,16,
F035.PIB.V12.R.CLP.2018.06.Z.Z.16.0.A,2026-08-21T23:55:55+00:00,12,2014-01-01,2025-01-01,A,16,
F035.PIB.V12.R.CLP.2018.08.Z.Z.16.0.A,2026-08-21T23:55:55+00:00,12,2014-01-01,2025-01-01,A,16,
F035.PIB.V12.R.CLP.2018.09.21.Z.16.0.A,2026-08-21T23:55:55+00:00,12,2014-01-01,2025-01-01,A,16,
F035.PIB.V12.R.CLP.2018.10.Z.Z.16.0.A,2026-08-21T23:55:55+00:00,12,2014-01-01,2025-01-01,A,16,
F035.PIB.V12.R.CLP.2018.11.Z.Z.16.0.A,2026-08-21T23:55:55+00:00,12,2014-01-01,2025-01-01,A,16,
F035.PIB.V12.R.CLP.2018.12.Z.Z.16.0.A,2026-08-21T23:55:55+00:00,12,2014-01-01,2025-01-01,A,16,
F035.PIB.V12.R.CLP.2018.COM.Z.Z.16.0.A,2026-08-21T23:55:55+00:00,12,2014-01-01,2025-01-01,A,16,
F035.PIB.V12.R.CLP.2018.CONT.Z.Z.16.0.A,2026-08-21T23:55:55+00:00,12,2014-01-01,2025-01-01,A,16,
F035.PIB.V12.R.CLP.2018.RH.Z.Z.16.0.A,2026-08-21T23:55:55+00:00,12,2014-01-01,2025-01-01,A,16,
F035.PIB.V12.R.CLP.2018.Z.Z.Z.16.0.A,2026-08-21T23:55:55+00:00,12,2014-01-01,2025-01-01,A,16,
F035.PPCP.FLU.R.USD.2018.Z.Z.Z.16.0.A,2026-08-21T23:55:55+00:00,12,2013-01-01,2024-01-01,A,16,
F035.XSE.FLU.N.CLP.2018.03.Z.Z.16.0.A,2026-08-21T23:55:55+00:00,13,2013-01-01,2025-01-01,A,16,
F035.XSE.FLU.N.CLP.2018.04.Z.Z.16.0.A,2026-08-21T23:55:55+00:00,13,2013-01-01,2025-01-01,A,16,
F035.XSE.FLU.N.CLP.2018.102.Z.Z.16.0.A,2026-08-21T23:55:55+00:00,13,2013-01-01,2025-01-01,A,16,
F035.XSE.FLU.N.CLP.2018.XBI.Z.Z.16.0.A,2026-08-21T23:55:55+00:00,13,2013-01-01,2025-01-01,A,16,
F035.XSE.FLU.N.CLP.2018.XBS.Z.Z.16.0.A,2026-08-21T23:55:55+00:00,13,2013-01-01,2025-01-01,A,16,
F035.XSE.FLU.N.CLP.2018.Z.Z.Z.16.0.A,2026-08-21T23:55:55+00:00,13,2013-01-01,2025-01-01,A,16,
F035.XSE.FLU.R.CLP.2018.03.Z.Z.16.0.A,2026-08-21T23:55:55+00:00,13,2013-01-01,2025-01-01,A,16,
F035.XSE.FLU.R.CLP.2018.04.Z.Z.16.0.A,2026-08-21T23:55:55+00:00,13,2013-01-01,2025-01-01,A,16,
F035.XSE.FLU.R.CLP.2018.102.Z.Z.16.0.A,2026-08-21T23:55:55+00:00,13,2013-01-01,2025-01-01,A,16,
F035.XSE.FLU.R.CLP.2018.XBI.Z.Z.16.0.A,2026-08-21T23:55:55+00:00,13,2013-01-01,2025-01-01,A,16,
F035.XSE.FLU.R.CLP.2018.XBS.Z.Z.16.0.A,2026-08-21T23:55:55+00:00,13,2013-01-01,2025-01-01,A,16,
F035.XSE.FLU.R.CLP.2018.Z.Z.Z.16.0.A,2026-08-21T23:55:55+00:00,13,2013-01-01,2025-01-01,A,16,
F035.XSE.V12.R.Z.2018.03.Z.Z.16.0.A,2026-08-21T23:55:55+00:00,12,2014-01-01,2025-01-01,A,16,
F035.XSE.V12.R.Z.2018.04.Z.Z.16.0.A,2026-08-21T23:55:55+00:00,12,2014-01-01,2025-01-01,A,16,
F035.XSE.V12.R.Z.2018.102.Z.Z.16.0.A,2026-08-21T23:55:55+00:00,12,2014-01-01,2025-01-01,A,16,
F035.XSE.V12.R.Z.2018.XBI.Z.Z.16.0.A,2026-08-21T23:55:55+00:00,12,2014-01-01,2025-01-01,A,16,
F035.XSE.V12.R.Z.2018.XBS.Z.Z.16.0.A,2026-08-21T23:55:55+00:00,12,2014-01-01,2025-01-01,A,16,
F035.XSE.V12.R.Z.2018.XBSSR.Z.Z.16.0.A,2026-08-21T23:55:55+00:00,12,2014-01-01,2025-01-01,A,16,
F035.XSE.V12.R.Z.2018.Z.Z.Z.16.0.A,2026-08-21T23:55:55+00:00,12,2014-01-01,2025-01-01,A,16,
F049.EVA.STO.INE.26.A,2026-08-21T23:55:55+00:00,25,2002-01-01,2026-01-01,A,16,
F049.EVH.STO.INE.26.A,2026-08-21T23:55:55+00:00,25,2002-01-01,2026-01-01,A,16,
F049.EVM.STO.INE.26.A,2026-08-21T23:55:55+00:00,25,2002-01-01,2026-01-01,A,16,
F049.POBNB.STO.INE.AT.A,2026-08-21T23:55:55+00:00,25,2002-01-01,2026-01-01,A,16,
F049.POBNB.STO.INE.H0014.A,2026-08-21T23:55:55+00:00,25,2002-01-01,2026-01-01,A,16,
F049.POBNB.STO.INE.H1564.A,2026-08-21T23:55:55+00:00,25,2002-01-01,2026-01-01,A,16,
F049.POBNB.STO.INE.H65YM.A,2026-08-21T23:55:55+00:00,25,2002-01-01,2026-01-01,A,16,
F049.POBNB.STO.INE.HT.A,2026-08-21T23:55:55+00:00,25,2002-01-01,2026-01-01,A,16,
F049.POBNB.STO.INE.M0014.A,2026-08-21T23:55:55+00:00,25,2002-01-01,2026-01-01,A,16,
F049.POBNB.STO.INE.M1564.A,2026-08-21T23:55:56+00:00,25,2002-01-01,2026-01-01,A,16,
F049.POBNB.STO.INE.M65YM.A,2026-08-21T23:55:56+00:00,25,2002-01-01,2026-01-01,A,16,
F049.POBNB.STO.INE.MT.A,2026-08-21T23:55:56+00:00,25,2002-01-01,2026-01-01,A,16,
F034.BESOTA.IND.BCCH.2020.0.D,2026-08-21T23:55:56+00:00,2373,2020-01-01,2026-06-30,D,01,
F034.BESTA.IND.BCCH.2020.0.D,2026-08-21T23:55:56+00:00,2367,2020-01-07,2026-06-30,D,01,
F034.BESAN.IND.BCCH.2020.0.D,2026-08-21T23:55:56+00:00,2367,2020-01-07,2026-06-30,D,02,
F034.BESOAN.IND.BCCH.2020.0.D,2026-08-21T23:55:56+00:00,2373,2020-01-01,2026-06-30,D,02,
F034.BESAT.IND.BCCH.2020.0.D,2026-08-21T23:55:56+00:00,2367,2020-01-07,2026-06-30,D,03,
F034.BESOAT.IND.BCCH.2020.0.D,2026-08-21T23:55:56+00:00,2373,2020-01-01,2026-06-30,D,03,
F034.BESCO.IND.BCCH.2020.0.D,2026-08-21T23:55:56+00:00,2367,2020-01-07,2026-06-30,D,04,
F034.BESOCO.IND.BCCH.2020.0.D,2026-08-21T23:55:56+00:00,2373,2020-01-01,2026-06-30,D,04,
F034.BESOVA.IND.BCCH.2020.0.D,2026-08-21T23:55:56+00:00,2373,2020-01-01,2026-06-30,D,05,
F034.BESVA.IND.BCCH.2020.0.D,2026-08-21T23:55:56+00:00,2367,2020-01-07,2026-06-30,D,05,
F034.BESLI.IND.BCCH.2020.0.D,2026-08-21T23:55:56+00:00,2367,2020-01-07,2026-06-30,D,06,
F034.BESOLI.IND.BCCH.2020.0.D,2026-08-21T23:55:56+00:00,2373,2020-01-01,2026-06-30,D,06,
F034.BESML.IND.BCCH.2020.0.D,2026-08-21T23:55:56+00:00,2367,2020-01-07,2026-06-30,D,07,
F034.BESOML.IND.BCCH.2020.0.D,2026-08-21T23:55:56+00:00,2373,2020-01-01,2026-06-30,D,07,
F034.BESBI.IND.BCCH.2020.0.D,2026-08-21T23:55:56+00:00,2367,2020-01-07,2026-06-30,D,08,
F034.BESOBI.IND.BCCH.2020.0.D,2026-08-21T23:55:56+00:00,2373,2020-01-01,2026-06-30,D,08,
F034.BESAR.IND.BCCH.2020.0.D,2026-08-21T23:55:56+00:00,2367,2020-01-07,2026-06-30,D,09,
F034.BESOAR.IND.BCCH.2020.0.D,2026-08-21T23:55:56+00:00,2373,2020-01-01,2026-06-30,D,09,
F034.BESLL.IND.BCCH.2020.0.D,2026-08-21T23:55:56+00:00,2367,2020-01-07,2026-06-30,D,10,
F034.BESOLL.IND.BCCH.2020.0.D,2026-08-21T23:55:56+00:00,2373,2020-01-01,2026-06-30,D,10,
F034.BESAI.IND.BCCH.2020.0.D,2026-08-21T23:55:56+00:00,2367,2020-01-07,2026-06-30,D,11,
F034.BESOAI.IND.BCCH.2020.0.D,2026-08-21T23:55:56+00:00,2373,2020-01-01,2026-06-30,D,11,
F034.BESMA.IND.BCCH.2020.0.D,2026-08-21T23:55:56+00:00,2367,2020-01-07,2026-06-30,D,12,
F034.BESOMA.IND.BCCH.2020.0.D,2026-08-21T23:55:56+00:00,2373,2020-01-01,2026-06-30,D,12,
F034.BESORM.IND.BCCH.2020.0.D,2026-08-21T23:55:56+00:00,2373,2020-01-01,2026-06-30,D,13,
F034.BESRM.IND.BCCH.2020.0.D,2026-08-21T23:55:56+00:00,2367,2020-01-07,2026-06-30,D,13,
F034.BESLR.IND.BCCH.2020.0.D,2026-08-21T23:55:56+00:00,2367,2020-01-07,2026-06-30,D,14,
F034.BESOLR.IND.BCCH.2020.0.D,2026-08-21T23:55:56+00:00,2373,2020-01-01,2026-06-30,D,14,
F034.BESAP.IND.BCCH.2020.0.D,2026-08-21T23:55:57+00:00,2367,2020-01-07,2026-06-30,D,15,
F034.BESOAP.IND.BCCH.2020.0.D,2026-08-21T23:55:57+00:00,2373,2020-01-01,2026-06-30,D,15,
F034.BESNB.IND.BCCH.2020.0.D,2026-08-21T23:55:57+00:00,2367,2020-01-07,2026-06-30,D,16,
F034.BESONB.IND.BCCH.2020.0.D,2026-08-21T23:55:57+00:00,2373,2020-01-01,2026-06-30,D,16,
F022.CCPETA.STO.Z.Z.Z.M,2026-08-21T23:55:57+00:00,210,2009-01-01,2026-06-01,M,01,
F022.CCPNTA.STO.Z.Z.Z.M,2026-08-21T23:55:57+00:00,210,2009-01-01,2026-06-01,M,01,
F022.DCM90TA.TAS.Z.Z.Z.M,2026-08-21T23:55:57+00:00,221,2008-01-01,2026-05-01,M,01,
F022.DCS90TA.TAS.Z.Z.Z.M,2026-08-21T23:55:57+00:00,221,2008-01-01,2026-05-01,M,01,
F022.DV90TA.TAS.Z.Z.Z.M,2026-08-21T23:55:57+00:00,221,2008-01-01,2026-05-01,M,01,
F022.SCCPETA.STO.Z.Z.CLP.M,2026-08-21T23:55:57+00:00,210,2009-01-01,2026-06-01,M,01,
F022.SCCPNTA.STO.Z.Z.CLP.M,2026-08-21T23:55:57+00:00,210,2009-01-01,2026-06-01,M,01,
F022.SDVTA.STO.Z.Z.CLP.M,2026-08-21T23:55:57+00:00,222,2008-01-01,2026-06-01,M,01,
F034.CECEGTA.FLU.INE.Z.0.M,2026-08-21T23:55:57+00:00,149,2014-01-01,2026-05-01,M,01,
F034.CECEOTA.FLU.INE.Z.0.M,2026-08-21T23:55:57+00:00,149,2014-01-01,2026-05-01,M,01,
F034.CEYSTA.FLU.MEFT.Z.0.M,2026-08-21T23:55:57+00:00,158,2013-05-01,2026-06-01,M,01,
F034.ETADRTA.STO.INE.HIST17.0.M,2026-08-21T23:55:57+00:00,119,2016-07-01,2026-05-01,M,01,
F034.ETEMTA.STO.INE.HIST17.0.M,2026-08-21T23:55:57+00:00,119,2016-07-01,2026-05-01,M,01,
F034.ETLTA.FLU.INE.HIST17.0.M,2026-08-21T23:55:57+00:00,119,2016-07-01,2026-05-01,M,01,
F034.ETOPTA.TAS.INE.HIST17.0.M,2026-08-21T23:55:57+00:00,119,2016-07-01,2026-05-01,M,01,
F034.ETPTA.FLU.INE.HIST17.0.M,2026-08-21T23:55:57+00:00,119,2016-07-01,2026-05-01,M,01,
F034.ETRPTA.STO.INE.HIST17.0.M,2026-08-21T23:55:57+00:00,119,2016-07-01,2026-05-01,M,01,
F034.ETTOHTA.TAS.INE.HIST17.0.M,2026-08-21T23:55:57+00:00,119,2016-07-01,2026-05-01,M,01,
F034.GEETA.FLU.INE.Z.0.M,2026-08-21T23:55:57+00:00,149,2014-01-01,2026-05-01,M,01,
F034.ISUPNETA.STO.INE.Z.0.M,2026-08-21T23:55:57+00:00,149,2014-01-01,2026-05-01,M,01,
F034.ISUPPCTA.IND.INE.2014.0.M,2026-08-21T23:55:57+00:00,149,2014-01-01,2026-05-01,M,01,
F034.ISUPSETA.STO.INE.Z.0.M,2026-08-21T23:55:57+00:00,149,2014-01-01,2026-05-01,M,01,
F034.ISUPVPCTA.FLU.INE.Z.0.M,2026-08-21T23:55:57+00:00,149,2014-01-01,2026-05-01,M,01,
F034.MCPCTA.FLU.INE.Z.0.M,2026-08-21T23:55:57+00:00,149,2014-01-01,2026-05-01,M,01,
F034.MCPDETA.FLU.INE.Z.0.M,2026-08-21T23:55:57+00:00,149,2014-01-01,2026-05-01,M,01,
F034.MCPEETA.FLU.INE.Z.0.M,2026-08-21T23:55:57+00:00,149,2014-01-01,2026-05-01,M,01,
F034.MCPRTTA.FLU.INE.Z.0.M,2026-08-21T23:55:57+00:00,149,2014-01-01,2026-05-01,M,01,
F034.MCPTTA.FLU.INE.Z.0.M,2026-08-21T23:55:57+00:00,149,2014-01-01,2026-05-01,M,01,
F034.NVATA.FLU.INE.Z.0.M,2026-08-21T23:55:58+00:00,149,2014-01-01,2026-05-01,M,01,
F034.PMITA.IND.INE.2014.0.M,2026-08-21T23:55:58+00:00,149,2014-01-01,2026-05-01,M,01,
F034.PVBTA.STO.INE.Z.0.M,2026-08-21T23:55:58+00:00,145,2014-03-01,2026-03-01,M,01,
F034.PVETA.STO.INE.Z.0.M,2026-08-21T23:55:58+00:00,145,2014-03-01,2026-03-01,M,01,
F034.PVMBTA.STO.INE.Z.0.M,2026-08-21T23:55:58+00:00,145,2014-03-01,2026-03-01,M,01,
F034.PVTTA.STO.INE.Z.0.M,2026-08-21T23:55:58+00:00,145,2014-03-01,2026-03-01,M,01,
F034.SAHTA.FLU.INE.Z.0.M,2026-08-21T23:55:58+00:00,149,2014-01-01,2026-05-01,M,01,
F034.SANHTA.FLU.INE.Z.0.M,2026-08-21T23:55:58+00:00,149,2014-01-01,2026-05-01,M,01,
F035.CVRC.FLU.Z.CLP.Z.Z.Z.Z.01.0.M,2026-08-21T23:55:58+00:00,102,2018-01-01,2026-06-01,M,01,
F035.CVRCITA.FLU.Z.CLP.Z.Z.Z.Z.01.0.M,2026-08-21T23:55:58+00:00,102,2018-01-01,2026-06-01,M,01,
F035.CVRCITE.FLU.Z.CLP.Z.Z.Z.Z.01.0.M,2026-08-21T23:55:58+00:00,102,2018-01-01,2026-06-01,M,01,
F035.CVRV.FLU.Z.CLP.Z.Z.Z.Z.01.0.M,2026-08-21T23:55:58+00:00,102,2018-01-01,2026-06-01,M,01,
F035.CVRVITA.FLU.Z.CLP.Z.Z.Z.Z.01.0.M,2026-08-21T23:55:58+00:00,102,2018-01-01,2026-06-01,M,01,
F035.CVRVITE.FLU.Z.CLP.Z.Z.Z.Z.01.0.M,2026-08-21T23:55:58+00:00,102,2018-01-01,2026-06-01,M,01,
F035.NFRC.FLU.Z.N.Z.Z.Z.Z.01.0.M,2026-08-21T23:55:58+00:00,102,2018-01-01,2026-06-01,M,01,
F035.NFRCITA.FLU.Z.N.Z.Z.Z.Z.01.0.M,2026-08-21T23:55:58+00:00,102,2018-01-01,2026-06-01,M,01,
F035.NFRCITE.FLU.Z.N.Z.Z.Z.Z.01.0.M,2026-08-21T23:55:58+00:00,102,2018-01-01,2026-06-01,M,01,
F035.NFRV.FLU.Z.N.Z.Z.Z.Z.01.0.M,2026-08-21T23:55:58+00:00,102,2018-01-01,2026-06-01,M,01,
F035.NFRVITA.FLU.Z.N.Z.Z.Z.Z.01.0.M,2026-08-21T23:55:58+00:00,102,2018-01-01,2026-06-01,M,01,
F035.NFRVITE.FLU.Z.N.Z.Z.Z.Z.01.0.M,2026-08-21T23:55:58+00:00,102,2018-01-01,2026-06-01,M,01,
F049.DES.TAS.INE2.11.M,2026-08-21T23:55:58+00:00,106,2010-03-01,2018-12-01,M,01,
F049.DES.TAS.INE9.11.M,2026-08-21T23:55:58+00:00,196,2010-03-01,2026-06-01,M,01,
F049.FTR.STO.INE9.RTA.M,2026-08-21T23:55:58+00:00,196,2010-03-01,2026-06-01,M,01,
F049.OCU.PMT.INE9.11.M,2026-08-21T23:55:58+00:00,196,2010-03-01,2026-06-01,M,01,
F022.CCPEAN.STO.Z.Z.Z.M,2026-08-21T23:55:58+00:00,210,2009-01-01,2026-06-01,M,02,
F022.CCPNAN.STO.Z.Z.Z.M,2026-08-21T23:55:58+00:00,210,2009-01-01,2026-06-01,M,02,
F022.DCM90AN.TAS.Z.Z.Z.M,2026-08-21T23:55:58+00:00,221,2008-01-01,2026-05-01,M,02,
F022.DCS90AN.TAS.Z.Z.Z.M,2026-08-21T23:55:58+00:00,221,2008-01-01,2026-05-01,M,02,
F022.DV90AN.TAS.Z.Z.Z.M,2026-08-21T23:55:58+00:00,221,2008-01-01,2026-05-01,M,02,
F022.SCCPEAN.STO.Z.Z.CLP.M,2026-08-21T23:55:58+00:00,210,2009-01-01,2026-06-01,M,02,
F022.SCCPNAN.STO.Z.Z.CLP.M,2026-08-21T23:55:58+00:00,210,2009-01-01,2026-06-01,M,02,
F022.SDVAN.STO.Z.Z.CLP.M,2026-08-21T23:55:58+00:00,222,2008-01-01,2026-06-01,M,02,
F034.CEYSAN.FLU.MEFT.Z.0.M,2026-08-21T23:55:58+00:00,158,2013-05-01,2026-06-01,M,02,
F034.DEEAN.FLU.INE.Z.0.M,2026-08-21T23:55:58+00:00,149,2014-01-01,2026-05-01,M,02,
F034.ETADRAN.STO.INE.HIST17.0.M,2026-08-21T23:55:58+00:00,119,2016-07-01,2026-05-01,M,02,
F034.ETEMAN.STO.INE.HIST17.0.M,2026-08-21T23:55:58+00:00,119,2016-07-01,2026-05-01,M,02,
F034.ETLAN.FLU.INE.HIST17.0.M,2026-08-21T23:55:58+00:00,119,2016-07-01,2026-05-01,M,02,
F034.ETOPAN.TAS.INE.HIST17.0.M,2026-08-21T23:55:59+00:00,119,2016-07-01,2026-05-01,M,02,
F034.ETPAN.FLU.INE.HIST17.0.M,2026-08-21T23:55:59+00:00,119,2016-07-01,2026-05-01,M,02,
F034.ETRPAN.STO.INE.HIST17.0.M,2026-08-21T23:55:59+00:00,119,2016-07-01,2026-05-01,M,02,
F034.ETTOHAN.TAS.INE.HIST17.0.M,2026-08-21T23:55:59+00:00,119,2016-07-01,2026-05-01,M,02,
F034.GEEAN.FLU.INE.Z.0.M,2026-08-21T23:55:59+00:00,149,2014-01-01,2026-05-01,M,02,
F034.ISUPNEAN.STO.INE.Z.0.M,2026-08-21T23:55:59+00:00,149,2014-01-01,2026-05-01,M,02,
F034.ISUPPCAN.IND.INE.2014.0.M,2026-08-21T23:55:59+00:00,149,2014-01-01,2026-05-01,M,02,
F034.ISUPSEAN.STO.INE.Z.0.M,2026-08-21T23:55:59+00:00,149,2014-01-01,2026-05-01,M,02,
F034.ISUPVPCAN.FLU.INE.Z.0.M,2026-08-21T23:55:59+00:00,149,2014-01-01,2026-05-01,M,02,
F034.MMAN.IND.INE.2014.0.M,2026-08-21T23:55:59+00:00,149,2014-01-01,2026-05-01,M,02,
F034.MNMAN.IND.INE.2014.0.M,2026-08-21T23:55:59+00:00,149,2014-01-01,2026-05-01,M,02,
F034.NVAAN.FLU.INE.Z.0.M,2026-08-21T23:55:59+00:00,149,2014-01-01,2026-05-01,M,02,
F034.PMIAN.IND.INE.2014.0.M,2026-08-21T23:55:59+00:00,149,2014-01-01,2026-05-01,M,02,
F034.PVBAN.STO.INE.Z.0.M,2026-08-21T23:55:59+00:00,145,2014-03-01,2026-03-01,M,02,
F034.PVEAN.STO.INE.Z.0.M,2026-08-21T23:55:59+00:00,145,2014-03-01,2026-03-01,M,02,
F034.PVMBAN.STO.INE.Z.0.M,2026-08-21T23:55:59+00:00,145,2014-03-01,2026-03-01,M,02,
F034.PVTAN.STO.INE.Z.0.M,2026-08-21T23:55:59+00:00,145,2014-03-01,2026-03-01,M,02,
F034.SAHAN.FLU.INE.Z.0.M,2026-08-21T23:55:59+00:00,149,2014-01-01,2026-05-01,M,02,
F034.SANHAN.FLU.INE.Z.0.M,2026-08-21T23:55:59+00:00,149,2014-01-01,2026-05-01,M,02,
F035.CVRC.FLU.Z.CLP.Z.Z.Z.Z.02.0.M,2026-08-21T23:55:59+00:00,102,2018-01-01,2026-06-01,M,02,
F035.CVRCITA.FLU.Z.CLP.Z.Z.Z.Z.02.0.M,2026-08-21T23:55:59+00:00,102,2018-01-01,2026-06-01,M,02,
F035.CVRCITE.FLU.Z.CLP.Z.Z.Z.Z.02.0.M,2026-08-21T23:55:59+00:00,102,2018-01-01,2026-06-01,M,02,
F035.CVRV.FLU.Z.CLP.Z.Z.Z.Z.02.0.M,2026-08-21T23:55:59+00:00,102,2018-01-01,2026-06-01,M,02,
F035.CVRVITA.FLU.Z.CLP.Z.Z.Z.Z.02.0.M,2026-08-21T23:55:59+00:00,102,2018-01-01,2026-06-01,M,02,
F035.CVRVITE.FLU.Z.CLP.Z.Z.Z.Z.02.0.M,2026-08-21T23:55:59+00:00,102,2018-01-01,2026-06-01,M,02,
F035.NFRC.FLU.Z.N.Z.Z.Z.Z.02.0.M,2026-08-21T23:55:59+00:00,102,2018-01-01,2026-06-01,M,02,
F035.NFRCITA.FLU.Z.N.Z.Z.Z.Z.02.0.M,2026-08-21T23:55:59+00:00,102,2018-01-01,2026-06-01,M,02,
F035.NFRCITE.FLU.Z.N.Z.Z.Z.Z.02.0.M,2026-08-21T23:55:59+00:00,102,2018-01-01,2026-06-01,M,02,
F035.NFRV.FLU.Z.N.Z.Z.Z.Z.02.0.M,2026-08-21T23:55:59+00:00,102,2018-01-01,2026-06-01,M,02,
F035.NFRVITA.FLU.Z.N.Z.Z.Z.Z.02.0.M,2026-08-21T23:55:59+00:00,102,2018-01-01,2026-06-01,M,02,
F035.NFRVITE.FLU.Z.N.Z.Z.Z.Z.02.0.M,2026-08-21T23:55:59+00:00,102,2018-01-01,2026-06-01,M,02,
F049.DES.TAS.INE2.12.M,2026-08-21T23:55:59+00:00,106,2010-03-01,2018-12-01,M,02,
F049.DES.TAS.INE9.12.M,2026-08-21T23:55:59+00:00,196,2010-03-01,2026-06-01,M,02,
F049.FTR.STO.INE9.RAN.M,2026-08-21T23:55:59+00:00,196,2010-03-01,2026-06-01,M,02,
F049.OCU.PMT.INE9.12.M,2026-08-21T23:56:00+00:00,196,2010-03-01,2026-06-01,M,02,
F022.CCPEAT.STO.Z.Z.Z.M,2026-08-21T23:56:00+00:00,210,2009-01-01,2026-06-01,M,03,
F022.CCPNAT.STO.Z.Z.Z.M,2026-08-21T23:56:00+00:00,210,2009-01-01,2026-06-01,M,03,
F022.DCM90AT.TAS.Z.Z.Z.M,2026-08-21T23:56:00+00:00,221,2008-01-01,2026-05-01,M,03,
F022.DCS90AT.TAS.Z.Z.Z.M,2026-08-21T23:56:00+00:00,221,2008-01-01,2026-05-01,M,03,
F022.DV90AT.TAS.Z.Z.Z.M,2026-08-21T23:56:00+00:00,221,2008-01-01,2026-05-01,M,03,
F022.SCCPEAT.STO.Z.Z.CLP.M,2026-08-21T23:56:00+00:00,210,2009-01-01,2026-06-01,M,03,
F022.SCCPNAT.STO.Z.Z.CLP.M,2026-08-21T23:56:00+00:00,210,2009-01-01,2026-06-01,M,03,
F022.SDVAT.STO.Z.Z.CLP.M,2026-08-21T23:56:00+00:00,222,2008-01-01,2026-06-01,M,03,
F034.CEYSAT.FLU.MEFT.Z.0.M,2026-08-21T23:56:00+00:00,158,2013-05-01,2026-06-01,M,03,
F034.DEEAT.FLU.INE.Z.0.M,2026-08-21T23:56:00+00:00,149,2014-01-01,2026-05-01,M,03,
F034.ETADRAT.STO.INE.HIST17.0.M,2026-08-21T23:56:00+00:00,119,2016-07-01,2026-05-01,M,03,
F034.ETEMAT.STO.INE.HIST17.0.M,2026-08-21T23:56:00+00:00,119,2016-07-01,2026-05-01,M,03,
F034.ETLAT.FLU.INE.HIST17.0.M,2026-08-21T23:56:00+00:00,119,2016-07-01,2026-05-01,M,03,
F034.ETOPAT.TAS.INE.HIST17.0.M,2026-08-21T23:56:00+00:00,119,2016-07-01,2026-05-01,M,03,
F034.ETPAT.FLU.INE.HIST17.0.M,2026-08-21T23:56:00+00:00,119,2016-07-01,2026-05-01,M,03,
F034.ETRPAT.STO.INE.HIST17.0.M,2026-08-21T23:56:00+00:00,119,2016-07-01,2026-05-01,M,03,
F034.ETTOHAT.TAS.INE.HIST17.0.M,2026-08-21T23:56:00+00:00,119,2016-07-01,2026-05-01,M,03,
F034.GEEAT.FLU.INE.Z.0.M,2026-08-21T23:56:00+00:00,149,2014-01-01,2026-05-01,M,03,
F034.ISUPNEAT.STO.INE.Z.0.M,2026-08-21T23:56:00+00:00,149,2014-01-01,2026-05-01,M,03,
F034.ISUPPCAT.IND.INE.2014.0.M,2026-08-21T23:56:00+00:00,149,2014-01-01,2026-05-01,M,03,
F034.ISUPSEAT.STO.INE.Z.0.M,2026-08-21T23:56:00+00:00,149,2014-01-01,2026-05-01,M,03,
F034.ISUPVPCAT.FLU.INE.Z.0.M,2026-08-21T23:56:00+00:00,149,2014-01-01,2026-05-01,M,03,
F034.NVAAT.FLU.INE.Z.0.M,2026-08-21T23:56:00+00:00,149,2014-01-01,2026-05-01,M,03,
F034.PMIAT.IND.INE.2014.0.M,2026-08-21T23:56:00+00:00,149,2014-01-01,2026-05-01,M,03,
F034.PUMAT.STO.INE.Z.0.M,2026-08-21T23:56:00+00:00,149,2014-01-01,2026-05-01,M,03,
F034.PVBAT.STO.INE.Z.0.M,2026-08-21T23:56:00+00:00,145,2014-03-01,2026-03-01,M,03,
F034.PVEAT.STO.INE.Z.0.M,2026-08-21T23:56:00+00:00,145,2014-03-01,2026-03-01,M,03,
F034.PVMBAT.STO.INE.Z.0.M,2026-08-21T23:56:00+00:00,145,2014-03-01,2026-03-01,M,03,
F034.PVTAT.STO.INE.Z.0.M,2026-08-21T23:56:00+00:00,145,2014-03-01,2026-03-01,M,03,
F034.SAHAT.FLU.INE.Z.0.M,2026-08-21T23:56:00+00:00,149,2014-01-01,2026-05-01,M,03,
F034.SANHAT.FLU.INE.Z.0.M,2026-08-21T23:56:00+00:00,149,2014-01-01,2026-05-01,M,03,
F035.CVRC.FLU.Z.CLP.Z.Z.Z.Z.03.0.M,2026-08-21T23:56:00+00:00,102,2018-01-01,2026-06-01,M,03,
F035.CVRCITA.FLU.Z.CLP.Z.Z.Z.Z.03.0.M,2026-08-21T23:56:01+00:00,102,2018-01-01,2026-06-01,M,03,
F035.CVRCITE.FLU.Z.CLP.Z.Z.Z.Z.03.0.M,2026-08-21T23:56:01+00:00,102,2018-01-01,2026-06-01,M,03,
F035.CVRV.FLU.Z.CLP.Z.Z.Z.Z.03.0.M,2026-08-21T23:56:01+00:00,102,2018-01-01,2026-06-01,M,03,
F035.CVRVITA.FLU.Z.CLP.Z.Z.Z.Z.03.0.M,2026-08-21T23:56:01+00:00,102,2018-01-01,2026-06-01,M,03,
F035.CVRVITE.FLU.Z.CLP.Z.Z.Z.Z.03.0.M,2026-08-21T23:56:01+00:00,102,2018-01-01,2026-06-01,M,03,
F035.NFRC.FLU.Z.N.Z.Z.Z.Z.03.0.M,2026-08-21T23:56:01+00:00,102,2018-01-01,2026-06-01,M,03,
F035.NFRCITA.FLU.Z.N.Z.Z.Z.Z.03.0.M,2026-08-21T23:56:01+00:00,102,2018-01-01,2026-06-01,M,03,
F035.NFRCITE.FLU.Z.N.Z.Z.Z.Z.03.0.M,2026-08-21T23:56:01+00:00,102,2018-01-01,2026-06-01,M,03,
F035.NFRV.FLU.Z.N.Z.Z.Z.Z.03.0.M,2026-08-21T23:56:01+00:00,102,2018-01-01,2026-06-01,M,03,
F035.NFRVITA.FLU.Z.N.Z.Z.Z.Z.03.0.M,2026-08-21T23:56:01+00:00,102,2018-01-01,2026-06-01,M,03,
F035.NFRVITE.FLU.Z.N.Z.Z.Z.Z.03.0.M,2026-08-21T23:56:01+00:00,102,2018-01-01,2026-06-01,M,03,
F049.DES.TAS.INE2.13.M,2026-08-21T23:56:01+00:00,106,2010-03-01,2018-12-01,M,03,
F049.DES.TAS.INE9.13.M,2026-08-21T23:56:01+00:00,196,2010-03-01,2026-06-01,M,03,
F049.FTR.STO.INE9.RAT.M,2026-08-21T23:56:01+00:00,196,2010-03-01,2026-06-01,M,03,
F049.OCU.PMT.INE9.13.M,2026-08-21T23:56:01+00:00,196,2010-03-01,2026-06-01,M,03,
F022.CCPECO.STO.Z.Z.Z.M,2026-08-21T23:56:01+00:00,210,2009-01-01,2026-06-01,M,04,
F022.CCPNCO.STO.Z.Z.Z.M,2026-08-21T23:56:01+00:00,210,2009-01-01,2026-06-01,M,04,
F022.DCM90CO.TAS.Z.Z.Z.M,2026-08-21T23:56:01+00:00,221,2008-01-01,2026-05-01,M,04,
F022.DCS90CO.TAS.Z.Z.Z.M,2026-08-21T23:56:01+00:00,221,2008-01-01,2026-05-01,M,04,
F022.DV90CO.TAS.Z.Z.Z.M,2026-08-21T23:56:01+00:00,221,2008-01-01,2026-05-01,M,04,
F022.SCCPECO.STO.Z.Z.CLP.M,2026-08-21T23:56:01+00:00,210,2009-01-01,2026-06-01,M,04,
F022.SCCPNCO.STO.Z.Z.CLP.M,2026-08-21T23:56:01+00:00,210,2009-01-01,2026-06-01,M,04,
F022.SDVCO.STO.Z.Z.CLP.M,2026-08-21T23:56:01+00:00,222,2008-01-01,2026-06-01,M,04,
F034.CEYSCO.FLU.MEFT.Z.0.M,2026-08-21T23:56:01+00:00,158,2013-05-01,2026-06-01,M,04,
F034.DEECO.FLU.INE.Z.0.M,2026-08-21T23:56:01+00:00,149,2014-01-01,2026-05-01,M,04,
F034.ETADRCO.STO.INE.HIST17.0.M,2026-08-21T23:56:01+00:00,119,2016-07-01,2026-05-01,M,04,
F034.ETEMCO.STO.INE.HIST17.0.M,2026-08-21T23:56:01+00:00,119,2016-07-01,2026-05-01,M,04,
F034.ETLCO.FLU.INE.HIST17.0.M,2026-08-21T23:56:01+00:00,119,2016-07-01,2026-05-01,M,04,
F034.ETOPCO.TAS.INE.HIST17.0.M,2026-08-21T23:56:01+00:00,119,2016-07-01,2026-05-01,M,04,
F034.ETPCO.FLU.INE.HIST17.0.M,2026-08-21T23:56:01+00:00,119,2016-07-01,2026-05-01,M,04,
F034.ETRPCO.STO.INE.HIST17.0.M,2026-08-21T23:56:01+00:00,119,2016-07-01,2026-05-01,M,04,
F034.ETTOHCO.TAS.INE.HIST17.0.M,2026-08-21T23:56:01+00:00,119,2016-07-01,2026-05-01,M,04,
F034.GEECO.FLU.INE.Z.0.M,2026-08-21T23:56:01+00:00,149,2014-01-01,2026-05-01,M,04,
F034.ISUPNECO.STO.INE.Z.0.M,2026-08-21T23:56:01+00:00,149,2014-01-01,2026-05-01,M,04,
F034.ISUPPCCO.IND.INE.2014.0.M,2026-08-21T23:56:01+00:00,149,2014-01-01,2026-05-01,M,04,
F034.ISUPSECO.STO.INE.Z.0.M,2026-08-21T23:56:01+00:00,149,2014-01-01,2026-05-01,M,04,
F034.ISUPVPCCO.FLU.INE.Z.0.M,2026-08-21T23:56:01+00:00,149,2014-01-01,2026-05-01,M,04,
F034.NVACO.FLU.INE.Z.0.M,2026-08-21T23:56:01+00:00,149,2014-01-01,2026-05-01,M,04,
F034.PMICO.IND.INE.2014.0.M,2026-08-21T23:56:02+00:00,145,2014-03-01,2026-03-01,M,04,
F034.PUPCO.STO.INE.Z.0.M,2026-08-21T23:56:02+00:00,148,2014-01-01,2026-04-01,M,04,
F034.PUVCO.STO.INE.Z.0.M,2026-08-21T23:56:02+00:00,148,2014-01-01,2026-04-01,M,04,
F034.PVBCO.STO.INE.Z.0.M,2026-08-21T23:56:02+00:00,145,2014-03-01,2026-03-01,M,04,
F034.PVECO.STO.INE.Z.0.M,2026-08-21T23:56:02+00:00,145,2014-03-01,2026-03-01,M,04,
F034.PVMBCO.STO.INE.Z.0.M,2026-08-21T23:56:02+00:00,145,2014-03-01,2026-03-01,M,04,
F034.PVTCO.STO.INE.Z.0.M,2026-08-21T23:56:02+00:00,145,2014-03-01,2026-03-01,M,04,
F034.SAHCO.FLU.INE.Z.0.M,2026-08-21T23:56:02+00:00,149,2014-01-01,2026-05-01,M,04,
F034.SANHCO.FLU.INE.Z.0.M,2026-08-21T23:56:02+00:00,149,2014-01-01,2026-05-01,M,04,
F035.CVRC.FLU.Z.CLP.Z.Z.Z.Z.04.0.M,2026-08-21T23:56:02+00:00,102,2018-01-01,2026-06-01,M,04,
F035.CVRCITA.FLU.Z.CLP.Z.Z.Z.Z.04.0.M,2026-08-21T23:56:02+00:00,102,2018-01-01,2026-06-01,M,04,
F035.CVRCITE.FLU.Z.CLP.Z.Z.Z.Z.04.0.M,2026-08-21T23:56:02+00:00,102,2018-01-01,2026-06-01,M,04,
F035.CVRV.FLU.Z.CLP.Z.Z.Z.Z.04.0.M,2026-08-21T23:56:02+00:00,102,2018-01-01,2026-06-01,M,04,
F035.CVRVITA.FLU.Z.CLP.Z.Z.Z.Z.04.0.M,2026-08-21T23:56:02+00:00,102,2018-01-01,2026-06-01,M,04,
F035.CVRVITE.FLU.Z.CLP.Z.Z.Z.Z.04.0.M,2026-08-21T23:56:02+00:00,102,2018-01-01,2026-06-01,M,04,
F035.NFRC.FLU.Z.N.Z.Z.Z.Z.04.0.M,2026-08-21T23:56:02+00:00,102,2018-01-01,2026-06-01,M,04,
F035.NFRCITA.FLU.Z.N.Z.Z.Z.Z.04.0.M,2026-08-21T23:56:02+00:00,102,2018-01-01,2026-06-01,M,04,
F035.NFRCITE.FLU.Z.N.Z.Z.Z.Z.04.0.M,2026-08-21T23:56:02+00:00,102,2018-01-01,2026-06-01,M,04,
F035.NFRV.FLU.Z.N.Z.Z.Z.Z.04.0.M,2026-08-21T23:56:02+00:00,102,2018-01-01,2026-06-01,M,04,
F035.NFRVITA.FLU.Z.N.Z.Z.Z.Z.04.0.M,2026-08-21T23:56:02+00:00,102,2018-01-01,2026-06-01,M,04,
F035.NFRVITE.FLU.Z.N.Z.Z.Z.Z.04.0.M,2026-08-21T23:56:02+00:00,102,2018-01-01,2026-06-01,M,04,
F049.DES.TAS.INE2.14.M,2026-08-21T23:56:02+00:00,106,2010-03-01,2018-12-01,M,04,
F049.DES.TAS.INE9.14.M,2026-08-21T23:56:02+00:00,196,2010-03-01,2026-06-01,M,04,
F049.FTR.STO.INE9.RCO.M,2026-08-21T23:56:02+00:00,196,2010-03-01,2026-06-01,M,04,
F049.OCU.PMT.INE9.14.M,2026-08-21T23:56:02+00:00,196,2010-03-01,2026-06-01,M,04,
F022.CCPEVA.STO.Z.Z.Z.M,2026-08-21T23:56:02+00:00,210,2009-01-01,2026-06-01,M,05,
F022.CCPNVA.STO.Z.Z.Z.M,2026-08-21T23:56:02+00:00,210,2009-01-01,2026-06-01,M,05,
F022.DCM90VA.TAS.Z.Z.Z.M,2026-08-21T23:56:02+00:00,221,2008-01-01,2026-05-01,M,05,
F022.DCS90VA.TAS.Z.Z.Z.M,2026-08-21T23:56:02+00:00,221,2008-01-01,2026-05-01,M,05,
F022.DV90VA.TAS.Z.Z.Z.M,2026-08-21T23:56:02+00:00,221,2008-01-01,2026-05-01,M,05,
F022.SCCPEVA.STO.Z.Z.CLP.M,2026-08-21T23:56:02+00:00,210,2009-01-01,2026-06-01,M,05,
F022.SCCPNVA.STO.Z.Z.CLP.M,2026-08-21T23:56:02+00:00,210,2009-01-01,2026-06-01,M,05,
F022.SDVVA.STO.Z.Z.CLP.M,2026-08-21T23:56:02+00:00,222,2008-01-01,2026-06-01,M,05,
F034.CECECVA.STO.INE.Z.0.M,2026-08-21T23:56:02+00:00,148,2014-01-01,2026-04-01,M,05,
F034.CECELGVA.STO.INE.Z.0.M,2026-08-21T23:56:02+00:00,148,2014-01-01,2026-04-01,M,05,
F034.CECESGVA.STO.INE.Z.0.M,2026-08-21T23:56:02+00:00,148,2014-01-01,2026-04-01,M,05,
F034.CECESVA.STO.INE.Z.0.M,2026-08-21T23:56:02+00:00,148,2014-01-01,2026-04-01,M,05,
F034.CEYSVA.FLU.MEFT.Z.0.M,2026-08-21T23:56:02+00:00,158,2013-05-01,2026-06-01,M,05,
F034.CMP20VA.STO.INE.Z.0.M,2026-08-21T23:56:02+00:00,148,2014-01-01,2026-04-01,M,05,
F034.CMP40VA.STO.INE.Z.0.M,2026-08-21T23:56:02+00:00,148,2014-01-01,2026-04-01,M,05,
F034.DEEVA.FLU.INE.Z.0.M,2026-08-21T23:56:03+00:00,149,2014-01-01,2026-05-01,M,05,
F034.ETADRVA.STO.INE.HIST17.0.M,2026-08-21T23:56:03+00:00,119,2016-07-01,2026-05-01,M,05,
F034.ETEMVA.STO.INE.HIST17.0.M,2026-08-21T23:56:03+00:00,119,2016-07-01,2026-05-01,M,05,
F034.ETLVA.FLU.INE.HIST17.0.M,2026-08-21T23:56:03+00:00,119,2016-07-01,2026-05-01,M,05,
F034.ETOPVA.TAS.INE.HIST17.0.M,2026-08-21T23:56:03+00:00,119,2016-07-01,2026-05-01,M,05,
F034.ETPVA.FLU.INE.HIST17.0.M,2026-08-21T23:56:03+00:00,119,2016-07-01,2026-05-01,M,05,
F034.ETRPVA.STO.INE.HIST17.0.M,2026-08-21T23:56:03+00:00,119,2016-07-01,2026-05-01,M,05,
F034.ETTOHVA.TAS.INE.HIST17.0.M,2026-08-21T23:56:03+00:00,119,2016-07-01,2026-05-01,M,05,
F034.GEEVA.FLU.INE.Z.0.M,2026-08-21T23:56:03+00:00,149,2014-01-01,2026-05-01,M,05,
F034.INDPMVA.IND.INE.2014.0.M,2026-08-21T23:56:03+00:00,149,2014-01-01,2026-05-01,M,05,
F034.ISUPNEVA.STO.INE.Z.0.M,2026-08-21T23:56:03+00:00,149,2014-01-01,2026-05-01,M,05,
F034.ISUPPCVA.IND.INE.2014.0.M,2026-08-21T23:56:03+00:00,149,2014-01-01,2026-05-01,M,05,
F034.ISUPSEVA.STO.INE.Z.0.M,2026-08-21T23:56:03+00:00,149,2014-01-01,2026-05-01,M,05,
F034.ISUPVPCVA.FLU.INE.Z.0.M,2026-08-21T23:56:03+00:00,149,2014-01-01,2026-05-01,M,05,
F034.MCPCVA.FLU.INE.Z.0.M,2026-08-21T23:56:03+00:00,148,2014-01-01,2026-04-01,M,05,
F034.MCPDEVA.FLU.INE.Z.0.M,2026-08-21T23:56:03+00:00,148,2014-01-01,2026-04-01,M,05,
F034.MCPEEVA.FLU.INE.Z.0.M,2026-08-21T23:56:03+00:00,148,2014-01-01,2026-04-01,M,05,
F034.MCPRTVA.FLU.INE.Z.0.M,2026-08-21T23:56:03+00:00,148,2014-01-01,2026-04-01,M,05,
F034.NVAVA.FLU.INE.Z.0.M,2026-08-21T23:56:03+00:00,149,2014-01-01,2026-05-01,M,05,
F034.PVBVA.STO.INE.Z.0.M,2026-08-21T23:56:03+00:00,145,2014-03-01,2026-03-01,M,05,
F034.PVEVA.STO.INE.Z.0.M,2026-08-21T23:56:03+00:00,145,2014-03-01,2026-03-01,M,05,
F034.PVPPAIVA.STO.INE.Z.0.M,2026-08-21T23:56:03+00:00,149,2014-01-01,2026-05-01,M,05,
F034.PVTVA.STO.INE.Z.0.M,2026-08-21T23:56:03+00:00,145,2014-03-01,2026-03-01,M,05,
F034.SAHVA.FLU.INE.Z.0.M,2026-08-21T23:56:03+00:00,149,2014-01-01,2026-05-01,M,05,
F034.SANHVA.FLU.INE.Z.0.M,2026-08-21T23:56:03+00:00,149,2014-01-01,2026-05-01,M,05,
F035.CVRC.FLU.Z.CLP.Z.Z.Z.Z.05.0.M,2026-08-21T23:56:03+00:00,102,2018-01-01,2026-06-01,M,05,
F035.CVRCITA.FLU.Z.CLP.Z.Z.Z.Z.05.0.M,2026-08-21T23:56:03+00:00,102,2018-01-01,2026-06-01,M,05,
F035.CVRCITE.FLU.Z.CLP.Z.Z.Z.Z.05.0.M,2026-08-21T23:56:03+00:00,102,2018-01-01,2026-06-01,M,05,
F035.CVRV.FLU.Z.CLP.Z.Z.Z.Z.05.0.M,2026-08-21T23:56:03+00:00,102,2018-01-01,2026-06-01,M,05,
F035.CVRVITA.FLU.Z.CLP.Z.Z.Z.Z.05.0.M,2026-08-21T23:56:03+00:00,102,2018-01-01,2026-06-01,M,05,
F035.CVRVITE.FLU.Z.CLP.Z.Z.Z.Z.05.0.M,2026-08-21T23:56:03+00:00,102,2018-01-01,2026-06-01,M,05,
F035.NFRC.FLU.Z.N.Z.Z.Z.Z.05.0.M,2026-08-21T23:56:03+00:00,102,2018-01-01,2026-06-01,M,05,
F035.NFRCITA.FLU.Z.N.Z.Z.Z.Z.05.0.M,2026-08-21T23:56:03+00:00,102,2018-01-01,2026-06-01,M,05,
F035.NFRCITE.FLU.Z.N.Z.Z.Z.Z.05.0.M,2026-08-21T23:56:03+00:00,102,2018-01-01,2026-06-01,M,05,
F035.NFRV.FLU.Z.N.Z.Z.Z.Z.05.0.M,2026-08-21T23:56:03+00:00,102,2018-01-01,2026-06-01,M,05,
F035.NFRVITA.FLU.Z.N.Z.Z.Z.Z.05.0.M,2026-08-21T23:56:03+00:00,102,2018-01-01,2026-06-01,M,05,
F035.NFRVITE.FLU.Z.N.Z.Z.Z.Z.05.0.M,2026-08-21T23:56:03+00:00,102,2018-01-01,2026-06-01,M,05,
F049.DES.TAS.INE2.15.M,2026-08-21T23:56:03+00:00,106,2010-03-01,2018-12-01,M,05,
F049.DES.TAS.INE9.15.M,2026-08-21T23:56:04+00:00,196,2010-03-01,2026-06-01,M,05,
F049.FTR.STO.INE9.RVA.M,2026-08-21T23:56:04+00:00,196,2010-03-01,2026-06-01,M,05,
F049.OCU.PMT.INE9.15.M,2026-08-21T23:56:04+00:00,196,2010-03-01,2026-06-01,M,05,
F022.CCPELI.STO.Z.Z.Z.M,2026-08-21T23:56:04+00:00,210,2009-01-01,2026-06-01,M,06,
F022.CCPNLI.STO.Z.Z.Z.M,2026-08-21T23:56:04+00:00,210,2009-01-01,2026-06-01,M,06,
F022.DCM90LI.TAS.Z.Z.Z.M,2026-08-21T23:56:04+00:00,221,2008-01-01,2026-05-01,M,06,
F022.DCS90LI.TAS.Z.Z.Z.M,2026-08-21T23:56:04+00:00,221,2008-01-01,2026-05-01,M,06,
F022.DV90LI.TAS.Z.Z.Z.M,2026-08-21T23:56:04+00:00,221,2008-01-01,2026-05-01,M,06,
F022.SCCPELI.STO.Z.Z.CLP.M,2026-08-21T23:56:04+00:00,210,2009-01-01,2026-06-01,M,06,
F022.SCCPNLI.STO.Z.Z.CLP.M,2026-08-21T23:56:04+00:00,210,2009-01-01,2026-06-01,M,06,
F022.SDVLI.STO.Z.Z.CLP.M,2026-08-21T23:56:04+00:00,222,2008-01-01,2026-06-01,M,06,
F034.CEYSLI.FLU.MEFT.Z.0.M,2026-08-21T23:56:04+00:00,158,2013-05-01,2026-06-01,M,06,
F034.CTAPLI.STO.INE.Z.0.M,2026-08-21T23:56:04+00:00,149,2014-01-01,2026-05-01,M,06,
F034.ETADRLI.STO.INE.HIST17.0.M,2026-08-21T23:56:04+00:00,119,2016-07-01,2026-05-01,M,06,
F034.ETEMLI.STO.INE.HIST17.0.M,2026-08-21T23:56:04+00:00,119,2016-07-01,2026-05-01,M,06,
F034.ETLLI.FLU.INE.HIST17.0.M,2026-08-21T23:56:04+00:00,119,2016-07-01,2026-05-01,M,06,
F034.ETOPLI.TAS.INE.HIST17.0.M,2026-08-21T23:56:04+00:00,119,2016-07-01,2026-05-01,M,06,
F034.ETPLI.FLU.INE.HIST17.0.M,2026-08-21T23:56:04+00:00,119,2016-07-01,2026-05-01,M,06,
F034.ETRPLI.STO.INE.HIST17.0.M,2026-08-21T23:56:04+00:00,119,2016-07-01,2026-05-01,M,06,
F034.ETTOHLI.TAS.INE.HIST17.0.M,2026-08-21T23:56:04+00:00,119,2016-07-01,2026-05-01,M,06,
F034.GEELI.FLU.INE.Z.0.M,2026-08-21T23:56:04+00:00,149,2014-01-01,2026-05-01,M,06,
F034.INDPMLI.IND.INE.2014.0.M,2026-08-21T23:56:04+00:00,149,2014-01-01,2026-05-01,M,06,
F034.ISUPNELI.STO.INE.Z.0.M,2026-08-21T23:56:04+00:00,149,2014-01-01,2026-05-01,M,06,
F034.ISUPPCLI.IND.INE.2014.0.M,2026-08-21T23:56:04+00:00,149,2014-01-01,2026-05-01,M,06,
F034.ISUPSELI.STO.INE.Z.0.M,2026-08-21T23:56:04+00:00,149,2014-01-01,2026-05-01,M,06,
F034.ISUPVPCLI.FLU.INE.Z.0.M,2026-08-21T23:56:04+00:00,149,2014-01-01,2026-05-01,M,06,
F034.NVALI.FLU.INE.Z.0.M,2026-08-21T23:56:04+00:00,149,2014-01-01,2026-05-01,M,06,
F034.PVBLI.STO.INE.Z.0.M,2026-08-21T23:56:04+00:00,145,2014-03-01,2026-03-01,M,06,
F034.PVELI.STO.INE.Z.0.M,2026-08-21T23:56:04+00:00,145,2014-03-01,2026-03-01,M,06,
F034.PVMBLI.STO.INE.Z.0.M,2026-08-21T23:56:04+00:00,145,2014-03-01,2026-03-01,M,06,
F034.PVTLI.STO.INE.Z.0.M,2026-08-21T23:56:04+00:00,145,2014-03-01,2026-03-01,M,06,
F034.SAHLI.FLU.INE.Z.0.M,2026-08-21T23:56:04+00:00,149,2014-01-01,2026-05-01,M,06,
F034.SANHLI.FLU.INE.Z.0.M,2026-08-21T23:56:04+00:00,149,2014-01-01,2026-05-01,M,06,
F035.CVRC.FLU.Z.CLP.Z.Z.Z.Z.06.0.M,2026-08-21T23:56:04+00:00,102,2018-01-01,2026-06-01,M,06,
F035.CVRCITA.FLU.Z.CLP.Z.Z.Z.Z.06.0.M,2026-08-21T23:56:05+00:00,102,2018-01-01,2026-06-01,M,06,
F035.CVRCITE.FLU.Z.CLP.Z.Z.Z.Z.06.0.M,2026-08-21T23:56:05+00:00,102,2018-01-01,2026-06-01,M,06,
F035.CVRV.FLU.Z.CLP.Z.Z.Z.Z.06.0.M,2026-08-21T23:56:05+00:00,102,2018-01-01,2026-06-01,M,06,
F035.CVRVITA.FLU.Z.CLP.Z.Z.Z.Z.06.0.M,2026-08-21T23:56:05+00:00,102,2018-01-01,2026-06-01,M,06,
F035.CVRVITE.FLU.Z.CLP.Z.Z.Z.Z.06.0.M,2026-08-21T23:56:05+00:00,102,2018-01-01,2026-06-01,M,06,
F035.NFRC.FLU.Z.N.Z.Z.Z.Z.06.0.M,2026-08-21T23:56:05+00:00,102,2018-01-01,2026-06-01,M,06,
F035.NFRCITA.FLU.Z.N.Z.Z.Z.Z.06.0.M,2026-08-21T23:56:05+00:00,102,2018-01-01,2026-06-01,M,06,
F035.NFRCITE.FLU.Z.N.Z.Z.Z.Z.06.0.M,2026-08-21T23:56:05+00:00,102,2018-01-01,2026-06-01,M,06,
F035.NFRV.FLU.Z.N.Z.Z.Z.Z.06.0.M,2026-08-21T23:56:05+00:00,102,2018-01-01,2026-06-01,M,06,
F035.NFRVITA.FLU.Z.N.Z.Z.Z.Z.06.0.M,2026-08-21T23:56:05+00:00,102,2018-01-01,2026-06-01,M,06,
F035.NFRVITE.FLU.Z.N.Z.Z.Z.Z.06.0.M,2026-08-21T23:56:05+00:00,102,2018-01-01,2026-06-01,M,06,
F049.DES.TAS.INE2.16.M,2026-08-21T23:56:05+00:00,106,2010-03-01,2018-12-01,M,06,
F049.DES.TAS.INE9.16.M,2026-08-21T23:56:05+00:00,196,2010-03-01,2026-06-01,M,06,
F049.FTR.STO.INE9.RLI.M,2026-08-21T23:56:05+00:00,196,2010-03-01,2026-06-01,M,06,
F049.OCU.PMT.INE9.16.M,2026-08-21T23:56:05+00:00,196,2010-03-01,2026-06-01,M,06,
F022.CCPEML.STO.Z.Z.Z.M,2026-08-21T23:56:05+00:00,210,2009-01-01,2026-06-01,M,07,
F022.CCPNML.STO.Z.Z.Z.M,2026-08-21T23:56:05+00:00,210,2009-01-01,2026-06-01,M,07,
F022.DCM90ML.TAS.Z.Z.Z.M,2026-08-21T23:56:05+00:00,221,2008-01-01,2026-05-01,M,07,
F022.DCS90ML.TAS.Z.Z.Z.M,2026-08-21T23:56:05+00:00,221,2008-01-01,2026-05-01,M,07,
F022.DV90ML.TAS.Z.Z.Z.M,2026-08-21T23:56:05+00:00,221,2008-01-01,2026-05-01,M,07,
F022.SCCPEML.STO.Z.Z.CLP.M,2026-08-21T23:56:05+00:00,210,2009-01-01,2026-06-01,M,07,
F022.SCCPNML.STO.Z.Z.CLP.M,2026-08-21T23:56:05+00:00,210,2009-01-01,2026-06-01,M,07,
F022.SDVML.STO.Z.Z.CLP.M,2026-08-21T23:56:05+00:00,222,2008-01-01,2026-06-01,M,07,
F034.CEYSML.FLU.MEFT.Z.0.M,2026-08-21T23:56:05+00:00,158,2013-05-01,2026-06-01,M,07,
F034.CTAPML.STO.INE.Z.0.M,2026-08-21T23:56:05+00:00,149,2014-01-01,2026-05-01,M,07,
F034.DEEML.FLU.INE.Z.0.M,2026-08-21T23:56:05+00:00,149,2014-01-01,2026-05-01,M,07,
F034.ETADRML.STO.INE.HIST17.0.M,2026-08-21T23:56:05+00:00,119,2016-07-01,2026-05-01,M,07,
F034.ETEMML.STO.INE.HIST17.0.M,2026-08-21T23:56:05+00:00,119,2016-07-01,2026-05-01,M,07,
F034.ETLML.FLU.INE.HIST17.0.M,2026-08-21T23:56:05+00:00,119,2016-07-01,2026-05-01,M,07,
F034.ETOPML.TAS.INE.HIST17.0.M,2026-08-21T23:56:05+00:00,119,2016-07-01,2026-05-01,M,07,
F034.ETPML.FLU.INE.HIST17.0.M,2026-08-21T23:56:05+00:00,119,2016-07-01,2026-05-01,M,07,
F034.ETRPML.STO.INE.HIST17.0.M,2026-08-21T23:56:05+00:00,119,2016-07-01,2026-05-01,M,07,
F034.ETTOHML.TAS.INE.HIST17.0.M,2026-08-21T23:56:05+00:00,119,2016-07-01,2026-05-01,M,07,
F034.GEEML.FLU.INE.Z.0.M,2026-08-21T23:56:05+00:00,149,2014-01-01,2026-05-01,M,07,
F034.ISUPNEML.STO.INE.Z.0.M,2026-08-21T23:56:05+00:00,148,2014-01-01,2026-04-01,M,07,
F034.ISUPPCML.IND.INE.2014.0.M,2026-08-21T23:56:05+00:00,148,2014-01-01,2026-04-01,M,07,
F034.ISUPSEML.STO.INE.Z.0.M,2026-08-21T23:56:05+00:00,148,2014-01-01,2026-04-01,M,07,
F034.ISUPVPCML.FLU.INE.Z.0.M,2026-08-21T23:56:05+00:00,148,2014-01-01,2026-04-01,M,07,
F034.NVAML.FLU.INE.Z.0.M,2026-08-21T23:56:06+00:00,149,2014-01-01,2026-05-01,M,07,
F034.PVBML.STO.INE.Z.0.M,2026-08-21T23:56:06+00:00,145,2014-03-01,2026-03-01,M,07,
F034.PVEML.STO.INE.Z.0.M,2026-08-21T23:56:06+00:00,145,2014-03-01,2026-03-01,M,07,
F034.PVTML.STO.INE.Z.0.M,2026-08-21T23:56:06+00:00,145,2014-03-01,2026-03-01,M,07,
F034.SAHML.FLU.INE.Z.0.M,2026-08-21T23:56:06+00:00,149,2014-01-01,2026-05-01,M,07,
F034.SANHML.FLU.INE.Z.0.M,2026-08-21T23:56:06+00:00,149,2014-01-01,2026-05-01,M,07,
F035.CVRC.FLU.Z.CLP.Z.Z.Z.Z.07.0.M,2026-08-21T23:56:06+00:00,102,2018-01-01,2026-06-01,M,07,
F035.CVRCITA.FLU.Z.CLP.Z.Z.Z.Z.07.0.M,2026-08-21T23:56:06+00:00,102,2018-01-01,2026-06-01,M,07,
F035.CVRCITE.FLU.Z.CLP.Z.Z.Z.Z.07.0.M,2026-08-21T23:56:06+00:00,102,2018-01-01,2026-06-01,M,07,
F035.CVRV.FLU.Z.CLP.Z.Z.Z.Z.07.0.M,2026-08-21T23:56:06+00:00,102,2018-01-01,2026-06-01,M,07,
F035.CVRVITA.FLU.Z.CLP.Z.Z.Z.Z.07.0.M,2026-08-21T23:56:06+00:00,102,2018-01-01,2026-06-01,M,07,
F035.CVRVITE.FLU.Z.CLP.Z.Z.Z.Z.07.0.M,2026-08-21T23:56:06+00:00,102,2018-01-01,2026-06-01,M,07,
F035.NFRC.FLU.Z.N.Z.Z.Z.Z.07.0.M,2026-08-21T23:56:06+00:00,102,2018-01-01,2026-06-01,M,07,
F035.NFRCITA.FLU.Z.N.Z.Z.Z.Z.07.0.M,2026-08-21T23:56:06+00:00,102,2018-01-01,2026-06-01,M,07,
F035.NFRCITE.FLU.Z.N.Z.Z.Z.Z.07.0.M,2026-08-21T23:56:06+00:00,102,2018-01-01,2026-06-01,M,07,
F035.NFRV.FLU.Z.N.Z.Z.Z.Z.07.0.M,2026-08-21T23:56:06+00:00,102,2018-01-01,2026-06-01,M,07,
F035.NFRVITA.FLU.Z.N.Z.Z.Z.Z.07.0.M,2026-08-21T23:56:06+00:00,102,2018-01-01,2026-06-01,M,07,
F035.NFRVITE.FLU.Z.N.Z.Z.Z.Z.07.0.M,2026-08-21T23:56:06+00:00,102,2018-01-01,2026-06-01,M,07,
F049.DES.TAS.INE2.17.M,2026-08-21T23:56:06+00:00,106,2010-03-01,2018-12-01,M,07,
F049.DES.TAS.INE9.17.M,2026-08-21T23:56:06+00:00,196,2010-03-01,2026-06-01,M,07,
F049.FTR.STO.INE9.RML.M,2026-08-21T23:56:06+00:00,196,2010-03-01,2026-06-01,M,07,
F049.OCU.PMT.INE9.17.M,2026-08-21T23:56:06+00:00,196,2010-03-01,2026-06-01,M,07,
F022.CCPEBI.STO.Z.Z.Z.M,2026-08-21T23:56:06+00:00,210,2009-01-01,2026-06-01,M,08,
F022.CCPNBI.STO.Z.Z.Z.M,2026-08-21T23:56:06+00:00,210,2009-01-01,2026-06-01,M,08,
F022.DCM90BI.TAS.Z.Z.Z.M,2026-08-21T23:56:06+00:00,221,2008-01-01,2026-05-01,M,08,
F022.DCS90BI.TAS.Z.Z.Z.M,2026-08-21T23:56:06+00:00,221,2008-01-01,2026-05-01,M,08,
F022.DV90BI.TAS.Z.Z.Z.M,2026-08-21T23:56:06+00:00,221,2008-01-01,2026-05-01,M,08,
F022.SCCPEBI.STO.Z.Z.CLP.M,2026-08-21T23:56:06+00:00,210,2009-01-01,2026-06-01,M,08,
F022.SCCPNBI.STO.Z.Z.CLP.M,2026-08-21T23:56:06+00:00,210,2009-01-01,2026-06-01,M,08,
F022.SDVBI.STO.Z.Z.CLP.M,2026-08-21T23:56:06+00:00,222,2008-01-01,2026-06-01,M,08,
F034.CECECBI.STO.INE.Z.0.M,2026-08-21T23:56:06+00:00,148,2014-01-01,2026-04-01,M,08,
F034.CECELGBI.STO.INE.Z.0.M,2026-08-21T23:56:06+00:00,148,2014-01-01,2026-04-01,M,08,
F034.CECESBI.STO.INE.Z.0.M,2026-08-21T23:56:06+00:00,148,2014-01-01,2026-04-01,M,08,
F034.CECESGBI.STO.INE.Z.0.M,2026-08-21T23:56:06+00:00,148,2014-01-01,2026-04-01,M,08,
F034.CEYSBI.FLU.MEFT.Z.0.M,2026-08-21T23:56:06+00:00,158,2013-05-01,2026-06-01,M,08,
F034.CMP20BI.STO.INE.Z.0.M,2026-08-21T23:56:06+00:00,148,2014-01-01,2026-04-01,M,08,
F034.CMP40BI.STO.INE.Z.0.M,2026-08-21T23:56:06+00:00,148,2014-01-01,2026-04-01,M,08,
F034.CTAPBI.STO.INE.Z.0.M,2026-08-21T23:56:07+00:00,142,2014-01-01,2025-10-01,M,08,
F034.DARTBI.STO.INE.Z.0.M,2026-08-21T23:56:07+00:00,149,2014-01-01,2026-05-01,M,08,
F034.DEEBI.FLU.INE.Z.0.M,2026-08-21T23:56:07+00:00,149,2014-01-01,2026-05-01,M,08,
F034.DINDBI.STO.INE.Z.0.M,2026-08-21T23:56:07+00:00,149,2014-01-01,2026-05-01,M,08,
F034.ETADRBI.STO.INE.HIST17.0.M,2026-08-21T23:56:07+00:00,119,2016-07-01,2026-05-01,M,08,
F034.ETEMBI.STO.INE.HIST17.0.M,2026-08-21T23:56:07+00:00,119,2016-07-01,2026-05-01,M,08,
F034.ETLBI.FLU.INE.HIST17.0.M,2026-08-21T23:56:07+00:00,119,2016-07-01,2026-05-01,M,08,
F034.ETOPBI.TAS.INE.HIST17.0.M,2026-08-21T23:56:07+00:00,119,2016-07-01,2026-05-01,M,08,
F034.ETPBI.FLU.INE.HIST17.0.M,2026-08-21T23:56:07+00:00,119,2016-07-01,2026-05-01,M,08,
F034.ETRPBI.STO.INE.HIST17.0.M,2026-08-21T23:56:07+00:00,119,2016-07-01,2026-05-01,M,08,
F034.ETTOHBI.TAS.INE.HIST17.0.M,2026-08-21T23:56:07+00:00,119,2016-07-01,2026-05-01,M,08,
F034.GEEBI.FLU.INE.Z.0.M,2026-08-21T23:56:07+00:00,149,2014-01-01,2026-05-01,M,08,
F034.INDPMBI.IND.INE.2014.0.M,2026-08-21T23:56:07+00:00,149,2014-01-01,2026-05-01,M,08,
F034.ISUPNEBI.STO.INE.Z.0.M,2026-08-21T23:56:07+00:00,149,2014-01-01,2026-05-01,M,08,
F034.ISUPPCBI.IND.INE.2014.0.M,2026-08-21T23:56:07+00:00,149,2014-01-01,2026-05-01,M,08,
F034.ISUPSEBI.STO.INE.Z.0.M,2026-08-21T23:56:07+00:00,149,2014-01-01,2026-05-01,M,08,
F034.ISUPVPCBI.FLU.INE.Z.0.M,2026-08-21T23:56:07+00:00,149,2014-01-01,2026-05-01,M,08,
F034.MCPCBI.FLU.INE.Z.0.M,2026-08-21T23:56:07+00:00,148,2014-01-01,2026-04-01,M,08,
F034.MCPDEBI.FLU.INE.Z.0.M,2026-08-21T23:56:07+00:00,148,2014-01-01,2026-04-01,M,08,
F034.MCPEEBI.FLU.INE.Z.0.M,2026-08-21T23:56:07+00:00,148,2014-01-01,2026-04-01,M,08,
F034.MCPRTBI.FLU.INE.Z.0.M,2026-08-21T23:56:07+00:00,148,2014-01-01,2026-04-01,M,08,
F034.NVABI.FLU.INE.Z.0.M,2026-08-21T23:56:07+00:00,149,2014-01-01,2026-05-01,M,08,
F034.PVBBI.STO.INE.Z.0.M,2026-08-21T23:56:07+00:00,145,2014-03-01,2026-03-01,M,08,
F034.PVEBI.STO.INE.Z.0.M,2026-08-21T23:56:07+00:00,145,2014-03-01,2026-03-01,M,08,
F034.PVPPAIBI.STO.INE.Z.0.M,2026-08-21T23:56:07+00:00,148,2014-01-01,2026-04-01,M,08,
F034.PVTBI.STO.INE.Z.0.M,2026-08-21T23:56:07+00:00,145,2014-03-01,2026-03-01,M,08,
F034.SAHBI.FLU.INE.Z.0.M,2026-08-21T23:56:07+00:00,149,2014-01-01,2026-05-01,M,08,
F034.SANHBI.FLU.INE.Z.0.M,2026-08-21T23:56:07+00:00,149,2014-01-01,2026-05-01,M,08,
F035.CVRC.FLU.Z.CLP.Z.Z.Z.Z.08.0.M,2026-08-21T23:56:07+00:00,102,2018-01-01,2026-06-01,M,08,
F035.CVRCITA.FLU.Z.CLP.Z.Z.Z.Z.08.0.M,2026-08-21T23:56:07+00:00,102,2018-01-01,2026-06-01,M,08,
F035.CVRCITE.FLU.Z.CLP.Z.Z.Z.Z.08.0.M,2026-08-21T23:56:07+00:00,102,2018-01-01,2026-06-01,M,08,
F035.CVRV.FLU.Z.CLP.Z.Z.Z.Z.08.0.M,2026-08-21T23:56:07+00:00,102,2018-01-01,2026-06-01,M,08,
F035.CVRVITA.FLU.Z.CLP.Z.Z.Z.Z.08.0.M,2026-08-21T23:56:07+00:00,102,2018-01-01,2026-06-01,M,08,
F035.CVRVITE.FLU.Z.CLP.Z.Z.Z.Z.08.0.M,2026-08-21T23:56:07+00:00,102,2018-01-01,2026-06-01,M,08,
F035.NFRC.FLU.Z.N.Z.Z.Z.Z.08.0.M,2026-08-21T23:56:08+00:00,102,2018-01-01,2026-06-01,M,08,
F035.NFRCITA.FLU.Z.N.Z.Z.Z.Z.08.0.M,2026-08-21T23:56:08+00:00,102,2018-01-01,2026-06-01,M,08,
F035.NFRCITE.FLU.Z.N.Z.Z.Z.Z.08.0.M,2026-08-21T23:56:08+00:00,102,2018-01-01,2026-06-01,M,08,
F035.NFRV.FLU.Z.N.Z.Z.Z.Z.08.0.M,2026-08-21T23:56:08+00:00,102,2018-01-01,2026-06-01,M,08,
F035.NFRVITA.FLU.Z.N.Z.Z.Z.Z.08.0.M,2026-08-21T23:56:08+00:00,102,2018-01-01,2026-06-01,M,08,
F035.NFRVITE.FLU.Z.N.Z.Z.Z.Z.08.0.M,2026-08-21T23:56:08+00:00,102,2018-01-01,2026-06-01,M,08,
F049.DES.TAS.INE2.18.M,2026-08-21T23:56:08+00:00,106,2010-03-01,2018-12-01,M,08,
F049.DES.TAS.INE9.18N.M,2026-08-21T23:56:08+00:00,196,2010-03-01,2026-06-01,M,08,
F049.FTR.STO.INE9.RBI.M,2026-08-21T23:56:08+00:00,196,2010-03-01,2026-06-01,M,08,
F049.OCU.PMT.INE9.18N.M,2026-08-21T23:56:08+00:00,196,2010-03-01,2026-06-01,M,08,
F022.CCPEAR.STO.Z.Z.Z.M,2026-08-21T23:56:08+00:00,210,2009-01-01,2026-06-01,M,09,
F022.CCPNAR.STO.Z.Z.Z.M,2026-08-21T23:56:08+00:00,210,2009-01-01,2026-06-01,M,09,
F022.DCM90AR.TAS.Z.Z.Z.M,2026-08-21T23:56:08+00:00,221,2008-01-01,2026-05-01,M,09,
F022.DCS90AR.TAS.Z.Z.Z.M,2026-08-21T23:56:08+00:00,221,2008-01-01,2026-05-01,M,09,
F022.DV90AR.TAS.Z.Z.Z.M,2026-08-21T23:56:08+00:00,221,2008-01-01,2026-05-01,M,09,
F022.SCCPEAR.STO.Z.Z.CLP.M,2026-08-21T23:56:08+00:00,210,2009-01-01,2026-06-01,M,09,
F022.SCCPNAR.STO.Z.Z.CLP.M,2026-08-21T23:56:08+00:00,210,2009-01-01,2026-06-01,M,09,
F022.SDVAR.STO.Z.Z.CLP.M,2026-08-21T23:56:08+00:00,222,2008-01-01,2026-06-01,M,09,
F034.CEYSAR.FLU.MEFT.Z.0.M,2026-08-21T23:56:08+00:00,158,2013-05-01,2026-06-01,M,09,
F034.CTAPAR.STO.INE.Z.0.M,2026-08-21T23:56:08+00:00,144,2014-01-01,2025-12-01,M,09,
F034.DEEAR.FLU.INE.Z.0.M,2026-08-21T23:56:08+00:00,149,2014-01-01,2026-05-01,M,09,
F034.ETADRAR.STO.INE.HIST17.0.M,2026-08-21T23:56:08+00:00,119,2016-07-01,2026-05-01,M,09,
F034.ETEMAR.STO.INE.HIST17.0.M,2026-08-21T23:56:08+00:00,119,2016-07-01,2026-05-01,M,09,
F034.ETLAR.FLU.INE.HIST17.0.M,2026-08-21T23:56:08+00:00,119,2016-07-01,2026-05-01,M,09,
F034.ETOPAR.TAS.INE.HIST17.0.M,2026-08-21T23:56:08+00:00,119,2016-07-01,2026-05-01,M,09,
F034.ETPAR.FLU.INE.HIST17.0.M,2026-08-21T23:56:08+00:00,119,2016-07-01,2026-05-01,M,09,
F034.ETRPAR.STO.INE.HIST17.0.M,2026-08-21T23:56:08+00:00,119,2016-07-01,2026-05-01,M,09,
F034.ETTOHAR.TAS.INE.HIST17.0.M,2026-08-21T23:56:08+00:00,119,2016-07-01,2026-05-01,M,09,
F034.GEEAR.FLU.INE.Z.0.M,2026-08-21T23:56:08+00:00,149,2014-01-01,2026-05-01,M,09,
F034.INDPMAR.IND.INE.2014.0.M,2026-08-21T23:56:08+00:00,149,2014-01-01,2026-05-01,M,09,
F034.ISUPNEAR.STO.INE.Z.0.M,2026-08-21T23:56:08+00:00,149,2014-01-01,2026-05-01,M,09,
F034.ISUPPCAR.IND.INE.2014.0.M,2026-08-21T23:56:08+00:00,149,2014-01-01,2026-05-01,M,09,
F034.ISUPSEAR.STO.INE.Z.0.M,2026-08-21T23:56:08+00:00,149,2014-01-01,2026-05-01,M,09,
F034.ISUPVPCAR.FLU.INE.Z.0.M,2026-08-21T23:56:08+00:00,149,2014-01-01,2026-05-01,M,09,
F034.NVAAR.FLU.INE.Z.0.M,2026-08-21T23:56:08+00:00,149,2014-01-01,2026-05-01,M,09,
F034.PVBAR.STO.INE.Z.0.M,2026-08-21T23:56:09+00:00,145,2014-03-01,2026-03-01,M,09,
F034.PVEAR.STO.INE.Z.0.M,2026-08-21T23:56:09+00:00,145,2014-03-01,2026-03-01,M,09,
F034.PVTAR.STO.INE.Z.0.M,2026-08-21T23:56:09+00:00,145,2014-03-01,2026-03-01,M,09,
F034.SAHAR.FLU.INE.Z.0.M,2026-08-21T23:56:09+00:00,149,2014-01-01,2026-05-01,M,09,
F034.SANHAR.FLU.INE.Z.0.M,2026-08-21T23:56:09+00:00,149,2014-01-01,2026-05-01,M,09,
F035.CVRC.FLU.Z.CLP.Z.Z.Z.Z.09.0.M,2026-08-21T23:56:09+00:00,102,2018-01-01,2026-06-01,M,09,
F035.CVRCITA.FLU.Z.CLP.Z.Z.Z.Z.09.0.M,2026-08-21T23:56:09+00:00,102,2018-01-01,2026-06-01,M,09,
F035.CVRCITE.FLU.Z.CLP.Z.Z.Z.Z.09.0.M,2026-08-21T23:56:09+00:00,102,2018-01-01,2026-06-01,M,09,
F035.CVRV.FLU.Z.CLP.Z.Z.Z.Z.09.0.M,2026-08-21T23:56:09+00:00,102,2018-01-01,2026-06-01,M,09,
F035.CVRVITA.FLU.Z.CLP.Z.Z.Z.Z.09.0.M,2026-08-21T23:56:09+00:00,102,2018-01-01,2026-06-01,M,09,
F035.CVRVITE.FLU.Z.CLP.Z.Z.Z.Z.09.0.M,2026-08-21T23:56:09+00:00,102,2018-01-01,2026-06-01,M,09,
F035.NFRC.FLU.Z.N.Z.Z.Z.Z.09.0.M,2026-08-21T23:56:09+00:00,102,2018-01-01,2026-06-01,M,09,
F035.NFRCITA.FLU.Z.N.Z.Z.Z.Z.09.0.M,2026-08-21T23:56:09+00:00,102,2018-01-01,2026-06-01,M,09,
F035.NFRCITE.FLU.Z.N.Z.Z.Z.Z.09.0.M,2026-08-21T23:56:09+00:00,102,2018-01-01,2026-06-01,M,09,
F035.NFRV.FLU.Z.N.Z.Z.Z.Z.09.0.M,2026-08-21T23:56:09+00:00,102,2018-01-01,2026-06-01,M,09,
F035.NFRVITA.FLU.Z.N.Z.Z.Z.Z.09.0.M,2026-08-21T23:56:09+00:00,102,2018-01-01,2026-06-01,M,09,
F035.NFRVITE.FLU.Z.N.Z.Z.Z.Z.09.0.M,2026-08-21T23:56:09+00:00,102,2018-01-01,2026-06-01,M,09,
F049.DES.TAS.INE2.19.M,2026-08-21T23:56:09+00:00,106,2010-03-01,2018-12-01,M,09,
F049.DES.TAS.INE9.19.M,2026-08-21T23:56:09+00:00,196,2010-03-01,2026-06-01,M,09,
F049.FTR.STO.INE9.RAR.M,2026-08-21T23:56:09+00:00,196,2010-03-01,2026-06-01,M,09,
F049.OCU.PMT.INE9.19.M,2026-08-21T23:56:09+00:00,196,2010-03-01,2026-06-01,M,09,
F022.CCPELL.STO.Z.Z.Z.M,2026-08-21T23:56:09+00:00,210,2009-01-01,2026-06-01,M,10,
F022.CCPNLL.STO.Z.Z.Z.M,2026-08-21T23:56:09+00:00,210,2009-01-01,2026-06-01,M,10,
F022.DCM90LL.TAS.Z.Z.Z.M,2026-08-21T23:56:09+00:00,221,2008-01-01,2026-05-01,M,10,
F022.DCS90LL.TAS.Z.Z.Z.M,2026-08-21T23:56:09+00:00,221,2008-01-01,2026-05-01,M,10,
F022.DV90LL.TAS.Z.Z.Z.M,2026-08-21T23:56:09+00:00,221,2008-01-01,2026-05-01,M,10,
F022.SCCPELL.STO.Z.Z.CLP.M,2026-08-21T23:56:09+00:00,210,2009-01-01,2026-06-01,M,10,
F022.SCCPNLL.STO.Z.Z.CLP.M,2026-08-21T23:56:09+00:00,210,2009-01-01,2026-06-01,M,10,
F022.SDVLL.STO.Z.Z.CLP.M,2026-08-21T23:56:09+00:00,222,2008-01-01,2026-06-01,M,10,
F034.CEYSLL.FLU.MEFT.Z.0.M,2026-08-21T23:56:09+00:00,158,2013-05-01,2026-06-01,M,10,
F034.DARTLL.STO.INE.Z.0.M,2026-08-21T23:56:09+00:00,147,2014-01-01,2026-03-01,M,10,
F034.ETADRLL.STO.INE.HIST17.0.M,2026-08-21T23:56:09+00:00,149,2014-01-01,2026-05-01,M,10,
F034.ETEMLL.STO.INE.HIST17.0.M,2026-08-21T23:56:09+00:00,149,2014-01-01,2026-05-01,M,10,
F034.ETLLL.FLU.INE.HIST17.0.M,2026-08-21T23:56:09+00:00,149,2014-01-01,2026-05-01,M,10,
F034.ETOPLL.TAS.INE.HIST17.0.M,2026-08-21T23:56:09+00:00,149,2014-01-01,2026-05-01,M,10,
F034.ETPLL.FLU.INE.HIST17.0.M,2026-08-21T23:56:09+00:00,149,2014-01-01,2026-05-01,M,10,
F034.ETRPLL.STO.INE.HIST17.0.M,2026-08-21T23:56:10+00:00,149,2014-01-01,2026-05-01,M,10,
F034.ETTOHLL.TAS.INE.HIST17.0.M,2026-08-21T23:56:10+00:00,149,2014-01-01,2026-05-01,M,10,
F034.GEELL.FLU.INE.Z.0.M,2026-08-21T23:56:10+00:00,149,2014-01-01,2026-05-01,M,10,
F034.ISUPNELL.STO.INE.Z.0.M,2026-08-21T23:56:10+00:00,149,2014-01-01,2026-05-01,M,10,
F034.ISUPPCLL.IND.INE.2014.0.M,2026-08-21T23:56:10+00:00,149,2014-01-01,2026-05-01,M,10,
F034.ISUPSELL.STO.INE.Z.0.M,2026-08-21T23:56:10+00:00,149,2014-01-01,2026-05-01,M,10,
F034.ISUPVPCLL.FLU.INE.Z.0.M,2026-08-21T23:56:10+00:00,149,2014-01-01,2026-05-01,M,10,
F034.LRECLL.STO.INE.Z.0.M,2026-08-21T23:56:10+00:00,144,2014-01-01,2025-12-01,M,10,
F034.NVALL.FLU.INE.Z.0.M,2026-08-21T23:56:10+00:00,149,2014-01-01,2026-05-01,M,10,
F034.PVBLL.STO.INE.Z.0.M,2026-08-21T23:56:10+00:00,147,2014-01-01,2026-03-01,M,10,
F034.PVELL.STO.INE.Z.0.M,2026-08-21T23:56:10+00:00,147,2014-01-01,2026-03-01,M,10,
F034.PVMBLL.STO.INE.Z.0.M,2026-08-21T23:56:10+00:00,147,2014-01-01,2026-03-01,M,10,
F034.PVTLL.STO.INE.Z.0.M,2026-08-21T23:56:10+00:00,147,2014-01-01,2026-03-01,M,10,
F034.SAHLL.FLU.INE.Z.0.M,2026-08-21T23:56:10+00:00,149,2014-01-01,2026-05-01,M,10,
F034.SANHLL.FLU.INE.Z.0.M,2026-08-21T23:56:10+00:00,149,2014-01-01,2026-05-01,M,10,
F035.CVRC.FLU.Z.CLP.Z.Z.Z.Z.10.0.M,2026-08-21T23:56:10+00:00,102,2018-01-01,2026-06-01,M,10,
F035.CVRCITA.FLU.Z.CLP.Z.Z.Z.Z.10.0.M,2026-08-21T23:56:10+00:00,102,2018-01-01,2026-06-01,M,10,
F035.CVRCITE.FLU.Z.CLP.Z.Z.Z.Z.10.0.M,2026-08-21T23:56:10+00:00,102,2018-01-01,2026-06-01,M,10,
F035.CVRV.FLU.Z.CLP.Z.Z.Z.Z.10.0.M,2026-08-21T23:56:10+00:00,102,2018-01-01,2026-06-01,M,10,
F035.CVRVITA.FLU.Z.CLP.Z.Z.Z.Z.10.0.M,2026-08-21T23:56:10+00:00,102,2018-01-01,2026-06-01,M,10,
F035.CVRVITE.FLU.Z.CLP.Z.Z.Z.Z.10.0.M,2026-08-21T23:56:10+00:00,102,2018-01-01,2026-06-01,M,10,
F035.NFRC.FLU.Z.N.Z.Z.Z.Z.10.0.M,2026-08-21T23:56:10+00:00,102,2018-01-01,2026-06-01,M,10,
F035.NFRCITA.FLU.Z.N.Z.Z.Z.Z.10.0.M,2026-08-21T23:56:10+00:00,102,2018-01-01,2026-06-01,M,10,
F035.NFRCITE.FLU.Z.N.Z.Z.Z.Z.10.0.M,2026-08-21T23:56:10+00:00,102,2018-01-01,2026-06-01,M,10,
F035.NFRV.FLU.Z.N.Z.Z.Z.Z.10.0.M,2026-08-21T23:56:10+00:00,102,2018-01-01,2026-06-01,M,10,
F035.NFRVITA.FLU.Z.N.Z.Z.Z.Z.10.0.M,2026-08-21T23:56:10+00:00,102,2018-01-01,2026-06-01,M,10,
F035.NFRVITE.FLU.Z.N.Z.Z.Z.Z.10.0.M,2026-08-21T23:56:10+00:00,102,2018-01-01,2026-06-01,M,10,
F049.DES.TAS.INE2.20.M,2026-08-21T23:56:10+00:00,106,2010-03-01,2018-12-01,M,10,
F049.DES.TAS.INE9.20.M,2026-08-21T23:56:10+00:00,196,2010-03-01,2026-06-01,M,10,
F049.FTR.STO.INE9.RLL.M,2026-08-21T23:56:10+00:00,196,2010-03-01,2026-06-01,M,10,
F049.OCU.PMT.INE9.20.M,2026-08-21T23:56:10+00:00,196,2010-03-01,2026-06-01,M,10,
F022.CCPEAI.STO.Z.Z.Z.M,2026-08-21T23:56:10+00:00,210,2009-01-01,2026-06-01,M,11,
F022.CCPNAI.STO.Z.Z.Z.M,2026-08-21T23:56:10+00:00,210,2009-01-01,2026-06-01,M,11,
F022.DCM90AI.TAS.Z.Z.Z.M,2026-08-21T23:56:10+00:00,221,2008-01-01,2026-05-01,M,11,
F022.DCS90AI.TAS.Z.Z.Z.M,2026-08-21T23:56:11+00:00,221,2008-01-01,2026-05-01,M,11,
F022.DV90AI.TAS.Z.Z.Z.M,2026-08-21T23:56:11+00:00,221,2008-01-01,2026-05-01,M,11,
F022.SCCPEAI.STO.Z.Z.CLP.M,2026-08-21T23:56:11+00:00,210,2009-01-01,2026-06-01,M,11,
F022.SCCPNAI.STO.Z.Z.CLP.M,2026-08-21T23:56:11+00:00,210,2009-01-01,2026-06-01,M,11,
F022.SDVAI.STO.Z.Z.CLP.M,2026-08-21T23:56:11+00:00,222,2008-01-01,2026-06-01,M,11,
F034.CEYSAI.FLU.MEFT.Z.0.M,2026-08-21T23:56:11+00:00,158,2013-05-01,2026-06-01,M,11,
F034.DARTAI.STO.INE.Z.0.M,2026-08-21T23:56:11+00:00,147,2014-01-01,2026-03-01,M,11,
F034.DINDAI.STO.INE.Z.0.M,2026-08-21T23:56:11+00:00,147,2014-01-01,2026-03-01,M,11,
F034.ETADRAI.STO.INE.HIST17.0.M,2026-08-21T23:56:11+00:00,119,2016-07-01,2026-05-01,M,11,
F034.ETEMAI.STO.INE.HIST17.0.M,2026-08-21T23:56:11+00:00,119,2016-07-01,2026-05-01,M,11,
F034.ETLAI.FLU.INE.HIST17.0.M,2026-08-21T23:56:11+00:00,119,2016-07-01,2026-05-01,M,11,
F034.ETOPAI.TAS.INE.HIST17.0.M,2026-08-21T23:56:11+00:00,119,2016-07-01,2026-05-01,M,11,
F034.ETPAI.FLU.INE.HIST17.0.M,2026-08-21T23:56:11+00:00,119,2016-07-01,2026-05-01,M,11,
F034.ETRPAI.STO.INE.HIST17.0.M,2026-08-21T23:56:11+00:00,119,2016-07-01,2026-05-01,M,11,
F034.ETTOHAI.TAS.INE.HIST17.0.M,2026-08-21T23:56:11+00:00,119,2016-07-01,2026-05-01,M,11,
F034.ISUPNEAI.STO.INE.Z.0.M,2026-08-21T23:56:11+00:00,149,2014-01-01,2026-05-01,M,11,
F034.ISUPPCAI.IND.INE.2014.0.M,2026-08-21T23:56:11+00:00,149,2014-01-01,2026-05-01,M,11,
F034.ISUPSEAI.STO.INE.Z.0.M,2026-08-21T23:56:11+00:00,149,2014-01-01,2026-05-01,M,11,
F034.ISUPVPCAI.FLU.INE.Z.0.M,2026-08-21T23:56:11+00:00,149,2014-01-01,2026-05-01,M,11,
F034.NVAAI.FLU.INE.Z.0.M,2026-08-21T23:56:11+00:00,149,2014-01-01,2026-05-01,M,11,
F034.PVBAI.STO.INE.Z.0.M,2026-08-21T23:56:11+00:00,145,2014-03-01,2026-03-01,M,11,
F034.PVEAI.STO.INE.Z.0.M,2026-08-21T23:56:11+00:00,145,2014-03-01,2026-03-01,M,11,
F034.PVMBAI.STO.INE.Z.0.M,2026-08-21T23:56:11+00:00,145,2014-03-01,2026-03-01,M,11,
F034.PVTAI.STO.INE.Z.0.M,2026-08-21T23:56:11+00:00,145,2014-03-01,2026-03-01,M,11,
F034.SAHAI.FLU.INE.Z.0.M,2026-08-21T23:56:11+00:00,149,2014-01-01,2026-05-01,M,11,
F034.SANHAI.FLU.INE.Z.0.M,2026-08-21T23:56:11+00:00,149,2014-01-01,2026-05-01,M,11,
F035.CVRC.FLU.Z.CLP.Z.Z.Z.Z.11.0.M,2026-08-21T23:56:11+00:00,102,2018-01-01,2026-06-01,M,11,
F035.CVRCITA.FLU.Z.CLP.Z.Z.Z.Z.11.0.M,2026-08-21T23:56:11+00:00,102,2018-01-01,2026-06-01,M,11,
F035.CVRCITE.FLU.Z.CLP.Z.Z.Z.Z.11.0.M,2026-08-21T23:56:11+00:00,102,2018-01-01,2026-06-01,M,11,
F035.CVRV.FLU.Z.CLP.Z.Z.Z.Z.11.0.M,2026-08-21T23:56:11+00:00,102,2018-01-01,2026-06-01,M,11,
F035.CVRVITA.FLU.Z.CLP.Z.Z.Z.Z.11.0.M,2026-08-21T23:56:11+00:00,102,2018-01-01,2026-06-01,M,11,
F035.CVRVITE.FLU.Z.CLP.Z.Z.Z.Z.11.0.M,2026-08-21T23:56:11+00:00,102,2018-01-01,2026-06-01,M,11,
F035.NFRC.FLU.Z.N.Z.Z.Z.Z.11.0.M,2026-08-21T23:56:11+00:00,102,2018-01-01,2026-06-01,M,11,
F035.NFRCITA.FLU.Z.N.Z.Z.Z.Z.11.0.M,2026-08-21T23:56:11+00:00,102,2018-01-01,2026-06-01,M,11,
F035.NFRCITE.FLU.Z.N.Z.Z.Z.Z.11.0.M,2026-08-21T23:56:11+00:00,102,2018-01-01,2026-06-01,M,11,
F035.NFRV.FLU.Z.N.Z.Z.Z.Z.11.0.M,2026-08-21T23:56:11+00:00,102,2018-01-01,2026-06-01,M,11,
F035.NFRVITA.FLU.Z.N.Z.Z.Z.Z.11.0.M,2026-08-21T23:56:12+00:00,102,2018-01-01,2026-06-01,M,11,
F035.NFRVITE.FLU.Z.N.Z.Z.Z.Z.11.0.M,2026-08-21T23:56:12+00:00,102,2018-01-01,2026-06-01,M,11,
F049.DES.TAS.INE2.21.M,2026-08-21T23:56:12+00:00,106,2010-03-01,2018-12-01,M,11,
F049.DES.TAS.INE9.21.M,2026-08-21T23:56:12+00:00,196,2010-03-01,2026-06-01,M,11,
F049.FTR.STO.INE9.RAI.M,2026-08-21T23:56:12+00:00,196,2010-03-01,2026-06-01,M,11,
F049.OCU.PMT.INE9.21.M,2026-08-21T23:56:12+00:00,196,2010-03-01,2026-06-01,M,11,
F022.CCPEMA.STO.Z.Z.Z.M,2026-08-21T23:56:12+00:00,210,2009-01-01,2026-06-01,M,12,
F022.CCPNMA.STO.Z.Z.Z.M,2026-08-21T23:56:12+00:00,210,2009-01-01,2026-06-01,M,12,
F022.DCM90MA.TAS.Z.Z.Z.M,2026-08-21T23:56:12+00:00,221,2008-01-01,2026-05-01,M,12,
F022.DCS90MA.TAS.Z.Z.Z.M,2026-08-21T23:56:12+00:00,221,2008-01-01,2026-05-01,M,12,
F022.DV90MA.TAS.Z.Z.Z.M,2026-08-21T23:56:12+00:00,221,2008-01-01,2026-05-01,M,12,
F022.SCCPEMA.STO.Z.Z.CLP.M,2026-08-21T23:56:12+00:00,210,2009-01-01,2026-06-01,M,12,
F022.SCCPNMA.STO.Z.Z.CLP.M,2026-08-21T23:56:12+00:00,210,2009-01-01,2026-06-01,M,12,
F022.SDVMA.STO.Z.Z.CLP.M,2026-08-21T23:56:12+00:00,222,2008-01-01,2026-06-01,M,12,
F034.CEYSMA.FLU.MEFT.Z.0.M,2026-08-21T23:56:12+00:00,158,2013-05-01,2026-06-01,M,12,
F034.DARTMA.STO.INE.Z.0.M,2026-08-21T23:56:12+00:00,148,2014-01-01,2026-04-01,M,12,
F034.ETADRMA.STO.INE.HIST17.0.M,2026-08-21T23:56:12+00:00,119,2016-07-01,2026-05-01,M,12,
F034.ETEMMA.STO.INE.HIST17.0.M,2026-08-21T23:56:12+00:00,119,2016-07-01,2026-05-01,M,12,
F034.ETLMA.FLU.INE.HIST17.0.M,2026-08-21T23:56:12+00:00,119,2016-07-01,2026-05-01,M,12,
F034.ETOPMA.TAS.INE.HIST17.0.M,2026-08-21T23:56:12+00:00,119,2016-07-01,2026-05-01,M,12,
F034.ETPMA.FLU.INE.HIST17.0.M,2026-08-21T23:56:12+00:00,119,2016-07-01,2026-05-01,M,12,
F034.ETRPMA.STO.INE.HIST17.0.M,2026-08-21T23:56:12+00:00,119,2016-07-01,2026-05-01,M,12,
F034.ETTOHMA.TAS.INE.HIST17.0.M,2026-08-21T23:56:12+00:00,119,2016-07-01,2026-05-01,M,12,
F034.ISUPNEMA.STO.INE.Z.0.M,2026-08-21T23:56:12+00:00,149,2014-01-01,2026-05-01,M,12,
F034.ISUPPCMA.IND.INE.2014.0.M,2026-08-21T23:56:12+00:00,149,2014-01-01,2026-05-01,M,12,
F034.ISUPSEMA.STO.INE.Z.0.M,2026-08-21T23:56:12+00:00,149,2014-01-01,2026-05-01,M,12,
F034.ISUPVPCMA.FLU.INE.Z.0.M,2026-08-21T23:56:12+00:00,149,2014-01-01,2026-05-01,M,12,
F034.NVAMA.FLU.INE.Z.0.M,2026-08-21T23:56:12+00:00,149,2014-01-01,2026-05-01,M,12,
F034.PVBMA.STO.INE.Z.0.M,2026-08-21T23:56:12+00:00,145,2014-03-01,2026-03-01,M,12,
F034.PVEMA.STO.INE.Z.0.M,2026-08-21T23:56:12+00:00,145,2014-03-01,2026-03-01,M,12,
F034.PVMBMA.STO.INE.Z.0.M,2026-08-21T23:56:12+00:00,145,2014-03-01,2026-03-01,M,12,
F034.PVTMA.STO.INE.Z.0.M,2026-08-21T23:56:12+00:00,145,2014-03-01,2026-03-01,M,12,
F034.SAHMA.FLU.INE.Z.0.M,2026-08-21T23:56:12+00:00,149,2014-01-01,2026-05-01,M,12,
F034.SANHMA.FLU.INE.Z.0.M,2026-08-21T23:56:12+00:00,149,2014-01-01,2026-05-01,M,12,
F035.CVRC.FLU.Z.CLP.Z.Z.Z.Z.12.0.M,2026-08-21T23:56:12+00:00,102,2018-01-01,2026-06-01,M,12,
F035.CVRCITA.FLU.Z.CLP.Z.Z.Z.Z.12.0.M,2026-08-21T23:56:12+00:00,102,2018-01-01,2026-06-01,M,12,
F035.CVRCITE.FLU.Z.CLP.Z.Z.Z.Z.12.0.M,2026-08-21T23:56:12+00:00,102,2018-01-01,2026-06-01,M,12,
F035.CVRV.FLU.Z.CLP.Z.Z.Z.Z.12.0.M,2026-08-21T23:56:13+00:00,102,2018-01-01,2026-06-01,M,12,
F035.CVRVITA.FLU.Z.CLP.Z.Z.Z.Z.12.0.M,2026-08-21T23:56:13+00:00,102,2018-01-01,2026-06-01,M,12,
F035.CVRVITE.FLU.Z.CLP.Z.Z.Z.Z.12.0.M,2026-08-21T23:56:13+00:00,102,2018-01-01,2026-06-01,M,12,
F035.NFRC.FLU.Z.N.Z.Z.Z.Z.12.0.M,2026-08-21T23:56:13+00:00,102,2018-01-01,2026-06-01,M,12,
F035.NFRCITA.FLU.Z.N.Z.Z.Z.Z.12.0.M,2026-08-21T23:56:13+00:00,102,2018-01-01,2026-06-01,M,12,
F035.NFRCITE.FLU.Z.N.Z.Z.Z.Z.12.0.M,2026-08-21T23:56:13+00:00,102,2018-01-01,2026-06-01,M,12,
F035.NFRV.FLU.Z.N.Z.Z.Z.Z.12.0.M,2026-08-21T23:56:13+00:00,102,2018-01-01,2026-06-01,M,12,
F035.NFRVITA.FLU.Z.N.Z.Z.Z.Z.12.0.M,2026-08-21T23:56:13+00:00,102,2018-01-01,2026-06-01,M,12,
F035.NFRVITE.FLU.Z.N.Z.Z.Z.Z.12.0.M,2026-08-21T23:56:13+00:00,102,2018-01-01,2026-06-01,M,12,
F049.DES.TAS.INE2.22.M,2026-08-21T23:56:13+00:00,106,2010-03-01,2018-12-01,M,12,
F049.DES.TAS.INE9.22.M,2026-08-21T23:56:13+00:00,196,2010-03-01,2026-06-01,M,12,
F049.FTR.STO.INE9.RMA.M,2026-08-21T23:56:13+00:00,196,2010-03-01,2026-06-01,M,12,
F049.OCU.PMT.INE9.22.M,2026-08-21T23:56:13+00:00,196,2010-03-01,2026-06-01,M,12,
F022.CCPERM.STO.Z.Z.Z.M,2026-08-21T23:56:13+00:00,210,2009-01-01,2026-06-01,M,13,
F022.CCPNRM.STO.Z.Z.Z.M,2026-08-21T23:56:13+00:00,210,2009-01-01,2026-06-01,M,13,
F022.DCM90RM.TAS.Z.Z.Z.M,2026-08-21T23:56:13+00:00,221,2008-01-01,2026-05-01,M,13,
F022.DCS90RM.TAS.Z.Z.Z.M,2026-08-21T23:56:13+00:00,221,2008-01-01,2026-05-01,M,13,
F022.DV90RM.TAS.Z.Z.Z.M,2026-08-21T23:56:13+00:00,221,2008-01-01,2026-05-01,M,13,
F022.SCCPERM.STO.Z.Z.CLP.M,2026-08-21T23:56:13+00:00,210,2009-01-01,2026-06-01,M,13,
F022.SCCPNRM.STO.Z.Z.CLP.M,2026-08-21T23:56:13+00:00,210,2009-01-01,2026-06-01,M,13,
F022.SDVRM.STO.Z.Z.CLP.M,2026-08-21T23:56:13+00:00,222,2008-01-01,2026-06-01,M,13,
F034.CEYSRM.FLU.MEFT.Z.0.M,2026-08-21T23:56:13+00:00,158,2013-05-01,2026-06-01,M,13,
F034.ETADRRM.STO.INE.HIST17.0.M,2026-08-21T23:56:13+00:00,119,2016-07-01,2026-05-01,M,13,
F034.ETEMRM.STO.INE.HIST17.0.M,2026-08-21T23:56:13+00:00,119,2016-07-01,2026-05-01,M,13,
F034.ETLRM.FLU.INE.HIST17.0.M,2026-08-21T23:56:13+00:00,119,2016-07-01,2026-05-01,M,13,
F034.ETOPRM.TAS.INE.HIST17.0.M,2026-08-21T23:56:13+00:00,119,2016-07-01,2026-05-01,M,13,
F034.ETPRM.FLU.INE.HIST17.0.M,2026-08-21T23:56:13+00:00,119,2016-07-01,2026-05-01,M,13,
F034.ETRPRM.STO.INE.HIST17.0.M,2026-08-21T23:56:13+00:00,119,2016-07-01,2026-05-01,M,13,
F034.ETTOHRM.TAS.INE.HIST17.0.M,2026-08-21T23:56:13+00:00,119,2016-07-01,2026-05-01,M,13,
F034.ISUPNERM.STO.INE.Z.0.M,2026-08-21T23:56:13+00:00,149,2014-01-01,2026-05-01,M,13,
F034.ISUPPCRM.IND.INE.2014.0.M,2026-08-21T23:56:13+00:00,149,2014-01-01,2026-05-01,M,13,
F034.ISUPSERM.STO.INE.Z.0.M,2026-08-21T23:56:13+00:00,149,2014-01-01,2026-05-01,M,13,
F034.ISUPVPCRM.FLU.INE.Z.0.M,2026-08-21T23:56:13+00:00,149,2014-01-01,2026-05-01,M,13,
F034.NVARM.FLU.INE.Z.0.M,2026-08-21T23:56:13+00:00,149,2014-01-01,2026-05-01,M,13,
F034.PVBRM.STO.INE.Z.0.M,2026-08-21T23:56:13+00:00,145,2014-03-01,2026-03-01,M,13,
F034.PVERM.STO.INE.Z.0.M,2026-08-21T23:56:13+00:00,145,2014-03-01,2026-03-01,M,13,
F034.PVMBRM.STO.INE.Z.0.M,2026-08-21T23:56:13+00:00,145,2014-03-01,2026-03-01,M,13,
F034.PVPAURM.STO.INE.Z.0.M,2026-08-21T23:56:13+00:00,149,2014-01-01,2026-05-01,M,13,
F034.PVPPAIRM.STO.INE.Z.0.M,2026-08-21T23:56:13+00:00,149,2014-01-01,2026-05-01,M,13,
F034.PVTRM.STO.INE.Z.0.M,2026-08-21T23:56:14+00:00,145,2014-03-01,2026-03-01,M,13,
F034.SAHRM.FLU.INE.Z.0.M,2026-08-21T23:56:14+00:00,149,2014-01-01,2026-05-01,M,13,
F034.SANHRM.FLU.INE.Z.0.M,2026-08-21T23:56:14+00:00,149,2014-01-01,2026-05-01,M,13,
F035.CVRC.FLU.Z.CLP.Z.Z.Z.Z.13.0.M,2026-08-21T23:56:14+00:00,102,2018-01-01,2026-06-01,M,13,
F035.CVRCITA.FLU.Z.CLP.Z.Z.Z.Z.13.0.M,2026-08-21T23:56:14+00:00,102,2018-01-01,2026-06-01,M,13,
F035.CVRCITE.FLU.Z.CLP.Z.Z.Z.Z.13.0.M,2026-08-21T23:56:14+00:00,102,2018-01-01,2026-06-01,M,13,
F035.CVRV.FLU.Z.CLP.Z.Z.Z.Z.13.0.M,2026-08-21T23:56:14+00:00,102,2018-01-01,2026-06-01,M,13,
F035.CVRVITA.FLU.Z.CLP.Z.Z.Z.Z.13.0.M,2026-08-21T23:56:14+00:00,102,2018-01-01,2026-06-01,M,13,
F035.CVRVITE.FLU.Z.CLP.Z.Z.Z.Z.13.0.M,2026-08-21T23:56:14+00:00,102,2018-01-01,2026-06-01,M,13,
F035.NFRC.FLU.Z.N.Z.Z.Z.Z.13.0.M,2026-08-21T23:56:14+00:00,102,2018-01-01,2026-06-01,M,13,
F035.NFRCITA.FLU.Z.N.Z.Z.Z.Z.13.0.M,2026-08-21T23:56:14+00:00,102,2018-01-01,2026-06-01,M,13,
F035.NFRCITE.FLU.Z.N.Z.Z.Z.Z.13.0.M,2026-08-21T23:56:14+00:00,102,2018-01-01,2026-06-01,M,13,
F035.NFRV.FLU.Z.N.Z.Z.Z.Z.13.0.M,2026-08-21T23:56:14+00:00,102,2018-01-01,2026-06-01,M,13,
F035.NFRVITA.FLU.Z.N.Z.Z.Z.Z.13.0.M,2026-08-21T23:56:14+00:00,102,2018-01-01,2026-06-01,M,13,
F035.NFRVITE.FLU.Z.N.Z.Z.Z.Z.13.0.M,2026-08-21T23:56:14+00:00,102,2018-01-01,2026-06-01,M,13,
F049.DES.PMT.INE9.23.M,2026-08-21T23:56:14+00:00,196,2010-03-01,2026-06-01,M,13,
F049.DES.TAS.INE2.23.M,2026-08-21T23:56:14+00:00,106,2010-03-01,2018-12-01,M,13,
F049.DES.TAS.INE9.23.M,2026-08-21T23:56:14+00:00,196,2010-03-01,2026-06-01,M,13,
F049.FTR.PMT.INE9.23.M,2026-08-21T23:56:14+00:00,196,2010-03-01,2026-06-01,M,13,
F049.FTR.STO.INE9.RRM.M,2026-08-21T23:56:14+00:00,196,2010-03-01,2026-06-01,M,13,
F049.OCU.PMT.INE9.23.M,2026-08-21T23:56:14+00:00,196,2010-03-01,2026-06-01,M,13,
F022.CCPELR.STO.Z.Z.Z.M,2026-08-21T23:56:14+00:00,210,2009-01-01,2026-06-01,M,14,
F022.CCPNLR.STO.Z.Z.Z.M,2026-08-21T23:56:14+00:00,210,2009-01-01,2026-06-01,M,14,
F022.DCM90LR.TAS.Z.Z.Z.M,2026-08-21T23:56:14+00:00,221,2008-01-01,2026-05-01,M,14,
F022.DCS90LR.TAS.Z.Z.Z.M,2026-08-21T23:56:14+00:00,221,2008-01-01,2026-05-01,M,14,
F022.DV90LR.TAS.Z.Z.Z.M,2026-08-21T23:56:14+00:00,221,2008-01-01,2026-05-01,M,14,
F022.SCCPELR.STO.Z.Z.CLP.M,2026-08-21T23:56:14+00:00,210,2009-01-01,2026-06-01,M,14,
F022.SCCPNLR.STO.Z.Z.CLP.M,2026-08-21T23:56:14+00:00,210,2009-01-01,2026-06-01,M,14,
F022.SDVLR.STO.Z.Z.CLP.M,2026-08-21T23:56:14+00:00,222,2008-01-01,2026-06-01,M,14,
F034.CEYSLR.FLU.MEFT.Z.0.M,2026-08-21T23:56:14+00:00,158,2013-05-01,2026-06-01,M,14,
F034.CTAPLR.STO.INE.Z.0.M,2026-08-21T23:56:14+00:00,149,2014-01-01,2026-05-01,M,14,
F034.DARTLR.STO.INE.Z.0.M,2026-08-21T23:56:14+00:00,149,2014-01-01,2026-05-01,M,14,
F034.DEELR.FLU.INE.Z.0.M,2026-08-21T23:56:15+00:00,149,2014-01-01,2026-05-01,M,14,
F034.DINDLR.STO.INE.Z.0.M,2026-08-21T23:56:15+00:00,149,2014-01-01,2026-05-01,M,14,
F034.ETADRLR.STO.INE.HIST17.0.M,2026-08-21T23:56:15+00:00,119,2016-07-01,2026-05-01,M,14,
F034.ETEMLR.STO.INE.HIST17.0.M,2026-08-21T23:56:15+00:00,119,2016-07-01,2026-05-01,M,14,
F034.ETLLR.FLU.INE.HIST17.0.M,2026-08-21T23:56:15+00:00,119,2016-07-01,2026-05-01,M,14,
F034.ETOPLR.TAS.INE.HIST17.0.M,2026-08-21T23:56:15+00:00,119,2016-07-01,2026-05-01,M,14,
F034.ETPLR.FLU.INE.HIST17.0.M,2026-08-21T23:56:15+00:00,119,2016-07-01,2026-05-01,M,14,
F034.ETRPLR.STO.INE.HIST17.0.M,2026-08-21T23:56:15+00:00,119,2016-07-01,2026-05-01,M,14,
F034.ETTOHLR.TAS.INE.HIST17.0.M,2026-08-21T23:56:15+00:00,119,2016-07-01,2026-05-01,M,14,
F034.GEELR.FLU.INE.Z.0.M,2026-08-21T23:56:15+00:00,149,2014-01-01,2026-05-01,M,14,
F034.INDPMLR.IND.INE.2014.0.M,2026-08-21T23:56:15+00:00,149,2014-01-01,2026-05-01,M,14,
F034.ISUPNELR.STO.INE.Z.0.M,2026-08-21T23:56:15+00:00,149,2014-01-01,2026-05-01,M,14,
F034.ISUPPCLR.IND.INE.2014.0.M,2026-08-21T23:56:15+00:00,149,2014-01-01,2026-05-01,M,14,
F034.ISUPSELR.STO.INE.Z.0.M,2026-08-21T23:56:15+00:00,149,2014-01-01,2026-05-01,M,14,
F034.ISUPVPCLR.FLU.INE.Z.0.M,2026-08-21T23:56:15+00:00,149,2014-01-01,2026-05-01,M,14,
F034.NVALR.FLU.INE.Z.0.M,2026-08-21T23:56:15+00:00,149,2014-01-01,2026-05-01,M,14,
F034.PVBLR.STO.INE.Z.0.M,2026-08-21T23:56:15+00:00,145,2014-03-01,2026-03-01,M,14,
F034.PVELR.STO.INE.Z.0.M,2026-08-21T23:56:15+00:00,145,2014-03-01,2026-03-01,M,14,
F034.PVMBLR.STO.INE.Z.0.M,2026-08-21T23:56:15+00:00,145,2014-03-01,2026-03-01,M,14,
F034.PVTLR.STO.INE.Z.0.M,2026-08-21T23:56:15+00:00,145,2014-03-01,2026-03-01,M,14,
F034.SAHLR.FLU.INE.Z.0.M,2026-08-21T23:56:15+00:00,149,2014-01-01,2026-05-01,M,14,
F034.SANHLR.FLU.INE.Z.0.M,2026-08-21T23:56:15+00:00,149,2014-01-01,2026-05-01,M,14,
F035.CVRC.FLU.Z.CLP.Z.Z.Z.Z.14.0.M,2026-08-21T23:56:15+00:00,102,2018-01-01,2026-06-01,M,14,
F035.CVRCITA.FLU.Z.CLP.Z.Z.Z.Z.14.0.M,2026-08-21T23:56:15+00:00,102,2018-01-01,2026-06-01,M,14,
F035.CVRCITE.FLU.Z.CLP.Z.Z.Z.Z.14.0.M,2026-08-21T23:56:15+00:00,102,2018-01-01,2026-06-01,M,14,
F035.CVRV.FLU.Z.CLP.Z.Z.Z.Z.14.0.M,2026-08-21T23:56:15+00:00,102,2018-01-01,2026-06-01,M,14,
F035.CVRVITA.FLU.Z.CLP.Z.Z.Z.Z.14.0.M,2026-08-21T23:56:15+00:00,102,2018-01-01,2026-06-01,M,14,
F035.CVRVITE.FLU.Z.CLP.Z.Z.Z.Z.14.0.M,2026-08-21T23:56:15+00:00,102,2018-01-01,2026-06-01,M,14,
F035.NFRC.FLU.Z.N.Z.Z.Z.Z.14.0.M,2026-08-21T23:56:15+00:00,102,2018-01-01,2026-06-01,M,14,
F035.NFRCITA.FLU.Z.N.Z.Z.Z.Z.14.0.M,2026-08-21T23:56:15+00:00,102,2018-01-01,2026-06-01,M,14,
F035.NFRCITE.FLU.Z.N.Z.Z.Z.Z.14.0.M,2026-08-21T23:56:15+00:00,102,2018-01-01,2026-06-01,M,14,
F035.NFRV.FLU.Z.N.Z.Z.Z.Z.14.0.M,2026-08-21T23:56:15+00:00,102,2018-01-01,2026-06-01,M,14,
F035.NFRVITA.FLU.Z.N.Z.Z.Z.Z.14.0.M,2026-08-21T23:56:16+00:00,102,2018-01-01,2026-06-01,M,14,
F035.NFRVITE.FLU.Z.N.Z.Z.Z.Z.14.0.M,2026-08-21T23:56:16+00:00,102,2018-01-01,2026-06-01,M,14,
F049.DES.TAS.INE2.24.M,2026-08-21T23:56:16+00:00,106,2010-03-01,2018-12-01,M,14,
F049.DES.TAS.INE9.24.M,2026-08-21T23:56:16+00:00,196,2010-03-01,2026-06-01,M,14,
F049.FTR.STO.INE9.RLR.M,2026-08-21T23:56:16+00:00,196,2010-03-01,2026-06-01,M,14,
F049.OCU.PMT.INE9.24.M,2026-08-21T23:56:16+00:00,196,2010-03-01,2026-06-01,M,14,
F022.CCPEAP.STO.Z.Z.Z.M,2026-08-21T23:56:16+00:00,210,2009-01-01,2026-06-01,M,15,
F022.CCPNAP.STO.Z.Z.Z.M,2026-08-21T23:56:16+00:00,210,2009-01-01,2026-06-01,M,15,
F022.DCM90AP.TAS.Z.Z.Z.M,2026-08-21T23:56:16+00:00,221,2008-01-01,2026-05-01,M,15,
F022.DCS90AP.TAS.Z.Z.Z.M,2026-08-21T23:56:16+00:00,221,2008-01-01,2026-05-01,M,15,
F022.DV90AP.TAS.Z.Z.Z.M,2026-08-21T23:56:16+00:00,221,2008-01-01,2026-05-01,M,15,
F022.SCCPEAP.STO.Z.Z.CLP.M,2026-08-21T23:56:16+00:00,210,2009-01-01,2026-06-01,M,15,
F022.SCCPNAP.STO.Z.Z.CLP.M,2026-08-21T23:56:16+00:00,210,2009-01-01,2026-06-01,M,15,
F022.SDVAP.STO.Z.Z.CLP.M,2026-08-21T23:56:16+00:00,222,2008-01-01,2026-06-01,M,15,
F034.CEYSAP.FLU.MEFT.Z.0.M,2026-08-21T23:56:16+00:00,158,2013-05-01,2026-06-01,M,15,
F034.DEEAP.FLU.INE.Z.0.M,2026-08-21T23:56:16+00:00,149,2014-01-01,2026-05-01,M,15,
F034.ETADRAP.STO.INE.HIST17.0.M,2026-08-21T23:56:16+00:00,119,2016-07-01,2026-05-01,M,15,
F034.ETEMAP.STO.INE.HIST17.0.M,2026-08-21T23:56:16+00:00,119,2016-07-01,2026-05-01,M,15,
F034.ETLAP.FLU.INE.HIST17.0.M,2026-08-21T23:56:16+00:00,119,2016-07-01,2026-05-01,M,15,
F034.ETOPAP.TAS.INE.HIST17.0.M,2026-08-21T23:56:16+00:00,119,2016-07-01,2026-05-01,M,15,
F034.ETPAP.FLU.INE.HIST17.0.M,2026-08-21T23:56:16+00:00,118,2016-07-01,2026-04-01,M,15,
F034.ETRPAP.STO.INE.HIST17.0.M,2026-08-21T23:56:16+00:00,119,2016-07-01,2026-05-01,M,15,
F034.ETTOHAP.TAS.INE.HIST17.0.M,2026-08-21T23:56:16+00:00,119,2016-07-01,2026-05-01,M,15,
F034.GEEAP.FLU.INE.Z.0.M,2026-08-21T23:56:16+00:00,149,2014-01-01,2026-05-01,M,15,
F034.ISUPNEAP.STO.INE.Z.0.M,2026-08-21T23:56:16+00:00,149,2014-01-01,2026-05-01,M,15,
F034.ISUPPCAP.IND.INE.2014.0.M,2026-08-21T23:56:16+00:00,149,2014-01-01,2026-05-01,M,15,
F034.ISUPSEAP.STO.INE.Z.0.M,2026-08-21T23:56:16+00:00,149,2014-01-01,2026-05-01,M,15,
F034.ISUPVPCAP.FLU.INE.Z.0.M,2026-08-21T23:56:16+00:00,149,2014-01-01,2026-05-01,M,15,
F034.NVAAP.FLU.INE.Z.0.M,2026-08-21T23:56:16+00:00,149,2014-01-01,2026-05-01,M,15,
F034.PVBAP.STO.INE.Z.0.M,2026-08-21T23:56:16+00:00,145,2014-03-01,2026-03-01,M,15,
F034.PVEAP.STO.INE.Z.0.M,2026-08-21T23:56:16+00:00,145,2014-03-01,2026-03-01,M,15,
F034.PVMBAP.STO.INE.Z.0.M,2026-08-21T23:56:16+00:00,145,2014-03-01,2026-03-01,M,15,
F034.PVTAP.STO.INE.Z.0.M,2026-08-21T23:56:16+00:00,145,2014-03-01,2026-03-01,M,15,
F034.SAHAP.FLU.INE.Z.0.M,2026-08-21T23:56:16+00:00,149,2014-01-01,2026-05-01,M,15,
F034.SANHAP.FLU.INE.Z.0.M,2026-08-21T23:56:16+00:00,149,2014-01-01,2026-05-01,M,15,
F035.CVRC.FLU.Z.CLP.Z.Z.Z.Z.15.0.M,2026-08-21T23:56:17+00:00,102,2018-01-01,2026-06-01,M,15,
F035.CVRCITA.FLU.Z.CLP.Z.Z.Z.Z.15.0.M,2026-08-21T23:56:17+00:00,102,2018-01-01,2026-06-01,M,15,
F035.CVRCITE.FLU.Z.CLP.Z.Z.Z.Z.15.0.M,2026-08-21T23:56:17+00:00,102,2018-01-01,2026-06-01,M,15,
F035.CVRV.FLU.Z.CLP.Z.Z.Z.Z.15.0.M,2026-08-21T23:56:17+00:00,102,2018-01-01,2026-06-01,M,15,
F035.CVRVITA.FLU.Z.CLP.Z.Z.Z.Z.15.0.M,2026-08-21T23:56:17+00:00,102,2018-01-01,2026-06-01,M,15,
F035.CVRVITE.FLU.Z.CLP.Z.Z.Z.Z.15.0.M,2026-08-21T23:56:17+00:00,102,2018-01-01,2026-06-01,M,15,
F035.NFRC.FLU.Z.N.Z.Z.Z.Z.15.0.M,2026-08-21T23:56:17+00:00,102,2018-01-01,2026-06-01,M,15,
F035.NFRCITA.FLU.Z.N.Z.Z.Z.Z.15.0.M,2026-08-21T23:56:17+00:00,102,2018-01-01,2026-06-01,M,15,
F035.NFRCITE.FLU.Z.N.Z.Z.Z.Z.15.0.M,2026-08-21T23:56:17+00:00,102,2018-01-01,2026-06-01,M,15,
F035.NFRV.FLU.Z.N.Z.Z.Z.Z.15.0.M,2026-08-21T23:56:17+00:00,102,2018-01-01,2026-06-01,M,15,
F035.NFRVITA.FLU.Z.N.Z.Z.Z.Z.15.0.M,2026-08-21T23:56:17+00:00,102,2018-01-01,2026-06-01,M,15,
F035.NFRVITE.FLU.Z.N.Z.Z.Z.Z.15.0.M,2026-08-21T23:56:17+00:00,102,2018-01-01,2026-06-01,M,15,
F049.DES.TAS.INE2.25.M,2026-08-21T23:56:17+00:00,106,2010-03-01,2018-12-01,M,15,
F049.DES.TAS.INE9.25.M,2026-08-21T23:56:17+00:00,196,2010-03-01,2026-06-01,M,15,
F049.FTR.STO.INE9.RAP.M,2026-08-21T23:56:17+00:00,196,2010-03-01,2026-06-01,M,15,
F049.OCU.PMT.INE9.25.M,2026-08-21T23:56:17+00:00,196,2010-03-01,2026-06-01,M,15,
F022.CCPENB.STO.Z.Z.Z.M,2026-08-21T23:56:17+00:00,93,2018-10-01,2026-06-01,M,16,
F022.CCPNNB.STO.Z.Z.Z.M,2026-08-21T23:56:17+00:00,93,2018-10-01,2026-06-01,M,16,
F022.DCM90NB.TAS.Z.Z.Z.M,2026-08-21T23:56:17+00:00,92,2018-10-01,2026-05-01,M,16,
F022.DCS90NB.TAS.Z.Z.Z.M,2026-08-21T23:56:17+00:00,92,2018-10-01,2026-05-01,M,16,
F022.DV90NB.TAS.Z.Z.Z.M,2026-08-21T23:56:17+00:00,92,2018-10-01,2026-05-01,M,16,
F022.SCCPENB.STO.Z.Z.CLP.M,2026-08-21T23:56:17+00:00,93,2018-10-01,2026-06-01,M,16,
F022.SCCPNNB.STO.Z.Z.CLP.M,2026-08-21T23:56:17+00:00,93,2018-10-01,2026-06-01,M,16,
F022.SDVNB.STO.Z.Z.CLP.M,2026-08-21T23:56:17+00:00,93,2018-10-01,2026-06-01,M,16,
F034.CEYSNB.FLU.MEFT.Z.0.M,2026-08-21T23:56:17+00:00,94,2018-09-01,2026-06-01,M,16,
F034.DEENB.FLU.INE.Z.0.M,2026-08-21T23:56:17+00:00,93,2018-09-01,2026-05-01,M,16,
F034.ETADRNB.STO.INE.HIST17.0.M,2026-08-21T23:56:17+00:00,119,2016-07-01,2026-05-01,M,16,
F034.ETEMNB.STO.INE.HIST17.0.M,2026-08-21T23:56:17+00:00,119,2016-07-01,2026-05-01,M,16,
F034.ETLNB.FLU.INE.HIST17.0.M,2026-08-21T23:56:17+00:00,119,2016-07-01,2026-05-01,M,16,
F034.ETOPNB.TAS.INE.HIST17.0.M,2026-08-21T23:56:17+00:00,119,2016-07-01,2026-05-01,M,16,
F034.ETPNB.FLU.INE.HIST17.0.M,2026-08-21T23:56:17+00:00,118,2016-07-01,2026-04-01,M,16,
F034.ETRPNB.STO.INE.HIST17.0.M,2026-08-21T23:56:17+00:00,119,2016-07-01,2026-05-01,M,16,
F034.ETTOHNB.TAS.INE.HIST17.0.M,2026-08-21T23:56:17+00:00,119,2016-07-01,2026-05-01,M,16,
F034.GEENB.FLU.INE.Z.0.M,2026-08-21T23:56:17+00:00,93,2018-09-01,2026-05-01,M,16,
F034.ISUPNENB.STO.INE.Z.0.M,2026-08-21T23:56:17+00:00,149,2014-01-01,2026-05-01,M,16,
F034.ISUPPCNB.IND.INE.2014.0.M,2026-08-21T23:56:17+00:00,149,2014-01-01,2026-05-01,M,16,
F034.ISUPSENB.STO.INE.Z.0.M,2026-08-21T23:56:17+00:00,149,2014-01-01,2026-05-01,M,16,
F034.ISUPVPCNB.FLU.INE.Z.0.M,2026-08-21T23:56:17+00:00,149,2014-01-01,2026-05-01,M,16,
F034.NVANB.FLU.INE.Z.0.M,2026-08-21T23:56:17+00:00,93,2018-09-01,2026-05-01,M,16,
F034.PVBNB.STO.INE.Z.0.M,2026-08-21T23:56:18+00:00,85,2019-03-01,2026-03-01,M,16,
F034.PVENB.STO.INE.Z.0.M,2026-08-21T23:56:18+00:00,85,2019-03-01,2026-03-01,M,16,
F034.PVPPAINB.STO.INE.Z.0.M,2026-08-21T23:56:18+00:00,93,2018-09-01,2026-05-01,M,16,
F034.PVTNB.STO.INE.Z.0.M,2026-08-21T23:56:18+00:00,85,2019-03-01,2026-03-01,M,16,
F034.SAHNB.FLU.INE.Z.0.M,2026-08-21T23:56:18+00:00,93,2018-09-01,2026-05-01,M,16,
F034.SANHNB.FLU.INE.Z.0.M,2026-08-21T23:56:18+00:00,93,2018-09-01,2026-05-01,M,16,
F035.CVRC.FLU.Z.CLP.Z.Z.Z.Z.16.0.M,2026-08-21T23:56:18+00:00,102,2018-01-01,2026-06-01,M,16,
F035.CVRCITA.FLU.Z.CLP.Z.Z.Z.Z.16.0.M,2026-08-21T23:56:18+00:00,102,2018-01-01,2026-06-01,M,16,
F035.CVRCITE.FLU.Z.CLP.Z.Z.Z.Z.16.0.M,2026-08-21T23:56:18+00:00,102,2018-01-01,2026-06-01,M,16,
F035.CVRV.FLU.Z.CLP.Z.Z.Z.Z.16.0.M,2026-08-21T23:56:18+00:00,102,2018-01-01,2026-06-01,M,16,
F035.CVRVITA.FLU.Z.CLP.Z.Z.Z.Z.16.0.M,2026-08-21T23:56:18+00:00,102,2018-01-01,2026-06-01,M,16,
F035.CVRVITE.FLU.Z.CLP.Z.Z.Z.Z.16.0.M,2026-08-21T23:56:18+00:00,102,2018-01-01,2026-06-01,M,16,
F035.NFRC.FLU.Z.N.Z.Z.Z.Z.16.0.M,2026-08-21T23:56:18+00:00,102,2018-01-01,2026-06-01,M,16,
F035.NFRCITA.FLU.Z.N.Z.Z.Z.Z.16.0.M,2026-08-21T23:56:18+00:00,102,2018-01-01,2026-06-01,M,16,
F035.NFRCITE.FLU.Z.N.Z.Z.Z.Z.16.0.M,2026-08-21T23:56:18+00:00,102,2018-01-01,2026-06-01,M,16,
F035.NFRV.FLU.Z.N.Z.Z.Z.Z.16.0.M,2026-08-21T23:56:18+00:00,102,2018-01-01,2026-06-01,M,16,
F035.NFRVITA.FLU.Z.N.Z.Z.Z.Z.16.0.M,2026-08-21T23:56:18+00:00,102,2018-01-01,2026-06-01,M,16,
F035.NFRVITE.FLU.Z.N.Z.Z.Z.Z.16.0.M,2026-08-21T23:56:18+00:00,102,2018-01-01,2026-06-01,M,16,
F049.DES.TAS.INE9.26.M,2026-08-21T23:56:18+00:00,196,2010-03-01,2026-06-01,M,16,
F049.FTR.STO.INE9.RNB.M,2026-08-21T23:56:18+00:00,196,2010-03-01,2026-06-01,M,16,
F049.OCU.PMT.INE9.26.M,2026-08-21T23:56:18+00:00,196,2010-03-01,2026-06-01,M,16,
F035.CPRIPSFL.FLU.R.CLP.2018.Z.Z.BD.01.0.T,2026-08-21T23:56:18+00:00,53,2013-01-01,2026-01-01,T,01,
F035.CPRIPSFL.FLU.R.CLP.2018.Z.Z.BND.01.0.T,2026-08-21T23:56:18+00:00,53,2013-01-01,2026-01-01,T,01,
F035.CPRIPSFL.FLU.R.CLP.2018.Z.Z.SER.01.0.T,2026-08-21T23:56:18+00:00,53,2013-01-01,2026-01-01,T,01,
F035.CPRIPSFL.FLU.R.CLP.2018.Z.Z.Z.01.0.T,2026-08-21T23:56:18+00:00,53,2013-01-01,2026-01-01,T,01,
F035.CPRIPSFL.V12.R.CLP.2018.Z.Z.BD.01.0.T,2026-08-21T23:56:18+00:00,49,2014-01-01,2026-01-01,T,01,
F035.CPRIPSFL.V12.R.CLP.2018.Z.Z.BND.01.0.T,2026-08-21T23:56:18+00:00,49,2014-01-01,2026-01-01,T,01,
F035.CPRIPSFL.V12.R.CLP.2018.Z.Z.CONT.01.0.T,2026-08-21T23:56:18+00:00,49,2014-01-01,2026-01-01,T,01,
F035.CPRIPSFL.V12.R.CLP.2018.Z.Z.SER.01.0.T,2026-08-21T23:56:18+00:00,49,2014-01-01,2026-01-01,T,01,
F035.CPRIPSFL.V12.R.CLP.2018.Z.Z.Z.01.0.T,2026-08-21T23:56:18+00:00,49,2014-01-01,2026-01-01,T,01,
F035.PIB.FLU.R.CLP.2018.03.21.Z.01.0.T,2026-08-21T23:56:18+00:00,53,2013-01-01,2026-01-01,T,01,
F035.PIB.FLU.R.CLP.2018.04.21.Z.01.0.T,2026-08-21T23:56:18+00:00,53,2013-01-01,2026-01-01,T,01,
F035.PIB.FLU.R.CLP.2018.COM.21.Z.01.0.T,2026-08-21T23:56:18+00:00,53,2013-01-01,2026-01-01,T,01,
F035.PIB.FLU.R.CLP.2018.PB.21.Z.01.0.T,2026-08-21T23:56:18+00:00,53,2013-01-01,2026-01-01,T,01,
F035.PIB.FLU.R.CLP.2018.RB.21.Z.01.0.T,2026-08-21T23:56:18+00:00,53,2013-01-01,2026-01-01,T,01,
F035.PIB.FLU.R.CLP.2018.SERV.21.Z.01.0.T,2026-08-21T23:56:18+00:00,53,2013-01-01,2026-01-01,T,01,
F035.PIB.FLU.R.CLP.2018.Z.Z.Z.01.0.T,2026-08-21T23:56:18+00:00,53,2013-01-01,2026-01-01,T,01,
F035.PIB.V12.R.CLP.2018.03.21.Z.01.0.T,2026-08-21T23:56:18+00:00,49,2014-01-01,2026-01-01,T,01,
F035.PIB.V12.R.CLP.2018.04.21.Z.01.0.T,2026-08-21T23:56:18+00:00,49,2014-01-01,2026-01-01,T,01,
F035.PIB.V12.R.CLP.2018.COM.21.Z.01.0.T,2026-08-21T23:56:19+00:00,49,2014-01-01,2026-01-01,T,01,
F035.PIB.V12.R.CLP.2018.CONT.Z.Z.01.0.T,2026-08-21T23:56:19+00:00,49,2014-01-01,2026-01-01,T,01,
F035.PIB.V12.R.CLP.2018.PB.21.Z.01.0.T,2026-08-21T23:56:19+00:00,49,2014-01-01,2026-01-01,T,01,
F035.PIB.V12.R.CLP.2018.RB.21.Z.01.0.T,2026-08-21T23:56:19+00:00,49,2014-01-01,2026-01-01,T,01,
F035.PIB.V12.R.CLP.2018.SERV.21.Z.01.0.T,2026-08-21T23:56:19+00:00,49,2014-01-01,2026-01-01,T,01,
F035.PIB.V12.R.CLP.2018.Z.Z.Z.01.0.T,2026-08-21T23:56:19+00:00,49,2014-01-01,2026-01-01,T,01,
F035.XBI.FLU.R.CLP.2018.Z.Z.Z.01.0.T,2026-08-21T23:56:19+00:00,53,2013-01-01,2026-01-01,T,01,
F035.XBI.V12.R.Z.2018.Z.Z.Z.01.0.T,2026-08-21T23:56:19+00:00,49,2014-01-01,2026-01-01,T,01,
F049.AVSTA.IND.BCC1.01.T,2026-08-21T23:56:19+00:00,38,2017-01-01,2026-04-01,T,01,
F035.CPRIPSFL.FLU.R.CLP.2018.Z.Z.BD.02.0.T,2026-08-21T23:56:19+00:00,53,2013-01-01,2026-01-01,T,02,
F035.CPRIPSFL.FLU.R.CLP.2018.Z.Z.BND.02.0.T,2026-08-21T23:56:19+00:00,53,2013-01-01,2026-01-01,T,02,
F035.CPRIPSFL.FLU.R.CLP.2018.Z.Z.SER.02.0.T,2026-08-21T23:56:19+00:00,53,2013-01-01,2026-01-01,T,02,
F035.CPRIPSFL.FLU.R.CLP.2018.Z.Z.Z.02.0.T,2026-08-21T23:56:19+00:00,53,2013-01-01,2026-01-01,T,02,
F035.CPRIPSFL.V12.R.CLP.2018.Z.Z.BD.02.0.T,2026-08-21T23:56:19+00:00,49,2014-01-01,2026-01-01,T,02,
F035.CPRIPSFL.V12.R.CLP.2018.Z.Z.BND.02.0.T,2026-08-21T23:56:19+00:00,49,2014-01-01,2026-01-01,T,02,
F035.CPRIPSFL.V12.R.CLP.2018.Z.Z.CONT.02.0.T,2026-08-21T23:56:19+00:00,49,2014-01-01,2026-01-01,T,02,
F035.CPRIPSFL.V12.R.CLP.2018.Z.Z.SER.02.0.T,2026-08-21T23:56:19+00:00,49,2014-01-01,2026-01-01,T,02,
F035.CPRIPSFL.V12.R.CLP.2018.Z.Z.Z.02.0.T,2026-08-21T23:56:19+00:00,49,2014-01-01,2026-01-01,T,02,
F035.PIB.FLU.R.CLP.2018.03.Z.Z.02.0.T,2026-08-21T23:56:19+00:00,53,2013-01-01,2026-01-01,T,02,
F035.PIB.FLU.R.CLP.2018.04.Z.Z.02.0.T,2026-08-21T23:56:19+00:00,53,2013-01-01,2026-01-01,T,02,
F035.PIB.FLU.R.CLP.2018.COM.Z.Z.02.0.T,2026-08-21T23:56:19+00:00,53,2013-01-01,2026-01-01,T,02,
F035.PIB.FLU.R.CLP.2018.PB.Z.Z.02.0.T,2026-08-21T23:56:19+00:00,53,2013-01-01,2026-01-01,T,02,
F035.PIB.FLU.R.CLP.2018.RB.Z.Z.02.0.T,2026-08-21T23:56:19+00:00,53,2013-01-01,2026-01-01,T,02,
F035.PIB.FLU.R.CLP.2018.SERV.Z.Z.02.0.T,2026-08-21T23:56:19+00:00,53,2013-01-01,2026-01-01,T,02,
F035.PIB.FLU.R.CLP.2018.Z.Z.Z.02.0.T,2026-08-21T23:56:19+00:00,53,2013-01-01,2026-01-01,T,02,
F035.PIB.V12.R.CLP.2018.03.Z.Z.02.0.T,2026-08-21T23:56:19+00:00,49,2014-01-01,2026-01-01,T,02,
F035.PIB.V12.R.CLP.2018.04.Z.Z.02.0.T,2026-08-21T23:56:19+00:00,49,2014-01-01,2026-01-01,T,02,
F035.PIB.V12.R.CLP.2018.COM.Z.Z.02.0.T,2026-08-21T23:56:19+00:00,49,2014-01-01,2026-01-01,T,02,
F035.PIB.V12.R.CLP.2018.CONT.Z.Z.02.0.T,2026-08-21T23:56:19+00:00,49,2014-01-01,2026-01-01,T,02,
F035.PIB.V12.R.CLP.2018.PB.Z.Z.02.0.T,2026-08-21T23:56:19+00:00,49,2014-01-01,2026-01-01,T,02,
F035.PIB.V12.R.CLP.2018.RB.Z.Z.02.0.T,2026-08-21T23:56:19+00:00,49,2014-01-01,2026-01-01,T,02,
F035.PIB.V12.R.CLP.2018.SERV.Z.Z.02.0.T,2026-08-21T23:56:19+00:00,49,2014-01-01,2026-01-01,T,02,
F035.PIB.V12.R.CLP.2018.Z.Z.Z.02.0.T,2026-08-21T23:56:19+00:00,49,2014-01-01,2026-01-01,T,02,
F035.XBI.FLU.R.CLP.2018.Z.Z.Z.02.0.T,2026-08-21T23:56:19+00:00,53,2013-01-01,2026-01-01,T,02,
F035.XBI.V12.R.Z.2018.Z.Z.Z.02.0.T,2026-08-21T23:56:19+00:00,49,2014-01-01,2026-01-01,T,02,
F049.AVSAN.IND.BCC1.01.T,2026-08-21T23:56:19+00:00,38,2017-01-01,2026-04-01,T,02,
F035.CPRIPSFL.FLU.R.CLP.2018.Z.Z.BD.03.0.T,2026-08-21T23:56:20+00:00,53,2013-01-01,2026-01-01,T,03,
F035.CPRIPSFL.FLU.R.CLP.2018.Z.Z.BND.03.0.T,2026-08-21T23:56:20+00:00,53,2013-01-01,2026-01-01,T,03,
F035.CPRIPSFL.FLU.R.CLP.2018.Z.Z.SER.03.0.T,2026-08-21T23:56:20+00:00,53,2013-01-01,2026-01-01,T,03,
F035.CPRIPSFL.FLU.R.CLP.2018.Z.Z.Z.03.0.T,2026-08-21T23:56:20+00:00,53,2013-01-01,2026-01-01,T,03,
F035.CPRIPSFL.V12.R.CLP.2018.Z.Z.BD.03.0.T,2026-08-21T23:56:20+00:00,49,2014-01-01,2026-01-01,T,03,
F035.CPRIPSFL.V12.R.CLP.2018.Z.Z.BND.03.0.T,2026-08-21T23:56:20+00:00,49,2014-01-01,2026-01-01,T,03,
F035.CPRIPSFL.V12.R.CLP.2018.Z.Z.CONT.03.0.T,2026-08-21T23:56:20+00:00,49,2014-01-01,2026-01-01,T,03,
F035.CPRIPSFL.V12.R.CLP.2018.Z.Z.SER.03.0.T,2026-08-21T23:56:20+00:00,49,2014-01-01,2026-01-01,T,03,
F035.CPRIPSFL.V12.R.CLP.2018.Z.Z.Z.03.0.T,2026-08-21T23:56:20+00:00,49,2014-01-01,2026-01-01,T,03,
F035.PIB.FLU.R.CLP.2018.03.Z.Z.03.0.T,2026-08-21T23:56:20+00:00,53,2013-01-01,2026-01-01,T,03,
F035.PIB.FLU.R.CLP.2018.04.Z.Z.03.0.T,2026-08-21T23:56:20+00:00,53,2013-01-01,2026-01-01,T,03,
F035.PIB.FLU.R.CLP.2018.COM.Z.Z.03.0.T,2026-08-21T23:56:20+00:00,53,2013-01-01,2026-01-01,T,03,
F035.PIB.FLU.R.CLP.2018.PB.Z.Z.03.0.T,2026-08-21T23:56:20+00:00,53,2013-01-01,2026-01-01,T,03,
F035.PIB.FLU.R.CLP.2018.RB.Z.Z.03.0.T,2026-08-21T23:56:20+00:00,53,2013-01-01,2026-01-01,T,03,
F035.PIB.FLU.R.CLP.2018.SERV.Z.Z.03.0.T,2026-08-21T23:56:20+00:00,53,2013-01-01,2026-01-01,T,03,
F035.PIB.FLU.R.CLP.2018.Z.Z.Z.03.0.T,2026-08-21T23:56:20+00:00,53,2013-01-01,2026-01-01,T,03,
F035.PIB.V12.R.CLP.2018.03.Z.Z.03.0.T,2026-08-21T23:56:20+00:00,49,2014-01-01,2026-01-01,T,03,
F035.PIB.V12.R.CLP.2018.04.Z.Z.03.0.T,2026-08-21T23:56:20+00:00,49,2014-01-01,2026-01-01,T,03,
F035.PIB.V12.R.CLP.2018.COM.Z.Z.03.0.T,2026-08-21T23:56:20+00:00,49,2014-01-01,2026-01-01,T,03,
F035.PIB.V12.R.CLP.2018.CONT.Z.Z.03.0.T,2026-08-21T23:56:20+00:00,49,2014-01-01,2026-01-01,T,03,
F035.PIB.V12.R.CLP.2018.PB.Z.Z.03.0.T,2026-08-21T23:56:20+00:00,49,2014-01-01,2026-01-01,T,03,
F035.PIB.V12.R.CLP.2018.RB.Z.Z.03.0.T,2026-08-21T23:56:20+00:00,49,2014-01-01,2026-01-01,T,03,
F035.PIB.V12.R.CLP.2018.SERV.Z.Z.03.0.T,2026-08-21T23:56:20+00:00,49,2014-01-01,2026-01-01,T,03,
F035.PIB.V12.R.CLP.2018.Z.Z.Z.03.0.T,2026-08-21T23:56:20+00:00,49,2014-01-01,2026-01-01,T,03,
F035.XBI.FLU.R.CLP.2018.Z.Z.Z.03.0.T,2026-08-21T23:56:20+00:00,53,2013-01-01,2026-01-01,T,03,
F035.XBI.V12.R.Z.2018.Z.Z.Z.03.0.T,2026-08-21T23:56:20+00:00,49,2014-01-01,2026-01-01,T,03,
F049.AVSAT.IND.BCC1.01.T,2026-08-21T23:56:20+00:00,38,2017-01-01,2026-04-01,T,03,
F035.CPRIPSFL.FLU.R.CLP.2018.Z.Z.BD.04.0.T,2026-08-21T23:56:20+00:00,53,2013-01-01,2026-01-01,T,04,
F035.CPRIPSFL.FLU.R.CLP.2018.Z.Z.BND.04.0.T,2026-08-21T23:56:20+00:00,53,2013-01-01,2026-01-01,T,04,
F035.CPRIPSFL.FLU.R.CLP.2018.Z.Z.SER.04.0.T,2026-08-21T23:56:20+00:00,53,2013-01-01,2026-01-01,T,04,
F035.CPRIPSFL.FLU.R.CLP.2018.Z.Z.Z.04.0.T,2026-08-21T23:56:20+00:00,53,2013-01-01,2026-01-01,T,04,
F035.CPRIPSFL.V12.R.CLP.2018.Z.Z.BD.04.0.T,2026-08-21T23:56:20+00:00,49,2014-01-01,2026-01-01,T,04,
F035.CPRIPSFL.V12.R.CLP.2018.Z.Z.BND.04.0.T,2026-08-21T23:56:20+00:00,49,2014-01-01,2026-01-01,T,04,
F035.CPRIPSFL.V12.R.CLP.2018.Z.Z.CONT.04.0.T,2026-08-21T23:56:20+00:00,49,2014-01-01,2026-01-01,T,04,
F035.CPRIPSFL.V12.R.CLP.2018.Z.Z.SER.04.0.T,2026-08-21T23:56:20+00:00,49,2014-01-01,2026-01-01,T,04,
F035.CPRIPSFL.V12.R.CLP.2018.Z.Z.Z.04.0.T,2026-08-21T23:56:20+00:00,49,2014-01-01,2026-01-01,T,04,
F035.PIB.FLU.R.CLP.2018.03.Z.Z.04.0.T,2026-08-21T23:56:20+00:00,53,2013-01-01,2026-01-01,T,04,
F035.PIB.FLU.R.CLP.2018.04.Z.Z.04.0.T,2026-08-21T23:56:20+00:00,53,2013-01-01,2026-01-01,T,04,
F035.PIB.FLU.R.CLP.2018.COM.Z.Z.04.0.T,2026-08-21T23:56:20+00:00,53,2013-01-01,2026-01-01,T,04,
F035.PIB.FLU.R.CLP.2018.PB.Z.Z.04.0.T,2026-08-21T23:56:20+00:00,53,2013-01-01,2026-01-01,T,04,
F035.PIB.FLU.R.CLP.2018.RB.Z.Z.04.0.T,2026-08-21T23:56:21+00:00,53,2013-01-01,2026-01-01,T,04,
F035.PIB.FLU.R.CLP.2018.SERV.Z.Z.04.0.T,2026-08-21T23:56:21+00:00,53,2013-01-01,2026-01-01,T,04,
F035.PIB.FLU.R.CLP.2018.Z.Z.Z.04.0.T,2026-08-21T23:56:21+00:00,53,2013-01-01,2026-01-01,T,04,
F035.PIB.V12.R.CLP.2018.03.Z.Z.04.0.T,2026-08-21T23:56:21+00:00,49,2014-01-01,2026-01-01,T,04,
F035.PIB.V12.R.CLP.2018.04.Z.Z.04.0.T,2026-08-21T23:56:21+00:00,49,2014-01-01,2026-01-01,T,04,
F035.PIB.V12.R.CLP.2018.COM.Z.Z.04.0.T,2026-08-21T23:56:21+00:00,49,2014-01-01,2026-01-01,T,04,
F035.PIB.V12.R.CLP.2018.CONT.Z.Z.04.0.T,2026-08-21T23:56:21+00:00,49,2014-01-01,2026-01-01,T,04,
F035.PIB.V12.R.CLP.2018.PB.Z.Z.04.0.T,2026-08-21T23:56:21+00:00,49,2014-01-01,2026-01-01,T,04,
F035.PIB.V12.R.CLP.2018.RB.Z.Z.04.0.T,2026-08-21T23:56:21+00:00,49,2014-01-01,2026-01-01,T,04,
F035.PIB.V12.R.CLP.2018.SERV.Z.Z.04.0.T,2026-08-21T23:56:21+00:00,49,2014-01-01,2026-01-01,T,04,
F035.PIB.V12.R.CLP.2018.Z.Z.Z.04.0.T,2026-08-21T23:56:21+00:00,49,2014-01-01,2026-01-01,T,04,
F035.XBI.FLU.R.CLP.2018.Z.Z.Z.04.0.T,2026-08-21T23:56:21+00:00,53,2013-01-01,2026-01-01,T,04,
F035.XBI.V12.R.Z.2018.Z.Z.Z.04.0.T,2026-08-21T23:56:21+00:00,49,2014-01-01,2026-01-01,T,04,
F049.AVSCO.IND.BCC1.01.T,2026-08-21T23:56:21+00:00,38,2017-01-01,2026-04-01,T,04,
F035.CPRIPSFL.FLU.R.CLP.2018.Z.Z.BD.05.0.T,2026-08-21T23:56:21+00:00,53,2013-01-01,2026-01-01,T,05,
F035.CPRIPSFL.FLU.R.CLP.2018.Z.Z.BND.05.0.T,2026-08-21T23:56:21+00:00,53,2013-01-01,2026-01-01,T,05,
F035.CPRIPSFL.FLU.R.CLP.2018.Z.Z.SER.05.0.T,2026-08-21T23:56:21+00:00,53,2013-01-01,2026-01-01,T,05,
F035.CPRIPSFL.FLU.R.CLP.2018.Z.Z.Z.05.0.T,2026-08-21T23:56:21+00:00,53,2013-01-01,2026-01-01,T,05,
F035.CPRIPSFL.V12.R.CLP.2018.Z.Z.BD.05.0.T,2026-08-21T23:56:21+00:00,49,2014-01-01,2026-01-01,T,05,
F035.CPRIPSFL.V12.R.CLP.2018.Z.Z.BND.05.0.T,2026-08-21T23:56:21+00:00,49,2014-01-01,2026-01-01,T,05,
F035.CPRIPSFL.V12.R.CLP.2018.Z.Z.CONT.05.0.T,2026-08-21T23:56:21+00:00,49,2014-01-01,2026-01-01,T,05,
F035.CPRIPSFL.V12.R.CLP.2018.Z.Z.SER.05.0.T,2026-08-21T23:56:21+00:00,49,2014-01-01,2026-01-01,T,05,
F035.CPRIPSFL.V12.R.CLP.2018.Z.Z.Z.05.0.T,2026-08-21T23:56:21+00:00,49,2014-01-01,2026-01-01,T,05,
F035.PIB.FLU.R.CLP.2018.03.Z.Z.05.0.T,2026-08-21T23:56:21+00:00,53,2013-01-01,2026-01-01,T,05,
F035.PIB.FLU.R.CLP.2018.04.Z.Z.05.0.T,2026-08-21T23:56:21+00:00,53,2013-01-01,2026-01-01,T,05,
F035.PIB.FLU.R.CLP.2018.COM.Z.Z.05.0.T,2026-08-21T23:56:21+00:00,53,2013-01-01,2026-01-01,T,05,
F035.PIB.FLU.R.CLP.2018.PB.Z.Z.05.0.T,2026-08-21T23:56:21+00:00,53,2013-01-01,2026-01-01,T,05,
F035.PIB.FLU.R.CLP.2018.RB.Z.Z.05.0.T,2026-08-21T23:56:21+00:00,53,2013-01-01,2026-01-01,T,05,
F035.PIB.FLU.R.CLP.2018.SERV.Z.Z.05.0.T,2026-08-21T23:56:21+00:00,53,2013-01-01,2026-01-01,T,05,
F035.PIB.FLU.R.CLP.2018.Z.Z.Z.05.0.T,2026-08-21T23:56:21+00:00,53,2013-01-01,2026-01-01,T,05,
F035.PIB.V12.R.CLP.2018.03.Z.Z.05.0.T,2026-08-21T23:56:21+00:00,49,2014-01-01,2026-01-01,T,05,
F035.PIB.V12.R.CLP.2018.04.Z.Z.05.0.T,2026-08-21T23:56:21+00:00,49,2014-01-01,2026-01-01,T,05,
F035.PIB.V12.R.CLP.2018.COM.Z.Z.05.0.T,2026-08-21T23:56:21+00:00,49,2014-01-01,2026-01-01,T,05,
F035.PIB.V12.R.CLP.2018.CONT.Z.Z.05.0.T,2026-08-21T23:56:21+00:00,49,2014-01-01,2026-01-01,T,05,
F035.PIB.V12.R.CLP.2018.PB.Z.Z.05.0.T,2026-08-21T23:56:21+00:00,49,2014-01-01,2026-01-01,T,05,
F035.PIB.V12.R.CLP.2018.RB.Z.Z.05.0.T,2026-08-21T23:56:21+00:00,49,2014-01-01,2026-01-01,T,05,
F035.PIB.V12.R.CLP.2018.SERV.Z.Z.05.0.T,2026-08-21T23:56:21+00:00,49,2014-01-01,2026-01-01,T,05,
F035.PIB.V12.R.CLP.2018.Z.Z.Z.05.0.T,2026-08-21T23:56:21+00:00,49,2014-01-01,2026-01-01,T,05,
F035.XBI.FLU.R.CLP.2018.Z.Z.Z.05.0.T,2026-08-21T23:56:21+00:00,53,2013-01-01,2026-01-01,T,05,
F035.XBI.V12.R.Z.2018.Z.Z.Z.05.0.T,2026-08-21T23:56:22+00:00,49,2014-01-01,2026-01-01,T,05,
F049.AVSVA.IND.BCC1.01.T,2026-08-21T23:56:22+00:00,38,2017-01-01,2026-04-01,T,05,
F035.CPRIPSFL.FLU.R.CLP.2018.Z.Z.BD.06.0.T,2026-08-21T23:56:22+00:00,53,2013-01-01,2026-01-01,T,06,
F035.CPRIPSFL.FLU.R.CLP.2018.Z.Z.BND.06.0.T,2026-08-21T23:56:22+00:00,53,2013-01-01,2026-01-01,T,06,
F035.CPRIPSFL.FLU.R.CLP.2018.Z.Z.SER.06.0.T,2026-08-21T23:56:22+00:00,53,2013-01-01,2026-01-01,T,06,
F035.CPRIPSFL.FLU.R.CLP.2018.Z.Z.Z.06.0.T,2026-08-21T23:56:22+00:00,53,2013-01-01,2026-01-01,T,06,
F035.CPRIPSFL.V12.R.CLP.2018.Z.Z.BD.06.0.T,2026-08-21T23:56:22+00:00,49,2014-01-01,2026-01-01,T,06,
F035.CPRIPSFL.V12.R.CLP.2018.Z.Z.BND.06.0.T,2026-08-21T23:56:22+00:00,49,2014-01-01,2026-01-01,T,06,
F035.CPRIPSFL.V12.R.CLP.2018.Z.Z.CONT.06.0.T,2026-08-21T23:56:22+00:00,49,2014-01-01,2026-01-01,T,06,
F035.CPRIPSFL.V12.R.CLP.2018.Z.Z.SER.06.0.T,2026-08-21T23:56:22+00:00,49,2014-01-01,2026-01-01,T,06,
F035.CPRIPSFL.V12.R.CLP.2018.Z.Z.Z.06.0.T,2026-08-21T23:56:22+00:00,49,2014-01-01,2026-01-01,T,06,
F035.PIB.FLU.R.CLP.2018.03.Z.Z.06.0.T,2026-08-21T23:56:22+00:00,53,2013-01-01,2026-01-01,T,06,
F035.PIB.FLU.R.CLP.2018.04.Z.Z.06.0.T,2026-08-21T23:56:22+00:00,53,2013-01-01,2026-01-01,T,06,
F035.PIB.FLU.R.CLP.2018.COM.Z.Z.06.0.T,2026-08-21T23:56:22+00:00,53,2013-01-01,2026-01-01,T,06,
F035.PIB.FLU.R.CLP.2018.PB.Z.Z.06.0.T,2026-08-21T23:56:22+00:00,53,2013-01-01,2026-01-01,T,06,
F035.PIB.FLU.R.CLP.2018.RB.Z.Z.06.0.T,2026-08-21T23:56:22+00:00,53,2013-01-01,2026-01-01,T,06,
F035.PIB.FLU.R.CLP.2018.SERV.Z.Z.06.0.T,2026-08-21T23:56:22+00:00,53,2013-01-01,2026-01-01,T,06,
F035.PIB.FLU.R.CLP.2018.Z.Z.Z.06.0.T,2026-08-21T23:56:22+00:00,53,2013-01-01,2026-01-01,T,06,
F035.PIB.V12.R.CLP.2018.03.Z.Z.06.0.T,2026-08-21T23:56:22+00:00,49,2014-01-01,2026-01-01,T,06,
F035.PIB.V12.R.CLP.2018.04.Z.Z.06.0.T,2026-08-21T23:56:22+00:00,49,2014-01-01,2026-01-01,T,06,
F035.PIB.V12.R.CLP.2018.COM.Z.Z.06.0.T,2026-08-21T23:56:22+00:00,49,2014-01-01,2026-01-01,T,06,
F035.PIB.V12.R.CLP.2018.CONT.Z.Z.06.0.T,2026-08-21T23:56:22+00:00,49,2014-01-01,2026-01-01,T,06,
F035.PIB.V12.R.CLP.2018.PB.Z.Z.06.0.T,2026-08-21T23:56:22+00:00,49,2014-01-01,2026-01-01,T,06,
F035.PIB.V12.R.CLP.2018.RB.Z.Z.06.0.T,2026-08-21T23:56:22+00:00,49,2014-01-01,2026-01-01,T,06,
F035.PIB.V12.R.CLP.2018.SERV.Z.Z.06.0.T,2026-08-21T23:56:22+00:00,49,2014-01-01,2026-01-01,T,06,
F035.PIB.V12.R.CLP.2018.Z.Z.Z.06.0.T,2026-08-21T23:56:22+00:00,49,2014-01-01,2026-01-01,T,06,
F035.XBI.FLU.R.CLP.2018.Z.Z.Z.06.0.T,2026-08-21T23:56:22+00:00,53,2013-01-01,2026-01-01,T,06,
F035.XBI.V12.R.Z.2018.Z.Z.Z.06.0.T,2026-08-21T23:56:22+00:00,49,2014-01-01,2026-01-01,T,06,
F049.AVSOH.IND.BCC1.01.T,2026-08-21T23:56:22+00:00,38,2017-01-01,2026-04-01,T,06,
F035.CPRIPSFL.FLU.R.CLP.2018.Z.Z.BD.07.0.T,2026-08-21T23:56:22+00:00,53,2013-01-01,2026-01-01,T,07,
F035.CPRIPSFL.FLU.R.CLP.2018.Z.Z.BND.07.0.T,2026-08-21T23:56:22+00:00,53,2013-01-01,2026-01-01,T,07,
F035.CPRIPSFL.FLU.R.CLP.2018.Z.Z.SER.07.0.T,2026-08-21T23:56:22+00:00,53,2013-01-01,2026-01-01,T,07,
F035.CPRIPSFL.FLU.R.CLP.2018.Z.Z.Z.07.0.T,2026-08-21T23:56:22+00:00,53,2013-01-01,2026-01-01,T,07,
F035.CPRIPSFL.V12.R.CLP.2018.Z.Z.BD.07.0.T,2026-08-21T23:56:22+00:00,49,2014-01-01,2026-01-01,T,07,
F035.CPRIPSFL.V12.R.CLP.2018.Z.Z.BND.07.0.T,2026-08-21T23:56:22+00:00,49,2014-01-01,2026-01-01,T,07,
F035.CPRIPSFL.V12.R.CLP.2018.Z.Z.CONT.07.0.T,2026-08-21T23:56:22+00:00,49,2014-01-01,2026-01-01,T,07,
F035.CPRIPSFL.V12.R.CLP.2018.Z.Z.SER.07.0.T,2026-08-21T23:56:22+00:00,49,2014-01-01,2026-01-01,T,07,
F035.CPRIPSFL.V12.R.CLP.2018.Z.Z.Z.07.0.T,2026-08-21T23:56:22+00:00,49,2014-01-01,2026-01-01,T,07,
F035.PIB.FLU.R.CLP.2018.03.Z.Z.07.0.T,2026-08-21T23:56:22+00:00,0,,,T,07,
F035.PIB.FLU.R.CLP.2018.04.Z.Z.07.0.T,2026-08-21T23:56:22+00:00,53,2013-01-01,2026-01-01,T,07,
F035.PIB.FLU.R.CLP.2018.COM.Z.Z.07.0.T,2026-08-21T23:56:23+00:00,53,2013-01-01,2026-01-01,T,07,
F035.PIB.FLU.R.CLP.2018.PB.Z.Z.07.0.T,2026-08-21T23:56:23+00:00,53,2013-01-01,2026-01-01,T,07,
F035.PIB.FLU.R.CLP.2018.RB.Z.Z.07.0.T,2026-08-21T23:56:23+00:00,53,2013-01-01,2026-01-01,T,07,
F035.PIB.FLU.R.CLP.2018.SERV.Z.Z.07.0.T,2026-08-21T23:56:23+00:00,53,2013-01-01,2026-01-01,T,07,
F035.PIB.FLU.R.CLP.2018.Z.Z.Z.07.0.T,2026-08-21T23:56:23+00:00,53,2013-01-01,2026-01-01,T,07,
F035.PIB.V12.R.CLP.2018.03.Z.Z.07.0.T,2026-08-21T23:56:23+00:00,0,,,T,07,
F035.PIB.V12.R.CLP.2018.04.Z.Z.07.0.T,2026-08-21T23:56:23+00:00,49,2014-01-01,2026-01-01,T,07,
F035.PIB.V12.R.CLP.2018.COM.Z.Z.07.0.T,2026-08-21T23:56:23+00:00,49,2014-01-01,2026-01-01,T,07,
F035.PIB.V12.R.CLP.2018.CONT.Z.Z.07.0.T,2026-08-21T23:56:23+00:00,49,2014-01-01,2026-01-01,T,07,
F035.PIB.V12.R.CLP.2018.PB.Z.Z.07.0.T,2026-08-21T23:56:23+00:00,49,2014-01-01,2026-01-01,T,07,
F035.PIB.V12.R.CLP.2018.RB.Z.Z.07.0.T,2026-08-21T23:56:23+00:00,49,2014-01-01,2026-01-01,T,07,
F035.PIB.V12.R.CLP.2018.SERV.Z.Z.07.0.T,2026-08-21T23:56:23+00:00,49,2014-01-01,2026-01-01,T,07,
F035.PIB.V12.R.CLP.2018.Z.Z.Z.07.0.T,2026-08-21T23:56:23+00:00,49,2014-01-01,2026-01-01,T,07,
F035.XBI.FLU.R.CLP.2018.Z.Z.Z.07.0.T,2026-08-21T23:56:23+00:00,53,2013-01-01,2026-01-01,T,07,
F035.XBI.V12.R.Z.2018.Z.Z.Z.07.0.T,2026-08-21T23:56:23+00:00,49,2014-01-01,2026-01-01,T,07,
F049.AVSMA.IND.BCC1.01.T,2026-08-21T23:56:23+00:00,38,2017-01-01,2026-04-01,T,07,
F035.CPRIPSFL.FLU.R.CLP.2018.Z.Z.BD.08.0.T,2026-08-21T23:56:23+00:00,53,2013-01-01,2026-01-01,T,08,
F035.CPRIPSFL.FLU.R.CLP.2018.Z.Z.BND.08.0.T,2026-08-21T23:56:23+00:00,53,2013-01-01,2026-01-01,T,08,
F035.CPRIPSFL.FLU.R.CLP.2018.Z.Z.SER.08.0.T,2026-08-21T23:56:23+00:00,53,2013-01-01,2026-01-01,T,08,
F035.CPRIPSFL.FLU.R.CLP.2018.Z.Z.Z.08.0.T,2026-08-21T23:56:23+00:00,53,2013-01-01,2026-01-01,T,08,
F035.CPRIPSFL.V12.R.CLP.2018.Z.Z.BD.08.0.T,2026-08-21T23:56:23+00:00,49,2014-01-01,2026-01-01,T,08,
F035.CPRIPSFL.V12.R.CLP.2018.Z.Z.BND.08.0.T,2026-08-21T23:56:23+00:00,49,2014-01-01,2026-01-01,T,08,
F035.CPRIPSFL.V12.R.CLP.2018.Z.Z.CONT.08.0.T,2026-08-21T23:56:23+00:00,49,2014-01-01,2026-01-01,T,08,
F035.CPRIPSFL.V12.R.CLP.2018.Z.Z.SER.08.0.T,2026-08-21T23:56:23+00:00,49,2014-01-01,2026-01-01,T,08,
F035.CPRIPSFL.V12.R.CLP.2018.Z.Z.Z.08.0.T,2026-08-21T23:56:23+00:00,49,2014-01-01,2026-01-01,T,08,
F035.PIB.FLU.R.CLP.2018.03.Z.Z.08.0.T,2026-08-21T23:56:23+00:00,0,,,T,08,
F035.PIB.FLU.R.CLP.2018.04.Z.Z.08.0.T,2026-08-21T23:56:23+00:00,53,2013-01-01,2026-01-01,T,08,
F035.PIB.FLU.R.CLP.2018.COM.Z.Z.08.0.T,2026-08-21T23:56:23+00:00,53,2013-01-01,2026-01-01,T,08,
F035.PIB.FLU.R.CLP.2018.PB.Z.Z.08.0.T,2026-08-21T23:56:23+00:00,53,2013-01-01,2026-01-01,T,08,
F035.PIB.FLU.R.CLP.2018.RB.Z.Z.08.0.T,2026-08-21T23:56:23+00:00,53,2013-01-01,2026-01-01,T,08,
F035.PIB.FLU.R.CLP.2018.SERV.Z.Z.08.0.T,2026-08-21T23:56:23+00:00,53,2013-01-01,2026-01-01,T,08,
F035.PIB.FLU.R.CLP.2018.Z.Z.Z.08.0.T,2026-08-21T23:56:23+00:00,53,2013-01-01,2026-01-01,T,08,
F035.PIB.V12.R.CLP.2018.03.Z.Z.08.0.T,2026-08-21T23:56:23+00:00,0,,,T,08,
F035.PIB.V12.R.CLP.2018.04.Z.Z.08.0.T,2026-08-21T23:56:23+00:00,49,2014-01-01,2026-01-01,T,08,
F035.PIB.V12.R.CLP.2018.COM.Z.Z.08.0.T,2026-08-21T23:56:23+00:00,49,2014-01-01,2026-01-01,T,08,
F035.PIB.V12.R.CLP.2018.CONT.Z.Z.08.0.T,2026-08-21T23:56:23+00:00,49,2014-01-01,2026-01-01,T,08,
F035.PIB.V12.R.CLP.2018.PB.Z.Z.08.0.T,2026-08-21T23:56:23+00:00,49,2014-01-01,2026-01-01,T,08,
F035.PIB.V12.R.CLP.2018.RB.Z.Z.08.0.T,2026-08-21T23:56:23+00:00,49,2014-01-01,2026-01-01,T,08,
F035.PIB.V12.R.CLP.2018.SERV.Z.Z.08.0.T,2026-08-21T23:56:23+00:00,49,2014-01-01,2026-01-01,T,08,
F035.PIB.V12.R.CLP.2018.Z.Z.Z.08.0.T,2026-08-21T23:56:23+00:00,49,2014-01-01,2026-01-01,T,08,
F035.XBI.FLU.R.CLP.2018.Z.Z.Z.08.0.T,2026-08-21T23:56:23+00:00,53,2013-01-01,2026-01-01,T,08,
F035.XBI.V12.R.Z.2018.Z.Z.Z.08.0.T,2026-08-21T23:56:23+00:00,49,2014-01-01,2026-01-01,T,08,
F049.AVSBI.IND.BCC1.01.T,2026-08-21T23:56:24+00:00,38,2017-01-01,2026-04-01,T,08,
F035.CPRIPSFL.FLU.R.CLP.2018.Z.Z.BD.09.0.T,2026-08-21T23:56:24+00:00,53,2013-01-01,2026-01-01,T,09,
F035.CPRIPSFL.FLU.R.CLP.2018.Z.Z.BND.09.0.T,2026-08-21T23:56:24+00:00,53,2013-01-01,2026-01-01,T,09,
F035.CPRIPSFL.FLU.R.CLP.2018.Z.Z.SER.09.0.T,2026-08-21T23:56:24+00:00,53,2013-01-01,2026-01-01,T,09,
F035.CPRIPSFL.FLU.R.CLP.2018.Z.Z.Z.09.0.T,2026-08-21T23:56:24+00:00,53,2013-01-01,2026-01-01,T,09,
F035.CPRIPSFL.V12.R.CLP.2018.Z.Z.BD.09.0.T,2026-08-21T23:56:24+00:00,49,2014-01-01,2026-01-01,T,09,
F035.CPRIPSFL.V12.R.CLP.2018.Z.Z.BND.09.0.T,2026-08-21T23:56:24+00:00,49,2014-01-01,2026-01-01,T,09,
F035.CPRIPSFL.V12.R.CLP.2018.Z.Z.CONT.09.0.T,2026-08-21T23:56:24+00:00,49,2014-01-01,2026-01-01,T,09,
F035.CPRIPSFL.V12.R.CLP.2018.Z.Z.SER.09.0.T,2026-08-21T23:56:24+00:00,49,2014-01-01,2026-01-01,T,09,
F035.CPRIPSFL.V12.R.CLP.2018.Z.Z.Z.09.0.T,2026-08-21T23:56:24+00:00,49,2014-01-01,2026-01-01,T,09,
F035.PIB.FLU.R.CLP.2018.03.Z.Z.09.0.T,2026-08-21T23:56:24+00:00,0,,,T,09,
F035.PIB.FLU.R.CLP.2018.04.Z.Z.09.0.T,2026-08-21T23:56:24+00:00,53,2013-01-01,2026-01-01,T,09,
F035.PIB.FLU.R.CLP.2018.COM.Z.Z.09.0.T,2026-08-21T23:56:24+00:00,53,2013-01-01,2026-01-01,T,09,
F035.PIB.FLU.R.CLP.2018.PB.Z.Z.09.0.T,2026-08-21T23:56:24+00:00,53,2013-01-01,2026-01-01,T,09,
F035.PIB.FLU.R.CLP.2018.RB.Z.Z.09.0.T,2026-08-21T23:56:24+00:00,53,2013-01-01,2026-01-01,T,09,
F035.PIB.FLU.R.CLP.2018.SERV.Z.Z.09.0.T,2026-08-21T23:56:24+00:00,53,2013-01-01,2026-01-01,T,09,
F035.PIB.FLU.R.CLP.2018.Z.Z.Z.09.0.T,2026-08-21T23:56:24+00:00,53,2013-01-01,2026-01-01,T,09,
F035.PIB.V12.R.CLP.2018.03.Z.Z.09.0.T,2026-08-21T23:56:24+00:00,0,,,T,09,
F035.PIB.V12.R.CLP.2018.04.Z.Z.09.0.T,2026-08-21T23:56:24+00:00,49,2014-01-01,2026-01-01,T,09,
F035.PIB.V12.R.CLP.2018.COM.Z.Z.09.0.T,2026-08-21T23:56:24+00:00,49,2014-01-01,2026-01-01,T,09,
F035.PIB.V12.R.CLP.2018.CONT.Z.Z.09.0.T,2026-08-21T23:56:24+00:00,49,2014-01-01,2026-01-01,T,09,
F035.PIB.V12.R.CLP.2018.PB.Z.Z.09.0.T,2026-08-21T23:56:24+00:00,49,2014-01-01,2026-01-01,T,09,
F035.PIB.V12.R.CLP.2018.RB.Z.Z.09.0.T,2026-08-21T23:56:24+00:00,49,2014-01-01,2026-01-01,T,09,
F035.PIB.V12.R.CLP.2018.SERV.Z.Z.09.0.T,2026-08-21T23:56:24+00:00,49,2014-01-01,2026-01-01,T,09,
F035.PIB.V12.R.CLP.2018.Z.Z.Z.09.0.T,2026-08-21T23:56:24+00:00,49,2014-01-01,2026-01-01,T,09,
F035.XBI.FLU.R.CLP.2018.Z.Z.Z.09.0.T,2026-08-21T23:56:24+00:00,53,2013-01-01,2026-01-01,T,09,
F035.XBI.V12.R.Z.2018.Z.Z.Z.09.0.T,2026-08-21T23:56:24+00:00,49,2014-01-01,2026-01-01,T,09,
F049.AVSAR.IND.BCC1.01.T,2026-08-21T23:56:24+00:00,38,2017-01-01,2026-04-01,T,09,
F035.CPRIPSFL.FLU.R.CLP.2018.Z.Z.BD.10.0.T,2026-08-21T23:56:24+00:00,53,2013-01-01,2026-01-01,T,10,
F035.CPRIPSFL.FLU.R.CLP.2018.Z.Z.BND.10.0.T,2026-08-21T23:56:24+00:00,53,2013-01-01,2026-01-01,T,10,
F035.CPRIPSFL.FLU.R.CLP.2018.Z.Z.SER.10.0.T,2026-08-21T23:56:24+00:00,53,2013-01-01,2026-01-01,T,10,
F035.CPRIPSFL.FLU.R.CLP.2018.Z.Z.Z.10.0.T,2026-08-21T23:56:24+00:00,53,2013-01-01,2026-01-01,T,10,
F035.CPRIPSFL.V12.R.CLP.2018.Z.Z.BD.10.0.T,2026-08-21T23:56:24+00:00,49,2014-01-01,2026-01-01,T,10,
F035.CPRIPSFL.V12.R.CLP.2018.Z.Z.BND.10.0.T,2026-08-21T23:56:24+00:00,49,2014-01-01,2026-01-01,T,10,
F035.CPRIPSFL.V12.R.CLP.2018.Z.Z.CONT.10.0.T,2026-08-21T23:56:24+00:00,49,2014-01-01,2026-01-01,T,10,
F035.CPRIPSFL.V12.R.CLP.2018.Z.Z.SER.10.0.T,2026-08-21T23:56:24+00:00,49,2014-01-01,2026-01-01,T,10,
F035.CPRIPSFL.V12.R.CLP.2018.Z.Z.Z.10.0.T,2026-08-21T23:56:25+00:00,49,2014-01-01,2026-01-01,T,10,
F035.PIB.FLU.R.CLP.2018.03.Z.Z.10.0.T,2026-08-21T23:56:25+00:00,0,,,T,10,
F035.PIB.FLU.R.CLP.2018.04.Z.Z.10.0.T,2026-08-21T23:56:25+00:00,53,2013-01-01,2026-01-01,T,10,
F035.PIB.FLU.R.CLP.2018.COM.Z.Z.10.0.T,2026-08-21T23:56:25+00:00,53,2013-01-01,2026-01-01,T,10,
F035.PIB.FLU.R.CLP.2018.PB.Z.Z.10.0.T,2026-08-21T23:56:25+00:00,53,2013-01-01,2026-01-01,T,10,
F035.PIB.FLU.R.CLP.2018.RB.Z.Z.10.0.T,2026-08-21T23:56:25+00:00,53,2013-01-01,2026-01-01,T,10,
F035.PIB.FLU.R.CLP.2018.SERV.Z.Z.10.0.T,2026-08-21T23:56:25+00:00,53,2013-01-01,2026-01-01,T,10,
F035.PIB.FLU.R.CLP.2018.Z.Z.Z.10.0.T,2026-08-21T23:56:25+00:00,53,2013-01-01,2026-01-01,T,10,
F035.PIB.V12.R.CLP.2018.03.Z.Z.10.0.T,2026-08-21T23:56:25+00:00,0,,,T,10,
F035.PIB.V12.R.CLP.2018.04.Z.Z.10.0.T,2026-08-21T23:56:25+00:00,49,2014-01-01,2026-01-01,T,10,
F035.PIB.V12.R.CLP.2018.COM.Z.Z.10.0.T,2026-08-21T23:56:25+00:00,49,2014-01-01,2026-01-01,T,10,
F035.PIB.V12.R.CLP.2018.CONT.Z.Z.10.0.T,2026-08-21T23:56:25+00:00,49,2014-01-01,2026-01-01,T,10,
F035.PIB.V12.R.CLP.2018.PB.Z.Z.10.0.T,2026-08-21T23:56:25+00:00,49,2014-01-01,2026-01-01,T,10,
F035.PIB.V12.R.CLP.2018.RB.Z.Z.10.0.T,2026-08-21T23:56:25+00:00,49,2014-01-01,2026-01-01,T,10,
F035.PIB.V12.R.CLP.2018.SERV.Z.Z.10.0.T,2026-08-21T23:56:25+00:00,49,2014-01-01,2026-01-01,T,10,
F035.PIB.V12.R.CLP.2018.Z.Z.Z.10.0.T,2026-08-21T23:56:25+00:00,49,2014-01-01,2026-01-01,T,10,
F035.XBI.FLU.R.CLP.2018.Z.Z.Z.10.0.T,2026-08-21T23:56:25+00:00,53,2013-01-01,2026-01-01,T,10,
F035.XBI.V12.R.Z.2018.Z.Z.Z.10.0.T,2026-08-21T23:56:25+00:00,49,2014-01-01,2026-01-01,T,10,
F049.AVSLL.IND.BCC1.01.T,2026-08-21T23:56:25+00:00,38,2017-01-01,2026-04-01,T,10,
F035.CPRIPSFL.FLU.R.CLP.2018.Z.Z.BD.11.0.T,2026-08-21T23:56:25+00:00,53,2013-01-01,2026-01-01,T,11,
F035.CPRIPSFL.FLU.R.CLP.2018.Z.Z.BND.11.0.T,2026-08-21T23:56:25+00:00,53,2013-01-01,2026-01-01,T,11,
F035.CPRIPSFL.FLU.R.CLP.2018.Z.Z.SER.11.0.T,2026-08-21T23:56:25+00:00,53,2013-01-01,2026-01-01,T,11,
F035.CPRIPSFL.FLU.R.CLP.2018.Z.Z.Z.11.0.T,2026-08-21T23:56:25+00:00,53,2013-01-01,2026-01-01,T,11,
F035.CPRIPSFL.V12.R.CLP.2018.Z.Z.BD.11.0.T,2026-08-21T23:56:25+00:00,49,2014-01-01,2026-01-01,T,11,
F035.CPRIPSFL.V12.R.CLP.2018.Z.Z.BND.11.0.T,2026-08-21T23:56:25+00:00,49,2014-01-01,2026-01-01,T,11,
F035.CPRIPSFL.V12.R.CLP.2018.Z.Z.CONT.11.0.T,2026-08-21T23:56:25+00:00,49,2014-01-01,2026-01-01,T,11,
F035.CPRIPSFL.V12.R.CLP.2018.Z.Z.SER.11.0.T,2026-08-21T23:56:25+00:00,49,2014-01-01,2026-01-01,T,11,
F035.CPRIPSFL.V12.R.CLP.2018.Z.Z.Z.11.0.T,2026-08-21T23:56:25+00:00,49,2014-01-01,2026-01-01,T,11,
F035.PIB.FLU.R.CLP.2018.03.Z.Z.11.0.T,2026-08-21T23:56:25+00:00,53,2013-01-01,2026-01-01,T,11,
F035.PIB.FLU.R.CLP.2018.04.Z.Z.11.0.T,2026-08-21T23:56:25+00:00,53,2013-01-01,2026-01-01,T,11,
F035.PIB.FLU.R.CLP.2018.COM.Z.Z.11.0.T,2026-08-21T23:56:25+00:00,53,2013-01-01,2026-01-01,T,11,
F035.PIB.FLU.R.CLP.2018.PB.Z.Z.11.0.T,2026-08-21T23:56:25+00:00,53,2013-01-01,2026-01-01,T,11,
F035.PIB.FLU.R.CLP.2018.RB.Z.Z.11.0.T,2026-08-21T23:56:25+00:00,53,2013-01-01,2026-01-01,T,11,
F035.PIB.FLU.R.CLP.2018.SERV.Z.Z.11.0.T,2026-08-21T23:56:25+00:00,53,2013-01-01,2026-01-01,T,11,
F035.PIB.FLU.R.CLP.2018.Z.Z.Z.11.0.T,2026-08-21T23:56:25+00:00,53,2013-01-01,2026-01-01,T,11,
F035.PIB.V12.R.CLP.2018.03.Z.Z.11.0.T,2026-08-21T23:56:25+00:00,49,2014-01-01,2026-01-01,T,11,
F035.PIB.V12.R.CLP.2018.04.Z.Z.11.0.T,2026-08-21T23:56:25+00:00,49,2014-01-01,2026-01-01,T,11,
F035.PIB.V12.R.CLP.2018.COM.Z.Z.11.0.T,2026-08-21T23:56:25+00:00,49,2014-01-01,2026-01-01,T,11,
F035.PIB.V12.R.CLP.2018.CONT.Z.Z.11.0.T,2026-08-21T23:56:25+00:00,49,2014-01-01,2026-01-01,T,11,
F035.PIB.V12.R.CLP.2018.PB.Z.Z.11.0.T,2026-08-21T23:56:25+00:00,49,2014-01-01,2026-01-01,T,11,
F035.PIB.V12.R.CLP.2018.RB.Z.Z.11.0.T,2026-08-21T23:56:26+00:00,49,2014-01-01,2026-01-01,T,11,
F035.PIB.V12.R.CLP.2018.SERV.Z.Z.11.0.T,2026-08-21T23:56:26+00:00,49,2014-01-01,2026-01-01,T,11,
F035.PIB.V12.R.CLP.2018.Z.Z.Z.11.0.T,2026-08-21T23:56:26+00:00,49,2014-01-01,2026-01-01,T,11,
F035.XBI.FLU.R.CLP.2018.Z.Z.Z.11.0.T,2026-08-21T23:56:26+00:00,53,2013-01-01,2026-01-01,T,11,
F035.XBI.V12.R.Z.2018.Z.Z.Z.11.0.T,2026-08-21T23:56:26+00:00,49,2014-01-01,2026-01-01,T,11,
F049.AVSAI.IND.BCC1.01.T,2026-08-21T23:56:26+00:00,38,2017-01-01,2026-04-01,T,11,
F035.CPRIPSFL.FLU.R.CLP.2018.Z.Z.BD.12.0.T,2026-08-21T23:56:26+00:00,53,2013-01-01,2026-01-01,T,12,
F035.CPRIPSFL.FLU.R.CLP.2018.Z.Z.BND.12.0.T,2026-08-21T23:56:26+00:00,53,2013-01-01,2026-01-01,T,12,
F035.CPRIPSFL.FLU.R.CLP.2018.Z.Z.SER.12.0.T,2026-08-21T23:56:26+00:00,53,2013-01-01,2026-01-01,T,12,
F035.CPRIPSFL.FLU.R.CLP.2018.Z.Z.Z.12.0.T,2026-08-21T23:56:26+00:00,53,2013-01-01,2026-01-01,T,12,
F035.CPRIPSFL.V12.R.CLP.2018.Z.Z.BD.12.0.T,2026-08-21T23:56:26+00:00,49,2014-01-01,2026-01-01,T,12,
F035.CPRIPSFL.V12.R.CLP.2018.Z.Z.BND.12.0.T,2026-08-21T23:56:26+00:00,49,2014-01-01,2026-01-01,T,12,
F035.CPRIPSFL.V12.R.CLP.2018.Z.Z.CONT.12.0.T,2026-08-21T23:56:26+00:00,49,2014-01-01,2026-01-01,T,12,
F035.CPRIPSFL.V12.R.CLP.2018.Z.Z.SER.12.0.T,2026-08-21T23:56:26+00:00,49,2014-01-01,2026-01-01,T,12,
F035.CPRIPSFL.V12.R.CLP.2018.Z.Z.Z.12.0.T,2026-08-21T23:56:26+00:00,49,2014-01-01,2026-01-01,T,12,
F035.PIB.FLU.R.CLP.2018.03.Z.Z.12.0.T,2026-08-21T23:56:26+00:00,53,2013-01-01,2026-01-01,T,12,
F035.PIB.FLU.R.CLP.2018.04.Z.Z.12.0.T,2026-08-21T23:56:26+00:00,53,2013-01-01,2026-01-01,T,12,
F035.PIB.FLU.R.CLP.2018.COM.Z.Z.12.0.T,2026-08-21T23:56:26+00:00,53,2013-01-01,2026-01-01,T,12,
F035.PIB.FLU.R.CLP.2018.PB.Z.Z.12.0.T,2026-08-21T23:56:26+00:00,53,2013-01-01,2026-01-01,T,12,
F035.PIB.FLU.R.CLP.2018.RB.Z.Z.12.0.T,2026-08-21T23:56:26+00:00,53,2013-01-01,2026-01-01,T,12,
F035.PIB.FLU.R.CLP.2018.SERV.Z.Z.12.0.T,2026-08-21T23:56:26+00:00,53,2013-01-01,2026-01-01,T,12,
F035.PIB.FLU.R.CLP.2018.Z.Z.Z.12.0.T,2026-08-21T23:56:26+00:00,53,2013-01-01,2026-01-01,T,12,
F035.PIB.V12.R.CLP.2018.03.Z.Z.12.0.T,2026-08-21T23:56:26+00:00,49,2014-01-01,2026-01-01,T,12,
F035.PIB.V12.R.CLP.2018.04.Z.Z.12.0.T,2026-08-21T23:56:26+00:00,49,2014-01-01,2026-01-01,T,12,
F035.PIB.V12.R.CLP.2018.COM.Z.Z.12.0.T,2026-08-21T23:56:26+00:00,49,2014-01-01,2026-01-01,T,12,
F035.PIB.V12.R.CLP.2018.CONT.Z.Z.12.0.T,2026-08-21T23:56:26+00:00,49,2014-01-01,2026-01-01,T,12,
F035.PIB.V12.R.CLP.2018.PB.Z.Z.12.0.T,2026-08-21T23:56:26+00:00,49,2014-01-01,2026-01-01,T,12,
F035.PIB.V12.R.CLP.2018.RB.Z.Z.12.0.T,2026-08-21T23:56:26+00:00,49,2014-01-01,2026-01-01,T,12,
F035.PIB.V12.R.CLP.2018.SERV.Z.Z.12.0.T,2026-08-21T23:56:26+00:00,49,2014-01-01,2026-01-01,T,12,
F035.PIB.V12.R.CLP.2018.Z.Z.Z.12.0.T,2026-08-21T23:56:26+00:00,49,2014-01-01,2026-01-01,T,12,
F035.XBI.FLU.R.CLP.2018.Z.Z.Z.12.0.T,2026-08-21T23:56:26+00:00,53,2013-01-01,2026-01-01,T,12,
F035.XBI.V12.R.Z.2018.Z.Z.Z.12.0.T,2026-08-21T23:56:26+00:00,49,2014-01-01,2026-01-01,T,12,
F049.AVSMG.IND.BCC1.01.T,2026-08-21T23:56:26+00:00,38,2017-01-01,2026-04-01,T,12,
F022.VIVREC.STO.Z.Z.Z.T,2026-08-21T23:56:26+00:00,69,2009-01-01,2026-01-01,T,13,
F022.VIVRSE.STO.Z.Z.Z.T,2026-08-21T23:56:26+00:00,69,2009-01-01,2026-01-01,T,13,
F022.VIVRT.STO.Z.Z.Z.T,2026-08-21T23:56:26+00:00,69,2009-01-01,2026-01-01,T,13,
F034.IPVZ4.FLU.BCCH.2002.0.T,2026-08-21T23:56:26+00:00,66,2002-01-01,2018-04-01,T,13,
F034.IPVZ4.FLU.BCCH.2008.0.T,2026-08-21T23:56:26+00:00,97,2002-01-01,2026-01-01,T,13,
F034.IPVZ4.INC.BCCH.2002.0.T,2026-08-21T23:56:26+00:00,62,2003-01-01,2018-04-01,T,13,
F034.IPVZ4.INC.BCCH.2008.0.T,2026-08-21T23:56:26+00:00,93,2003-01-01,2026-01-01,T,13,
F035.CPRIPSFL.FLU.R.CLP.2018.Z.Z.BD.13.0.T,2026-08-21T23:56:26+00:00,53,2013-01-01,2026-01-01,T,13,
F035.CPRIPSFL.FLU.R.CLP.2018.Z.Z.BND.13.0.T,2026-08-21T23:56:26+00:00,53,2013-01-01,2026-01-01,T,13,
F035.CPRIPSFL.FLU.R.CLP.2018.Z.Z.SER.13.0.T,2026-08-21T23:56:27+00:00,53,2013-01-01,2026-01-01,T,13,
F035.CPRIPSFL.FLU.R.CLP.2018.Z.Z.Z.13.0.T,2026-08-21T23:56:27+00:00,53,2013-01-01,2026-01-01,T,13,
F035.CPRIPSFL.V12.R.CLP.2018.Z.Z.BD.13.0.T,2026-08-21T23:56:27+00:00,49,2014-01-01,2026-01-01,T,13,
F035.CPRIPSFL.V12.R.CLP.2018.Z.Z.BND.13.0.T,2026-08-21T23:56:27+00:00,49,2014-01-01,2026-01-01,T,13,
F035.CPRIPSFL.V12.R.CLP.2018.Z.Z.CONT.13.0.T,2026-08-21T23:56:27+00:00,49,2014-01-01,2026-01-01,T,13,
F035.CPRIPSFL.V12.R.CLP.2018.Z.Z.SER.13.0.T,2026-08-21T23:56:27+00:00,49,2014-01-01,2026-01-01,T,13,
F035.CPRIPSFL.V12.R.CLP.2018.Z.Z.Z.13.0.T,2026-08-21T23:56:27+00:00,49,2014-01-01,2026-01-01,T,13,
F035.PIB.FLU.R.CLP.2018.03.Z.Z.13.0.T,2026-08-21T23:56:27+00:00,53,2013-01-01,2026-01-01,T,13,
F035.PIB.FLU.R.CLP.2018.04.Z.Z.13.0.T,2026-08-21T23:56:27+00:00,53,2013-01-01,2026-01-01,T,13,
F035.PIB.FLU.R.CLP.2018.COM.Z.Z.13.0.T,2026-08-21T23:56:27+00:00,53,2013-01-01,2026-01-01,T,13,
F035.PIB.FLU.R.CLP.2018.PB.Z.Z.13.0.T,2026-08-21T23:56:27+00:00,53,2013-01-01,2026-01-01,T,13,
F035.PIB.FLU.R.CLP.2018.RB.Z.Z.13.0.T,2026-08-21T23:56:27+00:00,53,2013-01-01,2026-01-01,T,13,
F035.PIB.FLU.R.CLP.2018.SERV.Z.Z.13.0.T,2026-08-21T23:56:27+00:00,53,2013-01-01,2026-01-01,T,13,
F035.PIB.FLU.R.CLP.2018.Z.Z.Z.13.0.T,2026-08-21T23:56:27+00:00,53,2013-01-01,2026-01-01,T,13,
F035.PIB.V12.R.CLP.2018.03.Z.Z.13.0.T,2026-08-21T23:56:27+00:00,49,2014-01-01,2026-01-01,T,13,
F035.PIB.V12.R.CLP.2018.04.Z.Z.13.0.T,2026-08-21T23:56:27+00:00,49,2014-01-01,2026-01-01,T,13,
F035.PIB.V12.R.CLP.2018.COM.Z.Z.13.0.T,2026-08-21T23:56:27+00:00,49,2014-01-01,2026-01-01,T,13,
F035.PIB.V12.R.CLP.2018.CONT.Z.Z.13.0.T,2026-08-21T23:56:27+00:00,49,2014-01-01,2026-01-01,T,13,
F035.PIB.V12.R.CLP.2018.PB.Z.Z.13.0.T,2026-08-21T23:56:27+00:00,49,2014-01-01,2026-01-01,T,13,
F035.PIB.V12.R.CLP.2018.RB.Z.Z.13.0.T,2026-08-21T23:56:27+00:00,49,2014-01-01,2026-01-01,T,13,
F035.PIB.V12.R.CLP.2018.SERV.Z.Z.13.0.T,2026-08-21T23:56:27+00:00,49,2014-01-01,2026-01-01,T,13,
F035.PIB.V12.R.CLP.2018.Z.Z.Z.13.0.T,2026-08-21T23:56:27+00:00,49,2014-01-01,2026-01-01,T,13,
F035.XBI.FLU.R.CLP.2018.Z.Z.Z.13.0.T,2026-08-21T23:56:27+00:00,53,2013-01-01,2026-01-01,T,13,
F035.XBI.V12.R.Z.2018.Z.Z.Z.13.0.T,2026-08-21T23:56:27+00:00,49,2014-01-01,2026-01-01,T,13,
F049.AVSRM.IND.BCC1.01.T,2026-08-21T23:56:27+00:00,38,2017-01-01,2026-04-01,T,13,
F035.CPRIPSFL.FLU.R.CLP.2018.Z.Z.BD.14.0.T,2026-08-21T23:56:27+00:00,53,2013-01-01,2026-01-01,T,14,
F035.CPRIPSFL.FLU.R.CLP.2018.Z.Z.BND.14.0.T,2026-08-21T23:56:27+00:00,53,2013-01-01,2026-01-01,T,14,
F035.CPRIPSFL.FLU.R.CLP.2018.Z.Z.SER.14.0.T,2026-08-21T23:56:27+00:00,53,2013-01-01,2026-01-01,T,14,
F035.CPRIPSFL.FLU.R.CLP.2018.Z.Z.Z.14.0.T,2026-08-21T23:56:27+00:00,53,2013-01-01,2026-01-01,T,14,
F035.CPRIPSFL.V12.R.CLP.2018.Z.Z.BD.14.0.T,2026-08-21T23:56:27+00:00,49,2014-01-01,2026-01-01,T,14,
F035.CPRIPSFL.V12.R.CLP.2018.Z.Z.BND.14.0.T,2026-08-21T23:56:27+00:00,49,2014-01-01,2026-01-01,T,14,
F035.CPRIPSFL.V12.R.CLP.2018.Z.Z.CONT.14.0.T,2026-08-21T23:56:27+00:00,49,2014-01-01,2026-01-01,T,14,
F035.CPRIPSFL.V12.R.CLP.2018.Z.Z.SER.14.0.T,2026-08-21T23:56:27+00:00,49,2014-01-01,2026-01-01,T,14,
F035.CPRIPSFL.V12.R.CLP.2018.Z.Z.Z.14.0.T,2026-08-21T23:56:27+00:00,49,2014-01-01,2026-01-01,T,14,
F035.PIB.FLU.R.CLP.2018.03.Z.Z.14.0.T,2026-08-21T23:56:27+00:00,0,,,T,14,
F035.PIB.FLU.R.CLP.2018.04.Z.Z.14.0.T,2026-08-21T23:56:27+00:00,53,2013-01-01,2026-01-01,T,14,
F035.PIB.FLU.R.CLP.2018.COM.Z.Z.14.0.T,2026-08-21T23:56:27+00:00,53,2013-01-01,2026-01-01,T,14,
F035.PIB.FLU.R.CLP.2018.PB.Z.Z.14.0.T,2026-08-21T23:56:27+00:00,53,2013-01-01,2026-01-01,T,14,
F035.PIB.FLU.R.CLP.2018.RB.Z.Z.14.0.T,2026-08-21T23:56:27+00:00,53,2013-01-01,2026-01-01,T,14,
F035.PIB.FLU.R.CLP.2018.SERV.Z.Z.14.0.T,2026-08-21T23:56:28+00:00,53,2013-01-01,2026-01-01,T,14,
F035.PIB.FLU.R.CLP.2018.Z.Z.Z.14.0.T,2026-08-21T23:56:28+00:00,53,2013-01-01,2026-01-01,T,14,
F035.PIB.V12.R.CLP.2018.03.Z.Z.14.0.T,2026-08-21T23:56:28+00:00,0,,,T,14,
F035.PIB.V12.R.CLP.2018.04.Z.Z.14.0.T,2026-08-21T23:56:28+00:00,49,2014-01-01,2026-01-01,T,14,
F035.PIB.V12.R.CLP.2018.COM.Z.Z.14.0.T,2026-08-21T23:56:28+00:00,49,2014-01-01,2026-01-01,T,14,
F035.PIB.V12.R.CLP.2018.CONT.Z.Z.14.0.T,2026-08-21T23:56:28+00:00,49,2014-01-01,2026-01-01,T,14,
F035.PIB.V12.R.CLP.2018.PB.Z.Z.14.0.T,2026-08-21T23:56:28+00:00,49,2014-01-01,2026-01-01,T,14,
F035.PIB.V12.R.CLP.2018.RB.Z.Z.14.0.T,2026-08-21T23:56:28+00:00,49,2014-01-01,2026-01-01,T,14,
F035.PIB.V12.R.CLP.2018.SERV.Z.Z.14.0.T,2026-08-21T23:56:28+00:00,49,2014-01-01,2026-01-01,T,14,
F035.PIB.V12.R.CLP.2018.Z.Z.Z.14.0.T,2026-08-21T23:56:28+00:00,49,2014-01-01,2026-01-01,T,14,
F035.XBI.FLU.R.CLP.2018.Z.Z.Z.14.0.T,2026-08-21T23:56:28+00:00,53,2013-01-01,2026-01-01,T,14,
F035.XBI.V12.R.Z.2018.Z.Z.Z.14.0.T,2026-08-21T23:56:28+00:00,49,2014-01-01,2026-01-01,T,14,
F049.AVSLR.IND.BCC1.01.T,2026-08-21T23:56:28+00:00,38,2017-01-01,2026-04-01,T,14,
F035.CPRIPSFL.FLU.R.CLP.2018.Z.Z.BD.15.0.T,2026-08-21T23:56:28+00:00,53,2013-01-01,2026-01-01,T,15,
F035.CPRIPSFL.FLU.R.CLP.2018.Z.Z.BND.15.0.T,2026-08-21T23:56:28+00:00,53,2013-01-01,2026-01-01,T,15,
F035.CPRIPSFL.FLU.R.CLP.2018.Z.Z.SER.15.0.T,2026-08-21T23:56:28+00:00,53,2013-01-01,2026-01-01,T,15,
F035.CPRIPSFL.FLU.R.CLP.2018.Z.Z.Z.15.0.T,2026-08-21T23:56:28+00:00,53,2013-01-01,2026-01-01,T,15,
F035.CPRIPSFL.V12.R.CLP.2018.Z.Z.BD.15.0.T,2026-08-21T23:56:28+00:00,49,2014-01-01,2026-01-01,T,15,
F035.CPRIPSFL.V12.R.CLP.2018.Z.Z.BND.15.0.T,2026-08-21T23:56:28+00:00,49,2014-01-01,2026-01-01,T,15,
F035.CPRIPSFL.V12.R.CLP.2018.Z.Z.CONT.15.0.T,2026-08-21T23:56:28+00:00,49,2014-01-01,2026-01-01,T,15,
F035.CPRIPSFL.V12.R.CLP.2018.Z.Z.SER.15.0.T,2026-08-21T23:56:28+00:00,49,2014-01-01,2026-01-01,T,15,
F035.CPRIPSFL.V12.R.CLP.2018.Z.Z.Z.15.0.T,2026-08-21T23:56:28+00:00,49,2014-01-01,2026-01-01,T,15,
F035.PIB.FLU.R.CLP.2018.03.Z.Z.15.0.T,2026-08-21T23:56:28+00:00,53,2013-01-01,2026-01-01,T,15,
F035.PIB.FLU.R.CLP.2018.04.Z.Z.15.0.T,2026-08-21T23:56:28+00:00,53,2013-01-01,2026-01-01,T,15,
F035.PIB.FLU.R.CLP.2018.COM.Z.Z.15.0.T,2026-08-21T23:56:28+00:00,53,2013-01-01,2026-01-01,T,15,
F035.PIB.FLU.R.CLP.2018.PB.Z.Z.15.0.T,2026-08-21T23:56:28+00:00,53,2013-01-01,2026-01-01,T,15,
F035.PIB.FLU.R.CLP.2018.RB.Z.Z.15.0.T,2026-08-21T23:56:28+00:00,53,2013-01-01,2026-01-01,T,15,
F035.PIB.FLU.R.CLP.2018.SERV.Z.Z.15.0.T,2026-08-21T23:56:28+00:00,53,2013-01-01,2026-01-01,T,15,
F035.PIB.FLU.R.CLP.2018.Z.Z.Z.15.0.T,2026-08-21T23:56:28+00:00,53,2013-01-01,2026-01-01,T,15,
F035.PIB.V12.R.CLP.2018.03.Z.Z.15.0.T,2026-08-21T23:56:28+00:00,49,2014-01-01,2026-01-01,T,15,
F035.PIB.V12.R.CLP.2018.04.Z.Z.15.0.T,2026-08-21T23:56:28+00:00,49,2014-01-01,2026-01-01,T,15,
F035.PIB.V12.R.CLP.2018.COM.Z.Z.15.0.T,2026-08-21T23:56:28+00:00,49,2014-01-01,2026-01-01,T,15,
F035.PIB.V12.R.CLP.2018.CONT.Z.Z.15.0.T,2026-08-21T23:56:28+00:00,49,2014-01-01,2026-01-01,T,15,
F035.PIB.V12.R.CLP.2018.PB.Z.Z.15.0.T,2026-08-21T23:56:28+00:00,49,2014-01-01,2026-01-01,T,15,
F035.PIB.V12.R.CLP.2018.RB.Z.Z.15.0.T,2026-08-21T23:56:28+00:00,49,2014-01-01,2026-01-01,T,15,
F035.PIB.V12.R.CLP.2018.SERV.Z.Z.15.0.T,2026-08-21T23:56:28+00:00,49,2014-01-01,2026-01-01,T,15,
F035.PIB.V12.R.CLP.2018.Z.Z.Z.15.0.T,2026-08-21T23:56:28+00:00,49,2014-01-01,2026-01-01,T,15,
F035.XBI.FLU.R.CLP.2018.Z.Z.Z.15.0.T,2026-08-21T23:56:28+00:00,53,2013-01-01,2026-01-01,T,15,
F035.XBI.V12.R.Z.2018.Z.Z.Z.15.0.T,2026-08-21T23:56:28+00:00,49,2014-01-01,2026-01-01,T,15,
F049.AVSAP.IND.BCC1.01.T,2026-08-21T23:56:29+00:00,38,2017-01-01,2026-04-01,T,15,
F035.CPRIPSFL.FLU.R.CLP.2018.Z.Z.BD.16.0.T,2026-08-21T23:56:29+00:00,53,2013-01-01,2026-01-01,T,16,
F035.CPRIPSFL.FLU.R.CLP.2018.Z.Z.BND.16.0.T,2026-08-21T23:56:29+00:00,53,2013-01-01,2026-01-01,T,16,
F035.CPRIPSFL.FLU.R.CLP.2018.Z.Z.SER.16.0.T,2026-08-21T23:56:29+00:00,53,2013-01-01,2026-01-01,T,16,
F035.CPRIPSFL.FLU.R.CLP.2018.Z.Z.Z.16.0.T,2026-08-21T23:56:29+00:00,53,2013-01-01,2026-01-01,T,16,
F035.CPRIPSFL.V12.R.CLP.2018.Z.Z.BD.16.0.T,2026-08-21T23:56:29+00:00,49,2014-01-01,2026-01-01,T,16,
F035.CPRIPSFL.V12.R.CLP.2018.Z.Z.BND.16.0.T,2026-08-21T23:56:29+00:00,49,2014-01-01,2026-01-01,T,16,
F035.CPRIPSFL.V12.R.CLP.2018.Z.Z.CONT.16.0.T,2026-08-21T23:56:29+00:00,49,2014-01-01,2026-01-01,T,16,
F035.CPRIPSFL.V12.R.CLP.2018.Z.Z.SER.16.0.T,2026-08-21T23:56:29+00:00,49,2014-01-01,2026-01-01,T,16,
F035.CPRIPSFL.V12.R.CLP.2018.Z.Z.Z.16.0.T,2026-08-21T23:56:29+00:00,49,2014-01-01,2026-01-01,T,16,
F035.PIB.FLU.R.CLP.2018.03.Z.Z.16.0.T,2026-08-21T23:56:29+00:00,0,,,T,16,
F035.PIB.FLU.R.CLP.2018.04.Z.Z.16.0.T,2026-08-21T23:56:29+00:00,53,2013-01-01,2026-01-01,T,16,
F035.PIB.FLU.R.CLP.2018.COM.Z.Z.16.0.T,2026-08-21T23:56:29+00:00,53,2013-01-01,2026-01-01,T,16,
F035.PIB.FLU.R.CLP.2018.PB.Z.Z.16.0.T,2026-08-21T23:56:29+00:00,53,2013-01-01,2026-01-01,T,16,
F035.PIB.FLU.R.CLP.2018.RB.Z.Z.16.0.T,2026-08-21T23:56:29+00:00,53,2013-01-01,2026-01-01,T,16,
F035.PIB.FLU.R.CLP.2018.SERV.Z.Z.16.0.T,2026-08-21T23:56:29+00:00,53,2013-01-01,2026-01-01,T,16,
F035.PIB.FLU.R.CLP.2018.Z.Z.Z.16.0.T,2026-08-21T23:56:29+00:00,53,2013-01-01,2026-01-01,T,16,
F035.PIB.V12.R.CLP.2018.03.Z.Z.16.0.T,2026-08-21T23:56:29+00:00,0,,,T,16,
F035.PIB.V12.R.CLP.2018.04.Z.Z.16.0.T,2026-08-21T23:56:29+00:00,49,2014-01-01,2026-01-01,T,16,
F035.PIB.V12.R.CLP.2018.COM.Z.Z.16.0.T,2026-08-21T23:56:29+00:00,49,2014-01-01,2026-01-01,T,16,
F035.PIB.V12.R.CLP.2018.CONT.Z.Z.16.0.T,2026-08-21T23:56:29+00:00,49,2014-01-01,2026-01-01,T,16,
F035.PIB.V12.R.CLP.2018.PB.Z.Z.16.0.T,2026-08-21T23:56:29+00:00,49,2014-01-01,2026-01-01,T,16,
F035.PIB.V12.R.CLP.2018.RB.Z.Z.16.0.T,2026-08-21T23:56:29+00:00,49,2014-01-01,2026-01-01,T,16,
F035.PIB.V12.R.CLP.2018.SERV.Z.Z.16.0.T,2026-08-21T23:56:29+00:00,49,2014-01-01,2026-01-01,T,16,
F035.PIB.V12.R.CLP.2018.Z.Z.Z.16.0.T,2026-08-21T23:56:29+00:00,49,2014-01-01,2026-01-01,T,16,
F035.XBI.FLU.R.CLP.2018.Z.Z.Z.16.0.T,2026-08-21T23:56:29+00:00,53,2013-01-01,2026-01-01,T,16,
F035.XBI.V12.R.Z.2018.Z.Z.Z.16.0.T,2026-08-21T23:56:29+00:00,49,2014-01-01,2026-01-01,T,16,
F049.AVSNB.IND.BCC1.01.T,2026-08-21T23:56:29+00:00,31,2018-10-01,2026-04-01,T,16,
