series_code,series_name,region_id,region_name,frequency,chapter,table_name,sector_id,sector_name,region_parse_method
F035.PIB.FLU.N.CLP.2008.01.21.Z.01.0.A,Agropecuario-silvícola,01,Tarapacá,A,Cuentas Nacionales,"PIB por actividad económica, I Región de Tarapacá, precios corrientes, referencia 2008 (millones de pesos)",01,Agropecuario-silvícola,f035_positional
F035.PIB.FLU.N.CLP.2008.02.04.Z.01.0.A,Pesca,01,Tarapacá,A,Cuentas Nacionales,"PIB por actividad económica, I Región de Tarapacá, precios corrientes, referencia 2008 (millones de pesos)",02,Pesca,f035_positional
F035.PIB.FLU.N.CLP.2008.03.21.Z.01.0.A,Minería,01,Tarapacá,A,Cuentas Nacionales,"PIB por actividad económica, I Región de Tarapacá, precios corrientes, referencia 2008 (millones de pesos)",03,Minería,f035_positional
F035.PIB.FLU.N.CLP.2008.04.21.Z.01.0.A,Industria manufacturera,01,Tarapacá,A,Cuentas Nacionales,"PIB por actividad económica, I Región de Tarapacá, precios corrientes, referencia 2008 (millones de pesos)",04,Industria,f035_positional
F035.PIB.FLU.N.CLP.2008.05.21.Z.01.0.A,"Electricidad, gas, agua y gestión de desechos",01,Tarapacá,A,Cuentas Nacionales,"PIB por actividad económica, I Región de Tarapacá, precios corrientes, referencia 2008 (millones de pesos)",05,"Electricidad, gas, agua y gestión de desechos",f035_positional
F035.PIB.FLU.N.CLP.2008.06.21.Z.01.0.A,Construcción,01,Tarapacá,A,Cuentas Nacionales,"PIB por actividad económica, I Región de Tarapacá, precios corrientes, referencia 2008 (millones de pesos)",06,Construcción,f035_positional
F035.PIB.FLU.N.CLP.2008.07.21.Z.01.0.A,"Comercio, restaurantes y hoteles",01,Tarapacá,A,Cuentas Nacionales,"PIB por actividad económica, I Región de Tarapacá, precios corrientes, referencia 2008 (millones de pesos)",07,"Comercio, restaurantes y hoteles",f035_positional
F035.PIB.FLU.N.CLP.2008.08.Z.Z.01.0.A,"Transportes, informacion y comunicaciones",01,Tarapacá,A,Cuentas Nacionales,"PIB por actividad económica, I Región de Tarapacá, precios corrientes, referencia 2008 (millones de pesos)",08,"Transporte, información y comunicaciones",f035_positional
F035.PIB.FLU.N.CLP.2008.09.21.Z.01.0.A,Servicios financieros y empresariales,01,Tarapacá,A,Cuentas Nacionales,"PIB por actividad económica, I Región de Tarapacá, precios corrientes, referencia 2008 (millones de pesos)",09,Servicios financieros y empresariales,f035_positional
F035.PIB.FLU.N.CLP.2008.10.Z.Z.01.0.A,Servicios de vivienda e inmobiliarios,01,Tarapacá,A,Cuentas Nacionales,"PIB por actividad económica, I Región de Tarapacá, precios corrientes, referencia 2008 (millones de pesos)",10,Servicios de vivienda e inmobiliarios,f035_positional
F035.PIB.FLU.N.CLP.2008.11.Z.Z.01.0.A,Servicios personales,01,Tarapacá,A,Cuentas Nacionales,"PIB por actividad económica, I Región de Tarapacá, precios corrientes, referencia 2008 (millones de pesos)",11,Servicios personales,f035_positional
F035.PIB.FLU.N.CLP.2008.12.21.Z.01.0.A,Administración pública,01,Tarapacá,A,Cuentas Nacionales,"PIB por actividad económica, I Región de Tarapacá, precios corrientes, referencia 2008 (millones de pesos)",12,Administración pública,f035_positional
F035.PIB.FLU.N.CLP.2008.Z.Z.Z.01.0.A,I De Tarapacá,01,Tarapacá,A,Cuentas Nacionales,"Producto interno bruto por región, precios corrientes, referencia 2008 (millones de pesos)",,,f035_positional
F035.PIB.FLU.N.CLP.2013.01.21.Z.01.0.A,Agropecuario-silvícola,01,Tarapacá,A,Cuentas Nacionales,"PIB por actividad económica, Región de Tarapacá, precios corrientes, series empalmadas, referencia 2013 (miles de millones de pesos)",01,Agropecuario-silvícola,f035_positional
F035.PIB.FLU.N.CLP.2013.02.04.Z.01.0.A,Pesca,01,Tarapacá,A,Cuentas Nacionales,"PIB por actividad económica, Región de Tarapacá, precios corrientes, series empalmadas, referencia 2013 (miles de millones de pesos)",02,Pesca,f035_positional
F035.PIB.FLU.N.CLP.2013.03.21.Z.01.0.A,Minería,01,Tarapacá,A,Cuentas Nacionales,"PIB por actividad económica, Región de Tarapacá, precios corrientes, series empalmadas, referencia 2013 (miles de millones de pesos)",03,Minería,f035_positional
F035.PIB.FLU.N.CLP.2013.04.21.Z.01.0.A,Industria manufacturera,01,Tarapacá,A,Cuentas Nacionales,"PIB por actividad económica, Región de Tarapacá, precios corrientes, series empalmadas, referencia 2013 (miles de millones de pesos)",04,Industria,f035_positional
F035.PIB.FLU.N.CLP.2013.05.21.Z.01.0.A,"Electricidad, gas, agua y gestión de desechos",01,Tarapacá,A,Cuentas Nacionales,"PIB por actividad económica, Región de Tarapacá, precios corrientes, series empalmadas, referencia 2013 (miles de millones de pesos)",05,"Electricidad, gas, agua y gestión de desechos",f035_positional
F035.PIB.FLU.N.CLP.2013.06.21.Z.01.0.A,Construcción,01,Tarapacá,A,Cuentas Nacionales,"PIB por actividad económica, Región de Tarapacá, precios corrientes, series empalmadas, referencia 2013 (miles de millones de pesos)",06,Construcción,f035_positional
F035.PIB.FLU.N.CLP.2013.07.21.Z.01.0.A,"Comercio, restaurantes y hoteles",01,Tarapacá,A,Cuentas Nacionales,"PIB por actividad económica, Región de Tarapacá, precios corrientes, series empalmadas, referencia 2013 (miles de millones de pesos)",07,"Comercio, restaurantes y hoteles",f035_positional
F035.PIB.FLU.N.CLP.2013.08.Z.Z.01.0.A,"Transporte, información y comunicaciones",01,Tarapacá,A,Cuentas Nacionales,"PIB por actividad económica, Región de Tarapacá, precios corrientes, series empalmadas, referencia 2013 (miles de millones de pesos)",08,"Transporte, información y comunicaciones",f035_positional
F035.PIB.FLU.N.CLP.2013.09.21.Z.01.0.A,Servicios financieros y empresariales,01,Tarapacá,A,Cuentas Nacionales,"PIB por actividad económica, Región de Tarapacá, precios corrientes, series empalmadas, referencia 2013 (miles de millones de pesos)",09,Servicios financieros y empresariales,f035_positional
F035.PIB.FLU.N.CLP.2013.10.Z.Z.01.0.A,Servicios de vivienda e inmobiliarios,01,Tarapacá,A,Cuentas Nacionales,"PIB por actividad económica, Región de Tarapacá, precios corrientes, series empalmadas, referencia 2013 (miles de millones de pesos)",10,Servicios de vivienda e inmobiliarios,f035_positional
F035.PIB.FLU.N.CLP.2013.11.Z.Z.01.0.A,Servicios personales,01,Tarapacá,A,Cuentas Nacionales,"PIB por actividad económica, Región de Tarapacá, precios corrientes, series empalmadas, referencia 2013 (miles de millones de pesos)",11,Servicios personales,f035_positional
F035.PIB.FLU.N.CLP.2013.12.21.Z.01.0.A,Administración pública,01,Tarapacá,A,Cuentas Nacionales,"PIB por actividad económica, Región de Tarapacá, precios corrientes, series empalmadas, referencia 2013 (miles de millones de pesos)",12,Administración pública,f035_positional
F035.PIB.FLU.N.CLP.2013.Z.Z.Z.01.0.A,Región de Tarapacá,01,Tarapacá,A,Cuentas Nacionales,"Producto interno bruto por región, precios corrientes, series empalmadas, referencia 2013 (miles de millones de pesos)",,,f035_positional
F035.PIB.FLU.N.CLP.2018.01.21.Z.01.0.A,Agropecuario-silvícola,01,Tarapacá,A,Cuentas Nacionales,"PIB por actividad económica, Región de Tarapacá, precios corrientes, series empalmadas, referencia 2018 (miles de millones de pesos)",01,Agropecuario-silvícola,f035_positional
F035.PIB.FLU.N.CLP.2018.02.04.Z.01.0.A,Pesca,01,Tarapacá,A,Cuentas Nacionales,"PIB por actividad económica, Región de Tarapacá, precios corrientes, series empalmadas, referencia 2018 (miles de millones de pesos)",02,Pesca,f035_positional
F035.PIB.FLU.N.CLP.2018.03.21.Z.01.0.A,Minería,01,Tarapacá,A,Cuentas Nacionales,"PIB por actividad económica, Región de Tarapacá, precios corrientes, series empalmadas, referencia 2018 (miles de millones de pesos)",03,Minería,f035_positional
F035.PIB.FLU.N.CLP.2018.04.21.Z.01.0.A,Industria manufacturera,01,Tarapacá,A,Cuentas Nacionales,"PIB por actividad económica, Región de Tarapacá, precios corrientes, series empalmadas, referencia 2018 (miles de millones de pesos)",04,Industria,f035_positional
F035.PIB.FLU.N.CLP.2018.05.21.Z.01.0.A,"Electricidad, gas, agua y gestión de desechos",01,Tarapacá,A,Cuentas Nacionales,"PIB por actividad económica, Región de Tarapacá, precios corrientes, series empalmadas, referencia 2018 (miles de millones de pesos)",05,"Electricidad, gas, agua y gestión de desechos",f035_positional
F035.PIB.FLU.N.CLP.2018.06.21.Z.01.0.A,Construcción,01,Tarapacá,A,Cuentas Nacionales,"PIB por actividad económica, Región de Tarapacá, precios corrientes, series empalmadas, referencia 2018 (miles de millones de pesos)",06,Construcción,f035_positional
F035.PIB.FLU.N.CLP.2018.08.Z.Z.01.0.A,"Transporte, información y comunicaciones",01,Tarapacá,A,Cuentas Nacionales,"PIB por actividad económica, Región de Tarapacá, precios corrientes, series empalmadas, referencia 2018 (miles de millones de pesos)",08,"Transporte, información y comunicaciones",f035_positional
F035.PIB.FLU.N.CLP.2018.09.21.Z.01.0.A,Servicios financieros y empresariales,01,Tarapacá,A,Cuentas Nacionales,"PIB por actividad económica, Región de Tarapacá, precios corrientes, series empalmadas, referencia 2018 (miles de millones de pesos)",09,Servicios financieros y empresariales,f035_positional
F035.PIB.FLU.N.CLP.2018.10.Z.Z.01.0.A,Servicios de vivienda e inmobiliarios,01,Tarapacá,A,Cuentas Nacionales,"PIB por actividad económica, Región de Tarapacá, precios corrientes, series empalmadas, referencia 2018 (miles de millones de pesos)",10,Servicios de vivienda e inmobiliarios,f035_positional
F035.PIB.FLU.N.CLP.2018.11.Z.Z.01.0.A,Servicios personales,01,Tarapacá,A,Cuentas Nacionales,"PIB por actividad económica, Región de Tarapacá, precios corrientes, series empalmadas, referencia 2018 (miles de millones de pesos)",11,Servicios personales,f035_positional
F035.PIB.FLU.N.CLP.2018.12.21.Z.01.0.A,Administración pública,01,Tarapacá,A,Cuentas Nacionales,"PIB por actividad económica, Región de Tarapacá, precios corrientes, series empalmadas, referencia 2018 (miles de millones de pesos)",12,Administración pública,f035_positional
F035.PIB.FLU.N.CLP.2018.COM.21.Z.01.0.A,Comercio,01,Tarapacá,A,Cuentas Nacionales,"PIB por actividad económica, Región de Tarapacá, precios corrientes, series empalmadas, referencia 2018 (miles de millones de pesos)",COM,Comercio,f035_positional
F035.PIB.FLU.N.CLP.2018.RH.21.Z.01.0.A,Restaurantes y hoteles,01,Tarapacá,A,Cuentas Nacionales,"PIB por actividad económica, Región de Tarapacá, precios corrientes, series empalmadas, referencia 2018 (miles de millones de pesos)",RH,Restaurantes y hoteles,f035_positional
F035.PIB.FLU.N.CLP.2018.Z.Z.Z.01.0.A,Región de Tarapacá,01,Tarapacá,A,Cuentas Nacionales,"Producto interno bruto por región, precios corrientes, series empalmadas, referencia 2018 (miles de millones de pesos)",,,f035_positional
F035.PIB.FLU.R.CLP.1986.01.Z.Z.01.0.A,Agropecuario-silvícola,01,Tarapacá,A,Cuentas Nacionales,"PIB por actividad económica, I Región de Tarapacá, base 1986 (millones de pesos)",01,Agropecuario-silvícola,f035_positional
F035.PIB.FLU.R.CLP.1986.02.04.Z.01.0.A,Pesca,01,Tarapacá,A,Cuentas Nacionales,"PIB por actividad económica, I Región de Tarapacá, base 1986 (millones de pesos)",02,Pesca,f035_positional
F035.PIB.FLU.R.CLP.1986.03.Z.Z.01.0.A,Minería,01,Tarapacá,A,Cuentas Nacionales,"PIB por actividad económica, I Región de Tarapacá, base 1986 (millones de pesos)",03,Minería,f035_positional
F035.PIB.FLU.R.CLP.1986.04.Z.Z.01.0.A,Industria Manufacturera,01,Tarapacá,A,Cuentas Nacionales,"PIB por actividad económica, I Región de Tarapacá, base 1986 (millones de pesos)",04,Industria,f035_positional
F035.PIB.FLU.R.CLP.1986.05.Z.Z.01.0.A,"Electricidad, Gas y Agua",01,Tarapacá,A,Cuentas Nacionales,"PIB por actividad económica, I Región de Tarapacá, base 1986 (millones de pesos)",05,"Electricidad, gas, agua y gestión de desechos",f035_positional
F035.PIB.FLU.R.CLP.1986.06.Z.Z.01.0.A,Construcción,01,Tarapacá,A,Cuentas Nacionales,"PIB por actividad económica, I Región de Tarapacá, base 1986 (millones de pesos)",06,Construcción,f035_positional
F035.PIB.FLU.R.CLP.1986.07.Z.Z.01.0.A,"Comercio, Restaurantes y Hoteles",01,Tarapacá,A,Cuentas Nacionales,"PIB por actividad económica, I Región de Tarapacá, base 1986 (millones de pesos)",07,"Comercio, restaurantes y hoteles",f035_positional
F035.PIB.FLU.R.CLP.1986.08.Z.Z.01.0.A,Transportes y Comunicaciones,01,Tarapacá,A,Cuentas Nacionales,"PIB por actividad económica, I Región de Tarapacá, base 1986 (millones de pesos)",08,"Transporte, información y comunicaciones",f035_positional
F035.PIB.FLU.R.CLP.1986.09.21.27.01.0.A,Servicios Financieros,01,Tarapacá,A,Cuentas Nacionales,"PIB por actividad económica, I Región de Tarapacá, base 1986 (millones de pesos)",09,Servicios financieros y empresariales,f035_positional
F035.PIB.FLU.R.CLP.1986.10.Z.Z.01.0.A,Propiedad de Vivienda,01,Tarapacá,A,Cuentas Nacionales,"PIB por actividad económica, I Región de Tarapacá, base 1986 (millones de pesos)",10,Servicios de vivienda e inmobiliarios,f035_positional
F035.PIB.FLU.R.CLP.1986.11.Z.Z.01.0.A,Servicios Personales,01,Tarapacá,A,Cuentas Nacionales,"PIB por actividad económica, I Región de Tarapacá, base 1986 (millones de pesos)",11,Servicios personales,f035_positional
F035.PIB.FLU.R.CLP.1986.12.Z.Z.01.0.A,Administración Pública,01,Tarapacá,A,Cuentas Nacionales,"PIB por actividad económica, I Región de Tarapacá, base 1986 (millones de pesos)",12,Administración pública,f035_positional
F035.PIB.FLU.R.CLP.1986.Z.Z.Z.01.0.A,I De Tarapacá,01,Tarapacá,A,Cuentas Nacionales,"Producto interno bruto por región, a precios constantes, base 1986 (millones de pesos)",,,f035_positional
F035.PIB.FLU.R.CLP.1996.01.Z.Z.01.0.A,Agropecuario-silvícola,01,Tarapacá,A,Cuentas Nacionales,"PIB por actividad económica, I Región de Tarapacá, base 1996 ( millones de pesos)",01,Agropecuario-silvícola,f035_positional
F035.PIB.FLU.R.CLP.1996.02.04.Z.01.0.A,Pesca,01,Tarapacá,A,Cuentas Nacionales,"PIB por actividad económica, I Región de Tarapacá, base 1996 ( millones de pesos)",02,Pesca,f035_positional
F035.PIB.FLU.R.CLP.1996.03.Z.Z.01.0.A,Minería,01,Tarapacá,A,Cuentas Nacionales,"PIB por actividad económica, I Región de Tarapacá, base 1996 ( millones de pesos)",03,Minería,f035_positional
F035.PIB.FLU.R.CLP.1996.04.Z.Z.01.0.A,Industria manufacturera,01,Tarapacá,A,Cuentas Nacionales,"PIB por actividad económica, I Región de Tarapacá, base 1996 ( millones de pesos)",04,Industria,f035_positional
F035.PIB.FLU.R.CLP.1996.05.Z.Z.01.0.A,"Electricidad, gas y agua",01,Tarapacá,A,Cuentas Nacionales,"PIB por actividad económica, I Región de Tarapacá, base 1996 ( millones de pesos)",05,"Electricidad, gas, agua y gestión de desechos",f035_positional
F035.PIB.FLU.R.CLP.1996.06.Z.Z.01.0.A,Construcción,01,Tarapacá,A,Cuentas Nacionales,"PIB por actividad económica, I Región de Tarapacá, base 1996 ( millones de pesos)",06,Construcción,f035_positional
F035.PIB.FLU.R.CLP.1996.07.Z.Z.01.0.A,"Comercio, restaurantes y hoteles",01,Tarapacá,A,Cuentas Nacionales,"PIB por actividad económica, I Región de Tarapacá, base 1996 ( millones de pesos)",07,"Comercio, restaurantes y hoteles",f035_positional
F035.PIB.FLU.R.CLP.1996.08.Z.Z.01.0.A,Transportes y comunicaciones,01,Tarapacá,A,Cuentas Nacionales,"PIB por actividad económica, I Región de Tarapacá, base 1996 ( millones de pesos)",08,"Transporte, información y comunicaciones",f035_positional
F035.PIB.FLU.R.CLP.1996.09.21.Z.01.0.A,Servicios financieros y empresariales,01,Tarapacá,A,Cuentas Nacionales,"PIB por actividad económica, I Región de Tarapacá, base 1996 ( millones de pesos)",09,Servicios financieros y empresariales,f035_positional
F035.PIB.FLU.R.CLP.1996.10.Z.Z.01.0.A,Propiedad de vivienda,01,Tarapacá,A,Cuentas Nacionales,"PIB por actividad económica, I Región de Tarapacá, base 1996 ( millones de pesos)",10,Servicios de vivienda e inmobiliarios,f035_positional
F035.PIB.FLU.R.CLP.1996.11.Z.Z.01.0.A,Servicios personales,01,Tarapacá,A,Cuentas Nacionales,"PIB por actividad económica, I Región de Tarapacá, base 1996 ( millones de pesos)",11,Servicios personales,f035_positional
F035.PIB.FLU.R.CLP.1996.12.Z.Z.01.0.A,Administración pública,01,Tarapacá,A,Cuentas Nacionales,"PIB por actividad económica, I Región de Tarapacá, base 1996 ( millones de pesos)",12,Administración pública,f035_positional
F035.PIB.FLU.R.CLP.1996.Z.Z.Z.01.0.A,I De Tarapacá,01,Tarapacá,A,Cuentas Nacionales,"Producto interno bruto por región, a precios constantes, base 1996 ( millones de pesos)",,,f035_positional
F035.PIB.FLU.R.CLP.2003.01.21.Z.01.0.A,Agropecuario-silvícola,01,Tarapacá,A,Cuentas Nacionales,"PIB por actividad económica, I Región de Tarapacá,  base 2003 ( millones de pesos)",01,Agropecuario-silvícola,f035_positional
F035.PIB.FLU.R.CLP.2003.02.04.Z.01.0.A,Pesca,01,Tarapacá,A,Cuentas Nacionales,"PIB por actividad económica, I Región de Tarapacá,  base 2003 ( millones de pesos)",02,Pesca,f035_positional
F035.PIB.FLU.R.CLP.2003.03.21.Z.01.0.A,Minería,01,Tarapacá,A,Cuentas Nacionales,"PIB por actividad económica, I Región de Tarapacá,  base 2003 ( millones de pesos)",03,Minería,f035_positional
F035.PIB.FLU.R.CLP.2003.04.21.Z.01.0.A,Industria manufacturera,01,Tarapacá,A,Cuentas Nacionales,"PIB por actividad económica, I Región de Tarapacá,  base 2003 ( millones de pesos)",04,Industria,f035_positional
F035.PIB.FLU.R.CLP.2003.05.21.Z.01.0.A,"Electricidad, gas y agua",01,Tarapacá,A,Cuentas Nacionales,"PIB por actividad económica, I Región de Tarapacá,  base 2003 ( millones de pesos)",05,"Electricidad, gas, agua y gestión de desechos",f035_positional
F035.PIB.FLU.R.CLP.2003.06.21.Z.01.0.A,Construcción,01,Tarapacá,A,Cuentas Nacionales,"PIB por actividad económica, I Región de Tarapacá,  base 2003 ( millones de pesos)",06,Construcción,f035_positional
F035.PIB.FLU.R.CLP.2003.07.21.Z.01.0.A,"Comercio, restaurantes y hoteles",01,Tarapacá,A,Cuentas Nacionales,"PIB por actividad económica, I Región de Tarapacá,  base 2003 ( millones de pesos)",07,"Comercio, restaurantes y hoteles",f035_positional
F035.PIB.FLU.R.CLP.2003.08.Z.Z.01.0.A,Transportes y comunicaciones,01,Tarapacá,A,Cuentas Nacionales,"PIB por actividad económica, I Región de Tarapacá,  base 2003 ( millones de pesos)",08,"Transporte, información y comunicaciones",f035_positional
F035.PIB.FLU.R.CLP.2003.09.21.Z.01.0.A,Servicios financieros y empresariales,01,Tarapacá,A,Cuentas Nacionales,"PIB por actividad económica, I Región de Tarapacá,  base 2003 ( millones de pesos)",09,Servicios financieros y empresariales,f035_positional
F035.PIB.FLU.R.CLP.2003.10.Z.Z.01.0.A,Propiedad de vivienda,01,Tarapacá,A,Cuentas Nacionales,"PIB por actividad económica, I Región de Tarapacá,  base 2003 ( millones de pesos)",10,Servicios de vivienda e inmobiliarios,f035_positional
F035.PIB.FLU.R.CLP.2003.11.Z.Z.01.0.A,Servicios personales,01,Tarapacá,A,Cuentas Nacionales,"PIB por actividad económica, I Región de Tarapacá,  base 2003 ( millones de pesos)",11,Servicios personales,f035_positional
F035.PIB.FLU.R.CLP.2003.12.21.Z.01.0.A,Administración pública,01,Tarapacá,A,Cuentas Nacionales,"PIB por actividad económica, I Región de Tarapacá,  base 2003 ( millones de pesos)",12,Administración pública,f035_positional
F035.PIB.FLU.R.CLP.2003.Z.Z.Z.01.0.A,I De Tarapacá,01,Tarapacá,A,Cuentas Nacionales,"Producto interno bruto por región, a precios constantes, base 2003 ( millones de pesos)",,,f035_positional
F035.PIB.FLU.R.CLP.2008.01.21.Z.01.0.A,Agropecuario-silvícola,01,Tarapacá,A,Cuentas Nacionales,"PIB por actividad económica, I Región de Tarapacá,  volumen a precios del año anterior encadenado, referencia 2008 (millones de pesos encadenados)",01,Agropecuario-silvícola,f035_positional
F035.PIB.FLU.R.CLP.2008.02.04.Z.01.0.A,Pesca,01,Tarapacá,A,Cuentas Nacionales,"PIB por actividad económica, I Región de Tarapacá,  volumen a precios del año anterior encadenado, referencia 2008 (millones de pesos encadenados)",02,Pesca,f035_positional
F035.PIB.FLU.R.CLP.2008.03.21.Z.01.0.A,Minería,01,Tarapacá,A,Cuentas Nacionales,"PIB por actividad económica, I Región de Tarapacá,  volumen a precios del año anterior encadenado, referencia 2008 (millones de pesos encadenados)",03,Minería,f035_positional
F035.PIB.FLU.R.CLP.2008.04.21.Z.01.0.A,Industria manufacturera,01,Tarapacá,A,Cuentas Nacionales,"PIB por actividad económica, I Región de Tarapacá,  volumen a precios del año anterior encadenado, referencia 2008 (millones de pesos encadenados)",04,Industria,f035_positional
F035.PIB.FLU.R.CLP.2008.05.21.Z.01.0.A,"Electricidad, gas y agua",01,Tarapacá,A,Cuentas Nacionales,"PIB por actividad económica, I Región de Tarapacá,  volumen a precios del año anterior encadenado, referencia 2008 (millones de pesos encadenados)",05,"Electricidad, gas, agua y gestión de desechos",f035_positional
F035.PIB.FLU.R.CLP.2008.06.21.Z.01.0.A,Construcción,01,Tarapacá,A,Cuentas Nacionales,"PIB por actividad económica, I Región de Tarapacá,  volumen a precios del año anterior encadenado, referencia 2008 (millones de pesos encadenados)",06,Construcción,f035_positional
F035.PIB.FLU.R.CLP.2008.07.21.Z.01.0.A,"Comercio, restaurantes y hoteles",01,Tarapacá,A,Cuentas Nacionales,"PIB por actividad económica, I Región de Tarapacá,  volumen a precios del año anterior encadenado, referencia 2008 (millones de pesos encadenados)",07,"Comercio, restaurantes y hoteles",f035_positional
F035.PIB.FLU.R.CLP.2008.08.Z.Z.01.0.A,Transportes y comunicaciones,01,Tarapacá,A,Cuentas Nacionales,"PIB por actividad económica, I Región de Tarapacá,  volumen a precios del año anterior encadenado, referencia 2008 (millones de pesos encadenados)",08,"Transporte, información y comunicaciones",f035_positional
F035.PIB.FLU.R.CLP.2008.09.21.Z.01.0.A,Servicios financieros y empresariales,01,Tarapacá,A,Cuentas Nacionales,"PIB por actividad económica, I Región de Tarapacá,  volumen a precios del año anterior encadenado, referencia 2008 (millones de pesos encadenados)",09,Servicios financieros y empresariales,f035_positional
F035.PIB.FLU.R.CLP.2008.10.Z.Z.01.0.A,Propiedad de vivienda,01,Tarapacá,A,Cuentas Nacionales,"PIB por actividad económica, I Región de Tarapacá,  volumen a precios del año anterior encadenado, referencia 2008 (millones de pesos encadenados)",10,Servicios de vivienda e inmobiliarios,f035_positional
F035.PIB.FLU.R.CLP.2008.11.Z.Z.01.0.A,Servicios personales,01,Tarapacá,A,Cuentas Nacionales,"PIB por actividad económica, I Región de Tarapacá,  volumen a precios del año anterior encadenado, referencia 2008 (millones de pesos encadenados)",11,Servicios personales,f035_positional
F035.PIB.FLU.R.CLP.2008.12.21.Z.01.0.A,Administración pública,01,Tarapacá,A,Cuentas Nacionales,"PIB por actividad económica, I Región de Tarapacá,  volumen a precios del año anterior encadenado, referencia 2008 (millones de pesos encadenados)",12,Administración pública,f035_positional
F035.PIB.FLU.R.CLP.2008.Z.Z.Z.01.0.A,I De Tarapacá,01,Tarapacá,A,Cuentas Nacionales,"Producto interno bruto por región, volumen a precios del año anterior encadenado, referencia 2008 (millones de pesos encadenados)",,,f035_positional
F035.PIB.FLU.R.CLP.2013.01.21.Z.01.0.A,Agropecuario-silvícola,01,Tarapacá,A,Cuentas Nacionales,"PIB por actividad económica, Región de Tarapacá,  volumen a precios del año anterior encadenado, series empalmadas, referencia 2013 (miles de millones de pesos encadenados)",01,Agropecuario-silvícola,f035_positional
F035.PIB.FLU.R.CLP.2013.02.04.Z.01.0.A,Pesca,01,Tarapacá,A,Cuentas Nacionales,"PIB por actividad económica, Región de Tarapacá,  volumen a precios del año anterior encadenado, series empalmadas, referencia 2013 (miles de millones de pesos encadenados)",02,Pesca,f035_positional
F035.PIB.FLU.R.CLP.2013.03.21.Z.01.0.A,Minería,01,Tarapacá,A,Cuentas Nacionales,"PIB por actividad económica, Región de Tarapacá,  volumen a precios del año anterior encadenado, series empalmadas, referencia 2013 (miles de millones de pesos encadenados)",03,Minería,f035_positional
F035.PIB.FLU.R.CLP.2013.04.21.Z.01.0.A,Industria manufacturera,01,Tarapacá,A,Cuentas Nacionales,"PIB por actividad económica, Región de Tarapacá,  volumen a precios del año anterior encadenado, series empalmadas, referencia 2013 (miles de millones de pesos encadenados)",04,Industria,f035_positional
F035.PIB.FLU.R.CLP.2013.05.21.Z.01.0.A,"Electricidad, gas, agua y gestión de desechos",01,Tarapacá,A,Cuentas Nacionales,"PIB por actividad económica, Región de Tarapacá,  volumen a precios del año anterior encadenado, series empalmadas, referencia 2013 (miles de millones de pesos encadenados)",05,"Electricidad, gas, agua y gestión de desechos",f035_positional
F035.PIB.FLU.R.CLP.2013.06.21.Z.01.0.A,Construcción,01,Tarapacá,A,Cuentas Nacionales,"PIB por actividad económica, Región de Tarapacá,  volumen a precios del año anterior encadenado, series empalmadas, referencia 2013 (miles de millones de pesos encadenados)",06,Construcción,f035_positional
F035.PIB.FLU.R.CLP.2013.07.21.Z.01.0.A,"Comercio, restaurantes y hoteles",01,Tarapacá,A,Cuentas Nacionales,"PIB por actividad económica, Región de Tarapacá,  volumen a precios del año anterior encadenado, series empalmadas, referencia 2013 (miles de millones de pesos encadenados)",07,"Comercio, restaurantes y hoteles",f035_positional
F035.PIB.FLU.R.CLP.2013.08.Z.Z.01.0.A,"Transporte, información y comunicaciones",01,Tarapacá,A,Cuentas Nacionales,"PIB por actividad económica, Región de Tarapacá,  volumen a precios del año anterior encadenado, series empalmadas, referencia 2013 (miles de millones de pesos encadenados)",08,"Transporte, información y comunicaciones",f035_positional
F035.PIB.FLU.R.CLP.2013.09.21.Z.01.0.A,Servicios financieros y empresariales,01,Tarapacá,A,Cuentas Nacionales,"PIB por actividad económica, Región de Tarapacá,  volumen a precios del año anterior encadenado, series empalmadas, referencia 2013 (miles de millones de pesos encadenados)",09,Servicios financieros y empresariales,f035_positional
F035.PIB.FLU.R.CLP.2013.10.Z.Z.01.0.A,Servicios de vivienda e inmobiliarios,01,Tarapacá,A,Cuentas Nacionales,"PIB por actividad económica, Región de Tarapacá,  volumen a precios del año anterior encadenado, series empalmadas, referencia 2013 (miles de millones de pesos encadenados)",10,Servicios de vivienda e inmobiliarios,f035_positional
F035.PIB.FLU.R.CLP.2013.11.Z.Z.01.0.A,Servicios personales,01,Tarapacá,A,Cuentas Nacionales,"PIB por actividad económica, Región de Tarapacá,  volumen a precios del año anterior encadenado, series empalmadas, referencia 2013 (miles de millones de pesos encadenados)",11,Servicios personales,f035_positional
F035.PIB.FLU.R.CLP.2013.12.21.Z.01.0.A,Administración pública,01,Tarapacá,A,Cuentas Nacionales,"PIB por actividad económica, Región de Tarapacá,  volumen a precios del año anterior encadenado, series empalmadas, referencia 2013 (miles de millones de pesos encadenados)",12,Administración pública,f035_positional
F035.PIB.FLU.R.CLP.2013.Z.Z.Z.01.0.A,Región de Tarapacá,01,Tarapacá,A,Cuentas Nacionales,"Producto interno bruto por región, volumen a precios del año anterior encadenado, series empalmadas, referencia 2013 (miles de millones de pesos encadenados)",,,f035_positional
F035.PIB.FLU.R.CLP.2018.01.21.Z.01.0.A,Agropecuario-silvícola,01,Tarapacá,A,Cuentas Nacionales,"PIB por actividad económica, Región de Tarapacá,  volumen a precios del año anterior encadenado, series empalmadas, referencia 2018 (miles de millones de pesos encadenados)",01,Agropecuario-silvícola,f035_positional
F035.PIB.FLU.R.CLP.2018.02.04.Z.01.0.A,Pesca,01,Tarapacá,A,Cuentas Nacionales,"PIB por actividad económica, Región de Tarapacá,  volumen a precios del año anterior encadenado, series empalmadas, referencia 2018 (miles de millones de pesos encadenados)",02,Pesca,f035_positional
F035.PIB.FLU.R.CLP.2018.03.21.Z.01.0.A,Minería,01,Tarapacá,A,Cuentas Nacionales,"PIB por actividad económica, Región de Tarapacá,  volumen a precios del año anterior encadenado, series empalmadas, referencia 2018 (miles de millones de pesos encadenados)",03,Minería,f035_positional
F035.PIB.FLU.R.CLP.2018.04.21.Z.01.0.A,Industria manufacturera,01,Tarapacá,A,Cuentas Nacionales,"PIB por actividad económica, Región de Tarapacá,  volumen a precios del año anterior encadenado, series empalmadas, referencia 2018 (miles de millones de pesos encadenados)",04,Industria,f035_positional
F035.PIB.FLU.R.CLP.2018.05.21.Z.01.0.A,"Electricidad, gas, agua y gestión de desechos",01,Tarapacá,A,Cuentas Nacionales,"PIB por actividad económica, Región de Tarapacá,  volumen a precios del año anterior encadenado, series empalmadas, referencia 2018 (miles de millones de pesos encadenados)",05,"Electricidad, gas, agua y gestión de desechos",f035_positional
F035.PIB.FLU.R.CLP.2018.06.21.Z.01.0.A,Construcción,01,Tarapacá,A,Cuentas Nacionales,"PIB por actividad económica, Región de Tarapacá,  volumen a precios del año anterior encadenado, series empalmadas, referencia 2018 (miles de millones de pesos encadenados)",06,Construcción,f035_positional
F035.PIB.FLU.R.CLP.2018.08.Z.Z.01.0.A,"Transporte, información y comunicaciones",01,Tarapacá,A,Cuentas Nacionales,"PIB por actividad económica, Región de Tarapacá,  volumen a precios del año anterior encadenado, series empalmadas, referencia 2018 (miles de millones de pesos encadenados)",08,"Transporte, información y comunicaciones",f035_positional
F035.PIB.FLU.R.CLP.2018.09.21.Z.01.0.A,Servicios financieros y empresariales,01,Tarapacá,A,Cuentas Nacionales,"PIB por actividad económica, Región de Tarapacá,  volumen a precios del año anterior encadenado, series empalmadas, referencia 2018 (miles de millones de pesos encadenados)",09,Servicios financieros y empresariales,f035_positional
F035.PIB.FLU.R.CLP.2018.10.Z.Z.01.0.A,Servicios de vivienda e inmobiliarios,01,Tarapacá,A,Cuentas Nacionales,"PIB por actividad económica, Región de Tarapacá,  volumen a precios del año anterior encadenado, series empalmadas, referencia 2018 (miles de millones de pesos encadenados)",10,Servicios de vivienda e inmobiliarios,f035_positional
F035.PIB.FLU.R.CLP.2018.11.Z.Z.01.0.A,Servicios personales,01,Tarapacá,A,Cuentas Nacionales,"PIB por actividad económica, Región de Tarapacá,  volumen a precios del año anterior encadenado, series empalmadas, referencia 2018 (miles de millones de pesos encadenados)",11,Servicios personales,f035_positional
F035.PIB.FLU.R.CLP.2018.12.Z.Z.01.0.A,Administración pública,01,Tarapacá,A,Cuentas Nacionales,"PIB por actividad económica, Región de Tarapacá,  volumen a precios del año anterior encadenado, series empalmadas, referencia 2018 (miles de millones de pesos encadenados)",12,Administración pública,f035_positional
F035.PIB.FLU.R.CLP.2018.COM.21.Z.01.0.A,Comercio,01,Tarapacá,A,Cuentas Nacionales,"PIB por actividad económica, Región de Tarapacá,  volumen a precios del año anterior encadenado, series empalmadas, referencia 2018 (miles de millones de pesos encadenados)",COM,Comercio,f035_positional
F035.PIB.FLU.R.CLP.2018.RH.21.Z.01.0.A,Restaurantes y hoteles,01,Tarapacá,A,Cuentas Nacionales,"PIB por actividad económica, Región de Tarapacá,  volumen a precios del año anterior encadenado, series empalmadas, referencia 2018 (miles de millones de pesos encadenados)",RH,Restaurantes y hoteles,f035_positional
F035.PIB.FLU.R.CLP.2018.Z.Z.Z.01.0.A,Producto interno bruto,01,Tarapacá,A,Cuentas Nacionales,"PIB por actividad económica, Región de Tarapacá,  volumen a precios del año anterior encadenado, series empalmadas, referencia 2018 (miles de millones de pesos encadenados)",,,f035_positional
F035.PIB.V12.R.CLP.2008.Z.Z.Z.01.0.A,I De Tarapacá,01,Tarapacá,A,Cuentas Nacionales,"Producto interno bruto por región, contribución porcentual respecto de igual periodo del año anterior, referencia 2008 .",,,f035_positional
F035.PIB.V12.R.CLP.2013.Z.Z.Z.01.0.A,Región de Tarapacá,01,Tarapacá,A,Cuentas Nacionales,"Producto interno bruto por región, contribución porcentual respecto de igual periodo del año anterior, series empalmadas, referencia 2013 .",,,f035_positional
F035.PIB.V12.R.CLP.2018.01.21.Z.01.0.A,Agropecuario-silvícola,01,Tarapacá,A,Cuentas Nacionales,"PIB por actividad económica, Región de Tarapacá, contribución porcentual respecto de igual periodo del año anterior, series empalmadas, referencia 2018",01,Agropecuario-silvícola,f035_positional
F035.PIB.V12.R.CLP.2018.02.04.Z.01.0.A,Pesca,01,Tarapacá,A,Cuentas Nacionales,"PIB por actividad económica, Región de Tarapacá, contribución porcentual respecto de igual periodo del año anterior, series empalmadas, referencia 2018",02,Pesca,f035_positional
F035.PIB.V12.R.CLP.2018.03.21.Z.01.0.A,Minería,01,Tarapacá,A,Cuentas Nacionales,"PIB por actividad económica, Región de Tarapacá, contribución porcentual respecto de igual periodo del año anterior, series empalmadas, referencia 2018",03,Minería,f035_positional
F035.PIB.V12.R.CLP.2018.04.21.Z.01.0.A,Industria manufacturera,01,Tarapacá,A,Cuentas Nacionales,"PIB por actividad económica, Región de Tarapacá, contribución porcentual respecto de igual periodo del año anterior, series empalmadas, referencia 2018",04,Industria,f035_positional
F035.PIB.V12.R.CLP.2018.05.21.Z.01.0.A,"Electricidad, gas, agua y gestión de desechos",01,Tarapacá,A,Cuentas Nacionales,"PIB por actividad económica, Región de Tarapacá, contribución porcentual respecto de igual periodo del año anterior, series empalmadas, referencia 2018",05,"Electricidad, gas, agua y gestión de desechos",f035_positional
F035.PIB.V12.R.CLP.2018.06.21.Z.01.0.A,Construcción,01,Tarapacá,A,Cuentas Nacionales,"PIB por actividad económica, Región de Tarapacá, contribución porcentual respecto de igual periodo del año anterior, series empalmadas, referencia 2018",06,Construcción,f035_positional
F035.PIB.V12.R.CLP.2018.08.Z.Z.01.0.A,"Transporte, información y comunicaciones",01,Tarapacá,A,Cuentas Nacionales,"PIB por actividad económica, Región de Tarapacá, contribución porcentual respecto de igual periodo del año anterior, series empalmadas, referencia 2018",08,"Transporte, información y comunicaciones",f035_positional
F035.PIB.V12.R.CLP.2018.09.21.Z.01.0.A,Servicios financieros y empresariales,01,Tarapacá,A,Cuentas Nacionales,"PIB por actividad económica, Región de Tarapacá, contribución porcentual respecto de igual periodo del año anterior, series empalmadas, referencia 2018",09,Servicios financieros y empresariales,f035_positional
F035.PIB.V12.R.CLP.2018.10.Z.Z.01.0.A,Servicios de vivienda e inmobiliarios,01,Tarapacá,A,Cuentas Nacionales,"PIB por actividad económica, Región de Tarapacá, contribución porcentual respecto de igual periodo del año anterior, series empalmadas, referencia 2018",10,Servicios de vivienda e inmobiliarios,f035_positional
F035.PIB.V12.R.CLP.2018.11.Z.Z.01.0.A,Servicios personales,01,Tarapacá,A,Cuentas Nacionales,"PIB por actividad económica, Región de Tarapacá, contribución porcentual respecto de igual periodo del año anterior, series empalmadas, referencia 2018",11,Servicios personales,f035_positional
F035.PIB.V12.R.CLP.2018.12.Z.Z.01.0.A,Administración pública,01,Tarapacá,A,Cuentas Nacionales,"PIB por actividad económica, Región de Tarapacá, contribución porcentual respecto de igual periodo del año anterior, series empalmadas, referencia 2018",12,Administración pública,f035_positional
F035.PIB.V12.R.CLP.2018.COM.21.Z.01.0.A,Comercio,01,Tarapacá,A,Cuentas Nacionales,"PIB por actividad económica, Región de Tarapacá, contribución porcentual respecto de igual periodo del año anterior, series empalmadas, referencia 2018",COM,Comercio,f035_positional
F035.PIB.V12.R.CLP.2018.CONT.Z.Z.01.0.A,Producto Interno Bruto,01,Tarapacá,A,Cuentas Nacionales,"PIB por actividad económica, Región de Tarapacá, contribución porcentual respecto de igual periodo del año anterior, series empalmadas, referencia 2018",CONT,PIB (contribución),f035_positional
F035.PIB.V12.R.CLP.2018.RH.21.Z.01.0.A,Restaurantes y hoteles,01,Tarapacá,A,Cuentas Nacionales,"PIB por actividad económica, Región de Tarapacá, contribución porcentual respecto de igual periodo del año anterior, series empalmadas, referencia 2018",RH,Restaurantes y hoteles,f035_positional
F035.PIB.V12.R.CLP.2018.Z.Z.Z.01.0.A,Región de Tarapacá,01,Tarapacá,A,Cuentas Nacionales,"Producto interno bruto por región, contribución porcentual respecto de igual periodo del año anterior, series empalmadas, referencia 2018",,,f035_positional
F035.PIB.FLU.N.CLP.2008.01.Z.Z.02.0.A,Agropecuario-silvícola,02,Antofagasta,A,Cuentas Nacionales,"PIB por actividad económica, II Región de Antofagasta, precios corrientes, referencia 2008 (millones de pesos)",01,Agropecuario-silvícola,f035_positional
F035.PIB.FLU.N.CLP.2008.02.04.Z.02.0.A,Pesca,02,Antofagasta,A,Cuentas Nacionales,"PIB por actividad económica, II Región de Antofagasta, precios corrientes, referencia 2008 (millones de pesos)",02,Pesca,f035_positional
F035.PIB.FLU.N.CLP.2008.03.Z.Z.02.0.A,Minería,02,Antofagasta,A,Cuentas Nacionales,"PIB por actividad económica, II Región de Antofagasta, precios corrientes, referencia 2008 (millones de pesos)",03,Minería,f035_positional
F035.PIB.FLU.N.CLP.2008.04.Z.Z.02.0.A,Industria manufacturera,02,Antofagasta,A,Cuentas Nacionales,"PIB por actividad económica, II Región de Antofagasta, precios corrientes, referencia 2008 (millones de pesos)",04,Industria,f035_positional
F035.PIB.FLU.N.CLP.2008.05.Z.Z.02.0.A,"Electricidad, gas, agua y gestión de desechos",02,Antofagasta,A,Cuentas Nacionales,"PIB por actividad económica, II Región de Antofagasta, precios corrientes, referencia 2008 (millones de pesos)",05,"Electricidad, gas, agua y gestión de desechos",f035_positional
F035.PIB.FLU.N.CLP.2008.06.Z.Z.02.0.A,Construcción,02,Antofagasta,A,Cuentas Nacionales,"PIB por actividad económica, II Región de Antofagasta, precios corrientes, referencia 2008 (millones de pesos)",06,Construcción,f035_positional
F035.PIB.FLU.N.CLP.2008.07.Z.Z.02.0.A,"Comercio, restaurantes y hoteles",02,Antofagasta,A,Cuentas Nacionales,"PIB por actividad económica, II Región de Antofagasta, precios corrientes, referencia 2008 (millones de pesos)",07,"Comercio, restaurantes y hoteles",f035_positional
F035.PIB.FLU.N.CLP.2008.08.Z.Z.02.0.A,"Transportes, informacion y comunicaciones",02,Antofagasta,A,Cuentas Nacionales,"PIB por actividad económica, II Región de Antofagasta, precios corrientes, referencia 2008 (millones de pesos)",08,"Transporte, información y comunicaciones",f035_positional
F035.PIB.FLU.N.CLP.2008.09.21.Z.02.0.A,Servicios financieros y empresariales,02,Antofagasta,A,Cuentas Nacionales,"PIB por actividad económica, II Región de Antofagasta, precios corrientes, referencia 2008 (millones de pesos)",09,Servicios financieros y empresariales,f035_positional
F035.PIB.FLU.N.CLP.2008.10.Z.Z.02.0.A,Servicios de vivienda e inmobiliarios,02,Antofagasta,A,Cuentas Nacionales,"PIB por actividad económica, II Región de Antofagasta, precios corrientes, referencia 2008 (millones de pesos)",10,Servicios de vivienda e inmobiliarios,f035_positional
F035.PIB.FLU.N.CLP.2008.11.Z.Z.02.0.A,Servicios personales,02,Antofagasta,A,Cuentas Nacionales,"PIB por actividad económica, II Región de Antofagasta, precios corrientes, referencia 2008 (millones de pesos)",11,Servicios personales,f035_positional
F035.PIB.FLU.N.CLP.2008.12.Z.Z.02.0.A,Administración pública,02,Antofagasta,A,Cuentas Nacionales,"PIB por actividad económica, II Región de Antofagasta, precios corrientes, referencia 2008 (millones de pesos)",12,Administración pública,f035_positional
F035.PIB.FLU.N.CLP.2008.Z.Z.Z.02.0.A,II De Antofagasta,02,Antofagasta,A,Cuentas Nacionales,"Producto interno bruto por región, precios corrientes, referencia 2008 (millones de pesos)",,,f035_positional
F035.PIB.FLU.N.CLP.2013.01.Z.Z.02.0.A,Agropecuario-silvícola,02,Antofagasta,A,Cuentas Nacionales,"PIB por actividad económica, Región de Antofagasta, precios corrientes, series empalmadas, referencia 2013 (miles de millones de pesos)",01,Agropecuario-silvícola,f035_positional
F035.PIB.FLU.N.CLP.2013.02.04.Z.02.0.A,Pesca,02,Antofagasta,A,Cuentas Nacionales,"PIB por actividad económica, Región de Antofagasta, precios corrientes, series empalmadas, referencia 2013 (miles de millones de pesos)",02,Pesca,f035_positional
F035.PIB.FLU.N.CLP.2013.03.Z.Z.02.0.A,Minería,02,Antofagasta,A,Cuentas Nacionales,"PIB por actividad económica, Región de Antofagasta, precios corrientes, series empalmadas, referencia 2013 (miles de millones de pesos)",03,Minería,f035_positional
F035.PIB.FLU.N.CLP.2013.04.Z.Z.02.0.A,Industria manufacturera,02,Antofagasta,A,Cuentas Nacionales,"PIB por actividad económica, Región de Antofagasta, precios corrientes, series empalmadas, referencia 2013 (miles de millones de pesos)",04,Industria,f035_positional
F035.PIB.FLU.N.CLP.2013.05.Z.Z.02.0.A,"Electricidad, gas, agua y gestión de desechos",02,Antofagasta,A,Cuentas Nacionales,"PIB por actividad económica, Región de Antofagasta, precios corrientes, series empalmadas, referencia 2013 (miles de millones de pesos)",05,"Electricidad, gas, agua y gestión de desechos",f035_positional
F035.PIB.FLU.N.CLP.2013.06.Z.Z.02.0.A,Construcción,02,Antofagasta,A,Cuentas Nacionales,"PIB por actividad económica, Región de Antofagasta, precios corrientes, series empalmadas, referencia 2013 (miles de millones de pesos)",06,Construcción,f035_positional
F035.PIB.FLU.N.CLP.2013.07.Z.Z.02.0.A,"Comercio, restaurantes y hoteles",02,Antofagasta,A,Cuentas Nacionales,"PIB por actividad económica, Región de Antofagasta, precios corrientes, series empalmadas, referencia 2013 (miles de millones de pesos)",07,"Comercio, restaurantes y hoteles",f035_positional
F035.PIB.FLU.N.CLP.2013.08.Z.Z.02.0.A,"Transporte, información y comunicaciones",02,Antofagasta,A,Cuentas Nacionales,"PIB por actividad económica, Región de Antofagasta, precios corrientes, series empalmadas, referencia 2013 (miles de millones de pesos)",08,"Transporte, información y comunicaciones",f035_positional
F035.PIB.FLU.N.CLP.2013.09.21.Z.02.0.A,Servicios financieros y empresariales,02,Antofagasta,A,Cuentas Nacionales,"PIB por actividad económica, Región de Antofagasta, precios corrientes, series empalmadas, referencia 2013 (miles de millones de pesos)",09,Servicios financieros y empresariales,f035_positional
F035.PIB.FLU.N.CLP.2013.10.Z.Z.02.0.A,Servicios de vivienda e inmobiliarios,02,Antofagasta,A,Cuentas Nacionales,"PIB por actividad económica, Región de Antofagasta, precios corrientes, series empalmadas, referencia 2013 (miles de millones de pesos)",10,Servicios de vivienda e inmobiliarios,f035_positional
F035.PIB.FLU.N.CLP.2013.11.Z.Z.02.0.A,Servicios personales,02,Antofagasta,A,Cuentas Nacionales,"PIB por actividad económica, Región de Antofagasta, precios corrientes, series empalmadas, referencia 2013 (miles de millones de pesos)",11,Servicios personales,f035_positional
F035.PIB.FLU.N.CLP.2013.12.Z.Z.02.0.A,Administración pública,02,Antofagasta,A,Cuentas Nacionales,"PIB por actividad económica, Región de Antofagasta, precios corrientes, series empalmadas, referencia 2013 (miles de millones de pesos)",12,Administración pública,f035_positional
F035.PIB.FLU.N.CLP.2013.Z.Z.Z.02.0.A,Región de Antofagasta,02,Antofagasta,A,Cuentas Nacionales,"Producto interno bruto por región, precios corrientes, series empalmadas, referencia 2013 (miles de millones de pesos)",,,f035_positional
F035.PIB.FLU.N.CLP.2018.01.Z.Z.02.0.A,Agropecuario-silvícola,02,Antofagasta,A,Cuentas Nacionales,"PIB por actividad económica, Región de Antofagasta, precios corrientes, series empalmadas, referencia 2018 (miles de millones de pesos)",01,Agropecuario-silvícola,f035_positional
F035.PIB.FLU.N.CLP.2018.02.04.Z.02.0.A,Pesca,02,Antofagasta,A,Cuentas Nacionales,"PIB por actividad económica, Región de Antofagasta, precios corrientes, series empalmadas, referencia 2018 (miles de millones de pesos)",02,Pesca,f035_positional
F035.PIB.FLU.N.CLP.2018.03.Z.Z.02.0.A,Minería,02,Antofagasta,A,Cuentas Nacionales,"PIB por actividad económica, Región de Antofagasta, precios corrientes, series empalmadas, referencia 2018 (miles de millones de pesos)",03,Minería,f035_positional
F035.PIB.FLU.N.CLP.2018.04.Z.Z.02.0.A,Industria manufacturera,02,Antofagasta,A,Cuentas Nacionales,"PIB por actividad económica, Región de Antofagasta, precios corrientes, series empalmadas, referencia 2018 (miles de millones de pesos)",04,Industria,f035_positional
F035.PIB.FLU.N.CLP.2018.05.Z.Z.02.0.A,"Electricidad, gas, agua y gestión de desechos",02,Antofagasta,A,Cuentas Nacionales,"PIB por actividad económica, Región de Antofagasta, precios corrientes, series empalmadas, referencia 2018 (miles de millones de pesos)",05,"Electricidad, gas, agua y gestión de desechos",f035_positional
F035.PIB.FLU.N.CLP.2018.06.Z.Z.02.0.A,Construcción,02,Antofagasta,A,Cuentas Nacionales,"PIB por actividad económica, Región de Antofagasta, precios corrientes, series empalmadas, referencia 2018 (miles de millones de pesos)",06,Construcción,f035_positional
F035.PIB.FLU.N.CLP.2018.08.Z.Z.02.0.A,"Transporte, información y comunicaciones",02,Antofagasta,A,Cuentas Nacionales,"PIB por actividad económica, Región de Antofagasta, precios corrientes, series empalmadas, referencia 2018 (miles de millones de pesos)",08,"Transporte, información y comunicaciones",f035_positional
F035.PIB.FLU.N.CLP.2018.09.21.Z.02.0.A,Servicios financieros y empresariales,02,Antofagasta,A,Cuentas Nacionales,"PIB por actividad económica, Región de Antofagasta, precios corrientes, series empalmadas, referencia 2018 (miles de millones de pesos)",09,Servicios financieros y empresariales,f035_positional
F035.PIB.FLU.N.CLP.2018.10.Z.Z.02.0.A,Servicios de vivienda e inmobiliarios,02,Antofagasta,A,Cuentas Nacionales,"PIB por actividad económica, Región de Antofagasta, precios corrientes, series empalmadas, referencia 2018 (miles de millones de pesos)",10,Servicios de vivienda e inmobiliarios,f035_positional
F035.PIB.FLU.N.CLP.2018.11.Z.Z.02.0.A,Servicios personales,02,Antofagasta,A,Cuentas Nacionales,"PIB por actividad económica, Región de Antofagasta, precios corrientes, series empalmadas, referencia 2018 (miles de millones de pesos)",11,Servicios personales,f035_positional
F035.PIB.FLU.N.CLP.2018.12.Z.Z.02.0.A,Administración pública,02,Antofagasta,A,Cuentas Nacionales,"PIB por actividad económica, Región de Antofagasta, precios corrientes, series empalmadas, referencia 2018 (miles de millones de pesos)",12,Administración pública,f035_positional
F035.PIB.FLU.N.CLP.2018.COM.Z.Z.02.0.A,Comercio,02,Antofagasta,A,Cuentas Nacionales,"PIB por actividad económica, Región de Antofagasta, precios corrientes, series empalmadas, referencia 2018 (miles de millones de pesos)",COM,Comercio,f035_positional
F035.PIB.FLU.N.CLP.2018.RH.Z.Z.02.0.A,Restaurantes y hoteles,02,Antofagasta,A,Cuentas Nacionales,"PIB por actividad económica, Región de Antofagasta, precios corrientes, series empalmadas, referencia 2018 (miles de millones de pesos)",RH,Restaurantes y hoteles,f035_positional
F035.PIB.FLU.N.CLP.2018.Z.Z.Z.02.0.A,Región de Antofagasta,02,Antofagasta,A,Cuentas Nacionales,"Producto interno bruto por región, precios corrientes, series empalmadas, referencia 2018 (miles de millones de pesos)",,,f035_positional
F035.PIB.FLU.R.CLP.1986.01.Z.Z.02.0.A,Agropecuario-silvícola,02,Antofagasta,A,Cuentas Nacionales,"PIB por actividad económica, II Región de Antofagasta, base 1986 ( millones de pesos)",01,Agropecuario-silvícola,f035_positional
F035.PIB.FLU.R.CLP.1986.02.04.Z.02.0.A,Pesca,02,Antofagasta,A,Cuentas Nacionales,"PIB por actividad económica, II Región de Antofagasta, base 1986 ( millones de pesos)",02,Pesca,f035_positional
F035.PIB.FLU.R.CLP.1986.03.Z.Z.02.0.A,Minería,02,Antofagasta,A,Cuentas Nacionales,"PIB por actividad económica, II Región de Antofagasta, base 1986 ( millones de pesos)",03,Minería,f035_positional
F035.PIB.FLU.R.CLP.1986.04.Z.Z.02.0.A,Industria manufacturera,02,Antofagasta,A,Cuentas Nacionales,"PIB por actividad económica, II Región de Antofagasta, base 1986 ( millones de pesos)",04,Industria,f035_positional
F035.PIB.FLU.R.CLP.1986.05.Z.Z.02.0.A,"Electricidad, gas y agua",02,Antofagasta,A,Cuentas Nacionales,"PIB por actividad económica, II Región de Antofagasta, base 1986 ( millones de pesos)",05,"Electricidad, gas, agua y gestión de desechos",f035_positional
F035.PIB.FLU.R.CLP.1986.06.Z.Z.02.0.A,Construcción,02,Antofagasta,A,Cuentas Nacionales,"PIB por actividad económica, II Región de Antofagasta, base 1986 ( millones de pesos)",06,Construcción,f035_positional
F035.PIB.FLU.R.CLP.1986.07.Z.Z.02.0.A,"Comercio, restaurantes y hoteles",02,Antofagasta,A,Cuentas Nacionales,"PIB por actividad económica, II Región de Antofagasta, base 1986 ( millones de pesos)",07,"Comercio, restaurantes y hoteles",f035_positional
F035.PIB.FLU.R.CLP.1986.08.Z.Z.02.0.A,Transportes y comunicaciones,02,Antofagasta,A,Cuentas Nacionales,"PIB por actividad económica, II Región de Antofagasta, base 1986 ( millones de pesos)",08,"Transporte, información y comunicaciones",f035_positional
F035.PIB.FLU.R.CLP.1986.09.21.27.02.0.A,Servicios financieros,02,Antofagasta,A,Cuentas Nacionales,"PIB por actividad económica, II Región de Antofagasta, base 1986 ( millones de pesos)",09,Servicios financieros y empresariales,f035_positional
F035.PIB.FLU.R.CLP.1986.10.Z.Z.02.0.A,Propiedad de vivienda,02,Antofagasta,A,Cuentas Nacionales,"PIB por actividad económica, II Región de Antofagasta, base 1986 ( millones de pesos)",10,Servicios de vivienda e inmobiliarios,f035_positional
F035.PIB.FLU.R.CLP.1986.11.Z.Z.02.0.A,Servicios personales,02,Antofagasta,A,Cuentas Nacionales,"PIB por actividad económica, II Región de Antofagasta, base 1986 ( millones de pesos)",11,Servicios personales,f035_positional
F035.PIB.FLU.R.CLP.1986.12.Z.Z.02.0.A,Administración pública,02,Antofagasta,A,Cuentas Nacionales,"PIB por actividad económica, II Región de Antofagasta, base 1986 ( millones de pesos)",12,Administración pública,f035_positional
F035.PIB.FLU.R.CLP.1986.Z.Z.Z.02.0.A,II De Antofagasta,02,Antofagasta,A,Cuentas Nacionales,"Producto interno bruto por región, a precios constantes, base 1986 (millones de pesos)",,,f035_positional
F035.PIB.FLU.R.CLP.1996.01.Z.Z.02.0.A,Agropecuario-silvícola,02,Antofagasta,A,Cuentas Nacionales,"PIB por actividad económica, II Región de Antofagasta, base 1996 ( millones de pesos )",01,Agropecuario-silvícola,f035_positional
F035.PIB.FLU.R.CLP.1996.02.04.Z.02.0.A,Pesca,02,Antofagasta,A,Cuentas Nacionales,"PIB por actividad económica, II Región de Antofagasta, base 1996 ( millones de pesos )",02,Pesca,f035_positional
F035.PIB.FLU.R.CLP.1996.03.Z.Z.02.0.A,Minería,02,Antofagasta,A,Cuentas Nacionales,"PIB por actividad económica, II Región de Antofagasta, base 1996 ( millones de pesos )",03,Minería,f035_positional
F035.PIB.FLU.R.CLP.1996.04.Z.Z.02.0.A,Industria manufacturera,02,Antofagasta,A,Cuentas Nacionales,"PIB por actividad económica, II Región de Antofagasta, base 1996 ( millones de pesos )",04,Industria,f035_positional
F035.PIB.FLU.R.CLP.1996.05.Z.Z.02.0.A,"Electricidad, gas y agua",02,Antofagasta,A,Cuentas Nacionales,"PIB por actividad económica, II Región de Antofagasta, base 1996 ( millones de pesos )",05,"Electricidad, gas, agua y gestión de desechos",f035_positional
F035.PIB.FLU.R.CLP.1996.06.Z.Z.02.0.A,Construcción,02,Antofagasta,A,Cuentas Nacionales,"PIB por actividad económica, II Región de Antofagasta, base 1996 ( millones de pesos )",06,Construcción,f035_positional
F035.PIB.FLU.R.CLP.1996.07.Z.Z.02.0.A,"Comercio, restaurantes y hoteles",02,Antofagasta,A,Cuentas Nacionales,"PIB por actividad económica, II Región de Antofagasta, base 1996 ( millones de pesos )",07,"Comercio, restaurantes y hoteles",f035_positional
F035.PIB.FLU.R.CLP.1996.08.Z.Z.02.0.A,Transportes y comunicaciones,02,Antofagasta,A,Cuentas Nacionales,"PIB por actividad económica, II Región de Antofagasta, base 1996 ( millones de pesos )",08,"Transporte, información y comunicaciones",f035_positional
F035.PIB.FLU.R.CLP.1996.09.21.Z.02.0.A,Servicios financieros y empresariales,02,Antofagasta,A,Cuentas Nacionales,"PIB por actividad económica, II Región de Antofagasta, base 1996 ( millones de pesos )",09,Servicios financieros y empresariales,f035_positional
F035.PIB.FLU.R.CLP.1996.10.Z.Z.02.0.A,Propiedad de vivienda,02,Antofagasta,A,Cuentas Nacionales,"PIB por actividad económica, II Región de Antofagasta, base 1996 ( millones de pesos )",10,Servicios de vivienda e inmobiliarios,f035_positional
F035.PIB.FLU.R.CLP.1996.11.Z.Z.02.0.A,Servicios personales,02,Antofagasta,A,Cuentas Nacionales,"PIB por actividad económica, II Región de Antofagasta, base 1996 ( millones de pesos )",11,Servicios personales,f035_positional
F035.PIB.FLU.R.CLP.1996.12.Z.Z.02.0.A,Administración pública,02,Antofagasta,A,Cuentas Nacionales,"PIB por actividad económica, II Región de Antofagasta, base 1996 ( millones de pesos )",12,Administración pública,f035_positional
F035.PIB.FLU.R.CLP.1996.Z.Z.Z.02.0.A,II De Antofagasta,02,Antofagasta,A,Cuentas Nacionales,"Producto interno bruto por región, a precios constantes, base 1996 ( millones de pesos)",,,f035_positional
F035.PIB.FLU.R.CLP.2003.01.Z.Z.02.0.A,Agropecuario-silvícola,02,Antofagasta,A,Cuentas Nacionales,"PIB por actividad económica, II Región de Antofagasta, base 2003 ( millones de pesos)",01,Agropecuario-silvícola,f035_positional
F035.PIB.FLU.R.CLP.2003.02.04.Z.02.0.A,Pesca,02,Antofagasta,A,Cuentas Nacionales,"PIB por actividad económica, II Región de Antofagasta, base 2003 ( millones de pesos)",02,Pesca,f035_positional
F035.PIB.FLU.R.CLP.2003.03.Z.Z.02.0.A,Minería,02,Antofagasta,A,Cuentas Nacionales,"PIB por actividad económica, II Región de Antofagasta, base 2003 ( millones de pesos)",03,Minería,f035_positional
F035.PIB.FLU.R.CLP.2003.04.Z.Z.02.0.A,Industria manufacturera,02,Antofagasta,A,Cuentas Nacionales,"PIB por actividad económica, II Región de Antofagasta, base 2003 ( millones de pesos)",04,Industria,f035_positional
F035.PIB.FLU.R.CLP.2003.05.Z.Z.02.0.A,"Electricidad, gas y agua",02,Antofagasta,A,Cuentas Nacionales,"PIB por actividad económica, II Región de Antofagasta, base 2003 ( millones de pesos)",05,"Electricidad, gas, agua y gestión de desechos",f035_positional
F035.PIB.FLU.R.CLP.2003.06.Z.Z.02.0.A,Construcción,02,Antofagasta,A,Cuentas Nacionales,"PIB por actividad económica, II Región de Antofagasta, base 2003 ( millones de pesos)",06,Construcción,f035_positional
F035.PIB.FLU.R.CLP.2003.07.Z.Z.02.0.A,"Comercio, restaurantes y hoteles",02,Antofagasta,A,Cuentas Nacionales,"PIB por actividad económica, II Región de Antofagasta, base 2003 ( millones de pesos)",07,"Comercio, restaurantes y hoteles",f035_positional
F035.PIB.FLU.R.CLP.2003.08.Z.Z.02.0.A,Transportes y comunicaciones,02,Antofagasta,A,Cuentas Nacionales,"PIB por actividad económica, II Región de Antofagasta, base 2003 ( millones de pesos)",08,"Transporte, información y comunicaciones",f035_positional
F035.PIB.FLU.R.CLP.2003.09.21.Z.02.0.A,Servicios financieros y empresariales,02,Antofagasta,A,Cuentas Nacionales,"PIB por actividad económica, II Región de Antofagasta, base 2003 ( millones de pesos)",09,Servicios financieros y empresariales,f035_positional
F035.PIB.FLU.R.CLP.2003.10.Z.Z.02.0.A,Propiedad de vivienda,02,Antofagasta,A,Cuentas Nacionales,"PIB por actividad económica, II Región de Antofagasta, base 2003 ( millones de pesos)",10,Servicios de vivienda e inmobiliarios,f035_positional
F035.PIB.FLU.R.CLP.2003.11.Z.Z.02.0.A,Servicios personales,02,Antofagasta,A,Cuentas Nacionales,"PIB por actividad económica, II Región de Antofagasta, base 2003 ( millones de pesos)",11,Servicios personales,f035_positional
F035.PIB.FLU.R.CLP.2003.12.Z.Z.02.0.A,Administración pública,02,Antofagasta,A,Cuentas Nacionales,"PIB por actividad económica, II Región de Antofagasta, base 2003 ( millones de pesos)",12,Administración pública,f035_positional
F035.PIB.FLU.R.CLP.2003.Z.Z.Z.02.0.A,II De Antofagasta,02,Antofagasta,A,Cuentas Nacionales,"Producto interno bruto por región, a precios constantes, base 2003 ( millones de pesos)",,,f035_positional
F035.PIB.FLU.R.CLP.2008.01.Z.Z.02.0.A,Agropecuario-silvícola,02,Antofagasta,A,Cuentas Nacionales,"PIB por actividad económica, II Región de Antofagasta, volumen a precios del año anterior encadenado, referencia 2008 (millones de pesos encadenados)",01,Agropecuario-silvícola,f035_positional
F035.PIB.FLU.R.CLP.2008.02.04.Z.02.0.A,Pesca,02,Antofagasta,A,Cuentas Nacionales,"PIB por actividad económica, II Región de Antofagasta, volumen a precios del año anterior encadenado, referencia 2008 (millones de pesos encadenados)",02,Pesca,f035_positional
F035.PIB.FLU.R.CLP.2008.03.Z.Z.02.0.A,Minería,02,Antofagasta,A,Cuentas Nacionales,"PIB por actividad económica, II Región de Antofagasta, volumen a precios del año anterior encadenado, referencia 2008 (millones de pesos encadenados)",03,Minería,f035_positional
F035.PIB.FLU.R.CLP.2008.04.Z.Z.02.0.A,Industria manufacturera,02,Antofagasta,A,Cuentas Nacionales,"PIB por actividad económica, II Región de Antofagasta, volumen a precios del año anterior encadenado, referencia 2008 (millones de pesos encadenados)",04,Industria,f035_positional
F035.PIB.FLU.R.CLP.2008.05.Z.Z.02.0.A,"Electricidad, gas y agua",02,Antofagasta,A,Cuentas Nacionales,"PIB por actividad económica, II Región de Antofagasta, volumen a precios del año anterior encadenado, referencia 2008 (millones de pesos encadenados)",05,"Electricidad, gas, agua y gestión de desechos",f035_positional
F035.PIB.FLU.R.CLP.2008.06.Z.Z.02.0.A,Construcción,02,Antofagasta,A,Cuentas Nacionales,"PIB por actividad económica, II Región de Antofagasta, volumen a precios del año anterior encadenado, referencia 2008 (millones de pesos encadenados)",06,Construcción,f035_positional
F035.PIB.FLU.R.CLP.2008.07.Z.Z.02.0.A,"Comercio, restaurantes y hoteles",02,Antofagasta,A,Cuentas Nacionales,"PIB por actividad económica, II Región de Antofagasta, volumen a precios del año anterior encadenado, referencia 2008 (millones de pesos encadenados)",07,"Comercio, restaurantes y hoteles",f035_positional
F035.PIB.FLU.R.CLP.2008.08.Z.Z.02.0.A,Transportes y comunicaciones,02,Antofagasta,A,Cuentas Nacionales,"PIB por actividad económica, II Región de Antofagasta, volumen a precios del año anterior encadenado, referencia 2008 (millones de pesos encadenados)",08,"Transporte, información y comunicaciones",f035_positional
F035.PIB.FLU.R.CLP.2008.09.21.Z.02.0.A,Servicios financieros y empresariales,02,Antofagasta,A,Cuentas Nacionales,"PIB por actividad económica, II Región de Antofagasta, volumen a precios del año anterior encadenado, referencia 2008 (millones de pesos encadenados)",09,Servicios financieros y empresariales,f035_positional
F035.PIB.FLU.R.CLP.2008.10.Z.Z.02.0.A,Propiedad de vivienda,02,Antofagasta,A,Cuentas Nacionales,"PIB por actividad económica, II Región de Antofagasta, volumen a precios del año anterior encadenado, referencia 2008 (millones de pesos encadenados)",10,Servicios de vivienda e inmobiliarios,f035_positional
F035.PIB.FLU.R.CLP.2008.11.Z.Z.02.0.A,Servicios personales,02,Antofagasta,A,Cuentas Nacionales,"PIB por actividad económica, II Región de Antofagasta, volumen a precios del año anterior encadenado, referencia 2008 (millones de pesos encadenados)",11,Servicios personales,f035_positional
F035.PIB.FLU.R.CLP.2008.12.Z.Z.02.0.A,Administración pública,02,Antofagasta,A,Cuentas Nacionales,"PIB por actividad económica, II Región de Antofagasta, volumen a precios del año anterior encadenado, referencia 2008 (millones de pesos encadenados)",12,Administración pública,f035_positional
F035.PIB.FLU.R.CLP.2008.Z.Z.Z.02.0.A,II De Antofagasta,02,Antofagasta,A,Cuentas Nacionales,"Producto interno bruto por región, volumen a precios del año anterior encadenado, referencia 2008 (millones de pesos encadenados)",,,f035_positional
F035.PIB.FLU.R.CLP.2013.01.Z.Z.02.0.A,Agropecuario-silvícola,02,Antofagasta,A,Cuentas Nacionales,"PIB por actividad económica, Región de Antofagasta, volumen a precios del año anterior encadenado, series empalmadas, referencia 2013 (miles de millones de pesos encadenados)",01,Agropecuario-silvícola,f035_positional
F035.PIB.FLU.R.CLP.2013.02.04.Z.02.0.A,Pesca,02,Antofagasta,A,Cuentas Nacionales,"PIB por actividad económica, Región de Antofagasta, volumen a precios del año anterior encadenado, series empalmadas, referencia 2013 (miles de millones de pesos encadenados)",02,Pesca,f035_positional
F035.PIB.FLU.R.CLP.2013.03.Z.Z.02.0.A,Minería,02,Antofagasta,A,Cuentas Nacionales,"PIB por actividad económica, Región de Antofagasta, volumen a precios del año anterior encadenado, series empalmadas, referencia 2013 (miles de millones de pesos encadenados)",03,Minería,f035_positional
F035.PIB.FLU.R.CLP.2013.04.Z.Z.02.0.A,Industria manufacturera,02,Antofagasta,A,Cuentas Nacionales,"PIB por actividad económica, Región de Antofagasta, volumen a precios del año anterior encadenado, series empalmadas, referencia 2013 (miles de millones de pesos encadenados)",04,Industria,f035_positional
F035.PIB.FLU.R.CLP.2013.05.Z.Z.02.0.A,"Electricidad, gas, agua y gestión de desechos",02,Antofagasta,A,Cuentas Nacionales,"PIB por actividad económica, Región de Antofagasta, volumen a precios del año anterior encadenado, series empalmadas, referencia 2013 (miles de millones de pesos encadenados)",05,"Electricidad, gas, agua y gestión de desechos",f035_positional
F035.PIB.FLU.R.CLP.2013.06.Z.Z.02.0.A,Construcción,02,Antofagasta,A,Cuentas Nacionales,"PIB por actividad económica, Región de Antofagasta, volumen a precios del año anterior encadenado, series empalmadas, referencia 2013 (miles de millones de pesos encadenados)",06,Construcción,f035_positional
F035.PIB.FLU.R.CLP.2013.07.Z.Z.02.0.A,"Comercio, restaurantes y hoteles",02,Antofagasta,A,Cuentas Nacionales,"PIB por actividad económica, Región de Antofagasta, volumen a precios del año anterior encadenado, series empalmadas, referencia 2013 (miles de millones de pesos encadenados)",07,"Comercio, restaurantes y hoteles",f035_positional
F035.PIB.FLU.R.CLP.2013.08.Z.Z.02.0.A,"Transporte, información y comunicaciones",02,Antofagasta,A,Cuentas Nacionales,"PIB por actividad económica, Región de Antofagasta, volumen a precios del año anterior encadenado, series empalmadas, referencia 2013 (miles de millones de pesos encadenados)",08,"Transporte, información y comunicaciones",f035_positional
F035.PIB.FLU.R.CLP.2013.09.21.Z.02.0.A,Servicios financieros y empresariales,02,Antofagasta,A,Cuentas Nacionales,"PIB por actividad económica, Región de Antofagasta, volumen a precios del año anterior encadenado, series empalmadas, referencia 2013 (miles de millones de pesos encadenados)",09,Servicios financieros y empresariales,f035_positional
F035.PIB.FLU.R.CLP.2013.10.Z.Z.02.0.A,Servicios de vivienda e inmobiliarios,02,Antofagasta,A,Cuentas Nacionales,"PIB por actividad económica, Región de Antofagasta, volumen a precios del año anterior encadenado, series empalmadas, referencia 2013 (miles de millones de pesos encadenados)",10,Servicios de vivienda e inmobiliarios,f035_positional
F035.PIB.FLU.R.CLP.2013.11.Z.Z.02.0.A,Servicios personales,02,Antofagasta,A,Cuentas Nacionales,"PIB por actividad económica, Región de Antofagasta, volumen a precios del año anterior encadenado, series empalmadas, referencia 2013 (miles de millones de pesos encadenados)",11,Servicios personales,f035_positional
F035.PIB.FLU.R.CLP.2013.12.Z.Z.02.0.A,Administración pública,02,Antofagasta,A,Cuentas Nacionales,"PIB por actividad económica, Región de Antofagasta, volumen a precios del año anterior encadenado, series empalmadas, referencia 2013 (miles de millones de pesos encadenados)",12,Administración pública,f035_positional
F035.PIB.FLU.R.CLP.2013.Z.Z.Z.02.0.A,Región de Antofagasta,02,Antofagasta,A,Cuentas Nacionales,"Producto interno bruto por región, volumen a precios del año anterior encadenado, series empalmadas, referencia 2013 (miles de millones de pesos encadenados)",,,f035_positional
F035.PIB.FLU.R.CLP.2018.01.Z.Z.02.0.A,Agropecuario-silvícola,02,Antofagasta,A,Cuentas Nacionales,"PIB por actividad económica, Región de Antofagasta, volumen a precios del año anterior encadenado, series empalmadas, referencia 2018 (miles de millones de pesos encadenados)",01,Agropecuario-silvícola,f035_positional
F035.PIB.FLU.R.CLP.2018.02.04.Z.02.0.A,Pesca,02,Antofagasta,A,Cuentas Nacionales,"PIB por actividad económica, Región de Antofagasta, volumen a precios del año anterior encadenado, series empalmadas, referencia 2018 (miles de millones de pesos encadenados)",02,Pesca,f035_positional
F035.PIB.FLU.R.CLP.2018.03.Z.Z.02.0.A,Minería,02,Antofagasta,A,Cuentas Nacionales,"PIB por actividad económica, Región de Antofagasta, volumen a precios del año anterior encadenado, series empalmadas, referencia 2018 (miles de millones de pesos encadenados)",03,Minería,f035_positional
F035.PIB.FLU.R.CLP.2018.04.Z.Z.02.0.A,Industria manufacturera,02,Antofagasta,A,Cuentas Nacionales,"PIB por actividad económica, Región de Antofagasta, volumen a precios del año anterior encadenado, series empalmadas, referencia 2018 (miles de millones de pesos encadenados)",04,Industria,f035_positional
F035.PIB.FLU.R.CLP.2018.05.Z.Z.02.0.A,"Electricidad, gas, agua y gestión de desechos",02,Antofagasta,A,Cuentas Nacionales,"PIB por actividad económica, Región de Antofagasta, volumen a precios del año anterior encadenado, series empalmadas, referencia 2018 (miles de millones de pesos encadenados)",05,"Electricidad, gas, agua y gestión de desechos",f035_positional
F035.PIB.FLU.R.CLP.2018.06.Z.Z.02.0.A,Construcción,02,Antofagasta,A,Cuentas Nacionales,"PIB por actividad económica, Región de Antofagasta, volumen a precios del año anterior encadenado, series empalmadas, referencia 2018 (miles de millones de pesos encadenados)",06,Construcción,f035_positional
F035.PIB.FLU.R.CLP.2018.08.Z.Z.02.0.A,"Transporte, información y comunicaciones",02,Antofagasta,A,Cuentas Nacionales,"PIB por actividad económica, Región de Antofagasta, volumen a precios del año anterior encadenado, series empalmadas, referencia 2018 (miles de millones de pesos encadenados)",08,"Transporte, información y comunicaciones",f035_positional
F035.PIB.FLU.R.CLP.2018.09.21.Z.02.0.A,Servicios financieros y empresariales,02,Antofagasta,A,Cuentas Nacionales,"PIB por actividad económica, Región de Antofagasta, volumen a precios del año anterior encadenado, series empalmadas, referencia 2018 (miles de millones de pesos encadenados)",09,Servicios financieros y empresariales,f035_positional
F035.PIB.FLU.R.CLP.2018.10.Z.Z.02.0.A,Servicios de vivienda e inmobiliarios,02,Antofagasta,A,Cuentas Nacionales,"PIB por actividad económica, Región de Antofagasta, volumen a precios del año anterior encadenado, series empalmadas, referencia 2018 (miles de millones de pesos encadenados)",10,Servicios de vivienda e inmobiliarios,f035_positional
F035.PIB.FLU.R.CLP.2018.11.Z.Z.02.0.A,Servicios personales,02,Antofagasta,A,Cuentas Nacionales,"PIB por actividad económica, Región de Antofagasta, volumen a precios del año anterior encadenado, series empalmadas, referencia 2018 (miles de millones de pesos encadenados)",11,Servicios personales,f035_positional
F035.PIB.FLU.R.CLP.2018.12.Z.Z.02.0.A,Administración pública,02,Antofagasta,A,Cuentas Nacionales,"PIB por actividad económica, Región de Antofagasta, volumen a precios del año anterior encadenado, series empalmadas, referencia 2018 (miles de millones de pesos encadenados)",12,Administración pública,f035_positional
F035.PIB.FLU.R.CLP.2018.COM.Z.Z.02.0.A,Comercio,02,Antofagasta,A,Cuentas Nacionales,"PIB por actividad económica, Región de Antofagasta, volumen a precios del año anterior encadenado, series empalmadas, referencia 2018 (miles de millones de pesos encadenados)",COM,Comercio,f035_positional
F035.PIB.FLU.R.CLP.2018.RH.Z.Z.02.0.A,Restaurantes y hoteles,02,Antofagasta,A,Cuentas Nacionales,"PIB por actividad económica, Región de Antofagasta, volumen a precios del año anterior encadenado, series empalmadas, referencia 2018 (miles de millones de pesos encadenados)",RH,Restaurantes y hoteles,f035_positional
F035.PIB.FLU.R.CLP.2018.Z.Z.Z.02.0.A,Producto interno bruto,02,Antofagasta,A,Cuentas Nacionales,"PIB por actividad económica, Región de Antofagasta, volumen a precios del año anterior encadenado, series empalmadas, referencia 2018 (miles de millones de pesos encadenados)",,,f035_positional
F035.PIB.V12.R.CLP.2008.Z.Z.Z.02.0.A,II De Antofagasta,02,Antofagasta,A,Cuentas Nacionales,"Producto interno bruto por región, contribución porcentual respecto de igual periodo del año anterior, referencia 2008 .",,,f035_positional
F035.PIB.V12.R.CLP.2013.Z.Z.Z.02.0.A,Región de Antofagasta,02,Antofagasta,A,Cuentas Nacionales,"Producto interno bruto por región, contribución porcentual respecto de igual periodo del año anterior, series empalmadas, referencia 2013 .",,,f035_positional
F035.PIB.V12.R.CLP.2018.01.Z.Z.02.0.A,Agropecuario-silvícola,02,Antofagasta,A,Cuentas Nacionales,"PIB por actividad económica, Región de Antofagasta, contribución porcentual respecto de igual periodo del año anterior, series empalmadas, referencia 2018",01,Agropecuario-silvícola,f035_positional
F035.PIB.V12.R.CLP.2018.02.04.Z.02.0.A,Pesca,02,Antofagasta,A,Cuentas Nacionales,"PIB por actividad económica, Región de Antofagasta, contribución porcentual respecto de igual periodo del año anterior, series empalmadas, referencia 2018",02,Pesca,f035_positional
F035.PIB.V12.R.CLP.2018.03.Z.Z.02.0.A,Minería,02,Antofagasta,A,Cuentas Nacionales,"PIB por actividad económica, Región de Antofagasta, contribución porcentual respecto de igual periodo del año anterior, series empalmadas, referencia 2018",03,Minería,f035_positional
F035.PIB.V12.R.CLP.2018.04.Z.Z.02.0.A,Industria manufacturera,02,Antofagasta,A,Cuentas Nacionales,"PIB por actividad económica, Región de Antofagasta, contribución porcentual respecto de igual periodo del año anterior, series empalmadas, referencia 2018",04,Industria,f035_positional
F035.PIB.V12.R.CLP.2018.05.Z.Z.02.0.A,"Electricidad, gas, agua y gestión de desechos",02,Antofagasta,A,Cuentas Nacionales,"PIB por actividad económica, Región de Antofagasta, contribución porcentual respecto de igual periodo del año anterior, series empalmadas, referencia 2018",05,"Electricidad, gas, agua y gestión de desechos",f035_positional
F035.PIB.V12.R.CLP.2018.06.Z.Z.02.0.A,Construcción,02,Antofagasta,A,Cuentas Nacionales,"PIB por actividad económica, Región de Antofagasta, contribución porcentual respecto de igual periodo del año anterior, series empalmadas, referencia 2018",06,Construcción,f035_positional
F035.PIB.V12.R.CLP.2018.08.Z.Z.02.0.A,"Transporte, información y comunicaciones",02,Antofagasta,A,Cuentas Nacionales,"PIB por actividad económica, Región de Antofagasta, contribución porcentual respecto de igual periodo del año anterior, series empalmadas, referencia 2018",08,"Transporte, información y comunicaciones",f035_positional
F035.PIB.V12.R.CLP.2018.09.21.Z.02.0.A,Servicios financieros y empresariales,02,Antofagasta,A,Cuentas Nacionales,"PIB por actividad económica, Región de Antofagasta, contribución porcentual respecto de igual periodo del año anterior, series empalmadas, referencia 2018",09,Servicios financieros y empresariales,f035_positional
F035.PIB.V12.R.CLP.2018.10.Z.Z.02.0.A,Servicios de vivienda e inmobiliarios,02,Antofagasta,A,Cuentas Nacionales,"PIB por actividad económica, Región de Antofagasta, contribución porcentual respecto de igual periodo del año anterior, series empalmadas, referencia 2018",10,Servicios de vivienda e inmobiliarios,f035_positional
F035.PIB.V12.R.CLP.2018.11.Z.Z.02.0.A,Servicios personales,02,Antofagasta,A,Cuentas Nacionales,"PIB por actividad económica, Región de Antofagasta, contribución porcentual respecto de igual periodo del año anterior, series empalmadas, referencia 2018",11,Servicios personales,f035_positional
F035.PIB.V12.R.CLP.2018.12.Z.Z.02.0.A,Administración pública,02,Antofagasta,A,Cuentas Nacionales,"PIB por actividad económica, Región de Antofagasta, contribución porcentual respecto de igual periodo del año anterior, series empalmadas, referencia 2018",12,Administración pública,f035_positional
F035.PIB.V12.R.CLP.2018.COM.Z.Z.02.0.A,Comercio,02,Antofagasta,A,Cuentas Nacionales,"PIB por actividad económica, Región de Antofagasta, contribución porcentual respecto de igual periodo del año anterior, series empalmadas, referencia 2018",COM,Comercio,f035_positional
F035.PIB.V12.R.CLP.2018.CONT.Z.Z.02.0.A,Producto Interno Bruto,02,Antofagasta,A,Cuentas Nacionales,"PIB por actividad económica, Región de Antofagasta, contribución porcentual respecto de igual periodo del año anterior, series empalmadas, referencia 2018",CONT,PIB (contribución),f035_positional
F035.PIB.V12.R.CLP.2018.RH.Z.Z.02.0.A,Restaurantes y hoteles,02,Antofagasta,A,Cuentas Nacionales,"PIB por actividad económica, Región de Antofagasta, contribución porcentual respecto de igual periodo del año anterior, series empalmadas, referencia 2018",RH,Restaurantes y hoteles,f035_positional
F035.PIB.V12.R.CLP.2018.Z.Z.Z.02.0.A,Región de Antofagasta,02,Antofagasta,A,Cuentas Nacionales,"Producto interno bruto por región, contribución porcentual respecto de igual periodo del año anterior, series empalmadas, referencia 2018",,,f035_positional
F035.PIB.FLU.N.CLP.2008.01.Z.Z.03.0.A,Agropecuario-silvícola,03,Atacama,A,Cuentas Nacionales,"PIB por actividad económica, III Región de Atacama, precios corrientes, referencia 2008 (millones de pesos)",01,Agropecuario-silvícola,f035_positional
F035.PIB.FLU.N.CLP.2008.02.04.Z.03.0.A,Pesca,03,Atacama,A,Cuentas Nacionales,"PIB por actividad económica, III Región de Atacama, precios corrientes, referencia 2008 (millones de pesos)",02,Pesca,f035_positional
F035.PIB.FLU.N.CLP.2008.03.Z.Z.03.0.A,Minería,03,Atacama,A,Cuentas Nacionales,"PIB por actividad económica, III Región de Atacama, precios corrientes, referencia 2008 (millones de pesos)",03,Minería,f035_positional
F035.PIB.FLU.N.CLP.2008.04.Z.Z.03.0.A,Industria manufacturera,03,Atacama,A,Cuentas Nacionales,"PIB por actividad económica, III Región de Atacama, precios corrientes, referencia 2008 (millones de pesos)",04,Industria,f035_positional
F035.PIB.FLU.N.CLP.2008.05.Z.Z.03.0.A,"Electricidad, gas, agua y gestión de desechos",03,Atacama,A,Cuentas Nacionales,"PIB por actividad económica, III Región de Atacama, precios corrientes, referencia 2008 (millones de pesos)",05,"Electricidad, gas, agua y gestión de desechos",f035_positional
F035.PIB.FLU.N.CLP.2008.06.Z.Z.03.0.A,Construcción,03,Atacama,A,Cuentas Nacionales,"PIB por actividad económica, III Región de Atacama, precios corrientes, referencia 2008 (millones de pesos)",06,Construcción,f035_positional
F035.PIB.FLU.N.CLP.2008.07.Z.Z.03.0.A,"Comercio, restaurantes y hoteles",03,Atacama,A,Cuentas Nacionales,"PIB por actividad económica, III Región de Atacama, precios corrientes, referencia 2008 (millones de pesos)",07,"Comercio, restaurantes y hoteles",f035_positional
F035.PIB.FLU.N.CLP.2008.08.Z.Z.03.0.A,"Transportes, informacion y comunicaciones",03,Atacama,A,Cuentas Nacionales,"PIB por actividad económica, III Región de Atacama, precios corrientes, referencia 2008 (millones de pesos)",08,"Transporte, información y comunicaciones",f035_positional
F035.PIB.FLU.N.CLP.2008.09.21.Z.03.0.A,Servicios financieros y empresariales,03,Atacama,A,Cuentas Nacionales,"PIB por actividad económica, III Región de Atacama, precios corrientes, referencia 2008 (millones de pesos)",09,Servicios financieros y empresariales,f035_positional
F035.PIB.FLU.N.CLP.2008.10.Z.Z.03.0.A,Servicios de vivienda e inmobiliarios,03,Atacama,A,Cuentas Nacionales,"PIB por actividad económica, III Región de Atacama, precios corrientes, referencia 2008 (millones de pesos)",10,Servicios de vivienda e inmobiliarios,f035_positional
F035.PIB.FLU.N.CLP.2008.11.Z.Z.03.0.A,Servicios personales,03,Atacama,A,Cuentas Nacionales,"PIB por actividad económica, III Región de Atacama, precios corrientes, referencia 2008 (millones de pesos)",11,Servicios personales,f035_positional
F035.PIB.FLU.N.CLP.2008.12.Z.Z.03.0.A,Administración pública,03,Atacama,A,Cuentas Nacionales,"PIB por actividad económica, III Región de Atacama, precios corrientes, referencia 2008 (millones de pesos)",12,Administración pública,f035_positional
F035.PIB.FLU.N.CLP.2008.Z.Z.Z.03.0.A,III De Atacama,03,Atacama,A,Cuentas Nacionales,"Producto interno bruto por región, precios corrientes, referencia 2008 (millones de pesos)",,,f035_positional
F035.PIB.FLU.N.CLP.2013.01.Z.Z.03.0.A,Agropecuario-silvícola,03,Atacama,A,Cuentas Nacionales,"PIB por actividad económica, Región de Atacama, precios corrientes, series empalmadas, referencia 2013 (miles de millones de pesos)",01,Agropecuario-silvícola,f035_positional
F035.PIB.FLU.N.CLP.2013.02.04.Z.03.0.A,Pesca,03,Atacama,A,Cuentas Nacionales,"PIB por actividad económica, Región de Atacama, precios corrientes, series empalmadas, referencia 2013 (miles de millones de pesos)",02,Pesca,f035_positional
F035.PIB.FLU.N.CLP.2013.03.Z.Z.03.0.A,Minería,03,Atacama,A,Cuentas Nacionales,"PIB por actividad económica, Región de Atacama, precios corrientes, series empalmadas, referencia 2013 (miles de millones de pesos)",03,Minería,f035_positional
F035.PIB.FLU.N.CLP.2013.04.Z.Z.03.0.A,Industria manufacturera,03,Atacama,A,Cuentas Nacionales,"PIB por actividad económica, Región de Atacama, precios corrientes, series empalmadas, referencia 2013 (miles de millones de pesos)",04,Industria,f035_positional
F035.PIB.FLU.N.CLP.2013.05.Z.Z.03.0.A,"Electricidad, gas, agua y gestión de desechos",03,Atacama,A,Cuentas Nacionales,"PIB por actividad económica, Región de Atacama, precios corrientes, series empalmadas, referencia 2013 (miles de millones de pesos)",05,"Electricidad, gas, agua y gestión de desechos",f035_positional
F035.PIB.FLU.N.CLP.2013.06.Z.Z.03.0.A,Construcción,03,Atacama,A,Cuentas Nacionales,"PIB por actividad económica, Región de Atacama, precios corrientes, series empalmadas, referencia 2013 (miles de millones de pesos)",06,Construcción,f035_positional
F035.PIB.FLU.N.CLP.2013.07.Z.Z.03.0.A,"Comercio, restaurantes y hoteles",03,Atacama,A,Cuentas Nacionales,"PIB por actividad económica, Región de Atacama, precios corrientes, series empalmadas, referencia 2013 (miles de millones de pesos)",07,"Comercio, restaurantes y hoteles",f035_positional
F035.PIB.FLU.N.CLP.2013.08.Z.Z.03.0.A,"Transporte, información y comunicaciones",03,Atacama,A,Cuentas Nacionales,"PIB por actividad económica, Región de Atacama, precios corrientes, series empalmadas, referencia 2013 (miles de millones de pesos)",08,"Transporte, información y comunicaciones",f035_positional
F035.PIB.FLU.N.CLP.2013.09.21.Z.03.0.A,Servicios financieros y empresariales,03,Atacama,A,Cuentas Nacionales,"PIB por actividad económica, Región de Atacama, precios corrientes, series empalmadas, referencia 2013 (miles de millones de pesos)",09,Servicios financieros y empresariales,f035_positional
F035.PIB.FLU.N.CLP.2013.10.Z.Z.03.0.A,Servicios de vivienda e inmobiliarios,03,Atacama,A,Cuentas Nacionales,"PIB por actividad económica, Región de Atacama, precios corrientes, series empalmadas, referencia 2013 (miles de millones de pesos)",10,Servicios de vivienda e inmobiliarios,f035_positional
F035.PIB.FLU.N.CLP.2013.11.Z.Z.03.0.A,Servicios personales,03,Atacama,A,Cuentas Nacionales,"PIB por actividad económica, Región de Atacama, precios corrientes, series empalmadas, referencia 2013 (miles de millones de pesos)",11,Servicios personales,f035_positional
F035.PIB.FLU.N.CLP.2013.12.Z.Z.03.0.A,Administración pública,03,Atacama,A,Cuentas Nacionales,"PIB por actividad económica, Región de Atacama, precios corrientes, series empalmadas, referencia 2013 (miles de millones de pesos)",12,Administración pública,f035_positional
F035.PIB.FLU.N.CLP.2013.Z.Z.Z.03.0.A,Región de Atacama,03,Atacama,A,Cuentas Nacionales,"Producto interno bruto por región, precios corrientes, series empalmadas, referencia 2013 (miles de millones de pesos)",,,f035_positional
F035.PIB.FLU.N.CLP.2018.01.Z.Z.03.0.A,Agropecuario-silvícola,03,Atacama,A,Cuentas Nacionales,"PIB por actividad económica, Región de Atacama, precios corrientes, series empalmadas, referencia 2018 (miles de millones de pesos)",01,Agropecuario-silvícola,f035_positional
F035.PIB.FLU.N.CLP.2018.02.04.Z.03.0.A,Pesca,03,Atacama,A,Cuentas Nacionales,"PIB por actividad económica, Región de Atacama, precios corrientes, series empalmadas, referencia 2018 (miles de millones de pesos)",02,Pesca,f035_positional
F035.PIB.FLU.N.CLP.2018.03.Z.Z.03.0.A,Minería,03,Atacama,A,Cuentas Nacionales,"PIB por actividad económica, Región de Atacama, precios corrientes, series empalmadas, referencia 2018 (miles de millones de pesos)",03,Minería,f035_positional
F035.PIB.FLU.N.CLP.2018.04.Z.Z.03.0.A,Industria manufacturera,03,Atacama,A,Cuentas Nacionales,"PIB por actividad económica, Región de Atacama, precios corrientes, series empalmadas, referencia 2018 (miles de millones de pesos)",04,Industria,f035_positional
F035.PIB.FLU.N.CLP.2018.05.Z.Z.03.0.A,"Electricidad, gas, agua y gestión de desechos",03,Atacama,A,Cuentas Nacionales,"PIB por actividad económica, Región de Atacama, precios corrientes, series empalmadas, referencia 2018 (miles de millones de pesos)",05,"Electricidad, gas, agua y gestión de desechos",f035_positional
F035.PIB.FLU.N.CLP.2018.06.Z.Z.03.0.A,Construcción,03,Atacama,A,Cuentas Nacionales,"PIB por actividad económica, Región de Atacama, precios corrientes, series empalmadas, referencia 2018 (miles de millones de pesos)",06,Construcción,f035_positional
F035.PIB.FLU.N.CLP.2018.08.Z.Z.03.0.A,"Transporte, información y comunicaciones",03,Atacama,A,Cuentas Nacionales,"PIB por actividad económica, Región de Atacama, precios corrientes, series empalmadas, referencia 2018 (miles de millones de pesos)",08,"Transporte, información y comunicaciones",f035_positional
F035.PIB.FLU.N.CLP.2018.09.21.Z.03.0.A,Servicios financieros y empresariales,03,Atacama,A,Cuentas Nacionales,"PIB por actividad económica, Región de Atacama, precios corrientes, series empalmadas, referencia 2018 (miles de millones de pesos)",09,Servicios financieros y empresariales,f035_positional
F035.PIB.FLU.N.CLP.2018.10.Z.Z.03.0.A,Servicios de vivienda e inmobiliarios,03,Atacama,A,Cuentas Nacionales,"PIB por actividad económica, Región de Atacama, precios corrientes, series empalmadas, referencia 2018 (miles de millones de pesos)",10,Servicios de vivienda e inmobiliarios,f035_positional
F035.PIB.FLU.N.CLP.2018.11.Z.Z.03.0.A,Servicios personales,03,Atacama,A,Cuentas Nacionales,"PIB por actividad económica, Región de Atacama, precios corrientes, series empalmadas, referencia 2018 (miles de millones de pesos)",11,Servicios personales,f035_positional
F035.PIB.FLU.N.CLP.2018.12.Z.Z.03.0.A,Administración pública,03,Atacama,A,Cuentas Nacionales,"PIB por actividad económica, Región de Atacama, precios corrientes, series empalmadas, referencia 2018 (miles de millones de pesos)",12,Administración pública,f035_positional
F035.PIB.FLU.N.CLP.2018.COM.Z.Z.03.0.A,Comercio,03,Atacama,A,Cuentas Nacionales,"PIB por actividad económica, Región de Atacama, precios corrientes, series empalmadas, referencia 2018 (miles de millones de pesos)",COM,Comercio,f035_positional
F035.PIB.FLU.N.CLP.2018.RH.Z.Z.03.0.A,Restaurantes y hoteles,03,Atacama,A,Cuentas Nacionales,"PIB por actividad económica, Región de Atacama, precios corrientes, series empalmadas, referencia 2018 (miles de millones de pesos)",RH,Restaurantes y hoteles,f035_positional
F035.PIB.FLU.N.CLP.2018.Z.Z.Z.03.0.A,Región de Atacama,03,Atacama,A,Cuentas Nacionales,"Producto interno bruto por región, precios corrientes, series empalmadas, referencia 2018 (miles de millones de pesos)",,,f035_positional
F035.PIB.FLU.R.CLP.1986.01.Z.Z.03.0.A,Agropecuario-silvícola,03,Atacama,A,Cuentas Nacionales,"PIB por actividad económica, III Región de Atacama, base 1986 ( millones de pesos)",01,Agropecuario-silvícola,f035_positional
F035.PIB.FLU.R.CLP.1986.02.04.Z.03.0.A,Pesca,03,Atacama,A,Cuentas Nacionales,"PIB por actividad económica, III Región de Atacama, base 1986 ( millones de pesos)",02,Pesca,f035_positional
F035.PIB.FLU.R.CLP.1986.03.Z.Z.03.0.A,Minería,03,Atacama,A,Cuentas Nacionales,"PIB por actividad económica, III Región de Atacama, base 1986 ( millones de pesos)",03,Minería,f035_positional
F035.PIB.FLU.R.CLP.1986.04.Z.Z.03.0.A,Industria manufacturera,03,Atacama,A,Cuentas Nacionales,"PIB por actividad económica, III Región de Atacama, base 1986 ( millones de pesos)",04,Industria,f035_positional
F035.PIB.FLU.R.CLP.1986.05.Z.Z.03.0.A,"Electricidad, gas y agua",03,Atacama,A,Cuentas Nacionales,"PIB por actividad económica, III Región de Atacama, base 1986 ( millones de pesos)",05,"Electricidad, gas, agua y gestión de desechos",f035_positional
F035.PIB.FLU.R.CLP.1986.06.Z.Z.03.0.A,Construcción,03,Atacama,A,Cuentas Nacionales,"PIB por actividad económica, III Región de Atacama, base 1986 ( millones de pesos)",06,Construcción,f035_positional
F035.PIB.FLU.R.CLP.1986.07.Z.Z.03.0.A,"Comercio, restaurantes y hoteles",03,Atacama,A,Cuentas Nacionales,"PIB por actividad económica, III Región de Atacama, base 1986 ( millones de pesos)",07,"Comercio, restaurantes y hoteles",f035_positional
F035.PIB.FLU.R.CLP.1986.08.Z.Z.03.0.A,Transportes y comunicaciones,03,Atacama,A,Cuentas Nacionales,"PIB por actividad económica, III Región de Atacama, base 1986 ( millones de pesos)",08,"Transporte, información y comunicaciones",f035_positional
F035.PIB.FLU.R.CLP.1986.09.21.27.03.0.A,Servicios financieros,03,Atacama,A,Cuentas Nacionales,"PIB por actividad económica, III Región de Atacama, base 1986 ( millones de pesos)",09,Servicios financieros y empresariales,f035_positional
F035.PIB.FLU.R.CLP.1986.10.Z.Z.03.0.A,Propiedad de vivienda,03,Atacama,A,Cuentas Nacionales,"PIB por actividad económica, III Región de Atacama, base 1986 ( millones de pesos)",10,Servicios de vivienda e inmobiliarios,f035_positional
F035.PIB.FLU.R.CLP.1986.11.Z.Z.03.0.A,Servicios personales,03,Atacama,A,Cuentas Nacionales,"PIB por actividad económica, III Región de Atacama, base 1986 ( millones de pesos)",11,Servicios personales,f035_positional
F035.PIB.FLU.R.CLP.1986.12.Z.Z.03.0.A,Administración pública,03,Atacama,A,Cuentas Nacionales,"PIB por actividad económica, III Región de Atacama, base 1986 ( millones de pesos)",12,Administración pública,f035_positional
F035.PIB.FLU.R.CLP.1986.Z.Z.Z.03.0.A,III De Atacama,03,Atacama,A,Cuentas Nacionales,"Producto interno bruto por región, a precios constantes, base 1986 (millones de pesos)",,,f035_positional
F035.PIB.FLU.R.CLP.1996.01.Z.Z.03.0.A,Agropecuario-silvícola,03,Atacama,A,Cuentas Nacionales,"PIB por actividad económica base 1996, III Región de Atacama, base 1996 ( millones de pesos)",01,Agropecuario-silvícola,f035_positional
F035.PIB.FLU.R.CLP.1996.02.04.Z.03.0.A,Pesca,03,Atacama,A,Cuentas Nacionales,"PIB por actividad económica base 1996, III Región de Atacama, base 1996 ( millones de pesos)",02,Pesca,f035_positional
F035.PIB.FLU.R.CLP.1996.03.Z.Z.03.0.A,Minería,03,Atacama,A,Cuentas Nacionales,"PIB por actividad económica base 1996, III Región de Atacama, base 1996 ( millones de pesos)",03,Minería,f035_positional
F035.PIB.FLU.R.CLP.1996.04.Z.Z.03.0.A,Industria manufacturera,03,Atacama,A,Cuentas Nacionales,"PIB por actividad económica base 1996, III Región de Atacama, base 1996 ( millones de pesos)",04,Industria,f035_positional
F035.PIB.FLU.R.CLP.1996.05.Z.Z.03.0.A,"Electricidad, gas y agua",03,Atacama,A,Cuentas Nacionales,"PIB por actividad económica base 1996, III Región de Atacama, base 1996 ( millones de pesos)",05,"Electricidad, gas, agua y gestión de desechos",f035_positional
F035.PIB.FLU.R.CLP.1996.06.Z.Z.03.0.A,Construcción,03,Atacama,A,Cuentas Nacionales,"PIB por actividad económica base 1996, III Región de Atacama, base 1996 ( millones de pesos)",06,Construcción,f035_positional
F035.PIB.FLU.R.CLP.1996.07.Z.Z.03.0.A,"Comercio, restaurantes y hoteles",03,Atacama,A,Cuentas Nacionales,"PIB por actividad económica base 1996, III Región de Atacama, base 1996 ( millones de pesos)",07,"Comercio, restaurantes y hoteles",f035_positional
F035.PIB.FLU.R.CLP.1996.08.Z.Z.03.0.A,Transportes y comunicaciones,03,Atacama,A,Cuentas Nacionales,"PIB por actividad económica base 1996, III Región de Atacama, base 1996 ( millones de pesos)",08,"Transporte, información y comunicaciones",f035_positional
F035.PIB.FLU.R.CLP.1996.09.21.Z.03.0.A,Servicios financieros y empresariales,03,Atacama,A,Cuentas Nacionales,"PIB por actividad económica base 1996, III Región de Atacama, base 1996 ( millones de pesos)",09,Servicios financieros y empresariales,f035_positional
F035.PIB.FLU.R.CLP.1996.10.Z.Z.03.0.A,Propiedad de vivienda,03,Atacama,A,Cuentas Nacionales,"PIB por actividad económica base 1996, III Región de Atacama, base 1996 ( millones de pesos)",10,Servicios de vivienda e inmobiliarios,f035_positional
F035.PIB.FLU.R.CLP.1996.11.Z.Z.03.0.A,Servicios personales,03,Atacama,A,Cuentas Nacionales,"PIB por actividad económica base 1996, III Región de Atacama, base 1996 ( millones de pesos)",11,Servicios personales,f035_positional
F035.PIB.FLU.R.CLP.1996.12.Z.Z.03.0.A,Administración pública,03,Atacama,A,Cuentas Nacionales,"PIB por actividad económica base 1996, III Región de Atacama, base 1996 ( millones de pesos)",12,Administración pública,f035_positional
F035.PIB.FLU.R.CLP.1996.Z.Z.Z.03.0.A,III De Atacama,03,Atacama,A,Cuentas Nacionales,"Producto interno bruto por región, a precios constantes, base 1996 ( millones de pesos)",,,f035_positional
F035.PIB.FLU.R.CLP.2003.01.Z.Z.03.0.A,Agropecuario-silvícola,03,Atacama,A,Cuentas Nacionales,"PIB por actividad económica, III Región de Atacama, base 2003 ( millones de pesos)",01,Agropecuario-silvícola,f035_positional
F035.PIB.FLU.R.CLP.2003.02.04.Z.03.0.A,Pesca,03,Atacama,A,Cuentas Nacionales,"PIB por actividad económica, III Región de Atacama, base 2003 ( millones de pesos)",02,Pesca,f035_positional
F035.PIB.FLU.R.CLP.2003.03.Z.Z.03.0.A,Minería,03,Atacama,A,Cuentas Nacionales,"PIB por actividad económica, III Región de Atacama, base 2003 ( millones de pesos)",03,Minería,f035_positional
F035.PIB.FLU.R.CLP.2003.04.Z.Z.03.0.A,Industria manufacturera,03,Atacama,A,Cuentas Nacionales,"PIB por actividad económica, III Región de Atacama, base 2003 ( millones de pesos)",04,Industria,f035_positional
F035.PIB.FLU.R.CLP.2003.05.Z.Z.03.0.A,"Electricidad, gas y agua",03,Atacama,A,Cuentas Nacionales,"PIB por actividad económica, III Región de Atacama, base 2003 ( millones de pesos)",05,"Electricidad, gas, agua y gestión de desechos",f035_positional
F035.PIB.FLU.R.CLP.2003.06.Z.Z.03.0.A,Construcción,03,Atacama,A,Cuentas Nacionales,"PIB por actividad económica, III Región de Atacama, base 2003 ( millones de pesos)",06,Construcción,f035_positional
F035.PIB.FLU.R.CLP.2003.07.Z.Z.03.0.A,"Comercio, restaurantes y hoteles",03,Atacama,A,Cuentas Nacionales,"PIB por actividad económica, III Región de Atacama, base 2003 ( millones de pesos)",07,"Comercio, restaurantes y hoteles",f035_positional
F035.PIB.FLU.R.CLP.2003.08.Z.Z.03.0.A,Transportes y comunicaciones,03,Atacama,A,Cuentas Nacionales,"PIB por actividad económica, III Región de Atacama, base 2003 ( millones de pesos)",08,"Transporte, información y comunicaciones",f035_positional
F035.PIB.FLU.R.CLP.2003.09.21.Z.03.0.A,Servicios financieros y empresariales,03,Atacama,A,Cuentas Nacionales,"PIB por actividad económica, III Región de Atacama, base 2003 ( millones de pesos)",09,Servicios financieros y empresariales,f035_positional
F035.PIB.FLU.R.CLP.2003.10.Z.Z.03.0.A,Propiedad de vivienda,03,Atacama,A,Cuentas Nacionales,"PIB por actividad económica, III Región de Atacama, base 2003 ( millones de pesos)",10,Servicios de vivienda e inmobiliarios,f035_positional
F035.PIB.FLU.R.CLP.2003.11.Z.Z.03.0.A,Servicios personales,03,Atacama,A,Cuentas Nacionales,"PIB por actividad económica, III Región de Atacama, base 2003 ( millones de pesos)",11,Servicios personales,f035_positional
F035.PIB.FLU.R.CLP.2003.12.Z.Z.03.0.A,Administración pública,03,Atacama,A,Cuentas Nacionales,"PIB por actividad económica, III Región de Atacama, base 2003 ( millones de pesos)",12,Administración pública,f035_positional
F035.PIB.FLU.R.CLP.2003.Z.Z.Z.03.0.A,III De Atacama,03,Atacama,A,Cuentas Nacionales,"Producto interno bruto por región, a precios constantes, base 2003 ( millones de pesos)",,,f035_positional
F035.PIB.FLU.R.CLP.2008.01.Z.Z.03.0.A,Agropecuario-silvícola,03,Atacama,A,Cuentas Nacionales,"PIB por actividad económica, III Región de Atacama, volumen a precios del año anterior encadenado, referencia 2008 (millones de pesos encadenados)",01,Agropecuario-silvícola,f035_positional
F035.PIB.FLU.R.CLP.2008.02.04.Z.03.0.A,Pesca,03,Atacama,A,Cuentas Nacionales,"PIB por actividad económica, III Región de Atacama, volumen a precios del año anterior encadenado, referencia 2008 (millones de pesos encadenados)",02,Pesca,f035_positional
F035.PIB.FLU.R.CLP.2008.03.Z.Z.03.0.A,Minería,03,Atacama,A,Cuentas Nacionales,"PIB por actividad económica, III Región de Atacama, volumen a precios del año anterior encadenado, referencia 2008 (millones de pesos encadenados)",03,Minería,f035_positional
F035.PIB.FLU.R.CLP.2008.04.Z.Z.03.0.A,Industria manufacturera,03,Atacama,A,Cuentas Nacionales,"PIB por actividad económica, III Región de Atacama, volumen a precios del año anterior encadenado, referencia 2008 (millones de pesos encadenados)",04,Industria,f035_positional
F035.PIB.FLU.R.CLP.2008.05.Z.Z.03.0.A,"Electricidad, gas y agua",03,Atacama,A,Cuentas Nacionales,"PIB por actividad económica, III Región de Atacama, volumen a precios del año anterior encadenado, referencia 2008 (millones de pesos encadenados)",05,"Electricidad, gas, agua y gestión de desechos",f035_positional
F035.PIB.FLU.R.CLP.2008.06.Z.Z.03.0.A,Construcción,03,Atacama,A,Cuentas Nacionales,"PIB por actividad económica, III Región de Atacama, volumen a precios del año anterior encadenado, referencia 2008 (millones de pesos encadenados)",06,Construcción,f035_positional
F035.PIB.FLU.R.CLP.2008.07.Z.Z.03.0.A,"Comercio, restaurantes y hoteles",03,Atacama,A,Cuentas Nacionales,"PIB por actividad económica, III Región de Atacama, volumen a precios del año anterior encadenado, referencia 2008 (millones de pesos encadenados)",07,"Comercio, restaurantes y hoteles",f035_positional
F035.PIB.FLU.R.CLP.2008.08.Z.Z.03.0.A,Transportes y comunicaciones,03,Atacama,A,Cuentas Nacionales,"PIB por actividad económica, III Región de Atacama, volumen a precios del año anterior encadenado, referencia 2008 (millones de pesos encadenados)",08,"Transporte, información y comunicaciones",f035_positional
F035.PIB.FLU.R.CLP.2008.09.21.Z.03.0.A,Servicios financieros y empresariales,03,Atacama,A,Cuentas Nacionales,"PIB por actividad económica, III Región de Atacama, volumen a precios del año anterior encadenado, referencia 2008 (millones de pesos encadenados)",09,Servicios financieros y empresariales,f035_positional
F035.PIB.FLU.R.CLP.2008.10.Z.Z.03.0.A,Propiedad de vivienda,03,Atacama,A,Cuentas Nacionales,"PIB por actividad económica, III Región de Atacama, volumen a precios del año anterior encadenado, referencia 2008 (millones de pesos encadenados)",10,Servicios de vivienda e inmobiliarios,f035_positional
F035.PIB.FLU.R.CLP.2008.11.Z.Z.03.0.A,Servicios personales,03,Atacama,A,Cuentas Nacionales,"PIB por actividad económica, III Región de Atacama, volumen a precios del año anterior encadenado, referencia 2008 (millones de pesos encadenados)",11,Servicios personales,f035_positional
F035.PIB.FLU.R.CLP.2008.12.Z.Z.03.0.A,Administración pública,03,Atacama,A,Cuentas Nacionales,"PIB por actividad económica, III Región de Atacama, volumen a precios del año anterior encadenado, referencia 2008 (millones de pesos encadenados)",12,Administración pública,f035_positional
F035.PIB.FLU.R.CLP.2008.Z.Z.Z.03.0.A,III De Atacama,03,Atacama,A,Cuentas Nacionales,"Producto interno bruto por región, volumen a precios del año anterior encadenado, referencia 2008 (millones de pesos encadenados)",,,f035_positional
F035.PIB.FLU.R.CLP.2013.01.Z.Z.03.0.A,Agropecuario-silvícola,03,Atacama,A,Cuentas Nacionales,"PIB por actividad económica, Región de Atacama, volumen a precios del año anterior encadenado, series empalmadas, referencia 2013 (miles de millones de pesos encadenados)",01,Agropecuario-silvícola,f035_positional
F035.PIB.FLU.R.CLP.2013.02.04.Z.03.0.A,Pesca,03,Atacama,A,Cuentas Nacionales,"PIB por actividad económica, Región de Atacama, volumen a precios del año anterior encadenado, series empalmadas, referencia 2013 (miles de millones de pesos encadenados)",02,Pesca,f035_positional
F035.PIB.FLU.R.CLP.2013.03.Z.Z.03.0.A,Minería,03,Atacama,A,Cuentas Nacionales,"PIB por actividad económica, Región de Atacama, volumen a precios del año anterior encadenado, series empalmadas, referencia 2013 (miles de millones de pesos encadenados)",03,Minería,f035_positional
F035.PIB.FLU.R.CLP.2013.04.Z.Z.03.0.A,Industria manufacturera,03,Atacama,A,Cuentas Nacionales,"PIB por actividad económica, Región de Atacama, volumen a precios del año anterior encadenado, series empalmadas, referencia 2013 (miles de millones de pesos encadenados)",04,Industria,f035_positional
F035.PIB.FLU.R.CLP.2013.05.Z.Z.03.0.A,"Electricidad, gas, agua y gestión de desechos",03,Atacama,A,Cuentas Nacionales,"PIB por actividad económica, Región de Atacama, volumen a precios del año anterior encadenado, series empalmadas, referencia 2013 (miles de millones de pesos encadenados)",05,"Electricidad, gas, agua y gestión de desechos",f035_positional
F035.PIB.FLU.R.CLP.2013.06.Z.Z.03.0.A,Construcción,03,Atacama,A,Cuentas Nacionales,"PIB por actividad económica, Región de Atacama, volumen a precios del año anterior encadenado, series empalmadas, referencia 2013 (miles de millones de pesos encadenados)",06,Construcción,f035_positional
F035.PIB.FLU.R.CLP.2013.07.Z.Z.03.0.A,"Comercio, restaurantes y hoteles",03,Atacama,A,Cuentas Nacionales,"PIB por actividad económica, Región de Atacama, volumen a precios del año anterior encadenado, series empalmadas, referencia 2013 (miles de millones de pesos encadenados)",07,"Comercio, restaurantes y hoteles",f035_positional
F035.PIB.FLU.R.CLP.2013.08.Z.Z.03.0.A,"Transporte, información y comunicaciones",03,Atacama,A,Cuentas Nacionales,"PIB por actividad económica, Región de Atacama, volumen a precios del año anterior encadenado, series empalmadas, referencia 2013 (miles de millones de pesos encadenados)",08,"Transporte, información y comunicaciones",f035_positional
F035.PIB.FLU.R.CLP.2013.09.21.Z.03.0.A,Servicios financieros y empresariales,03,Atacama,A,Cuentas Nacionales,"PIB por actividad económica, Región de Atacama, volumen a precios del año anterior encadenado, series empalmadas, referencia 2013 (miles de millones de pesos encadenados)",09,Servicios financieros y empresariales,f035_positional
F035.PIB.FLU.R.CLP.2013.10.Z.Z.03.0.A,Servicios de vivienda e inmobiliarios,03,Atacama,A,Cuentas Nacionales,"PIB por actividad económica, Región de Atacama, volumen a precios del año anterior encadenado, series empalmadas, referencia 2013 (miles de millones de pesos encadenados)",10,Servicios de vivienda e inmobiliarios,f035_positional
F035.PIB.FLU.R.CLP.2013.11.Z.Z.03.0.A,Servicios personales,03,Atacama,A,Cuentas Nacionales,"PIB por actividad económica, Región de Atacama, volumen a precios del año anterior encadenado, series empalmadas, referencia 2013 (miles de millones de pesos encadenados)",11,Servicios personales,f035_positional
F035.PIB.FLU.R.CLP.2013.12.Z.Z.03.0.A,Administración pública,03,Atacama,A,Cuentas Nacionales,"PIB por actividad económica, Región de Atacama, volumen a precios del año anterior encadenado, series empalmadas, referencia 2013 (miles de millones de pesos encadenados)",12,Administración pública,f035_positional
F035.PIB.FLU.R.CLP.2013.Z.Z.Z.03.0.A,Región de Atacama,03,Atacama,A,Cuentas Nacionales,"Producto interno bruto por región, volumen a precios del año anterior encadenado, series empalmadas, referencia 2013 (miles de millones de pesos encadenados)",,,f035_positional
F035.PIB.FLU.R.CLP.2018.01.Z.Z.03.0.A,Agropecuario-silvícola,03,Atacama,A,Cuentas Nacionales,"PIB por actividad económica, Región de Atacama, volumen a precios del año anterior encadenado, series empalmadas, referencia 2018 (miles de millones de pesos encadenados)",01,Agropecuario-silvícola,f035_positional
F035.PIB.FLU.R.CLP.2018.02.04.Z.03.0.A,Pesca,03,Atacama,A,Cuentas Nacionales,"PIB por actividad económica, Región de Atacama, volumen a precios del año anterior encadenado, series empalmadas, referencia 2018 (miles de millones de pesos encadenados)",02,Pesca,f035_positional
F035.PIB.FLU.R.CLP.2018.03.Z.Z.03.0.A,Minería,03,Atacama,A,Cuentas Nacionales,"PIB por actividad económica, Región de Atacama, volumen a precios del año anterior encadenado, series empalmadas, referencia 2018 (miles de millones de pesos encadenados)",03,Minería,f035_positional
F035.PIB.FLU.R.CLP.2018.04.Z.Z.03.0.A,Industria manufacturera,03,Atacama,A,Cuentas Nacionales,"PIB por actividad económica, Región de Atacama, volumen a precios del año anterior encadenado, series empalmadas, referencia 2018 (miles de millones de pesos encadenados)",04,Industria,f035_positional
F035.PIB.FLU.R.CLP.2018.05.Z.Z.03.0.A,"Electricidad, gas, agua y gestión de desechos",03,Atacama,A,Cuentas Nacionales,"PIB por actividad económica, Región de Atacama, volumen a precios del año anterior encadenado, series empalmadas, referencia 2018 (miles de millones de pesos encadenados)",05,"Electricidad, gas, agua y gestión de desechos",f035_positional
F035.PIB.FLU.R.CLP.2018.06.Z.Z.03.0.A,Construcción,03,Atacama,A,Cuentas Nacionales,"PIB por actividad económica, Región de Atacama, volumen a precios del año anterior encadenado, series empalmadas, referencia 2018 (miles de millones de pesos encadenados)",06,Construcción,f035_positional
F035.PIB.FLU.R.CLP.2018.08.Z.Z.03.0.A,"Transporte, información y comunicaciones",03,Atacama,A,Cuentas Nacionales,"PIB por actividad económica, Región de Atacama, volumen a precios del año anterior encadenado, series empalmadas, referencia 2018 (miles de millones de pesos encadenados)",08,"Transporte, información y comunicaciones",f035_positional
F035.PIB.FLU.R.CLP.2018.09.21.Z.03.0.A,Servicios financieros y empresariales,03,Atacama,A,Cuentas Nacionales,"PIB por actividad económica, Región de Atacama, volumen a precios del año anterior encadenado, series empalmadas, referencia 2018 (miles de millones de pesos encadenados)",09,Servicios financieros y empresariales,f035_positional
F035.PIB.FLU.R.CLP.2018.10.Z.Z.03.0.A,Servicios de vivienda e inmobiliarios,03,Atacama,A,Cuentas Nacionales,"PIB por actividad económica, Región de Atacama, volumen a precios del año anterior encadenado, series empalmadas, referencia 2018 (miles de millones de pesos encadenados)",10,Servicios de vivienda e inmobiliarios,f035_positional
F035.PIB.FLU.R.CLP.2018.11.Z.Z.03.0.A,Servicios personales,03,Atacama,A,Cuentas Nacionales,"PIB por actividad económica, Región de Atacama, volumen a precios del año anterior encadenado, series empalmadas, referencia 2018 (miles de millones de pesos encadenados)",11,Servicios personales,f035_positional
F035.PIB.FLU.R.CLP.2018.12.Z.Z.03.0.A,Administración pública,03,Atacama,A,Cuentas Nacionales,"PIB por actividad económica, Región de Atacama, volumen a precios del año anterior encadenado, series empalmadas, referencia 2018 (miles de millones de pesos encadenados)",12,Administración pública,f035_positional
F035.PIB.FLU.R.CLP.2018.COM.Z.Z.03.0.A,Comercio,03,Atacama,A,Cuentas Nacionales,"PIB por actividad económica, Región de Atacama, volumen a precios del año anterior encadenado, series empalmadas, referencia 2018 (miles de millones de pesos encadenados)",COM,Comercio,f035_positional
F035.PIB.FLU.R.CLP.2018.RH.Z.Z.03.0.A,Restaurantes y hoteles,03,Atacama,A,Cuentas Nacionales,"PIB por actividad económica, Región de Atacama, volumen a precios del año anterior encadenado, series empalmadas, referencia 2018 (miles de millones de pesos encadenados)",RH,Restaurantes y hoteles,f035_positional
F035.PIB.FLU.R.CLP.2018.Z.Z.Z.03.0.A,Producto interno bruto,03,Atacama,A,Cuentas Nacionales,"PIB por actividad económica, Región de Atacama, volumen a precios del año anterior encadenado, series empalmadas, referencia 2018 (miles de millones de pesos encadenados)",,,f035_positional
F035.PIB.V12.R.CLP.2008.Z.Z.Z.03.0.A,III De Atacama,03,Atacama,A,Cuentas Nacionales,"Producto interno bruto por región, contribución porcentual respecto de igual periodo del año anterior, referencia 2008 .",,,f035_positional
F035.PIB.V12.R.CLP.2013.Z.Z.Z.03.0.A,Región de Atacama,03,Atacama,A,Cuentas Nacionales,"Producto interno bruto por región, contribución porcentual respecto de igual periodo del año anterior, series empalmadas, referencia 2013 .",,,f035_positional
F035.PIB.V12.R.CLP.2018.01.Z.Z.03.0.A,Agropecuario-silvícola,03,Atacama,A,Cuentas Nacionales,"PIB por actividad económica, Región de Atacama, contribución porcentual respecto de igual periodo del año anterior, series empalmadas, referencia 2018",01,Agropecuario-silvícola,f035_positional
F035.PIB.V12.R.CLP.2018.02.04.Z.03.0.A,Pesca,03,Atacama,A,Cuentas Nacionales,"PIB por actividad económica, Región de Atacama, contribución porcentual respecto de igual periodo del año anterior, series empalmadas, referencia 2018",02,Pesca,f035_positional
F035.PIB.V12.R.CLP.2018.03.Z.Z.03.0.A,Minería,03,Atacama,A,Cuentas Nacionales,"PIB por actividad económica, Región de Atacama, contribución porcentual respecto de igual periodo del año anterior, series empalmadas, referencia 2018",03,Minería,f035_positional
F035.PIB.V12.R.CLP.2018.04.Z.Z.03.0.A,Industria manufacturera,03,Atacama,A,Cuentas Nacionales,"PIB por actividad económica, Región de Atacama, contribución porcentual respecto de igual periodo del año anterior, series empalmadas, referencia 2018",04,Industria,f035_positional
F035.PIB.V12.R.CLP.2018.05.Z.Z.03.0.A,"Electricidad, gas, agua y gestión de desechos",03,Atacama,A,Cuentas Nacionales,"PIB por actividad económica, Región de Atacama, contribución porcentual respecto de igual periodo del año anterior, series empalmadas, referencia 2018",05,"Electricidad, gas, agua y gestión de desechos",f035_positional
F035.PIB.V12.R.CLP.2018.06.Z.Z.03.0.A,Construcción,03,Atacama,A,Cuentas Nacionales,"PIB por actividad económica, Región de Atacama, contribución porcentual respecto de igual periodo del año anterior, series empalmadas, referencia 2018",06,Construcción,f035_positional
F035.PIB.V12.R.CLP.2018.08.Z.Z.03.0.A,"Transporte, información y comunicaciones",03,Atacama,A,Cuentas Nacionales,"PIB por actividad económica, Región de Atacama, contribución porcentual respecto de igual periodo del año anterior, series empalmadas, referencia 2018",08,"Transporte, información y comunicaciones",f035_positional
F035.PIB.V12.R.CLP.2018.09.21.Z.03.0.A,Servicios financieros y empresariales,03,Atacama,A,Cuentas Nacionales,"PIB por actividad económica, Región de Atacama, contribución porcentual respecto de igual periodo del año anterior, series empalmadas, referencia 2018",09,Servicios financieros y empresariales,f035_positional
F035.PIB.V12.R.CLP.2018.10.Z.Z.03.0.A,Servicios de vivienda e inmobiliarios,03,Atacama,A,Cuentas Nacionales,"PIB por actividad económica, Región de Atacama, contribución porcentual respecto de igual periodo del año anterior, series empalmadas, referencia 2018",10,Servicios de vivienda e inmobiliarios,f035_positional
F035.PIB.V12.R.CLP.2018.11.Z.Z.03.0.A,Servicios personales,03,Atacama,A,Cuentas Nacionales,"PIB por actividad económica, Región de Atacama, contribución porcentual respecto de igual periodo del año anterior, series empalmadas, referencia 2018",11,Servicios personales,f035_positional
F035.PIB.V12.R.CLP.2018.12.Z.Z.03.0.A,Administración pública,03,Atacama,A,Cuentas Nacionales,"PIB por actividad económica, Región de Atacama, contribución porcentual respecto de igual periodo del año anterior, series empalmadas, referencia 2018",12,Administración pública,f035_positional
F035.PIB.V12.R.CLP.2018.COM.Z.Z.03.0.A,Comercio,03,Atacama,A,Cuentas Nacionales,"PIB por actividad económica, Región de Atacama, contribución porcentual respecto de igual periodo del año anterior, series empalmadas, referencia 2018",COM,Comercio,f035_positional
F035.PIB.V12.R.CLP.2018.CONT.Z.Z.03.0.A,Producto Interno Bruto,03,Atacama,A,Cuentas Nacionales,"PIB por actividad económica, Región de Atacama, contribución porcentual respecto de igual periodo del año anterior, series empalmadas, referencia 2018",CONT,PIB (contribución),f035_positional
F035.PIB.V12.R.CLP.2018.RH.Z.Z.03.0.A,Restaurantes y hoteles,03,Atacama,A,Cuentas Nacionales,"PIB por actividad económica, Región de Atacama, contribución porcentual respecto de igual periodo del año anterior, series empalmadas, referencia 2018",RH,Restaurantes y hoteles,f035_positional
F035.PIB.V12.R.CLP.2018.Z.Z.Z.03.0.A,Región de Atacama,03,Atacama,A,Cuentas Nacionales,"Producto interno bruto por región, contribución porcentual respecto de igual periodo del año anterior, series empalmadas, referencia 2018",,,f035_positional
F035.PIB.FLU.N.CLP.2008.01.Z.Z.04.0.A,Agropecuario-silvícola,04,Coquimbo,A,Cuentas Nacionales,"PIB por actividad económica, IV Región de Coquimbo, precios corrientes, referencia 2008 (millones de pesos)",01,Agropecuario-silvícola,f035_positional
F035.PIB.FLU.N.CLP.2008.02.04.Z.04.0.A,Pesca,04,Coquimbo,A,Cuentas Nacionales,"PIB por actividad económica, IV Región de Coquimbo, precios corrientes, referencia 2008 (millones de pesos)",02,Pesca,f035_positional
F035.PIB.FLU.N.CLP.2008.03.Z.Z.04.0.A,Minería,04,Coquimbo,A,Cuentas Nacionales,"PIB por actividad económica, IV Región de Coquimbo, precios corrientes, referencia 2008 (millones de pesos)",03,Minería,f035_positional
F035.PIB.FLU.N.CLP.2008.04.Z.Z.04.0.A,Industria manufacturera,04,Coquimbo,A,Cuentas Nacionales,"PIB por actividad económica, IV Región de Coquimbo, precios corrientes, referencia 2008 (millones de pesos)",04,Industria,f035_positional
F035.PIB.FLU.N.CLP.2008.05.Z.Z.04.0.A,"Electricidad, gas, agua y gestión de desechos",04,Coquimbo,A,Cuentas Nacionales,"PIB por actividad económica, IV Región de Coquimbo, precios corrientes, referencia 2008 (millones de pesos)",05,"Electricidad, gas, agua y gestión de desechos",f035_positional
F035.PIB.FLU.N.CLP.2008.06.Z.Z.04.0.A,Construcción,04,Coquimbo,A,Cuentas Nacionales,"PIB por actividad económica, IV Región de Coquimbo, precios corrientes, referencia 2008 (millones de pesos)",06,Construcción,f035_positional
F035.PIB.FLU.N.CLP.2008.07.Z.Z.04.0.A,"Comercio, restaurantes y hoteles",04,Coquimbo,A,Cuentas Nacionales,"PIB por actividad económica, IV Región de Coquimbo, precios corrientes, referencia 2008 (millones de pesos)",07,"Comercio, restaurantes y hoteles",f035_positional
F035.PIB.FLU.N.CLP.2008.08.Z.Z.04.0.A,"Transportes, informacion y comunicaciones",04,Coquimbo,A,Cuentas Nacionales,"PIB por actividad económica, IV Región de Coquimbo, precios corrientes, referencia 2008 (millones de pesos)",08,"Transporte, información y comunicaciones",f035_positional
F035.PIB.FLU.N.CLP.2008.09.21.Z.04.0.A,Servicios financieros y empresariales,04,Coquimbo,A,Cuentas Nacionales,"PIB por actividad económica, IV Región de Coquimbo, precios corrientes, referencia 2008 (millones de pesos)",09,Servicios financieros y empresariales,f035_positional
F035.PIB.FLU.N.CLP.2008.10.Z.Z.04.0.A,Servicios de vivienda e inmobiliarios,04,Coquimbo,A,Cuentas Nacionales,"PIB por actividad económica, IV Región de Coquimbo, precios corrientes, referencia 2008 (millones de pesos)",10,Servicios de vivienda e inmobiliarios,f035_positional
F035.PIB.FLU.N.CLP.2008.11.Z.Z.04.0.A,Servicios personales,04,Coquimbo,A,Cuentas Nacionales,"PIB por actividad económica, IV Región de Coquimbo, precios corrientes, referencia 2008 (millones de pesos)",11,Servicios personales,f035_positional
F035.PIB.FLU.N.CLP.2008.12.Z.Z.04.0.A,Administración pública,04,Coquimbo,A,Cuentas Nacionales,"PIB por actividad económica, IV Región de Coquimbo, precios corrientes, referencia 2008 (millones de pesos)",12,Administración pública,f035_positional
F035.PIB.FLU.N.CLP.2008.Z.Z.Z.04.0.A,IV De Coquimbo,04,Coquimbo,A,Cuentas Nacionales,"Producto interno bruto por región, precios corrientes, referencia 2008 (millones de pesos)",,,f035_positional
F035.PIB.FLU.N.CLP.2013.01.Z.Z.04.0.A,Agropecuario-silvícola,04,Coquimbo,A,Cuentas Nacionales,"PIB por actividad económica, Región de Coquimbo, precios corrientes, series empalmadas, referencia 2013 (miles de millones de pesos)",01,Agropecuario-silvícola,f035_positional
F035.PIB.FLU.N.CLP.2013.02.04.Z.04.0.A,Pesca,04,Coquimbo,A,Cuentas Nacionales,"PIB por actividad económica, Región de Coquimbo, precios corrientes, series empalmadas, referencia 2013 (miles de millones de pesos)",02,Pesca,f035_positional
F035.PIB.FLU.N.CLP.2013.03.Z.Z.04.0.A,Minería,04,Coquimbo,A,Cuentas Nacionales,"PIB por actividad económica, Región de Coquimbo, precios corrientes, series empalmadas, referencia 2013 (miles de millones de pesos)",03,Minería,f035_positional
F035.PIB.FLU.N.CLP.2013.04.Z.Z.04.0.A,Industria manufacturera,04,Coquimbo,A,Cuentas Nacionales,"PIB por actividad económica, Región de Coquimbo, precios corrientes, series empalmadas, referencia 2013 (miles de millones de pesos)",04,Industria,f035_positional
F035.PIB.FLU.N.CLP.2013.05.Z.Z.04.0.A,"Electricidad, gas, agua y gestión de desechos",04,Coquimbo,A,Cuentas Nacionales,"PIB por actividad económica, Región de Coquimbo, precios corrientes, series empalmadas, referencia 2013 (miles de millones de pesos)",05,"Electricidad, gas, agua y gestión de desechos",f035_positional
F035.PIB.FLU.N.CLP.2013.06.Z.Z.04.0.A,Construcción,04,Coquimbo,A,Cuentas Nacionales,"PIB por actividad económica, Región de Coquimbo, precios corrientes, series empalmadas, referencia 2013 (miles de millones de pesos)",06,Construcción,f035_positional
F035.PIB.FLU.N.CLP.2013.07.Z.Z.04.0.A,"Comercio, restaurantes y hoteles",04,Coquimbo,A,Cuentas Nacionales,"PIB por actividad económica, Región de Coquimbo, precios corrientes, series empalmadas, referencia 2013 (miles de millones de pesos)",07,"Comercio, restaurantes y hoteles",f035_positional
F035.PIB.FLU.N.CLP.2013.08.Z.Z.04.0.A,"Transporte, información y comunicaciones",04,Coquimbo,A,Cuentas Nacionales,"PIB por actividad económica, Región de Coquimbo, precios corrientes, series empalmadas, referencia 2013 (miles de millones de pesos)",08,"Transporte, información y comunicaciones",f035_positional
F035.PIB.FLU.N.CLP.2013.09.21.Z.04.0.A,Servicios financieros y empresariales,04,Coquimbo,A,Cuentas Nacionales,"PIB por actividad económica, Región de Coquimbo, precios corrientes, series empalmadas, referencia 2013 (miles de millones de pesos)",09,Servicios financieros y empresariales,f035_positional
F035.PIB.FLU.N.CLP.2013.10.Z.Z.04.0.A,Servicios de vivienda e inmobiliarios,04,Coquimbo,A,Cuentas Nacionales,"PIB por actividad económica, Región de Coquimbo, precios corrientes, series empalmadas, referencia 2013 (miles de millones de pesos)",10,Servicios de vivienda e inmobiliarios,f035_positional
F035.PIB.FLU.N.CLP.2013.11.Z.Z.04.0.A,Servicios personales,04,Coquimbo,A,Cuentas Nacionales,"PIB por actividad económica, Región de Coquimbo, precios corrientes, series empalmadas, referencia 2013 (miles de millones de pesos)",11,Servicios personales,f035_positional
F035.PIB.FLU.N.CLP.2013.12.Z.Z.04.0.A,Administración pública,04,Coquimbo,A,Cuentas Nacionales,"PIB por actividad económica, Región de Coquimbo, precios corrientes, series empalmadas, referencia 2013 (miles de millones de pesos)",12,Administración pública,f035_positional
F035.PIB.FLU.N.CLP.2013.Z.Z.Z.04.0.A,Región de Coquimbo,04,Coquimbo,A,Cuentas Nacionales,"Producto interno bruto por región, precios corrientes, series empalmadas, referencia 2013 (miles de millones de pesos)",,,f035_positional
F035.PIB.FLU.N.CLP.2018.01.Z.Z.04.0.A,Agropecuario-silvícola,04,Coquimbo,A,Cuentas Nacionales,"PIB por actividad económica, Región de Coquimbo, precios corrientes, series empalmadas, referencia 2018 (miles de millones de pesos)",01,Agropecuario-silvícola,f035_positional
F035.PIB.FLU.N.CLP.2018.02.04.Z.04.0.A,Pesca,04,Coquimbo,A,Cuentas Nacionales,"PIB por actividad económica, Región de Coquimbo, precios corrientes, series empalmadas, referencia 2018 (miles de millones de pesos)",02,Pesca,f035_positional
F035.PIB.FLU.N.CLP.2018.03.Z.Z.04.0.A,Minería,04,Coquimbo,A,Cuentas Nacionales,"PIB por actividad económica, Región de Coquimbo, precios corrientes, series empalmadas, referencia 2018 (miles de millones de pesos)",03,Minería,f035_positional
F035.PIB.FLU.N.CLP.2018.04.Z.Z.04.0.A,Industria manufacturera,04,Coquimbo,A,Cuentas Nacionales,"PIB por actividad económica, Región de Coquimbo, precios corrientes, series empalmadas, referencia 2018 (miles de millones de pesos)",04,Industria,f035_positional
F035.PIB.FLU.N.CLP.2018.05.Z.Z.04.0.A,"Electricidad, gas, agua y gestión de desechos",04,Coquimbo,A,Cuentas Nacionales,"PIB por actividad económica, Región de Coquimbo, precios corrientes, series empalmadas, referencia 2018 (miles de millones de pesos)",05,"Electricidad, gas, agua y gestión de desechos",f035_positional
F035.PIB.FLU.N.CLP.2018.06.Z.Z.04.0.A,Construcción,04,Coquimbo,A,Cuentas Nacionales,"PIB por actividad económica, Región de Coquimbo, precios corrientes, series empalmadas, referencia 2018 (miles de millones de pesos)",06,Construcción,f035_positional
F035.PIB.FLU.N.CLP.2018.08.Z.Z.04.0.A,"Transporte, información y comunicaciones",04,Coquimbo,A,Cuentas Nacionales,"PIB por actividad económica, Región de Coquimbo, precios corrientes, series empalmadas, referencia 2018 (miles de millones de pesos)",08,"Transporte, información y comunicaciones",f035_positional
F035.PIB.FLU.N.CLP.2018.09.21.Z.04.0.A,Servicios financieros y empresariales,04,Coquimbo,A,Cuentas Nacionales,"PIB por actividad económica, Región de Coquimbo, precios corrientes, series empalmadas, referencia 2018 (miles de millones de pesos)",09,Servicios financieros y empresariales,f035_positional
F035.PIB.FLU.N.CLP.2018.10.Z.Z.04.0.A,Servicios de vivienda e inmobiliarios,04,Coquimbo,A,Cuentas Nacionales,"PIB por actividad económica, Región de Coquimbo, precios corrientes, series empalmadas, referencia 2018 (miles de millones de pesos)",10,Servicios de vivienda e inmobiliarios,f035_positional
F035.PIB.FLU.N.CLP.2018.11.Z.Z.04.0.A,Servicios personales,04,Coquimbo,A,Cuentas Nacionales,"PIB por actividad económica, Región de Coquimbo, precios corrientes, series empalmadas, referencia 2018 (miles de millones de pesos)",11,Servicios personales,f035_positional
F035.PIB.FLU.N.CLP.2018.12.Z.Z.04.0.A,Administración pública,04,Coquimbo,A,Cuentas Nacionales,"PIB por actividad económica, Región de Coquimbo, precios corrientes, series empalmadas, referencia 2018 (miles de millones de pesos)",12,Administración pública,f035_positional
F035.PIB.FLU.N.CLP.2018.COM.Z.Z.04.0.A,Comercio,04,Coquimbo,A,Cuentas Nacionales,"PIB por actividad económica, Región de Coquimbo, precios corrientes, series empalmadas, referencia 2018 (miles de millones de pesos)",COM,Comercio,f035_positional
F035.PIB.FLU.N.CLP.2018.RH.Z.Z.04.0.A,Restaurantes y hoteles,04,Coquimbo,A,Cuentas Nacionales,"PIB por actividad económica, Región de Coquimbo, precios corrientes, series empalmadas, referencia 2018 (miles de millones de pesos)",RH,Restaurantes y hoteles,f035_positional
F035.PIB.FLU.N.CLP.2018.Z.Z.Z.04.0.A,Región de Coquimbo,04,Coquimbo,A,Cuentas Nacionales,"Producto interno bruto por región, precios corrientes, series empalmadas, referencia 2018 (miles de millones de pesos)",,,f035_positional
F035.PIB.FLU.R.CLP.1986.01.Z.Z.04.0.A,Agropecuario-silvícola,04,Coquimbo,A,Cuentas Nacionales,"PIB por actividad económica, IV Región de Coquimbo, base 1986 (millones de pesos)",01,Agropecuario-silvícola,f035_positional
F035.PIB.FLU.R.CLP.1986.02.04.Z.04.0.A,Pesca,04,Coquimbo,A,Cuentas Nacionales,"PIB por actividad económica, IV Región de Coquimbo, base 1986 (millones de pesos)",02,Pesca,f035_positional
F035.PIB.FLU.R.CLP.1986.03.Z.Z.04.0.A,Minería,04,Coquimbo,A,Cuentas Nacionales,"PIB por actividad económica, IV Región de Coquimbo, base 1986 (millones de pesos)",03,Minería,f035_positional
F035.PIB.FLU.R.CLP.1986.04.Z.Z.04.0.A,Industria manufacturera,04,Coquimbo,A,Cuentas Nacionales,"PIB por actividad económica, IV Región de Coquimbo, base 1986 (millones de pesos)",04,Industria,f035_positional
F035.PIB.FLU.R.CLP.1986.05.Z.Z.04.0.A,"Electricidad, gas y agua",04,Coquimbo,A,Cuentas Nacionales,"PIB por actividad económica, IV Región de Coquimbo, base 1986 (millones de pesos)",05,"Electricidad, gas, agua y gestión de desechos",f035_positional
F035.PIB.FLU.R.CLP.1986.06.Z.Z.04.0.A,Construcción,04,Coquimbo,A,Cuentas Nacionales,"PIB por actividad económica, IV Región de Coquimbo, base 1986 (millones de pesos)",06,Construcción,f035_positional
F035.PIB.FLU.R.CLP.1986.07.Z.Z.04.0.A,"Comercio, restaurantes y hoteles",04,Coquimbo,A,Cuentas Nacionales,"PIB por actividad económica, IV Región de Coquimbo, base 1986 (millones de pesos)",07,"Comercio, restaurantes y hoteles",f035_positional
F035.PIB.FLU.R.CLP.1986.08.Z.Z.04.0.A,Transportes y comunicaciones,04,Coquimbo,A,Cuentas Nacionales,"PIB por actividad económica, IV Región de Coquimbo, base 1986 (millones de pesos)",08,"Transporte, información y comunicaciones",f035_positional
F035.PIB.FLU.R.CLP.1986.09.21.27.04.0.A,Servicios financieros,04,Coquimbo,A,Cuentas Nacionales,"PIB por actividad económica, IV Región de Coquimbo, base 1986 (millones de pesos)",09,Servicios financieros y empresariales,f035_positional
F035.PIB.FLU.R.CLP.1986.10.Z.Z.04.0.A,Propiedad de vivienda,04,Coquimbo,A,Cuentas Nacionales,"PIB por actividad económica, IV Región de Coquimbo, base 1986 (millones de pesos)",10,Servicios de vivienda e inmobiliarios,f035_positional
F035.PIB.FLU.R.CLP.1986.11.Z.Z.04.0.A,Servicios personales,04,Coquimbo,A,Cuentas Nacionales,"PIB por actividad económica, IV Región de Coquimbo, base 1986 (millones de pesos)",11,Servicios personales,f035_positional
F035.PIB.FLU.R.CLP.1986.12.Z.Z.04.0.A,Administración pública,04,Coquimbo,A,Cuentas Nacionales,"PIB por actividad económica, IV Región de Coquimbo, base 1986 (millones de pesos)",12,Administración pública,f035_positional
F035.PIB.FLU.R.CLP.1986.Z.Z.Z.04.0.A,IV De Coquimbo,04,Coquimbo,A,Cuentas Nacionales,"Producto interno bruto por región, a precios constantes, base 1986 (millones de pesos)",,,f035_positional
F035.PIB.FLU.R.CLP.1996.01.Z.Z.04.0.A,Agropecuario-silvícola,04,Coquimbo,A,Cuentas Nacionales,"PIB por actividad económica, IV Región de Coquimbo, base 1996 ( millones de pesos)",01,Agropecuario-silvícola,f035_positional
F035.PIB.FLU.R.CLP.1996.02.04.Z.04.0.A,Pesca,04,Coquimbo,A,Cuentas Nacionales,"PIB por actividad económica, IV Región de Coquimbo, base 1996 ( millones de pesos)",02,Pesca,f035_positional
F035.PIB.FLU.R.CLP.1996.03.Z.Z.04.0.A,Minería,04,Coquimbo,A,Cuentas Nacionales,"PIB por actividad económica, IV Región de Coquimbo, base 1996 ( millones de pesos)",03,Minería,f035_positional
F035.PIB.FLU.R.CLP.1996.04.Z.Z.04.0.A,Industria manufacturera,04,Coquimbo,A,Cuentas Nacionales,"PIB por actividad económica, IV Región de Coquimbo, base 1996 ( millones de pesos)",04,Industria,f035_positional
F035.PIB.FLU.R.CLP.1996.05.Z.Z.04.0.A,"Electricidad, gas y agua",04,Coquimbo,A,Cuentas Nacionales,"PIB por actividad económica, IV Región de Coquimbo, base 1996 ( millones de pesos)",05,"Electricidad, gas, agua y gestión de desechos",f035_positional
F035.PIB.FLU.R.CLP.1996.06.Z.Z.04.0.A,Construcción,04,Coquimbo,A,Cuentas Nacionales,"PIB por actividad económica, IV Región de Coquimbo, base 1996 ( millones de pesos)",06,Construcción,f035_positional
F035.PIB.FLU.R.CLP.1996.07.Z.Z.04.0.A,"Comercio, restaurantes y hoteles",04,Coquimbo,A,Cuentas Nacionales,"PIB por actividad económica, IV Región de Coquimbo, base 1996 ( millones de pesos)",07,"Comercio, restaurantes y hoteles",f035_positional
F035.PIB.FLU.R.CLP.1996.08.Z.Z.04.0.A,Transportes y comunicaciones,04,Coquimbo,A,Cuentas Nacionales,"PIB por actividad económica, IV Región de Coquimbo, base 1996 ( millones de pesos)",08,"Transporte, información y comunicaciones",f035_positional
F035.PIB.FLU.R.CLP.1996.09.21.Z.04.0.A,Servicios financieros y empresariales,04,Coquimbo,A,Cuentas Nacionales,"PIB por actividad económica, IV Región de Coquimbo, base 1996 ( millones de pesos)",09,Servicios financieros y empresariales,f035_positional
F035.PIB.FLU.R.CLP.1996.10.Z.Z.04.0.A,Propiedad de vivienda,04,Coquimbo,A,Cuentas Nacionales,"PIB por actividad económica, IV Región de Coquimbo, base 1996 ( millones de pesos)",10,Servicios de vivienda e inmobiliarios,f035_positional
F035.PIB.FLU.R.CLP.1996.11.Z.Z.04.0.A,Servicios personales,04,Coquimbo,A,Cuentas Nacionales,"PIB por actividad económica, IV Región de Coquimbo, base 1996 ( millones de pesos)",11,Servicios personales,f035_positional
F035.PIB.FLU.R.CLP.1996.12.Z.Z.04.0.A,Administración pública,04,Coquimbo,A,Cuentas Nacionales,"PIB por actividad económica, IV Región de Coquimbo, base 1996 ( millones de pesos)",12,Administración pública,f035_positional
F035.PIB.FLU.R.CLP.1996.Z.Z.Z.04.0.A,IV De Coquimbo,04,Coquimbo,A,Cuentas Nacionales,"Producto interno bruto por región, a precios constantes, base 1996 ( millones de pesos)",,,f035_positional
F035.PIB.FLU.R.CLP.2003.01.Z.Z.04.0.A,Agropecuario-silvícola,04,Coquimbo,A,Cuentas Nacionales,"PIB por actividad económica, IV Región de Coquimbo, base 2003 ( millones de pesos)",01,Agropecuario-silvícola,f035_positional
F035.PIB.FLU.R.CLP.2003.02.04.Z.04.0.A,Pesca,04,Coquimbo,A,Cuentas Nacionales,"PIB por actividad económica, IV Región de Coquimbo, base 2003 ( millones de pesos)",02,Pesca,f035_positional
F035.PIB.FLU.R.CLP.2003.03.Z.Z.04.0.A,Minería,04,Coquimbo,A,Cuentas Nacionales,"PIB por actividad económica, IV Región de Coquimbo, base 2003 ( millones de pesos)",03,Minería,f035_positional
F035.PIB.FLU.R.CLP.2003.04.Z.Z.04.0.A,Industria manufacturera,04,Coquimbo,A,Cuentas Nacionales,"PIB por actividad económica, IV Región de Coquimbo, base 2003 ( millones de pesos)",04,Industria,f035_positional
F035.PIB.FLU.R.CLP.2003.05.Z.Z.04.0.A,"Electricidad, gas y agua",04,Coquimbo,A,Cuentas Nacionales,"PIB por actividad económica, IV Región de Coquimbo, base 2003 ( millones de pesos)",05,"Electricidad, gas, agua y gestión de desechos",f035_positional
F035.PIB.FLU.R.CLP.2003.06.Z.Z.04.0.A,Construcción,04,Coquimbo,A,Cuentas Nacionales,"PIB por actividad económica, IV Región de Coquimbo, base 2003 ( millones de pesos)",06,Construcción,f035_positional
F035.PIB.FLU.R.CLP.2003.07.Z.Z.04.0.A,"Comercio, restaurantes y hoteles",04,Coquimbo,A,Cuentas Nacionales,"PIB por actividad económica, IV Región de Coquimbo, base 2003 ( millones de pesos)",07,"Comercio, restaurantes y hoteles",f035_positional
F035.PIB.FLU.R.CLP.2003.08.Z.Z.04.0.A,Transportes y comunicaciones,04,Coquimbo,A,Cuentas Nacionales,"PIB por actividad económica, IV Región de Coquimbo, base 2003 ( millones de pesos)",08,"Transporte, información y comunicaciones",f035_positional
F035.PIB.FLU.R.CLP.2003.09.21.Z.04.0.A,Servicios financieros y empresariales,04,Coquimbo,A,Cuentas Nacionales,"PIB por actividad económica, IV Región de Coquimbo, base 2003 ( millones de pesos)",09,Servicios financieros y empresariales,f035_positional
F035.PIB.FLU.R.CLP.2003.10.Z.Z.04.0.A,Propiedad de vivienda,04,Coquimbo,A,Cuentas Nacionales,"PIB por actividad económica, IV Región de Coquimbo, base 2003 ( millones de pesos)",10,Servicios de vivienda e inmobiliarios,f035_positional
F035.PIB.FLU.R.CLP.2003.11.Z.Z.04.0.A,Servicios personales,04,Coquimbo,A,Cuentas Nacionales,"PIB por actividad económica, IV Región de Coquimbo, base 2003 ( millones de pesos)",11,Servicios personales,f035_positional
F035.PIB.FLU.R.CLP.2003.12.Z.Z.04.0.A,Administración pública,04,Coquimbo,A,Cuentas Nacionales,"PIB por actividad económica, IV Región de Coquimbo, base 2003 ( millones de pesos)",12,Administración pública,f035_positional
F035.PIB.FLU.R.CLP.2003.Z.Z.Z.04.0.A,IV De Coquimbo,04,Coquimbo,A,Cuentas Nacionales,"Producto interno bruto por región, a precios constantes, base 2003 ( millones de pesos)",,,f035_positional
F035.PIB.FLU.R.CLP.2008.01.Z.Z.04.0.A,Agropecuario-silvícola,04,Coquimbo,A,Cuentas Nacionales,"PIB por actividad económica, IV Región de Coquimbo, volumen a precios del año anterior encadenado, referencia 2008 (millones de pesos encadenados)",01,Agropecuario-silvícola,f035_positional
F035.PIB.FLU.R.CLP.2008.02.04.Z.04.0.A,Pesca,04,Coquimbo,A,Cuentas Nacionales,"PIB por actividad económica, IV Región de Coquimbo, volumen a precios del año anterior encadenado, referencia 2008 (millones de pesos encadenados)",02,Pesca,f035_positional
F035.PIB.FLU.R.CLP.2008.03.Z.Z.04.0.A,Minería,04,Coquimbo,A,Cuentas Nacionales,"PIB por actividad económica, IV Región de Coquimbo, volumen a precios del año anterior encadenado, referencia 2008 (millones de pesos encadenados)",03,Minería,f035_positional
F035.PIB.FLU.R.CLP.2008.04.Z.Z.04.0.A,Industria manufacturera,04,Coquimbo,A,Cuentas Nacionales,"PIB por actividad económica, IV Región de Coquimbo, volumen a precios del año anterior encadenado, referencia 2008 (millones de pesos encadenados)",04,Industria,f035_positional
F035.PIB.FLU.R.CLP.2008.05.Z.Z.04.0.A,"Electricidad, gas y agua",04,Coquimbo,A,Cuentas Nacionales,"PIB por actividad económica, IV Región de Coquimbo, volumen a precios del año anterior encadenado, referencia 2008 (millones de pesos encadenados)",05,"Electricidad, gas, agua y gestión de desechos",f035_positional
F035.PIB.FLU.R.CLP.2008.06.Z.Z.04.0.A,Construcción,04,Coquimbo,A,Cuentas Nacionales,"PIB por actividad económica, IV Región de Coquimbo, volumen a precios del año anterior encadenado, referencia 2008 (millones de pesos encadenados)",06,Construcción,f035_positional
F035.PIB.FLU.R.CLP.2008.07.Z.Z.04.0.A,"Comercio, restaurantes y hoteles",04,Coquimbo,A,Cuentas Nacionales,"PIB por actividad económica, IV Región de Coquimbo, volumen a precios del año anterior encadenado, referencia 2008 (millones de pesos encadenados)",07,"Comercio, restaurantes y hoteles",f035_positional
F035.PIB.FLU.R.CLP.2008.08.Z.Z.04.0.A,Transportes y comunicaciones,04,Coquimbo,A,Cuentas Nacionales,"PIB por actividad económica, IV Región de Coquimbo, volumen a precios del año anterior encadenado, referencia 2008 (millones de pesos encadenados)",08,"Transporte, información y comunicaciones",f035_positional
F035.PIB.FLU.R.CLP.2008.09.21.Z.04.0.A,Servicios financieros y empresariales,04,Coquimbo,A,Cuentas Nacionales,"PIB por actividad económica, IV Región de Coquimbo, volumen a precios del año anterior encadenado, referencia 2008 (millones de pesos encadenados)",09,Servicios financieros y empresariales,f035_positional
F035.PIB.FLU.R.CLP.2008.10.Z.Z.04.0.A,Propiedad de vivienda,04,Coquimbo,A,Cuentas Nacionales,"PIB por actividad económica, IV Región de Coquimbo, volumen a precios del año anterior encadenado, referencia 2008 (millones de pesos encadenados)",10,Servicios de vivienda e inmobiliarios,f035_positional
F035.PIB.FLU.R.CLP.2008.11.Z.Z.04.0.A,Servicios personales,04,Coquimbo,A,Cuentas Nacionales,"PIB por actividad económica, IV Región de Coquimbo, volumen a precios del año anterior encadenado, referencia 2008 (millones de pesos encadenados)",11,Servicios personales,f035_positional
F035.PIB.FLU.R.CLP.2008.12.Z.Z.04.0.A,Administración pública,04,Coquimbo,A,Cuentas Nacionales,"PIB por actividad económica, IV Región de Coquimbo, volumen a precios del año anterior encadenado, referencia 2008 (millones de pesos encadenados)",12,Administración pública,f035_positional
F035.PIB.FLU.R.CLP.2008.Z.Z.Z.04.0.A,IV De Coquimbo,04,Coquimbo,A,Cuentas Nacionales,"Producto interno bruto por región, volumen a precios del año anterior encadenado, referencia 2008 (millones de pesos encadenados)",,,f035_positional
F035.PIB.FLU.R.CLP.2013.01.Z.Z.04.0.A,Agropecuario-silvícola,04,Coquimbo,A,Cuentas Nacionales,"PIB por actividad económica, Región de Coquimbo, volumen a precios del año anterior encadenado, series empalmadas, referencia 2013 (miles de millones de pesos encadenados)",01,Agropecuario-silvícola,f035_positional
F035.PIB.FLU.R.CLP.2013.02.04.Z.04.0.A,Pesca,04,Coquimbo,A,Cuentas Nacionales,"PIB por actividad económica, Región de Coquimbo, volumen a precios del año anterior encadenado, series empalmadas, referencia 2013 (miles de millones de pesos encadenados)",02,Pesca,f035_positional
F035.PIB.FLU.R.CLP.2013.03.Z.Z.04.0.A,Minería,04,Coquimbo,A,Cuentas Nacionales,"PIB por actividad económica, Región de Coquimbo, volumen a precios del año anterior encadenado, series empalmadas, referencia 2013 (miles de millones de pesos encadenados)",03,Minería,f035_positional
F035.PIB.FLU.R.CLP.2013.04.Z.Z.04.0.A,Industria manufacturera,04,Coquimbo,A,Cuentas Nacionales,"PIB por actividad económica, Región de Coquimbo, volumen a precios del año anterior encadenado, series empalmadas, referencia 2013 (miles de millones de pesos encadenados)",04,Industria,f035_positional
F035.PIB.FLU.R.CLP.2013.05.Z.Z.04.0.A,"Electricidad, gas, agua y gestión de desechos",04,Coquimbo,A,Cuentas Nacionales,"PIB por actividad económica, Región de Coquimbo, volumen a precios del año anterior encadenado, series empalmadas, referencia 2013 (miles de millones de pesos encadenados)",05,"Electricidad, gas, agua y gestión de desechos",f035_positional
F035.PIB.FLU.R.CLP.2013.06.Z.Z.04.0.A,Construcción,04,Coquimbo,A,Cuentas Nacionales,"PIB por actividad económica, Región de Coquimbo, volumen a precios del año anterior encadenado, series empalmadas, referencia 2013 (miles de millones de pesos encadenados)",06,Construcción,f035_positional
F035.PIB.FLU.R.CLP.2013.07.Z.Z.04.0.A,"Comercio, restaurantes y hoteles",04,Coquimbo,A,Cuentas Nacionales,"PIB por actividad económica, Región de Coquimbo, volumen a precios del año anterior encadenado, series empalmadas, referencia 2013 (miles de millones de pesos encadenados)",07,"Comercio, restaurantes y hoteles",f035_positional
F035.PIB.FLU.R.CLP.2013.08.Z.Z.04.0.A,"Transporte, información y comunicaciones",04,Coquimbo,A,Cuentas Nacionales,"PIB por actividad económica, Región de Coquimbo, volumen a precios del año anterior encadenado, series empalmadas, referencia 2013 (miles de millones de pesos encadenados)",08,"Transporte, información y comunicaciones",f035_positional
F035.PIB.FLU.R.CLP.2013.09.21.Z.04.0.A,Servicios financieros y empresariales,04,Coquimbo,A,Cuentas Nacionales,"PIB por actividad económica, Región de Coquimbo, volumen a precios del año anterior encadenado, series empalmadas, referencia 2013 (miles de millones de pesos encadenados)",09,Servicios financieros y empresariales,f035_positional
F035.PIB.FLU.R.CLP.2013.10.Z.Z.04.0.A,Servicios de vivienda e inmobiliarios,04,Coquimbo,A,Cuentas Nacionales,"PIB por actividad económica, Región de Coquimbo, volumen a precios del año anterior encadenado, series empalmadas, referencia 2013 (miles de millones de pesos encadenados)",10,Servicios de vivienda e inmobiliarios,f035_positional
F035.PIB.FLU.R.CLP.2013.11.Z.Z.04.0.A,Servicios personales,04,Coquimbo,A,Cuentas Nacionales,"PIB por actividad económica, Región de Coquimbo, volumen a precios del año anterior encadenado, series empalmadas, referencia 2013 (miles de millones de pesos encadenados)",11,Servicios personales,f035_positional
F035.PIB.FLU.R.CLP.2013.12.Z.Z.04.0.A,Administración pública,04,Coquimbo,A,Cuentas Nacionales,"PIB por actividad económica, Región de Coquimbo, volumen a precios del año anterior encadenado, series empalmadas, referencia 2013 (miles de millones de pesos encadenados)",12,Administración pública,f035_positional
F035.PIB.FLU.R.CLP.2013.Z.Z.Z.04.0.A,Región de Coquimbo,04,Coquimbo,A,Cuentas Nacionales,"Producto interno bruto por región, volumen a precios del año anterior encadenado, series empalmadas, referencia 2013 (miles de millones de pesos encadenados)",,,f035_positional
F035.PIB.FLU.R.CLP.2018.01.Z.Z.04.0.A,Agropecuario-silvícola,04,Coquimbo,A,Cuentas Nacionales,"PIB por actividad económica, Región de Coquimbo, volumen a precios del año anterior encadenado, series empalmadas, referencia 2018 (miles de millones de pesos encadenados)",01,Agropecuario-silvícola,f035_positional
F035.PIB.FLU.R.CLP.2018.02.04.Z.04.0.A,Pesca,04,Coquimbo,A,Cuentas Nacionales,"PIB por actividad económica, Región de Coquimbo, volumen a precios del año anterior encadenado, series empalmadas, referencia 2018 (miles de millones de pesos encadenados)",02,Pesca,f035_positional
F035.PIB.FLU.R.CLP.2018.03.Z.Z.04.0.A,Minería,04,Coquimbo,A,Cuentas Nacionales,"PIB por actividad económica, Región de Coquimbo, volumen a precios del año anterior encadenado, series empalmadas, referencia 2018 (miles de millones de pesos encadenados)",03,Minería,f035_positional
F035.PIB.FLU.R.CLP.2018.04.Z.Z.04.0.A,Industria manufacturera,04,Coquimbo,A,Cuentas Nacionales,"PIB por actividad económica, Región de Coquimbo, volumen a precios del año anterior encadenado, series empalmadas, referencia 2018 (miles de millones de pesos encadenados)",04,Industria,f035_positional
F035.PIB.FLU.R.CLP.2018.05.Z.Z.04.0.A,"Electricidad, gas, agua y gestión de desechos",04,Coquimbo,A,Cuentas Nacionales,"PIB por actividad económica, Región de Coquimbo, volumen a precios del año anterior encadenado, series empalmadas, referencia 2018 (miles de millones de pesos encadenados)",05,"Electricidad, gas, agua y gestión de desechos",f035_positional
F035.PIB.FLU.R.CLP.2018.06.Z.Z.04.0.A,Construcción,04,Coquimbo,A,Cuentas Nacionales,"PIB por actividad económica, Región de Coquimbo, volumen a precios del año anterior encadenado, series empalmadas, referencia 2018 (miles de millones de pesos encadenados)",06,Construcción,f035_positional
F035.PIB.FLU.R.CLP.2018.08.Z.Z.04.0.A,"Transporte, información y comunicaciones",04,Coquimbo,A,Cuentas Nacionales,"PIB por actividad económica, Región de Coquimbo, volumen a precios del año anterior encadenado, series empalmadas, referencia 2018 (miles de millones de pesos encadenados)",08,"Transporte, información y comunicaciones",f035_positional
F035.PIB.FLU.R.CLP.2018.09.21.Z.04.0.A,Servicios financieros y empresariales,04,Coquimbo,A,Cuentas Nacionales,"PIB por actividad económica, Región de Coquimbo, volumen a precios del año anterior encadenado, series empalmadas, referencia 2018 (miles de millones de pesos encadenados)",09,Servicios financieros y empresariales,f035_positional
F035.PIB.FLU.R.CLP.2018.10.Z.Z.04.0.A,Servicios de vivienda e inmobiliarios,04,Coquimbo,A,Cuentas Nacionales,"PIB por actividad económica, Región de Coquimbo, volumen a precios del año anterior encadenado, series empalmadas, referencia 2018 (miles de millones de pesos encadenados)",10,Servicios de vivienda e inmobiliarios,f035_positional
F035.PIB.FLU.R.CLP.2018.11.Z.Z.04.0.A,Servicios personales,04,Coquimbo,A,Cuentas Nacionales,"PIB por actividad económica, Región de Coquimbo, volumen a precios del año anterior encadenado, series empalmadas, referencia 2018 (miles de millones de pesos encadenados)",11,Servicios personales,f035_positional
F035.PIB.FLU.R.CLP.2018.12.Z.Z.04.0.A,Administración pública,04,Coquimbo,A,Cuentas Nacionales,"PIB por actividad económica, Región de Coquimbo, volumen a precios del año anterior encadenado, series empalmadas, referencia 2018 (miles de millones de pesos encadenados)",12,Administración pública,f035_positional
F035.PIB.FLU.R.CLP.2018.COM.Z.Z.04.0.A,Comercio,04,Coquimbo,A,Cuentas Nacionales,"PIB por actividad económica, Región de Coquimbo, volumen a precios del año anterior encadenado, series empalmadas, referencia 2018 (miles de millones de pesos encadenados)",COM,Comercio,f035_positional
F035.PIB.FLU.R.CLP.2018.RH.Z.Z.04.0.A,Restaurantes y hoteles,04,Coquimbo,A,Cuentas Nacionales,"PIB por actividad económica, Región de Coquimbo, volumen a precios del año anterior encadenado, series empalmadas, referencia 2018 (miles de millones de pesos encadenados)",RH,Restaurantes y hoteles,f035_positional
F035.PIB.FLU.R.CLP.2018.Z.Z.Z.04.0.A,Producto interno bruto,04,Coquimbo,A,Cuentas Nacionales,"PIB por actividad económica, Región de Coquimbo, volumen a precios del año anterior encadenado, series empalmadas, referencia 2018 (miles de millones de pesos encadenados)",,,f035_positional
F035.PIB.V12.R.CLP.2008.Z.Z.Z.04.0.A,IV De Coquimbo,04,Coquimbo,A,Cuentas Nacionales,"Producto interno bruto por región, contribución porcentual respecto de igual periodo del año anterior, referencia 2008 .",,,f035_positional
F035.PIB.V12.R.CLP.2013.Z.Z.Z.04.0.A,Región de Coquimbo,04,Coquimbo,A,Cuentas Nacionales,"Producto interno bruto por región, contribución porcentual respecto de igual periodo del año anterior, series empalmadas, referencia 2013 .",,,f035_positional
F035.PIB.V12.R.CLP.2018.01.Z.Z.04.0.A,Agropecuario-silvícola,04,Coquimbo,A,Cuentas Nacionales,"PIB por actividad económica, Región de Coquimbo, contribución porcentual respecto de igual periodo del año anterior, series empalmadas, referencia 2018",01,Agropecuario-silvícola,f035_positional
F035.PIB.V12.R.CLP.2018.02.04.Z.04.0.A,Pesca,04,Coquimbo,A,Cuentas Nacionales,"PIB por actividad económica, Región de Coquimbo, contribución porcentual respecto de igual periodo del año anterior, series empalmadas, referencia 2018",02,Pesca,f035_positional
F035.PIB.V12.R.CLP.2018.03.Z.Z.04.0.A,Minería,04,Coquimbo,A,Cuentas Nacionales,"PIB por actividad económica, Región de Coquimbo, contribución porcentual respecto de igual periodo del año anterior, series empalmadas, referencia 2018",03,Minería,f035_positional
F035.PIB.V12.R.CLP.2018.04.Z.Z.04.0.A,Industria manufacturera,04,Coquimbo,A,Cuentas Nacionales,"PIB por actividad económica, Región de Coquimbo, contribución porcentual respecto de igual periodo del año anterior, series empalmadas, referencia 2018",04,Industria,f035_positional
F035.PIB.V12.R.CLP.2018.05.Z.Z.04.0.A,"Electricidad, gas, agua y gestión de desechos",04,Coquimbo,A,Cuentas Nacionales,"PIB por actividad económica, Región de Coquimbo, contribución porcentual respecto de igual periodo del año anterior, series empalmadas, referencia 2018",05,"Electricidad, gas, agua y gestión de desechos",f035_positional
F035.PIB.V12.R.CLP.2018.06.Z.Z.04.0.A,Construcción,04,Coquimbo,A,Cuentas Nacionales,"PIB por actividad económica, Región de Coquimbo, contribución porcentual respecto de igual periodo del año anterior, series empalmadas, referencia 2018",06,Construcción,f035_positional
F035.PIB.V12.R.CLP.2018.08.Z.Z.04.0.A,"Transporte, información y comunicaciones",04,Coquimbo,A,Cuentas Nacionales,"PIB por actividad económica, Región de Coquimbo, contribución porcentual respecto de igual periodo del año anterior, series empalmadas, referencia 2018",08,"Transporte, información y comunicaciones",f035_positional
F035.PIB.V12.R.CLP.2018.09.21.Z.04.0.A,Servicios financieros y empresariales,04,Coquimbo,A,Cuentas Nacionales,"PIB por actividad económica, Región de Coquimbo, contribución porcentual respecto de igual periodo del año anterior, series empalmadas, referencia 2018",09,Servicios financieros y empresariales,f035_positional
F035.PIB.V12.R.CLP.2018.10.Z.Z.04.0.A,Servicios de vivienda e inmobiliarios,04,Coquimbo,A,Cuentas Nacionales,"PIB por actividad económica, Región de Coquimbo, contribución porcentual respecto de igual periodo del año anterior, series empalmadas, referencia 2018",10,Servicios de vivienda e inmobiliarios,f035_positional
F035.PIB.V12.R.CLP.2018.11.Z.Z.04.0.A,Servicios personales,04,Coquimbo,A,Cuentas Nacionales,"PIB por actividad económica, Región de Coquimbo, contribución porcentual respecto de igual periodo del año anterior, series empalmadas, referencia 2018",11,Servicios personales,f035_positional
F035.PIB.V12.R.CLP.2018.12.Z.Z.04.0.A,Administración pública,04,Coquimbo,A,Cuentas Nacionales,"PIB por actividad económica, Región de Coquimbo, contribución porcentual respecto de igual periodo del año anterior, series empalmadas, referencia 2018",12,Administración pública,f035_positional
F035.PIB.V12.R.CLP.2018.COM.Z.Z.04.0.A,Comercio,04,Coquimbo,A,Cuentas Nacionales,"PIB por actividad económica, Región de Coquimbo, contribución porcentual respecto de igual periodo del año anterior, series empalmadas, referencia 2018",COM,Comercio,f035_positional
F035.PIB.V12.R.CLP.2018.CONT.Z.Z.04.0.A,Producto Interno Bruto,04,Coquimbo,A,Cuentas Nacionales,"PIB por actividad económica, Región de Coquimbo, contribución porcentual respecto de igual periodo del año anterior, series empalmadas, referencia 2018",CONT,PIB (contribución),f035_positional
F035.PIB.V12.R.CLP.2018.RH.Z.Z.04.0.A,Restaurantes y hoteles,04,Coquimbo,A,Cuentas Nacionales,"PIB por actividad económica, Región de Coquimbo, contribución porcentual respecto de igual periodo del año anterior, series empalmadas, referencia 2018",RH,Restaurantes y hoteles,f035_positional
F035.PIB.V12.R.CLP.2018.Z.Z.Z.04.0.A,Región de Coquimbo,04,Coquimbo,A,Cuentas Nacionales,"Producto interno bruto por región, contribución porcentual respecto de igual periodo del año anterior, series empalmadas, referencia 2018",,,f035_positional
F035.PIB.FLU.N.CLP.2008.01.Z.Z.05.0.A,Agropecuario-silvícola,05,Valparaíso,A,Cuentas Nacionales,"PIB por actividad económica,V Región de Valparaíso, precios corrientes, referencia 2008 (millones de pesos)",01,Agropecuario-silvícola,f035_positional
F035.PIB.FLU.N.CLP.2008.02.04.Z.05.0.A,Pesca,05,Valparaíso,A,Cuentas Nacionales,"PIB por actividad económica,V Región de Valparaíso, precios corrientes, referencia 2008 (millones de pesos)",02,Pesca,f035_positional
F035.PIB.FLU.N.CLP.2008.03.Z.Z.05.0.A,Minería,05,Valparaíso,A,Cuentas Nacionales,"PIB por actividad económica,V Región de Valparaíso, precios corrientes, referencia 2008 (millones de pesos)",03,Minería,f035_positional
F035.PIB.FLU.N.CLP.2008.04.Z.Z.05.0.A,Industria manufacturera,05,Valparaíso,A,Cuentas Nacionales,"PIB por actividad económica,V Región de Valparaíso, precios corrientes, referencia 2008 (millones de pesos)",04,Industria,f035_positional
F035.PIB.FLU.N.CLP.2008.05.Z.Z.05.0.A,"Electricidad, gas, agua y gestión de desechos",05,Valparaíso,A,Cuentas Nacionales,"PIB por actividad económica,V Región de Valparaíso, precios corrientes, referencia 2008 (millones de pesos)",05,"Electricidad, gas, agua y gestión de desechos",f035_positional
F035.PIB.FLU.N.CLP.2008.06.Z.Z.05.0.A,Construcción,05,Valparaíso,A,Cuentas Nacionales,"PIB por actividad económica,V Región de Valparaíso, precios corrientes, referencia 2008 (millones de pesos)",06,Construcción,f035_positional
F035.PIB.FLU.N.CLP.2008.07.Z.Z.05.0.A,"Comercio, restaurantes y hoteles",05,Valparaíso,A,Cuentas Nacionales,"PIB por actividad económica,V Región de Valparaíso, precios corrientes, referencia 2008 (millones de pesos)",07,"Comercio, restaurantes y hoteles",f035_positional
F035.PIB.FLU.N.CLP.2008.08.Z.Z.05.0.A,"Transportes, informacion y comunicaciones",05,Valparaíso,A,Cuentas Nacionales,"PIB por actividad económica,V Región de Valparaíso, precios corrientes, referencia 2008 (millones de pesos)",08,"Transporte, información y comunicaciones",f035_positional
F035.PIB.FLU.N.CLP.2008.09.21.Z.05.0.A,Servicios financieros y empresariales,05,Valparaíso,A,Cuentas Nacionales,"PIB por actividad económica,V Región de Valparaíso, precios corrientes, referencia 2008 (millones de pesos)",09,Servicios financieros y empresariales,f035_positional
F035.PIB.FLU.N.CLP.2008.10.Z.Z.05.0.A,Servicios de vivienda e inmobiliarios,05,Valparaíso,A,Cuentas Nacionales,"PIB por actividad económica,V Región de Valparaíso, precios corrientes, referencia 2008 (millones de pesos)",10,Servicios de vivienda e inmobiliarios,f035_positional
F035.PIB.FLU.N.CLP.2008.11.Z.Z.05.0.A,Servicios personales,05,Valparaíso,A,Cuentas Nacionales,"PIB por actividad económica,V Región de Valparaíso, precios corrientes, referencia 2008 (millones de pesos)",11,Servicios personales,f035_positional
F035.PIB.FLU.N.CLP.2008.12.Z.Z.05.0.A,Administración pública,05,Valparaíso,A,Cuentas Nacionales,"PIB por actividad económica,V Región de Valparaíso, precios corrientes, referencia 2008 (millones de pesos)",12,Administración pública,f035_positional
F035.PIB.FLU.N.CLP.2008.Z.Z.Z.05.0.A,V De Valparaíso,05,Valparaíso,A,Cuentas Nacionales,"Producto interno bruto por región, precios corrientes, referencia 2008 (millones de pesos)",,,f035_positional
F035.PIB.FLU.N.CLP.2013.01.Z.Z.05.0.A,Agropecuario-silvícola,05,Valparaíso,A,Cuentas Nacionales,"PIB por actividad económica,Región de Valparaíso, precios corrientes, series empalmadas,referencia 2013 (miles de millones de pesos)",01,Agropecuario-silvícola,f035_positional
F035.PIB.FLU.N.CLP.2013.02.04.Z.05.0.A,Pesca,05,Valparaíso,A,Cuentas Nacionales,"PIB por actividad económica,Región de Valparaíso, precios corrientes, series empalmadas,referencia 2013 (miles de millones de pesos)",02,Pesca,f035_positional
F035.PIB.FLU.N.CLP.2013.03.Z.Z.05.0.A,Minería,05,Valparaíso,A,Cuentas Nacionales,"PIB por actividad económica,Región de Valparaíso, precios corrientes, series empalmadas,referencia 2013 (miles de millones de pesos)",03,Minería,f035_positional
F035.PIB.FLU.N.CLP.2013.04.Z.Z.05.0.A,Industria manufacturera,05,Valparaíso,A,Cuentas Nacionales,"PIB por actividad económica,Región de Valparaíso, precios corrientes, series empalmadas,referencia 2013 (miles de millones de pesos)",04,Industria,f035_positional
F035.PIB.FLU.N.CLP.2013.05.Z.Z.05.0.A,"Electricidad, gas, agua y gestión de desechos",05,Valparaíso,A,Cuentas Nacionales,"PIB por actividad económica,Región de Valparaíso, precios corrientes, series empalmadas,referencia 2013 (miles de millones de pesos)",05,"Electricidad, gas, agua y gestión de desechos",f035_positional
F035.PIB.FLU.N.CLP.2013.06.Z.Z.05.0.A,Construcción,05,Valparaíso,A,Cuentas Nacionales,"PIB por actividad económica,Región de Valparaíso, precios corrientes, series empalmadas,referencia 2013 (miles de millones de pesos)",06,Construcción,f035_positional
F035.PIB.FLU.N.CLP.2013.07.Z.Z.05.0.A,"Comercio, restaurantes y hoteles",05,Valparaíso,A,Cuentas Nacionales,"PIB por actividad económica,Región de Valparaíso, precios corrientes, series empalmadas,referencia 2013 (miles de millones de pesos)",07,"Comercio, restaurantes y hoteles",f035_positional
F035.PIB.FLU.N.CLP.2013.08.Z.Z.05.0.A,"Transporte, información y comunicaciones",05,Valparaíso,A,Cuentas Nacionales,"PIB por actividad económica,Región de Valparaíso, precios corrientes, series empalmadas,referencia 2013 (miles de millones de pesos)",08,"Transporte, información y comunicaciones",f035_positional
F035.PIB.FLU.N.CLP.2013.09.21.Z.05.0.A,Servicios financieros y empresariales,05,Valparaíso,A,Cuentas Nacionales,"PIB por actividad económica,Región de Valparaíso, precios corrientes, series empalmadas,referencia 2013 (miles de millones de pesos)",09,Servicios financieros y empresariales,f035_positional
F035.PIB.FLU.N.CLP.2013.10.Z.Z.05.0.A,Servicios de vivienda e inmobiliarios,05,Valparaíso,A,Cuentas Nacionales,"PIB por actividad económica,Región de Valparaíso, precios corrientes, series empalmadas,referencia 2013 (miles de millones de pesos)",10,Servicios de vivienda e inmobiliarios,f035_positional
F035.PIB.FLU.N.CLP.2013.11.Z.Z.05.0.A,Servicios personales,05,Valparaíso,A,Cuentas Nacionales,"PIB por actividad económica,Región de Valparaíso, precios corrientes, series empalmadas,referencia 2013 (miles de millones de pesos)",11,Servicios personales,f035_positional
F035.PIB.FLU.N.CLP.2013.12.Z.Z.05.0.A,Administración pública,05,Valparaíso,A,Cuentas Nacionales,"PIB por actividad económica,Región de Valparaíso, precios corrientes, series empalmadas,referencia 2013 (miles de millones de pesos)",12,Administración pública,f035_positional
F035.PIB.FLU.N.CLP.2013.Z.Z.Z.05.0.A,Región de Valparaíso,05,Valparaíso,A,Cuentas Nacionales,"Producto interno bruto por región, precios corrientes, series empalmadas, referencia 2013 (miles de millones de pesos)",,,f035_positional
F035.PIB.FLU.N.CLP.2018.01.Z.Z.05.0.A,Agropecuario-silvícola,05,Valparaíso,A,Cuentas Nacionales,"PIB por actividad económica,Región de Valparaíso, precios corrientes, series empalmadas, referencia 2018 (miles de millones de pesos)",01,Agropecuario-silvícola,f035_positional
F035.PIB.FLU.N.CLP.2018.02.04.Z.05.0.A,Pesca,05,Valparaíso,A,Cuentas Nacionales,"PIB por actividad económica,Región de Valparaíso, precios corrientes, series empalmadas, referencia 2018 (miles de millones de pesos)",02,Pesca,f035_positional
F035.PIB.FLU.N.CLP.2018.03.Z.Z.05.0.A,Minería,05,Valparaíso,A,Cuentas Nacionales,"PIB por actividad económica,Región de Valparaíso, precios corrientes, series empalmadas, referencia 2018 (miles de millones de pesos)",03,Minería,f035_positional
F035.PIB.FLU.N.CLP.2018.04.Z.Z.05.0.A,Industria manufacturera,05,Valparaíso,A,Cuentas Nacionales,"PIB por actividad económica,Región de Valparaíso, precios corrientes, series empalmadas, referencia 2018 (miles de millones de pesos)",04,Industria,f035_positional
F035.PIB.FLU.N.CLP.2018.05.Z.Z.05.0.A,"Electricidad, gas, agua y gestión de desechos",05,Valparaíso,A,Cuentas Nacionales,"PIB por actividad económica,Región de Valparaíso, precios corrientes, series empalmadas, referencia 2018 (miles de millones de pesos)",05,"Electricidad, gas, agua y gestión de desechos",f035_positional
F035.PIB.FLU.N.CLP.2018.06.Z.Z.05.0.A,Construcción,05,Valparaíso,A,Cuentas Nacionales,"PIB por actividad económica,Región de Valparaíso, precios corrientes, series empalmadas, referencia 2018 (miles de millones de pesos)",06,Construcción,f035_positional
F035.PIB.FLU.N.CLP.2018.08.Z.Z.05.0.A,"Transporte, información y comunicaciones",05,Valparaíso,A,Cuentas Nacionales,"PIB por actividad económica,Región de Valparaíso, precios corrientes, series empalmadas, referencia 2018 (miles de millones de pesos)",08,"Transporte, información y comunicaciones",f035_positional
F035.PIB.FLU.N.CLP.2018.09.21.Z.05.0.A,Servicios financieros y empresariales,05,Valparaíso,A,Cuentas Nacionales,"PIB por actividad económica,Región de Valparaíso, precios corrientes, series empalmadas, referencia 2018 (miles de millones de pesos)",09,Servicios financieros y empresariales,f035_positional
F035.PIB.FLU.N.CLP.2018.10.Z.Z.05.0.A,Servicios de vivienda e inmobiliarios,05,Valparaíso,A,Cuentas Nacionales,"PIB por actividad económica,Región de Valparaíso, precios corrientes, series empalmadas, referencia 2018 (miles de millones de pesos)",10,Servicios de vivienda e inmobiliarios,f035_positional
F035.PIB.FLU.N.CLP.2018.11.Z.Z.05.0.A,Servicios personales,05,Valparaíso,A,Cuentas Nacionales,"PIB por actividad económica,Región de Valparaíso, precios corrientes, series empalmadas, referencia 2018 (miles de millones de pesos)",11,Servicios personales,f035_positional
F035.PIB.FLU.N.CLP.2018.12.Z.Z.05.0.A,Administración pública,05,Valparaíso,A,Cuentas Nacionales,"PIB por actividad económica,Región de Valparaíso, precios corrientes, series empalmadas, referencia 2018 (miles de millones de pesos)",12,Administración pública,f035_positional
F035.PIB.FLU.N.CLP.2018.COM.Z.Z.05.0.A,Comercio,05,Valparaíso,A,Cuentas Nacionales,"PIB por actividad económica,Región de Valparaíso, precios corrientes, series empalmadas, referencia 2018 (miles de millones de pesos)",COM,Comercio,f035_positional
F035.PIB.FLU.N.CLP.2018.RH.Z.Z.05.0.A,Restaurantes y hoteles,05,Valparaíso,A,Cuentas Nacionales,"PIB por actividad económica,Región de Valparaíso, precios corrientes, series empalmadas, referencia 2018 (miles de millones de pesos)",RH,Restaurantes y hoteles,f035_positional
F035.PIB.FLU.N.CLP.2018.Z.Z.Z.05.0.A,Región de Valparaíso,05,Valparaíso,A,Cuentas Nacionales,"Producto interno bruto por región, precios corrientes, series empalmadas, referencia 2018 (miles de millones de pesos)",,,f035_positional
F035.PIB.FLU.R.CLP.1986.01.Z.Z.05.0.A,Agropecuario-silvícola,05,Valparaíso,A,Cuentas Nacionales,"PIB por actividad económica, V Región de Valparaíso, base 1986 (millones de pesos)",01,Agropecuario-silvícola,f035_positional
F035.PIB.FLU.R.CLP.1986.02.04.Z.05.0.A,Pesca,05,Valparaíso,A,Cuentas Nacionales,"PIB por actividad económica, V Región de Valparaíso, base 1986 (millones de pesos)",02,Pesca,f035_positional
F035.PIB.FLU.R.CLP.1986.03.Z.Z.05.0.A,Minería,05,Valparaíso,A,Cuentas Nacionales,"PIB por actividad económica, V Región de Valparaíso, base 1986 (millones de pesos)",03,Minería,f035_positional
F035.PIB.FLU.R.CLP.1986.04.Z.Z.05.0.A,Industria manufacturera,05,Valparaíso,A,Cuentas Nacionales,"PIB por actividad económica, V Región de Valparaíso, base 1986 (millones de pesos)",04,Industria,f035_positional
F035.PIB.FLU.R.CLP.1986.05.Z.Z.05.0.A,"Electricidad, gas y agua",05,Valparaíso,A,Cuentas Nacionales,"PIB por actividad económica, V Región de Valparaíso, base 1986 (millones de pesos)",05,"Electricidad, gas, agua y gestión de desechos",f035_positional
F035.PIB.FLU.R.CLP.1986.06.Z.Z.05.0.A,Construcción,05,Valparaíso,A,Cuentas Nacionales,"PIB por actividad económica, V Región de Valparaíso, base 1986 (millones de pesos)",06,Construcción,f035_positional
F035.PIB.FLU.R.CLP.1986.07.Z.Z.05.0.A,"Comercio, restaurantes y hoteles",05,Valparaíso,A,Cuentas Nacionales,"PIB por actividad económica, V Región de Valparaíso, base 1986 (millones de pesos)",07,"Comercio, restaurantes y hoteles",f035_positional
F035.PIB.FLU.R.CLP.1986.08.Z.Z.05.0.A,Transportes y comunicaciones,05,Valparaíso,A,Cuentas Nacionales,"PIB por actividad económica, V Región de Valparaíso, base 1986 (millones de pesos)",08,"Transporte, información y comunicaciones",f035_positional
F035.PIB.FLU.R.CLP.1986.09.21.27.05.0.A,Servicios financieros,05,Valparaíso,A,Cuentas Nacionales,"PIB por actividad económica, V Región de Valparaíso, base 1986 (millones de pesos)",09,Servicios financieros y empresariales,f035_positional
F035.PIB.FLU.R.CLP.1986.10.Z.Z.05.0.A,Propiedad de vivienda,05,Valparaíso,A,Cuentas Nacionales,"PIB por actividad económica, V Región de Valparaíso, base 1986 (millones de pesos)",10,Servicios de vivienda e inmobiliarios,f035_positional
F035.PIB.FLU.R.CLP.1986.11.Z.Z.05.0.A,Servicios personales,05,Valparaíso,A,Cuentas Nacionales,"PIB por actividad económica, V Región de Valparaíso, base 1986 (millones de pesos)",11,Servicios personales,f035_positional
F035.PIB.FLU.R.CLP.1986.12.Z.Z.05.0.A,Administración pública,05,Valparaíso,A,Cuentas Nacionales,"PIB por actividad económica, V Región de Valparaíso, base 1986 (millones de pesos)",12,Administración pública,f035_positional
F035.PIB.FLU.R.CLP.1986.Z.Z.Z.05.0.A,V De Valparaíso,05,Valparaíso,A,Cuentas Nacionales,"Producto interno bruto por región, a precios constantes, base 1986 (millones de pesos)",,,f035_positional
F035.PIB.FLU.R.CLP.1996.01.Z.Z.05.0.A,Agropecuario-silvícola,05,Valparaíso,A,Cuentas Nacionales,"PIB por actividad económica, V Región de Valparaíso, base 1996 ( millones de pesos)",01,Agropecuario-silvícola,f035_positional
F035.PIB.FLU.R.CLP.1996.02.04.Z.05.0.A,Pesca,05,Valparaíso,A,Cuentas Nacionales,"PIB por actividad económica, V Región de Valparaíso, base 1996 ( millones de pesos)",02,Pesca,f035_positional
F035.PIB.FLU.R.CLP.1996.03.Z.Z.05.0.A,Minería,05,Valparaíso,A,Cuentas Nacionales,"PIB por actividad económica, V Región de Valparaíso, base 1996 ( millones de pesos)",03,Minería,f035_positional
F035.PIB.FLU.R.CLP.1996.04.Z.Z.05.0.A,Industria manufacturera,05,Valparaíso,A,Cuentas Nacionales,"PIB por actividad económica, V Región de Valparaíso, base 1996 ( millones de pesos)",04,Industria,f035_positional
F035.PIB.FLU.R.CLP.1996.05.Z.Z.05.0.A,"Electricidad, gas y agua",05,Valparaíso,A,Cuentas Nacionales,"PIB por actividad económica, V Región de Valparaíso, base 1996 ( millones de pesos)",05,"Electricidad, gas, agua y gestión de desechos",f035_positional
F035.PIB.FLU.R.CLP.1996.06.Z.Z.05.0.A,Construcción,05,Valparaíso,A,Cuentas Nacionales,"PIB por actividad económica, V Región de Valparaíso, base 1996 ( millones de pesos)",06,Construcción,f035_positional
F035.PIB.FLU.R.CLP.1996.07.Z.Z.05.0.A,"Comercio, restaurantes y hoteles",05,Valparaíso,A,Cuentas Nacionales,"PIB por actividad económica, V Región de Valparaíso, base 1996 ( millones de pesos)",07,"Comercio, restaurantes y hoteles",f035_positional
F035.PIB.FLU.R.CLP.1996.08.Z.Z.05.0.A,Transportes y comunicaciones,05,Valparaíso,A,Cuentas Nacionales,"PIB por actividad económica, V Región de Valparaíso, base 1996 ( millones de pesos)",08,"Transporte, información y comunicaciones",f035_positional
F035.PIB.FLU.R.CLP.1996.09.21.Z.05.0.A,Servicios financieros y empresariales,05,Valparaíso,A,Cuentas Nacionales,"PIB por actividad económica, V Región de Valparaíso, base 1996 ( millones de pesos)",09,Servicios financieros y empresariales,f035_positional
F035.PIB.FLU.R.CLP.1996.10.Z.Z.05.0.A,Propiedad de vivienda,05,Valparaíso,A,Cuentas Nacionales,"PIB por actividad económica, V Región de Valparaíso, base 1996 ( millones de pesos)",10,Servicios de vivienda e inmobiliarios,f035_positional
F035.PIB.FLU.R.CLP.1996.11.Z.Z.05.0.A,Servicios personales,05,Valparaíso,A,Cuentas Nacionales,"PIB por actividad económica, V Región de Valparaíso, base 1996 ( millones de pesos)",11,Servicios personales,f035_positional
F035.PIB.FLU.R.CLP.1996.12.Z.Z.05.0.A,Administración pública,05,Valparaíso,A,Cuentas Nacionales,"PIB por actividad económica, V Región de Valparaíso, base 1996 ( millones de pesos)",12,Administración pública,f035_positional
F035.PIB.FLU.R.CLP.1996.Z.Z.Z.05.0.A,V De Valparaíso,05,Valparaíso,A,Cuentas Nacionales,"Producto interno bruto por región, a precios constantes, base 1996 ( millones de pesos)",,,f035_positional
F035.PIB.FLU.R.CLP.2003.01.Z.Z.05.0.A,Agropecuario-silvícola,05,Valparaíso,A,Cuentas Nacionales,"PIB actividad económica, V Región de Valparaíso, base 2003 ( millones de pesos)",01,Agropecuario-silvícola,f035_positional
F035.PIB.FLU.R.CLP.2003.02.04.Z.05.0.A,Pesca,05,Valparaíso,A,Cuentas Nacionales,"PIB actividad económica, V Región de Valparaíso, base 2003 ( millones de pesos)",02,Pesca,f035_positional
F035.PIB.FLU.R.CLP.2003.03.Z.Z.05.0.A,Minería,05,Valparaíso,A,Cuentas Nacionales,"PIB actividad económica, V Región de Valparaíso, base 2003 ( millones de pesos)",03,Minería,f035_positional
F035.PIB.FLU.R.CLP.2003.04.Z.Z.05.0.A,Industria manufacturera,05,Valparaíso,A,Cuentas Nacionales,"PIB actividad económica, V Región de Valparaíso, base 2003 ( millones de pesos)",04,Industria,f035_positional
F035.PIB.FLU.R.CLP.2003.05.Z.Z.05.0.A,"Electricidad, gas y agua",05,Valparaíso,A,Cuentas Nacionales,"PIB actividad económica, V Región de Valparaíso, base 2003 ( millones de pesos)",05,"Electricidad, gas, agua y gestión de desechos",f035_positional
F035.PIB.FLU.R.CLP.2003.06.Z.Z.05.0.A,Construcción,05,Valparaíso,A,Cuentas Nacionales,"PIB actividad económica, V Región de Valparaíso, base 2003 ( millones de pesos)",06,Construcción,f035_positional
F035.PIB.FLU.R.CLP.2003.07.Z.Z.05.0.A,"Comercio, restaurantes y hoteles",05,Valparaíso,A,Cuentas Nacionales,"PIB actividad económica, V Región de Valparaíso, base 2003 ( millones de pesos)",07,"Comercio, restaurantes y hoteles",f035_positional
F035.PIB.FLU.R.CLP.2003.08.Z.Z.05.0.A,Transportes y comunicaciones,05,Valparaíso,A,Cuentas Nacionales,"PIB actividad económica, V Región de Valparaíso, base 2003 ( millones de pesos)",08,"Transporte, información y comunicaciones",f035_positional
F035.PIB.FLU.R.CLP.2003.09.21.Z.05.0.A,Servicios financieros y empresariales,05,Valparaíso,A,Cuentas Nacionales,"PIB actividad económica, V Región de Valparaíso, base 2003 ( millones de pesos)",09,Servicios financieros y empresariales,f035_positional
F035.PIB.FLU.R.CLP.2003.10.Z.Z.05.0.A,Propiedad de vivienda,05,Valparaíso,A,Cuentas Nacionales,"PIB actividad económica, V Región de Valparaíso, base 2003 ( millones de pesos)",10,Servicios de vivienda e inmobiliarios,f035_positional
F035.PIB.FLU.R.CLP.2003.11.Z.Z.05.0.A,Servicios personales,05,Valparaíso,A,Cuentas Nacionales,"PIB actividad económica, V Región de Valparaíso, base 2003 ( millones de pesos)",11,Servicios personales,f035_positional
F035.PIB.FLU.R.CLP.2003.12.Z.Z.05.0.A,Administración pública,05,Valparaíso,A,Cuentas Nacionales,"PIB actividad económica, V Región de Valparaíso, base 2003 ( millones de pesos)",12,Administración pública,f035_positional
F035.PIB.FLU.R.CLP.2003.Z.Z.Z.05.0.A,V De Valparaíso,05,Valparaíso,A,Cuentas Nacionales,"Producto interno bruto por región, a precios constantes, base 2003 ( millones de pesos)",,,f035_positional
F035.PIB.FLU.R.CLP.2008.01.Z.Z.05.0.A,Agropecuario-silvícola,05,Valparaíso,A,Cuentas Nacionales,"PIB actividad económica, V Región de Valparaíso, volumen a precios del año anterior encadenado, referencia 2008 (millones de pesos encadenados)",01,Agropecuario-silvícola,f035_positional
F035.PIB.FLU.R.CLP.2008.02.04.Z.05.0.A,Pesca,05,Valparaíso,A,Cuentas Nacionales,"PIB actividad económica, V Región de Valparaíso, volumen a precios del año anterior encadenado, referencia 2008 (millones de pesos encadenados)",02,Pesca,f035_positional
F035.PIB.FLU.R.CLP.2008.03.Z.Z.05.0.A,Minería,05,Valparaíso,A,Cuentas Nacionales,"PIB actividad económica, V Región de Valparaíso, volumen a precios del año anterior encadenado, referencia 2008 (millones de pesos encadenados)",03,Minería,f035_positional
F035.PIB.FLU.R.CLP.2008.04.Z.Z.05.0.A,Industria manufacturera,05,Valparaíso,A,Cuentas Nacionales,"PIB actividad económica, V Región de Valparaíso, volumen a precios del año anterior encadenado, referencia 2008 (millones de pesos encadenados)",04,Industria,f035_positional
F035.PIB.FLU.R.CLP.2008.05.Z.Z.05.0.A,"Electricidad, gas y agua",05,Valparaíso,A,Cuentas Nacionales,"PIB actividad económica, V Región de Valparaíso, volumen a precios del año anterior encadenado, referencia 2008 (millones de pesos encadenados)",05,"Electricidad, gas, agua y gestión de desechos",f035_positional
F035.PIB.FLU.R.CLP.2008.06.Z.Z.05.0.A,Construcción,05,Valparaíso,A,Cuentas Nacionales,"PIB actividad económica, V Región de Valparaíso, volumen a precios del año anterior encadenado, referencia 2008 (millones de pesos encadenados)",06,Construcción,f035_positional
F035.PIB.FLU.R.CLP.2008.07.Z.Z.05.0.A,"Comercio, restaurantes y hoteles",05,Valparaíso,A,Cuentas Nacionales,"PIB actividad económica, V Región de Valparaíso, volumen a precios del año anterior encadenado, referencia 2008 (millones de pesos encadenados)",07,"Comercio, restaurantes y hoteles",f035_positional
F035.PIB.FLU.R.CLP.2008.08.Z.Z.05.0.A,Transportes y comunicaciones,05,Valparaíso,A,Cuentas Nacionales,"PIB actividad económica, V Región de Valparaíso, volumen a precios del año anterior encadenado, referencia 2008 (millones de pesos encadenados)",08,"Transporte, información y comunicaciones",f035_positional
F035.PIB.FLU.R.CLP.2008.09.21.Z.05.0.A,Servicios financieros y empresariales,05,Valparaíso,A,Cuentas Nacionales,"PIB actividad económica, V Región de Valparaíso, volumen a precios del año anterior encadenado, referencia 2008 (millones de pesos encadenados)",09,Servicios financieros y empresariales,f035_positional
F035.PIB.FLU.R.CLP.2008.10.Z.Z.05.0.A,Propiedad de vivienda,05,Valparaíso,A,Cuentas Nacionales,"PIB actividad económica, V Región de Valparaíso, volumen a precios del año anterior encadenado, referencia 2008 (millones de pesos encadenados)",10,Servicios de vivienda e inmobiliarios,f035_positional
F035.PIB.FLU.R.CLP.2008.11.Z.Z.05.0.A,Servicios personales,05,Valparaíso,A,Cuentas Nacionales,"PIB actividad económica, V Región de Valparaíso, volumen a precios del año anterior encadenado, referencia 2008 (millones de pesos encadenados)",11,Servicios personales,f035_positional
F035.PIB.FLU.R.CLP.2008.12.Z.Z.05.0.A,Administración pública,05,Valparaíso,A,Cuentas Nacionales,"PIB actividad económica, V Región de Valparaíso, volumen a precios del año anterior encadenado, referencia 2008 (millones de pesos encadenados)",12,Administración pública,f035_positional
F035.PIB.FLU.R.CLP.2008.Z.Z.Z.05.0.A,V De Valparaíso,05,Valparaíso,A,Cuentas Nacionales,"Producto interno bruto por región, volumen a precios del año anterior encadenado, referencia 2008 (millones de pesos encadenados)",,,f035_positional
F035.PIB.FLU.R.CLP.2013.01.Z.Z.05.0.A,Agropecuario-silvícola,05,Valparaíso,A,Cuentas Nacionales,"PIB actividad económica, Región de Valparaíso, volumen a precios del año anterior encadenado, series empalmadas, referencia 2013 (miles de millones de pesos encadenados)",01,Agropecuario-silvícola,f035_positional
F035.PIB.FLU.R.CLP.2013.02.04.Z.05.0.A,Pesca,05,Valparaíso,A,Cuentas Nacionales,"PIB actividad económica, Región de Valparaíso, volumen a precios del año anterior encadenado, series empalmadas, referencia 2013 (miles de millones de pesos encadenados)",02,Pesca,f035_positional
F035.PIB.FLU.R.CLP.2013.03.Z.Z.05.0.A,Minería,05,Valparaíso,A,Cuentas Nacionales,"PIB actividad económica, Región de Valparaíso, volumen a precios del año anterior encadenado, series empalmadas, referencia 2013 (miles de millones de pesos encadenados)",03,Minería,f035_positional
F035.PIB.FLU.R.CLP.2013.04.Z.Z.05.0.A,Industria manufacturera,05,Valparaíso,A,Cuentas Nacionales,"PIB actividad económica, Región de Valparaíso, volumen a precios del año anterior encadenado, series empalmadas, referencia 2013 (miles de millones de pesos encadenados)",04,Industria,f035_positional
F035.PIB.FLU.R.CLP.2013.05.Z.Z.05.0.A,"Electricidad, gas, agua y gestión de desechos",05,Valparaíso,A,Cuentas Nacionales,"PIB actividad económica, Región de Valparaíso, volumen a precios del año anterior encadenado, series empalmadas, referencia 2013 (miles de millones de pesos encadenados)",05,"Electricidad, gas, agua y gestión de desechos",f035_positional
F035.PIB.FLU.R.CLP.2013.06.Z.Z.05.0.A,Construcción,05,Valparaíso,A,Cuentas Nacionales,"PIB actividad económica, Región de Valparaíso, volumen a precios del año anterior encadenado, series empalmadas, referencia 2013 (miles de millones de pesos encadenados)",06,Construcción,f035_positional
F035.PIB.FLU.R.CLP.2013.07.Z.Z.05.0.A,"Comercio, restaurantes y hoteles",05,Valparaíso,A,Cuentas Nacionales,"PIB actividad económica, Región de Valparaíso, volumen a precios del año anterior encadenado, series empalmadas, referencia 2013 (miles de millones de pesos encadenados)",07,"Comercio, restaurantes y hoteles",f035_positional
F035.PIB.FLU.R.CLP.2013.08.Z.Z.05.0.A,"Transporte, información y comunicaciones",05,Valparaíso,A,Cuentas Nacionales,"PIB actividad económica, Región de Valparaíso, volumen a precios del año anterior encadenado, series empalmadas, referencia 2013 (miles de millones de pesos encadenados)",08,"Transporte, información y comunicaciones",f035_positional
F035.PIB.FLU.R.CLP.2013.09.21.Z.05.0.A,Servicios financieros y empresariales,05,Valparaíso,A,Cuentas Nacionales,"PIB actividad económica, Región de Valparaíso, volumen a precios del año anterior encadenado, series empalmadas, referencia 2013 (miles de millones de pesos encadenados)",09,Servicios financieros y empresariales,f035_positional
F035.PIB.FLU.R.CLP.2013.10.Z.Z.05.0.A,Servicios de vivienda e inmobiliarios,05,Valparaíso,A,Cuentas Nacionales,"PIB actividad económica, Región de Valparaíso, volumen a precios del año anterior encadenado, series empalmadas, referencia 2013 (miles de millones de pesos encadenados)",10,Servicios de vivienda e inmobiliarios,f035_positional
F035.PIB.FLU.R.CLP.2013.11.Z.Z.05.0.A,Servicios personales,05,Valparaíso,A,Cuentas Nacionales,"PIB actividad económica, Región de Valparaíso, volumen a precios del año anterior encadenado, series empalmadas, referencia 2013 (miles de millones de pesos encadenados)",11,Servicios personales,f035_positional
F035.PIB.FLU.R.CLP.2013.12.Z.Z.05.0.A,Administración pública,05,Valparaíso,A,Cuentas Nacionales,"PIB actividad económica, Región de Valparaíso, volumen a precios del año anterior encadenado, series empalmadas, referencia 2013 (miles de millones de pesos encadenados)",12,Administración pública,f035_positional
F035.PIB.FLU.R.CLP.2013.Z.Z.Z.05.0.A,Región de Valparaíso,05,Valparaíso,A,Cuentas Nacionales,"Producto interno bruto por región, volumen a precios del año anterior encadenado, series empalmadas, referencia 2013 (miles de millones de pesos encadenados)",,,f035_positional
F035.PIB.FLU.R.CLP.2018.01.Z.Z.05.0.A,Agropecuario-silvícola,05,Valparaíso,A,Cuentas Nacionales,"PIB actividad económica, Región de Valparaíso, volumen a precios del año anterior encadenado, series empalmadas, referencia 2018 (miles de millones de pesos encadenados)",01,Agropecuario-silvícola,f035_positional
F035.PIB.FLU.R.CLP.2018.02.04.Z.05.0.A,Pesca,05,Valparaíso,A,Cuentas Nacionales,"PIB actividad económica, Región de Valparaíso, volumen a precios del año anterior encadenado, series empalmadas, referencia 2018 (miles de millones de pesos encadenados)",02,Pesca,f035_positional
F035.PIB.FLU.R.CLP.2018.03.Z.Z.05.0.A,Minería,05,Valparaíso,A,Cuentas Nacionales,"PIB actividad económica, Región de Valparaíso, volumen a precios del año anterior encadenado, series empalmadas, referencia 2018 (miles de millones de pesos encadenados)",03,Minería,f035_positional
F035.PIB.FLU.R.CLP.2018.04.Z.Z.05.0.A,Industria manufacturera,05,Valparaíso,A,Cuentas Nacionales,"PIB actividad económica, Región de Valparaíso, volumen a precios del año anterior encadenado, series empalmadas, referencia 2018 (miles de millones de pesos encadenados)",04,Industria,f035_positional
F035.PIB.FLU.R.CLP.2018.05.Z.Z.05.0.A,"Electricidad, gas, agua y gestión de desechos",05,Valparaíso,A,Cuentas Nacionales,"PIB actividad económica, Región de Valparaíso, volumen a precios del año anterior encadenado, series empalmadas, referencia 2018 (miles de millones de pesos encadenados)",05,"Electricidad, gas, agua y gestión de desechos",f035_positional
F035.PIB.FLU.R.CLP.2018.06.Z.Z.05.0.A,Construcción,05,Valparaíso,A,Cuentas Nacionales,"PIB actividad económica, Región de Valparaíso, volumen a precios del año anterior encadenado, series empalmadas, referencia 2018 (miles de millones de pesos encadenados)",06,Construcción,f035_positional
F035.PIB.FLU.R.CLP.2018.08.Z.Z.05.0.A,"Transporte, información y comunicaciones",05,Valparaíso,A,Cuentas Nacionales,"PIB actividad económica, Región de Valparaíso, volumen a precios del año anterior encadenado, series empalmadas, referencia 2018 (miles de millones de pesos encadenados)",08,"Transporte, información y comunicaciones",f035_positional
F035.PIB.FLU.R.CLP.2018.09.21.Z.05.0.A,Servicios financieros y empresariales,05,Valparaíso,A,Cuentas Nacionales,"PIB actividad económica, Región de Valparaíso, volumen a precios del año anterior encadenado, series empalmadas, referencia 2018 (miles de millones de pesos encadenados)",09,Servicios financieros y empresariales,f035_positional
F035.PIB.FLU.R.CLP.2018.10.Z.Z.05.0.A,Servicios de vivienda e inmobiliarios,05,Valparaíso,A,Cuentas Nacionales,"PIB actividad económica, Región de Valparaíso, volumen a precios del año anterior encadenado, series empalmadas, referencia 2018 (miles de millones de pesos encadenados)",10,Servicios de vivienda e inmobiliarios,f035_positional
F035.PIB.FLU.R.CLP.2018.11.Z.Z.05.0.A,Servicios personales,05,Valparaíso,A,Cuentas Nacionales,"PIB actividad económica, Región de Valparaíso, volumen a precios del año anterior encadenado, series empalmadas, referencia 2018 (miles de millones de pesos encadenados)",11,Servicios personales,f035_positional
F035.PIB.FLU.R.CLP.2018.12.Z.Z.05.0.A,Administración pública,05,Valparaíso,A,Cuentas Nacionales,"PIB actividad económica, Región de Valparaíso, volumen a precios del año anterior encadenado, series empalmadas, referencia 2018 (miles de millones de pesos encadenados)",12,Administración pública,f035_positional
F035.PIB.FLU.R.CLP.2018.COM.Z.Z.05.0.A,Comercio,05,Valparaíso,A,Cuentas Nacionales,"PIB actividad económica, Región de Valparaíso, volumen a precios del año anterior encadenado, series empalmadas, referencia 2018 (miles de millones de pesos encadenados)",COM,Comercio,f035_positional
F035.PIB.FLU.R.CLP.2018.RH.Z.Z.05.0.A,Restaurantes y hoteles,05,Valparaíso,A,Cuentas Nacionales,"PIB actividad económica, Región de Valparaíso, volumen a precios del año anterior encadenado, series empalmadas, referencia 2018 (miles de millones de pesos encadenados)",RH,Restaurantes y hoteles,f035_positional
F035.PIB.FLU.R.CLP.2018.Z.Z.Z.05.0.A,Producto interno bruto,05,Valparaíso,A,Cuentas Nacionales,"PIB actividad económica, Región de Valparaíso, volumen a precios del año anterior encadenado, series empalmadas, referencia 2018 (miles de millones de pesos encadenados)",,,f035_positional
F035.PIB.V12.R.CLP.2008.Z.Z.Z.05.0.A,V De Valparaíso,05,Valparaíso,A,Cuentas Nacionales,"Producto interno bruto por región, contribución porcentual respecto de igual periodo del año anterior, referencia 2008 .",,,f035_positional
F035.PIB.V12.R.CLP.2013.Z.Z.Z.05.0.A,Región de Valparaíso,05,Valparaíso,A,Cuentas Nacionales,"Producto interno bruto por región, contribución porcentual respecto de igual periodo del año anterior, series empalmadas, referencia 2013 .",,,f035_positional
F035.PIB.V12.R.CLP.2018.01.Z.Z.05.0.A,Agropecuario-silvícola,05,Valparaíso,A,Cuentas Nacionales,"PIB por actividad económica, Región de Valparaíso, contribución porcentual respecto de igual periodo del año anterior, series empalmadas, referencia 2018",01,Agropecuario-silvícola,f035_positional
F035.PIB.V12.R.CLP.2018.02.04.Z.05.0.A,Pesca,05,Valparaíso,A,Cuentas Nacionales,"PIB por actividad económica, Región de Valparaíso, contribución porcentual respecto de igual periodo del año anterior, series empalmadas, referencia 2018",02,Pesca,f035_positional
F035.PIB.V12.R.CLP.2018.03.Z.Z.05.0.A,Minería,05,Valparaíso,A,Cuentas Nacionales,"PIB por actividad económica, Región de Valparaíso, contribución porcentual respecto de igual periodo del año anterior, series empalmadas, referencia 2018",03,Minería,f035_positional
F035.PIB.V12.R.CLP.2018.04.Z.Z.05.0.A,Industria manufacturera,05,Valparaíso,A,Cuentas Nacionales,"PIB por actividad económica, Región de Valparaíso, contribución porcentual respecto de igual periodo del año anterior, series empalmadas, referencia 2018",04,Industria,f035_positional
F035.PIB.V12.R.CLP.2018.05.Z.Z.05.0.A,"Electricidad, gas, agua y gestión de desechos",05,Valparaíso,A,Cuentas Nacionales,"PIB por actividad económica, Región de Valparaíso, contribución porcentual respecto de igual periodo del año anterior, series empalmadas, referencia 2018",05,"Electricidad, gas, agua y gestión de desechos",f035_positional
F035.PIB.V12.R.CLP.2018.06.Z.Z.05.0.A,Construcción,05,Valparaíso,A,Cuentas Nacionales,"PIB por actividad económica, Región de Valparaíso, contribución porcentual respecto de igual periodo del año anterior, series empalmadas, referencia 2018",06,Construcción,f035_positional
F035.PIB.V12.R.CLP.2018.08.Z.Z.05.0.A,"Transporte, información y comunicaciones",05,Valparaíso,A,Cuentas Nacionales,"PIB por actividad económica, Región de Valparaíso, contribución porcentual respecto de igual periodo del año anterior, series empalmadas, referencia 2018",08,"Transporte, información y comunicaciones",f035_positional
F035.PIB.V12.R.CLP.2018.09.21.Z.05.0.A,Servicios financieros y empresariales,05,Valparaíso,A,Cuentas Nacionales,"PIB por actividad económica, Región de Valparaíso, contribución porcentual respecto de igual periodo del año anterior, series empalmadas, referencia 2018",09,Servicios financieros y empresariales,f035_positional
F035.PIB.V12.R.CLP.2018.10.Z.Z.05.0.A,Servicios de vivienda e inmobiliarios,05,Valparaíso,A,Cuentas Nacionales,"PIB por actividad económica, Región de Valparaíso, contribución porcentual respecto de igual periodo del año anterior, series empalmadas, referencia 2018",10,Servicios de vivienda e inmobiliarios,f035_positional
F035.PIB.V12.R.CLP.2018.11.Z.Z.05.0.A,Servicios personales,05,Valparaíso,A,Cuentas Nacionales,"PIB por actividad económica, Región de Valparaíso, contribución porcentual respecto de igual periodo del año anterior, series empalmadas, referencia 2018",11,Servicios personales,f035_positional
F035.PIB.V12.R.CLP.2018.12.Z.Z.05.0.A,Administración pública,05,Valparaíso,A,Cuentas Nacionales,"PIB por actividad económica, Región de Valparaíso, contribución porcentual respecto de igual periodo del año anterior, series empalmadas, referencia 2018",12,Administración pública,f035_positional
F035.PIB.V12.R.CLP.2018.COM.Z.Z.05.0.A,Comercio,05,Valparaíso,A,Cuentas Nacionales,"PIB por actividad económica, Región de Valparaíso, contribución porcentual respecto de igual periodo del año anterior, series empalmadas, referencia 2018",COM,Comercio,f035_positional
F035.PIB.V12.R.CLP.2018.CONT.Z.Z.05.0.A,Producto Interno Bruto,05,Valparaíso,A,Cuentas Nacionales,"PIB por actividad económica, Región de Valparaíso, contribución porcentual respecto de igual periodo del año anterior, series empalmadas, referencia 2018",CONT,PIB (contribución),f035_positional
F035.PIB.V12.R.CLP.2018.RH.Z.Z.05.0.A,Restaurantes y hoteles,05,Valparaíso,A,Cuentas Nacionales,"PIB por actividad económica, Región de Valparaíso, contribución porcentual respecto de igual periodo del año anterior, series empalmadas, referencia 2018",RH,Restaurantes y hoteles,f035_positional
F035.PIB.V12.R.CLP.2018.Z.Z.Z.05.0.A,Región de Valparaíso,05,Valparaíso,A,Cuentas Nacionales,"Producto interno bruto por región, contribución porcentual respecto de igual periodo del año anterior, series empalmadas, referencia 2018",,,f035_positional
F035.PIB.FLU.N.CLP.2008.01.Z.Z.06.0.A,Agropecuario-silvícola,06,O'Higgins,A,Cuentas Nacionales,"PIB por actividad económica,VI Región del Libertador General Bdo.O Higgins, precios corrientes, referencia 2008 (millones de pesos)",01,Agropecuario-silvícola,f035_positional
F035.PIB.FLU.N.CLP.2008.02.04.Z.06.0.A,Pesca,06,O'Higgins,A,Cuentas Nacionales,"PIB por actividad económica,VI Región del Libertador General Bdo.O Higgins, precios corrientes, referencia 2008 (millones de pesos)",02,Pesca,f035_positional
F035.PIB.FLU.N.CLP.2008.03.Z.Z.06.0.A,Minería,06,O'Higgins,A,Cuentas Nacionales,"PIB por actividad económica,VI Región del Libertador General Bdo.O Higgins, precios corrientes, referencia 2008 (millones de pesos)",03,Minería,f035_positional
F035.PIB.FLU.N.CLP.2008.04.Z.Z.06.0.A,Industria manufacturera,06,O'Higgins,A,Cuentas Nacionales,"PIB por actividad económica,VI Región del Libertador General Bdo.O Higgins, precios corrientes, referencia 2008 (millones de pesos)",04,Industria,f035_positional
F035.PIB.FLU.N.CLP.2008.05.Z.Z.06.0.A,"Electricidad, gas, agua y gestión de desechos",06,O'Higgins,A,Cuentas Nacionales,"PIB por actividad económica,VI Región del Libertador General Bdo.O Higgins, precios corrientes, referencia 2008 (millones de pesos)",05,"Electricidad, gas, agua y gestión de desechos",f035_positional
F035.PIB.FLU.N.CLP.2008.06.Z.Z.06.0.A,Construcción,06,O'Higgins,A,Cuentas Nacionales,"PIB por actividad económica,VI Región del Libertador General Bdo.O Higgins, precios corrientes, referencia 2008 (millones de pesos)",06,Construcción,f035_positional
F035.PIB.FLU.N.CLP.2008.07.Z.Z.06.0.A,"Comercio, restaurantes y hoteles",06,O'Higgins,A,Cuentas Nacionales,"PIB por actividad económica,VI Región del Libertador General Bdo.O Higgins, precios corrientes, referencia 2008 (millones de pesos)",07,"Comercio, restaurantes y hoteles",f035_positional
F035.PIB.FLU.N.CLP.2008.08.Z.Z.06.0.A,"Transportes, informacion y comunicaciones",06,O'Higgins,A,Cuentas Nacionales,"PIB por actividad económica,VI Región del Libertador General Bdo.O Higgins, precios corrientes, referencia 2008 (millones de pesos)",08,"Transporte, información y comunicaciones",f035_positional
F035.PIB.FLU.N.CLP.2008.09.21.Z.06.0.A,Servicios financieros y empresariales,06,O'Higgins,A,Cuentas Nacionales,"PIB por actividad económica,VI Región del Libertador General Bdo.O Higgins, precios corrientes, referencia 2008 (millones de pesos)",09,Servicios financieros y empresariales,f035_positional
F035.PIB.FLU.N.CLP.2008.10.Z.Z.06.0.A,Servicios de vivienda e inmobiliarios,06,O'Higgins,A,Cuentas Nacionales,"PIB por actividad económica,VI Región del Libertador General Bdo.O Higgins, precios corrientes, referencia 2008 (millones de pesos)",10,Servicios de vivienda e inmobiliarios,f035_positional
F035.PIB.FLU.N.CLP.2008.11.Z.Z.06.0.A,Servicios personales,06,O'Higgins,A,Cuentas Nacionales,"PIB por actividad económica,VI Región del Libertador General Bdo.O Higgins, precios corrientes, referencia 2008 (millones de pesos)",11,Servicios personales,f035_positional
F035.PIB.FLU.N.CLP.2008.12.Z.Z.06.0.A,Administración pública,06,O'Higgins,A,Cuentas Nacionales,"PIB por actividad económica,VI Región del Libertador General Bdo.O Higgins, precios corrientes, referencia 2008 (millones de pesos)",12,Administración pública,f035_positional
F035.PIB.FLU.N.CLP.2008.Z.Z.Z.06.0.A,VI Del Libertador General Bernardo OHiggins,06,O'Higgins,A,Cuentas Nacionales,"Producto interno bruto por región, precios corrientes, referencia 2008 (millones de pesos)",,,f035_positional
F035.PIB.FLU.N.CLP.2013.01.Z.Z.06.0.A,Agropecuario-silvícola,06,O'Higgins,A,Cuentas Nacionales,"PIB por actividad económica, Región del Libertador General Bdo.O Higgins, precios corrientes,  series empalmadas, referencia 2013 (miles de millones de pesos)",01,Agropecuario-silvícola,f035_positional
F035.PIB.FLU.N.CLP.2013.02.04.Z.06.0.A,Pesca,06,O'Higgins,A,Cuentas Nacionales,"PIB por actividad económica, Región del Libertador General Bdo.O Higgins, precios corrientes,  series empalmadas, referencia 2013 (miles de millones de pesos)",02,Pesca,f035_positional
F035.PIB.FLU.N.CLP.2013.03.Z.Z.06.0.A,Minería,06,O'Higgins,A,Cuentas Nacionales,"PIB por actividad económica, Región del Libertador General Bdo.O Higgins, precios corrientes,  series empalmadas, referencia 2013 (miles de millones de pesos)",03,Minería,f035_positional
F035.PIB.FLU.N.CLP.2013.04.Z.Z.06.0.A,Industria manufacturera,06,O'Higgins,A,Cuentas Nacionales,"PIB por actividad económica, Región del Libertador General Bdo.O Higgins, precios corrientes,  series empalmadas, referencia 2013 (miles de millones de pesos)",04,Industria,f035_positional
F035.PIB.FLU.N.CLP.2013.05.Z.Z.06.0.A,"Electricidad, gas, agua y gestión de desechos",06,O'Higgins,A,Cuentas Nacionales,"PIB por actividad económica, Región del Libertador General Bdo.O Higgins, precios corrientes,  series empalmadas, referencia 2013 (miles de millones de pesos)",05,"Electricidad, gas, agua y gestión de desechos",f035_positional
F035.PIB.FLU.N.CLP.2013.06.Z.Z.06.0.A,Construcción,06,O'Higgins,A,Cuentas Nacionales,"PIB por actividad económica, Región del Libertador General Bdo.O Higgins, precios corrientes,  series empalmadas, referencia 2013 (miles de millones de pesos)",06,Construcción,f035_positional
F035.PIB.FLU.N.CLP.2013.07.Z.Z.06.0.A,"Comercio, restaurantes y hoteles",06,O'Higgins,A,Cuentas Nacionales,"PIB por actividad económica, Región del Libertador General Bdo.O Higgins, precios corrientes,  series empalmadas, referencia 2013 (miles de millones de pesos)",07,"Comercio, restaurantes y hoteles",f035_positional
F035.PIB.FLU.N.CLP.2013.08.Z.Z.06.0.A,"Transporte, información y comunicaciones",06,O'Higgins,A,Cuentas Nacionales,"PIB por actividad económica, Región del Libertador General Bdo.O Higgins, precios corrientes,  series empalmadas, referencia 2013 (miles de millones de pesos)",08,"Transporte, información y comunicaciones",f035_positional
F035.PIB.FLU.N.CLP.2013.09.21.Z.06.0.A,Servicios financieros y empresariales,06,O'Higgins,A,Cuentas Nacionales,"PIB por actividad económica, Región del Libertador General Bdo.O Higgins, precios corrientes,  series empalmadas, referencia 2013 (miles de millones de pesos)",09,Servicios financieros y empresariales,f035_positional
F035.PIB.FLU.N.CLP.2013.10.Z.Z.06.0.A,Servicios de vivienda e inmobiliarios,06,O'Higgins,A,Cuentas Nacionales,"PIB por actividad económica, Región del Libertador General Bdo.O Higgins, precios corrientes,  series empalmadas, referencia 2013 (miles de millones de pesos)",10,Servicios de vivienda e inmobiliarios,f035_positional
F035.PIB.FLU.N.CLP.2013.11.Z.Z.06.0.A,Servicios personales,06,O'Higgins,A,Cuentas Nacionales,"PIB por actividad económica, Región del Libertador General Bdo.O Higgins, precios corrientes,  series empalmadas, referencia 2013 (miles de millones de pesos)",11,Servicios personales,f035_positional
F035.PIB.FLU.N.CLP.2013.12.Z.Z.06.0.A,Administración pública,06,O'Higgins,A,Cuentas Nacionales,"PIB por actividad económica, Región del Libertador General Bdo.O Higgins, precios corrientes,  series empalmadas, referencia 2013 (miles de millones de pesos)",12,Administración pública,f035_positional
F035.PIB.FLU.N.CLP.2013.Z.Z.Z.06.0.A,Región del Libertador General Bernardo OHiggins,06,O'Higgins,A,Cuentas Nacionales,"Producto interno bruto por región, precios corrientes, series empalmadas, referencia 2013 (miles de millones de pesos)",,,f035_positional
F035.PIB.FLU.N.CLP.2018.01.Z.Z.06.0.A,Agropecuario-silvícola,06,O'Higgins,A,Cuentas Nacionales,"PIB por actividad económica, Región del Libertador General Bernardo O Higgins, precios corrientes,  series empalmadas, referencia 2018 (miles de millones de pesos)",01,Agropecuario-silvícola,f035_positional
F035.PIB.FLU.N.CLP.2018.02.04.Z.06.0.A,Pesca,06,O'Higgins,A,Cuentas Nacionales,"PIB por actividad económica, Región del Libertador General Bernardo O Higgins, precios corrientes,  series empalmadas, referencia 2018 (miles de millones de pesos)",02,Pesca,f035_positional
F035.PIB.FLU.N.CLP.2018.03.Z.Z.06.0.A,Minería,06,O'Higgins,A,Cuentas Nacionales,"PIB por actividad económica, Región del Libertador General Bernardo O Higgins, precios corrientes,  series empalmadas, referencia 2018 (miles de millones de pesos)",03,Minería,f035_positional
F035.PIB.FLU.N.CLP.2018.04.Z.Z.06.0.A,Industria manufacturera,06,O'Higgins,A,Cuentas Nacionales,"PIB por actividad económica, Región del Libertador General Bernardo O Higgins, precios corrientes,  series empalmadas, referencia 2018 (miles de millones de pesos)",04,Industria,f035_positional
F035.PIB.FLU.N.CLP.2018.05.Z.Z.06.0.A,"Electricidad, gas, agua y gestión de desechos",06,O'Higgins,A,Cuentas Nacionales,"PIB por actividad económica, Región del Libertador General Bernardo O Higgins, precios corrientes,  series empalmadas, referencia 2018 (miles de millones de pesos)",05,"Electricidad, gas, agua y gestión de desechos",f035_positional
F035.PIB.FLU.N.CLP.2018.06.Z.Z.06.0.A,Construcción,06,O'Higgins,A,Cuentas Nacionales,"PIB por actividad económica, Región del Libertador General Bernardo O Higgins, precios corrientes,  series empalmadas, referencia 2018 (miles de millones de pesos)",06,Construcción,f035_positional
F035.PIB.FLU.N.CLP.2018.08.Z.Z.06.0.A,"Transporte, información y comunicaciones",06,O'Higgins,A,Cuentas Nacionales,"PIB por actividad económica, Región del Libertador General Bernardo O Higgins, precios corrientes,  series empalmadas, referencia 2018 (miles de millones de pesos)",08,"Transporte, información y comunicaciones",f035_positional
F035.PIB.FLU.N.CLP.2018.09.21.Z.06.0.A,Servicios financieros y empresariales,06,O'Higgins,A,Cuentas Nacionales,"PIB por actividad económica, Región del Libertador General Bernardo O Higgins, precios corrientes,  series empalmadas, referencia 2018 (miles de millones de pesos)",09,Servicios financieros y empresariales,f035_positional
F035.PIB.FLU.N.CLP.2018.10.Z.Z.06.0.A,Servicios de vivienda e inmobiliarios,06,O'Higgins,A,Cuentas Nacionales,"PIB por actividad económica, Región del Libertador General Bernardo O Higgins, precios corrientes,  series empalmadas, referencia 2018 (miles de millones de pesos)",10,Servicios de vivienda e inmobiliarios,f035_positional
F035.PIB.FLU.N.CLP.2018.11.Z.Z.06.0.A,Servicios personales,06,O'Higgins,A,Cuentas Nacionales,"PIB por actividad económica, Región del Libertador General Bernardo O Higgins, precios corrientes,  series empalmadas, referencia 2018 (miles de millones de pesos)",11,Servicios personales,f035_positional
F035.PIB.FLU.N.CLP.2018.12.Z.Z.06.0.A,Administración pública,06,O'Higgins,A,Cuentas Nacionales,"PIB por actividad económica, Región del Libertador General Bernardo O Higgins, precios corrientes,  series empalmadas, referencia 2018 (miles de millones de pesos)",12,Administración pública,f035_positional
F035.PIB.FLU.N.CLP.2018.COM.Z.Z.06.0.A,Comercio,06,O'Higgins,A,Cuentas Nacionales,"PIB por actividad económica, Región del Libertador General Bernardo O Higgins, precios corrientes,  series empalmadas, referencia 2018 (miles de millones de pesos)",COM,Comercio,f035_positional
F035.PIB.FLU.N.CLP.2018.RH.Z.Z.06.0.A,Restaurantes y hoteles,06,O'Higgins,A,Cuentas Nacionales,"PIB por actividad económica, Región del Libertador General Bernardo O Higgins, precios corrientes,  series empalmadas, referencia 2018 (miles de millones de pesos)",RH,Restaurantes y hoteles,f035_positional
F035.PIB.FLU.N.CLP.2018.Z.Z.Z.06.0.A,Región del Libertador General Bernardo OHiggins,06,O'Higgins,A,Cuentas Nacionales,"Producto interno bruto por región, precios corrientes, series empalmadas, referencia 2018 (miles de millones de pesos)",,,f035_positional
F035.PIB.FLU.R.CLP.1986.01.Z.Z.06.0.A,Agropecuario-silvícola,06,O'Higgins,A,Cuentas Nacionales,"PIB por clase de actividad económica, VI Región del Libertador General Bernardo O Higgins, base 1986 (millones de pesos)",01,Agropecuario-silvícola,f035_positional
F035.PIB.FLU.R.CLP.1986.02.04.Z.06.0.A,Pesca,06,O'Higgins,A,Cuentas Nacionales,"PIB por clase de actividad económica, VI Región del Libertador General Bernardo O Higgins, base 1986 (millones de pesos)",02,Pesca,f035_positional
F035.PIB.FLU.R.CLP.1986.03.Z.Z.06.0.A,Minería,06,O'Higgins,A,Cuentas Nacionales,"PIB por clase de actividad económica, VI Región del Libertador General Bernardo O Higgins, base 1986 (millones de pesos)",03,Minería,f035_positional
F035.PIB.FLU.R.CLP.1986.04.Z.Z.06.0.A,Industria manufacturera,06,O'Higgins,A,Cuentas Nacionales,"PIB por clase de actividad económica, VI Región del Libertador General Bernardo O Higgins, base 1986 (millones de pesos)",04,Industria,f035_positional
F035.PIB.FLU.R.CLP.1986.05.Z.Z.06.0.A,"Electricidad, gas y agua",06,O'Higgins,A,Cuentas Nacionales,"PIB por clase de actividad económica, VI Región del Libertador General Bernardo O Higgins, base 1986 (millones de pesos)",05,"Electricidad, gas, agua y gestión de desechos",f035_positional
F035.PIB.FLU.R.CLP.1986.06.Z.Z.06.0.A,Construcción,06,O'Higgins,A,Cuentas Nacionales,"PIB por clase de actividad económica, VI Región del Libertador General Bernardo O Higgins, base 1986 (millones de pesos)",06,Construcción,f035_positional
F035.PIB.FLU.R.CLP.1986.07.Z.Z.06.0.A,"Comercio, restaurantes y hoteles",06,O'Higgins,A,Cuentas Nacionales,"PIB por clase de actividad económica, VI Región del Libertador General Bernardo O Higgins, base 1986 (millones de pesos)",07,"Comercio, restaurantes y hoteles",f035_positional
F035.PIB.FLU.R.CLP.1986.08.Z.Z.06.0.A,Transportes y comunicaciones,06,O'Higgins,A,Cuentas Nacionales,"PIB por clase de actividad económica, VI Región del Libertador General Bernardo O Higgins, base 1986 (millones de pesos)",08,"Transporte, información y comunicaciones",f035_positional
F035.PIB.FLU.R.CLP.1986.09.21.27.06.0.A,Servicios financieros,06,O'Higgins,A,Cuentas Nacionales,"PIB por clase de actividad económica, VI Región del Libertador General Bernardo O Higgins, base 1986 (millones de pesos)",09,Servicios financieros y empresariales,f035_positional
F035.PIB.FLU.R.CLP.1986.10.Z.Z.06.0.A,Propiedad de vivienda,06,O'Higgins,A,Cuentas Nacionales,"PIB por clase de actividad económica, VI Región del Libertador General Bernardo O Higgins, base 1986 (millones de pesos)",10,Servicios de vivienda e inmobiliarios,f035_positional
F035.PIB.FLU.R.CLP.1986.11.Z.Z.06.0.A,Servicios personales,06,O'Higgins,A,Cuentas Nacionales,"PIB por clase de actividad económica, VI Región del Libertador General Bernardo O Higgins, base 1986 (millones de pesos)",11,Servicios personales,f035_positional
F035.PIB.FLU.R.CLP.1986.12.Z.Z.06.0.A,Administración pública,06,O'Higgins,A,Cuentas Nacionales,"PIB por clase de actividad económica, VI Región del Libertador General Bernardo O Higgins, base 1986 (millones de pesos)",12,Administración pública,f035_positional
F035.PIB.FLU.R.CLP.1986.Z.Z.Z.06.0.A,VI Del Libertador General Bernardo OHiggins,06,O'Higgins,A,Cuentas Nacionales,"Producto interno bruto por región, a precios constantes, base 1986 (millones de pesos)",,,f035_positional
F035.PIB.FLU.R.CLP.1996.01.Z.Z.06.0.A,Agropecuario-silvícola,06,O'Higgins,A,Cuentas Nacionales,"PIB por actividad económica, VI Región del Libertador General Bdo.O Higgins, base 1996 ( millones de pesos)",01,Agropecuario-silvícola,f035_positional
F035.PIB.FLU.R.CLP.1996.02.04.Z.06.0.A,Pesca,06,O'Higgins,A,Cuentas Nacionales,"PIB por actividad económica, VI Región del Libertador General Bdo.O Higgins, base 1996 ( millones de pesos)",02,Pesca,f035_positional
F035.PIB.FLU.R.CLP.1996.03.Z.Z.06.0.A,Minería,06,O'Higgins,A,Cuentas Nacionales,"PIB por actividad económica, VI Región del Libertador General Bdo.O Higgins, base 1996 ( millones de pesos)",03,Minería,f035_positional
F035.PIB.FLU.R.CLP.1996.04.Z.Z.06.0.A,Industria manufacturera,06,O'Higgins,A,Cuentas Nacionales,"PIB por actividad económica, VI Región del Libertador General Bdo.O Higgins, base 1996 ( millones de pesos)",04,Industria,f035_positional
F035.PIB.FLU.R.CLP.1996.05.Z.Z.06.0.A,"Electricidad, gas y agua",06,O'Higgins,A,Cuentas Nacionales,"PIB por actividad económica, VI Región del Libertador General Bdo.O Higgins, base 1996 ( millones de pesos)",05,"Electricidad, gas, agua y gestión de desechos",f035_positional
F035.PIB.FLU.R.CLP.1996.06.Z.Z.06.0.A,Construcción,06,O'Higgins,A,Cuentas Nacionales,"PIB por actividad económica, VI Región del Libertador General Bdo.O Higgins, base 1996 ( millones de pesos)",06,Construcción,f035_positional
F035.PIB.FLU.R.CLP.1996.07.Z.Z.06.0.A,"Comercio, restaurantes y hoteles",06,O'Higgins,A,Cuentas Nacionales,"PIB por actividad económica, VI Región del Libertador General Bdo.O Higgins, base 1996 ( millones de pesos)",07,"Comercio, restaurantes y hoteles",f035_positional
F035.PIB.FLU.R.CLP.1996.08.Z.Z.06.0.A,Transportes y comunicaciones,06,O'Higgins,A,Cuentas Nacionales,"PIB por actividad económica, VI Región del Libertador General Bdo.O Higgins, base 1996 ( millones de pesos)",08,"Transporte, información y comunicaciones",f035_positional
F035.PIB.FLU.R.CLP.1996.09.21.Z.06.0.A,Servicios financieros y empresariales,06,O'Higgins,A,Cuentas Nacionales,"PIB por actividad económica, VI Región del Libertador General Bdo.O Higgins, base 1996 ( millones de pesos)",09,Servicios financieros y empresariales,f035_positional
F035.PIB.FLU.R.CLP.1996.10.Z.Z.06.0.A,Propiedad de vivienda,06,O'Higgins,A,Cuentas Nacionales,"PIB por actividad económica, VI Región del Libertador General Bdo.O Higgins, base 1996 ( millones de pesos)",10,Servicios de vivienda e inmobiliarios,f035_positional
F035.PIB.FLU.R.CLP.1996.11.Z.Z.06.0.A,Servicios personales,06,O'Higgins,A,Cuentas Nacionales,"PIB por actividad económica, VI Región del Libertador General Bdo.O Higgins, base 1996 ( millones de pesos)",11,Servicios personales,f035_positional
F035.PIB.FLU.R.CLP.1996.12.Z.Z.06.0.A,Administración pública,06,O'Higgins,A,Cuentas Nacionales,"PIB por actividad económica, VI Región del Libertador General Bdo.O Higgins, base 1996 ( millones de pesos)",12,Administración pública,f035_positional
F035.PIB.FLU.R.CLP.1996.Z.Z.Z.06.0.A,VI Del Libertador General Bernardo OHiggins,06,O'Higgins,A,Cuentas Nacionales,"Producto interno bruto por región, a precios constantes, base 1996 ( millones de pesos)",,,f035_positional
F035.PIB.FLU.R.CLP.2003.01.Z.Z.06.0.A,Agropecuario-silvícola,06,O'Higgins,A,Cuentas Nacionales,"PIB por actividad económica, VI Región del Libertador General Bdo.O Higgins, base 2003 ( millones de pesos)",01,Agropecuario-silvícola,f035_positional
F035.PIB.FLU.R.CLP.2003.02.04.Z.06.0.A,Pesca,06,O'Higgins,A,Cuentas Nacionales,"PIB por actividad económica, VI Región del Libertador General Bdo.O Higgins, base 2003 ( millones de pesos)",02,Pesca,f035_positional
F035.PIB.FLU.R.CLP.2003.03.Z.Z.06.0.A,Minería,06,O'Higgins,A,Cuentas Nacionales,"PIB por actividad económica, VI Región del Libertador General Bdo.O Higgins, base 2003 ( millones de pesos)",03,Minería,f035_positional
F035.PIB.FLU.R.CLP.2003.04.Z.Z.06.0.A,Industria manufacturera,06,O'Higgins,A,Cuentas Nacionales,"PIB por actividad económica, VI Región del Libertador General Bdo.O Higgins, base 2003 ( millones de pesos)",04,Industria,f035_positional
F035.PIB.FLU.R.CLP.2003.05.Z.Z.06.0.A,"Electricidad, gas y agua",06,O'Higgins,A,Cuentas Nacionales,"PIB por actividad económica, VI Región del Libertador General Bdo.O Higgins, base 2003 ( millones de pesos)",05,"Electricidad, gas, agua y gestión de desechos",f035_positional
F035.PIB.FLU.R.CLP.2003.06.Z.Z.06.0.A,Construcción,06,O'Higgins,A,Cuentas Nacionales,"PIB por actividad económica, VI Región del Libertador General Bdo.O Higgins, base 2003 ( millones de pesos)",06,Construcción,f035_positional
F035.PIB.FLU.R.CLP.2003.07.Z.Z.06.0.A,"Comercio, restaurantes y hoteles",06,O'Higgins,A,Cuentas Nacionales,"PIB por actividad económica, VI Región del Libertador General Bdo.O Higgins, base 2003 ( millones de pesos)",07,"Comercio, restaurantes y hoteles",f035_positional
F035.PIB.FLU.R.CLP.2003.08.Z.Z.06.0.A,Transportes y comunicaciones,06,O'Higgins,A,Cuentas Nacionales,"PIB por actividad económica, VI Región del Libertador General Bdo.O Higgins, base 2003 ( millones de pesos)",08,"Transporte, información y comunicaciones",f035_positional
F035.PIB.FLU.R.CLP.2003.09.21.Z.06.0.A,Servicios financieros y empresariales,06,O'Higgins,A,Cuentas Nacionales,"PIB por actividad económica, VI Región del Libertador General Bdo.O Higgins, base 2003 ( millones de pesos)",09,Servicios financieros y empresariales,f035_positional
F035.PIB.FLU.R.CLP.2003.10.Z.Z.06.0.A,Propiedad de vivienda,06,O'Higgins,A,Cuentas Nacionales,"PIB por actividad económica, VI Región del Libertador General Bdo.O Higgins, base 2003 ( millones de pesos)",10,Servicios de vivienda e inmobiliarios,f035_positional
F035.PIB.FLU.R.CLP.2003.11.Z.Z.06.0.A,Servicios personales,06,O'Higgins,A,Cuentas Nacionales,"PIB por actividad económica, VI Región del Libertador General Bdo.O Higgins, base 2003 ( millones de pesos)",11,Servicios personales,f035_positional
F035.PIB.FLU.R.CLP.2003.12.Z.Z.06.0.A,Administración pública,06,O'Higgins,A,Cuentas Nacionales,"PIB por actividad económica, VI Región del Libertador General Bdo.O Higgins, base 2003 ( millones de pesos)",12,Administración pública,f035_positional
F035.PIB.FLU.R.CLP.2003.Z.Z.Z.06.0.A,VI Del Libertador General Bernardo OHiggins,06,O'Higgins,A,Cuentas Nacionales,"Producto interno bruto por región, a precios constantes, base 2003 ( millones de pesos)",,,f035_positional
F035.PIB.FLU.R.CLP.2008.01.Z.Z.06.0.A,Agropecuario-silvícola,06,O'Higgins,A,Cuentas Nacionales,"PIB por actividad económica, VI Región del Libertador General Bdo.O Higgins, volumen a precios del año anterior encadenado, referencia 2008 (millones de pesos encadenados)",01,Agropecuario-silvícola,f035_positional
F035.PIB.FLU.R.CLP.2008.02.04.Z.06.0.A,Pesca,06,O'Higgins,A,Cuentas Nacionales,"PIB por actividad económica, VI Región del Libertador General Bdo.O Higgins, volumen a precios del año anterior encadenado, referencia 2008 (millones de pesos encadenados)",02,Pesca,f035_positional
F035.PIB.FLU.R.CLP.2008.03.Z.Z.06.0.A,Minería,06,O'Higgins,A,Cuentas Nacionales,"PIB por actividad económica, VI Región del Libertador General Bdo.O Higgins, volumen a precios del año anterior encadenado, referencia 2008 (millones de pesos encadenados)",03,Minería,f035_positional
F035.PIB.FLU.R.CLP.2008.04.Z.Z.06.0.A,Industria manufacturera,06,O'Higgins,A,Cuentas Nacionales,"PIB por actividad económica, VI Región del Libertador General Bdo.O Higgins, volumen a precios del año anterior encadenado, referencia 2008 (millones de pesos encadenados)",04,Industria,f035_positional
F035.PIB.FLU.R.CLP.2008.05.Z.Z.06.0.A,"Electricidad, gas y agua",06,O'Higgins,A,Cuentas Nacionales,"PIB por actividad económica, VI Región del Libertador General Bdo.O Higgins, volumen a precios del año anterior encadenado, referencia 2008 (millones de pesos encadenados)",05,"Electricidad, gas, agua y gestión de desechos",f035_positional
F035.PIB.FLU.R.CLP.2008.06.Z.Z.06.0.A,Construcción,06,O'Higgins,A,Cuentas Nacionales,"PIB por actividad económica, VI Región del Libertador General Bdo.O Higgins, volumen a precios del año anterior encadenado, referencia 2008 (millones de pesos encadenados)",06,Construcción,f035_positional
F035.PIB.FLU.R.CLP.2008.07.Z.Z.06.0.A,"Comercio, restaurantes y hoteles",06,O'Higgins,A,Cuentas Nacionales,"PIB por actividad económica, VI Región del Libertador General Bdo.O Higgins, volumen a precios del año anterior encadenado, referencia 2008 (millones de pesos encadenados)",07,"Comercio, restaurantes y hoteles",f035_positional
F035.PIB.FLU.R.CLP.2008.08.Z.Z.06.0.A,Transportes y comunicaciones,06,O'Higgins,A,Cuentas Nacionales,"PIB por actividad económica, VI Región del Libertador General Bdo.O Higgins, volumen a precios del año anterior encadenado, referencia 2008 (millones de pesos encadenados)",08,"Transporte, información y comunicaciones",f035_positional
F035.PIB.FLU.R.CLP.2008.09.21.Z.06.0.A,Servicios financieros y empresariales,06,O'Higgins,A,Cuentas Nacionales,"PIB por actividad económica, VI Región del Libertador General Bdo.O Higgins, volumen a precios del año anterior encadenado, referencia 2008 (millones de pesos encadenados)",09,Servicios financieros y empresariales,f035_positional
F035.PIB.FLU.R.CLP.2008.10.Z.Z.06.0.A,Propiedad de vivienda,06,O'Higgins,A,Cuentas Nacionales,"PIB por actividad económica, VI Región del Libertador General Bdo.O Higgins, volumen a precios del año anterior encadenado, referencia 2008 (millones de pesos encadenados)",10,Servicios de vivienda e inmobiliarios,f035_positional
F035.PIB.FLU.R.CLP.2008.11.Z.Z.06.0.A,Servicios personales,06,O'Higgins,A,Cuentas Nacionales,"PIB por actividad económica, VI Región del Libertador General Bdo.O Higgins, volumen a precios del año anterior encadenado, referencia 2008 (millones de pesos encadenados)",11,Servicios personales,f035_positional
F035.PIB.FLU.R.CLP.2008.12.Z.Z.06.0.A,Administración pública,06,O'Higgins,A,Cuentas Nacionales,"PIB por actividad económica, VI Región del Libertador General Bdo.O Higgins, volumen a precios del año anterior encadenado, referencia 2008 (millones de pesos encadenados)",12,Administración pública,f035_positional
F035.PIB.FLU.R.CLP.2008.Z.Z.Z.06.0.A,VI Del Libertador General Bernardo OHiggins,06,O'Higgins,A,Cuentas Nacionales,"Producto interno bruto por región, volumen a precios del año anterior encadenado, referencia 2008 (millones de pesos encadenados)",,,f035_positional
F035.PIB.FLU.R.CLP.2013.01.Z.Z.06.0.A,Agropecuario-silvícola,06,O'Higgins,A,Cuentas Nacionales,"PIB por actividad económica, Región del Libertador General Bdo.O Higgins, volumen a precios del año anterior encadenado, series empalmadas, referencia 2013 (miles de millones de pesos encadenados)",01,Agropecuario-silvícola,f035_positional
F035.PIB.FLU.R.CLP.2013.02.04.Z.06.0.A,Pesca,06,O'Higgins,A,Cuentas Nacionales,"PIB por actividad económica, Región del Libertador General Bdo.O Higgins, volumen a precios del año anterior encadenado, series empalmadas, referencia 2013 (miles de millones de pesos encadenados)",02,Pesca,f035_positional
F035.PIB.FLU.R.CLP.2013.03.Z.Z.06.0.A,Minería,06,O'Higgins,A,Cuentas Nacionales,"PIB por actividad económica, Región del Libertador General Bdo.O Higgins, volumen a precios del año anterior encadenado, series empalmadas, referencia 2013 (miles de millones de pesos encadenados)",03,Minería,f035_positional
F035.PIB.FLU.R.CLP.2013.04.Z.Z.06.0.A,Industria manufacturera,06,O'Higgins,A,Cuentas Nacionales,"PIB por actividad económica, Región del Libertador General Bdo.O Higgins, volumen a precios del año anterior encadenado, series empalmadas, referencia 2013 (miles de millones de pesos encadenados)",04,Industria,f035_positional
F035.PIB.FLU.R.CLP.2013.05.Z.Z.06.0.A,"Electricidad, gas, agua y gestión de desechos",06,O'Higgins,A,Cuentas Nacionales,"PIB por actividad económica, Región del Libertador General Bdo.O Higgins, volumen a precios del año anterior encadenado, series empalmadas, referencia 2013 (miles de millones de pesos encadenados)",05,"Electricidad, gas, agua y gestión de desechos",f035_positional
F035.PIB.FLU.R.CLP.2013.06.Z.Z.06.0.A,Construcción,06,O'Higgins,A,Cuentas Nacionales,"PIB por actividad económica, Región del Libertador General Bdo.O Higgins, volumen a precios del año anterior encadenado, series empalmadas, referencia 2013 (miles de millones de pesos encadenados)",06,Construcción,f035_positional
F035.PIB.FLU.R.CLP.2013.07.Z.Z.06.0.A,"Comercio, restaurantes y hoteles",06,O'Higgins,A,Cuentas Nacionales,"PIB por actividad económica, Región del Libertador General Bdo.O Higgins, volumen a precios del año anterior encadenado, series empalmadas, referencia 2013 (miles de millones de pesos encadenados)",07,"Comercio, restaurantes y hoteles",f035_positional
F035.PIB.FLU.R.CLP.2013.08.Z.Z.06.0.A,"Transporte, información y comunicaciones",06,O'Higgins,A,Cuentas Nacionales,"PIB por actividad económica, Región del Libertador General Bdo.O Higgins, volumen a precios del año anterior encadenado, series empalmadas, referencia 2013 (miles de millones de pesos encadenados)",08,"Transporte, información y comunicaciones",f035_positional
F035.PIB.FLU.R.CLP.2013.09.21.Z.06.0.A,Servicios financieros y empresariales,06,O'Higgins,A,Cuentas Nacionales,"PIB por actividad económica, Región del Libertador General Bdo.O Higgins, volumen a precios del año anterior encadenado, series empalmadas, referencia 2013 (miles de millones de pesos encadenados)",09,Servicios financieros y empresariales,f035_positional
F035.PIB.FLU.R.CLP.2013.10.Z.Z.06.0.A,Servicios de vivienda e inmobiliarios,06,O'Higgins,A,Cuentas Nacionales,"PIB por actividad económica, Región del Libertador General Bdo.O Higgins, volumen a precios del año anterior encadenado, series empalmadas, referencia 2013 (miles de millones de pesos encadenados)",10,Servicios de vivienda e inmobiliarios,f035_positional
F035.PIB.FLU.R.CLP.2013.11.Z.Z.06.0.A,Servicios personales,06,O'Higgins,A,Cuentas Nacionales,"PIB por actividad económica, Región del Libertador General Bdo.O Higgins, volumen a precios del año anterior encadenado, series empalmadas, referencia 2013 (miles de millones de pesos encadenados)",11,Servicios personales,f035_positional
F035.PIB.FLU.R.CLP.2013.12.Z.Z.06.0.A,Administración pública,06,O'Higgins,A,Cuentas Nacionales,"PIB por actividad económica, Región del Libertador General Bdo.O Higgins, volumen a precios del año anterior encadenado, series empalmadas, referencia 2013 (miles de millones de pesos encadenados)",12,Administración pública,f035_positional
F035.PIB.FLU.R.CLP.2013.Z.Z.Z.06.0.A,Región del Libertador General Bernardo OHiggins,06,O'Higgins,A,Cuentas Nacionales,"Producto interno bruto por región, volumen a precios del año anterior encadenado, series empalmadas, referencia 2013 (miles de millones de pesos encadenados)",,,f035_positional
F035.PIB.FLU.R.CLP.2018.01.Z.Z.06.0.A,Agropecuario-silvícola,06,O'Higgins,A,Cuentas Nacionales,"PIB por actividad económica, Región del Libertador General Bernardo O Higgins, volumen a precios del año anterior encadenado, series empalmadas, referencia 2018 (miles de millones de pesos encadenados)",01,Agropecuario-silvícola,f035_positional
F035.PIB.FLU.R.CLP.2018.02.04.Z.06.0.A,Pesca,06,O'Higgins,A,Cuentas Nacionales,"PIB por actividad económica, Región del Libertador General Bernardo O Higgins, volumen a precios del año anterior encadenado, series empalmadas, referencia 2018 (miles de millones de pesos encadenados)",02,Pesca,f035_positional
F035.PIB.FLU.R.CLP.2018.03.Z.Z.06.0.A,Minería,06,O'Higgins,A,Cuentas Nacionales,"PIB por actividad económica, Región del Libertador General Bernardo O Higgins, volumen a precios del año anterior encadenado, series empalmadas, referencia 2018 (miles de millones de pesos encadenados)",03,Minería,f035_positional
F035.PIB.FLU.R.CLP.2018.04.Z.Z.06.0.A,Industria manufacturera,06,O'Higgins,A,Cuentas Nacionales,"PIB por actividad económica, Región del Libertador General Bernardo O Higgins, volumen a precios del año anterior encadenado, series empalmadas, referencia 2018 (miles de millones de pesos encadenados)",04,Industria,f035_positional
F035.PIB.FLU.R.CLP.2018.05.Z.Z.06.0.A,"Electricidad, gas, agua y gestión de desechos",06,O'Higgins,A,Cuentas Nacionales,"PIB por actividad económica, Región del Libertador General Bernardo O Higgins, volumen a precios del año anterior encadenado, series empalmadas, referencia 2018 (miles de millones de pesos encadenados)",05,"Electricidad, gas, agua y gestión de desechos",f035_positional
F035.PIB.FLU.R.CLP.2018.06.Z.Z.06.0.A,Construcción,06,O'Higgins,A,Cuentas Nacionales,"PIB por actividad económica, Región del Libertador General Bernardo O Higgins, volumen a precios del año anterior encadenado, series empalmadas, referencia 2018 (miles de millones de pesos encadenados)",06,Construcción,f035_positional
F035.PIB.FLU.R.CLP.2018.08.Z.Z.06.0.A,"Transporte, información y comunicaciones",06,O'Higgins,A,Cuentas Nacionales,"PIB por actividad económica, Región del Libertador General Bernardo O Higgins, volumen a precios del año anterior encadenado, series empalmadas, referencia 2018 (miles de millones de pesos encadenados)",08,"Transporte, información y comunicaciones",f035_positional
F035.PIB.FLU.R.CLP.2018.09.21.Z.06.0.A,Servicios financieros y empresariales,06,O'Higgins,A,Cuentas Nacionales,"PIB por actividad económica, Región del Libertador General Bernardo O Higgins, volumen a precios del año anterior encadenado, series empalmadas, referencia 2018 (miles de millones de pesos encadenados)",09,Servicios financieros y empresariales,f035_positional
F035.PIB.FLU.R.CLP.2018.10.Z.Z.06.0.A,Servicios de vivienda e inmobiliarios,06,O'Higgins,A,Cuentas Nacionales,"PIB por actividad económica, Región del Libertador General Bernardo O Higgins, volumen a precios del año anterior encadenado, series empalmadas, referencia 2018 (miles de millones de pesos encadenados)",10,Servicios de vivienda e inmobiliarios,f035_positional
F035.PIB.FLU.R.CLP.2018.11.Z.Z.06.0.A,Servicios personales,06,O'Higgins,A,Cuentas Nacionales,"PIB por actividad económica, Región del Libertador General Bernardo O Higgins, volumen a precios del año anterior encadenado, series empalmadas, referencia 2018 (miles de millones de pesos encadenados)",11,Servicios personales,f035_positional
F035.PIB.FLU.R.CLP.2018.12.Z.Z.06.0.A,Administración pública,06,O'Higgins,A,Cuentas Nacionales,"PIB por actividad económica, Región del Libertador General Bernardo O Higgins, volumen a precios del año anterior encadenado, series empalmadas, referencia 2018 (miles de millones de pesos encadenados)",12,Administración pública,f035_positional
F035.PIB.FLU.R.CLP.2018.COM.Z.Z.06.0.A,Comercio,06,O'Higgins,A,Cuentas Nacionales,"PIB por actividad económica, Región del Libertador General Bernardo O Higgins, volumen a precios del año anterior encadenado, series empalmadas, referencia 2018 (miles de millones de pesos encadenados)",COM,Comercio,f035_positional
F035.PIB.FLU.R.CLP.2018.RH.Z.Z.06.0.A,Restaurantes y hoteles,06,O'Higgins,A,Cuentas Nacionales,"PIB por actividad económica, Región del Libertador General Bernardo O Higgins, volumen a precios del año anterior encadenado, series empalmadas, referencia 2018 (miles de millones de pesos encadenados)",RH,Restaurantes y hoteles,f035_positional
F035.PIB.FLU.R.CLP.2018.Z.Z.Z.06.0.A,Producto interno bruto,06,O'Higgins,A,Cuentas Nacionales,"PIB por actividad económica, Región del Libertador General Bernardo O Higgins, volumen a precios del año anterior encadenado, series empalmadas, referencia 2018 (miles de millones de pesos encadenados)",,,f035_positional
F035.PIB.V12.R.CLP.2008.Z.Z.Z.06.0.A,VI Del Libertador General Bernardo OHiggins,06,O'Higgins,A,Cuentas Nacionales,"Producto interno bruto por región, contribución porcentual respecto de igual periodo del año anterior, referencia 2008 .",,,f035_positional
F035.PIB.V12.R.CLP.2013.Z.Z.Z.06.0.A,Región del Libertador General Bernardo OHiggins,06,O'Higgins,A,Cuentas Nacionales,"Producto interno bruto por región, contribución porcentual respecto de igual periodo del año anterior, series empalmadas, referencia 2013 .",,,f035_positional
F035.PIB.V12.R.CLP.2018.01.Z.Z.06.0.A,Agropecuario-silvícola,06,O'Higgins,A,Cuentas Nacionales,"PIB por actividad económica, Región del Libertador General Bernardo O Higgins, contribución porcentual respecto de igual periodo del año anterior, series empalmadas, referencia 2018",01,Agropecuario-silvícola,f035_positional
F035.PIB.V12.R.CLP.2018.02.04.Z.06.0.A,Pesca,06,O'Higgins,A,Cuentas Nacionales,"PIB por actividad económica, Región del Libertador General Bernardo O Higgins, contribución porcentual respecto de igual periodo del año anterior, series empalmadas, referencia 2018",02,Pesca,f035_positional
F035.PIB.V12.R.CLP.2018.03.Z.Z.06.0.A,Minería,06,O'Higgins,A,Cuentas Nacionales,"PIB por actividad económica, Región del Libertador General Bernardo O Higgins, contribución porcentual respecto de igual periodo del año anterior, series empalmadas, referencia 2018",03,Minería,f035_positional
F035.PIB.V12.R.CLP.2018.04.Z.Z.06.0.A,Industria manufacturera,06,O'Higgins,A,Cuentas Nacionales,"PIB por actividad económica, Región del Libertador General Bernardo O Higgins, contribución porcentual respecto de igual periodo del año anterior, series empalmadas, referencia 2018",04,Industria,f035_positional
F035.PIB.V12.R.CLP.2018.05.Z.Z.06.0.A,"Electricidad, gas, agua y gestión de desechos",06,O'Higgins,A,Cuentas Nacionales,"PIB por actividad económica, Región del Libertador General Bernardo O Higgins, contribución porcentual respecto de igual periodo del año anterior, series empalmadas, referencia 2018",05,"Electricidad, gas, agua y gestión de desechos",f035_positional
F035.PIB.V12.R.CLP.2018.06.Z.Z.06.0.A,Construcción,06,O'Higgins,A,Cuentas Nacionales,"PIB por actividad económica, Región del Libertador General Bernardo O Higgins, contribución porcentual respecto de igual periodo del año anterior, series empalmadas, referencia 2018",06,Construcción,f035_positional
F035.PIB.V12.R.CLP.2018.08.Z.Z.06.0.A,"Transporte, información y comunicaciones",06,O'Higgins,A,Cuentas Nacionales,"PIB por actividad económica, Región del Libertador General Bernardo O Higgins, contribución porcentual respecto de igual periodo del año anterior, series empalmadas, referencia 2018",08,"Transporte, información y comunicaciones",f035_positional
F035.PIB.V12.R.CLP.2018.09.21.Z.06.0.A,Servicios financieros y empresariales,06,O'Higgins,A,Cuentas Nacionales,"PIB por actividad económica, Región del Libertador General Bernardo O Higgins, contribución porcentual respecto de igual periodo del año anterior, series empalmadas, referencia 2018",09,Servicios financieros y empresariales,f035_positional
F035.PIB.V12.R.CLP.2018.10.Z.Z.06.0.A,Servicios de vivienda e inmobiliarios,06,O'Higgins,A,Cuentas Nacionales,"PIB por actividad económica, Región del Libertador General Bernardo O Higgins, contribución porcentual respecto de igual periodo del año anterior, series empalmadas, referencia 2018",10,Servicios de vivienda e inmobiliarios,f035_positional
F035.PIB.V12.R.CLP.2018.11.Z.Z.06.0.A,Servicios personales,06,O'Higgins,A,Cuentas Nacionales,"PIB por actividad económica, Región del Libertador General Bernardo O Higgins, contribución porcentual respecto de igual periodo del año anterior, series empalmadas, referencia 2018",11,Servicios personales,f035_positional
F035.PIB.V12.R.CLP.2018.12.Z.Z.06.0.A,Administración pública,06,O'Higgins,A,Cuentas Nacionales,"PIB por actividad económica, Región del Libertador General Bernardo O Higgins, contribución porcentual respecto de igual periodo del año anterior, series empalmadas, referencia 2018",12,Administración pública,f035_positional
F035.PIB.V12.R.CLP.2018.COM.Z.Z.06.0.A,Comercio,06,O'Higgins,A,Cuentas Nacionales,"PIB por actividad económica, Región del Libertador General Bernardo O Higgins, contribución porcentual respecto de igual periodo del año anterior, series empalmadas, referencia 2018",COM,Comercio,f035_positional
F035.PIB.V12.R.CLP.2018.CONT.Z.Z.06.0.A,Producto Interno Bruto,06,O'Higgins,A,Cuentas Nacionales,"PIB por actividad económica, Región del Libertador General Bernardo O Higgins, contribución porcentual respecto de igual periodo del año anterior, series empalmadas, referencia 2018",CONT,PIB (contribución),f035_positional
F035.PIB.V12.R.CLP.2018.RH.Z.Z.06.0.A,Restaurantes y hoteles,06,O'Higgins,A,Cuentas Nacionales,"PIB por actividad económica, Región del Libertador General Bernardo O Higgins, contribución porcentual respecto de igual periodo del año anterior, series empalmadas, referencia 2018",RH,Restaurantes y hoteles,f035_positional
F035.PIB.V12.R.CLP.2018.Z.Z.Z.06.0.A,Región del Libertador General Bernardo OHiggins,06,O'Higgins,A,Cuentas Nacionales,"Producto interno bruto por región, contribución porcentual respecto de igual periodo del año anterior, series empalmadas, referencia 2018",,,f035_positional
F035.PIB.FLU.N.CLP.2008.01.Z.Z.07.0.A,Agropecuario-silvícola,07,Maule,A,Cuentas Nacionales,"PIB por actividad económica, VII Región del Maule, precios corrientes, referencia 2008 (millones de pesos)",01,Agropecuario-silvícola,f035_positional
F035.PIB.FLU.N.CLP.2008.02.04.Z.07.0.A,Pesca,07,Maule,A,Cuentas Nacionales,"PIB por actividad económica, VII Región del Maule, precios corrientes, referencia 2008 (millones de pesos)",02,Pesca,f035_positional
F035.PIB.FLU.N.CLP.2008.03.Z.Z.07.0.A,Minería,07,Maule,A,Cuentas Nacionales,"PIB por actividad económica, VII Región del Maule, precios corrientes, referencia 2008 (millones de pesos)",03,Minería,f035_positional
F035.PIB.FLU.N.CLP.2008.04.Z.Z.07.0.A,Industria manufacturera,07,Maule,A,Cuentas Nacionales,"PIB por actividad económica, VII Región del Maule, precios corrientes, referencia 2008 (millones de pesos)",04,Industria,f035_positional
F035.PIB.FLU.N.CLP.2008.05.Z.Z.07.0.A,"Electricidad, gas, agua y gestión de desechos",07,Maule,A,Cuentas Nacionales,"PIB por actividad económica, VII Región del Maule, precios corrientes, referencia 2008 (millones de pesos)",05,"Electricidad, gas, agua y gestión de desechos",f035_positional
F035.PIB.FLU.N.CLP.2008.06.Z.Z.07.0.A,Construcción,07,Maule,A,Cuentas Nacionales,"PIB por actividad económica, VII Región del Maule, precios corrientes, referencia 2008 (millones de pesos)",06,Construcción,f035_positional
F035.PIB.FLU.N.CLP.2008.07.Z.Z.07.0.A,"Comercio, restaurantes y hoteles",07,Maule,A,Cuentas Nacionales,"PIB por actividad económica, VII Región del Maule, precios corrientes, referencia 2008 (millones de pesos)",07,"Comercio, restaurantes y hoteles",f035_positional
F035.PIB.FLU.N.CLP.2008.08.Z.Z.07.0.A,"Transportes, informacion y comunicaciones",07,Maule,A,Cuentas Nacionales,"PIB por actividad económica, VII Región del Maule, precios corrientes, referencia 2008 (millones de pesos)",08,"Transporte, información y comunicaciones",f035_positional
F035.PIB.FLU.N.CLP.2008.09.21.Z.07.0.A,Servicios financieros y empresariales,07,Maule,A,Cuentas Nacionales,"PIB por actividad económica, VII Región del Maule, precios corrientes, referencia 2008 (millones de pesos)",09,Servicios financieros y empresariales,f035_positional
F035.PIB.FLU.N.CLP.2008.10.Z.Z.07.0.A,Servicios de vivienda e inmobiliarios,07,Maule,A,Cuentas Nacionales,"PIB por actividad económica, VII Región del Maule, precios corrientes, referencia 2008 (millones de pesos)",10,Servicios de vivienda e inmobiliarios,f035_positional
F035.PIB.FLU.N.CLP.2008.11.Z.Z.07.0.A,Servicios personales,07,Maule,A,Cuentas Nacionales,"PIB por actividad económica, VII Región del Maule, precios corrientes, referencia 2008 (millones de pesos)",11,Servicios personales,f035_positional
F035.PIB.FLU.N.CLP.2008.12.Z.Z.07.0.A,Administración pública,07,Maule,A,Cuentas Nacionales,"PIB por actividad económica, VII Región del Maule, precios corrientes, referencia 2008 (millones de pesos)",12,Administración pública,f035_positional
F035.PIB.FLU.N.CLP.2008.Z.Z.Z.07.0.A,VII Del Maule,07,Maule,A,Cuentas Nacionales,"Producto interno bruto por región, precios corrientes, referencia 2008 (millones de pesos)",,,f035_positional
F035.PIB.FLU.N.CLP.2013.01.Z.Z.07.0.A,Agropecuario-silvícola,07,Maule,A,Cuentas Nacionales,"PIB por actividad económica, Región del Maule, precios corrientes, series empalmadas, referencia 2013 (miles de millones de pesos)",01,Agropecuario-silvícola,f035_positional
F035.PIB.FLU.N.CLP.2013.02.04.Z.07.0.A,Pesca,07,Maule,A,Cuentas Nacionales,"PIB por actividad económica, Región del Maule, precios corrientes, series empalmadas, referencia 2013 (miles de millones de pesos)",02,Pesca,f035_positional
F035.PIB.FLU.N.CLP.2013.03.Z.Z.07.0.A,Minería,07,Maule,A,Cuentas Nacionales,"PIB por actividad económica, Región del Maule, precios corrientes, series empalmadas, referencia 2013 (miles de millones de pesos)",03,Minería,f035_positional
F035.PIB.FLU.N.CLP.2013.04.Z.Z.07.0.A,Industria manufacturera,07,Maule,A,Cuentas Nacionales,"PIB por actividad económica, Región del Maule, precios corrientes, series empalmadas, referencia 2013 (miles de millones de pesos)",04,Industria,f035_positional
F035.PIB.FLU.N.CLP.2013.05.Z.Z.07.0.A,"Electricidad, gas, agua y gestión de desechos",07,Maule,A,Cuentas Nacionales,"PIB por actividad económica, Región del Maule, precios corrientes, series empalmadas, referencia 2013 (miles de millones de pesos)",05,"Electricidad, gas, agua y gestión de desechos",f035_positional
F035.PIB.FLU.N.CLP.2013.06.Z.Z.07.0.A,Construcción,07,Maule,A,Cuentas Nacionales,"PIB por actividad económica, Región del Maule, precios corrientes, series empalmadas, referencia 2013 (miles de millones de pesos)",06,Construcción,f035_positional
F035.PIB.FLU.N.CLP.2013.07.Z.Z.07.0.A,"Comercio, restaurantes y hoteles",07,Maule,A,Cuentas Nacionales,"PIB por actividad económica, Región del Maule, precios corrientes, series empalmadas, referencia 2013 (miles de millones de pesos)",07,"Comercio, restaurantes y hoteles",f035_positional
F035.PIB.FLU.N.CLP.2013.08.Z.Z.07.0.A,"Transporte, información y comunicaciones",07,Maule,A,Cuentas Nacionales,"PIB por actividad económica, Región del Maule, precios corrientes, series empalmadas, referencia 2013 (miles de millones de pesos)",08,"Transporte, información y comunicaciones",f035_positional
F035.PIB.FLU.N.CLP.2013.09.21.Z.07.0.A,Servicios financieros y empresariales,07,Maule,A,Cuentas Nacionales,"PIB por actividad económica, Región del Maule, precios corrientes, series empalmadas, referencia 2013 (miles de millones de pesos)",09,Servicios financieros y empresariales,f035_positional
F035.PIB.FLU.N.CLP.2013.10.Z.Z.07.0.A,Servicios de vivienda e inmobiliarios,07,Maule,A,Cuentas Nacionales,"PIB por actividad económica, Región del Maule, precios corrientes, series empalmadas, referencia 2013 (miles de millones de pesos)",10,Servicios de vivienda e inmobiliarios,f035_positional
F035.PIB.FLU.N.CLP.2013.11.Z.Z.07.0.A,Servicios personales,07,Maule,A,Cuentas Nacionales,"PIB por actividad económica, Región del Maule, precios corrientes, series empalmadas, referencia 2013 (miles de millones de pesos)",11,Servicios personales,f035_positional
F035.PIB.FLU.N.CLP.2013.12.Z.Z.07.0.A,Administración pública,07,Maule,A,Cuentas Nacionales,"PIB por actividad económica, Región del Maule, precios corrientes, series empalmadas, referencia 2013 (miles de millones de pesos)",12,Administración pública,f035_positional
F035.PIB.FLU.N.CLP.2013.Z.Z.Z.07.0.A,Región del Maule,07,Maule,A,Cuentas Nacionales,"Producto interno bruto por región, precios corrientes, series empalmadas, referencia 2013 (miles de millones de pesos)",,,f035_positional
F035.PIB.FLU.N.CLP.2018.01.Z.Z.07.0.A,Agropecuario-silvícola,07,Maule,A,Cuentas Nacionales,"PIB por actividad económica, Región del Maule, precios corrientes, series empalmadas, referencia 2018 (miles de millones de pesos)",01,Agropecuario-silvícola,f035_positional
F035.PIB.FLU.N.CLP.2018.02.04.Z.07.0.A,Pesca,07,Maule,A,Cuentas Nacionales,"PIB por actividad económica, Región del Maule, precios corrientes, series empalmadas, referencia 2018 (miles de millones de pesos)",02,Pesca,f035_positional
F035.PIB.FLU.N.CLP.2018.03.Z.Z.07.0.A,Minería,07,Maule,A,Cuentas Nacionales,"PIB por actividad económica, Región del Maule, precios corrientes, series empalmadas, referencia 2018 (miles de millones de pesos)",03,Minería,f035_positional
F035.PIB.FLU.N.CLP.2018.04.Z.Z.07.0.A,Industria manufacturera,07,Maule,A,Cuentas Nacionales,"PIB por actividad económica, Región del Maule, precios corrientes, series empalmadas, referencia 2018 (miles de millones de pesos)",04,Industria,f035_positional
F035.PIB.FLU.N.CLP.2018.05.Z.Z.07.0.A,"Electricidad, gas, agua y gestión de desechos",07,Maule,A,Cuentas Nacionales,"PIB por actividad económica, Región del Maule, precios corrientes, series empalmadas, referencia 2018 (miles de millones de pesos)",05,"Electricidad, gas, agua y gestión de desechos",f035_positional
F035.PIB.FLU.N.CLP.2018.06.Z.Z.07.0.A,Construcción,07,Maule,A,Cuentas Nacionales,"PIB por actividad económica, Región del Maule, precios corrientes, series empalmadas, referencia 2018 (miles de millones de pesos)",06,Construcción,f035_positional
F035.PIB.FLU.N.CLP.2018.08.Z.Z.07.0.A,"Transporte, información y comunicaciones",07,Maule,A,Cuentas Nacionales,"PIB por actividad económica, Región del Maule, precios corrientes, series empalmadas, referencia 2018 (miles de millones de pesos)",08,"Transporte, información y comunicaciones",f035_positional
F035.PIB.FLU.N.CLP.2018.09.21.Z.07.0.A,Servicios financieros y empresariales,07,Maule,A,Cuentas Nacionales,"PIB por actividad económica, Región del Maule, precios corrientes, series empalmadas, referencia 2018 (miles de millones de pesos)",09,Servicios financieros y empresariales,f035_positional
F035.PIB.FLU.N.CLP.2018.10.Z.Z.07.0.A,Servicios de vivienda e inmobiliarios,07,Maule,A,Cuentas Nacionales,"PIB por actividad económica, Región del Maule, precios corrientes, series empalmadas, referencia 2018 (miles de millones de pesos)",10,Servicios de vivienda e inmobiliarios,f035_positional
F035.PIB.FLU.N.CLP.2018.11.Z.Z.07.0.A,Servicios personales,07,Maule,A,Cuentas Nacionales,"PIB por actividad económica, Región del Maule, precios corrientes, series empalmadas, referencia 2018 (miles de millones de pesos)",11,Servicios personales,f035_positional
F035.PIB.FLU.N.CLP.2018.12.Z.Z.07.0.A,Administración pública,07,Maule,A,Cuentas Nacionales,"PIB por actividad económica, Región del Maule, precios corrientes, series empalmadas, referencia 2018 (miles de millones de pesos)",12,Administración pública,f035_positional
F035.PIB.FLU.N.CLP.2018.COM.Z.Z.07.0.A,Comercio,07,Maule,A,Cuentas Nacionales,"PIB por actividad económica, Región del Maule, precios corrientes, series empalmadas, referencia 2018 (miles de millones de pesos)",COM,Comercio,f035_positional
F035.PIB.FLU.N.CLP.2018.RH.Z.Z.07.0.A,Restaurantes y hoteles,07,Maule,A,Cuentas Nacionales,"PIB por actividad económica, Región del Maule, precios corrientes, series empalmadas, referencia 2018 (miles de millones de pesos)",RH,Restaurantes y hoteles,f035_positional
F035.PIB.FLU.N.CLP.2018.Z.Z.Z.07.0.A,Región del Maule,07,Maule,A,Cuentas Nacionales,"Producto interno bruto por región, precios corrientes, series empalmadas, referencia 2018 (miles de millones de pesos)",,,f035_positional
F035.PIB.FLU.R.CLP.1986.01.Z.Z.07.0.A,Agropecuario-silvícola,07,Maule,A,Cuentas Nacionales,"PIB por actividad económica, VII Región del Maule, base 1986 (millones de pesos)",01,Agropecuario-silvícola,f035_positional
F035.PIB.FLU.R.CLP.1986.02.04.Z.07.0.A,Pesca,07,Maule,A,Cuentas Nacionales,"PIB por actividad económica, VII Región del Maule, base 1986 (millones de pesos)",02,Pesca,f035_positional
F035.PIB.FLU.R.CLP.1986.03.Z.Z.07.0.A,Minería,07,Maule,A,Cuentas Nacionales,"PIB por actividad económica, VII Región del Maule, base 1986 (millones de pesos)",03,Minería,f035_positional
F035.PIB.FLU.R.CLP.1986.04.Z.Z.07.0.A,Industria manufacturera,07,Maule,A,Cuentas Nacionales,"PIB por actividad económica, VII Región del Maule, base 1986 (millones de pesos)",04,Industria,f035_positional
F035.PIB.FLU.R.CLP.1986.05.Z.Z.07.0.A,"Electricidad, gas y agua",07,Maule,A,Cuentas Nacionales,"PIB por actividad económica, VII Región del Maule, base 1986 (millones de pesos)",05,"Electricidad, gas, agua y gestión de desechos",f035_positional
F035.PIB.FLU.R.CLP.1986.06.Z.Z.07.0.A,Construcción,07,Maule,A,Cuentas Nacionales,"PIB por actividad económica, VII Región del Maule, base 1986 (millones de pesos)",06,Construcción,f035_positional
F035.PIB.FLU.R.CLP.1986.07.Z.Z.07.0.A,"Comercio, restaurantes y hoteles",07,Maule,A,Cuentas Nacionales,"PIB por actividad económica, VII Región del Maule, base 1986 (millones de pesos)",07,"Comercio, restaurantes y hoteles",f035_positional
F035.PIB.FLU.R.CLP.1986.08.Z.Z.07.0.A,Transportes y comunicaciones,07,Maule,A,Cuentas Nacionales,"PIB por actividad económica, VII Región del Maule, base 1986 (millones de pesos)",08,"Transporte, información y comunicaciones",f035_positional
F035.PIB.FLU.R.CLP.1986.09.21.27.07.0.A,Servicios financieros,07,Maule,A,Cuentas Nacionales,"PIB por actividad económica, VII Región del Maule, base 1986 (millones de pesos)",09,Servicios financieros y empresariales,f035_positional
F035.PIB.FLU.R.CLP.1986.10.Z.Z.07.0.A,Propiedad de vivienda,07,Maule,A,Cuentas Nacionales,"PIB por actividad económica, VII Región del Maule, base 1986 (millones de pesos)",10,Servicios de vivienda e inmobiliarios,f035_positional
F035.PIB.FLU.R.CLP.1986.11.Z.Z.07.0.A,Servicios personales,07,Maule,A,Cuentas Nacionales,"PIB por actividad económica, VII Región del Maule, base 1986 (millones de pesos)",11,Servicios personales,f035_positional
F035.PIB.FLU.R.CLP.1986.12.Z.Z.07.0.A,Administración pública,07,Maule,A,Cuentas Nacionales,"PIB por actividad económica, VII Región del Maule, base 1986 (millones de pesos)",12,Administración pública,f035_positional
F035.PIB.FLU.R.CLP.1986.Z.Z.Z.07.0.A,VII Del Maule,07,Maule,A,Cuentas Nacionales,"Producto interno bruto por región, a precios constantes, base 1986 (millones de pesos)",,,f035_positional
F035.PIB.FLU.R.CLP.1996.01.Z.Z.07.0.A,Agropecuario-silvícola,07,Maule,A,Cuentas Nacionales,"PIB por actividad económica, VII Región del Maule,  base 1996 (millones de pesos)",01,Agropecuario-silvícola,f035_positional
F035.PIB.FLU.R.CLP.1996.02.04.Z.07.0.A,Pesca,07,Maule,A,Cuentas Nacionales,"PIB por actividad económica, VII Región del Maule,  base 1996 (millones de pesos)",02,Pesca,f035_positional
F035.PIB.FLU.R.CLP.1996.03.Z.Z.07.0.A,Minería,07,Maule,A,Cuentas Nacionales,"PIB por actividad económica, VII Región del Maule,  base 1996 (millones de pesos)",03,Minería,f035_positional
F035.PIB.FLU.R.CLP.1996.04.Z.Z.07.0.A,Industria manufacturera,07,Maule,A,Cuentas Nacionales,"PIB por actividad económica, VII Región del Maule,  base 1996 (millones de pesos)",04,Industria,f035_positional
F035.PIB.FLU.R.CLP.1996.05.Z.Z.07.0.A,"Electricidad, gas y agua",07,Maule,A,Cuentas Nacionales,"PIB por actividad económica, VII Región del Maule,  base 1996 (millones de pesos)",05,"Electricidad, gas, agua y gestión de desechos",f035_positional
F035.PIB.FLU.R.CLP.1996.06.Z.Z.07.0.A,Construcción,07,Maule,A,Cuentas Nacionales,"PIB por actividad económica, VII Región del Maule,  base 1996 (millones de pesos)",06,Construcción,f035_positional
F035.PIB.FLU.R.CLP.1996.07.Z.Z.07.0.A,"Comercio, restaurantes y hoteles",07,Maule,A,Cuentas Nacionales,"PIB por actividad económica, VII Región del Maule,  base 1996 (millones de pesos)",07,"Comercio, restaurantes y hoteles",f035_positional
F035.PIB.FLU.R.CLP.1996.08.Z.Z.07.0.A,Transportes y comunicaciones,07,Maule,A,Cuentas Nacionales,"PIB por actividad económica, VII Región del Maule,  base 1996 (millones de pesos)",08,"Transporte, información y comunicaciones",f035_positional
F035.PIB.FLU.R.CLP.1996.09.21.Z.07.0.A,Servicios financieros y empresariales,07,Maule,A,Cuentas Nacionales,"PIB por actividad económica, VII Región del Maule,  base 1996 (millones de pesos)",09,Servicios financieros y empresariales,f035_positional
F035.PIB.FLU.R.CLP.1996.10.Z.Z.07.0.A,Propiedad de vivienda,07,Maule,A,Cuentas Nacionales,"PIB por actividad económica, VII Región del Maule,  base 1996 (millones de pesos)",10,Servicios de vivienda e inmobiliarios,f035_positional
F035.PIB.FLU.R.CLP.1996.11.Z.Z.07.0.A,Servicios personales,07,Maule,A,Cuentas Nacionales,"PIB por actividad económica, VII Región del Maule,  base 1996 (millones de pesos)",11,Servicios personales,f035_positional
F035.PIB.FLU.R.CLP.1996.12.Z.Z.07.0.A,Administración pública,07,Maule,A,Cuentas Nacionales,"PIB por actividad económica, VII Región del Maule,  base 1996 (millones de pesos)",12,Administración pública,f035_positional
F035.PIB.FLU.R.CLP.1996.Z.Z.Z.07.0.A,VII Del Maule,07,Maule,A,Cuentas Nacionales,"Producto interno bruto por región, a precios constantes, base 1996 ( millones de pesos)",,,f035_positional
F035.PIB.FLU.R.CLP.2003.01.Z.Z.07.0.A,Agropecuario-silvícola,07,Maule,A,Cuentas Nacionales,"PIB por actividad económica, VII Región del Maule, base 2003 ( millones de pesos)",01,Agropecuario-silvícola,f035_positional
F035.PIB.FLU.R.CLP.2003.02.04.Z.07.0.A,Pesca,07,Maule,A,Cuentas Nacionales,"PIB por actividad económica, VII Región del Maule, base 2003 ( millones de pesos)",02,Pesca,f035_positional
F035.PIB.FLU.R.CLP.2003.03.Z.Z.07.0.A,Minería,07,Maule,A,Cuentas Nacionales,"PIB por actividad económica, VII Región del Maule, base 2003 ( millones de pesos)",03,Minería,f035_positional
F035.PIB.FLU.R.CLP.2003.04.Z.Z.07.0.A,Industria manufacturera,07,Maule,A,Cuentas Nacionales,"PIB por actividad económica, VII Región del Maule, base 2003 ( millones de pesos)",04,Industria,f035_positional
F035.PIB.FLU.R.CLP.2003.05.Z.Z.07.0.A,"Electricidad, gas y agua",07,Maule,A,Cuentas Nacionales,"PIB por actividad económica, VII Región del Maule, base 2003 ( millones de pesos)",05,"Electricidad, gas, agua y gestión de desechos",f035_positional
F035.PIB.FLU.R.CLP.2003.06.Z.Z.07.0.A,Construcción,07,Maule,A,Cuentas Nacionales,"PIB por actividad económica, VII Región del Maule, base 2003 ( millones de pesos)",06,Construcción,f035_positional
F035.PIB.FLU.R.CLP.2003.07.Z.Z.07.0.A,"Comercio, restaurantes y hoteles",07,Maule,A,Cuentas Nacionales,"PIB por actividad económica, VII Región del Maule, base 2003 ( millones de pesos)",07,"Comercio, restaurantes y hoteles",f035_positional
F035.PIB.FLU.R.CLP.2003.08.Z.Z.07.0.A,Transportes y comunicaciones,07,Maule,A,Cuentas Nacionales,"PIB por actividad económica, VII Región del Maule, base 2003 ( millones de pesos)",08,"Transporte, información y comunicaciones",f035_positional
F035.PIB.FLU.R.CLP.2003.09.21.Z.07.0.A,Servicios financieros y empresariales,07,Maule,A,Cuentas Nacionales,"PIB por actividad económica, VII Región del Maule, base 2003 ( millones de pesos)",09,Servicios financieros y empresariales,f035_positional
F035.PIB.FLU.R.CLP.2003.10.Z.Z.07.0.A,Propiedad de vivienda,07,Maule,A,Cuentas Nacionales,"PIB por actividad económica, VII Región del Maule, base 2003 ( millones de pesos)",10,Servicios de vivienda e inmobiliarios,f035_positional
F035.PIB.FLU.R.CLP.2003.11.Z.Z.07.0.A,Servicios personales,07,Maule,A,Cuentas Nacionales,"PIB por actividad económica, VII Región del Maule, base 2003 ( millones de pesos)",11,Servicios personales,f035_positional
F035.PIB.FLU.R.CLP.2003.12.Z.Z.07.0.A,Administración pública,07,Maule,A,Cuentas Nacionales,"PIB por actividad económica, VII Región del Maule, base 2003 ( millones de pesos)",12,Administración pública,f035_positional
F035.PIB.FLU.R.CLP.2003.Z.Z.Z.07.0.A,VII Del Maule,07,Maule,A,Cuentas Nacionales,"Producto interno bruto por región, a precios constantes, base 2003 ( millones de pesos)",,,f035_positional
F035.PIB.FLU.R.CLP.2008.01.Z.Z.07.0.A,Agropecuario-silvícola,07,Maule,A,Cuentas Nacionales,"PIB por actividad económica, VII Región del Maule, volumen a precios del año anterior encadenado, referencia 2008 (millones de pesos encadenados)",01,Agropecuario-silvícola,f035_positional
F035.PIB.FLU.R.CLP.2008.02.04.Z.07.0.A,Pesca,07,Maule,A,Cuentas Nacionales,"PIB por actividad económica, VII Región del Maule, volumen a precios del año anterior encadenado, referencia 2008 (millones de pesos encadenados)",02,Pesca,f035_positional
F035.PIB.FLU.R.CLP.2008.03.Z.Z.07.0.A,Minería,07,Maule,A,Cuentas Nacionales,"PIB por actividad económica, VII Región del Maule, volumen a precios del año anterior encadenado, referencia 2008 (millones de pesos encadenados)",03,Minería,f035_positional
F035.PIB.FLU.R.CLP.2008.04.Z.Z.07.0.A,Industria manufacturera,07,Maule,A,Cuentas Nacionales,"PIB por actividad económica, VII Región del Maule, volumen a precios del año anterior encadenado, referencia 2008 (millones de pesos encadenados)",04,Industria,f035_positional
F035.PIB.FLU.R.CLP.2008.05.Z.Z.07.0.A,"Electricidad, gas y agua",07,Maule,A,Cuentas Nacionales,"PIB por actividad económica, VII Región del Maule, volumen a precios del año anterior encadenado, referencia 2008 (millones de pesos encadenados)",05,"Electricidad, gas, agua y gestión de desechos",f035_positional
F035.PIB.FLU.R.CLP.2008.06.Z.Z.07.0.A,Construcción,07,Maule,A,Cuentas Nacionales,"PIB por actividad económica, VII Región del Maule, volumen a precios del año anterior encadenado, referencia 2008 (millones de pesos encadenados)",06,Construcción,f035_positional
F035.PIB.FLU.R.CLP.2008.07.Z.Z.07.0.A,"Comercio, restaurantes y hoteles",07,Maule,A,Cuentas Nacionales,"PIB por actividad económica, VII Región del Maule, volumen a precios del año anterior encadenado, referencia 2008 (millones de pesos encadenados)",07,"Comercio, restaurantes y hoteles",f035_positional
F035.PIB.FLU.R.CLP.2008.08.Z.Z.07.0.A,Transportes y comunicaciones,07,Maule,A,Cuentas Nacionales,"PIB por actividad económica, VII Región del Maule, volumen a precios del año anterior encadenado, referencia 2008 (millones de pesos encadenados)",08,"Transporte, información y comunicaciones",f035_positional
F035.PIB.FLU.R.CLP.2008.09.21.Z.07.0.A,Servicios financieros y empresariales,07,Maule,A,Cuentas Nacionales,"PIB por actividad económica, VII Región del Maule, volumen a precios del año anterior encadenado, referencia 2008 (millones de pesos encadenados)",09,Servicios financieros y empresariales,f035_positional
F035.PIB.FLU.R.CLP.2008.10.Z.Z.07.0.A,Propiedad de vivienda,07,Maule,A,Cuentas Nacionales,"PIB por actividad económica, VII Región del Maule, volumen a precios del año anterior encadenado, referencia 2008 (millones de pesos encadenados)",10,Servicios de vivienda e inmobiliarios,f035_positional
F035.PIB.FLU.R.CLP.2008.11.Z.Z.07.0.A,Servicios personales,07,Maule,A,Cuentas Nacionales,"PIB por actividad económica, VII Región del Maule, volumen a precios del año anterior encadenado, referencia 2008 (millones de pesos encadenados)",11,Servicios personales,f035_positional
F035.PIB.FLU.R.CLP.2008.12.Z.Z.07.0.A,Administración pública,07,Maule,A,Cuentas Nacionales,"PIB por actividad económica, VII Región del Maule, volumen a precios del año anterior encadenado, referencia 2008 (millones de pesos encadenados)",12,Administración pública,f035_positional
F035.PIB.FLU.R.CLP.2008.Z.Z.Z.07.0.A,VII Del Maule,07,Maule,A,Cuentas Nacionales,"Producto interno bruto por región, volumen a precios del año anterior encadenado, referencia 2008 (millones de pesos encadenados)",,,f035_positional
F035.PIB.FLU.R.CLP.2013.01.Z.Z.07.0.A,Agropecuario-silvícola,07,Maule,A,Cuentas Nacionales,"PIB por actividad económica, Región del Maule, volumen a precios del año anterior encadenado, series empalmadas, referencia 2013 (miles de millones de pesos encadenados)",01,Agropecuario-silvícola,f035_positional
F035.PIB.FLU.R.CLP.2013.02.04.Z.07.0.A,Pesca,07,Maule,A,Cuentas Nacionales,"PIB por actividad económica, Región del Maule, volumen a precios del año anterior encadenado, series empalmadas, referencia 2013 (miles de millones de pesos encadenados)",02,Pesca,f035_positional
F035.PIB.FLU.R.CLP.2013.03.Z.Z.07.0.A,Minería,07,Maule,A,Cuentas Nacionales,"PIB por actividad económica, Región del Maule, volumen a precios del año anterior encadenado, series empalmadas, referencia 2013 (miles de millones de pesos encadenados)",03,Minería,f035_positional
F035.PIB.FLU.R.CLP.2013.04.Z.Z.07.0.A,Industria manufacturera,07,Maule,A,Cuentas Nacionales,"PIB por actividad económica, Región del Maule, volumen a precios del año anterior encadenado, series empalmadas, referencia 2013 (miles de millones de pesos encadenados)",04,Industria,f035_positional
F035.PIB.FLU.R.CLP.2013.05.Z.Z.07.0.A,"Electricidad, gas, agua y gestión de desechos",07,Maule,A,Cuentas Nacionales,"PIB por actividad económica, Región del Maule, volumen a precios del año anterior encadenado, series empalmadas, referencia 2013 (miles de millones de pesos encadenados)",05,"Electricidad, gas, agua y gestión de desechos",f035_positional
F035.PIB.FLU.R.CLP.2013.06.Z.Z.07.0.A,Construcción,07,Maule,A,Cuentas Nacionales,"PIB por actividad económica, Región del Maule, volumen a precios del año anterior encadenado, series empalmadas, referencia 2013 (miles de millones de pesos encadenados)",06,Construcción,f035_positional
F035.PIB.FLU.R.CLP.2013.07.Z.Z.07.0.A,"Comercio, restaurantes y hoteles",07,Maule,A,Cuentas Nacionales,"PIB por actividad económica, Región del Maule, volumen a precios del año anterior encadenado, series empalmadas, referencia 2013 (miles de millones de pesos encadenados)",07,"Comercio, restaurantes y hoteles",f035_positional
F035.PIB.FLU.R.CLP.2013.08.Z.Z.07.0.A,"Transporte, información y comunicaciones",07,Maule,A,Cuentas Nacionales,"PIB por actividad económica, Región del Maule, volumen a precios del año anterior encadenado, series empalmadas, referencia 2013 (miles de millones de pesos encadenados)",08,"Transporte, información y comunicaciones",f035_positional
F035.PIB.FLU.R.CLP.2013.09.21.Z.07.0.A,Servicios financieros y empresariales,07,Maule,A,Cuentas Nacionales,"PIB por actividad económica, Región del Maule, volumen a precios del año anterior encadenado, series empalmadas, referencia 2013 (miles de millones de pesos encadenados)",09,Servicios financieros y empresariales,f035_positional
F035.PIB.FLU.R.CLP.2013.10.Z.Z.07.0.A,Servicios de vivienda e inmobiliarios,07,Maule,A,Cuentas Nacionales,"PIB por actividad económica, Región del Maule, volumen a precios del año anterior encadenado, series empalmadas, referencia 2013 (miles de millones de pesos encadenados)",10,Servicios de vivienda e inmobiliarios,f035_positional
F035.PIB.FLU.R.CLP.2013.11.Z.Z.07.0.A,Servicios personales,07,Maule,A,Cuentas Nacionales,"PIB por actividad económica, Región del Maule, volumen a precios del año anterior encadenado, series empalmadas, referencia 2013 (miles de millones de pesos encadenados)",11,Servicios personales,f035_positional
F035.PIB.FLU.R.CLP.2013.12.Z.Z.07.0.A,Administración pública,07,Maule,A,Cuentas Nacionales,"PIB por actividad económica, Región del Maule, volumen a precios del año anterior encadenado, series empalmadas, referencia 2013 (miles de millones de pesos encadenados)",12,Administración pública,f035_positional
F035.PIB.FLU.R.CLP.2013.Z.Z.Z.07.0.A,Región del Maule,07,Maule,A,Cuentas Nacionales,"Producto interno bruto por región, volumen a precios del año anterior encadenado, series empalmadas, referencia 2013 (miles de millones de pesos encadenados)",,,f035_positional
F035.PIB.FLU.R.CLP.2018.01.Z.Z.07.0.A,Agropecuario-silvícola,07,Maule,A,Cuentas Nacionales,"PIB por actividad económica, Región del Maule, volumen a precios del año anterior encadenado, series empalmadas, referencia 2018 (miles de millones de pesos encadenados)",01,Agropecuario-silvícola,f035_positional
F035.PIB.FLU.R.CLP.2018.02.04.Z.07.0.A,Pesca,07,Maule,A,Cuentas Nacionales,"PIB por actividad económica, Región del Maule, volumen a precios del año anterior encadenado, series empalmadas, referencia 2018 (miles de millones de pesos encadenados)",02,Pesca,f035_positional
F035.PIB.FLU.R.CLP.2018.03.Z.Z.07.0.A,Minería,07,Maule,A,Cuentas Nacionales,"PIB por actividad económica, Región del Maule, volumen a precios del año anterior encadenado, series empalmadas, referencia 2018 (miles de millones de pesos encadenados)",03,Minería,f035_positional
F035.PIB.FLU.R.CLP.2018.04.Z.Z.07.0.A,Industria manufacturera,07,Maule,A,Cuentas Nacionales,"PIB por actividad económica, Región del Maule, volumen a precios del año anterior encadenado, series empalmadas, referencia 2018 (miles de millones de pesos encadenados)",04,Industria,f035_positional
F035.PIB.FLU.R.CLP.2018.05.Z.Z.07.0.A,"Electricidad, gas, agua y gestión de desechos",07,Maule,A,Cuentas Nacionales,"PIB por actividad económica, Región del Maule, volumen a precios del año anterior encadenado, series empalmadas, referencia 2018 (miles de millones de pesos encadenados)",05,"Electricidad, gas, agua y gestión de desechos",f035_positional
F035.PIB.FLU.R.CLP.2018.06.Z.Z.07.0.A,Construcción,07,Maule,A,Cuentas Nacionales,"PIB por actividad económica, Región del Maule, volumen a precios del año anterior encadenado, series empalmadas, referencia 2018 (miles de millones de pesos encadenados)",06,Construcción,f035_positional
F035.PIB.FLU.R.CLP.2018.08.Z.Z.07.0.A,"Transporte, información y comunicaciones",07,Maule,A,Cuentas Nacionales,"PIB por actividad económica, Región del Maule, volumen a precios del año anterior encadenado, series empalmadas, referencia 2018 (miles de millones de pesos encadenados)",08,"Transporte, información y comunicaciones",f035_positional
F035.PIB.FLU.R.CLP.2018.09.21.Z.07.0.A,Servicios financieros y empresariales,07,Maule,A,Cuentas Nacionales,"PIB por actividad económica, Región del Maule, volumen a precios del año anterior encadenado, series empalmadas, referencia 2018 (miles de millones de pesos encadenados)",09,Servicios financieros y empresariales,f035_positional
F035.PIB.FLU.R.CLP.2018.10.Z.Z.07.0.A,Servicios de vivienda e inmobiliarios,07,Maule,A,Cuentas Nacionales,"PIB por actividad económica, Región del Maule, volumen a precios del año anterior encadenado, series empalmadas, referencia 2018 (miles de millones de pesos encadenados)",10,Servicios de vivienda e inmobiliarios,f035_positional
F035.PIB.FLU.R.CLP.2018.11.Z.Z.07.0.A,Servicios personales,07,Maule,A,Cuentas Nacionales,"PIB por actividad económica, Región del Maule, volumen a precios del año anterior encadenado, series empalmadas, referencia 2018 (miles de millones de pesos encadenados)",11,Servicios personales,f035_positional
F035.PIB.FLU.R.CLP.2018.12.Z.Z.07.0.A,Administración pública,07,Maule,A,Cuentas Nacionales,"PIB por actividad económica, Región del Maule, volumen a precios del año anterior encadenado, series empalmadas, referencia 2018 (miles de millones de pesos encadenados)",12,Administración pública,f035_positional
F035.PIB.FLU.R.CLP.2018.COM.Z.Z.07.0.A,Comercio,07,Maule,A,Cuentas Nacionales,"PIB por actividad económica, Región del Maule, volumen a precios del año anterior encadenado, series empalmadas, referencia 2018 (miles de millones de pesos encadenados)",COM,Comercio,f035_positional
F035.PIB.FLU.R.CLP.2018.RH.Z.Z.07.0.A,Restaurantes y hoteles,07,Maule,A,Cuentas Nacionales,"PIB por actividad económica, Región del Maule, volumen a precios del año anterior encadenado, series empalmadas, referencia 2018 (miles de millones de pesos encadenados)",RH,Restaurantes y hoteles,f035_positional
F035.PIB.FLU.R.CLP.2018.Z.Z.Z.07.0.A,Producto interno bruto,07,Maule,A,Cuentas Nacionales,"PIB por actividad económica, Región del Maule, volumen a precios del año anterior encadenado, series empalmadas, referencia 2018 (miles de millones de pesos encadenados)",,,f035_positional
F035.PIB.V12.R.CLP.2008.Z.Z.Z.07.0.A,VII Del Maule,07,Maule,A,Cuentas Nacionales,"Producto interno bruto por región, contribución porcentual respecto de igual periodo del año anterior, referencia 2008 .",,,f035_positional
F035.PIB.V12.R.CLP.2013.Z.Z.Z.07.0.A,Región del Maule,07,Maule,A,Cuentas Nacionales,"Producto interno bruto por región, contribución porcentual respecto de igual periodo del año anterior, series empalmadas, referencia 2013 .",,,f035_positional
F035.PIB.V12.R.CLP.2018.01.Z.Z.07.0.A,Agropecuario-silvícola,07,Maule,A,Cuentas Nacionales,"PIB por actividad económica, Región del Maule, contribución porcentual respecto de igual periodo del año anterior, series empalmadas, referencia 2018",01,Agropecuario-silvícola,f035_positional
F035.PIB.V12.R.CLP.2018.02.04.Z.07.0.A,Pesca,07,Maule,A,Cuentas Nacionales,"PIB por actividad económica, Región del Maule, contribución porcentual respecto de igual periodo del año anterior, series empalmadas, referencia 2018",02,Pesca,f035_positional
F035.PIB.V12.R.CLP.2018.03.Z.Z.07.0.A,Minería,07,Maule,A,Cuentas Nacionales,"PIB por actividad económica, Región del Maule, contribución porcentual respecto de igual periodo del año anterior, series empalmadas, referencia 2018",03,Minería,f035_positional
F035.PIB.V12.R.CLP.2018.04.Z.Z.07.0.A,Industria manufacturera,07,Maule,A,Cuentas Nacionales,"PIB por actividad económica, Región del Maule, contribución porcentual respecto de igual periodo del año anterior, series empalmadas, referencia 2018",04,Industria,f035_positional
F035.PIB.V12.R.CLP.2018.05.Z.Z.07.0.A,"Electricidad, gas, agua y gestión de desechos",07,Maule,A,Cuentas Nacionales,"PIB por actividad económica, Región del Maule, contribución porcentual respecto de igual periodo del año anterior, series empalmadas, referencia 2018",05,"Electricidad, gas, agua y gestión de desechos",f035_positional
F035.PIB.V12.R.CLP.2018.06.Z.Z.07.0.A,Construcción,07,Maule,A,Cuentas Nacionales,"PIB por actividad económica, Región del Maule, contribución porcentual respecto de igual periodo del año anterior, series empalmadas, referencia 2018",06,Construcción,f035_positional
F035.PIB.V12.R.CLP.2018.08.Z.Z.07.0.A,"Transporte, información y comunicaciones",07,Maule,A,Cuentas Nacionales,"PIB por actividad económica, Región del Maule, contribución porcentual respecto de igual periodo del año anterior, series empalmadas, referencia 2018",08,"Transporte, información y comunicaciones",f035_positional
F035.PIB.V12.R.CLP.2018.09.21.Z.07.0.A,Servicios financieros y empresariales,07,Maule,A,Cuentas Nacionales,"PIB por actividad económica, Región del Maule, contribución porcentual respecto de igual periodo del año anterior, series empalmadas, referencia 2018",09,Servicios financieros y empresariales,f035_positional
F035.PIB.V12.R.CLP.2018.10.Z.Z.07.0.A,Servicios de vivienda e inmobiliarios,07,Maule,A,Cuentas Nacionales,"PIB por actividad económica, Región del Maule, contribución porcentual respecto de igual periodo del año anterior, series empalmadas, referencia 2018",10,Servicios de vivienda e inmobiliarios,f035_positional
F035.PIB.V12.R.CLP.2018.11.Z.Z.07.0.A,Servicios personales,07,Maule,A,Cuentas Nacionales,"PIB por actividad económica, Región del Maule, contribución porcentual respecto de igual periodo del año anterior, series empalmadas, referencia 2018",11,Servicios personales,f035_positional
F035.PIB.V12.R.CLP.2018.12.Z.Z.07.0.A,Administración pública,07,Maule,A,Cuentas Nacionales,"PIB por actividad económica, Región del Maule, contribución porcentual respecto de igual periodo del año anterior, series empalmadas, referencia 2018",12,Administración pública,f035_positional
F035.PIB.V12.R.CLP.2018.COM.Z.Z.07.0.A,Comercio,07,Maule,A,Cuentas Nacionales,"PIB por actividad económica, Región del Maule, contribución porcentual respecto de igual periodo del año anterior, series empalmadas, referencia 2018",COM,Comercio,f035_positional
F035.PIB.V12.R.CLP.2018.CONT.Z.Z.07.0.A,Producto Interno Bruto,07,Maule,A,Cuentas Nacionales,"PIB por actividad económica, Región del Maule, contribución porcentual respecto de igual periodo del año anterior, series empalmadas, referencia 2018",CONT,PIB (contribución),f035_positional
F035.PIB.V12.R.CLP.2018.RH.Z.Z.07.0.A,Restaurantes y hoteles,07,Maule,A,Cuentas Nacionales,"PIB por actividad económica, Región del Maule, contribución porcentual respecto de igual periodo del año anterior, series empalmadas, referencia 2018",RH,Restaurantes y hoteles,f035_positional
F035.PIB.V12.R.CLP.2018.Z.Z.Z.07.0.A,Región del Maule,07,Maule,A,Cuentas Nacionales,"Producto interno bruto por región, contribución porcentual respecto de igual periodo del año anterior, series empalmadas, referencia 2018",,,f035_positional
F035.PIB.FLU.N.CLP.2008.01.Z.Z.08.0.A,Agropecuario-silvícola,08,Biobío,A,Cuentas Nacionales,"PIB por actividad económica, VIII Región del Bio Bio, precios corrientes, referencia 2008 (millones de pesos)",01,Agropecuario-silvícola,f035_positional
F035.PIB.FLU.N.CLP.2008.02.04.Z.08.0.A,Pesca,08,Biobío,A,Cuentas Nacionales,"PIB por actividad económica, VIII Región del Bio Bio, precios corrientes, referencia 2008 (millones de pesos)",02,Pesca,f035_positional
F035.PIB.FLU.N.CLP.2008.03.Z.Z.08.0.A,Minería,08,Biobío,A,Cuentas Nacionales,"PIB por actividad económica, VIII Región del Bio Bio, precios corrientes, referencia 2008 (millones de pesos)",03,Minería,f035_positional
F035.PIB.FLU.N.CLP.2008.04.Z.Z.08.0.A,Industria manufacturera,08,Biobío,A,Cuentas Nacionales,"PIB por actividad económica, VIII Región del Bio Bio, precios corrientes, referencia 2008 (millones de pesos)",04,Industria,f035_positional
F035.PIB.FLU.N.CLP.2008.05.Z.Z.08.0.A,"Electricidad, gas, agua y gestión de desechos",08,Biobío,A,Cuentas Nacionales,"PIB por actividad económica, VIII Región del Bio Bio, precios corrientes, referencia 2008 (millones de pesos)",05,"Electricidad, gas, agua y gestión de desechos",f035_positional
F035.PIB.FLU.N.CLP.2008.06.Z.Z.08.0.A,Construcción,08,Biobío,A,Cuentas Nacionales,"PIB por actividad económica, VIII Región del Bio Bio, precios corrientes, referencia 2008 (millones de pesos)",06,Construcción,f035_positional
F035.PIB.FLU.N.CLP.2008.07.Z.Z.08.0.A,"Comercio, restaurantes y hoteles",08,Biobío,A,Cuentas Nacionales,"PIB por actividad económica, VIII Región del Bio Bio, precios corrientes, referencia 2008 (millones de pesos)",07,"Comercio, restaurantes y hoteles",f035_positional
F035.PIB.FLU.N.CLP.2008.08.Z.Z.08.0.A,"Transportes, informacion y comunicaciones",08,Biobío,A,Cuentas Nacionales,"PIB por actividad económica, VIII Región del Bio Bio, precios corrientes, referencia 2008 (millones de pesos)",08,"Transporte, información y comunicaciones",f035_positional
F035.PIB.FLU.N.CLP.2008.09.21.Z.08.0.A,Servicios financieros y empresariales,08,Biobío,A,Cuentas Nacionales,"PIB por actividad económica, VIII Región del Bio Bio, precios corrientes, referencia 2008 (millones de pesos)",09,Servicios financieros y empresariales,f035_positional
F035.PIB.FLU.N.CLP.2008.10.Z.Z.08.0.A,Servicios de vivienda e inmobiliarios,08,Biobío,A,Cuentas Nacionales,"PIB por actividad económica, VIII Región del Bio Bio, precios corrientes, referencia 2008 (millones de pesos)",10,Servicios de vivienda e inmobiliarios,f035_positional
F035.PIB.FLU.N.CLP.2008.11.Z.Z.08.0.A,Servicios personales,08,Biobío,A,Cuentas Nacionales,"PIB por actividad económica, VIII Región del Bio Bio, precios corrientes, referencia 2008 (millones de pesos)",11,Servicios personales,f035_positional
F035.PIB.FLU.N.CLP.2008.12.Z.Z.08.0.A,Administración pública,08,Biobío,A,Cuentas Nacionales,"PIB por actividad económica, VIII Región del Bio Bio, precios corrientes, referencia 2008 (millones de pesos)",12,Administración pública,f035_positional
F035.PIB.FLU.N.CLP.2008.Z.Z.Z.08.0.A,VIII Del Biobío,08,Biobío,A,Cuentas Nacionales,"Producto interno bruto por región, precios corrientes, referencia 2008 (millones de pesos)",,,f035_positional
F035.PIB.FLU.N.CLP.2013.01.Z.Z.08.0.A,Agropecuario-silvícola,08,Biobío,A,Cuentas Nacionales,"PIB por actividad económica, Región del Bio Bio, precios corrientes, series empalmadas, referencia 2013 (miles de millones de pesos)",01,Agropecuario-silvícola,f035_positional
F035.PIB.FLU.N.CLP.2013.02.04.Z.08.0.A,Pesca,08,Biobío,A,Cuentas Nacionales,"PIB por actividad económica, Región del Bio Bio, precios corrientes, series empalmadas, referencia 2013 (miles de millones de pesos)",02,Pesca,f035_positional
F035.PIB.FLU.N.CLP.2013.03.Z.Z.08.0.A,Minería,08,Biobío,A,Cuentas Nacionales,"PIB por actividad económica, Región del Bio Bio, precios corrientes, series empalmadas, referencia 2013 (miles de millones de pesos)",03,Minería,f035_positional
F035.PIB.FLU.N.CLP.2013.04.Z.Z.08.0.A,Industria manufacturera,08,Biobío,A,Cuentas Nacionales,"PIB por actividad económica, Región del Bio Bio, precios corrientes, series empalmadas, referencia 2013 (miles de millones de pesos)",04,Industria,f035_positional
F035.PIB.FLU.N.CLP.2013.05.Z.Z.08.0.A,"Electricidad, gas, agua y gestión de desechos",08,Biobío,A,Cuentas Nacionales,"PIB por actividad económica, Región del Bio Bio, precios corrientes, series empalmadas, referencia 2013 (miles de millones de pesos)",05,"Electricidad, gas, agua y gestión de desechos",f035_positional
F035.PIB.FLU.N.CLP.2013.06.Z.Z.08.0.A,Construcción,08,Biobío,A,Cuentas Nacionales,"PIB por actividad económica, Región del Bio Bio, precios corrientes, series empalmadas, referencia 2013 (miles de millones de pesos)",06,Construcción,f035_positional
F035.PIB.FLU.N.CLP.2013.07.Z.Z.08.0.A,"Comercio, restaurantes y hoteles",08,Biobío,A,Cuentas Nacionales,"PIB por actividad económica, Región del Bio Bio, precios corrientes, series empalmadas, referencia 2013 (miles de millones de pesos)",07,"Comercio, restaurantes y hoteles",f035_positional
F035.PIB.FLU.N.CLP.2013.08.Z.Z.08.0.A,"Transporte, información y comunicaciones",08,Biobío,A,Cuentas Nacionales,"PIB por actividad económica, Región del Bio Bio, precios corrientes, series empalmadas, referencia 2013 (miles de millones de pesos)",08,"Transporte, información y comunicaciones",f035_positional
F035.PIB.FLU.N.CLP.2013.09.21.Z.08.0.A,Servicios financieros y empresariales,08,Biobío,A,Cuentas Nacionales,"PIB por actividad económica, Región del Bio Bio, precios corrientes, series empalmadas, referencia 2013 (miles de millones de pesos)",09,Servicios financieros y empresariales,f035_positional
F035.PIB.FLU.N.CLP.2013.10.Z.Z.08.0.A,Servicios de vivienda e inmobiliarios,08,Biobío,A,Cuentas Nacionales,"PIB por actividad económica, Región del Bio Bio, precios corrientes, series empalmadas, referencia 2013 (miles de millones de pesos)",10,Servicios de vivienda e inmobiliarios,f035_positional
F035.PIB.FLU.N.CLP.2013.11.Z.Z.08.0.A,Servicios personales,08,Biobío,A,Cuentas Nacionales,"PIB por actividad económica, Región del Bio Bio, precios corrientes, series empalmadas, referencia 2013 (miles de millones de pesos)",11,Servicios personales,f035_positional
F035.PIB.FLU.N.CLP.2013.12.Z.Z.08.0.A,Administración pública,08,Biobío,A,Cuentas Nacionales,"PIB por actividad económica, Región del Bio Bio, precios corrientes, series empalmadas, referencia 2013 (miles de millones de pesos)",12,Administración pública,f035_positional
F035.PIB.FLU.N.CLP.2013.Z.Z.Z.08.0.A,Región del Biobío,08,Biobío,A,Cuentas Nacionales,"Producto interno bruto por región, precios corrientes, series empalmadas, referencia 2013 (miles de millones de pesos)",,,f035_positional
F035.PIB.FLU.N.CLP.2018.01.Z.Z.08.0.A,Agropecuario-silvícola,08,Biobío,A,Cuentas Nacionales,"PIB por actividad económica, Región del Biobío, precios corrientes, series empalmadas, referencia 2018 (miles de millones de pesos)",01,Agropecuario-silvícola,f035_positional
F035.PIB.FLU.N.CLP.2018.02.04.Z.08.0.A,Pesca,08,Biobío,A,Cuentas Nacionales,"PIB por actividad económica, Región del Biobío, precios corrientes, series empalmadas, referencia 2018 (miles de millones de pesos)",02,Pesca,f035_positional
F035.PIB.FLU.N.CLP.2018.03.Z.Z.08.0.A,Minería,08,Biobío,A,Cuentas Nacionales,"PIB por actividad económica, Región del Biobío, precios corrientes, series empalmadas, referencia 2018 (miles de millones de pesos)",03,Minería,f035_positional
F035.PIB.FLU.N.CLP.2018.04.Z.Z.08.0.A,Industria manufacturera,08,Biobío,A,Cuentas Nacionales,"PIB por actividad económica, Región del Biobío, precios corrientes, series empalmadas, referencia 2018 (miles de millones de pesos)",04,Industria,f035_positional
F035.PIB.FLU.N.CLP.2018.05.Z.Z.08.0.A,"Electricidad, gas, agua y gestión de desechos",08,Biobío,A,Cuentas Nacionales,"PIB por actividad económica, Región del Biobío, precios corrientes, series empalmadas, referencia 2018 (miles de millones de pesos)",05,"Electricidad, gas, agua y gestión de desechos",f035_positional
F035.PIB.FLU.N.CLP.2018.06.Z.Z.08.0.A,Construcción,08,Biobío,A,Cuentas Nacionales,"PIB por actividad económica, Región del Biobío, precios corrientes, series empalmadas, referencia 2018 (miles de millones de pesos)",06,Construcción,f035_positional
F035.PIB.FLU.N.CLP.2018.08.Z.Z.08.0.A,"Transporte, información y comunicaciones",08,Biobío,A,Cuentas Nacionales,"PIB por actividad económica, Región del Biobío, precios corrientes, series empalmadas, referencia 2018 (miles de millones de pesos)",08,"Transporte, información y comunicaciones",f035_positional
F035.PIB.FLU.N.CLP.2018.09.21.Z.08.0.A,Servicios financieros y empresariales,08,Biobío,A,Cuentas Nacionales,"PIB por actividad económica, Región del Biobío, precios corrientes, series empalmadas, referencia 2018 (miles de millones de pesos)",09,Servicios financieros y empresariales,f035_positional
F035.PIB.FLU.N.CLP.2018.10.Z.Z.08.0.A,Servicios de vivienda e inmobiliarios,08,Biobío,A,Cuentas Nacionales,"PIB por actividad económica, Región del Biobío, precios corrientes, series empalmadas, referencia 2018 (miles de millones de pesos)",10,Servicios de vivienda e inmobiliarios,f035_positional
F035.PIB.FLU.N.CLP.2018.11.Z.Z.08.0.A,Servicios personales,08,Biobío,A,Cuentas Nacionales,"PIB por actividad económica, Región del Biobío, precios corrientes, series empalmadas, referencia 2018 (miles de millones de pesos)",11,Servicios personales,f035_positional
F035.PIB.FLU.N.CLP.2018.12.Z.Z.08.0.A,Administración pública,08,Biobío,A,Cuentas Nacionales,"PIB por actividad económica, Región del Biobío, precios corrientes, series empalmadas, referencia 2018 (miles de millones de pesos)",12,Administración pública,f035_positional
F035.PIB.FLU.N.CLP.2018.COM.Z.Z.08.0.A,Comercio,08,Biobío,A,Cuentas Nacionales,"PIB por actividad económica, Región del Biobío, precios corrientes, series empalmadas, referencia 2018 (miles de millones de pesos)",COM,Comercio,f035_positional
F035.PIB.FLU.N.CLP.2018.RH.Z.Z.08.0.A,Restaurantes y hoteles,08,Biobío,A,Cuentas Nacionales,"PIB por actividad económica, Región del Biobío, precios corrientes, series empalmadas, referencia 2018 (miles de millones de pesos)",RH,Restaurantes y hoteles,f035_positional
F035.PIB.FLU.N.CLP.2018.Z.Z.Z.08.0.A,Región del Biobío,08,Biobío,A,Cuentas Nacionales,"Producto interno bruto por región, precios corrientes, series empalmadas, referencia 2018 (miles de millones de pesos)",,,f035_positional
F035.PIB.FLU.R.CLP.1986.01.Z.Z.08.0.A,Agropecuario-silvícola,08,Biobío,A,Cuentas Nacionales,"PIB por actividad económica, VIII Región del Bio Bio, base 1986 (millones de pesos)",01,Agropecuario-silvícola,f035_positional
F035.PIB.FLU.R.CLP.1986.02.04.Z.08.0.A,Pesca,08,Biobío,A,Cuentas Nacionales,"PIB por actividad económica, VIII Región del Bio Bio, base 1986 (millones de pesos)",02,Pesca,f035_positional
F035.PIB.FLU.R.CLP.1986.03.Z.Z.08.0.A,Minería,08,Biobío,A,Cuentas Nacionales,"PIB por actividad económica, VIII Región del Bio Bio, base 1986 (millones de pesos)",03,Minería,f035_positional
F035.PIB.FLU.R.CLP.1986.04.Z.Z.08.0.A,Industria manufacturera,08,Biobío,A,Cuentas Nacionales,"PIB por actividad económica, VIII Región del Bio Bio, base 1986 (millones de pesos)",04,Industria,f035_positional
F035.PIB.FLU.R.CLP.1986.05.Z.Z.08.0.A,"Electricidad, gas y agua",08,Biobío,A,Cuentas Nacionales,"PIB por actividad económica, VIII Región del Bio Bio, base 1986 (millones de pesos)",05,"Electricidad, gas, agua y gestión de desechos",f035_positional
F035.PIB.FLU.R.CLP.1986.06.Z.Z.08.0.A,Construcción,08,Biobío,A,Cuentas Nacionales,"PIB por actividad económica, VIII Región del Bio Bio, base 1986 (millones de pesos)",06,Construcción,f035_positional
F035.PIB.FLU.R.CLP.1986.07.Z.Z.08.0.A,"Comercio, restaurantes y hoteles",08,Biobío,A,Cuentas Nacionales,"PIB por actividad económica, VIII Región del Bio Bio, base 1986 (millones de pesos)",07,"Comercio, restaurantes y hoteles",f035_positional
F035.PIB.FLU.R.CLP.1986.08.Z.Z.08.0.A,Transportes y comunicaciones,08,Biobío,A,Cuentas Nacionales,"PIB por actividad económica, VIII Región del Bio Bio, base 1986 (millones de pesos)",08,"Transporte, información y comunicaciones",f035_positional
F035.PIB.FLU.R.CLP.1986.09.21.27.08.0.A,Servicios financieros,08,Biobío,A,Cuentas Nacionales,"PIB por actividad económica, VIII Región del Bio Bio, base 1986 (millones de pesos)",09,Servicios financieros y empresariales,f035_positional
F035.PIB.FLU.R.CLP.1986.10.Z.Z.08.0.A,Propiedad de vivienda,08,Biobío,A,Cuentas Nacionales,"PIB por actividad económica, VIII Región del Bio Bio, base 1986 (millones de pesos)",10,Servicios de vivienda e inmobiliarios,f035_positional
F035.PIB.FLU.R.CLP.1986.11.Z.Z.08.0.A,Servicios personales,08,Biobío,A,Cuentas Nacionales,"PIB por actividad económica, VIII Región del Bio Bio, base 1986 (millones de pesos)",11,Servicios personales,f035_positional
F035.PIB.FLU.R.CLP.1986.12.Z.Z.08.0.A,Administración pública,08,Biobío,A,Cuentas Nacionales,"PIB por actividad económica, VIII Región del Bio Bio, base 1986 (millones de pesos)",12,Administración pública,f035_positional
F035.PIB.FLU.R.CLP.1986.Z.Z.Z.08.0.A,VIII Del Biobío,08,Biobío,A,Cuentas Nacionales,"Producto interno bruto por región, a precios constantes, base 1986 (millones de pesos)",,,f035_positional
F035.PIB.FLU.R.CLP.1996.01.Z.Z.08.0.A,Agropecuario-silvícola,08,Biobío,A,Cuentas Nacionales,"PIB por actividad económica, VIII Región del Bio Bio, base 1996 ( millones de pesos)",01,Agropecuario-silvícola,f035_positional
F035.PIB.FLU.R.CLP.1996.02.04.Z.08.0.A,Pesca,08,Biobío,A,Cuentas Nacionales,"PIB por actividad económica, VIII Región del Bio Bio, base 1996 ( millones de pesos)",02,Pesca,f035_positional
F035.PIB.FLU.R.CLP.1996.03.Z.Z.08.0.A,Minería,08,Biobío,A,Cuentas Nacionales,"PIB por actividad económica, VIII Región del Bio Bio, base 1996 ( millones de pesos)",03,Minería,f035_positional
F035.PIB.FLU.R.CLP.1996.04.Z.Z.08.0.A,Industria manufacturera,08,Biobío,A,Cuentas Nacionales,"PIB por actividad económica, VIII Región del Bio Bio, base 1996 ( millones de pesos)",04,Industria,f035_positional
F035.PIB.FLU.R.CLP.1996.05.Z.Z.08.0.A,"Electricidad, gas y agua",08,Biobío,A,Cuentas Nacionales,"PIB por actividad económica, VIII Región del Bio Bio, base 1996 ( millones de pesos)",05,"Electricidad, gas, agua y gestión de desechos",f035_positional
F035.PIB.FLU.R.CLP.1996.06.Z.Z.08.0.A,Construcción,08,Biobío,A,Cuentas Nacionales,"PIB por actividad económica, VIII Región del Bio Bio, base 1996 ( millones de pesos)",06,Construcción,f035_positional
F035.PIB.FLU.R.CLP.1996.07.Z.Z.08.0.A,"Comercio, restaurantes y hoteles",08,Biobío,A,Cuentas Nacionales,"PIB por actividad económica, VIII Región del Bio Bio, base 1996 ( millones de pesos)",07,"Comercio, restaurantes y hoteles",f035_positional
F035.PIB.FLU.R.CLP.1996.08.Z.Z.08.0.A,Transportes y comunicaciones,08,Biobío,A,Cuentas Nacionales,"PIB por actividad económica, VIII Región del Bio Bio, base 1996 ( millones de pesos)",08,"Transporte, información y comunicaciones",f035_positional
F035.PIB.FLU.R.CLP.1996.09.21.Z.08.0.A,Servicios financieros y empresariales,08,Biobío,A,Cuentas Nacionales,"PIB por actividad económica, VIII Región del Bio Bio, base 1996 ( millones de pesos)",09,Servicios financieros y empresariales,f035_positional
F035.PIB.FLU.R.CLP.1996.10.Z.Z.08.0.A,Propiedad de vivienda,08,Biobío,A,Cuentas Nacionales,"PIB por actividad económica, VIII Región del Bio Bio, base 1996 ( millones de pesos)",10,Servicios de vivienda e inmobiliarios,f035_positional
F035.PIB.FLU.R.CLP.1996.11.Z.Z.08.0.A,Servicios personales,08,Biobío,A,Cuentas Nacionales,"PIB por actividad económica, VIII Región del Bio Bio, base 1996 ( millones de pesos)",11,Servicios personales,f035_positional
F035.PIB.FLU.R.CLP.1996.12.Z.Z.08.0.A,Administración pública,08,Biobío,A,Cuentas Nacionales,"PIB por actividad económica, VIII Región del Bio Bio, base 1996 ( millones de pesos)",12,Administración pública,f035_positional
F035.PIB.FLU.R.CLP.1996.Z.Z.Z.08.0.A,VIII Del Biobío,08,Biobío,A,Cuentas Nacionales,"Producto interno bruto por región, a precios constantes, base 1996 ( millones de pesos)",,,f035_positional
F035.PIB.FLU.R.CLP.2003.01.Z.Z.08.0.A,Agropecuario-silvícola,08,Biobío,A,Cuentas Nacionales,"PIB por actividad económica, VIII Región del Bio Bio, base 2003 ( millones de pesos)",01,Agropecuario-silvícola,f035_positional
F035.PIB.FLU.R.CLP.2003.02.04.Z.08.0.A,Pesca,08,Biobío,A,Cuentas Nacionales,"PIB por actividad económica, VIII Región del Bio Bio, base 2003 ( millones de pesos)",02,Pesca,f035_positional
F035.PIB.FLU.R.CLP.2003.03.Z.Z.08.0.A,Minería,08,Biobío,A,Cuentas Nacionales,"PIB por actividad económica, VIII Región del Bio Bio, base 2003 ( millones de pesos)",03,Minería,f035_positional
F035.PIB.FLU.R.CLP.2003.04.Z.Z.08.0.A,Industria manufacturera,08,Biobío,A,Cuentas Nacionales,"PIB por actividad económica, VIII Región del Bio Bio, base 2003 ( millones de pesos)",04,Industria,f035_positional
F035.PIB.FLU.R.CLP.2003.05.Z.Z.08.0.A,"Electricidad, gas y agua",08,Biobío,A,Cuentas Nacionales,"PIB por actividad económica, VIII Región del Bio Bio, base 2003 ( millones de pesos)",05,"Electricidad, gas, agua y gestión de desechos",f035_positional
F035.PIB.FLU.R.CLP.2003.06.Z.Z.08.0.A,Construcción,08,Biobío,A,Cuentas Nacionales,"PIB por actividad económica, VIII Región del Bio Bio, base 2003 ( millones de pesos)",06,Construcción,f035_positional
F035.PIB.FLU.R.CLP.2003.07.Z.Z.08.0.A,"Comercio, restaurantes y hoteles",08,Biobío,A,Cuentas Nacionales,"PIB por actividad económica, VIII Región del Bio Bio, base 2003 ( millones de pesos)",07,"Comercio, restaurantes y hoteles",f035_positional
F035.PIB.FLU.R.CLP.2003.08.Z.Z.08.0.A,Transportes y comunicaciones,08,Biobío,A,Cuentas Nacionales,"PIB por actividad económica, VIII Región del Bio Bio, base 2003 ( millones de pesos)",08,"Transporte, información y comunicaciones",f035_positional
F035.PIB.FLU.R.CLP.2003.09.21.Z.08.0.A,Servicios financieros y empresariales,08,Biobío,A,Cuentas Nacionales,"PIB por actividad económica, VIII Región del Bio Bio, base 2003 ( millones de pesos)",09,Servicios financieros y empresariales,f035_positional
F035.PIB.FLU.R.CLP.2003.10.Z.Z.08.0.A,Propiedad de vivienda,08,Biobío,A,Cuentas Nacionales,"PIB por actividad económica, VIII Región del Bio Bio, base 2003 ( millones de pesos)",10,Servicios de vivienda e inmobiliarios,f035_positional
F035.PIB.FLU.R.CLP.2003.11.Z.Z.08.0.A,Servicios personales,08,Biobío,A,Cuentas Nacionales,"PIB por actividad económica, VIII Región del Bio Bio, base 2003 ( millones de pesos)",11,Servicios personales,f035_positional
F035.PIB.FLU.R.CLP.2003.12.Z.Z.08.0.A,Administración pública,08,Biobío,A,Cuentas Nacionales,"PIB por actividad económica, VIII Región del Bio Bio, base 2003 ( millones de pesos)",12,Administración pública,f035_positional
F035.PIB.FLU.R.CLP.2003.Z.Z.Z.08.0.A,VIII Del Biobío,08,Biobío,A,Cuentas Nacionales,"Producto interno bruto por región, a precios constantes, base 2003 ( millones de pesos)",,,f035_positional
F035.PIB.FLU.R.CLP.2008.01.Z.Z.08.0.A,Agropecuario-silvícola,08,Biobío,A,Cuentas Nacionales,"PIB por actividad económica, VIII Región del Bio Bio, volumen a precios del año anterior encadenado, referencia 2008 (millones de pesos encadenados)",01,Agropecuario-silvícola,f035_positional
F035.PIB.FLU.R.CLP.2008.02.04.Z.08.0.A,Pesca,08,Biobío,A,Cuentas Nacionales,"PIB por actividad económica, VIII Región del Bio Bio, volumen a precios del año anterior encadenado, referencia 2008 (millones de pesos encadenados)",02,Pesca,f035_positional
F035.PIB.FLU.R.CLP.2008.03.Z.Z.08.0.A,Minería,08,Biobío,A,Cuentas Nacionales,"PIB por actividad económica, VIII Región del Bio Bio, volumen a precios del año anterior encadenado, referencia 2008 (millones de pesos encadenados)",03,Minería,f035_positional
F035.PIB.FLU.R.CLP.2008.04.Z.Z.08.0.A,Industria manufacturera,08,Biobío,A,Cuentas Nacionales,"PIB por actividad económica, VIII Región del Bio Bio, volumen a precios del año anterior encadenado, referencia 2008 (millones de pesos encadenados)",04,Industria,f035_positional
F035.PIB.FLU.R.CLP.2008.05.Z.Z.08.0.A,"Electricidad, gas y agua",08,Biobío,A,Cuentas Nacionales,"PIB por actividad económica, VIII Región del Bio Bio, volumen a precios del año anterior encadenado, referencia 2008 (millones de pesos encadenados)",05,"Electricidad, gas, agua y gestión de desechos",f035_positional
F035.PIB.FLU.R.CLP.2008.06.Z.Z.08.0.A,Construcción,08,Biobío,A,Cuentas Nacionales,"PIB por actividad económica, VIII Región del Bio Bio, volumen a precios del año anterior encadenado, referencia 2008 (millones de pesos encadenados)",06,Construcción,f035_positional
F035.PIB.FLU.R.CLP.2008.07.Z.Z.08.0.A,"Comercio, restaurantes y hoteles",08,Biobío,A,Cuentas Nacionales,"PIB por actividad económica, VIII Región del Bio Bio, volumen a precios del año anterior encadenado, referencia 2008 (millones de pesos encadenados)",07,"Comercio, restaurantes y hoteles",f035_positional
F035.PIB.FLU.R.CLP.2008.08.Z.Z.08.0.A,Transportes y comunicaciones,08,Biobío,A,Cuentas Nacionales,"PIB por actividad económica, VIII Región del Bio Bio, volumen a precios del año anterior encadenado, referencia 2008 (millones de pesos encadenados)",08,"Transporte, información y comunicaciones",f035_positional
F035.PIB.FLU.R.CLP.2008.09.21.Z.08.0.A,Servicios financieros y empresariales,08,Biobío,A,Cuentas Nacionales,"PIB por actividad económica, VIII Región del Bio Bio, volumen a precios del año anterior encadenado, referencia 2008 (millones de pesos encadenados)",09,Servicios financieros y empresariales,f035_positional
F035.PIB.FLU.R.CLP.2008.10.Z.Z.08.0.A,Propiedad de vivienda,08,Biobío,A,Cuentas Nacionales,"PIB por actividad económica, VIII Región del Bio Bio, volumen a precios del año anterior encadenado, referencia 2008 (millones de pesos encadenados)",10,Servicios de vivienda e inmobiliarios,f035_positional
F035.PIB.FLU.R.CLP.2008.11.Z.Z.08.0.A,Servicios personales,08,Biobío,A,Cuentas Nacionales,"PIB por actividad económica, VIII Región del Bio Bio, volumen a precios del año anterior encadenado, referencia 2008 (millones de pesos encadenados)",11,Servicios personales,f035_positional
F035.PIB.FLU.R.CLP.2008.12.Z.Z.08.0.A,Administración pública,08,Biobío,A,Cuentas Nacionales,"PIB por actividad económica, VIII Región del Bio Bio, volumen a precios del año anterior encadenado, referencia 2008 (millones de pesos encadenados)",12,Administración pública,f035_positional
F035.PIB.FLU.R.CLP.2008.Z.Z.Z.08.0.A,VIII Del Biobío,08,Biobío,A,Cuentas Nacionales,"Producto interno bruto por región, volumen a precios del año anterior encadenado, referencia 2008 (millones de pesos encadenados)",,,f035_positional
F035.PIB.FLU.R.CLP.2013.01.Z.Z.08.0.A,Agropecuario-silvícola,08,Biobío,A,Cuentas Nacionales,"PIB por actividad económica, Región del Bio Bio, volumen a precios del año anterior encadenado, series empalmadas, referencia 2013 (miles de millones de pesos encadenados)",01,Agropecuario-silvícola,f035_positional
F035.PIB.FLU.R.CLP.2013.02.04.Z.08.0.A,Pesca,08,Biobío,A,Cuentas Nacionales,"PIB por actividad económica, Región del Bio Bio, volumen a precios del año anterior encadenado, series empalmadas, referencia 2013 (miles de millones de pesos encadenados)",02,Pesca,f035_positional
F035.PIB.FLU.R.CLP.2013.03.Z.Z.08.0.A,Minería,08,Biobío,A,Cuentas Nacionales,"PIB por actividad económica, Región del Bio Bio, volumen a precios del año anterior encadenado, series empalmadas, referencia 2013 (miles de millones de pesos encadenados)",03,Minería,f035_positional
F035.PIB.FLU.R.CLP.2013.04.Z.Z.08.0.A,Industria manufacturera,08,Biobío,A,Cuentas Nacionales,"PIB por actividad económica, Región del Bio Bio, volumen a precios del año anterior encadenado, series empalmadas, referencia 2013 (miles de millones de pesos encadenados)",04,Industria,f035_positional
F035.PIB.FLU.R.CLP.2013.05.Z.Z.08.0.A,"Electricidad, gas, agua y gestión de desechos",08,Biobío,A,Cuentas Nacionales,"PIB por actividad económica, Región del Bio Bio, volumen a precios del año anterior encadenado, series empalmadas, referencia 2013 (miles de millones de pesos encadenados)",05,"Electricidad, gas, agua y gestión de desechos",f035_positional
F035.PIB.FLU.R.CLP.2013.06.Z.Z.08.0.A,Construcción,08,Biobío,A,Cuentas Nacionales,"PIB por actividad económica, Región del Bio Bio, volumen a precios del año anterior encadenado, series empalmadas, referencia 2013 (miles de millones de pesos encadenados)",06,Construcción,f035_positional
F035.PIB.FLU.R.CLP.2013.07.Z.Z.08.0.A,"Comercio, restaurantes y hoteles",08,Biobío,A,Cuentas Nacionales,"PIB por actividad económica, Región del Bio Bio, volumen a precios del año anterior encadenado, series empalmadas, referencia 2013 (miles de millones de pesos encadenados)",07,"Comercio, restaurantes y hoteles",f035_positional
F035.PIB.FLU.R.CLP.2013.08.Z.Z.08.0.A,"Transporte, información y comunicaciones",08,Biobío,A,Cuentas Nacionales,"PIB por actividad económica, Región del Bio Bio, volumen a precios del año anterior encadenado, series empalmadas, referencia 2013 (miles de millones de pesos encadenados)",08,"Transporte, información y comunicaciones",f035_positional
F035.PIB.FLU.R.CLP.2013.09.21.Z.08.0.A,Servicios financieros y empresariales,08,Biobío,A,Cuentas Nacionales,"PIB por actividad económica, Región del Bio Bio, volumen a precios del año anterior encadenado, series empalmadas, referencia 2013 (miles de millones de pesos encadenados)",09,Servicios financieros y empresariales,f035_positional
F035.PIB.FLU.R.CLP.2013.10.Z.Z.08.0.A,Servicios de vivienda e inmobiliarios,08,Biobío,A,Cuentas Nacionales,"PIB por actividad económica, Región del Bio Bio, volumen a precios del año anterior encadenado, series empalmadas, referencia 2013 (miles de millones de pesos encadenados)",10,Servicios de vivienda e inmobiliarios,f035_positional
F035.PIB.FLU.R.CLP.2013.11.Z.Z.08.0.A,Servicios personales,08,Biobío,A,Cuentas Nacionales,"PIB por actividad económica, Región del Bio Bio, volumen a precios del año anterior encadenado, series empalmadas, referencia 2013 (miles de millones de pesos encadenados)",11,Servicios personales,f035_positional
F035.PIB.FLU.R.CLP.2013.12.Z.Z.08.0.A,Administración pública,08,Biobío,A,Cuentas Nacionales,"PIB por actividad económica, Región del Bio Bio, volumen a precios del año anterior encadenado, series empalmadas, referencia 2013 (miles de millones de pesos encadenados)",12,Administración pública,f035_positional
F035.PIB.FLU.R.CLP.2013.Z.Z.Z.08.0.A,Región del Biobío,08,Biobío,A,Cuentas Nacionales,"Producto interno bruto por región, volumen a precios del año anterior encadenado, series empalmadas, referencia 2013 (miles de millones de pesos encadenados)",,,f035_positional
F035.PIB.FLU.R.CLP.2018.01.Z.Z.08.0.A,Agropecuario-silvícola,08,Biobío,A,Cuentas Nacionales,"PIB por actividad económica, Región del Biobío, volumen a precios del año anterior encadenado, series empalmadas, referencia 2018 (miles de millones de pesos encadenados)",01,Agropecuario-silvícola,f035_positional
F035.PIB.FLU.R.CLP.2018.02.04.Z.08.0.A,Pesca,08,Biobío,A,Cuentas Nacionales,"PIB por actividad económica, Región del Biobío, volumen a precios del año anterior encadenado, series empalmadas, referencia 2018 (miles de millones de pesos encadenados)",02,Pesca,f035_positional
F035.PIB.FLU.R.CLP.2018.03.Z.Z.08.0.A,Minería,08,Biobío,A,Cuentas Nacionales,"PIB por actividad económica, Región del Biobío, volumen a precios del año anterior encadenado, series empalmadas, referencia 2018 (miles de millones de pesos encadenados)",03,Minería,f035_positional
F035.PIB.FLU.R.CLP.2018.04.Z.Z.08.0.A,Industria manufacturera,08,Biobío,A,Cuentas Nacionales,"PIB por actividad económica, Región del Biobío, volumen a precios del año anterior encadenado, series empalmadas, referencia 2018 (miles de millones de pesos encadenados)",04,Industria,f035_positional
F035.PIB.FLU.R.CLP.2018.05.Z.Z.08.0.A,"Electricidad, gas, agua y gestión de desechos",08,Biobío,A,Cuentas Nacionales,"PIB por actividad económica, Región del Biobío, volumen a precios del año anterior encadenado, series empalmadas, referencia 2018 (miles de millones de pesos encadenados)",05,"Electricidad, gas, agua y gestión de desechos",f035_positional
F035.PIB.FLU.R.CLP.2018.06.Z.Z.08.0.A,Construcción,08,Biobío,A,Cuentas Nacionales,"PIB por actividad económica, Región del Biobío, volumen a precios del año anterior encadenado, series empalmadas, referencia 2018 (miles de millones de pesos encadenados)",06,Construcción,f035_positional
F035.PIB.FLU.R.CLP.2018.08.Z.Z.08.0.A,"Transporte, información y comunicaciones",08,Biobío,A,Cuentas Nacionales,"PIB por actividad económica, Región del Biobío, volumen a precios del año anterior encadenado, series empalmadas, referencia 2018 (miles de millones de pesos encadenados)",08,"Transporte, información y comunicaciones",f035_positional
F035.PIB.FLU.R.CLP.2018.09.21.Z.08.0.A,Servicios financieros y empresariales,08,Biobío,A,Cuentas Nacionales,"PIB por actividad económica, Región del Biobío, volumen a precios del año anterior encadenado, series empalmadas, referencia 2018 (miles de millones de pesos encadenados)",09,Servicios financieros y empresariales,f035_positional
F035.PIB.FLU.R.CLP.2018.10.Z.Z.08.0.A,Servicios de vivienda e inmobiliarios,08,Biobío,A,Cuentas Nacionales,"PIB por actividad económica, Región del Biobío, volumen a precios del año anterior encadenado, series empalmadas, referencia 2018 (miles de millones de pesos encadenados)",10,Servicios de vivienda e inmobiliarios,f035_positional
F035.PIB.FLU.R.CLP.2018.11.Z.Z.08.0.A,Servicios personales,08,Biobío,A,Cuentas Nacionales,"PIB por actividad económica, Región del Biobío, volumen a precios del año anterior encadenado, series empalmadas, referencia 2018 (miles de millones de pesos encadenados)",11,Servicios personales,f035_positional
F035.PIB.FLU.R.CLP.2018.12.Z.Z.08.0.A,Administración pública,08,Biobío,A,Cuentas Nacionales,"PIB por actividad económica, Región del Biobío, volumen a precios del año anterior encadenado, series empalmadas, referencia 2018 (miles de millones de pesos encadenados)",12,Administración pública,f035_positional
F035.PIB.FLU.R.CLP.2018.COM.Z.Z.08.0.A,Comercio,08,Biobío,A,Cuentas Nacionales,"PIB por actividad económica, Región del Biobío, volumen a precios del año anterior encadenado, series empalmadas, referencia 2018 (miles de millones de pesos encadenados)",COM,Comercio,f035_positional
F035.PIB.FLU.R.CLP.2018.RH.Z.Z.08.0.A,Restaurantes y hoteles,08,Biobío,A,Cuentas Nacionales,"PIB por actividad económica, Región del Biobío, volumen a precios del año anterior encadenado, series empalmadas, referencia 2018 (miles de millones de pesos encadenados)",RH,Restaurantes y hoteles,f035_positional
F035.PIB.FLU.R.CLP.2018.Z.Z.Z.08.0.A,Producto interno bruto,08,Biobío,A,Cuentas Nacionales,"PIB por actividad económica, Región del Biobío, volumen a precios del año anterior encadenado, series empalmadas, referencia 2018 (miles de millones de pesos encadenados)",,,f035_positional
F035.PIB.V12.R.CLP.2008.Z.Z.Z.08.0.A,VIII Del Biobío,08,Biobío,A,Cuentas Nacionales,"Producto interno bruto por región, contribución porcentual respecto de igual periodo del año anterior, referencia 2008 .",,,f035_positional
F035.PIB.V12.R.CLP.2013.Z.Z.Z.08.0.A,Región del Biobío,08,Biobío,A,Cuentas Nacionales,"Producto interno bruto por región, contribución porcentual respecto de igual periodo del año anterior, series empalmadas, referencia 2013 .",,,f035_positional
F035.PIB.V12.R.CLP.2018.01.Z.Z.08.0.A,Agropecuario-silvícola,08,Biobío,A,Cuentas Nacionales,"PIB por actividad económica, Región del Biobío, contribución porcentual respecto de igual periodo del año anterior, series empalmadas, referencia 2018ia 2018",01,Agropecuario-silvícola,f035_positional
F035.PIB.V12.R.CLP.2018.02.04.Z.08.0.A,Pesca,08,Biobío,A,Cuentas Nacionales,"PIB por actividad económica, Región del Biobío, contribución porcentual respecto de igual periodo del año anterior, series empalmadas, referencia 2018ia 2018",02,Pesca,f035_positional
F035.PIB.V12.R.CLP.2018.03.Z.Z.08.0.A,Minería,08,Biobío,A,Cuentas Nacionales,"PIB por actividad económica, Región del Biobío, contribución porcentual respecto de igual periodo del año anterior, series empalmadas, referencia 2018ia 2018",03,Minería,f035_positional
F035.PIB.V12.R.CLP.2018.04.Z.Z.08.0.A,Industria manufacturera,08,Biobío,A,Cuentas Nacionales,"PIB por actividad económica, Región del Biobío, contribución porcentual respecto de igual periodo del año anterior, series empalmadas, referencia 2018ia 2018",04,Industria,f035_positional
F035.PIB.V12.R.CLP.2018.05.Z.Z.08.0.A,"Electricidad, gas, agua y gestión de desechos",08,Biobío,A,Cuentas Nacionales,"PIB por actividad económica, Región del Biobío, contribución porcentual respecto de igual periodo del año anterior, series empalmadas, referencia 2018ia 2018",05,"Electricidad, gas, agua y gestión de desechos",f035_positional
F035.PIB.V12.R.CLP.2018.06.Z.Z.08.0.A,Construcción,08,Biobío,A,Cuentas Nacionales,"PIB por actividad económica, Región del Biobío, contribución porcentual respecto de igual periodo del año anterior, series empalmadas, referencia 2018ia 2018",06,Construcción,f035_positional
F035.PIB.V12.R.CLP.2018.08.Z.Z.08.0.A,"Transporte, información y comunicaciones",08,Biobío,A,Cuentas Nacionales,"PIB por actividad económica, Región del Biobío, contribución porcentual respecto de igual periodo del año anterior, series empalmadas, referencia 2018ia 2018",08,"Transporte, información y comunicaciones",f035_positional
F035.PIB.V12.R.CLP.2018.09.21.Z.08.0.A,Servicios financieros y empresariales,08,Biobío,A,Cuentas Nacionales,"PIB por actividad económica, Región del Biobío, contribución porcentual respecto de igual periodo del año anterior, series empalmadas, referencia 2018ia 2018",09,Servicios financieros y empresariales,f035_positional
F035.PIB.V12.R.CLP.2018.10.Z.Z.08.0.A,Servicios de vivienda e inmobiliarios,08,Biobío,A,Cuentas Nacionales,"PIB por actividad económica, Región del Biobío, contribución porcentual respecto de igual periodo del año anterior, series empalmadas, referencia 2018ia 2018",10,Servicios de vivienda e inmobiliarios,f035_positional
F035.PIB.V12.R.CLP.2018.11.Z.Z.08.0.A,Servicios personales,08,Biobío,A,Cuentas Nacionales,"PIB por actividad económica, Región del Biobío, contribución porcentual respecto de igual periodo del año anterior, series empalmadas, referencia 2018ia 2018",11,Servicios personales,f035_positional
F035.PIB.V12.R.CLP.2018.12.Z.Z.08.0.A,Administración pública,08,Biobío,A,Cuentas Nacionales,"PIB por actividad económica, Región del Biobío, contribución porcentual respecto de igual periodo del año anterior, series empalmadas, referencia 2018ia 2018",12,Administración pública,f035_positional
F035.PIB.V12.R.CLP.2018.COM.Z.Z.08.0.A,Comercio,08,Biobío,A,Cuentas Nacionales,"PIB por actividad económica, Región del Biobío, contribución porcentual respecto de igual periodo del año anterior, series empalmadas, referencia 2018ia 2018",COM,Comercio,f035_positional
F035.PIB.V12.R.CLP.2018.CONT.Z.Z.08.0.A,Producto Interno Bruto,08,Biobío,A,Cuentas Nacionales,"PIB por actividad económica, Región del Biobío, contribución porcentual respecto de igual periodo del año anterior, series empalmadas, referencia 2018ia 2018",CONT,PIB (contribución),f035_positional
F035.PIB.V12.R.CLP.2018.RH.Z.Z.08.0.A,Restaurantes y hoteles,08,Biobío,A,Cuentas Nacionales,"PIB por actividad económica, Región del Biobío, contribución porcentual respecto de igual periodo del año anterior, series empalmadas, referencia 2018ia 2018",RH,Restaurantes y hoteles,f035_positional
F035.PIB.V12.R.CLP.2018.Z.Z.Z.08.0.A,Región del Biobío,08,Biobío,A,Cuentas Nacionales,"Producto interno bruto por región, contribución porcentual respecto de igual periodo del año anterior, series empalmadas, referencia 2018",,,f035_positional
F035.PIB.FLU.N.CLP.2008.01.Z.Z.09.0.A,Agropecuario-silvícola,09,La Araucanía,A,Cuentas Nacionales,"PIB por actividad económica, IX Región de la Araucanía, precios corrientes, referencia 2008 (millones de pesos)",01,Agropecuario-silvícola,f035_positional
F035.PIB.FLU.N.CLP.2008.02.04.Z.09.0.A,Pesca,09,La Araucanía,A,Cuentas Nacionales,"PIB por actividad económica, IX Región de la Araucanía, precios corrientes, referencia 2008 (millones de pesos)",02,Pesca,f035_positional
F035.PIB.FLU.N.CLP.2008.03.Z.Z.09.0.A,Minería,09,La Araucanía,A,Cuentas Nacionales,"PIB por actividad económica, IX Región de la Araucanía, precios corrientes, referencia 2008 (millones de pesos)",03,Minería,f035_positional
F035.PIB.FLU.N.CLP.2008.04.Z.Z.09.0.A,Industria manufacturera,09,La Araucanía,A,Cuentas Nacionales,"PIB por actividad económica, IX Región de la Araucanía, precios corrientes, referencia 2008 (millones de pesos)",04,Industria,f035_positional
F035.PIB.FLU.N.CLP.2008.05.Z.Z.09.0.A,"Electricidad, gas, agua y gestión de desechos",09,La Araucanía,A,Cuentas Nacionales,"PIB por actividad económica, IX Región de la Araucanía, precios corrientes, referencia 2008 (millones de pesos)",05,"Electricidad, gas, agua y gestión de desechos",f035_positional
F035.PIB.FLU.N.CLP.2008.06.Z.Z.09.0.A,Construcción,09,La Araucanía,A,Cuentas Nacionales,"PIB por actividad económica, IX Región de la Araucanía, precios corrientes, referencia 2008 (millones de pesos)",06,Construcción,f035_positional
F035.PIB.FLU.N.CLP.2008.07.Z.Z.09.0.A,"Comercio, restaurantes y hoteles",09,La Araucanía,A,Cuentas Nacionales,"PIB por actividad económica, IX Región de la Araucanía, precios corrientes, referencia 2008 (millones de pesos)",07,"Comercio, restaurantes y hoteles",f035_positional
F035.PIB.FLU.N.CLP.2008.08.Z.Z.09.0.A,"Transportes, informacion y comunicaciones",09,La Araucanía,A,Cuentas Nacionales,"PIB por actividad económica, IX Región de la Araucanía, precios corrientes, referencia 2008 (millones de pesos)",08,"Transporte, información y comunicaciones",f035_positional
F035.PIB.FLU.N.CLP.2008.09.21.Z.09.0.A,Servicios financieros y empresariales,09,La Araucanía,A,Cuentas Nacionales,"PIB por actividad económica, IX Región de la Araucanía, precios corrientes, referencia 2008 (millones de pesos)",09,Servicios financieros y empresariales,f035_positional
F035.PIB.FLU.N.CLP.2008.10.Z.Z.09.0.A,Servicios de vivienda e inmobiliarios,09,La Araucanía,A,Cuentas Nacionales,"PIB por actividad económica, IX Región de la Araucanía, precios corrientes, referencia 2008 (millones de pesos)",10,Servicios de vivienda e inmobiliarios,f035_positional
F035.PIB.FLU.N.CLP.2008.11.Z.Z.09.0.A,Servicios personales,09,La Araucanía,A,Cuentas Nacionales,"PIB por actividad económica, IX Región de la Araucanía, precios corrientes, referencia 2008 (millones de pesos)",11,Servicios personales,f035_positional
F035.PIB.FLU.N.CLP.2008.12.Z.Z.09.0.A,Administración pública,09,La Araucanía,A,Cuentas Nacionales,"PIB por actividad económica, IX Región de la Araucanía, precios corrientes, referencia 2008 (millones de pesos)",12,Administración pública,f035_positional
F035.PIB.FLU.N.CLP.2008.Z.Z.Z.09.0.A,IX De La Araucanía,09,La Araucanía,A,Cuentas Nacionales,"Producto interno bruto por región, precios corrientes, referencia 2008 (millones de pesos)",,,f035_positional
F035.PIB.FLU.N.CLP.2013.01.Z.Z.09.0.A,Agropecuario-silvícola,09,La Araucanía,A,Cuentas Nacionales,"PIB por actividad económica, Región de la Araucanía, precios corrientes, series empalmadas, referencia 2013 (miles de millones de pesos)",01,Agropecuario-silvícola,f035_positional
F035.PIB.FLU.N.CLP.2013.02.04.Z.09.0.A,Pesca,09,La Araucanía,A,Cuentas Nacionales,"PIB por actividad económica, Región de la Araucanía, precios corrientes, series empalmadas, referencia 2013 (miles de millones de pesos)",02,Pesca,f035_positional
F035.PIB.FLU.N.CLP.2013.03.Z.Z.09.0.A,Minería,09,La Araucanía,A,Cuentas Nacionales,"PIB por actividad económica, Región de la Araucanía, precios corrientes, series empalmadas, referencia 2013 (miles de millones de pesos)",03,Minería,f035_positional
F035.PIB.FLU.N.CLP.2013.04.Z.Z.09.0.A,Industria manufacturera,09,La Araucanía,A,Cuentas Nacionales,"PIB por actividad económica, Región de la Araucanía, precios corrientes, series empalmadas, referencia 2013 (miles de millones de pesos)",04,Industria,f035_positional
F035.PIB.FLU.N.CLP.2013.05.Z.Z.09.0.A,"Electricidad, gas, agua y gestión de desechos",09,La Araucanía,A,Cuentas Nacionales,"PIB por actividad económica, Región de la Araucanía, precios corrientes, series empalmadas, referencia 2013 (miles de millones de pesos)",05,"Electricidad, gas, agua y gestión de desechos",f035_positional
F035.PIB.FLU.N.CLP.2013.06.Z.Z.09.0.A,Construcción,09,La Araucanía,A,Cuentas Nacionales,"PIB por actividad económica, Región de la Araucanía, precios corrientes, series empalmadas, referencia 2013 (miles de millones de pesos)",06,Construcción,f035_positional
F035.PIB.FLU.N.CLP.2013.07.Z.Z.09.0.A,"Comercio, restaurantes y hoteles",09,La Araucanía,A,Cuentas Nacionales,"PIB por actividad económica, Región de la Araucanía, precios corrientes, series empalmadas, referencia 2013 (miles de millones de pesos)",07,"Comercio, restaurantes y hoteles",f035_positional
F035.PIB.FLU.N.CLP.2013.08.Z.Z.09.0.A,"Transporte, información y comunicaciones",09,La Araucanía,A,Cuentas Nacionales,"PIB por actividad económica, Región de la Araucanía, precios corrientes, series empalmadas, referencia 2013 (miles de millones de pesos)",08,"Transporte, información y comunicaciones",f035_positional
F035.PIB.FLU.N.CLP.2013.09.21.Z.09.0.A,Servicios financieros y empresariales,09,La Araucanía,A,Cuentas Nacionales,"PIB por actividad económica, Región de la Araucanía, precios corrientes, series empalmadas, referencia 2013 (miles de millones de pesos)",09,Servicios financieros y empresariales,f035_positional
F035.PIB.FLU.N.CLP.2013.10.Z.Z.09.0.A,Servicios de vivienda e inmobiliarios,09,La Araucanía,A,Cuentas Nacionales,"PIB por actividad económica, Región de la Araucanía, precios corrientes, series empalmadas, referencia 2013 (miles de millones de pesos)",10,Servicios de vivienda e inmobiliarios,f035_positional
F035.PIB.FLU.N.CLP.2013.11.Z.Z.09.0.A,Servicios personales,09,La Araucanía,A,Cuentas Nacionales,"PIB por actividad económica, Región de la Araucanía, precios corrientes, series empalmadas, referencia 2013 (miles de millones de pesos)",11,Servicios personales,f035_positional
F035.PIB.FLU.N.CLP.2013.12.Z.Z.09.0.A,Administración pública,09,La Araucanía,A,Cuentas Nacionales,"PIB por actividad económica, Región de la Araucanía, precios corrientes, series empalmadas, referencia 2013 (miles de millones de pesos)",12,Administración pública,f035_positional
F035.PIB.FLU.N.CLP.2013.Z.Z.Z.09.0.A,Región de La Araucanía,09,La Araucanía,A,Cuentas Nacionales,"Producto interno bruto por región, precios corrientes, series empalmadas, referencia 2013 (miles de millones de pesos)",,,f035_positional
F035.PIB.FLU.N.CLP.2018.01.Z.Z.09.0.A,Agropecuario-silvícola,09,La Araucanía,A,Cuentas Nacionales,"PIB por actividad económica, Región de La Araucanía, precios corrientes, series empalmadas, referencia 2018 (miles de millones de pesos)",01,Agropecuario-silvícola,f035_positional
F035.PIB.FLU.N.CLP.2018.02.04.Z.09.0.A,Pesca,09,La Araucanía,A,Cuentas Nacionales,"PIB por actividad económica, Región de La Araucanía, precios corrientes, series empalmadas, referencia 2018 (miles de millones de pesos)",02,Pesca,f035_positional
F035.PIB.FLU.N.CLP.2018.03.Z.Z.09.0.A,Minería,09,La Araucanía,A,Cuentas Nacionales,"PIB por actividad económica, Región de La Araucanía, precios corrientes, series empalmadas, referencia 2018 (miles de millones de pesos)",03,Minería,f035_positional
F035.PIB.FLU.N.CLP.2018.04.Z.Z.09.0.A,Industria manufacturera,09,La Araucanía,A,Cuentas Nacionales,"PIB por actividad económica, Región de La Araucanía, precios corrientes, series empalmadas, referencia 2018 (miles de millones de pesos)",04,Industria,f035_positional
F035.PIB.FLU.N.CLP.2018.05.Z.Z.09.0.A,"Electricidad, gas, agua y gestión de desechos",09,La Araucanía,A,Cuentas Nacionales,"PIB por actividad económica, Región de La Araucanía, precios corrientes, series empalmadas, referencia 2018 (miles de millones de pesos)",05,"Electricidad, gas, agua y gestión de desechos",f035_positional
F035.PIB.FLU.N.CLP.2018.06.Z.Z.09.0.A,Construcción,09,La Araucanía,A,Cuentas Nacionales,"PIB por actividad económica, Región de La Araucanía, precios corrientes, series empalmadas, referencia 2018 (miles de millones de pesos)",06,Construcción,f035_positional
F035.PIB.FLU.N.CLP.2018.08.Z.Z.09.0.A,"Transporte, información y comunicaciones",09,La Araucanía,A,Cuentas Nacionales,"PIB por actividad económica, Región de La Araucanía, precios corrientes, series empalmadas, referencia 2018 (miles de millones de pesos)",08,"Transporte, información y comunicaciones",f035_positional
F035.PIB.FLU.N.CLP.2018.09.21.Z.09.0.A,Servicios financieros y empresariales,09,La Araucanía,A,Cuentas Nacionales,"PIB por actividad económica, Región de La Araucanía, precios corrientes, series empalmadas, referencia 2018 (miles de millones de pesos)",09,Servicios financieros y empresariales,f035_positional
F035.PIB.FLU.N.CLP.2018.10.Z.Z.09.0.A,Servicios de vivienda e inmobiliarios,09,La Araucanía,A,Cuentas Nacionales,"PIB por actividad económica, Región de La Araucanía, precios corrientes, series empalmadas, referencia 2018 (miles de millones de pesos)",10,Servicios de vivienda e inmobiliarios,f035_positional
F035.PIB.FLU.N.CLP.2018.11.Z.Z.09.0.A,Servicios personales,09,La Araucanía,A,Cuentas Nacionales,"PIB por actividad económica, Región de La Araucanía, precios corrientes, series empalmadas, referencia 2018 (miles de millones de pesos)",11,Servicios personales,f035_positional
F035.PIB.FLU.N.CLP.2018.12.Z.Z.09.0.A,Administración pública,09,La Araucanía,A,Cuentas Nacionales,"PIB por actividad económica, Región de La Araucanía, precios corrientes, series empalmadas, referencia 2018 (miles de millones de pesos)",12,Administración pública,f035_positional
F035.PIB.FLU.N.CLP.2018.COM.Z.Z.09.0.A,Comercio,09,La Araucanía,A,Cuentas Nacionales,"PIB por actividad económica, Región de La Araucanía, precios corrientes, series empalmadas, referencia 2018 (miles de millones de pesos)",COM,Comercio,f035_positional
F035.PIB.FLU.N.CLP.2018.RH.Z.Z.09.0.A,Restaurantes y hoteles,09,La Araucanía,A,Cuentas Nacionales,"PIB por actividad económica, Región de La Araucanía, precios corrientes, series empalmadas, referencia 2018 (miles de millones de pesos)",RH,Restaurantes y hoteles,f035_positional
F035.PIB.FLU.N.CLP.2018.Z.Z.Z.09.0.A,Región de La Araucanía,09,La Araucanía,A,Cuentas Nacionales,"Producto interno bruto por región, precios corrientes, series empalmadas, referencia 2018 (miles de millones de pesos)",,,f035_positional
F035.PIB.FLU.R.CLP.1986.01.Z.Z.09.0.A,Agropecuario-silvícola,09,La Araucanía,A,Cuentas Nacionales,"PIB por actividad económica, IX Región de la Araucanía, base 1986 (millones de pesos)",01,Agropecuario-silvícola,f035_positional
F035.PIB.FLU.R.CLP.1986.02.04.Z.09.0.A,Pesca,09,La Araucanía,A,Cuentas Nacionales,"PIB por actividad económica, IX Región de la Araucanía, base 1986 (millones de pesos)",02,Pesca,f035_positional
F035.PIB.FLU.R.CLP.1986.03.Z.Z.09.0.A,Minería,09,La Araucanía,A,Cuentas Nacionales,"PIB por actividad económica, IX Región de la Araucanía, base 1986 (millones de pesos)",03,Minería,f035_positional
F035.PIB.FLU.R.CLP.1986.04.Z.Z.09.0.A,Industria manufacturera,09,La Araucanía,A,Cuentas Nacionales,"PIB por actividad económica, IX Región de la Araucanía, base 1986 (millones de pesos)",04,Industria,f035_positional
F035.PIB.FLU.R.CLP.1986.05.Z.Z.09.0.A,"Electricidad, gas y agua",09,La Araucanía,A,Cuentas Nacionales,"PIB por actividad económica, IX Región de la Araucanía, base 1986 (millones de pesos)",05,"Electricidad, gas, agua y gestión de desechos",f035_positional
F035.PIB.FLU.R.CLP.1986.06.Z.Z.09.0.A,Construcción,09,La Araucanía,A,Cuentas Nacionales,"PIB por actividad económica, IX Región de la Araucanía, base 1986 (millones de pesos)",06,Construcción,f035_positional
F035.PIB.FLU.R.CLP.1986.07.Z.Z.09.0.A,"Comercio, restaurantes y hoteles",09,La Araucanía,A,Cuentas Nacionales,"PIB por actividad económica, IX Región de la Araucanía, base 1986 (millones de pesos)",07,"Comercio, restaurantes y hoteles",f035_positional
F035.PIB.FLU.R.CLP.1986.08.Z.Z.09.0.A,Transportes y comunicaciones,09,La Araucanía,A,Cuentas Nacionales,"PIB por actividad económica, IX Región de la Araucanía, base 1986 (millones de pesos)",08,"Transporte, información y comunicaciones",f035_positional
F035.PIB.FLU.R.CLP.1986.09.21.27.09.0.A,Servicios financieros,09,La Araucanía,A,Cuentas Nacionales,"PIB por actividad económica, IX Región de la Araucanía, base 1986 (millones de pesos)",09,Servicios financieros y empresariales,f035_positional
F035.PIB.FLU.R.CLP.1986.10.Z.Z.09.0.A,Propiedad de vivienda,09,La Araucanía,A,Cuentas Nacionales,"PIB por actividad económica, IX Región de la Araucanía, base 1986 (millones de pesos)",10,Servicios de vivienda e inmobiliarios,f035_positional
F035.PIB.FLU.R.CLP.1986.11.Z.Z.09.0.A,Servicios personales,09,La Araucanía,A,Cuentas Nacionales,"PIB por actividad económica, IX Región de la Araucanía, base 1986 (millones de pesos)",11,Servicios personales,f035_positional
F035.PIB.FLU.R.CLP.1986.12.Z.Z.09.0.A,Administración pública,09,La Araucanía,A,Cuentas Nacionales,"PIB por actividad económica, IX Región de la Araucanía, base 1986 (millones de pesos)",12,Administración pública,f035_positional
F035.PIB.FLU.R.CLP.1986.Z.Z.Z.09.0.A,IX De La Araucanía,09,La Araucanía,A,Cuentas Nacionales,"Producto interno bruto por región, a precios constantes, base 1986 (millones de pesos)",,,f035_positional
F035.PIB.FLU.R.CLP.1996.01.Z.Z.09.0.A,Agropecuario-silvícola,09,La Araucanía,A,Cuentas Nacionales,"PIB por actividad económica, IX Región de la Araucanía, base 1996 ( millones de pesos)",01,Agropecuario-silvícola,f035_positional
F035.PIB.FLU.R.CLP.1996.02.04.Z.09.0.A,Pesca,09,La Araucanía,A,Cuentas Nacionales,"PIB por actividad económica, IX Región de la Araucanía, base 1996 ( millones de pesos)",02,Pesca,f035_positional
F035.PIB.FLU.R.CLP.1996.03.Z.Z.09.0.A,Minería,09,La Araucanía,A,Cuentas Nacionales,"PIB por actividad económica, IX Región de la Araucanía, base 1996 ( millones de pesos)",03,Minería,f035_positional
F035.PIB.FLU.R.CLP.1996.04.Z.Z.09.0.A,Industria manufacturera,09,La Araucanía,A,Cuentas Nacionales,"PIB por actividad económica, IX Región de la Araucanía, base 1996 ( millones de pesos)",04,Industria,f035_positional
F035.PIB.FLU.R.CLP.1996.05.Z.Z.09.0.A,"Electricidad, gas y agua",09,La Araucanía,A,Cuentas Nacionales,"PIB por actividad económica, IX Región de la Araucanía, base 1996 ( millones de pesos)",05,"Electricidad, gas, agua y gestión de desechos",f035_positional
F035.PIB.FLU.R.CLP.1996.06.Z.Z.09.0.A,Construcción,09,La Araucanía,A,Cuentas Nacionales,"PIB por actividad económica, IX Región de la Araucanía, base 1996 ( millones de pesos)",06,Construcción,f035_positional
F035.PIB.FLU.R.CLP.1996.07.Z.Z.09.0.A,"Comercio, restaurantes y hoteles",09,La Araucanía,A,Cuentas Nacionales,"PIB por actividad económica, IX Región de la Araucanía, base 1996 ( millones de pesos)",07,"Comercio, restaurantes y hoteles",f035_positional
F035.PIB.FLU.R.CLP.1996.08.Z.Z.09.0.A,Transportes y comunicaciones,09,La Araucanía,A,Cuentas Nacionales,"PIB por actividad económica, IX Región de la Araucanía, base 1996 ( millones de pesos)",08,"Transporte, información y comunicaciones",f035_positional
F035.PIB.FLU.R.CLP.1996.09.21.Z.09.0.A,Servicios financieros y empresariales,09,La Araucanía,A,Cuentas Nacionales,"PIB por actividad económica, IX Región de la Araucanía, base 1996 ( millones de pesos)",09,Servicios financieros y empresariales,f035_positional
F035.PIB.FLU.R.CLP.1996.10.Z.Z.09.0.A,Propiedad de vivienda,09,La Araucanía,A,Cuentas Nacionales,"PIB por actividad económica, IX Región de la Araucanía, base 1996 ( millones de pesos)",10,Servicios de vivienda e inmobiliarios,f035_positional
F035.PIB.FLU.R.CLP.1996.11.Z.Z.09.0.A,Servicios personales,09,La Araucanía,A,Cuentas Nacionales,"PIB por actividad económica, IX Región de la Araucanía, base 1996 ( millones de pesos)",11,Servicios personales,f035_positional
F035.PIB.FLU.R.CLP.1996.12.Z.Z.09.0.A,Administración pública,09,La Araucanía,A,Cuentas Nacionales,"PIB por actividad económica, IX Región de la Araucanía, base 1996 ( millones de pesos)",12,Administración pública,f035_positional
F035.PIB.FLU.R.CLP.1996.Z.Z.Z.09.0.A,IX De La Araucanía,09,La Araucanía,A,Cuentas Nacionales,"Producto interno bruto por región, a precios constantes, base 1996 ( millones de pesos)",,,f035_positional
F035.PIB.FLU.R.CLP.2003.01.Z.Z.09.0.A,Agropecuario-silvícola,09,La Araucanía,A,Cuentas Nacionales,"PIB por actividad económica, IX Región de la Araucanía, base 2003 ( millones de pesos)",01,Agropecuario-silvícola,f035_positional
F035.PIB.FLU.R.CLP.2003.02.04.Z.09.0.A,Pesca,09,La Araucanía,A,Cuentas Nacionales,"PIB por actividad económica, IX Región de la Araucanía, base 2003 ( millones de pesos)",02,Pesca,f035_positional
F035.PIB.FLU.R.CLP.2003.03.Z.Z.09.0.A,Minería,09,La Araucanía,A,Cuentas Nacionales,"PIB por actividad económica, IX Región de la Araucanía, base 2003 ( millones de pesos)",03,Minería,f035_positional
F035.PIB.FLU.R.CLP.2003.04.Z.Z.09.0.A,Industria manufacturera,09,La Araucanía,A,Cuentas Nacionales,"PIB por actividad económica, IX Región de la Araucanía, base 2003 ( millones de pesos)",04,Industria,f035_positional
F035.PIB.FLU.R.CLP.2003.05.Z.Z.09.0.A,"Electricidad, gas y agua",09,La Araucanía,A,Cuentas Nacionales,"PIB por actividad económica, IX Región de la Araucanía, base 2003 ( millones de pesos)",05,"Electricidad, gas, agua y gestión de desechos",f035_positional
F035.PIB.FLU.R.CLP.2003.06.Z.Z.09.0.A,Construcción,09,La Araucanía,A,Cuentas Nacionales,"PIB por actividad económica, IX Región de la Araucanía, base 2003 ( millones de pesos)",06,Construcción,f035_positional
F035.PIB.FLU.R.CLP.2003.07.Z.Z.09.0.A,"Comercio, restaurantes y hoteles",09,La Araucanía,A,Cuentas Nacionales,"PIB por actividad económica, IX Región de la Araucanía, base 2003 ( millones de pesos)",07,"Comercio, restaurantes y hoteles",f035_positional
F035.PIB.FLU.R.CLP.2003.08.Z.Z.09.0.A,Transportes y comunicaciones,09,La Araucanía,A,Cuentas Nacionales,"PIB por actividad económica, IX Región de la Araucanía, base 2003 ( millones de pesos)",08,"Transporte, información y comunicaciones",f035_positional
F035.PIB.FLU.R.CLP.2003.09.21.Z.09.0.A,Servicios financieros y empresariales,09,La Araucanía,A,Cuentas Nacionales,"PIB por actividad económica, IX Región de la Araucanía, base 2003 ( millones de pesos)",09,Servicios financieros y empresariales,f035_positional
F035.PIB.FLU.R.CLP.2003.10.Z.Z.09.0.A,Propiedad de vivienda,09,La Araucanía,A,Cuentas Nacionales,"PIB por actividad económica, IX Región de la Araucanía, base 2003 ( millones de pesos)",10,Servicios de vivienda e inmobiliarios,f035_positional
F035.PIB.FLU.R.CLP.2003.11.Z.Z.09.0.A,Servicios personales,09,La Araucanía,A,Cuentas Nacionales,"PIB por actividad económica, IX Región de la Araucanía, base 2003 ( millones de pesos)",11,Servicios personales,f035_positional
F035.PIB.FLU.R.CLP.2003.12.Z.Z.09.0.A,Administración pública,09,La Araucanía,A,Cuentas Nacionales,"PIB por actividad económica, IX Región de la Araucanía, base 2003 ( millones de pesos)",12,Administración pública,f035_positional
F035.PIB.FLU.R.CLP.2003.Z.Z.Z.09.0.A,IX De La Araucanía,09,La Araucanía,A,Cuentas Nacionales,"Producto interno bruto por región, a precios constantes, base 2003 ( millones de pesos)",,,f035_positional
F035.PIB.FLU.R.CLP.2008.01.Z.Z.09.0.A,Agropecuario-silvícola,09,La Araucanía,A,Cuentas Nacionales,"PIB por actividad económica, IX Región de la Araucanía, volumen a precios del año anterior encadenado, referencia 2008 (millones de pesos encadenados)",01,Agropecuario-silvícola,f035_positional
F035.PIB.FLU.R.CLP.2008.02.04.Z.09.0.A,Pesca,09,La Araucanía,A,Cuentas Nacionales,"PIB por actividad económica, IX Región de la Araucanía, volumen a precios del año anterior encadenado, referencia 2008 (millones de pesos encadenados)",02,Pesca,f035_positional
F035.PIB.FLU.R.CLP.2008.03.Z.Z.09.0.A,Minería,09,La Araucanía,A,Cuentas Nacionales,"PIB por actividad económica, IX Región de la Araucanía, volumen a precios del año anterior encadenado, referencia 2008 (millones de pesos encadenados)",03,Minería,f035_positional
F035.PIB.FLU.R.CLP.2008.04.Z.Z.09.0.A,Industria manufacturera,09,La Araucanía,A,Cuentas Nacionales,"PIB por actividad económica, IX Región de la Araucanía, volumen a precios del año anterior encadenado, referencia 2008 (millones de pesos encadenados)",04,Industria,f035_positional
F035.PIB.FLU.R.CLP.2008.05.Z.Z.09.0.A,"Electricidad, gas y agua",09,La Araucanía,A,Cuentas Nacionales,"PIB por actividad económica, IX Región de la Araucanía, volumen a precios del año anterior encadenado, referencia 2008 (millones de pesos encadenados)",05,"Electricidad, gas, agua y gestión de desechos",f035_positional
F035.PIB.FLU.R.CLP.2008.06.Z.Z.09.0.A,Construcción,09,La Araucanía,A,Cuentas Nacionales,"PIB por actividad económica, IX Región de la Araucanía, volumen a precios del año anterior encadenado, referencia 2008 (millones de pesos encadenados)",06,Construcción,f035_positional
F035.PIB.FLU.R.CLP.2008.07.Z.Z.09.0.A,"Comercio, restaurantes y hoteles",09,La Araucanía,A,Cuentas Nacionales,"PIB por actividad económica, IX Región de la Araucanía, volumen a precios del año anterior encadenado, referencia 2008 (millones de pesos encadenados)",07,"Comercio, restaurantes y hoteles",f035_positional
F035.PIB.FLU.R.CLP.2008.08.Z.Z.09.0.A,Transportes y comunicaciones,09,La Araucanía,A,Cuentas Nacionales,"PIB por actividad económica, IX Región de la Araucanía, volumen a precios del año anterior encadenado, referencia 2008 (millones de pesos encadenados)",08,"Transporte, información y comunicaciones",f035_positional
F035.PIB.FLU.R.CLP.2008.09.21.Z.09.0.A,Servicios financieros y empresariales,09,La Araucanía,A,Cuentas Nacionales,"PIB por actividad económica, IX Región de la Araucanía, volumen a precios del año anterior encadenado, referencia 2008 (millones de pesos encadenados)",09,Servicios financieros y empresariales,f035_positional
F035.PIB.FLU.R.CLP.2008.10.Z.Z.09.0.A,Propiedad de vivienda,09,La Araucanía,A,Cuentas Nacionales,"PIB por actividad económica, IX Región de la Araucanía, volumen a precios del año anterior encadenado, referencia 2008 (millones de pesos encadenados)",10,Servicios de vivienda e inmobiliarios,f035_positional
F035.PIB.FLU.R.CLP.2008.11.Z.Z.09.0.A,Servicios personales,09,La Araucanía,A,Cuentas Nacionales,"PIB por actividad económica, IX Región de la Araucanía, volumen a precios del año anterior encadenado, referencia 2008 (millones de pesos encadenados)",11,Servicios personales,f035_positional
F035.PIB.FLU.R.CLP.2008.12.Z.Z.09.0.A,Administración pública,09,La Araucanía,A,Cuentas Nacionales,"PIB por actividad económica, IX Región de la Araucanía, volumen a precios del año anterior encadenado, referencia 2008 (millones de pesos encadenados)",12,Administración pública,f035_positional
F035.PIB.FLU.R.CLP.2008.Z.Z.Z.09.0.A,IX De La Araucanía,09,La Araucanía,A,Cuentas Nacionales,"Producto interno bruto por región, volumen a precios del año anterior encadenado, referencia 2008 (millones de pesos encadenados)",,,f035_positional
F035.PIB.FLU.R.CLP.2013.01.Z.Z.09.0.A,Agropecuario-silvícola,09,La Araucanía,A,Cuentas Nacionales,"PIB por actividad económica, Región de la Araucanía, volumen a precios del año anterior encadenado, series empalmadas, referencia 2013 (miles de millones de pesos encadenados)",01,Agropecuario-silvícola,f035_positional
F035.PIB.FLU.R.CLP.2013.02.04.Z.09.0.A,Pesca,09,La Araucanía,A,Cuentas Nacionales,"PIB por actividad económica, Región de la Araucanía, volumen a precios del año anterior encadenado, series empalmadas, referencia 2013 (miles de millones de pesos encadenados)",02,Pesca,f035_positional
F035.PIB.FLU.R.CLP.2013.03.Z.Z.09.0.A,Minería,09,La Araucanía,A,Cuentas Nacionales,"PIB por actividad económica, Región de la Araucanía, volumen a precios del año anterior encadenado, series empalmadas, referencia 2013 (miles de millones de pesos encadenados)",03,Minería,f035_positional
F035.PIB.FLU.R.CLP.2013.04.Z.Z.09.0.A,Industria manufacturera,09,La Araucanía,A,Cuentas Nacionales,"PIB por actividad económica, Región de la Araucanía, volumen a precios del año anterior encadenado, series empalmadas, referencia 2013 (miles de millones de pesos encadenados)",04,Industria,f035_positional
F035.PIB.FLU.R.CLP.2013.05.Z.Z.09.0.A,"Electricidad, gas, agua y gestión de desechos",09,La Araucanía,A,Cuentas Nacionales,"PIB por actividad económica, Región de la Araucanía, volumen a precios del año anterior encadenado, series empalmadas, referencia 2013 (miles de millones de pesos encadenados)",05,"Electricidad, gas, agua y gestión de desechos",f035_positional
F035.PIB.FLU.R.CLP.2013.06.Z.Z.09.0.A,Construcción,09,La Araucanía,A,Cuentas Nacionales,"PIB por actividad económica, Región de la Araucanía, volumen a precios del año anterior encadenado, series empalmadas, referencia 2013 (miles de millones de pesos encadenados)",06,Construcción,f035_positional
F035.PIB.FLU.R.CLP.2013.07.Z.Z.09.0.A,"Comercio, restaurantes y hoteles",09,La Araucanía,A,Cuentas Nacionales,"PIB por actividad económica, Región de la Araucanía, volumen a precios del año anterior encadenado, series empalmadas, referencia 2013 (miles de millones de pesos encadenados)",07,"Comercio, restaurantes y hoteles",f035_positional
F035.PIB.FLU.R.CLP.2013.08.Z.Z.09.0.A,"Transporte, información y comunicaciones",09,La Araucanía,A,Cuentas Nacionales,"PIB por actividad económica, Región de la Araucanía, volumen a precios del año anterior encadenado, series empalmadas, referencia 2013 (miles de millones de pesos encadenados)",08,"Transporte, información y comunicaciones",f035_positional
F035.PIB.FLU.R.CLP.2013.09.21.Z.09.0.A,Servicios financieros y empresariales,09,La Araucanía,A,Cuentas Nacionales,"PIB por actividad económica, Región de la Araucanía, volumen a precios del año anterior encadenado, series empalmadas, referencia 2013 (miles de millones de pesos encadenados)",09,Servicios financieros y empresariales,f035_positional
F035.PIB.FLU.R.CLP.2013.10.Z.Z.09.0.A,Servicios de vivienda e inmobiliarios,09,La Araucanía,A,Cuentas Nacionales,"PIB por actividad económica, Región de la Araucanía, volumen a precios del año anterior encadenado, series empalmadas, referencia 2013 (miles de millones de pesos encadenados)",10,Servicios de vivienda e inmobiliarios,f035_positional
F035.PIB.FLU.R.CLP.2013.11.Z.Z.09.0.A,Servicios personales,09,La Araucanía,A,Cuentas Nacionales,"PIB por actividad económica, Región de la Araucanía, volumen a precios del año anterior encadenado, series empalmadas, referencia 2013 (miles de millones de pesos encadenados)",11,Servicios personales,f035_positional
F035.PIB.FLU.R.CLP.2013.12.Z.Z.09.0.A,Administración pública,09,La Araucanía,A,Cuentas Nacionales,"PIB por actividad económica, Región de la Araucanía, volumen a precios del año anterior encadenado, series empalmadas, referencia 2013 (miles de millones de pesos encadenados)",12,Administración pública,f035_positional
F035.PIB.FLU.R.CLP.2013.Z.Z.Z.09.0.A,Región de La Araucanía,09,La Araucanía,A,Cuentas Nacionales,"Producto interno bruto por región, volumen a precios del año anterior encadenado, series empalmadas, referencia 2013 (miles de millones de pesos encadenados)",,,f035_positional
F035.PIB.FLU.R.CLP.2018.01.Z.Z.09.0.A,Agropecuario-silvícola,09,La Araucanía,A,Cuentas Nacionales,"PIB por actividad económica, Región de La Araucanía, volumen a precios del año anterior encadenado, series empalmadas, referencia 2018 (miles de millones de pesos encadenados)",01,Agropecuario-silvícola,f035_positional
F035.PIB.FLU.R.CLP.2018.02.04.Z.09.0.A,Pesca,09,La Araucanía,A,Cuentas Nacionales,"PIB por actividad económica, Región de La Araucanía, volumen a precios del año anterior encadenado, series empalmadas, referencia 2018 (miles de millones de pesos encadenados)",02,Pesca,f035_positional
F035.PIB.FLU.R.CLP.2018.03.Z.Z.09.0.A,Minería,09,La Araucanía,A,Cuentas Nacionales,"PIB por actividad económica, Región de La Araucanía, volumen a precios del año anterior encadenado, series empalmadas, referencia 2018 (miles de millones de pesos encadenados)",03,Minería,f035_positional
F035.PIB.FLU.R.CLP.2018.04.Z.Z.09.0.A,Industria manufacturera,09,La Araucanía,A,Cuentas Nacionales,"PIB por actividad económica, Región de La Araucanía, volumen a precios del año anterior encadenado, series empalmadas, referencia 2018 (miles de millones de pesos encadenados)",04,Industria,f035_positional
F035.PIB.FLU.R.CLP.2018.05.Z.Z.09.0.A,"Electricidad, gas, agua y gestión de desechos",09,La Araucanía,A,Cuentas Nacionales,"PIB por actividad económica, Región de La Araucanía, volumen a precios del año anterior encadenado, series empalmadas, referencia 2018 (miles de millones de pesos encadenados)",05,"Electricidad, gas, agua y gestión de desechos",f035_positional
F035.PIB.FLU.R.CLP.2018.06.Z.Z.09.0.A,Construcción,09,La Araucanía,A,Cuentas Nacionales,"PIB por actividad económica, Región de La Araucanía, volumen a precios del año anterior encadenado, series empalmadas, referencia 2018 (miles de millones de pesos encadenados)",06,Construcción,f035_positional
F035.PIB.FLU.R.CLP.2018.08.Z.Z.09.0.A,"Transporte, información y comunicaciones",09,La Araucanía,A,Cuentas Nacionales,"PIB por actividad económica, Región de La Araucanía, volumen a precios del año anterior encadenado, series empalmadas, referencia 2018 (miles de millones de pesos encadenados)",08,"Transporte, información y comunicaciones",f035_positional
F035.PIB.FLU.R.CLP.2018.09.21.Z.09.0.A,Servicios financieros y empresariales,09,La Araucanía,A,Cuentas Nacionales,"PIB por actividad económica, Región de La Araucanía, volumen a precios del año anterior encadenado, series empalmadas, referencia 2018 (miles de millones de pesos encadenados)",09,Servicios financieros y empresariales,f035_positional
F035.PIB.FLU.R.CLP.2018.10.Z.Z.09.0.A,Servicios de vivienda e inmobiliarios,09,La Araucanía,A,Cuentas Nacionales,"PIB por actividad económica, Región de La Araucanía, volumen a precios del año anterior encadenado, series empalmadas, referencia 2018 (miles de millones de pesos encadenados)",10,Servicios de vivienda e inmobiliarios,f035_positional
F035.PIB.FLU.R.CLP.2018.11.Z.Z.09.0.A,Servicios personales,09,La Araucanía,A,Cuentas Nacionales,"PIB por actividad económica, Región de La Araucanía, volumen a precios del año anterior encadenado, series empalmadas, referencia 2018 (miles de millones de pesos encadenados)",11,Servicios personales,f035_positional
F035.PIB.FLU.R.CLP.2018.12.Z.Z.09.0.A,Administración pública,09,La Araucanía,A,Cuentas Nacionales,"PIB por actividad económica, Región de La Araucanía, volumen a precios del año anterior encadenado, series empalmadas, referencia 2018 (miles de millones de pesos encadenados)",12,Administración pública,f035_positional
F035.PIB.FLU.R.CLP.2018.COM.Z.Z.09.0.A,Comercio,09,La Araucanía,A,Cuentas Nacionales,"PIB por actividad económica, Región de La Araucanía, volumen a precios del año anterior encadenado, series empalmadas, referencia 2018 (miles de millones de pesos encadenados)",COM,Comercio,f035_positional
F035.PIB.FLU.R.CLP.2018.RH.Z.Z.09.0.A,Restaurantes y hoteles,09,La Araucanía,A,Cuentas Nacionales,"PIB por actividad económica, Región de La Araucanía, volumen a precios del año anterior encadenado, series empalmadas, referencia 2018 (miles de millones de pesos encadenados)",RH,Restaurantes y hoteles,f035_positional
F035.PIB.FLU.R.CLP.2018.Z.Z.Z.09.0.A,Producto interno bruto,09,La Araucanía,A,Cuentas Nacionales,"PIB por actividad económica, Región de La Araucanía, volumen a precios del año anterior encadenado, series empalmadas, referencia 2018 (miles de millones de pesos encadenados)",,,f035_positional
F035.PIB.V12.R.CLP.2008.Z.Z.Z.09.0.A,IX De La Araucanía,09,La Araucanía,A,Cuentas Nacionales,"Producto interno bruto por región, contribución porcentual respecto de igual periodo del año anterior, referencia 2008 .",,,f035_positional
F035.PIB.V12.R.CLP.2013.Z.Z.Z.09.0.A,Región de La Araucanía,09,La Araucanía,A,Cuentas Nacionales,"Producto interno bruto por región, contribución porcentual respecto de igual periodo del año anterior, series empalmadas, referencia 2013 .",,,f035_positional
F035.PIB.V12.R.CLP.2018.01.Z.Z.09.0.A,Agropecuario-silvícola,09,La Araucanía,A,Cuentas Nacionales,"PIB por actividad económica, Región de La Araucanía, contribución porcentual respecto de igual periodo del año anterior, series empalmadas, referencia 2018",01,Agropecuario-silvícola,f035_positional
F035.PIB.V12.R.CLP.2018.02.04.Z.09.0.A,Pesca,09,La Araucanía,A,Cuentas Nacionales,"PIB por actividad económica, Región de La Araucanía, contribución porcentual respecto de igual periodo del año anterior, series empalmadas, referencia 2018",02,Pesca,f035_positional
F035.PIB.V12.R.CLP.2018.03.Z.Z.09.0.A,Minería,09,La Araucanía,A,Cuentas Nacionales,"PIB por actividad económica, Región de La Araucanía, contribución porcentual respecto de igual periodo del año anterior, series empalmadas, referencia 2018",03,Minería,f035_positional
F035.PIB.V12.R.CLP.2018.04.Z.Z.09.0.A,Industria manufacturera,09,La Araucanía,A,Cuentas Nacionales,"PIB por actividad económica, Región de La Araucanía, contribución porcentual respecto de igual periodo del año anterior, series empalmadas, referencia 2018",04,Industria,f035_positional
F035.PIB.V12.R.CLP.2018.05.Z.Z.09.0.A,"Electricidad, gas, agua y gestión de desechos",09,La Araucanía,A,Cuentas Nacionales,"PIB por actividad económica, Región de La Araucanía, contribución porcentual respecto de igual periodo del año anterior, series empalmadas, referencia 2018",05,"Electricidad, gas, agua y gestión de desechos",f035_positional
F035.PIB.V12.R.CLP.2018.06.Z.Z.09.0.A,Construcción,09,La Araucanía,A,Cuentas Nacionales,"PIB por actividad económica, Región de La Araucanía, contribución porcentual respecto de igual periodo del año anterior, series empalmadas, referencia 2018",06,Construcción,f035_positional
F035.PIB.V12.R.CLP.2018.08.Z.Z.09.0.A,"Transporte, información y comunicaciones",09,La Araucanía,A,Cuentas Nacionales,"PIB por actividad económica, Región de La Araucanía, contribución porcentual respecto de igual periodo del año anterior, series empalmadas, referencia 2018",08,"Transporte, información y comunicaciones",f035_positional
F035.PIB.V12.R.CLP.2018.09.21.Z.09.0.A,Servicios financieros y empresariales,09,La Araucanía,A,Cuentas Nacionales,"PIB por actividad económica, Región de La Araucanía, contribución porcentual respecto de igual periodo del año anterior, series empalmadas, referencia 2018",09,Servicios financieros y empresariales,f035_positional
F035.PIB.V12.R.CLP.2018.10.Z.Z.09.0.A,Servicios de vivienda e inmobiliarios,09,La Araucanía,A,Cuentas Nacionales,"PIB por actividad económica, Región de La Araucanía, contribución porcentual respecto de igual periodo del año anterior, series empalmadas, referencia 2018",10,Servicios de vivienda e inmobiliarios,f035_positional
F035.PIB.V12.R.CLP.2018.11.Z.Z.09.0.A,Servicios personales,09,La Araucanía,A,Cuentas Nacionales,"PIB por actividad económica, Región de La Araucanía, contribución porcentual respecto de igual periodo del año anterior, series empalmadas, referencia 2018",11,Servicios personales,f035_positional
F035.PIB.V12.R.CLP.2018.12.Z.Z.09.0.A,Administración pública,09,La Araucanía,A,Cuentas Nacionales,"PIB por actividad económica, Región de La Araucanía, contribución porcentual respecto de igual periodo del año anterior, series empalmadas, referencia 2018",12,Administración pública,f035_positional
F035.PIB.V12.R.CLP.2018.COM.Z.Z.09.0.A,Comercio,09,La Araucanía,A,Cuentas Nacionales,"PIB por actividad económica, Región de La Araucanía, contribución porcentual respecto de igual periodo del año anterior, series empalmadas, referencia 2018",COM,Comercio,f035_positional
F035.PIB.V12.R.CLP.2018.CONT.Z.Z.09.0.A,Producto Interno Bruto,09,La Araucanía,A,Cuentas Nacionales,"PIB por actividad económica, Región de La Araucanía, contribución porcentual respecto de igual periodo del año anterior, series empalmadas, referencia 2018",CONT,PIB (contribución),f035_positional
F035.PIB.V12.R.CLP.2018.RH.Z.Z.09.0.A,Restaurantes y hoteles,09,La Araucanía,A,Cuentas Nacionales,"PIB por actividad económica, Región de La Araucanía, contribución porcentual respecto de igual periodo del año anterior, series empalmadas, referencia 2018",RH,Restaurantes y hoteles,f035_positional
F035.PIB.V12.R.CLP.2018.Z.Z.Z.09.0.A,Región de La Araucanía,09,La Araucanía,A,Cuentas Nacionales,"Producto interno bruto por región, contribución porcentual respecto de igual periodo del año anterior, series empalmadas, referencia 2018",,,f035_positional
F035.PIB.FLU.N.CLP.2008.01.Z.Z.10.0.A,Agropecuario-silvícola,10,Los Lagos,A,Cuentas Nacionales,"PIB por actividad económica,X Región de Los Lagos, precios corrientes, referencia 2008 (millones de pesos)",01,Agropecuario-silvícola,f035_positional
F035.PIB.FLU.N.CLP.2008.02.04.Z.10.0.A,Pesca,10,Los Lagos,A,Cuentas Nacionales,"PIB por actividad económica,X Región de Los Lagos, precios corrientes, referencia 2008 (millones de pesos)",02,Pesca,f035_positional
F035.PIB.FLU.N.CLP.2008.03.Z.Z.10.0.A,Minería,10,Los Lagos,A,Cuentas Nacionales,"PIB por actividad económica,X Región de Los Lagos, precios corrientes, referencia 2008 (millones de pesos)",03,Minería,f035_positional
F035.PIB.FLU.N.CLP.2008.04.Z.Z.10.0.A,Industria manufacturera,10,Los Lagos,A,Cuentas Nacionales,"PIB por actividad económica,X Región de Los Lagos, precios corrientes, referencia 2008 (millones de pesos)",04,Industria,f035_positional
F035.PIB.FLU.N.CLP.2008.05.Z.Z.10.0.A,"Electricidad, gas, agua y gestión de desechos",10,Los Lagos,A,Cuentas Nacionales,"PIB por actividad económica,X Región de Los Lagos, precios corrientes, referencia 2008 (millones de pesos)",05,"Electricidad, gas, agua y gestión de desechos",f035_positional
F035.PIB.FLU.N.CLP.2008.06.Z.Z.10.0.A,Construcción,10,Los Lagos,A,Cuentas Nacionales,"PIB por actividad económica,X Región de Los Lagos, precios corrientes, referencia 2008 (millones de pesos)",06,Construcción,f035_positional
F035.PIB.FLU.N.CLP.2008.07.Z.Z.10.0.A,"Comercio, restaurantes y hoteles",10,Los Lagos,A,Cuentas Nacionales,"PIB por actividad económica,X Región de Los Lagos, precios corrientes, referencia 2008 (millones de pesos)",07,"Comercio, restaurantes y hoteles",f035_positional
F035.PIB.FLU.N.CLP.2008.08.Z.Z.10.0.A,"Transportes, informacion y comunicaciones",10,Los Lagos,A,Cuentas Nacionales,"PIB por actividad económica,X Región de Los Lagos, precios corrientes, referencia 2008 (millones de pesos)",08,"Transporte, información y comunicaciones",f035_positional
F035.PIB.FLU.N.CLP.2008.09.21.Z.10.0.A,Servicios de vivienda e inmobiliarios,10,Los Lagos,A,Cuentas Nacionales,"PIB por actividad económica,X Región de Los Lagos, precios corrientes, referencia 2008 (millones de pesos)",09,Servicios financieros y empresariales,f035_positional
F035.PIB.FLU.N.CLP.2008.10.Z.Z.10.0.A,Propiedad de vivienda,10,Los Lagos,A,Cuentas Nacionales,"PIB por actividad económica,X Región de Los Lagos, precios corrientes, referencia 2008 (millones de pesos)",10,Servicios de vivienda e inmobiliarios,f035_positional
F035.PIB.FLU.N.CLP.2008.11.Z.Z.10.0.A,Servicios personales,10,Los Lagos,A,Cuentas Nacionales,"PIB por actividad económica,X Región de Los Lagos, precios corrientes, referencia 2008 (millones de pesos)",11,Servicios personales,f035_positional
F035.PIB.FLU.N.CLP.2008.12.Z.Z.10.0.A,Administración pública,10,Los Lagos,A,Cuentas Nacionales,"PIB por actividad económica,X Región de Los Lagos, precios corrientes, referencia 2008 (millones de pesos)",12,Administración pública,f035_positional
F035.PIB.FLU.N.CLP.2008.Z.Z.Z.10.0.A,X De Los Lagos,10,Los Lagos,A,Cuentas Nacionales,"Producto interno bruto por región, precios corrientes, referencia 2008 (millones de pesos)",,,f035_positional
F035.PIB.FLU.N.CLP.2013.01.Z.Z.10.0.A,Agropecuario-silvícola,10,Los Lagos,A,Cuentas Nacionales,"PIB por actividad económica, Región de Los Lagos, precios corrientes, series empalmadas, referencia 2013 (miles de millones de pesos)",01,Agropecuario-silvícola,f035_positional
F035.PIB.FLU.N.CLP.2013.02.04.Z.10.0.A,Pesca,10,Los Lagos,A,Cuentas Nacionales,"PIB por actividad económica, Región de Los Lagos, precios corrientes, series empalmadas, referencia 2013 (miles de millones de pesos)",02,Pesca,f035_positional
F035.PIB.FLU.N.CLP.2013.03.Z.Z.10.0.A,Minería,10,Los Lagos,A,Cuentas Nacionales,"PIB por actividad económica, Región de Los Lagos, precios corrientes, series empalmadas, referencia 2013 (miles de millones de pesos)",03,Minería,f035_positional
F035.PIB.FLU.N.CLP.2013.04.Z.Z.10.0.A,Industria manufacturera,10,Los Lagos,A,Cuentas Nacionales,"PIB por actividad económica, Región de Los Lagos, precios corrientes, series empalmadas, referencia 2013 (miles de millones de pesos)",04,Industria,f035_positional
F035.PIB.FLU.N.CLP.2013.05.Z.Z.10.0.A,"Electricidad, gas, agua y gestión de desechos",10,Los Lagos,A,Cuentas Nacionales,"PIB por actividad económica, Región de Los Lagos, precios corrientes, series empalmadas, referencia 2013 (miles de millones de pesos)",05,"Electricidad, gas, agua y gestión de desechos",f035_positional
F035.PIB.FLU.N.CLP.2013.06.Z.Z.10.0.A,Construcción,10,Los Lagos,A,Cuentas Nacionales,"PIB por actividad económica, Región de Los Lagos, precios corrientes, series empalmadas, referencia 2013 (miles de millones de pesos)",06,Construcción,f035_positional
F035.PIB.FLU.N.CLP.2013.07.Z.Z.10.0.A,"Comercio, restaurantes y hoteles",10,Los Lagos,A,Cuentas Nacionales,"PIB por actividad económica, Región de Los Lagos, precios corrientes, series empalmadas, referencia 2013 (miles de millones de pesos)",07,"Comercio, restaurantes y hoteles",f035_positional
F035.PIB.FLU.N.CLP.2013.08.Z.Z.10.0.A,"Transporte, información y comunicaciones",10,Los Lagos,A,Cuentas Nacionales,"PIB por actividad económica, Región de Los Lagos, precios corrientes, series empalmadas, referencia 2013 (miles de millones de pesos)",08,"Transporte, información y comunicaciones",f035_positional
F035.PIB.FLU.N.CLP.2013.09.21.Z.10.0.A,Servicios financieros y empresariales,10,Los Lagos,A,Cuentas Nacionales,"PIB por actividad económica, Región de Los Lagos, precios corrientes, series empalmadas, referencia 2013 (miles de millones de pesos)",09,Servicios financieros y empresariales,f035_positional
F035.PIB.FLU.N.CLP.2013.10.Z.Z.10.0.A,Servicios de vivienda e inmobiliarios,10,Los Lagos,A,Cuentas Nacionales,"PIB por actividad económica, Región de Los Lagos, precios corrientes, series empalmadas, referencia 2013 (miles de millones de pesos)",10,Servicios de vivienda e inmobiliarios,f035_positional
F035.PIB.FLU.N.CLP.2013.11.Z.Z.10.0.A,Servicios personales,10,Los Lagos,A,Cuentas Nacionales,"PIB por actividad económica, Región de Los Lagos, precios corrientes, series empalmadas, referencia 2013 (miles de millones de pesos)",11,Servicios personales,f035_positional
F035.PIB.FLU.N.CLP.2013.12.Z.Z.10.0.A,Administración pública,10,Los Lagos,A,Cuentas Nacionales,"PIB por actividad económica, Región de Los Lagos, precios corrientes, series empalmadas, referencia 2013 (miles de millones de pesos)",12,Administración pública,f035_positional
F035.PIB.FLU.N.CLP.2013.Z.Z.Z.10.0.A,Región de Los Lagos,10,Los Lagos,A,Cuentas Nacionales,"Producto interno bruto por región, precios corrientes, series empalmadas, referencia 2013 (miles de millones de pesos)",,,f035_positional
F035.PIB.FLU.N.CLP.2018.01.Z.Z.10.0.A,Agropecuario-silvícola,10,Los Lagos,A,Cuentas Nacionales,"PIB por actividad económica, Región de Los Lagos, precios corrientes, series empalmadas, referencia 2018 (miles de millones de pesos)",01,Agropecuario-silvícola,f035_positional
F035.PIB.FLU.N.CLP.2018.02.04.Z.10.0.A,Pesca,10,Los Lagos,A,Cuentas Nacionales,"PIB por actividad económica, Región de Los Lagos, precios corrientes, series empalmadas, referencia 2018 (miles de millones de pesos)",02,Pesca,f035_positional
F035.PIB.FLU.N.CLP.2018.03.Z.Z.10.0.A,Minería,10,Los Lagos,A,Cuentas Nacionales,"PIB por actividad económica, Región de Los Lagos, precios corrientes, series empalmadas, referencia 2018 (miles de millones de pesos)",03,Minería,f035_positional
F035.PIB.FLU.N.CLP.2018.04.Z.Z.10.0.A,Industria manufacturera,10,Los Lagos,A,Cuentas Nacionales,"PIB por actividad económica, Región de Los Lagos, precios corrientes, series empalmadas, referencia 2018 (miles de millones de pesos)",04,Industria,f035_positional
F035.PIB.FLU.N.CLP.2018.05.Z.Z.10.0.A,"Electricidad, gas, agua y gestión de desechos",10,Los Lagos,A,Cuentas Nacionales,"PIB por actividad económica, Región de Los Lagos, precios corrientes, series empalmadas, referencia 2018 (miles de millones de pesos)",05,"Electricidad, gas, agua y gestión de desechos",f035_positional
F035.PIB.FLU.N.CLP.2018.06.Z.Z.10.0.A,Construcción,10,Los Lagos,A,Cuentas Nacionales,"PIB por actividad económica, Región de Los Lagos, precios corrientes, series empalmadas, referencia 2018 (miles de millones de pesos)",06,Construcción,f035_positional
F035.PIB.FLU.N.CLP.2018.08.Z.Z.10.0.A,"Transporte, información y comunicaciones",10,Los Lagos,A,Cuentas Nacionales,"PIB por actividad económica, Región de Los Lagos, precios corrientes, series empalmadas, referencia 2018 (miles de millones de pesos)",08,"Transporte, información y comunicaciones",f035_positional
F035.PIB.FLU.N.CLP.2018.09.21.Z.10.0.A,Servicios financieros y empresariales,10,Los Lagos,A,Cuentas Nacionales,"PIB por actividad económica, Región de Los Lagos, precios corrientes, series empalmadas, referencia 2018 (miles de millones de pesos)",09,Servicios financieros y empresariales,f035_positional
F035.PIB.FLU.N.CLP.2018.10.Z.Z.10.0.A,Servicios de vivienda e inmobiliarios,10,Los Lagos,A,Cuentas Nacionales,"PIB por actividad económica, Región de Los Lagos, precios corrientes, series empalmadas, referencia 2018 (miles de millones de pesos)",10,Servicios de vivienda e inmobiliarios,f035_positional
F035.PIB.FLU.N.CLP.2018.11.Z.Z.10.0.A,Servicios personales,10,Los Lagos,A,Cuentas Nacionales,"PIB por actividad económica, Región de Los Lagos, precios corrientes, series empalmadas, referencia 2018 (miles de millones de pesos)",11,Servicios personales,f035_positional
F035.PIB.FLU.N.CLP.2018.12.Z.Z.10.0.A,Administración pública,10,Los Lagos,A,Cuentas Nacionales,"PIB por actividad económica, Región de Los Lagos, precios corrientes, series empalmadas, referencia 2018 (miles de millones de pesos)",12,Administración pública,f035_positional
F035.PIB.FLU.N.CLP.2018.COM.Z.Z.10.0.A,Comercio,10,Los Lagos,A,Cuentas Nacionales,"PIB por actividad económica, Región de Los Lagos, precios corrientes, series empalmadas, referencia 2018 (miles de millones de pesos)",COM,Comercio,f035_positional
F035.PIB.FLU.N.CLP.2018.RH.Z.Z.10.0.A,Restaurantes y hoteles,10,Los Lagos,A,Cuentas Nacionales,"PIB por actividad económica, Región de Los Lagos, precios corrientes, series empalmadas, referencia 2018 (miles de millones de pesos)",RH,Restaurantes y hoteles,f035_positional
F035.PIB.FLU.N.CLP.2018.Z.Z.Z.10.0.A,Región de Los Lagos,10,Los Lagos,A,Cuentas Nacionales,"Producto interno bruto por región, precios corrientes, series empalmadas, referencia 2018 (miles de millones de pesos)",,,f035_positional
F035.PIB.FLU.R.CLP.1986.01.Z.Z.10.0.A,Agropecuario-silvícola,10,Los Lagos,A,Cuentas Nacionales,"PIB por actividad económica, X Región de Los Lagos, base 1986 (millones de pesos)",01,Agropecuario-silvícola,f035_positional
F035.PIB.FLU.R.CLP.1986.02.04.Z.10.0.A,Pesca,10,Los Lagos,A,Cuentas Nacionales,"PIB por actividad económica, X Región de Los Lagos, base 1986 (millones de pesos)",02,Pesca,f035_positional
F035.PIB.FLU.R.CLP.1986.03.Z.Z.10.0.A,Minería,10,Los Lagos,A,Cuentas Nacionales,"PIB por actividad económica, X Región de Los Lagos, base 1986 (millones de pesos)",03,Minería,f035_positional
F035.PIB.FLU.R.CLP.1986.04.Z.Z.10.0.A,Industria manufacturera,10,Los Lagos,A,Cuentas Nacionales,"PIB por actividad económica, X Región de Los Lagos, base 1986 (millones de pesos)",04,Industria,f035_positional
F035.PIB.FLU.R.CLP.1986.05.Z.Z.10.0.A,"Electricidad, gas y agua",10,Los Lagos,A,Cuentas Nacionales,"PIB por actividad económica, X Región de Los Lagos, base 1986 (millones de pesos)",05,"Electricidad, gas, agua y gestión de desechos",f035_positional
F035.PIB.FLU.R.CLP.1986.06.Z.Z.10.0.A,Construcción,10,Los Lagos,A,Cuentas Nacionales,"PIB por actividad económica, X Región de Los Lagos, base 1986 (millones de pesos)",06,Construcción,f035_positional
F035.PIB.FLU.R.CLP.1986.07.Z.Z.10.0.A,"Comercio, restaurantes y hoteles",10,Los Lagos,A,Cuentas Nacionales,"PIB por actividad económica, X Región de Los Lagos, base 1986 (millones de pesos)",07,"Comercio, restaurantes y hoteles",f035_positional
F035.PIB.FLU.R.CLP.1986.08.Z.Z.10.0.A,Transportes y comunicaciones,10,Los Lagos,A,Cuentas Nacionales,"PIB por actividad económica, X Región de Los Lagos, base 1986 (millones de pesos)",08,"Transporte, información y comunicaciones",f035_positional
F035.PIB.FLU.R.CLP.1986.09.21.27.10.0.A,Servicios financieros,10,Los Lagos,A,Cuentas Nacionales,"PIB por actividad económica, X Región de Los Lagos, base 1986 (millones de pesos)",09,Servicios financieros y empresariales,f035_positional
F035.PIB.FLU.R.CLP.1986.10.Z.Z.10.0.A,Propiedad de vivienda,10,Los Lagos,A,Cuentas Nacionales,"PIB por actividad económica, X Región de Los Lagos, base 1986 (millones de pesos)",10,Servicios de vivienda e inmobiliarios,f035_positional
F035.PIB.FLU.R.CLP.1986.11.Z.Z.10.0.A,Servicios personales,10,Los Lagos,A,Cuentas Nacionales,"PIB por actividad económica, X Región de Los Lagos, base 1986 (millones de pesos)",11,Servicios personales,f035_positional
F035.PIB.FLU.R.CLP.1986.12.Z.Z.10.0.A,Administración pública,10,Los Lagos,A,Cuentas Nacionales,"PIB por actividad económica, X Región de Los Lagos, base 1986 (millones de pesos)",12,Administración pública,f035_positional
F035.PIB.FLU.R.CLP.1986.Z.Z.Z.10.0.A,X De Los Lagos,10,Los Lagos,A,Cuentas Nacionales,"Producto interno bruto por región, a precios constantes, base 1986 (millones de pesos)",,,f035_positional
F035.PIB.FLU.R.CLP.1996.01.Z.Z.10.0.A,Agropecuario-silvícola,10,Los Lagos,A,Cuentas Nacionales,"PIB por actividad económica, X Región de Los Lagos, base 1996 ( millones de pesos)",01,Agropecuario-silvícola,f035_positional
F035.PIB.FLU.R.CLP.1996.02.04.Z.10.0.A,Pesca,10,Los Lagos,A,Cuentas Nacionales,"PIB por actividad económica, X Región de Los Lagos, base 1996 ( millones de pesos)",02,Pesca,f035_positional
F035.PIB.FLU.R.CLP.1996.03.Z.Z.10.0.A,Minería,10,Los Lagos,A,Cuentas Nacionales,"PIB por actividad económica, X Región de Los Lagos, base 1996 ( millones de pesos)",03,Minería,f035_positional
F035.PIB.FLU.R.CLP.1996.04.Z.Z.10.0.A,Industria manufacturera,10,Los Lagos,A,Cuentas Nacionales,"PIB por actividad económica, X Región de Los Lagos, base 1996 ( millones de pesos)",04,Industria,f035_positional
F035.PIB.FLU.R.CLP.1996.05.Z.Z.10.0.A,"Electricidad, gas y agua",10,Los Lagos,A,Cuentas Nacionales,"PIB por actividad económica, X Región de Los Lagos, base 1996 ( millones de pesos)",05,"Electricidad, gas, agua y gestión de desechos",f035_positional
F035.PIB.FLU.R.CLP.1996.06.Z.Z.10.0.A,Construcción,10,Los Lagos,A,Cuentas Nacionales,"PIB por actividad económica, X Región de Los Lagos, base 1996 ( millones de pesos)",06,Construcción,f035_positional
F035.PIB.FLU.R.CLP.1996.07.Z.Z.10.0.A,"Comercio, restaurantes y hoteles",10,Los Lagos,A,Cuentas Nacionales,"PIB por actividad económica, X Región de Los Lagos, base 1996 ( millones de pesos)",07,"Comercio, restaurantes y hoteles",f035_positional
F035.PIB.FLU.R.CLP.1996.08.Z.Z.10.0.A,Transportes y comunicaciones,10,Los Lagos,A,Cuentas Nacionales,"PIB por actividad económica, X Región de Los Lagos, base 1996 ( millones de pesos)",08,"Transporte, información y comunicaciones",f035_positional
F035.PIB.FLU.R.CLP.1996.09.21.Z.10.0.A,Servicios financieros y empresariales,10,Los Lagos,A,Cuentas Nacionales,"PIB por actividad económica, X Región de Los Lagos, base 1996 ( millones de pesos)",09,Servicios financieros y empresariales,f035_positional
F035.PIB.FLU.R.CLP.1996.10.Z.Z.10.0.A,Propiedad de vivienda,10,Los Lagos,A,Cuentas Nacionales,"PIB por actividad económica, X Región de Los Lagos, base 1996 ( millones de pesos)",10,Servicios de vivienda e inmobiliarios,f035_positional
F035.PIB.FLU.R.CLP.1996.11.Z.Z.10.0.A,Servicios personales,10,Los Lagos,A,Cuentas Nacionales,"PIB por actividad económica, X Región de Los Lagos, base 1996 ( millones de pesos)",11,Servicios personales,f035_positional
F035.PIB.FLU.R.CLP.1996.12.Z.Z.10.0.A,Administración pública,10,Los Lagos,A,Cuentas Nacionales,"PIB por actividad económica, X Región de Los Lagos, base 1996 ( millones de pesos)",12,Administración pública,f035_positional
F035.PIB.FLU.R.CLP.1996.Z.Z.Z.10.0.A,X De Los Lagos,10,Los Lagos,A,Cuentas Nacionales,"Producto interno bruto por región, a precios constantes, base 1996 ( millones de pesos)",,,f035_positional
F035.PIB.FLU.R.CLP.2003.01.Z.Z.10.0.A,Agropecuario-silvícola,10,Los Lagos,A,Cuentas Nacionales,"PIB por actividad económica, X Región de Los Lagos, base 2003 ( millones de pesos)",01,Agropecuario-silvícola,f035_positional
F035.PIB.FLU.R.CLP.2003.02.04.Z.10.0.A,Pesca,10,Los Lagos,A,Cuentas Nacionales,"PIB por actividad económica, X Región de Los Lagos, base 2003 ( millones de pesos)",02,Pesca,f035_positional
F035.PIB.FLU.R.CLP.2003.03.Z.Z.10.0.A,Minería,10,Los Lagos,A,Cuentas Nacionales,"PIB por actividad económica, X Región de Los Lagos, base 2003 ( millones de pesos)",03,Minería,f035_positional
F035.PIB.FLU.R.CLP.2003.04.Z.Z.10.0.A,Industria manufacturera,10,Los Lagos,A,Cuentas Nacionales,"PIB por actividad económica, X Región de Los Lagos, base 2003 ( millones de pesos)",04,Industria,f035_positional
F035.PIB.FLU.R.CLP.2003.05.Z.Z.10.0.A,"Electricidad, gas y agua",10,Los Lagos,A,Cuentas Nacionales,"PIB por actividad económica, X Región de Los Lagos, base 2003 ( millones de pesos)",05,"Electricidad, gas, agua y gestión de desechos",f035_positional
F035.PIB.FLU.R.CLP.2003.06.Z.Z.10.0.A,Construcción,10,Los Lagos,A,Cuentas Nacionales,"PIB por actividad económica, X Región de Los Lagos, base 2003 ( millones de pesos)",06,Construcción,f035_positional
F035.PIB.FLU.R.CLP.2003.07.Z.Z.10.0.A,"Comercio, restaurantes y hoteles",10,Los Lagos,A,Cuentas Nacionales,"PIB por actividad económica, X Región de Los Lagos, base 2003 ( millones de pesos)",07,"Comercio, restaurantes y hoteles",f035_positional
F035.PIB.FLU.R.CLP.2003.08.Z.Z.10.0.A,Transportes y comunicaciones,10,Los Lagos,A,Cuentas Nacionales,"PIB por actividad económica, X Región de Los Lagos, base 2003 ( millones de pesos)",08,"Transporte, información y comunicaciones",f035_positional
F035.PIB.FLU.R.CLP.2003.09.21.Z.10.0.A,Servicios financieros y empresariales,10,Los Lagos,A,Cuentas Nacionales,"PIB por actividad económica, X Región de Los Lagos, base 2003 ( millones de pesos)",09,Servicios financieros y empresariales,f035_positional
F035.PIB.FLU.R.CLP.2003.10.Z.Z.10.0.A,Propiedad de vivienda,10,Los Lagos,A,Cuentas Nacionales,"PIB por actividad económica, X Región de Los Lagos, base 2003 ( millones de pesos)",10,Servicios de vivienda e inmobiliarios,f035_positional
F035.PIB.FLU.R.CLP.2003.11.Z.Z.10.0.A,Servicios personales,10,Los Lagos,A,Cuentas Nacionales,"PIB por actividad económica, X Región de Los Lagos, base 2003 ( millones de pesos)",11,Servicios personales,f035_positional
F035.PIB.FLU.R.CLP.2003.12.Z.Z.10.0.A,Administración pública,10,Los Lagos,A,Cuentas Nacionales,"PIB por actividad económica, X Región de Los Lagos, base 2003 ( millones de pesos)",12,Administración pública,f035_positional
F035.PIB.FLU.R.CLP.2003.13.Z.Z.10.0.A,Menos: imputaciones bancarias,10,Los Lagos,A,Cuentas Nacionales,"PIB por actividad económica, X Región de Los Lagos, base 2003 ( millones de pesos)",13,Menos: imputaciones bancarias,f035_positional
F035.PIB.FLU.R.CLP.2003.Z.Z.Z.10.0.A,X De Los Lagos,10,Los Lagos,A,Cuentas Nacionales,"Producto interno bruto por región, a precios constantes, base 2003 ( millones de pesos)",,,f035_positional
F035.PIB.FLU.R.CLP.2008.01.Z.Z.10.0.A,Agropecuario-silvícola,10,Los Lagos,A,Cuentas Nacionales,"PIB por actividad económica, X Región de Los Lagos, volumen a precios del año anterior encadenado, referencia 2008 (millones de pesos encadenados)",01,Agropecuario-silvícola,f035_positional
F035.PIB.FLU.R.CLP.2008.02.04.Z.10.0.A,Pesca,10,Los Lagos,A,Cuentas Nacionales,"PIB por actividad económica, X Región de Los Lagos, volumen a precios del año anterior encadenado, referencia 2008 (millones de pesos encadenados)",02,Pesca,f035_positional
F035.PIB.FLU.R.CLP.2008.03.Z.Z.10.0.A,Minería,10,Los Lagos,A,Cuentas Nacionales,"PIB por actividad económica, X Región de Los Lagos, volumen a precios del año anterior encadenado, referencia 2008 (millones de pesos encadenados)",03,Minería,f035_positional
F035.PIB.FLU.R.CLP.2008.04.Z.Z.10.0.A,Industria manufacturera,10,Los Lagos,A,Cuentas Nacionales,"PIB por actividad económica, X Región de Los Lagos, volumen a precios del año anterior encadenado, referencia 2008 (millones de pesos encadenados)",04,Industria,f035_positional
F035.PIB.FLU.R.CLP.2008.05.Z.Z.10.0.A,"Electricidad, gas y agua",10,Los Lagos,A,Cuentas Nacionales,"PIB por actividad económica, X Región de Los Lagos, volumen a precios del año anterior encadenado, referencia 2008 (millones de pesos encadenados)",05,"Electricidad, gas, agua y gestión de desechos",f035_positional
F035.PIB.FLU.R.CLP.2008.06.Z.Z.10.0.A,Construcción,10,Los Lagos,A,Cuentas Nacionales,"PIB por actividad económica, X Región de Los Lagos, volumen a precios del año anterior encadenado, referencia 2008 (millones de pesos encadenados)",06,Construcción,f035_positional
F035.PIB.FLU.R.CLP.2008.07.Z.Z.10.0.A,"Comercio, restaurantes y hoteles",10,Los Lagos,A,Cuentas Nacionales,"PIB por actividad económica, X Región de Los Lagos, volumen a precios del año anterior encadenado, referencia 2008 (millones de pesos encadenados)",07,"Comercio, restaurantes y hoteles",f035_positional
F035.PIB.FLU.R.CLP.2008.08.Z.Z.10.0.A,Transportes y comunicaciones,10,Los Lagos,A,Cuentas Nacionales,"PIB por actividad económica, X Región de Los Lagos, volumen a precios del año anterior encadenado, referencia 2008 (millones de pesos encadenados)",08,"Transporte, información y comunicaciones",f035_positional
F035.PIB.FLU.R.CLP.2008.09.21.Z.10.0.A,Servicios financieros y empresariales,10,Los Lagos,A,Cuentas Nacionales,"PIB por actividad económica, X Región de Los Lagos, volumen a precios del año anterior encadenado, referencia 2008 (millones de pesos encadenados)",09,Servicios financieros y empresariales,f035_positional
F035.PIB.FLU.R.CLP.2008.10.Z.Z.10.0.A,Propiedad de vivienda,10,Los Lagos,A,Cuentas Nacionales,"PIB por actividad económica, X Región de Los Lagos, volumen a precios del año anterior encadenado, referencia 2008 (millones de pesos encadenados)",10,Servicios de vivienda e inmobiliarios,f035_positional
F035.PIB.FLU.R.CLP.2008.11.Z.Z.10.0.A,Servicios personales,10,Los Lagos,A,Cuentas Nacionales,"PIB por actividad económica, X Región de Los Lagos, volumen a precios del año anterior encadenado, referencia 2008 (millones de pesos encadenados)",11,Servicios personales,f035_positional
F035.PIB.FLU.R.CLP.2008.12.Z.Z.10.0.A,Administración pública,10,Los Lagos,A,Cuentas Nacionales,"PIB por actividad económica, X Región de Los Lagos, volumen a precios del año anterior encadenado, referencia 2008 (millones de pesos encadenados)",12,Administración pública,f035_positional
F035.PIB.FLU.R.CLP.2008.Z.Z.Z.10.0.A,X De Los Lagos,10,Los Lagos,A,Cuentas Nacionales,"Producto interno bruto por región, volumen a precios del año anterior encadenado, referencia 2008 (millones de pesos encadenados)",,,f035_positional
F035.PIB.FLU.R.CLP.2013.01.Z.Z.10.0.A,Agropecuario-silvícola,10,Los Lagos,A,Cuentas Nacionales,"PIB por actividad económica, Región de Los Lagos, volumen a precios del año anterior encadenado, series empalmadas, referencia 2013 (miles de millones de pesos encadenados)",01,Agropecuario-silvícola,f035_positional
F035.PIB.FLU.R.CLP.2013.02.04.Z.10.0.A,Pesca,10,Los Lagos,A,Cuentas Nacionales,"PIB por actividad económica, Región de Los Lagos, volumen a precios del año anterior encadenado, series empalmadas, referencia 2013 (miles de millones de pesos encadenados)",02,Pesca,f035_positional
F035.PIB.FLU.R.CLP.2013.03.Z.Z.10.0.A,Minería,10,Los Lagos,A,Cuentas Nacionales,"PIB por actividad económica, Región de Los Lagos, volumen a precios del año anterior encadenado, series empalmadas, referencia 2013 (miles de millones de pesos encadenados)",03,Minería,f035_positional
F035.PIB.FLU.R.CLP.2013.04.Z.Z.10.0.A,Industria manufacturera,10,Los Lagos,A,Cuentas Nacionales,"PIB por actividad económica, Región de Los Lagos, volumen a precios del año anterior encadenado, series empalmadas, referencia 2013 (miles de millones de pesos encadenados)",04,Industria,f035_positional
F035.PIB.FLU.R.CLP.2013.05.Z.Z.10.0.A,"Electricidad, gas, agua y gestión de desechos",10,Los Lagos,A,Cuentas Nacionales,"PIB por actividad económica, Región de Los Lagos, volumen a precios del año anterior encadenado, series empalmadas, referencia 2013 (miles de millones de pesos encadenados)",05,"Electricidad, gas, agua y gestión de desechos",f035_positional
F035.PIB.FLU.R.CLP.2013.06.Z.Z.10.0.A,Construcción,10,Los Lagos,A,Cuentas Nacionales,"PIB por actividad económica, Región de Los Lagos, volumen a precios del año anterior encadenado, series empalmadas, referencia 2013 (miles de millones de pesos encadenados)",06,Construcción,f035_positional
F035.PIB.FLU.R.CLP.2013.07.Z.Z.10.0.A,"Comercio, restaurantes y hoteles",10,Los Lagos,A,Cuentas Nacionales,"PIB por actividad económica, Región de Los Lagos, volumen a precios del año anterior encadenado, series empalmadas, referencia 2013 (miles de millones de pesos encadenados)",07,"Comercio, restaurantes y hoteles",f035_positional
F035.PIB.FLU.R.CLP.2013.08.Z.Z.10.0.A,"Transporte, información y comunicaciones",10,Los Lagos,A,Cuentas Nacionales,"PIB por actividad económica, Región de Los Lagos, volumen a precios del año anterior encadenado, series empalmadas, referencia 2013 (miles de millones de pesos encadenados)",08,"Transporte, información y comunicaciones",f035_positional
F035.PIB.FLU.R.CLP.2013.09.21.Z.10.0.A,Servicios financieros y empresariales,10,Los Lagos,A,Cuentas Nacionales,"PIB por actividad económica, Región de Los Lagos, volumen a precios del año anterior encadenado, series empalmadas, referencia 2013 (miles de millones de pesos encadenados)",09,Servicios financieros y empresariales,f035_positional
F035.PIB.FLU.R.CLP.2013.10.Z.Z.10.0.A,Servicios de vivienda e inmobiliarios,10,Los Lagos,A,Cuentas Nacionales,"PIB por actividad económica, Región de Los Lagos, volumen a precios del año anterior encadenado, series empalmadas, referencia 2013 (miles de millones de pesos encadenados)",10,Servicios de vivienda e inmobiliarios,f035_positional
F035.PIB.FLU.R.CLP.2013.11.Z.Z.10.0.A,Servicios personales,10,Los Lagos,A,Cuentas Nacionales,"PIB por actividad económica, Región de Los Lagos, volumen a precios del año anterior encadenado, series empalmadas, referencia 2013 (miles de millones de pesos encadenados)",11,Servicios personales,f035_positional
F035.PIB.FLU.R.CLP.2013.12.Z.Z.10.0.A,Administración pública,10,Los Lagos,A,Cuentas Nacionales,"PIB por actividad económica, Región de Los Lagos, volumen a precios del año anterior encadenado, series empalmadas, referencia 2013 (miles de millones de pesos encadenados)",12,Administración pública,f035_positional
F035.PIB.FLU.R.CLP.2013.Z.Z.Z.10.0.A,Región de Los Lagos,10,Los Lagos,A,Cuentas Nacionales,"Producto interno bruto por región, volumen a precios del año anterior encadenado, series empalmadas, referencia 2013 (miles de millones de pesos encadenados)",,,f035_positional
F035.PIB.FLU.R.CLP.2018.01.Z.Z.10.0.A,Agropecuario-silvícola,10,Los Lagos,A,Cuentas Nacionales,"PIB por actividad económica, Región de Los Lagos, volumen a precios del año anterior encadenado, series empalmadas, referencia 2018 (miles de millones de pesos encadenados)",01,Agropecuario-silvícola,f035_positional
F035.PIB.FLU.R.CLP.2018.02.04.Z.10.0.A,Pesca,10,Los Lagos,A,Cuentas Nacionales,"PIB por actividad económica, Región de Los Lagos, volumen a precios del año anterior encadenado, series empalmadas, referencia 2018 (miles de millones de pesos encadenados)",02,Pesca,f035_positional
F035.PIB.FLU.R.CLP.2018.03.Z.Z.10.0.A,Minería,10,Los Lagos,A,Cuentas Nacionales,"PIB por actividad económica, Región de Los Lagos, volumen a precios del año anterior encadenado, series empalmadas, referencia 2018 (miles de millones de pesos encadenados)",03,Minería,f035_positional
F035.PIB.FLU.R.CLP.2018.04.Z.Z.10.0.A,Industria manufacturera,10,Los Lagos,A,Cuentas Nacionales,"PIB por actividad económica, Región de Los Lagos, volumen a precios del año anterior encadenado, series empalmadas, referencia 2018 (miles de millones de pesos encadenados)",04,Industria,f035_positional
F035.PIB.FLU.R.CLP.2018.05.Z.Z.10.0.A,"Electricidad, gas, agua y gestión de desechos",10,Los Lagos,A,Cuentas Nacionales,"PIB por actividad económica, Región de Los Lagos, volumen a precios del año anterior encadenado, series empalmadas, referencia 2018 (miles de millones de pesos encadenados)",05,"Electricidad, gas, agua y gestión de desechos",f035_positional
F035.PIB.FLU.R.CLP.2018.06.Z.Z.10.0.A,Construcción,10,Los Lagos,A,Cuentas Nacionales,"PIB por actividad económica, Región de Los Lagos, volumen a precios del año anterior encadenado, series empalmadas, referencia 2018 (miles de millones de pesos encadenados)",06,Construcción,f035_positional
F035.PIB.FLU.R.CLP.2018.08.Z.Z.10.0.A,"Transporte, información y comunicaciones",10,Los Lagos,A,Cuentas Nacionales,"PIB por actividad económica, Región de Los Lagos, volumen a precios del año anterior encadenado, series empalmadas, referencia 2018 (miles de millones de pesos encadenados)",08,"Transporte, información y comunicaciones",f035_positional
F035.PIB.FLU.R.CLP.2018.09.21.Z.10.0.A,Servicios financieros y empresariales,10,Los Lagos,A,Cuentas Nacionales,"PIB por actividad económica, Región de Los Lagos, volumen a precios del año anterior encadenado, series empalmadas, referencia 2018 (miles de millones de pesos encadenados)",09,Servicios financieros y empresariales,f035_positional
F035.PIB.FLU.R.CLP.2018.10.Z.Z.10.0.A,Servicios de vivienda e inmobiliarios,10,Los Lagos,A,Cuentas Nacionales,"PIB por actividad económica, Región de Los Lagos, volumen a precios del año anterior encadenado, series empalmadas, referencia 2018 (miles de millones de pesos encadenados)",10,Servicios de vivienda e inmobiliarios,f035_positional
F035.PIB.FLU.R.CLP.2018.11.Z.Z.10.0.A,Servicios personales,10,Los Lagos,A,Cuentas Nacionales,"PIB por actividad económica, Región de Los Lagos, volumen a precios del año anterior encadenado, series empalmadas, referencia 2018 (miles de millones de pesos encadenados)",11,Servicios personales,f035_positional
F035.PIB.FLU.R.CLP.2018.12.Z.Z.10.0.A,Administración pública,10,Los Lagos,A,Cuentas Nacionales,"PIB por actividad económica, Región de Los Lagos, volumen a precios del año anterior encadenado, series empalmadas, referencia 2018 (miles de millones de pesos encadenados)",12,Administración pública,f035_positional
F035.PIB.FLU.R.CLP.2018.COM.Z.Z.10.0.A,Comercio,10,Los Lagos,A,Cuentas Nacionales,"PIB por actividad económica, Región de Los Lagos, volumen a precios del año anterior encadenado, series empalmadas, referencia 2018 (miles de millones de pesos encadenados)",COM,Comercio,f035_positional
F035.PIB.FLU.R.CLP.2018.RH.Z.Z.10.0.A,Restaurantes y hoteles,10,Los Lagos,A,Cuentas Nacionales,"PIB por actividad económica, Región de Los Lagos, volumen a precios del año anterior encadenado, series empalmadas, referencia 2018 (miles de millones de pesos encadenados)",RH,Restaurantes y hoteles,f035_positional
F035.PIB.FLU.R.CLP.2018.Z.Z.Z.10.0.A,Producto interno bruto,10,Los Lagos,A,Cuentas Nacionales,"PIB por actividad económica, Región de Los Lagos, volumen a precios del año anterior encadenado, series empalmadas, referencia 2018 (miles de millones de pesos encadenados)",,,f035_positional
F035.PIB.V12.R.CLP.2008.Z.Z.Z.10.0.A,X De Los Lagos,10,Los Lagos,A,Cuentas Nacionales,"Producto interno bruto por región, contribución porcentual respecto de igual periodo del año anterior, referencia 2008 .",,,f035_positional
F035.PIB.V12.R.CLP.2013.Z.Z.Z.10.0.A,Región de Los Lagos,10,Los Lagos,A,Cuentas Nacionales,"Producto interno bruto por región, contribución porcentual respecto de igual periodo del año anterior, series empalmadas, referencia 2013 .",,,f035_positional
F035.PIB.V12.R.CLP.2018.01.Z.Z.10.0.A,Agropecuario-silvícola,10,Los Lagos,A,Cuentas Nacionales,"PIB por actividad económica, Región de Los Lagos, contribución porcentual respecto de igual periodo del año anterior, series empalmadas, referencia 2018",01,Agropecuario-silvícola,f035_positional
F035.PIB.V12.R.CLP.2018.02.04.Z.10.0.A,Pesca,10,Los Lagos,A,Cuentas Nacionales,"PIB por actividad económica, Región de Los Lagos, contribución porcentual respecto de igual periodo del año anterior, series empalmadas, referencia 2018",02,Pesca,f035_positional
F035.PIB.V12.R.CLP.2018.03.Z.Z.10.0.A,Minería,10,Los Lagos,A,Cuentas Nacionales,"PIB por actividad económica, Región de Los Lagos, contribución porcentual respecto de igual periodo del año anterior, series empalmadas, referencia 2018",03,Minería,f035_positional
F035.PIB.V12.R.CLP.2018.04.Z.Z.10.0.A,Industria manufacturera,10,Los Lagos,A,Cuentas Nacionales,"PIB por actividad económica, Región de Los Lagos, contribución porcentual respecto de igual periodo del año anterior, series empalmadas, referencia 2018",04,Industria,f035_positional
F035.PIB.V12.R.CLP.2018.05.Z.Z.10.0.A,"Electricidad, gas, agua y gestión de desechos",10,Los Lagos,A,Cuentas Nacionales,"PIB por actividad económica, Región de Los Lagos, contribución porcentual respecto de igual periodo del año anterior, series empalmadas, referencia 2018",05,"Electricidad, gas, agua y gestión de desechos",f035_positional
F035.PIB.V12.R.CLP.2018.06.Z.Z.10.0.A,Construcción,10,Los Lagos,A,Cuentas Nacionales,"PIB por actividad económica, Región de Los Lagos, contribución porcentual respecto de igual periodo del año anterior, series empalmadas, referencia 2018",06,Construcción,f035_positional
F035.PIB.V12.R.CLP.2018.08.Z.Z.10.0.A,"Transporte, información y comunicaciones",10,Los Lagos,A,Cuentas Nacionales,"PIB por actividad económica, Región de Los Lagos, contribución porcentual respecto de igual periodo del año anterior, series empalmadas, referencia 2018",08,"Transporte, información y comunicaciones",f035_positional
F035.PIB.V12.R.CLP.2018.09.21.Z.10.0.A,Servicios financieros y empresariales,10,Los Lagos,A,Cuentas Nacionales,"PIB por actividad económica, Región de Los Lagos, contribución porcentual respecto de igual periodo del año anterior, series empalmadas, referencia 2018",09,Servicios financieros y empresariales,f035_positional
F035.PIB.V12.R.CLP.2018.10.Z.Z.10.0.A,Servicios de vivienda e inmobiliarios,10,Los Lagos,A,Cuentas Nacionales,"PIB por actividad económica, Región de Los Lagos, contribución porcentual respecto de igual periodo del año anterior, series empalmadas, referencia 2018",10,Servicios de vivienda e inmobiliarios,f035_positional
F035.PIB.V12.R.CLP.2018.11.Z.Z.10.0.A,Servicios personales,10,Los Lagos,A,Cuentas Nacionales,"PIB por actividad económica, Región de Los Lagos, contribución porcentual respecto de igual periodo del año anterior, series empalmadas, referencia 2018",11,Servicios personales,f035_positional
F035.PIB.V12.R.CLP.2018.12.Z.Z.10.0.A,Administración pública,10,Los Lagos,A,Cuentas Nacionales,"PIB por actividad económica, Región de Los Lagos, contribución porcentual respecto de igual periodo del año anterior, series empalmadas, referencia 2018",12,Administración pública,f035_positional
F035.PIB.V12.R.CLP.2018.COM.Z.Z.10.0.A,Comercio,10,Los Lagos,A,Cuentas Nacionales,"PIB por actividad económica, Región de Los Lagos, contribución porcentual respecto de igual periodo del año anterior, series empalmadas, referencia 2018",COM,Comercio,f035_positional
F035.PIB.V12.R.CLP.2018.CONT.Z.Z.10.0.A,Producto Interno Bruto,10,Los Lagos,A,Cuentas Nacionales,"PIB por actividad económica, Región de Los Lagos, contribución porcentual respecto de igual periodo del año anterior, series empalmadas, referencia 2018",CONT,PIB (contribución),f035_positional
F035.PIB.V12.R.CLP.2018.RH.Z.Z.10.0.A,Restaurantes y hoteles,10,Los Lagos,A,Cuentas Nacionales,"PIB por actividad económica, Región de Los Lagos, contribución porcentual respecto de igual periodo del año anterior, series empalmadas, referencia 2018",RH,Restaurantes y hoteles,f035_positional
F035.PIB.V12.R.CLP.2018.Z.Z.Z.10.0.A,Región de Los Lagos,10,Los Lagos,A,Cuentas Nacionales,"Producto interno bruto por región, contribución porcentual respecto de igual periodo del año anterior, series empalmadas, referencia 2018",,,f035_positional
F035.PIB.FLU.N.CLP.2008.01.Z.Z.11.0.A,Agropecuario-silvícola,11,Aysén,A,Cuentas Nacionales,"PIB por actividad económica,XI Región de Aisén del General Carlos Ibáñez del Campo, precios corrientes, referencia 2008 (millones de pesos)",01,Agropecuario-silvícola,f035_positional
F035.PIB.FLU.N.CLP.2008.02.04.Z.11.0.A,Pesca,11,Aysén,A,Cuentas Nacionales,"PIB por actividad económica,XI Región de Aisén del General Carlos Ibáñez del Campo, precios corrientes, referencia 2008 (millones de pesos)",02,Pesca,f035_positional
F035.PIB.FLU.N.CLP.2008.03.Z.Z.11.0.A,Minería,11,Aysén,A,Cuentas Nacionales,"PIB por actividad económica,XI Región de Aisén del General Carlos Ibáñez del Campo, precios corrientes, referencia 2008 (millones de pesos)",03,Minería,f035_positional
F035.PIB.FLU.N.CLP.2008.04.Z.Z.11.0.A,Industria manufacturera,11,Aysén,A,Cuentas Nacionales,"PIB por actividad económica,XI Región de Aisén del General Carlos Ibáñez del Campo, precios corrientes, referencia 2008 (millones de pesos)",04,Industria,f035_positional
F035.PIB.FLU.N.CLP.2008.05.Z.Z.11.0.A,"Electricidad, gas, agua y gestión de desechos",11,Aysén,A,Cuentas Nacionales,"PIB por actividad económica,XI Región de Aisén del General Carlos Ibáñez del Campo, precios corrientes, referencia 2008 (millones de pesos)",05,"Electricidad, gas, agua y gestión de desechos",f035_positional
F035.PIB.FLU.N.CLP.2008.06.Z.Z.11.0.A,Construcción,11,Aysén,A,Cuentas Nacionales,"PIB por actividad económica,XI Región de Aisén del General Carlos Ibáñez del Campo, precios corrientes, referencia 2008 (millones de pesos)",06,Construcción,f035_positional
F035.PIB.FLU.N.CLP.2008.07.Z.Z.11.0.A,"Comercio, restaurantes y hoteles",11,Aysén,A,Cuentas Nacionales,"PIB por actividad económica,XI Región de Aisén del General Carlos Ibáñez del Campo, precios corrientes, referencia 2008 (millones de pesos)",07,"Comercio, restaurantes y hoteles",f035_positional
F035.PIB.FLU.N.CLP.2008.08.Z.Z.11.0.A,"Transportes, informacion y comunicaciones",11,Aysén,A,Cuentas Nacionales,"PIB por actividad económica,XI Región de Aisén del General Carlos Ibáñez del Campo, precios corrientes, referencia 2008 (millones de pesos)",08,"Transporte, información y comunicaciones",f035_positional
F035.PIB.FLU.N.CLP.2008.09.21.Z.11.0.A,Servicios financieros y empresariales,11,Aysén,A,Cuentas Nacionales,"PIB por actividad económica,XI Región de Aisén del General Carlos Ibáñez del Campo, precios corrientes, referencia 2008 (millones de pesos)",09,Servicios financieros y empresariales,f035_positional
F035.PIB.FLU.N.CLP.2008.10.Z.Z.11.0.A,Servicios de vivienda e inmobiliarios,11,Aysén,A,Cuentas Nacionales,"PIB por actividad económica,XI Región de Aisén del General Carlos Ibáñez del Campo, precios corrientes, referencia 2008 (millones de pesos)",10,Servicios de vivienda e inmobiliarios,f035_positional
F035.PIB.FLU.N.CLP.2008.11.Z.Z.11.0.A,Servicios personales,11,Aysén,A,Cuentas Nacionales,"PIB por actividad económica,XI Región de Aisén del General Carlos Ibáñez del Campo, precios corrientes, referencia 2008 (millones de pesos)",11,Servicios personales,f035_positional
F035.PIB.FLU.N.CLP.2008.12.Z.Z.11.0.A,Administración pública,11,Aysén,A,Cuentas Nacionales,"PIB por actividad económica,XI Región de Aisén del General Carlos Ibáñez del Campo, precios corrientes, referencia 2008 (millones de pesos)",12,Administración pública,f035_positional
F035.PIB.FLU.N.CLP.2008.Z.Z.Z.11.0.A,XI Aysén del General Carlos Ibáñez del Campo,11,Aysén,A,Cuentas Nacionales,"Producto interno bruto por región, precios corrientes, referencia 2008 (millones de pesos)",,,f035_positional
F035.PIB.FLU.N.CLP.2013.01.Z.Z.11.0.A,Agropecuario-silvícola,11,Aysén,A,Cuentas Nacionales,"PIB por actividad económica, Región de Aysén del General Carlos Ibáñez del Campo, precios corrientes, series empalmadas, referencia 2013 (miles de millones de pesos)",01,Agropecuario-silvícola,f035_positional
F035.PIB.FLU.N.CLP.2013.02.04.Z.11.0.A,Pesca,11,Aysén,A,Cuentas Nacionales,"PIB por actividad económica, Región de Aysén del General Carlos Ibáñez del Campo, precios corrientes, series empalmadas, referencia 2013 (miles de millones de pesos)",02,Pesca,f035_positional
F035.PIB.FLU.N.CLP.2013.03.Z.Z.11.0.A,Minería,11,Aysén,A,Cuentas Nacionales,"PIB por actividad económica, Región de Aysén del General Carlos Ibáñez del Campo, precios corrientes, series empalmadas, referencia 2013 (miles de millones de pesos)",03,Minería,f035_positional
F035.PIB.FLU.N.CLP.2013.04.Z.Z.11.0.A,Industria manufacturera,11,Aysén,A,Cuentas Nacionales,"PIB por actividad económica, Región de Aysén del General Carlos Ibáñez del Campo, precios corrientes, series empalmadas, referencia 2013 (miles de millones de pesos)",04,Industria,f035_positional
F035.PIB.FLU.N.CLP.2013.05.Z.Z.11.0.A,"Electricidad, gas, agua y gestión de desechos",11,Aysén,A,Cuentas Nacionales,"PIB por actividad económica, Región de Aysén del General Carlos Ibáñez del Campo, precios corrientes, series empalmadas, referencia 2013 (miles de millones de pesos)",05,"Electricidad, gas, agua y gestión de desechos",f035_positional
F035.PIB.FLU.N.CLP.2013.06.Z.Z.11.0.A,Construcción,11,Aysén,A,Cuentas Nacionales,"PIB por actividad económica, Región de Aysén del General Carlos Ibáñez del Campo, precios corrientes, series empalmadas, referencia 2013 (miles de millones de pesos)",06,Construcción,f035_positional
F035.PIB.FLU.N.CLP.2013.07.Z.Z.11.0.A,"Comercio, restaurantes y hoteles",11,Aysén,A,Cuentas Nacionales,"PIB por actividad económica, Región de Aysén del General Carlos Ibáñez del Campo, precios corrientes, series empalmadas, referencia 2013 (miles de millones de pesos)",07,"Comercio, restaurantes y hoteles",f035_positional
F035.PIB.FLU.N.CLP.2013.08.Z.Z.11.0.A,"Transporte, información y comunicaciones",11,Aysén,A,Cuentas Nacionales,"PIB por actividad económica, Región de Aysén del General Carlos Ibáñez del Campo, precios corrientes, series empalmadas, referencia 2013 (miles de millones de pesos)",08,"Transporte, información y comunicaciones",f035_positional
F035.PIB.FLU.N.CLP.2013.09.21.Z.11.0.A,Servicios financieros y empresariales,11,Aysén,A,Cuentas Nacionales,"PIB por actividad económica, Región de Aysén del General Carlos Ibáñez del Campo, precios corrientes, series empalmadas, referencia 2013 (miles de millones de pesos)",09,Servicios financieros y empresariales,f035_positional
F035.PIB.FLU.N.CLP.2013.10.Z.Z.11.0.A,Servicios de vivienda e inmobiliarios,11,Aysén,A,Cuentas Nacionales,"PIB por actividad económica, Región de Aysén del General Carlos Ibáñez del Campo, precios corrientes, series empalmadas, referencia 2013 (miles de millones de pesos)",10,Servicios de vivienda e inmobiliarios,f035_positional
F035.PIB.FLU.N.CLP.2013.11.Z.Z.11.0.A,Servicios personales,11,Aysén,A,Cuentas Nacionales,"PIB por actividad económica, Región de Aysén del General Carlos Ibáñez del Campo, precios corrientes, series empalmadas, referencia 2013 (miles de millones de pesos)",11,Servicios personales,f035_positional
F035.PIB.FLU.N.CLP.2013.12.Z.Z.11.0.A,Administración pública,11,Aysén,A,Cuentas Nacionales,"PIB por actividad económica, Región de Aysén del General Carlos Ibáñez del Campo, precios corrientes, series empalmadas, referencia 2013 (miles de millones de pesos)",12,Administración pública,f035_positional
F035.PIB.FLU.N.CLP.2013.Z.Z.Z.11.0.A,Región de Aysén del General Carlos Ibáñez del Campo,11,Aysén,A,Cuentas Nacionales,"Producto interno bruto por región, precios corrientes, series empalmadas, referencia 2013 (miles de millones de pesos)",,,f035_positional
F035.PIB.FLU.N.CLP.2018.01.Z.Z.11.0.A,Agropecuario-silvícola,11,Aysén,A,Cuentas Nacionales,"PIB por actividad económica, Región de Aysén del General Carlos Ibáñez del Campo, precios corrientes, series empalmadas, referencia 2018 (miles de millones de pesos)",01,Agropecuario-silvícola,f035_positional
F035.PIB.FLU.N.CLP.2018.02.04.Z.11.0.A,Pesca,11,Aysén,A,Cuentas Nacionales,"PIB por actividad económica, Región de Aysén del General Carlos Ibáñez del Campo, precios corrientes, series empalmadas, referencia 2018 (miles de millones de pesos)",02,Pesca,f035_positional
F035.PIB.FLU.N.CLP.2018.03.Z.Z.11.0.A,Minería,11,Aysén,A,Cuentas Nacionales,"PIB por actividad económica, Región de Aysén del General Carlos Ibáñez del Campo, precios corrientes, series empalmadas, referencia 2018 (miles de millones de pesos)",03,Minería,f035_positional
F035.PIB.FLU.N.CLP.2018.04.Z.Z.11.0.A,Industria manufacturera,11,Aysén,A,Cuentas Nacionales,"PIB por actividad económica, Región de Aysén del General Carlos Ibáñez del Campo, precios corrientes, series empalmadas, referencia 2018 (miles de millones de pesos)",04,Industria,f035_positional
F035.PIB.FLU.N.CLP.2018.05.Z.Z.11.0.A,"Electricidad, gas, agua y gestión de desechos",11,Aysén,A,Cuentas Nacionales,"PIB por actividad económica, Región de Aysén del General Carlos Ibáñez del Campo, precios corrientes, series empalmadas, referencia 2018 (miles de millones de pesos)",05,"Electricidad, gas, agua y gestión de desechos",f035_positional
F035.PIB.FLU.N.CLP.2018.06.Z.Z.11.0.A,Construcción,11,Aysén,A,Cuentas Nacionales,"PIB por actividad económica, Región de Aysén del General Carlos Ibáñez del Campo, precios corrientes, series empalmadas, referencia 2018 (miles de millones de pesos)",06,Construcción,f035_positional
F035.PIB.FLU.N.CLP.2018.08.Z.Z.11.0.A,"Transporte, información y comunicaciones",11,Aysén,A,Cuentas Nacionales,"PIB por actividad económica, Región de Aysén del General Carlos Ibáñez del Campo, precios corrientes, series empalmadas, referencia 2018 (miles de millones de pesos)",08,"Transporte, información y comunicaciones",f035_positional
F035.PIB.FLU.N.CLP.2018.09.21.Z.11.0.A,Servicios financieros y empresariales,11,Aysén,A,Cuentas Nacionales,"PIB por actividad económica, Región de Aysén del General Carlos Ibáñez del Campo, precios corrientes, series empalmadas, referencia 2018 (miles de millones de pesos)",09,Servicios financieros y empresariales,f035_positional
F035.PIB.FLU.N.CLP.2018.10.Z.Z.11.0.A,Servicios de vivienda e inmobiliarios,11,Aysén,A,Cuentas Nacionales,"PIB por actividad económica, Región de Aysén del General Carlos Ibáñez del Campo, precios corrientes, series empalmadas, referencia 2018 (miles de millones de pesos)",10,Servicios de vivienda e inmobiliarios,f035_positional
F035.PIB.FLU.N.CLP.2018.11.Z.Z.11.0.A,Servicios personales,11,Aysén,A,Cuentas Nacionales,"PIB por actividad económica, Región de Aysén del General Carlos Ibáñez del Campo, precios corrientes, series empalmadas, referencia 2018 (miles de millones de pesos)",11,Servicios personales,f035_positional
F035.PIB.FLU.N.CLP.2018.12.Z.Z.11.0.A,Administración pública,11,Aysén,A,Cuentas Nacionales,"PIB por actividad económica, Región de Aysén del General Carlos Ibáñez del Campo, precios corrientes, series empalmadas, referencia 2018 (miles de millones de pesos)",12,Administración pública,f035_positional
F035.PIB.FLU.N.CLP.2018.COM.Z.Z.11.0.A,Comercio,11,Aysén,A,Cuentas Nacionales,"PIB por actividad económica, Región de Aysén del General Carlos Ibáñez del Campo, precios corrientes, series empalmadas, referencia 2018 (miles de millones de pesos)",COM,Comercio,f035_positional
F035.PIB.FLU.N.CLP.2018.RH.Z.Z.11.0.A,Restaurantes y hoteles,11,Aysén,A,Cuentas Nacionales,"PIB por actividad económica, Región de Aysén del General Carlos Ibáñez del Campo, precios corrientes, series empalmadas, referencia 2018 (miles de millones de pesos)",RH,Restaurantes y hoteles,f035_positional
F035.PIB.FLU.N.CLP.2018.Z.Z.Z.11.0.A,Región de Aysén del General Carlos Ibáñez del Campo,11,Aysén,A,Cuentas Nacionales,"Producto interno bruto por región, precios corrientes, series empalmadas, referencia 2018 (miles de millones de pesos)",,,f035_positional
F035.PIB.FLU.R.CLP.1986.01.Z.Z.11.0.A,Agropecuario-silvícola,11,Aysén,A,Cuentas Nacionales,"PIB por actividad económica, XI Región de Aisén del General Carlos Ibáñez del Campo, base 1986 (millones de pesos)",01,Agropecuario-silvícola,f035_positional
F035.PIB.FLU.R.CLP.1986.02.04.Z.11.0.A,Pesca,11,Aysén,A,Cuentas Nacionales,"PIB por actividad económica, XI Región de Aisén del General Carlos Ibáñez del Campo, base 1986 (millones de pesos)",02,Pesca,f035_positional
F035.PIB.FLU.R.CLP.1986.03.Z.Z.11.0.A,Minería,11,Aysén,A,Cuentas Nacionales,"PIB por actividad económica, XI Región de Aisén del General Carlos Ibáñez del Campo, base 1986 (millones de pesos)",03,Minería,f035_positional
F035.PIB.FLU.R.CLP.1986.04.Z.Z.11.0.A,Industria manufacturera,11,Aysén,A,Cuentas Nacionales,"PIB por actividad económica, XI Región de Aisén del General Carlos Ibáñez del Campo, base 1986 (millones de pesos)",04,Industria,f035_positional
F035.PIB.FLU.R.CLP.1986.05.Z.Z.11.0.A,"Electricidad, gas y agua",11,Aysén,A,Cuentas Nacionales,"PIB por actividad económica, XI Región de Aisén del General Carlos Ibáñez del Campo, base 1986 (millones de pesos)",05,"Electricidad, gas, agua y gestión de desechos",f035_positional
F035.PIB.FLU.R.CLP.1986.06.Z.Z.11.0.A,Construcción,11,Aysén,A,Cuentas Nacionales,"PIB por actividad económica, XI Región de Aisén del General Carlos Ibáñez del Campo, base 1986 (millones de pesos)",06,Construcción,f035_positional
F035.PIB.FLU.R.CLP.1986.07.Z.Z.11.0.A,"Comercio, restaurantes y hoteles",11,Aysén,A,Cuentas Nacionales,"PIB por actividad económica, XI Región de Aisén del General Carlos Ibáñez del Campo, base 1986 (millones de pesos)",07,"Comercio, restaurantes y hoteles",f035_positional
F035.PIB.FLU.R.CLP.1986.08.Z.Z.11.0.A,Transportes y comunicaciones,11,Aysén,A,Cuentas Nacionales,"PIB por actividad económica, XI Región de Aisén del General Carlos Ibáñez del Campo, base 1986 (millones de pesos)",08,"Transporte, información y comunicaciones",f035_positional
F035.PIB.FLU.R.CLP.1986.09.21.27.11.0.A,Servicios financieros,11,Aysén,A,Cuentas Nacionales,"PIB por actividad económica, XI Región de Aisén del General Carlos Ibáñez del Campo, base 1986 (millones de pesos)",09,Servicios financieros y empresariales,f035_positional
F035.PIB.FLU.R.CLP.1986.10.Z.Z.11.0.A,Propiedad de vivienda,11,Aysén,A,Cuentas Nacionales,"PIB por actividad económica, XI Región de Aisén del General Carlos Ibáñez del Campo, base 1986 (millones de pesos)",10,Servicios de vivienda e inmobiliarios,f035_positional
F035.PIB.FLU.R.CLP.1986.11.Z.Z.11.0.A,Servicios personales,11,Aysén,A,Cuentas Nacionales,"PIB por actividad económica, XI Región de Aisén del General Carlos Ibáñez del Campo, base 1986 (millones de pesos)",11,Servicios personales,f035_positional
F035.PIB.FLU.R.CLP.1986.12.Z.Z.11.0.A,Administración pública,11,Aysén,A,Cuentas Nacionales,"PIB por actividad económica, XI Región de Aisén del General Carlos Ibáñez del Campo, base 1986 (millones de pesos)",12,Administración pública,f035_positional
F035.PIB.FLU.R.CLP.1986.Z.Z.Z.11.0.A,XI Aysén del General Carlos Ibáñez del Campo,11,Aysén,A,Cuentas Nacionales,"Producto interno bruto por región, a precios constantes, base 1986 (millones de pesos)",,,f035_positional
F035.PIB.FLU.R.CLP.1996.01.Z.Z.11.0.A,Agropecuario-silvícola,11,Aysén,A,Cuentas Nacionales,"PIB por actividad económica, XI Región de Aisén del General Carlos Ibáñez del Campo, base 1996 ( millones de pesos)",01,Agropecuario-silvícola,f035_positional
F035.PIB.FLU.R.CLP.1996.02.04.Z.11.0.A,Pesca,11,Aysén,A,Cuentas Nacionales,"PIB por actividad económica, XI Región de Aisén del General Carlos Ibáñez del Campo, base 1996 ( millones de pesos)",02,Pesca,f035_positional
F035.PIB.FLU.R.CLP.1996.03.Z.Z.11.0.A,Minería,11,Aysén,A,Cuentas Nacionales,"PIB por actividad económica, XI Región de Aisén del General Carlos Ibáñez del Campo, base 1996 ( millones de pesos)",03,Minería,f035_positional
F035.PIB.FLU.R.CLP.1996.04.Z.Z.11.0.A,Industria manufacturera,11,Aysén,A,Cuentas Nacionales,"PIB por actividad económica, XI Región de Aisén del General Carlos Ibáñez del Campo, base 1996 ( millones de pesos)",04,Industria,f035_positional
F035.PIB.FLU.R.CLP.1996.05.Z.Z.11.0.A,"Electricidad, gas y agua",11,Aysén,A,Cuentas Nacionales,"PIB por actividad económica, XI Región de Aisén del General Carlos Ibáñez del Campo, base 1996 ( millones de pesos)",05,"Electricidad, gas, agua y gestión de desechos",f035_positional
F035.PIB.FLU.R.CLP.1996.06.Z.Z.11.0.A,Construcción,11,Aysén,A,Cuentas Nacionales,"PIB por actividad económica, XI Región de Aisén del General Carlos Ibáñez del Campo, base 1996 ( millones de pesos)",06,Construcción,f035_positional
F035.PIB.FLU.R.CLP.1996.07.Z.Z.11.0.A,"Comercio, restaurantes y hoteles",11,Aysén,A,Cuentas Nacionales,"PIB por actividad económica, XI Región de Aisén del General Carlos Ibáñez del Campo, base 1996 ( millones de pesos)",07,"Comercio, restaurantes y hoteles",f035_positional
F035.PIB.FLU.R.CLP.1996.08.Z.Z.11.0.A,Transportes y comunicaciones,11,Aysén,A,Cuentas Nacionales,"PIB por actividad económica, XI Región de Aisén del General Carlos Ibáñez del Campo, base 1996 ( millones de pesos)",08,"Transporte, información y comunicaciones",f035_positional
F035.PIB.FLU.R.CLP.1996.09.21.Z.11.0.A,Servicios financieros y empresariales,11,Aysén,A,Cuentas Nacionales,"PIB por actividad económica, XI Región de Aisén del General Carlos Ibáñez del Campo, base 1996 ( millones de pesos)",09,Servicios financieros y empresariales,f035_positional
F035.PIB.FLU.R.CLP.1996.10.Z.Z.11.0.A,Propiedad de vivienda,11,Aysén,A,Cuentas Nacionales,"PIB por actividad económica, XI Región de Aisén del General Carlos Ibáñez del Campo, base 1996 ( millones de pesos)",10,Servicios de vivienda e inmobiliarios,f035_positional
F035.PIB.FLU.R.CLP.1996.11.Z.Z.11.0.A,Servicios personales,11,Aysén,A,Cuentas Nacionales,"PIB por actividad económica, XI Región de Aisén del General Carlos Ibáñez del Campo, base 1996 ( millones de pesos)",11,Servicios personales,f035_positional
F035.PIB.FLU.R.CLP.1996.12.Z.Z.11.0.A,Administración pública,11,Aysén,A,Cuentas Nacionales,"PIB por actividad económica, XI Región de Aisén del General Carlos Ibáñez del Campo, base 1996 ( millones de pesos)",12,Administración pública,f035_positional
F035.PIB.FLU.R.CLP.1996.Z.Z.Z.11.0.A,XI Aysén del General Carlos Ibáñez del Campo,11,Aysén,A,Cuentas Nacionales,"Producto interno bruto por región, a precios constantes, base 1996 ( millones de pesos)",,,f035_positional
F035.PIB.FLU.R.CLP.2003.01.Z.Z.11.0.A,Agropecuario-silvícola,11,Aysén,A,Cuentas Nacionales,"PIB por actividad económica, XI Región de Aisén del General Carlos Ibáñez del Campo, base 2003 ( millones de pesos)",01,Agropecuario-silvícola,f035_positional
F035.PIB.FLU.R.CLP.2003.02.04.Z.11.0.A,Pesca,11,Aysén,A,Cuentas Nacionales,"PIB por actividad económica, XI Región de Aisén del General Carlos Ibáñez del Campo, base 2003 ( millones de pesos)",02,Pesca,f035_positional
F035.PIB.FLU.R.CLP.2003.03.Z.Z.11.0.A,Minería,11,Aysén,A,Cuentas Nacionales,"PIB por actividad económica, XI Región de Aisén del General Carlos Ibáñez del Campo, base 2003 ( millones de pesos)",03,Minería,f035_positional
F035.PIB.FLU.R.CLP.2003.04.Z.Z.11.0.A,Industria manufacturera,11,Aysén,A,Cuentas Nacionales,"PIB por actividad económica, XI Región de Aisén del General Carlos Ibáñez del Campo, base 2003 ( millones de pesos)",04,Industria,f035_positional
F035.PIB.FLU.R.CLP.2003.05.Z.Z.11.0.A,"Electricidad, gas y agua",11,Aysén,A,Cuentas Nacionales,"PIB por actividad económica, XI Región de Aisén del General Carlos Ibáñez del Campo, base 2003 ( millones de pesos)",05,"Electricidad, gas, agua y gestión de desechos",f035_positional
F035.PIB.FLU.R.CLP.2003.06.Z.Z.11.0.A,Construcción,11,Aysén,A,Cuentas Nacionales,"PIB por actividad económica, XI Región de Aisén del General Carlos Ibáñez del Campo, base 2003 ( millones de pesos)",06,Construcción,f035_positional
F035.PIB.FLU.R.CLP.2003.07.Z.Z.11.0.A,"Comercio, restaurantes y hoteles",11,Aysén,A,Cuentas Nacionales,"PIB por actividad económica, XI Región de Aisén del General Carlos Ibáñez del Campo, base 2003 ( millones de pesos)",07,"Comercio, restaurantes y hoteles",f035_positional
F035.PIB.FLU.R.CLP.2003.08.Z.Z.11.0.A,Transportes y comunicaciones,11,Aysén,A,Cuentas Nacionales,"PIB por actividad económica, XI Región de Aisén del General Carlos Ibáñez del Campo, base 2003 ( millones de pesos)",08,"Transporte, información y comunicaciones",f035_positional
F035.PIB.FLU.R.CLP.2003.09.21.Z.11.0.A,Servicios financieros y empresariales,11,Aysén,A,Cuentas Nacionales,"PIB por actividad económica, XI Región de Aisén del General Carlos Ibáñez del Campo, base 2003 ( millones de pesos)",09,Servicios financieros y empresariales,f035_positional
F035.PIB.FLU.R.CLP.2003.10.Z.Z.11.0.A,Propiedad de vivienda,11,Aysén,A,Cuentas Nacionales,"PIB por actividad económica, XI Región de Aisén del General Carlos Ibáñez del Campo, base 2003 ( millones de pesos)",10,Servicios de vivienda e inmobiliarios,f035_positional
F035.PIB.FLU.R.CLP.2003.11.Z.Z.11.0.A,Servicios personales,11,Aysén,A,Cuentas Nacionales,"PIB por actividad económica, XI Región de Aisén del General Carlos Ibáñez del Campo, base 2003 ( millones de pesos)",11,Servicios personales,f035_positional
F035.PIB.FLU.R.CLP.2003.12.Z.Z.11.0.A,Administración pública,11,Aysén,A,Cuentas Nacionales,"PIB por actividad económica, XI Región de Aisén del General Carlos Ibáñez del Campo, base 2003 ( millones de pesos)",12,Administración pública,f035_positional
F035.PIB.FLU.R.CLP.2003.Z.Z.Z.11.0.A,XI Aysén del General Carlos Ibáñez del Campo,11,Aysén,A,Cuentas Nacionales,"Producto interno bruto por región, a precios constantes, base 2003 ( millones de pesos)",,,f035_positional
F035.PIB.FLU.R.CLP.2008.01.Z.Z.11.0.A,Agropecuario-silvícola,11,Aysén,A,Cuentas Nacionales,"PIB por actividad económica, XI Región de Aisén del General Carlos Ibáñez del Campo, volumen a precios del año anterior encadenado, referencia 2008 (millones de pesos encadenados)",01,Agropecuario-silvícola,f035_positional
F035.PIB.FLU.R.CLP.2008.02.04.Z.11.0.A,Pesca,11,Aysén,A,Cuentas Nacionales,"PIB por actividad económica, XI Región de Aisén del General Carlos Ibáñez del Campo, volumen a precios del año anterior encadenado, referencia 2008 (millones de pesos encadenados)",02,Pesca,f035_positional
F035.PIB.FLU.R.CLP.2008.03.Z.Z.11.0.A,Minería,11,Aysén,A,Cuentas Nacionales,"PIB por actividad económica, XI Región de Aisén del General Carlos Ibáñez del Campo, volumen a precios del año anterior encadenado, referencia 2008 (millones de pesos encadenados)",03,Minería,f035_positional
F035.PIB.FLU.R.CLP.2008.04.Z.Z.11.0.A,Industria manufacturera,11,Aysén,A,Cuentas Nacionales,"PIB por actividad económica, XI Región de Aisén del General Carlos Ibáñez del Campo, volumen a precios del año anterior encadenado, referencia 2008 (millones de pesos encadenados)",04,Industria,f035_positional
F035.PIB.FLU.R.CLP.2008.05.Z.Z.11.0.A,"Electricidad, gas y agua",11,Aysén,A,Cuentas Nacionales,"PIB por actividad económica, XI Región de Aisén del General Carlos Ibáñez del Campo, volumen a precios del año anterior encadenado, referencia 2008 (millones de pesos encadenados)",05,"Electricidad, gas, agua y gestión de desechos",f035_positional
F035.PIB.FLU.R.CLP.2008.06.Z.Z.11.0.A,Construcción,11,Aysén,A,Cuentas Nacionales,"PIB por actividad económica, XI Región de Aisén del General Carlos Ibáñez del Campo, volumen a precios del año anterior encadenado, referencia 2008 (millones de pesos encadenados)",06,Construcción,f035_positional
F035.PIB.FLU.R.CLP.2008.07.Z.Z.11.0.A,"Comercio, restaurantes y hoteles",11,Aysén,A,Cuentas Nacionales,"PIB por actividad económica, XI Región de Aisén del General Carlos Ibáñez del Campo, volumen a precios del año anterior encadenado, referencia 2008 (millones de pesos encadenados)",07,"Comercio, restaurantes y hoteles",f035_positional
F035.PIB.FLU.R.CLP.2008.08.Z.Z.11.0.A,Transportes y comunicaciones,11,Aysén,A,Cuentas Nacionales,"PIB por actividad económica, XI Región de Aisén del General Carlos Ibáñez del Campo, volumen a precios del año anterior encadenado, referencia 2008 (millones de pesos encadenados)",08,"Transporte, información y comunicaciones",f035_positional
F035.PIB.FLU.R.CLP.2008.09.21.Z.11.0.A,Servicios financieros y empresariales,11,Aysén,A,Cuentas Nacionales,"PIB por actividad económica, XI Región de Aisén del General Carlos Ibáñez del Campo, volumen a precios del año anterior encadenado, referencia 2008 (millones de pesos encadenados)",09,Servicios financieros y empresariales,f035_positional
F035.PIB.FLU.R.CLP.2008.10.Z.Z.11.0.A,Propiedad de vivienda,11,Aysén,A,Cuentas Nacionales,"PIB por actividad económica, XI Región de Aisén del General Carlos Ibáñez del Campo, volumen a precios del año anterior encadenado, referencia 2008 (millones de pesos encadenados)",10,Servicios de vivienda e inmobiliarios,f035_positional
F035.PIB.FLU.R.CLP.2008.11.Z.Z.11.0.A,Servicios personales,11,Aysén,A,Cuentas Nacionales,"PIB por actividad económica, XI Región de Aisén del General Carlos Ibáñez del Campo, volumen a precios del año anterior encadenado, referencia 2008 (millones de pesos encadenados)",11,Servicios personales,f035_positional
F035.PIB.FLU.R.CLP.2008.12.Z.Z.11.0.A,Administración pública,11,Aysén,A,Cuentas Nacionales,"PIB por actividad económica, XI Región de Aisén del General Carlos Ibáñez del Campo, volumen a precios del año anterior encadenado, referencia 2008 (millones de pesos encadenados)",12,Administración pública,f035_positional
F035.PIB.FLU.R.CLP.2008.Z.Z.Z.11.0.A,XI Aysén del General Carlos Ibáñez del Campo,11,Aysén,A,Cuentas Nacionales,"Producto interno bruto por región, volumen a precios del año anterior encadenado, referencia 2008 (millones de pesos encadenados)",,,f035_positional
F035.PIB.FLU.R.CLP.2013.01.Z.Z.11.0.A,Agropecuario-silvícola,11,Aysén,A,Cuentas Nacionales,"PIB por actividad económica, Región de Aysén del General Carlos Ibáñez del Campo, volumen a precios del año anterior encadenado, series empalmadas, referencia 2013 (miles de millones de pesos encadenados)",01,Agropecuario-silvícola,f035_positional
F035.PIB.FLU.R.CLP.2013.02.04.Z.11.0.A,Pesca,11,Aysén,A,Cuentas Nacionales,"PIB por actividad económica, Región de Aysén del General Carlos Ibáñez del Campo, volumen a precios del año anterior encadenado, series empalmadas, referencia 2013 (miles de millones de pesos encadenados)",02,Pesca,f035_positional
F035.PIB.FLU.R.CLP.2013.03.Z.Z.11.0.A,Minería,11,Aysén,A,Cuentas Nacionales,"PIB por actividad económica, Región de Aysén del General Carlos Ibáñez del Campo, volumen a precios del año anterior encadenado, series empalmadas, referencia 2013 (miles de millones de pesos encadenados)",03,Minería,f035_positional
F035.PIB.FLU.R.CLP.2013.04.Z.Z.11.0.A,Industria manufacturera,11,Aysén,A,Cuentas Nacionales,"PIB por actividad económica, Región de Aysén del General Carlos Ibáñez del Campo, volumen a precios del año anterior encadenado, series empalmadas, referencia 2013 (miles de millones de pesos encadenados)",04,Industria,f035_positional
F035.PIB.FLU.R.CLP.2013.05.Z.Z.11.0.A,"Electricidad, gas, agua y gestión de desechos",11,Aysén,A,Cuentas Nacionales,"PIB por actividad económica, Región de Aysén del General Carlos Ibáñez del Campo, volumen a precios del año anterior encadenado, series empalmadas, referencia 2013 (miles de millones de pesos encadenados)",05,"Electricidad, gas, agua y gestión de desechos",f035_positional
F035.PIB.FLU.R.CLP.2013.06.Z.Z.11.0.A,Construcción,11,Aysén,A,Cuentas Nacionales,"PIB por actividad económica, Región de Aysén del General Carlos Ibáñez del Campo, volumen a precios del año anterior encadenado, series empalmadas, referencia 2013 (miles de millones de pesos encadenados)",06,Construcción,f035_positional
F035.PIB.FLU.R.CLP.2013.07.Z.Z.11.0.A,"Comercio, restaurantes y hoteles",11,Aysén,A,Cuentas Nacionales,"PIB por actividad económica, Región de Aysén del General Carlos Ibáñez del Campo, volumen a precios del año anterior encadenado, series empalmadas, referencia 2013 (miles de millones de pesos encadenados)",07,"Comercio, restaurantes y hoteles",f035_positional
F035.PIB.FLU.R.CLP.2013.08.Z.Z.11.0.A,"Transporte, información y comunicaciones",11,Aysén,A,Cuentas Nacionales,"PIB por actividad económica, Región de Aysén del General Carlos Ibáñez del Campo, volumen a precios del año anterior encadenado, series empalmadas, referencia 2013 (miles de millones de pesos encadenados)",08,"Transporte, información y comunicaciones",f035_positional
F035.PIB.FLU.R.CLP.2013.09.21.Z.11.0.A,Servicios financieros y empresariales,11,Aysén,A,Cuentas Nacionales,"PIB por actividad económica, Región de Aysén del General Carlos Ibáñez del Campo, volumen a precios del año anterior encadenado, series empalmadas, referencia 2013 (miles de millones de pesos encadenados)",09,Servicios financieros y empresariales,f035_positional
F035.PIB.FLU.R.CLP.2013.10.Z.Z.11.0.A,Servicios de vivienda e inmobiliarios,11,Aysén,A,Cuentas Nacionales,"PIB por actividad económica, Región de Aysén del General Carlos Ibáñez del Campo, volumen a precios del año anterior encadenado, series empalmadas, referencia 2013 (miles de millones de pesos encadenados)",10,Servicios de vivienda e inmobiliarios,f035_positional
F035.PIB.FLU.R.CLP.2013.11.Z.Z.11.0.A,Servicios personales,11,Aysén,A,Cuentas Nacionales,"PIB por actividad económica, Región de Aysén del General Carlos Ibáñez del Campo, volumen a precios del año anterior encadenado, series empalmadas, referencia 2013 (miles de millones de pesos encadenados)",11,Servicios personales,f035_positional
F035.PIB.FLU.R.CLP.2013.12.Z.Z.11.0.A,Administración pública,11,Aysén,A,Cuentas Nacionales,"PIB por actividad económica, Región de Aysén del General Carlos Ibáñez del Campo, volumen a precios del año anterior encadenado, series empalmadas, referencia 2013 (miles de millones de pesos encadenados)",12,Administración pública,f035_positional
F035.PIB.FLU.R.CLP.2013.Z.Z.Z.11.0.A,Región de Aysén del General Carlos Ibáñez del Campo,11,Aysén,A,Cuentas Nacionales,"Producto interno bruto por región, volumen a precios del año anterior encadenado, series empalmadas, referencia 2013 (miles de millones de pesos encadenados)",,,f035_positional
F035.PIB.FLU.R.CLP.2018.01.Z.Z.11.0.A,Agropecuario-silvícola,11,Aysén,A,Cuentas Nacionales,"PIB por actividad económica, Región de Aysén del General Carlos Ibáñez del Campo, volumen a precios del año anterior encadenado, series empalmadas, referencia 2018 (miles de millones de pesos encadenados)",01,Agropecuario-silvícola,f035_positional
F035.PIB.FLU.R.CLP.2018.02.04.Z.11.0.A,Pesca,11,Aysén,A,Cuentas Nacionales,"PIB por actividad económica, Región de Aysén del General Carlos Ibáñez del Campo, volumen a precios del año anterior encadenado, series empalmadas, referencia 2018 (miles de millones de pesos encadenados)",02,Pesca,f035_positional
F035.PIB.FLU.R.CLP.2018.03.Z.Z.11.0.A,Minería,11,Aysén,A,Cuentas Nacionales,"PIB por actividad económica, Región de Aysén del General Carlos Ibáñez del Campo, volumen a precios del año anterior encadenado, series empalmadas, referencia 2018 (miles de millones de pesos encadenados)",03,Minería,f035_positional
F035.PIB.FLU.R.CLP.2018.04.Z.Z.11.0.A,Industria manufacturera,11,Aysén,A,Cuentas Nacionales,"PIB por actividad económica, Región de Aysén del General Carlos Ibáñez del Campo, volumen a precios del año anterior encadenado, series empalmadas, referencia 2018 (miles de millones de pesos encadenados)",04,Industria,f035_positional
F035.PIB.FLU.R.CLP.2018.05.Z.Z.11.0.A,"Electricidad, gas, agua y gestión de desechos",11,Aysén,A,Cuentas Nacionales,"PIB por actividad económica, Región de Aysén del General Carlos Ibáñez del Campo, volumen a precios del año anterior encadenado, series empalmadas, referencia 2018 (miles de millones de pesos encadenados)",05,"Electricidad, gas, agua y gestión de desechos",f035_positional
F035.PIB.FLU.R.CLP.2018.06.Z.Z.11.0.A,Construcción,11,Aysén,A,Cuentas Nacionales,"PIB por actividad económica, Región de Aysén del General Carlos Ibáñez del Campo, volumen a precios del año anterior encadenado, series empalmadas, referencia 2018 (miles de millones de pesos encadenados)",06,Construcción,f035_positional
F035.PIB.FLU.R.CLP.2018.08.Z.Z.11.0.A,"Transporte, información y comunicaciones",11,Aysén,A,Cuentas Nacionales,"PIB por actividad económica, Región de Aysén del General Carlos Ibáñez del Campo, volumen a precios del año anterior encadenado, series empalmadas, referencia 2018 (miles de millones de pesos encadenados)",08,"Transporte, información y comunicaciones",f035_positional
F035.PIB.FLU.R.CLP.2018.09.21.Z.11.0.A,Servicios financieros y empresariales,11,Aysén,A,Cuentas Nacionales,"PIB por actividad económica, Región de Aysén del General Carlos Ibáñez del Campo, volumen a precios del año anterior encadenado, series empalmadas, referencia 2018 (miles de millones de pesos encadenados)",09,Servicios financieros y empresariales,f035_positional
F035.PIB.FLU.R.CLP.2018.10.Z.Z.11.0.A,Servicios de vivienda e inmobiliarios,11,Aysén,A,Cuentas Nacionales,"PIB por actividad económica, Región de Aysén del General Carlos Ibáñez del Campo, volumen a precios del año anterior encadenado, series empalmadas, referencia 2018 (miles de millones de pesos encadenados)",10,Servicios de vivienda e inmobiliarios,f035_positional
F035.PIB.FLU.R.CLP.2018.11.Z.Z.11.0.A,Servicios personales,11,Aysén,A,Cuentas Nacionales,"PIB por actividad económica, Región de Aysén del General Carlos Ibáñez del Campo, volumen a precios del año anterior encadenado, series empalmadas, referencia 2018 (miles de millones de pesos encadenados)",11,Servicios personales,f035_positional
F035.PIB.FLU.R.CLP.2018.12.Z.Z.11.0.A,Administración pública,11,Aysén,A,Cuentas Nacionales,"PIB por actividad económica, Región de Aysén del General Carlos Ibáñez del Campo, volumen a precios del año anterior encadenado, series empalmadas, referencia 2018 (miles de millones de pesos encadenados)",12,Administración pública,f035_positional
F035.PIB.FLU.R.CLP.2018.COM.Z.Z.11.0.A,Comercio,11,Aysén,A,Cuentas Nacionales,"PIB por actividad económica, Región de Aysén del General Carlos Ibáñez del Campo, volumen a precios del año anterior encadenado, series empalmadas, referencia 2018 (miles de millones de pesos encadenados)",COM,Comercio,f035_positional
F035.PIB.FLU.R.CLP.2018.RH.Z.Z.11.0.A,Restaurantes y hoteles,11,Aysén,A,Cuentas Nacionales,"PIB por actividad económica, Región de Aysén del General Carlos Ibáñez del Campo, volumen a precios del año anterior encadenado, series empalmadas, referencia 2018 (miles de millones de pesos encadenados)",RH,Restaurantes y hoteles,f035_positional
F035.PIB.FLU.R.CLP.2018.Z.Z.Z.11.0.A,Producto interno bruto,11,Aysén,A,Cuentas Nacionales,"PIB por actividad económica, Región de Aysén del General Carlos Ibáñez del Campo, volumen a precios del año anterior encadenado, series empalmadas, referencia 2018 (miles de millones de pesos encadenados)",,,f035_positional
F035.PIB.V12.R.CLP.2008.Z.Z.Z.11.0.A,XI Aysén del General Carlos Ibáñez del Campo,11,Aysén,A,Cuentas Nacionales,"Producto interno bruto por región, contribución porcentual respecto de igual periodo del año anterior, referencia 2008 .",,,f035_positional
F035.PIB.V12.R.CLP.2013.Z.Z.Z.11.0.A,Región de Aysén del General Carlos Ibáñez del Campo,11,Aysén,A,Cuentas Nacionales,"Producto interno bruto por región, contribución porcentual respecto de igual periodo del año anterior, series empalmadas, referencia 2013 .",,,f035_positional
F035.PIB.V12.R.CLP.2018.01.Z.Z.11.0.A,Agropecuario-silvícola,11,Aysén,A,Cuentas Nacionales,"PIB por actividad económica, Región de Aysén del General Carlos Ibáñez del Campo, contribución porcentual respecto de igual periodo del año anterior, series empalmadas, referencia 2018",01,Agropecuario-silvícola,f035_positional
F035.PIB.V12.R.CLP.2018.02.04.Z.11.0.A,Pesca,11,Aysén,A,Cuentas Nacionales,"PIB por actividad económica, Región de Aysén del General Carlos Ibáñez del Campo, contribución porcentual respecto de igual periodo del año anterior, series empalmadas, referencia 2018",02,Pesca,f035_positional
F035.PIB.V12.R.CLP.2018.03.Z.Z.11.0.A,Minería,11,Aysén,A,Cuentas Nacionales,"PIB por actividad económica, Región de Aysén del General Carlos Ibáñez del Campo, contribución porcentual respecto de igual periodo del año anterior, series empalmadas, referencia 2018",03,Minería,f035_positional
F035.PIB.V12.R.CLP.2018.04.Z.Z.11.0.A,Industria manufacturera,11,Aysén,A,Cuentas Nacionales,"PIB por actividad económica, Región de Aysén del General Carlos Ibáñez del Campo, contribución porcentual respecto de igual periodo del año anterior, series empalmadas, referencia 2018",04,Industria,f035_positional
F035.PIB.V12.R.CLP.2018.05.Z.Z.11.0.A,"Electricidad, gas, agua y gestión de desechos",11,Aysén,A,Cuentas Nacionales,"PIB por actividad económica, Región de Aysén del General Carlos Ibáñez del Campo, contribución porcentual respecto de igual periodo del año anterior, series empalmadas, referencia 2018",05,"Electricidad, gas, agua y gestión de desechos",f035_positional
F035.PIB.V12.R.CLP.2018.06.Z.Z.11.0.A,Construcción,11,Aysén,A,Cuentas Nacionales,"PIB por actividad económica, Región de Aysén del General Carlos Ibáñez del Campo, contribución porcentual respecto de igual periodo del año anterior, series empalmadas, referencia 2018",06,Construcción,f035_positional
F035.PIB.V12.R.CLP.2018.08.Z.Z.11.0.A,"Transporte, información y comunicaciones",11,Aysén,A,Cuentas Nacionales,"PIB por actividad económica, Región de Aysén del General Carlos Ibáñez del Campo, contribución porcentual respecto de igual periodo del año anterior, series empalmadas, referencia 2018",08,"Transporte, información y comunicaciones",f035_positional
F035.PIB.V12.R.CLP.2018.09.21.Z.11.0.A,Servicios financieros y empresariales,11,Aysén,A,Cuentas Nacionales,"PIB por actividad económica, Región de Aysén del General Carlos Ibáñez del Campo, contribución porcentual respecto de igual periodo del año anterior, series empalmadas, referencia 2018",09,Servicios financieros y empresariales,f035_positional
F035.PIB.V12.R.CLP.2018.10.Z.Z.11.0.A,Servicios de vivienda e inmobiliarios,11,Aysén,A,Cuentas Nacionales,"PIB por actividad económica, Región de Aysén del General Carlos Ibáñez del Campo, contribución porcentual respecto de igual periodo del año anterior, series empalmadas, referencia 2018",10,Servicios de vivienda e inmobiliarios,f035_positional
F035.PIB.V12.R.CLP.2018.11.Z.Z.11.0.A,Servicios personales,11,Aysén,A,Cuentas Nacionales,"PIB por actividad económica, Región de Aysén del General Carlos Ibáñez del Campo, contribución porcentual respecto de igual periodo del año anterior, series empalmadas, referencia 2018",11,Servicios personales,f035_positional
F035.PIB.V12.R.CLP.2018.12.Z.Z.11.0.A,Administración pública,11,Aysén,A,Cuentas Nacionales,"PIB por actividad económica, Región de Aysén del General Carlos Ibáñez del Campo, contribución porcentual respecto de igual periodo del año anterior, series empalmadas, referencia 2018",12,Administración pública,f035_positional
F035.PIB.V12.R.CLP.2018.COM.Z.Z.11.0.A,Comercio,11,Aysén,A,Cuentas Nacionales,"PIB por actividad económica, Región de Aysén del General Carlos Ibáñez del Campo, contribución porcentual respecto de igual periodo del año anterior, series empalmadas, referencia 2018",COM,Comercio,f035_positional
F035.PIB.V12.R.CLP.2018.CONT.Z.Z.11.0.A,Producto Interno Bruto,11,Aysén,A,Cuentas Nacionales,"PIB por actividad económica, Región de Aysén del General Carlos Ibáñez del Campo, contribución porcentual respecto de igual periodo del año anterior, series empalmadas, referencia 2018",CONT,PIB (contribución),f035_positional
F035.PIB.V12.R.CLP.2018.RH.Z.Z.11.0.A,Restaurantes y hoteles,11,Aysén,A,Cuentas Nacionales,"PIB por actividad económica, Región de Aysén del General Carlos Ibáñez del Campo, contribución porcentual respecto de igual periodo del año anterior, series empalmadas, referencia 2018",RH,Restaurantes y hoteles,f035_positional
F035.PIB.V12.R.CLP.2018.Z.Z.Z.11.0.A,Región de Aysén del General Carlos Ibáñez del Campo,11,Aysén,A,Cuentas Nacionales,"Producto interno bruto por región, contribución porcentual respecto de igual periodo del año anterior, series empalmadas, referencia 2018",,,f035_positional
F035.PIB.FLU.N.CLP.2008.01.Z.Z.12.0.A,Agropecuario-silvícola,12,Magallanes,A,Cuentas Nacionales,"PIB por actividad económica, XII Región de Magallanes y de la Antártica Chilena, precios corrientes, referencia 2008 (millones de pesos)",01,Agropecuario-silvícola,f035_positional
F035.PIB.FLU.N.CLP.2008.02.04.Z.12.0.A,Pesca,12,Magallanes,A,Cuentas Nacionales,"PIB por actividad económica, XII Región de Magallanes y de la Antártica Chilena, precios corrientes, referencia 2008 (millones de pesos)",02,Pesca,f035_positional
F035.PIB.FLU.N.CLP.2008.03.Z.Z.12.0.A,Minería,12,Magallanes,A,Cuentas Nacionales,"PIB por actividad económica, XII Región de Magallanes y de la Antártica Chilena, precios corrientes, referencia 2008 (millones de pesos)",03,Minería,f035_positional
F035.PIB.FLU.N.CLP.2008.04.Z.Z.12.0.A,Industria manufacturera,12,Magallanes,A,Cuentas Nacionales,"PIB por actividad económica, XII Región de Magallanes y de la Antártica Chilena, precios corrientes, referencia 2008 (millones de pesos)",04,Industria,f035_positional
F035.PIB.FLU.N.CLP.2008.05.Z.Z.12.0.A,"Electricidad, gas, agua y gestión de desechos",12,Magallanes,A,Cuentas Nacionales,"PIB por actividad económica, XII Región de Magallanes y de la Antártica Chilena, precios corrientes, referencia 2008 (millones de pesos)",05,"Electricidad, gas, agua y gestión de desechos",f035_positional
F035.PIB.FLU.N.CLP.2008.06.Z.Z.12.0.A,Construcción,12,Magallanes,A,Cuentas Nacionales,"PIB por actividad económica, XII Región de Magallanes y de la Antártica Chilena, precios corrientes, referencia 2008 (millones de pesos)",06,Construcción,f035_positional
F035.PIB.FLU.N.CLP.2008.07.Z.Z.12.0.A,"Comercio, restaurantes y hoteles",12,Magallanes,A,Cuentas Nacionales,"PIB por actividad económica, XII Región de Magallanes y de la Antártica Chilena, precios corrientes, referencia 2008 (millones de pesos)",07,"Comercio, restaurantes y hoteles",f035_positional
F035.PIB.FLU.N.CLP.2008.08.Z.Z.12.0.A,"Transportes, informacion y comunicaciones",12,Magallanes,A,Cuentas Nacionales,"PIB por actividad económica, XII Región de Magallanes y de la Antártica Chilena, precios corrientes, referencia 2008 (millones de pesos)",08,"Transporte, información y comunicaciones",f035_positional
F035.PIB.FLU.N.CLP.2008.09.21.Z.12.0.A,Servicios financieros y empresariales,12,Magallanes,A,Cuentas Nacionales,"PIB por actividad económica, XII Región de Magallanes y de la Antártica Chilena, precios corrientes, referencia 2008 (millones de pesos)",09,Servicios financieros y empresariales,f035_positional
F035.PIB.FLU.N.CLP.2008.10.Z.Z.12.0.A,Servicios de vivienda e inmobiliarios,12,Magallanes,A,Cuentas Nacionales,"PIB por actividad económica, XII Región de Magallanes y de la Antártica Chilena, precios corrientes, referencia 2008 (millones de pesos)",10,Servicios de vivienda e inmobiliarios,f035_positional
F035.PIB.FLU.N.CLP.2008.11.Z.Z.12.0.A,Servicios personales,12,Magallanes,A,Cuentas Nacionales,"PIB por actividad económica, XII Región de Magallanes y de la Antártica Chilena, precios corrientes, referencia 2008 (millones de pesos)",11,Servicios personales,f035_positional
F035.PIB.FLU.N.CLP.2008.12.Z.Z.12.0.A,Administración pública,12,Magallanes,A,Cuentas Nacionales,"PIB por actividad económica, XII Región de Magallanes y de la Antártica Chilena, precios corrientes, referencia 2008 (millones de pesos)",12,Administración pública,f035_positional
F035.PIB.FLU.N.CLP.2008.Z.Z.Z.12.0.A,XII De Magallanes y de la Antártica Chilena,12,Magallanes,A,Cuentas Nacionales,"Producto interno bruto por región, precios corrientes, referencia 2008 (millones de pesos)",,,f035_positional
F035.PIB.FLU.N.CLP.2013.01.Z.Z.12.0.A,Agropecuario-silvícola,12,Magallanes,A,Cuentas Nacionales,"PIB por actividad económica, Región de Magallanes y de la Antártica Chilena, precios corrientes, series empalmadas, referencia 2013 (miles de millones de pesos)",01,Agropecuario-silvícola,f035_positional
F035.PIB.FLU.N.CLP.2013.02.04.Z.12.0.A,Pesca,12,Magallanes,A,Cuentas Nacionales,"PIB por actividad económica, Región de Magallanes y de la Antártica Chilena, precios corrientes, series empalmadas, referencia 2013 (miles de millones de pesos)",02,Pesca,f035_positional
F035.PIB.FLU.N.CLP.2013.03.Z.Z.12.0.A,Minería,12,Magallanes,A,Cuentas Nacionales,"PIB por actividad económica, Región de Magallanes y de la Antártica Chilena, precios corrientes, series empalmadas, referencia 2013 (miles de millones de pesos)",03,Minería,f035_positional
F035.PIB.FLU.N.CLP.2013.04.Z.Z.12.0.A,Industria manufacturera,12,Magallanes,A,Cuentas Nacionales,"PIB por actividad económica, Región de Magallanes y de la Antártica Chilena, precios corrientes, series empalmadas, referencia 2013 (miles de millones de pesos)",04,Industria,f035_positional
F035.PIB.FLU.N.CLP.2013.05.Z.Z.12.0.A,"Electricidad, gas, agua y gestión de desechos",12,Magallanes,A,Cuentas Nacionales,"PIB por actividad económica, Región de Magallanes y de la Antártica Chilena, precios corrientes, series empalmadas, referencia 2013 (miles de millones de pesos)",05,"Electricidad, gas, agua y gestión de desechos",f035_positional
F035.PIB.FLU.N.CLP.2013.06.Z.Z.12.0.A,Construcción,12,Magallanes,A,Cuentas Nacionales,"PIB por actividad económica, Región de Magallanes y de la Antártica Chilena, precios corrientes, series empalmadas, referencia 2013 (miles de millones de pesos)",06,Construcción,f035_positional
F035.PIB.FLU.N.CLP.2013.07.Z.Z.12.0.A,"Comercio, restaurantes y hoteles",12,Magallanes,A,Cuentas Nacionales,"PIB por actividad económica, Región de Magallanes y de la Antártica Chilena, precios corrientes, series empalmadas, referencia 2013 (miles de millones de pesos)",07,"Comercio, restaurantes y hoteles",f035_positional
F035.PIB.FLU.N.CLP.2013.08.Z.Z.12.0.A,"Transporte, información y comunicaciones",12,Magallanes,A,Cuentas Nacionales,"PIB por actividad económica, Región de Magallanes y de la Antártica Chilena, precios corrientes, series empalmadas, referencia 2013 (miles de millones de pesos)",08,"Transporte, información y comunicaciones",f035_positional
F035.PIB.FLU.N.CLP.2013.09.21.Z.12.0.A,Servicios financieros y empresariales,12,Magallanes,A,Cuentas Nacionales,"PIB por actividad económica, Región de Magallanes y de la Antártica Chilena, precios corrientes, series empalmadas, referencia 2013 (miles de millones de pesos)",09,Servicios financieros y empresariales,f035_positional
F035.PIB.FLU.N.CLP.2013.10.Z.Z.12.0.A,Servicios de vivienda e inmobiliarios,12,Magallanes,A,Cuentas Nacionales,"PIB por actividad económica, Región de Magallanes y de la Antártica Chilena, precios corrientes, series empalmadas, referencia 2013 (miles de millones de pesos)",10,Servicios de vivienda e inmobiliarios,f035_positional
F035.PIB.FLU.N.CLP.2013.11.Z.Z.12.0.A,Servicios personales,12,Magallanes,A,Cuentas Nacionales,"PIB por actividad económica, Región de Magallanes y de la Antártica Chilena, precios corrientes, series empalmadas, referencia 2013 (miles de millones de pesos)",11,Servicios personales,f035_positional
F035.PIB.FLU.N.CLP.2013.12.Z.Z.12.0.A,Administración pública,12,Magallanes,A,Cuentas Nacionales,"PIB por actividad económica, Región de Magallanes y de la Antártica Chilena, precios corrientes, series empalmadas, referencia 2013 (miles de millones de pesos)",12,Administración pública,f035_positional
F035.PIB.FLU.N.CLP.2013.Z.Z.Z.12.0.A,Región de Magallanes y de la Antártica Chilena,12,Magallanes,A,Cuentas Nacionales,"Producto interno bruto por región, precios corrientes, series empalmadas, referencia 2013 (miles de millones de pesos)",,,f035_positional
F035.PIB.FLU.N.CLP.2018.01.Z.Z.12.0.A,Agropecuario-silvícola,12,Magallanes,A,Cuentas Nacionales,"PIB por actividad económica, Región de Magallanes y de la Antártica Chilena, precios corrientes, series empalmadas, referencia 2018 (miles de millones de pesos)",01,Agropecuario-silvícola,f035_positional
F035.PIB.FLU.N.CLP.2018.02.04.Z.12.0.A,Pesca,12,Magallanes,A,Cuentas Nacionales,"PIB por actividad económica, Región de Magallanes y de la Antártica Chilena, precios corrientes, series empalmadas, referencia 2018 (miles de millones de pesos)",02,Pesca,f035_positional
F035.PIB.FLU.N.CLP.2018.03.Z.Z.12.0.A,Minería,12,Magallanes,A,Cuentas Nacionales,"PIB por actividad económica, Región de Magallanes y de la Antártica Chilena, precios corrientes, series empalmadas, referencia 2018 (miles de millones de pesos)",03,Minería,f035_positional
F035.PIB.FLU.N.CLP.2018.04.Z.Z.12.0.A,Industria manufacturera,12,Magallanes,A,Cuentas Nacionales,"PIB por actividad económica, Región de Magallanes y de la Antártica Chilena, precios corrientes, series empalmadas, referencia 2018 (miles de millones de pesos)",04,Industria,f035_positional
F035.PIB.FLU.N.CLP.2018.05.Z.Z.12.0.A,"Electricidad, gas y agua y gestión de desechos",12,Magallanes,A,Cuentas Nacionales,"PIB por actividad económica, Región de Magallanes y de la Antártica Chilena, precios corrientes, series empalmadas, referencia 2018 (miles de millones de pesos)",05,"Electricidad, gas, agua y gestión de desechos",f035_positional
F035.PIB.FLU.N.CLP.2018.06.Z.Z.12.0.A,Construcción,12,Magallanes,A,Cuentas Nacionales,"PIB por actividad económica, Región de Magallanes y de la Antártica Chilena, precios corrientes, series empalmadas, referencia 2018 (miles de millones de pesos)",06,Construcción,f035_positional
F035.PIB.FLU.N.CLP.2018.08.Z.Z.12.0.A,Transportes y comunicaciones,12,Magallanes,A,Cuentas Nacionales,"PIB por actividad económica, Región de Magallanes y de la Antártica Chilena, precios corrientes, series empalmadas, referencia 2018 (miles de millones de pesos)",08,"Transporte, información y comunicaciones",f035_positional
F035.PIB.FLU.N.CLP.2018.09.21.Z.12.0.A,Servicios financieros y empresariales,12,Magallanes,A,Cuentas Nacionales,"PIB por actividad económica, Región de Magallanes y de la Antártica Chilena, precios corrientes, series empalmadas, referencia 2018 (miles de millones de pesos)",09,Servicios financieros y empresariales,f035_positional
F035.PIB.FLU.N.CLP.2018.10.Z.Z.12.0.A,Propiedad de vivienda,12,Magallanes,A,Cuentas Nacionales,"PIB por actividad económica, Región de Magallanes y de la Antártica Chilena, precios corrientes, series empalmadas, referencia 2018 (miles de millones de pesos)",10,Servicios de vivienda e inmobiliarios,f035_positional
F035.PIB.FLU.N.CLP.2018.11.Z.Z.12.0.A,Servicios personales,12,Magallanes,A,Cuentas Nacionales,"PIB por actividad económica, Región de Magallanes y de la Antártica Chilena, precios corrientes, series empalmadas, referencia 2018 (miles de millones de pesos)",11,Servicios personales,f035_positional
F035.PIB.FLU.N.CLP.2018.12.Z.Z.12.0.A,Administración pública,12,Magallanes,A,Cuentas Nacionales,"PIB por actividad económica, Región de Magallanes y de la Antártica Chilena, precios corrientes, series empalmadas, referencia 2018 (miles de millones de pesos)",12,Administración pública,f035_positional
F035.PIB.FLU.N.CLP.2018.COM.Z.Z.12.0.A,Comercio,12,Magallanes,A,Cuentas Nacionales,"PIB por actividad económica, Región de Magallanes y de la Antártica Chilena, precios corrientes, series empalmadas, referencia 2018 (miles de millones de pesos)",COM,Comercio,f035_positional
F035.PIB.FLU.N.CLP.2018.RH.Z.Z.12.0.A,Restaurantes y hoteles,12,Magallanes,A,Cuentas Nacionales,"PIB por actividad económica, Región de Magallanes y de la Antártica Chilena, precios corrientes, series empalmadas, referencia 2018 (miles de millones de pesos)",RH,Restaurantes y hoteles,f035_positional
F035.PIB.FLU.N.CLP.2018.Z.Z.Z.12.0.A,Región de Magallanes y de la Antártica Chilena,12,Magallanes,A,Cuentas Nacionales,"Producto interno bruto por región, precios corrientes, series empalmadas, referencia 2018 (miles de millones de pesos)",,,f035_positional
F035.PIB.FLU.R.CLP.1986.01.Z.Z.12.0.A,Agropecuario-silvícola,12,Magallanes,A,Cuentas Nacionales,"PIB por actividad económica, XII Región de Magallanes y de la Antártica Chilena, base 1986 (millones de pesos)",01,Agropecuario-silvícola,f035_positional
F035.PIB.FLU.R.CLP.1986.02.04.Z.12.0.A,Pesca,12,Magallanes,A,Cuentas Nacionales,"PIB por actividad económica, XII Región de Magallanes y de la Antártica Chilena, base 1986 (millones de pesos)",02,Pesca,f035_positional
F035.PIB.FLU.R.CLP.1986.03.Z.Z.12.0.A,Minería,12,Magallanes,A,Cuentas Nacionales,"PIB por actividad económica, XII Región de Magallanes y de la Antártica Chilena, base 1986 (millones de pesos)",03,Minería,f035_positional
F035.PIB.FLU.R.CLP.1986.04.Z.Z.12.0.A,Industria manufacturera,12,Magallanes,A,Cuentas Nacionales,"PIB por actividad económica, XII Región de Magallanes y de la Antártica Chilena, base 1986 (millones de pesos)",04,Industria,f035_positional
F035.PIB.FLU.R.CLP.1986.05.Z.Z.12.0.A,"Electricidad, gas y agua",12,Magallanes,A,Cuentas Nacionales,"PIB por actividad económica, XII Región de Magallanes y de la Antártica Chilena, base 1986 (millones de pesos)",05,"Electricidad, gas, agua y gestión de desechos",f035_positional
F035.PIB.FLU.R.CLP.1986.06.Z.Z.12.0.A,Construcción,12,Magallanes,A,Cuentas Nacionales,"PIB por actividad económica, XII Región de Magallanes y de la Antártica Chilena, base 1986 (millones de pesos)",06,Construcción,f035_positional
F035.PIB.FLU.R.CLP.1986.07.Z.Z.12.0.A,"Comercio, restaurantes y hoteles",12,Magallanes,A,Cuentas Nacionales,"PIB por actividad económica, XII Región de Magallanes y de la Antártica Chilena, base 1986 (millones de pesos)",07,"Comercio, restaurantes y hoteles",f035_positional
F035.PIB.FLU.R.CLP.1986.08.Z.Z.12.0.A,Transportes y comunicaciones,12,Magallanes,A,Cuentas Nacionales,"PIB por actividad económica, XII Región de Magallanes y de la Antártica Chilena, base 1986 (millones de pesos)",08,"Transporte, información y comunicaciones",f035_positional
F035.PIB.FLU.R.CLP.1986.09.21.27.12.0.A,Servicios financieros,12,Magallanes,A,Cuentas Nacionales,"PIB por actividad económica, XII Región de Magallanes y de la Antártica Chilena, base 1986 (millones de pesos)",09,Servicios financieros y empresariales,f035_positional
F035.PIB.FLU.R.CLP.1986.10.Z.Z.12.0.A,Propiedad de vivienda,12,Magallanes,A,Cuentas Nacionales,"PIB por actividad económica, XII Región de Magallanes y de la Antártica Chilena, base 1986 (millones de pesos)",10,Servicios de vivienda e inmobiliarios,f035_positional
F035.PIB.FLU.R.CLP.1986.11.Z.Z.12.0.A,Servicios personales,12,Magallanes,A,Cuentas Nacionales,"PIB por actividad económica, XII Región de Magallanes y de la Antártica Chilena, base 1986 (millones de pesos)",11,Servicios personales,f035_positional
F035.PIB.FLU.R.CLP.1986.12.Z.Z.12.0.A,Administración pública,12,Magallanes,A,Cuentas Nacionales,"PIB por actividad económica, XII Región de Magallanes y de la Antártica Chilena, base 1986 (millones de pesos)",12,Administración pública,f035_positional
F035.PIB.FLU.R.CLP.1986.Z.Z.Z.12.0.A,XII De Magallanes y de la Antártica Chilena,12,Magallanes,A,Cuentas Nacionales,"Producto interno bruto por región, a precios constantes, base 1986 (millones de pesos)",,,f035_positional
F035.PIB.FLU.R.CLP.1996.01.Z.Z.12.0.A,Agropecuario-silvícola,12,Magallanes,A,Cuentas Nacionales,"PIB por actividad económica, XII Región de Magallanes y de la Antártica Chilena, base 1996 ( millones de pesos)",01,Agropecuario-silvícola,f035_positional
F035.PIB.FLU.R.CLP.1996.02.04.Z.12.0.A,Pesca,12,Magallanes,A,Cuentas Nacionales,"PIB por actividad económica, XII Región de Magallanes y de la Antártica Chilena, base 1996 ( millones de pesos)",02,Pesca,f035_positional
F035.PIB.FLU.R.CLP.1996.03.Z.Z.12.0.A,Minería,12,Magallanes,A,Cuentas Nacionales,"PIB por actividad económica, XII Región de Magallanes y de la Antártica Chilena, base 1996 ( millones de pesos)",03,Minería,f035_positional
F035.PIB.FLU.R.CLP.1996.04.Z.Z.12.0.A,Industria manufacturera,12,Magallanes,A,Cuentas Nacionales,"PIB por actividad económica, XII Región de Magallanes y de la Antártica Chilena, base 1996 ( millones de pesos)",04,Industria,f035_positional
F035.PIB.FLU.R.CLP.1996.05.Z.Z.12.0.A,"Electricidad, gas y agua",12,Magallanes,A,Cuentas Nacionales,"PIB por actividad económica, XII Región de Magallanes y de la Antártica Chilena, base 1996 ( millones de pesos)",05,"Electricidad, gas, agua y gestión de desechos",f035_positional
F035.PIB.FLU.R.CLP.1996.06.Z.Z.12.0.A,Construcción,12,Magallanes,A,Cuentas Nacionales,"PIB por actividad económica, XII Región de Magallanes y de la Antártica Chilena, base 1996 ( millones de pesos)",06,Construcción,f035_positional
F035.PIB.FLU.R.CLP.1996.07.Z.Z.12.0.A,"Comercio, restaurantes y hoteles",12,Magallanes,A,Cuentas Nacionales,"PIB por actividad económica, XII Región de Magallanes y de la Antártica Chilena, base 1996 ( millones de pesos)",07,"Comercio, restaurantes y hoteles",f035_positional
F035.PIB.FLU.R.CLP.1996.08.Z.Z.12.0.A,Transportes y comunicaciones,12,Magallanes,A,Cuentas Nacionales,"PIB por actividad económica, XII Región de Magallanes y de la Antártica Chilena, base 1996 ( millones de pesos)",08,"Transporte, información y comunicaciones",f035_positional
F035.PIB.FLU.R.CLP.1996.09.21.Z.12.0.A,Servicios financieros y empresariales,12,Magallanes,A,Cuentas Nacionales,"PIB por actividad económica, XII Región de Magallanes y de la Antártica Chilena, base 1996 ( millones de pesos)",09,Servicios financieros y empresariales,f035_positional
F035.PIB.FLU.R.CLP.1996.10.Z.Z.12.0.A,Propiedad de vivienda,12,Magallanes,A,Cuentas Nacionales,"PIB por actividad económica, XII Región de Magallanes y de la Antártica Chilena, base 1996 ( millones de pesos)",10,Servicios de vivienda e inmobiliarios,f035_positional
F035.PIB.FLU.R.CLP.1996.11.Z.Z.12.0.A,Servicios personales,12,Magallanes,A,Cuentas Nacionales,"PIB por actividad económica, XII Región de Magallanes y de la Antártica Chilena, base 1996 ( millones de pesos)",11,Servicios personales,f035_positional
F035.PIB.FLU.R.CLP.1996.12.Z.Z.12.0.A,Administración pública,12,Magallanes,A,Cuentas Nacionales,"PIB por actividad económica, XII Región de Magallanes y de la Antártica Chilena, base 1996 ( millones de pesos)",12,Administración pública,f035_positional
F035.PIB.FLU.R.CLP.1996.Z.Z.Z.12.0.A,XII De Magallanes y de la Antártica Chilena,12,Magallanes,A,Cuentas Nacionales,"Producto interno bruto por región, a precios constantes, base 1996 ( millones de pesos)",,,f035_positional
F035.PIB.FLU.R.CLP.2003.01.Z.Z.12.0.A,Agropecuario-silvícola,12,Magallanes,A,Cuentas Nacionales,"PIB por actividad económica, XII Región de Magallanes y de la Antártica Chilena, base 2003 ( millones de pesos)",01,Agropecuario-silvícola,f035_positional
F035.PIB.FLU.R.CLP.2003.02.04.Z.12.0.A,Pesca,12,Magallanes,A,Cuentas Nacionales,"PIB por actividad económica, XII Región de Magallanes y de la Antártica Chilena, base 2003 ( millones de pesos)",02,Pesca,f035_positional
F035.PIB.FLU.R.CLP.2003.03.Z.Z.12.0.A,Minería,12,Magallanes,A,Cuentas Nacionales,"PIB por actividad económica, XII Región de Magallanes y de la Antártica Chilena, base 2003 ( millones de pesos)",03,Minería,f035_positional
F035.PIB.FLU.R.CLP.2003.04.Z.Z.12.0.A,Industria manufacturera,12,Magallanes,A,Cuentas Nacionales,"PIB por actividad económica, XII Región de Magallanes y de la Antártica Chilena, base 2003 ( millones de pesos)",04,Industria,f035_positional
F035.PIB.FLU.R.CLP.2003.05.Z.Z.12.0.A,"Electricidad, gas y agua",12,Magallanes,A,Cuentas Nacionales,"PIB por actividad económica, XII Región de Magallanes y de la Antártica Chilena, base 2003 ( millones de pesos)",05,"Electricidad, gas, agua y gestión de desechos",f035_positional
F035.PIB.FLU.R.CLP.2003.06.Z.Z.12.0.A,Construcción,12,Magallanes,A,Cuentas Nacionales,"PIB por actividad económica, XII Región de Magallanes y de la Antártica Chilena, base 2003 ( millones de pesos)",06,Construcción,f035_positional
F035.PIB.FLU.R.CLP.2003.07.Z.Z.12.0.A,"Comercio, restaurantes y hoteles",12,Magallanes,A,Cuentas Nacionales,"PIB por actividad económica, XII Región de Magallanes y de la Antártica Chilena, base 2003 ( millones de pesos)",07,"Comercio, restaurantes y hoteles",f035_positional
F035.PIB.FLU.R.CLP.2003.08.Z.Z.12.0.A,Transportes y comunicaciones,12,Magallanes,A,Cuentas Nacionales,"PIB por actividad económica, XII Región de Magallanes y de la Antártica Chilena, base 2003 ( millones de pesos)",08,"Transporte, información y comunicaciones",f035_positional
F035.PIB.FLU.R.CLP.2003.09.21.Z.12.0.A,Servicios financieros y empresariales,12,Magallanes,A,Cuentas Nacionales,"PIB por actividad económica, XII Región de Magallanes y de la Antártica Chilena, base 2003 ( millones de pesos)",09,Servicios financieros y empresariales,f035_positional
F035.PIB.FLU.R.CLP.2003.10.Z.Z.12.0.A,Propiedad de vivienda,12,Magallanes,A,Cuentas Nacionales,"PIB por actividad económica, XII Región de Magallanes y de la Antártica Chilena, base 2003 ( millones de pesos)",10,Servicios de vivienda e inmobiliarios,f035_positional
F035.PIB.FLU.R.CLP.2003.11.Z.Z.12.0.A,Servicios personales,12,Magallanes,A,Cuentas Nacionales,"PIB por actividad económica, XII Región de Magallanes y de la Antártica Chilena, base 2003 ( millones de pesos)",11,Servicios personales,f035_positional
F035.PIB.FLU.R.CLP.2003.12.Z.Z.12.0.A,Administración pública,12,Magallanes,A,Cuentas Nacionales,"PIB por actividad económica, XII Región de Magallanes y de la Antártica Chilena, base 2003 ( millones de pesos)",12,Administración pública,f035_positional
F035.PIB.FLU.R.CLP.2003.Z.Z.Z.12.0.A,XII De Magallanes y de la Antártica Chilena,12,Magallanes,A,Cuentas Nacionales,"Producto interno bruto por región, a precios constantes, base 2003 ( millones de pesos)",,,f035_positional
F035.PIB.FLU.R.CLP.2008.01.Z.Z.12.0.A,Agropecuario-silvícola,12,Magallanes,A,Cuentas Nacionales,"PIB por actividad económica, XII Región de Magallanes y de la Antártica Chilena, volumen a precios del año anterior encadenado, referencia 2008 (millones de pesos encadenados)",01,Agropecuario-silvícola,f035_positional
F035.PIB.FLU.R.CLP.2008.02.04.Z.12.0.A,Pesca,12,Magallanes,A,Cuentas Nacionales,"PIB por actividad económica, XII Región de Magallanes y de la Antártica Chilena, volumen a precios del año anterior encadenado, referencia 2008 (millones de pesos encadenados)",02,Pesca,f035_positional
F035.PIB.FLU.R.CLP.2008.03.Z.Z.12.0.A,Minería,12,Magallanes,A,Cuentas Nacionales,"PIB por actividad económica, XII Región de Magallanes y de la Antártica Chilena, volumen a precios del año anterior encadenado, referencia 2008 (millones de pesos encadenados)",03,Minería,f035_positional
F035.PIB.FLU.R.CLP.2008.04.Z.Z.12.0.A,Industria manufacturera,12,Magallanes,A,Cuentas Nacionales,"PIB por actividad económica, XII Región de Magallanes y de la Antártica Chilena, volumen a precios del año anterior encadenado, referencia 2008 (millones de pesos encadenados)",04,Industria,f035_positional
F035.PIB.FLU.R.CLP.2008.05.Z.Z.12.0.A,"Electricidad, gas y agua",12,Magallanes,A,Cuentas Nacionales,"PIB por actividad económica, XII Región de Magallanes y de la Antártica Chilena, volumen a precios del año anterior encadenado, referencia 2008 (millones de pesos encadenados)",05,"Electricidad, gas, agua y gestión de desechos",f035_positional
F035.PIB.FLU.R.CLP.2008.06.Z.Z.12.0.A,Construcción,12,Magallanes,A,Cuentas Nacionales,"PIB por actividad económica, XII Región de Magallanes y de la Antártica Chilena, volumen a precios del año anterior encadenado, referencia 2008 (millones de pesos encadenados)",06,Construcción,f035_positional
F035.PIB.FLU.R.CLP.2008.07.Z.Z.12.0.A,"Comercio, restaurantes y hoteles",12,Magallanes,A,Cuentas Nacionales,"PIB por actividad económica, XII Región de Magallanes y de la Antártica Chilena, volumen a precios del año anterior encadenado, referencia 2008 (millones de pesos encadenados)",07,"Comercio, restaurantes y hoteles",f035_positional
F035.PIB.FLU.R.CLP.2008.08.Z.Z.12.0.A,Transportes y comunicaciones,12,Magallanes,A,Cuentas Nacionales,"PIB por actividad económica, XII Región de Magallanes y de la Antártica Chilena, volumen a precios del año anterior encadenado, referencia 2008 (millones de pesos encadenados)",08,"Transporte, información y comunicaciones",f035_positional
F035.PIB.FLU.R.CLP.2008.09.21.Z.12.0.A,Servicios financieros y empresariales,12,Magallanes,A,Cuentas Nacionales,"PIB por actividad económica, XII Región de Magallanes y de la Antártica Chilena, volumen a precios del año anterior encadenado, referencia 2008 (millones de pesos encadenados)",09,Servicios financieros y empresariales,f035_positional
F035.PIB.FLU.R.CLP.2008.10.Z.Z.12.0.A,Propiedad de vivienda,12,Magallanes,A,Cuentas Nacionales,"PIB por actividad económica, XII Región de Magallanes y de la Antártica Chilena, volumen a precios del año anterior encadenado, referencia 2008 (millones de pesos encadenados)",10,Servicios de vivienda e inmobiliarios,f035_positional
F035.PIB.FLU.R.CLP.2008.11.Z.Z.12.0.A,Servicios personales,12,Magallanes,A,Cuentas Nacionales,"PIB por actividad económica, XII Región de Magallanes y de la Antártica Chilena, volumen a precios del año anterior encadenado, referencia 2008 (millones de pesos encadenados)",11,Servicios personales,f035_positional
F035.PIB.FLU.R.CLP.2008.12.Z.Z.12.0.A,Administración pública,12,Magallanes,A,Cuentas Nacionales,"PIB por actividad económica, XII Región de Magallanes y de la Antártica Chilena, volumen a precios del año anterior encadenado, referencia 2008 (millones de pesos encadenados)",12,Administración pública,f035_positional
F035.PIB.FLU.R.CLP.2008.Z.Z.Z.12.0.A,XII De Magallanes y de la Antártica Chilena,12,Magallanes,A,Cuentas Nacionales,"Producto interno bruto por región, volumen a precios del año anterior encadenado, referencia 2008 (millones de pesos encadenados)",,,f035_positional
F035.PIB.FLU.R.CLP.2013.01.Z.Z.12.0.A,Agropecuario-silvícola,12,Magallanes,A,Cuentas Nacionales,"PIB por actividad económica, Región de Magallanes y de la Antártica Chilena, volumen a precios del año anterior encadenado, series empalmadas, referencia 2013 (miles de millones de pesos encadenados)",01,Agropecuario-silvícola,f035_positional
F035.PIB.FLU.R.CLP.2013.02.04.Z.12.0.A,Pesca,12,Magallanes,A,Cuentas Nacionales,"PIB por actividad económica, Región de Magallanes y de la Antártica Chilena, volumen a precios del año anterior encadenado, series empalmadas, referencia 2013 (miles de millones de pesos encadenados)",02,Pesca,f035_positional
F035.PIB.FLU.R.CLP.2013.03.Z.Z.12.0.A,Minería,12,Magallanes,A,Cuentas Nacionales,"PIB por actividad económica, Región de Magallanes y de la Antártica Chilena, volumen a precios del año anterior encadenado, series empalmadas, referencia 2013 (miles de millones de pesos encadenados)",03,Minería,f035_positional
F035.PIB.FLU.R.CLP.2013.04.Z.Z.12.0.A,Industria manufacturera,12,Magallanes,A,Cuentas Nacionales,"PIB por actividad económica, Región de Magallanes y de la Antártica Chilena, volumen a precios del año anterior encadenado, series empalmadas, referencia 2013 (miles de millones de pesos encadenados)",04,Industria,f035_positional
F035.PIB.FLU.R.CLP.2013.05.Z.Z.12.0.A,"Electricidad, gas, agua y gestión de desechos",12,Magallanes,A,Cuentas Nacionales,"PIB por actividad económica, Región de Magallanes y de la Antártica Chilena, volumen a precios del año anterior encadenado, series empalmadas, referencia 2013 (miles de millones de pesos encadenados)",05,"Electricidad, gas, agua y gestión de desechos",f035_positional
F035.PIB.FLU.R.CLP.2013.06.Z.Z.12.0.A,Construcción,12,Magallanes,A,Cuentas Nacionales,"PIB por actividad económica, Región de Magallanes y de la Antártica Chilena, volumen a precios del año anterior encadenado, series empalmadas, referencia 2013 (miles de millones de pesos encadenados)",06,Construcción,f035_positional
F035.PIB.FLU.R.CLP.2013.07.Z.Z.12.0.A,"Comercio, restaurantes y hoteles",12,Magallanes,A,Cuentas Nacionales,"PIB por actividad económica, Región de Magallanes y de la Antártica Chilena, volumen a precios del año anterior encadenado, series empalmadas, referencia 2013 (miles de millones de pesos encadenados)",07,"Comercio, restaurantes y hoteles",f035_positional
F035.PIB.FLU.R.CLP.2013.08.Z.Z.12.0.A,"Transporte, información y comunicaciones",12,Magallanes,A,Cuentas Nacionales,"PIB por actividad económica, Región de Magallanes y de la Antártica Chilena, volumen a precios del año anterior encadenado, series empalmadas, referencia 2013 (miles de millones de pesos encadenados)",08,"Transporte, información y comunicaciones",f035_positional
F035.PIB.FLU.R.CLP.2013.09.21.Z.12.0.A,Servicios financieros y empresariales,12,Magallanes,A,Cuentas Nacionales,"PIB por actividad económica, Región de Magallanes y de la Antártica Chilena, volumen a precios del año anterior encadenado, series empalmadas, referencia 2013 (miles de millones de pesos encadenados)",09,Servicios financieros y empresariales,f035_positional
F035.PIB.FLU.R.CLP.2013.10.Z.Z.12.0.A,Servicios de vivienda e inmobiliarios,12,Magallanes,A,Cuentas Nacionales,"PIB por actividad económica, Región de Magallanes y de la Antártica Chilena, volumen a precios del año anterior encadenado, series empalmadas, referencia 2013 (miles de millones de pesos encadenados)",10,Servicios de vivienda e inmobiliarios,f035_positional
F035.PIB.FLU.R.CLP.2013.11.Z.Z.12.0.A,Servicios personales,12,Magallanes,A,Cuentas Nacionales,"PIB por actividad económica, Región de Magallanes y de la Antártica Chilena, volumen a precios del año anterior encadenado, series empalmadas, referencia 2013 (miles de millones de pesos encadenados)",11,Servicios personales,f035_positional
F035.PIB.FLU.R.CLP.2013.12.Z.Z.12.0.A,Administración pública,12,Magallanes,A,Cuentas Nacionales,"PIB por actividad económica, Región de Magallanes y de la Antártica Chilena, volumen a precios del año anterior encadenado, series empalmadas, referencia 2013 (miles de millones de pesos encadenados)",12,Administración pública,f035_positional
F035.PIB.FLU.R.CLP.2013.Z.Z.Z.12.0.A,Región de Magallanes y de la Antártica Chilena,12,Magallanes,A,Cuentas Nacionales,"Producto interno bruto por región, volumen a precios del año anterior encadenado, series empalmadas, referencia 2013 (miles de millones de pesos encadenados)",,,f035_positional
F035.PIB.FLU.R.CLP.2018.01.Z.Z.12.0.A,Agropecuario-silvícola,12,Magallanes,A,Cuentas Nacionales,"PIB por actividad económica, Región de Magallanes y de la Antártica Chilena, volumen a precios del año anterior encadenado, series empalmadas, referencia 2018 (miles de millones de pesos encadenados)",01,Agropecuario-silvícola,f035_positional
F035.PIB.FLU.R.CLP.2018.02.04.Z.12.0.A,Pesca,12,Magallanes,A,Cuentas Nacionales,"PIB por actividad económica, Región de Magallanes y de la Antártica Chilena, volumen a precios del año anterior encadenado, series empalmadas, referencia 2018 (miles de millones de pesos encadenados)",02,Pesca,f035_positional
F035.PIB.FLU.R.CLP.2018.03.Z.Z.12.0.A,Minería,12,Magallanes,A,Cuentas Nacionales,"PIB por actividad económica, Región de Magallanes y de la Antártica Chilena, volumen a precios del año anterior encadenado, series empalmadas, referencia 2018 (miles de millones de pesos encadenados)",03,Minería,f035_positional
F035.PIB.FLU.R.CLP.2018.04.Z.Z.12.0.A,Industria manufacturera,12,Magallanes,A,Cuentas Nacionales,"PIB por actividad económica, Región de Magallanes y de la Antártica Chilena, volumen a precios del año anterior encadenado, series empalmadas, referencia 2018 (miles de millones de pesos encadenados)",04,Industria,f035_positional
F035.PIB.FLU.R.CLP.2018.05.Z.Z.12.0.A,"Electricidad, gas, agua y gestión de desechos",12,Magallanes,A,Cuentas Nacionales,"PIB por actividad económica, Región de Magallanes y de la Antártica Chilena, volumen a precios del año anterior encadenado, series empalmadas, referencia 2018 (miles de millones de pesos encadenados)",05,"Electricidad, gas, agua y gestión de desechos",f035_positional
F035.PIB.FLU.R.CLP.2018.06.Z.Z.12.0.A,Construcción,12,Magallanes,A,Cuentas Nacionales,"PIB por actividad económica, Región de Magallanes y de la Antártica Chilena, volumen a precios del año anterior encadenado, series empalmadas, referencia 2018 (miles de millones de pesos encadenados)",06,Construcción,f035_positional
F035.PIB.FLU.R.CLP.2018.08.Z.Z.12.0.A,"Transporte, información y comunicaciones",12,Magallanes,A,Cuentas Nacionales,"PIB por actividad económica, Región de Magallanes y de la Antártica Chilena, volumen a precios del año anterior encadenado, series empalmadas, referencia 2018 (miles de millones de pesos encadenados)",08,"Transporte, información y comunicaciones",f035_positional
F035.PIB.FLU.R.CLP.2018.09.21.Z.12.0.A,Servicios financieros y empresariales,12,Magallanes,A,Cuentas Nacionales,"PIB por actividad económica, Región de Magallanes y de la Antártica Chilena, volumen a precios del año anterior encadenado, series empalmadas, referencia 2018 (miles de millones de pesos encadenados)",09,Servicios financieros y empresariales,f035_positional
F035.PIB.FLU.R.CLP.2018.10.Z.Z.12.0.A,Servicios de vivienda e inmobiliarios,12,Magallanes,A,Cuentas Nacionales,"PIB por actividad económica, Región de Magallanes y de la Antártica Chilena, volumen a precios del año anterior encadenado, series empalmadas, referencia 2018 (miles de millones de pesos encadenados)",10,Servicios de vivienda e inmobiliarios,f035_positional
F035.PIB.FLU.R.CLP.2018.11.Z.Z.12.0.A,Servicios personales,12,Magallanes,A,Cuentas Nacionales,"PIB por actividad económica, Región de Magallanes y de la Antártica Chilena, volumen a precios del año anterior encadenado, series empalmadas, referencia 2018 (miles de millones de pesos encadenados)",11,Servicios personales,f035_positional
F035.PIB.FLU.R.CLP.2018.12.Z.Z.12.0.A,Administración pública,12,Magallanes,A,Cuentas Nacionales,"PIB por actividad económica, Región de Magallanes y de la Antártica Chilena, volumen a precios del año anterior encadenado, series empalmadas, referencia 2018 (miles de millones de pesos encadenados)",12,Administración pública,f035_positional
F035.PIB.FLU.R.CLP.2018.COM.Z.Z.12.0.A,Comercio,12,Magallanes,A,Cuentas Nacionales,"PIB por actividad económica, Región de Magallanes y de la Antártica Chilena, volumen a precios del año anterior encadenado, series empalmadas, referencia 2018 (miles de millones de pesos encadenados)",COM,Comercio,f035_positional
F035.PIB.FLU.R.CLP.2018.RH.Z.Z.12.0.A,Restaurantes y hoteles,12,Magallanes,A,Cuentas Nacionales,"PIB por actividad económica, Región de Magallanes y de la Antártica Chilena, volumen a precios del año anterior encadenado, series empalmadas, referencia 2018 (miles de millones de pesos encadenados)",RH,Restaurantes y hoteles,f035_positional
F035.PIB.FLU.R.CLP.2018.Z.Z.Z.12.0.A,Producto interno bruto,12,Magallanes,A,Cuentas Nacionales,"PIB por actividad económica, Región de Magallanes y de la Antártica Chilena, volumen a precios del año anterior encadenado, series empalmadas, referencia 2018 (miles de millones de pesos encadenados)",,,f035_positional
F035.PIB.V12.R.CLP.2008.Z.Z.Z.12.0.A,XII De Magallanes y de la Antártica Chilena,12,Magallanes,A,Cuentas Nacionales,"Producto interno bruto por región, contribución porcentual respecto de igual periodo del año anterior, referencia 2008 .",,,f035_positional
F035.PIB.V12.R.CLP.2013.Z.Z.Z.12.0.A,Región de Magallanes y de la Antártica Chilena,12,Magallanes,A,Cuentas Nacionales,"Producto interno bruto por región, contribución porcentual respecto de igual periodo del año anterior, series empalmadas, referencia 2013 .",,,f035_positional
F035.PIB.V12.R.CLP.2018.01.Z.Z.12.0.A,Agropecuario-silvícola,12,Magallanes,A,Cuentas Nacionales,"PIB por actividad económica, Región de Magallanes y de la Antártica Chilena, contribución porcentual respecto de igual periodo del año anterior, series empalmadas, referencia 2018",01,Agropecuario-silvícola,f035_positional
F035.PIB.V12.R.CLP.2018.02.04.Z.12.0.A,Pesca,12,Magallanes,A,Cuentas Nacionales,"PIB por actividad económica, Región de Magallanes y de la Antártica Chilena, contribución porcentual respecto de igual periodo del año anterior, series empalmadas, referencia 2018",02,Pesca,f035_positional
F035.PIB.V12.R.CLP.2018.03.Z.Z.12.0.A,Minería,12,Magallanes,A,Cuentas Nacionales,"PIB por actividad económica, Región de Magallanes y de la Antártica Chilena, contribución porcentual respecto de igual periodo del año anterior, series empalmadas, referencia 2018",03,Minería,f035_positional
F035.PIB.V12.R.CLP.2018.04.Z.Z.12.0.A,Industria manufacturera,12,Magallanes,A,Cuentas Nacionales,"PIB por actividad económica, Región de Magallanes y de la Antártica Chilena, contribución porcentual respecto de igual periodo del año anterior, series empalmadas, referencia 2018",04,Industria,f035_positional
F035.PIB.V12.R.CLP.2018.05.Z.Z.12.0.A,"Electricidad, gas, agua y gestión de desechos",12,Magallanes,A,Cuentas Nacionales,"PIB por actividad económica, Región de Magallanes y de la Antártica Chilena, contribución porcentual respecto de igual periodo del año anterior, series empalmadas, referencia 2018",05,"Electricidad, gas, agua y gestión de desechos",f035_positional
F035.PIB.V12.R.CLP.2018.06.Z.Z.12.0.A,Construcción,12,Magallanes,A,Cuentas Nacionales,"PIB por actividad económica, Región de Magallanes y de la Antártica Chilena, contribución porcentual respecto de igual periodo del año anterior, series empalmadas, referencia 2018",06,Construcción,f035_positional
F035.PIB.V12.R.CLP.2018.08.Z.Z.12.0.A,"Transporte, información y comunicaciones",12,Magallanes,A,Cuentas Nacionales,"PIB por actividad económica, Región de Magallanes y de la Antártica Chilena, contribución porcentual respecto de igual periodo del año anterior, series empalmadas, referencia 2018",08,"Transporte, información y comunicaciones",f035_positional
F035.PIB.V12.R.CLP.2018.09.21.Z.12.0.A,Servicios financieros y empresariales,12,Magallanes,A,Cuentas Nacionales,"PIB por actividad económica, Región de Magallanes y de la Antártica Chilena, contribución porcentual respecto de igual periodo del año anterior, series empalmadas, referencia 2018",09,Servicios financieros y empresariales,f035_positional
F035.PIB.V12.R.CLP.2018.10.Z.Z.12.0.A,Servicios de vivienda e inmobiliarios,12,Magallanes,A,Cuentas Nacionales,"PIB por actividad económica, Región de Magallanes y de la Antártica Chilena, contribución porcentual respecto de igual periodo del año anterior, series empalmadas, referencia 2018",10,Servicios de vivienda e inmobiliarios,f035_positional
F035.PIB.V12.R.CLP.2018.11.Z.Z.12.0.A,Servicios personales,12,Magallanes,A,Cuentas Nacionales,"PIB por actividad económica, Región de Magallanes y de la Antártica Chilena, contribución porcentual respecto de igual periodo del año anterior, series empalmadas, referencia 2018",11,Servicios personales,f035_positional
F035.PIB.V12.R.CLP.2018.12.Z.Z.12.0.A,Administración pública,12,Magallanes,A,Cuentas Nacionales,"PIB por actividad económica, Región de Magallanes y de la Antártica Chilena, contribución porcentual respecto de igual periodo del año anterior, series empalmadas, referencia 2018",12,Administración pública,f035_positional
F035.PIB.V12.R.CLP.2018.COM.Z.Z.12.0.A,Comercio,12,Magallanes,A,Cuentas Nacionales,"PIB por actividad económica, Región de Magallanes y de la Antártica Chilena, contribución porcentual respecto de igual periodo del año anterior, series empalmadas, referencia 2018",COM,Comercio,f035_positional
F035.PIB.V12.R.CLP.2018.CONT.Z.Z.12.0.A,Producto Interno Bruto,12,Magallanes,A,Cuentas Nacionales,"PIB por actividad económica, Región de Magallanes y de la Antártica Chilena, contribución porcentual respecto de igual periodo del año anterior, series empalmadas, referencia 2018",CONT,PIB (contribución),f035_positional
F035.PIB.V12.R.CLP.2018.RH.Z.Z.12.0.A,Restaurantes y hoteles,12,Magallanes,A,Cuentas Nacionales,"PIB por actividad económica, Región de Magallanes y de la Antártica Chilena, contribución porcentual respecto de igual periodo del año anterior, series empalmadas, referencia 2018",RH,Restaurantes y hoteles,f035_positional
F035.PIB.V12.R.CLP.2018.Z.Z.Z.12.0.A,Región de Magallanes y de la Antártica Chilena,12,Magallanes,A,Cuentas Nacionales,"Producto interno bruto por región, contribución porcentual respecto de igual periodo del año anterior, series empalmadas, referencia 2018",,,f035_positional
F035.PIB.FLU.N.CLP.2008.01.Z.Z.13.0.A,Agropecuario-silvícola,13,Metropolitana de Santiago,A,Cuentas Nacionales,"PIB por actividad económica,RMS Región Metropolitana de Santiago, precios corrientes, referencia 2008 (millones de pesos)",01,Agropecuario-silvícola,f035_positional
F035.PIB.FLU.N.CLP.2008.02.04.Z.13.0.A,Pesca,13,Metropolitana de Santiago,A,Cuentas Nacionales,"PIB por actividad económica,RMS Región Metropolitana de Santiago, precios corrientes, referencia 2008 (millones de pesos)",02,Pesca,f035_positional
F035.PIB.FLU.N.CLP.2008.03.Z.Z.13.0.A,Minería,13,Metropolitana de Santiago,A,Cuentas Nacionales,"PIB por actividad económica,RMS Región Metropolitana de Santiago, precios corrientes, referencia 2008 (millones de pesos)",03,Minería,f035_positional
F035.PIB.FLU.N.CLP.2008.04.Z.Z.13.0.A,Industria manufacturera,13,Metropolitana de Santiago,A,Cuentas Nacionales,"PIB por actividad económica,RMS Región Metropolitana de Santiago, precios corrientes, referencia 2008 (millones de pesos)",04,Industria,f035_positional
F035.PIB.FLU.N.CLP.2008.05.Z.Z.13.0.A,"Electricidad, gas, agua y gestión de desechos",13,Metropolitana de Santiago,A,Cuentas Nacionales,"PIB por actividad económica,RMS Región Metropolitana de Santiago, precios corrientes, referencia 2008 (millones de pesos)",05,"Electricidad, gas, agua y gestión de desechos",f035_positional
F035.PIB.FLU.N.CLP.2008.06.Z.Z.13.0.A,Construcción,13,Metropolitana de Santiago,A,Cuentas Nacionales,"PIB por actividad económica,RMS Región Metropolitana de Santiago, precios corrientes, referencia 2008 (millones de pesos)",06,Construcción,f035_positional
F035.PIB.FLU.N.CLP.2008.07.Z.Z.13.0.A,"Comercio, restaurantes y hoteles",13,Metropolitana de Santiago,A,Cuentas Nacionales,"PIB por actividad económica,RMS Región Metropolitana de Santiago, precios corrientes, referencia 2008 (millones de pesos)",07,"Comercio, restaurantes y hoteles",f035_positional
F035.PIB.FLU.N.CLP.2008.08.Z.Z.13.0.A,"Transportes, informacion y comunicaciones",13,Metropolitana de Santiago,A,Cuentas Nacionales,"PIB por actividad económica,RMS Región Metropolitana de Santiago, precios corrientes, referencia 2008 (millones de pesos)",08,"Transporte, información y comunicaciones",f035_positional
F035.PIB.FLU.N.CLP.2008.09.21.Z.13.0.A,Servicios financieros y empresariales,13,Metropolitana de Santiago,A,Cuentas Nacionales,"PIB por actividad económica,RMS Región Metropolitana de Santiago, precios corrientes, referencia 2008 (millones de pesos)",09,Servicios financieros y empresariales,f035_positional
F035.PIB.FLU.N.CLP.2008.10.Z.Z.13.0.A,Servicios de vivienda e inmobiliarios,13,Metropolitana de Santiago,A,Cuentas Nacionales,"PIB por actividad económica,RMS Región Metropolitana de Santiago, precios corrientes, referencia 2008 (millones de pesos)",10,Servicios de vivienda e inmobiliarios,f035_positional
F035.PIB.FLU.N.CLP.2008.11.Z.Z.13.0.A,Servicios personales,13,Metropolitana de Santiago,A,Cuentas Nacionales,"PIB por actividad económica,RMS Región Metropolitana de Santiago, precios corrientes, referencia 2008 (millones de pesos)",11,Servicios personales,f035_positional
F035.PIB.FLU.N.CLP.2008.12.Z.Z.13.0.A,Administración pública,13,Metropolitana de Santiago,A,Cuentas Nacionales,"PIB por actividad económica,RMS Región Metropolitana de Santiago, precios corrientes, referencia 2008 (millones de pesos)",12,Administración pública,f035_positional
F035.PIB.FLU.N.CLP.2008.Z.Z.Z.13.0.A,RMS Región Metropolitana de Santiago,13,Metropolitana de Santiago,A,Cuentas Nacionales,"Producto interno bruto por región, precios corrientes, referencia 2008 (millones de pesos)",,,f035_positional
F035.PIB.FLU.N.CLP.2013.01.Z.Z.13.0.A,Agropecuario-silvícola,13,Metropolitana de Santiago,A,Cuentas Nacionales,"PIB por actividad económica, Región Metropolitana de Santiago, precios corrientes, series empalmadas, referencia 2013 (miles de millones de pesos)",01,Agropecuario-silvícola,f035_positional
F035.PIB.FLU.N.CLP.2013.02.04.Z.13.0.A,Pesca,13,Metropolitana de Santiago,A,Cuentas Nacionales,"PIB por actividad económica, Región Metropolitana de Santiago, precios corrientes, series empalmadas, referencia 2013 (miles de millones de pesos)",02,Pesca,f035_positional
F035.PIB.FLU.N.CLP.2013.03.Z.Z.13.0.A,Minería,13,Metropolitana de Santiago,A,Cuentas Nacionales,"PIB por actividad económica, Región Metropolitana de Santiago, precios corrientes, series empalmadas, referencia 2013 (miles de millones de pesos)",03,Minería,f035_positional
F035.PIB.FLU.N.CLP.2013.04.Z.Z.13.0.A,Industria manufacturera,13,Metropolitana de Santiago,A,Cuentas Nacionales,"PIB por actividad económica, Región Metropolitana de Santiago, precios corrientes, series empalmadas, referencia 2013 (miles de millones de pesos)",04,Industria,f035_positional
F035.PIB.FLU.N.CLP.2013.05.Z.Z.13.0.A,"Electricidad, gas, agua y gestión de desechos",13,Metropolitana de Santiago,A,Cuentas Nacionales,"PIB por actividad económica, Región Metropolitana de Santiago, precios corrientes, series empalmadas, referencia 2013 (miles de millones de pesos)",05,"Electricidad, gas, agua y gestión de desechos",f035_positional
F035.PIB.FLU.N.CLP.2013.06.Z.Z.13.0.A,Construcción,13,Metropolitana de Santiago,A,Cuentas Nacionales,"PIB por actividad económica, Región Metropolitana de Santiago, precios corrientes, series empalmadas, referencia 2013 (miles de millones de pesos)",06,Construcción,f035_positional
F035.PIB.FLU.N.CLP.2013.07.Z.Z.13.0.A,"Comercio, restaurantes y hoteles",13,Metropolitana de Santiago,A,Cuentas Nacionales,"PIB por actividad económica, Región Metropolitana de Santiago, precios corrientes, series empalmadas, referencia 2013 (miles de millones de pesos)",07,"Comercio, restaurantes y hoteles",f035_positional
F035.PIB.FLU.N.CLP.2013.08.Z.Z.13.0.A,"Transporte, información y comunicaciones",13,Metropolitana de Santiago,A,Cuentas Nacionales,"PIB por actividad económica, Región Metropolitana de Santiago, precios corrientes, series empalmadas, referencia 2013 (miles de millones de pesos)",08,"Transporte, información y comunicaciones",f035_positional
F035.PIB.FLU.N.CLP.2013.09.21.Z.13.0.A,Servicios financieros y empresariales,13,Metropolitana de Santiago,A,Cuentas Nacionales,"PIB por actividad económica, Región Metropolitana de Santiago, precios corrientes, series empalmadas, referencia 2013 (miles de millones de pesos)",09,Servicios financieros y empresariales,f035_positional
F035.PIB.FLU.N.CLP.2013.10.Z.Z.13.0.A,Servicios de vivienda e inmobiliarios,13,Metropolitana de Santiago,A,Cuentas Nacionales,"PIB por actividad económica, Región Metropolitana de Santiago, precios corrientes, series empalmadas, referencia 2013 (miles de millones de pesos)",10,Servicios de vivienda e inmobiliarios,f035_positional
F035.PIB.FLU.N.CLP.2013.11.Z.Z.13.0.A,Servicios personales,13,Metropolitana de Santiago,A,Cuentas Nacionales,"PIB por actividad económica, Región Metropolitana de Santiago, precios corrientes, series empalmadas, referencia 2013 (miles de millones de pesos)",11,Servicios personales,f035_positional
F035.PIB.FLU.N.CLP.2013.12.Z.Z.13.0.A,Administración pública,13,Metropolitana de Santiago,A,Cuentas Nacionales,"PIB por actividad económica, Región Metropolitana de Santiago, precios corrientes, series empalmadas, referencia 2013 (miles de millones de pesos)",12,Administración pública,f035_positional
F035.PIB.FLU.N.CLP.2013.Z.Z.Z.13.0.A,Región Metropolitana de Santiago,13,Metropolitana de Santiago,A,Cuentas Nacionales,"Producto interno bruto por región, precios corrientes, series empalmadas, referencia 2013 (miles de millones de pesos)",,,f035_positional
F035.PIB.FLU.N.CLP.2018.01.Z.Z.13.0.A,Agropecuario-silvícola,13,Metropolitana de Santiago,A,Cuentas Nacionales,"PIB por actividad económica, Región Metropolitana de Santiago, precios corrientes, series empalmadas, referencia 2018 (miles de millones de pesos)",01,Agropecuario-silvícola,f035_positional
F035.PIB.FLU.N.CLP.2018.02.04.Z.13.0.A,Pesca,13,Metropolitana de Santiago,A,Cuentas Nacionales,"PIB por actividad económica, Región Metropolitana de Santiago, precios corrientes, series empalmadas, referencia 2018 (miles de millones de pesos)",02,Pesca,f035_positional
F035.PIB.FLU.N.CLP.2018.03.Z.Z.13.0.A,Minería,13,Metropolitana de Santiago,A,Cuentas Nacionales,"PIB por actividad económica, Región Metropolitana de Santiago, precios corrientes, series empalmadas, referencia 2018 (miles de millones de pesos)",03,Minería,f035_positional
F035.PIB.FLU.N.CLP.2018.04.Z.Z.13.0.A,Industria manufacturera,13,Metropolitana de Santiago,A,Cuentas Nacionales,"PIB por actividad económica, Región Metropolitana de Santiago, precios corrientes, series empalmadas, referencia 2018 (miles de millones de pesos)",04,Industria,f035_positional
F035.PIB.FLU.N.CLP.2018.05.Z.Z.13.0.A,"Electricidad, gas, agua y gestión de desechos",13,Metropolitana de Santiago,A,Cuentas Nacionales,"PIB por actividad económica, Región Metropolitana de Santiago, precios corrientes, series empalmadas, referencia 2018 (miles de millones de pesos)",05,"Electricidad, gas, agua y gestión de desechos",f035_positional
F035.PIB.FLU.N.CLP.2018.06.Z.Z.13.0.A,Construcción,13,Metropolitana de Santiago,A,Cuentas Nacionales,"PIB por actividad económica, Región Metropolitana de Santiago, precios corrientes, series empalmadas, referencia 2018 (miles de millones de pesos)",06,Construcción,f035_positional
F035.PIB.FLU.N.CLP.2018.08.Z.Z.13.0.A,"Transporte, información y comunicaciones",13,Metropolitana de Santiago,A,Cuentas Nacionales,"PIB por actividad económica, Región Metropolitana de Santiago, precios corrientes, series empalmadas, referencia 2018 (miles de millones de pesos)",08,"Transporte, información y comunicaciones",f035_positional
F035.PIB.FLU.N.CLP.2018.09.21.Z.13.0.A,Servicios financieros y empresariales,13,Metropolitana de Santiago,A,Cuentas Nacionales,"PIB por actividad económica, Región Metropolitana de Santiago, precios corrientes, series empalmadas, referencia 2018 (miles de millones de pesos)",09,Servicios financieros y empresariales,f035_positional
F035.PIB.FLU.N.CLP.2018.10.Z.Z.13.0.A,Servicios de vivienda e inmobiliarios,13,Metropolitana de Santiago,A,Cuentas Nacionales,"PIB por actividad económica, Región Metropolitana de Santiago, precios corrientes, series empalmadas, referencia 2018 (miles de millones de pesos)",10,Servicios de vivienda e inmobiliarios,f035_positional
F035.PIB.FLU.N.CLP.2018.11.Z.Z.13.0.A,Servicios personales,13,Metropolitana de Santiago,A,Cuentas Nacionales,"PIB por actividad económica, Región Metropolitana de Santiago, precios corrientes, series empalmadas, referencia 2018 (miles de millones de pesos)",11,Servicios personales,f035_positional
F035.PIB.FLU.N.CLP.2018.12.Z.Z.13.0.A,Administración pública,13,Metropolitana de Santiago,A,Cuentas Nacionales,"PIB por actividad económica, Región Metropolitana de Santiago, precios corrientes, series empalmadas, referencia 2018 (miles de millones de pesos)",12,Administración pública,f035_positional
F035.PIB.FLU.N.CLP.2018.COM.Z.Z.13.0.A,Comercio,13,Metropolitana de Santiago,A,Cuentas Nacionales,"PIB por actividad económica, Región Metropolitana de Santiago, precios corrientes, series empalmadas, referencia 2018 (miles de millones de pesos)",COM,Comercio,f035_positional
F035.PIB.FLU.N.CLP.2018.RH.Z.Z.13.0.A,Restaurantes y hoteles,13,Metropolitana de Santiago,A,Cuentas Nacionales,"PIB por actividad económica, Región Metropolitana de Santiago, precios corrientes, series empalmadas, referencia 2018 (miles de millones de pesos)",RH,Restaurantes y hoteles,f035_positional
F035.PIB.FLU.N.CLP.2018.Z.Z.Z.13.0.A,Región Metropolitana de Santiago,13,Metropolitana de Santiago,A,Cuentas Nacionales,"Producto interno bruto por región, precios corrientes, series empalmadas, referencia 2018 (miles de millones de pesos)",,,f035_positional
F035.PIB.FLU.R.CLP.1986.01.Z.Z.13.0.A,Agropecuario-silvícola,13,Metropolitana de Santiago,A,Cuentas Nacionales,"PIB por actividad económica, RMS Región Metropolitana de Santiago, base 1986 (millones de pesos)",01,Agropecuario-silvícola,f035_positional
F035.PIB.FLU.R.CLP.1986.02.04.Z.13.0.A,Pesca,13,Metropolitana de Santiago,A,Cuentas Nacionales,"PIB por actividad económica, RMS Región Metropolitana de Santiago, base 1986 (millones de pesos)",02,Pesca,f035_positional
F035.PIB.FLU.R.CLP.1986.03.Z.Z.13.0.A,Minería,13,Metropolitana de Santiago,A,Cuentas Nacionales,"PIB por actividad económica, RMS Región Metropolitana de Santiago, base 1986 (millones de pesos)",03,Minería,f035_positional
F035.PIB.FLU.R.CLP.1986.04.Z.Z.13.0.A,Industria manufacturera,13,Metropolitana de Santiago,A,Cuentas Nacionales,"PIB por actividad económica, RMS Región Metropolitana de Santiago, base 1986 (millones de pesos)",04,Industria,f035_positional
F035.PIB.FLU.R.CLP.1986.05.Z.Z.13.0.A,"Electricidad, gas y agua",13,Metropolitana de Santiago,A,Cuentas Nacionales,"PIB por actividad económica, RMS Región Metropolitana de Santiago, base 1986 (millones de pesos)",05,"Electricidad, gas, agua y gestión de desechos",f035_positional
F035.PIB.FLU.R.CLP.1986.06.Z.Z.13.0.A,Construcción,13,Metropolitana de Santiago,A,Cuentas Nacionales,"PIB por actividad económica, RMS Región Metropolitana de Santiago, base 1986 (millones de pesos)",06,Construcción,f035_positional
F035.PIB.FLU.R.CLP.1986.07.Z.Z.13.0.A,"Comercio, restaurantes y hoteles",13,Metropolitana de Santiago,A,Cuentas Nacionales,"PIB por actividad económica, RMS Región Metropolitana de Santiago, base 1986 (millones de pesos)",07,"Comercio, restaurantes y hoteles",f035_positional
F035.PIB.FLU.R.CLP.1986.08.Z.Z.13.0.A,Transportes y comunicaciones,13,Metropolitana de Santiago,A,Cuentas Nacionales,"PIB por actividad económica, RMS Región Metropolitana de Santiago, base 1986 (millones de pesos)",08,"Transporte, información y comunicaciones",f035_positional
F035.PIB.FLU.R.CLP.1986.09.21.27.13.0.A,Servicios financieros,13,Metropolitana de Santiago,A,Cuentas Nacionales,"PIB por actividad económica, RMS Región Metropolitana de Santiago, base 1986 (millones de pesos)",09,Servicios financieros y empresariales,f035_positional
F035.PIB.FLU.R.CLP.1986.10.Z.Z.13.0.A,Propiedad de vivienda,13,Metropolitana de Santiago,A,Cuentas Nacionales,"PIB por actividad económica, RMS Región Metropolitana de Santiago, base 1986 (millones de pesos)",10,Servicios de vivienda e inmobiliarios,f035_positional
F035.PIB.FLU.R.CLP.1986.11.Z.Z.13.0.A,Servicios personales,13,Metropolitana de Santiago,A,Cuentas Nacionales,"PIB por actividad económica, RMS Región Metropolitana de Santiago, base 1986 (millones de pesos)",11,Servicios personales,f035_positional
F035.PIB.FLU.R.CLP.1986.12.Z.Z.13.0.A,Administración pública,13,Metropolitana de Santiago,A,Cuentas Nacionales,"PIB por actividad económica, RMS Región Metropolitana de Santiago, base 1986 (millones de pesos)",12,Administración pública,f035_positional
F035.PIB.FLU.R.CLP.1986.Z.Z.Z.13.0.A,RMS Región Metropolitana de Santiago,13,Metropolitana de Santiago,A,Cuentas Nacionales,"Producto interno bruto por región, a precios constantes, base 1986 (millones de pesos)",,,f035_positional
F035.PIB.FLU.R.CLP.1996.01.Z.Z.13.0.A,Agropecuario-silvícola,13,Metropolitana de Santiago,A,Cuentas Nacionales,"PIB por actividad económica, RMS Región Metropolitana de Santiago, base 1996 ( millones de pesos)",01,Agropecuario-silvícola,f035_positional
F035.PIB.FLU.R.CLP.1996.02.04.Z.13.0.A,Pesca,13,Metropolitana de Santiago,A,Cuentas Nacionales,"PIB por actividad económica, RMS Región Metropolitana de Santiago, base 1996 ( millones de pesos)",02,Pesca,f035_positional
F035.PIB.FLU.R.CLP.1996.03.Z.Z.13.0.A,Minería,13,Metropolitana de Santiago,A,Cuentas Nacionales,"PIB por actividad económica, RMS Región Metropolitana de Santiago, base 1996 ( millones de pesos)",03,Minería,f035_positional
F035.PIB.FLU.R.CLP.1996.04.Z.Z.13.0.A,Industria Manufacturera,13,Metropolitana de Santiago,A,Cuentas Nacionales,"PIB por actividad económica, RMS Región Metropolitana de Santiago, base 1996 ( millones de pesos)",04,Industria,f035_positional
F035.PIB.FLU.R.CLP.1996.05.Z.Z.13.0.A,"Electricidad, Gas y Agua",13,Metropolitana de Santiago,A,Cuentas Nacionales,"PIB por actividad económica, RMS Región Metropolitana de Santiago, base 1996 ( millones de pesos)",05,"Electricidad, gas, agua y gestión de desechos",f035_positional
F035.PIB.FLU.R.CLP.1996.06.Z.Z.13.0.A,Construcción,13,Metropolitana de Santiago,A,Cuentas Nacionales,"PIB por actividad económica, RMS Región Metropolitana de Santiago, base 1996 ( millones de pesos)",06,Construcción,f035_positional
F035.PIB.FLU.R.CLP.1996.07.Z.Z.13.0.A,"Comercio, Restaurantes y Hoteles",13,Metropolitana de Santiago,A,Cuentas Nacionales,"PIB por actividad económica, RMS Región Metropolitana de Santiago, base 1996 ( millones de pesos)",07,"Comercio, restaurantes y hoteles",f035_positional
F035.PIB.FLU.R.CLP.1996.08.Z.Z.13.0.A,Transportes y Comunicaciones,13,Metropolitana de Santiago,A,Cuentas Nacionales,"PIB por actividad económica, RMS Región Metropolitana de Santiago, base 1996 ( millones de pesos)",08,"Transporte, información y comunicaciones",f035_positional
F035.PIB.FLU.R.CLP.1996.09.21.Z.13.0.A,Servicios Financieros y Empresariales,13,Metropolitana de Santiago,A,Cuentas Nacionales,"PIB por actividad económica, RMS Región Metropolitana de Santiago, base 1996 ( millones de pesos)",09,Servicios financieros y empresariales,f035_positional
F035.PIB.FLU.R.CLP.1996.10.Z.Z.13.0.A,Propiedad de Vivienda,13,Metropolitana de Santiago,A,Cuentas Nacionales,"PIB por actividad económica, RMS Región Metropolitana de Santiago, base 1996 ( millones de pesos)",10,Servicios de vivienda e inmobiliarios,f035_positional
F035.PIB.FLU.R.CLP.1996.11.Z.Z.13.0.A,Servicios Personales,13,Metropolitana de Santiago,A,Cuentas Nacionales,"PIB por actividad económica, RMS Región Metropolitana de Santiago, base 1996 ( millones de pesos)",11,Servicios personales,f035_positional
F035.PIB.FLU.R.CLP.1996.12.Z.Z.13.0.A,Administración Pública,13,Metropolitana de Santiago,A,Cuentas Nacionales,"PIB por actividad económica, RMS Región Metropolitana de Santiago, base 1996 ( millones de pesos)",12,Administración pública,f035_positional
F035.PIB.FLU.R.CLP.1996.Z.Z.Z.13.0.A,RMS Región Metropolitana de Santiago,13,Metropolitana de Santiago,A,Cuentas Nacionales,"Producto interno bruto por región, a precios constantes, base 1996 ( millones de pesos)",,,f035_positional
F035.PIB.FLU.R.CLP.2003.01.Z.Z.13.0.A,Agropecuario-silvícola,13,Metropolitana de Santiago,A,Cuentas Nacionales,"PIB por actividad económica, RMS Región Metropolitana de Santiago, base 2003 ( millones de pesos)",01,Agropecuario-silvícola,f035_positional
F035.PIB.FLU.R.CLP.2003.02.04.Z.13.0.A,Pesca,13,Metropolitana de Santiago,A,Cuentas Nacionales,"PIB por actividad económica, RMS Región Metropolitana de Santiago, base 2003 ( millones de pesos)",02,Pesca,f035_positional
F035.PIB.FLU.R.CLP.2003.03.Z.Z.13.0.A,Minería,13,Metropolitana de Santiago,A,Cuentas Nacionales,"PIB por actividad económica, RMS Región Metropolitana de Santiago, base 2003 ( millones de pesos)",03,Minería,f035_positional
F035.PIB.FLU.R.CLP.2003.04.Z.Z.13.0.A,Industria manufacturera,13,Metropolitana de Santiago,A,Cuentas Nacionales,"PIB por actividad económica, RMS Región Metropolitana de Santiago, base 2003 ( millones de pesos)",04,Industria,f035_positional
F035.PIB.FLU.R.CLP.2003.05.Z.Z.13.0.A,"Electricidad, gas y agua",13,Metropolitana de Santiago,A,Cuentas Nacionales,"PIB por actividad económica, RMS Región Metropolitana de Santiago, base 2003 ( millones de pesos)",05,"Electricidad, gas, agua y gestión de desechos",f035_positional
F035.PIB.FLU.R.CLP.2003.06.Z.Z.13.0.A,Construcción,13,Metropolitana de Santiago,A,Cuentas Nacionales,"PIB por actividad económica, RMS Región Metropolitana de Santiago, base 2003 ( millones de pesos)",06,Construcción,f035_positional
F035.PIB.FLU.R.CLP.2003.07.Z.Z.13.0.A,"Comercio, restaurantes y hoteles",13,Metropolitana de Santiago,A,Cuentas Nacionales,"PIB por actividad económica, RMS Región Metropolitana de Santiago, base 2003 ( millones de pesos)",07,"Comercio, restaurantes y hoteles",f035_positional
F035.PIB.FLU.R.CLP.2003.08.Z.Z.13.0.A,Transportes y comunicaciones,13,Metropolitana de Santiago,A,Cuentas Nacionales,"PIB por actividad económica, RMS Región Metropolitana de Santiago, base 2003 ( millones de pesos)",08,"Transporte, información y comunicaciones",f035_positional
F035.PIB.FLU.R.CLP.2003.09.21.Z.13.0.A,Servicios financieros y empresariales,13,Metropolitana de Santiago,A,Cuentas Nacionales,"PIB por actividad económica, RMS Región Metropolitana de Santiago, base 2003 ( millones de pesos)",09,Servicios financieros y empresariales,f035_positional
F035.PIB.FLU.R.CLP.2003.10.Z.Z.13.0.A,Propiedad de vivienda,13,Metropolitana de Santiago,A,Cuentas Nacionales,"PIB por actividad económica, RMS Región Metropolitana de Santiago, base 2003 ( millones de pesos)",10,Servicios de vivienda e inmobiliarios,f035_positional
F035.PIB.FLU.R.CLP.2003.11.Z.Z.13.0.A,Servicios personales,13,Metropolitana de Santiago,A,Cuentas Nacionales,"PIB por actividad económica, RMS Región Metropolitana de Santiago, base 2003 ( millones de pesos)",11,Servicios personales,f035_positional
F035.PIB.FLU.R.CLP.2003.12.Z.Z.13.0.A,Administración pública,13,Metropolitana de Santiago,A,Cuentas Nacionales,"PIB por actividad económica, RMS Región Metropolitana de Santiago, base 2003 ( millones de pesos)",12,Administración pública,f035_positional
F035.PIB.FLU.R.CLP.2003.Z.Z.Z.13.0.A,RMS Región Metropolitana de Santiago,13,Metropolitana de Santiago,A,Cuentas Nacionales,"Producto interno bruto por región, a precios constantes, base 2003 ( millones de pesos)",,,f035_positional
F035.PIB.FLU.R.CLP.2008.01.Z.Z.13.0.A,Agropecuario-silvícola,13,Metropolitana de Santiago,A,Cuentas Nacionales,"PIB por actividad económica, RMS Región Metropolitana de Santiago, volumen a precios del año anterior encadenado, referencia 2008 (millones de pesos encadenados)",01,Agropecuario-silvícola,f035_positional
F035.PIB.FLU.R.CLP.2008.02.04.Z.13.0.A,Pesca,13,Metropolitana de Santiago,A,Cuentas Nacionales,"PIB por actividad económica, RMS Región Metropolitana de Santiago, volumen a precios del año anterior encadenado, referencia 2008 (millones de pesos encadenados)",02,Pesca,f035_positional
F035.PIB.FLU.R.CLP.2008.03.Z.Z.13.0.A,Minería,13,Metropolitana de Santiago,A,Cuentas Nacionales,"PIB por actividad económica, RMS Región Metropolitana de Santiago, volumen a precios del año anterior encadenado, referencia 2008 (millones de pesos encadenados)",03,Minería,f035_positional
F035.PIB.FLU.R.CLP.2008.04.Z.Z.13.0.A,Industria manufacturera,13,Metropolitana de Santiago,A,Cuentas Nacionales,"PIB por actividad económica, RMS Región Metropolitana de Santiago, volumen a precios del año anterior encadenado, referencia 2008 (millones de pesos encadenados)",04,Industria,f035_positional
F035.PIB.FLU.R.CLP.2008.05.Z.Z.13.0.A,"Electricidad, gas y agua",13,Metropolitana de Santiago,A,Cuentas Nacionales,"PIB por actividad económica, RMS Región Metropolitana de Santiago, volumen a precios del año anterior encadenado, referencia 2008 (millones de pesos encadenados)",05,"Electricidad, gas, agua y gestión de desechos",f035_positional
F035.PIB.FLU.R.CLP.2008.06.Z.Z.13.0.A,Construcción,13,Metropolitana de Santiago,A,Cuentas Nacionales,"PIB por actividad económica, RMS Región Metropolitana de Santiago, volumen a precios del año anterior encadenado, referencia 2008 (millones de pesos encadenados)",06,Construcción,f035_positional
F035.PIB.FLU.R.CLP.2008.07.Z.Z.13.0.A,"Comercio, restaurantes y hoteles",13,Metropolitana de Santiago,A,Cuentas Nacionales,"PIB por actividad económica, RMS Región Metropolitana de Santiago, volumen a precios del año anterior encadenado, referencia 2008 (millones de pesos encadenados)",07,"Comercio, restaurantes y hoteles",f035_positional
F035.PIB.FLU.R.CLP.2008.08.Z.Z.13.0.A,Transportes y comunicaciones,13,Metropolitana de Santiago,A,Cuentas Nacionales,"PIB por actividad económica, RMS Región Metropolitana de Santiago, volumen a precios del año anterior encadenado, referencia 2008 (millones de pesos encadenados)",08,"Transporte, información y comunicaciones",f035_positional
F035.PIB.FLU.R.CLP.2008.09.21.Z.13.0.A,Servicios financieros y empresariales,13,Metropolitana de Santiago,A,Cuentas Nacionales,"PIB por actividad económica, RMS Región Metropolitana de Santiago, volumen a precios del año anterior encadenado, referencia 2008 (millones de pesos encadenados)",09,Servicios financieros y empresariales,f035_positional
F035.PIB.FLU.R.CLP.2008.10.Z.Z.13.0.A,Propiedad de vivienda,13,Metropolitana de Santiago,A,Cuentas Nacionales,"PIB por actividad económica, RMS Región Metropolitana de Santiago, volumen a precios del año anterior encadenado, referencia 2008 (millones de pesos encadenados)",10,Servicios de vivienda e inmobiliarios,f035_positional
F035.PIB.FLU.R.CLP.2008.11.Z.Z.13.0.A,Servicios personales,13,Metropolitana de Santiago,A,Cuentas Nacionales,"PIB por actividad económica, RMS Región Metropolitana de Santiago, volumen a precios del año anterior encadenado, referencia 2008 (millones de pesos encadenados)",11,Servicios personales,f035_positional
F035.PIB.FLU.R.CLP.2008.12.Z.Z.13.0.A,Administración pública,13,Metropolitana de Santiago,A,Cuentas Nacionales,"PIB por actividad económica, RMS Región Metropolitana de Santiago, volumen a precios del año anterior encadenado, referencia 2008 (millones de pesos encadenados)",12,Administración pública,f035_positional
F035.PIB.FLU.R.CLP.2008.Z.Z.Z.13.0.A,RMS Región Metropolitana de Santiago,13,Metropolitana de Santiago,A,Cuentas Nacionales,"Producto interno bruto por región, volumen a precios del año anterior encadenado, referencia 2008 (millones de pesos encadenados)",,,f035_positional
F035.PIB.FLU.R.CLP.2013.01.Z.Z.13.0.A,Agropecuario-silvícola,13,Metropolitana de Santiago,A,Cuentas Nacionales,"PIB por actividad económica, Región Metropolitana de Santiago, volumen a precios del año anterior encadenado, series empalmadas, referencia 2013 (miles de millones de pesos encadenados)",01,Agropecuario-silvícola,f035_positional
F035.PIB.FLU.R.CLP.2013.02.04.Z.13.0.A,Pesca,13,Metropolitana de Santiago,A,Cuentas Nacionales,"PIB por actividad económica, Región Metropolitana de Santiago, volumen a precios del año anterior encadenado, series empalmadas, referencia 2013 (miles de millones de pesos encadenados)",02,Pesca,f035_positional
F035.PIB.FLU.R.CLP.2013.03.Z.Z.13.0.A,Minería,13,Metropolitana de Santiago,A,Cuentas Nacionales,"PIB por actividad económica, Región Metropolitana de Santiago, volumen a precios del año anterior encadenado, series empalmadas, referencia 2013 (miles de millones de pesos encadenados)",03,Minería,f035_positional
F035.PIB.FLU.R.CLP.2013.04.Z.Z.13.0.A,Industria manufacturera,13,Metropolitana de Santiago,A,Cuentas Nacionales,"PIB por actividad económica, Región Metropolitana de Santiago, volumen a precios del año anterior encadenado, series empalmadas, referencia 2013 (miles de millones de pesos encadenados)",04,Industria,f035_positional
F035.PIB.FLU.R.CLP.2013.05.Z.Z.13.0.A,"Electricidad, gas, agua y gestión de desechos",13,Metropolitana de Santiago,A,Cuentas Nacionales,"PIB por actividad económica, Región Metropolitana de Santiago, volumen a precios del año anterior encadenado, series empalmadas, referencia 2013 (miles de millones de pesos encadenados)",05,"Electricidad, gas, agua y gestión de desechos",f035_positional
F035.PIB.FLU.R.CLP.2013.06.Z.Z.13.0.A,Construcción,13,Metropolitana de Santiago,A,Cuentas Nacionales,"PIB por actividad económica, Región Metropolitana de Santiago, volumen a precios del año anterior encadenado, series empalmadas, referencia 2013 (miles de millones de pesos encadenados)",06,Construcción,f035_positional
F035.PIB.FLU.R.CLP.2013.07.Z.Z.13.0.A,"Comercio, restaurantes y hoteles",13,Metropolitana de Santiago,A,Cuentas Nacionales,"PIB por actividad económica, Región Metropolitana de Santiago, volumen a precios del año anterior encadenado, series empalmadas, referencia 2013 (miles de millones de pesos encadenados)",07,"Comercio, restaurantes y hoteles",f035_positional
F035.PIB.FLU.R.CLP.2013.08.Z.Z.13.0.A,"Transporte, información y comunicaciones",13,Metropolitana de Santiago,A,Cuentas Nacionales,"PIB por actividad económica, Región Metropolitana de Santiago, volumen a precios del año anterior encadenado, series empalmadas, referencia 2013 (miles de millones de pesos encadenados)",08,"Transporte, información y comunicaciones",f035_positional
F035.PIB.FLU.R.CLP.2013.09.21.Z.13.0.A,Servicios financieros y empresariales,13,Metropolitana de Santiago,A,Cuentas Nacionales,"PIB por actividad económica, Región Metropolitana de Santiago, volumen a precios del año anterior encadenado, series empalmadas, referencia 2013 (miles de millones de pesos encadenados)",09,Servicios financieros y empresariales,f035_positional
F035.PIB.FLU.R.CLP.2013.10.Z.Z.13.0.A,Servicios de vivienda e inmobiliarios,13,Metropolitana de Santiago,A,Cuentas Nacionales,"PIB por actividad económica, Región Metropolitana de Santiago, volumen a precios del año anterior encadenado, series empalmadas, referencia 2013 (miles de millones de pesos encadenados)",10,Servicios de vivienda e inmobiliarios,f035_positional
F035.PIB.FLU.R.CLP.2013.11.Z.Z.13.0.A,Servicios personales,13,Metropolitana de Santiago,A,Cuentas Nacionales,"PIB por actividad económica, Región Metropolitana de Santiago, volumen a precios del año anterior encadenado, series empalmadas, referencia 2013 (miles de millones de pesos encadenados)",11,Servicios personales,f035_positional
F035.PIB.FLU.R.CLP.2013.12.Z.Z.13.0.A,Administración pública,13,Metropolitana de Santiago,A,Cuentas Nacionales,"PIB por actividad económica, Región Metropolitana de Santiago, volumen a precios del año anterior encadenado, series empalmadas, referencia 2013 (miles de millones de pesos encadenados)",12,Administración pública,f035_positional
F035.PIB.FLU.R.CLP.2013.Z.Z.Z.13.0.A,Región Metropolitana de Santiago,13,Metropolitana de Santiago,A,Cuentas Nacionales,"Producto interno bruto por región, volumen a precios del año anterior encadenado, series empalmadas, referencia 2013 (miles de millones de pesos encadenados)",,,f035_positional
F035.PIB.FLU.R.CLP.2018.01.Z.Z.13.0.A,Agropecuario-silvícola,13,Metropolitana de Santiago,A,Cuentas Nacionales,"PIB por actividad económica, Región Metropolitana de Santiago, volumen a precios del año anterior encadenado, series empalmadas, referencia 2018 (miles de millones de pesos encadenados)",01,Agropecuario-silvícola,f035_positional
F035.PIB.FLU.R.CLP.2018.02.04.Z.13.0.A,Pesca,13,Metropolitana de Santiago,A,Cuentas Nacionales,"PIB por actividad económica, Región Metropolitana de Santiago, volumen a precios del año anterior encadenado, series empalmadas, referencia 2018 (miles de millones de pesos encadenados)",02,Pesca,f035_positional
F035.PIB.FLU.R.CLP.2018.03.Z.Z.13.0.A,Minería,13,Metropolitana de Santiago,A,Cuentas Nacionales,"PIB por actividad económica, Región Metropolitana de Santiago, volumen a precios del año anterior encadenado, series empalmadas, referencia 2018 (miles de millones de pesos encadenados)",03,Minería,f035_positional
F035.PIB.FLU.R.CLP.2018.04.Z.Z.13.0.A,Industria manufacturera,13,Metropolitana de Santiago,A,Cuentas Nacionales,"PIB por actividad económica, Región Metropolitana de Santiago, volumen a precios del año anterior encadenado, series empalmadas, referencia 2018 (miles de millones de pesos encadenados)",04,Industria,f035_positional
F035.PIB.FLU.R.CLP.2018.05.Z.Z.13.0.A,"Electricidad, gas, agua y gestión de desechos",13,Metropolitana de Santiago,A,Cuentas Nacionales,"PIB por actividad económica, Región Metropolitana de Santiago, volumen a precios del año anterior encadenado, series empalmadas, referencia 2018 (miles de millones de pesos encadenados)",05,"Electricidad, gas, agua y gestión de desechos",f035_positional
F035.PIB.FLU.R.CLP.2018.06.Z.Z.13.0.A,Construcción,13,Metropolitana de Santiago,A,Cuentas Nacionales,"PIB por actividad económica, Región Metropolitana de Santiago, volumen a precios del año anterior encadenado, series empalmadas, referencia 2018 (miles de millones de pesos encadenados)",06,Construcción,f035_positional
F035.PIB.FLU.R.CLP.2018.08.Z.Z.13.0.A,"Transporte, información y comunicaciones",13,Metropolitana de Santiago,A,Cuentas Nacionales,"PIB por actividad económica, Región Metropolitana de Santiago, volumen a precios del año anterior encadenado, series empalmadas, referencia 2018 (miles de millones de pesos encadenados)",08,"Transporte, información y comunicaciones",f035_positional
F035.PIB.FLU.R.CLP.2018.09.21.Z.13.0.A,Servicios financieros y empresariales,13,Metropolitana de Santiago,A,Cuentas Nacionales,"PIB por actividad económica, Región Metropolitana de Santiago, volumen a precios del año anterior encadenado, series empalmadas, referencia 2018 (miles de millones de pesos encadenados)",09,Servicios financieros y empresariales,f035_positional
F035.PIB.FLU.R.CLP.2018.10.Z.Z.13.0.A,Servicios de vivienda e inmobiliarios,13,Metropolitana de Santiago,A,Cuentas Nacionales,"PIB por actividad económica, Región Metropolitana de Santiago, volumen a precios del año anterior encadenado, series empalmadas, referencia 2018 (miles de millones de pesos encadenados)",10,Servicios de vivienda e inmobiliarios,f035_positional
F035.PIB.FLU.R.CLP.2018.11.Z.Z.13.0.A,Servicios personales,13,Metropolitana de Santiago,A,Cuentas Nacionales,"PIB por actividad económica, Región Metropolitana de Santiago, volumen a precios del año anterior encadenado, series empalmadas, referencia 2018 (miles de millones de pesos encadenados)",11,Servicios personales,f035_positional
F035.PIB.FLU.R.CLP.2018.12.Z.Z.13.0.A,Administración pública,13,Metropolitana de Santiago,A,Cuentas Nacionales,"PIB por actividad económica, Región Metropolitana de Santiago, volumen a precios del año anterior encadenado, series empalmadas, referencia 2018 (miles de millones de pesos encadenados)",12,Administración pública,f035_positional
F035.PIB.FLU.R.CLP.2018.COM.Z.Z.13.0.A,Comercio,13,Metropolitana de Santiago,A,Cuentas Nacionales,"PIB por actividad económica, Región Metropolitana de Santiago, volumen a precios del año anterior encadenado, series empalmadas, referencia 2018 (miles de millones de pesos encadenados)",COM,Comercio,f035_positional
F035.PIB.FLU.R.CLP.2018.RH.Z.Z.13.0.A,Restaurantes y hoteles,13,Metropolitana de Santiago,A,Cuentas Nacionales,"PIB por actividad económica, Región Metropolitana de Santiago, volumen a precios del año anterior encadenado, series empalmadas, referencia 2018 (miles de millones de pesos encadenados)",RH,Restaurantes y hoteles,f035_positional
F035.PIB.FLU.R.CLP.2018.Z.Z.Z.13.0.A,Producto interno bruto,13,Metropolitana de Santiago,A,Cuentas Nacionales,"PIB por actividad económica, Región Metropolitana de Santiago, volumen a precios del año anterior encadenado, series empalmadas, referencia 2018 (miles de millones de pesos encadenados)",,,f035_positional
F035.PIB.V12.R.CLP.2008.Z.Z.Z.13.0.A,RMS Región Metropolitana de Santiago,13,Metropolitana de Santiago,A,Cuentas Nacionales,"Producto interno bruto por región, contribución porcentual respecto de igual periodo del año anterior, referencia 2008 .",,,f035_positional
F035.PIB.V12.R.CLP.2013.Z.Z.Z.13.0.A,Región Metropolitana de Santiago,13,Metropolitana de Santiago,A,Cuentas Nacionales,"Producto interno bruto por región, contribución porcentual respecto de igual periodo del año anterior, series empalmadas, referencia 2013 .",,,f035_positional
F035.PIB.V12.R.CLP.2018.01.Z.Z.13.0.A,Agropecuario-silvícola,13,Metropolitana de Santiago,A,Cuentas Nacionales,"PIB por actividad económica, Región Metropolitana de Santiago, contribución porcentual respecto de igual periodo del año anterior, series empalmadas, referencia 2018",01,Agropecuario-silvícola,f035_positional
F035.PIB.V12.R.CLP.2018.02.04.Z.13.0.A,Pesca,13,Metropolitana de Santiago,A,Cuentas Nacionales,"PIB por actividad económica, Región Metropolitana de Santiago, contribución porcentual respecto de igual periodo del año anterior, series empalmadas, referencia 2018",02,Pesca,f035_positional
F035.PIB.V12.R.CLP.2018.03.Z.Z.13.0.A,Minería,13,Metropolitana de Santiago,A,Cuentas Nacionales,"PIB por actividad económica, Región Metropolitana de Santiago, contribución porcentual respecto de igual periodo del año anterior, series empalmadas, referencia 2018",03,Minería,f035_positional
F035.PIB.V12.R.CLP.2018.04.Z.Z.13.0.A,Industria manufacturera,13,Metropolitana de Santiago,A,Cuentas Nacionales,"PIB por actividad económica, Región Metropolitana de Santiago, contribución porcentual respecto de igual periodo del año anterior, series empalmadas, referencia 2018",04,Industria,f035_positional
F035.PIB.V12.R.CLP.2018.05.Z.Z.13.0.A,"Electricidad, gas, agua y gestión de desechos",13,Metropolitana de Santiago,A,Cuentas Nacionales,"PIB por actividad económica, Región Metropolitana de Santiago, contribución porcentual respecto de igual periodo del año anterior, series empalmadas, referencia 2018",05,"Electricidad, gas, agua y gestión de desechos",f035_positional
F035.PIB.V12.R.CLP.2018.06.Z.Z.13.0.A,Construcción,13,Metropolitana de Santiago,A,Cuentas Nacionales,"PIB por actividad económica, Región Metropolitana de Santiago, contribución porcentual respecto de igual periodo del año anterior, series empalmadas, referencia 2018",06,Construcción,f035_positional
F035.PIB.V12.R.CLP.2018.08.Z.Z.13.0.A,"Transporte, información y comunicaciones",13,Metropolitana de Santiago,A,Cuentas Nacionales,"PIB por actividad económica, Región Metropolitana de Santiago, contribución porcentual respecto de igual periodo del año anterior, series empalmadas, referencia 2018",08,"Transporte, información y comunicaciones",f035_positional
F035.PIB.V12.R.CLP.2018.09.21.Z.13.0.A,Servicios financieros y empresariales,13,Metropolitana de Santiago,A,Cuentas Nacionales,"PIB por actividad económica, Región Metropolitana de Santiago, contribución porcentual respecto de igual periodo del año anterior, series empalmadas, referencia 2018",09,Servicios financieros y empresariales,f035_positional
F035.PIB.V12.R.CLP.2018.10.Z.Z.13.0.A,Servicios de vivienda e inmobiliarios,13,Metropolitana de Santiago,A,Cuentas Nacionales,"PIB por actividad económica, Región Metropolitana de Santiago, contribución porcentual respecto de igual periodo del año anterior, series empalmadas, referencia 2018",10,Servicios de vivienda e inmobiliarios,f035_positional
F035.PIB.V12.R.CLP.2018.11.Z.Z.13.0.A,Servicios personales,13,Metropolitana de Santiago,A,Cuentas Nacionales,"PIB por actividad económica, Región Metropolitana de Santiago, contribución porcentual respecto de igual periodo del año anterior, series empalmadas, referencia 2018",11,Servicios personales,f035_positional
F035.PIB.V12.R.CLP.2018.12.Z.Z.13.0.A,Administración pública,13,Metropolitana de Santiago,A,Cuentas Nacionales,"PIB por actividad económica, Región Metropolitana de Santiago, contribución porcentual respecto de igual periodo del año anterior, series empalmadas, referencia 2018",12,Administración pública,f035_positional
F035.PIB.V12.R.CLP.2018.COM.Z.Z.13.0.A,Comercio,13,Metropolitana de Santiago,A,Cuentas Nacionales,"PIB por actividad económica, Región Metropolitana de Santiago, contribución porcentual respecto de igual periodo del año anterior, series empalmadas, referencia 2018",COM,Comercio,f035_positional
F035.PIB.V12.R.CLP.2018.CONT.Z.Z.13.0.A,Producto Interno Bruto,13,Metropolitana de Santiago,A,Cuentas Nacionales,"PIB por actividad económica, Región Metropolitana de Santiago, contribución porcentual respecto de igual periodo del año anterior, series empalmadas, referencia 2018",CONT,PIB (contribución),f035_positional
F035.PIB.V12.R.CLP.2018.RH.Z.Z.13.0.A,Restaurantes y hoteles,13,Metropolitana de Santiago,A,Cuentas Nacionales,"PIB por actividad económica, Región Metropolitana de Santiago, contribución porcentual respecto de igual periodo del año anterior, series empalmadas, referencia 2018",RH,Restaurantes y hoteles,f035_positional
F035.PIB.V12.R.CLP.2018.Z.Z.Z.13.0.A,Región Metropolitana de Santiago,13,Metropolitana de Santiago,A,Cuentas Nacionales,"Producto interno bruto por región, contribución porcentual respecto de igual periodo del año anterior, series empalmadas, referencia 2018",,,f035_positional
F035.PIB.FLU.N.CLP.2008.01.Z.Z.14.0.A,Agropecuario-silvícola,14,Los Ríos,A,Cuentas Nacionales,"PIB por actividad económica,XIV Región  de los Ríos, precios corrientes, referencia 2008 (millones de pesos)",01,Agropecuario-silvícola,f035_positional
F035.PIB.FLU.N.CLP.2008.02.04.Z.14.0.A,Pesca,14,Los Ríos,A,Cuentas Nacionales,"PIB por actividad económica,XIV Región  de los Ríos, precios corrientes, referencia 2008 (millones de pesos)",02,Pesca,f035_positional
F035.PIB.FLU.N.CLP.2008.03.Z.Z.14.0.A,Minería,14,Los Ríos,A,Cuentas Nacionales,"PIB por actividad económica,XIV Región  de los Ríos, precios corrientes, referencia 2008 (millones de pesos)",03,Minería,f035_positional
F035.PIB.FLU.N.CLP.2008.04.Z.Z.14.0.A,Industria manufacturera,14,Los Ríos,A,Cuentas Nacionales,"PIB por actividad económica,XIV Región  de los Ríos, precios corrientes, referencia 2008 (millones de pesos)",04,Industria,f035_positional
F035.PIB.FLU.N.CLP.2008.05.Z.Z.14.0.A,"Electricidad, gas, agua y gestión de desechos",14,Los Ríos,A,Cuentas Nacionales,"PIB por actividad económica,XIV Región  de los Ríos, precios corrientes, referencia 2008 (millones de pesos)",05,"Electricidad, gas, agua y gestión de desechos",f035_positional
F035.PIB.FLU.N.CLP.2008.06.Z.Z.14.0.A,Construcción,14,Los Ríos,A,Cuentas Nacionales,"PIB por actividad económica,XIV Región  de los Ríos, precios corrientes, referencia 2008 (millones de pesos)",06,Construcción,f035_positional
F035.PIB.FLU.N.CLP.2008.07.Z.Z.14.0.A,"Comercio, restaurantes y hoteles",14,Los Ríos,A,Cuentas Nacionales,"PIB por actividad económica,XIV Región  de los Ríos, precios corrientes, referencia 2008 (millones de pesos)",07,"Comercio, restaurantes y hoteles",f035_positional
F035.PIB.FLU.N.CLP.2008.08.Z.Z.14.0.A,"Transportes, informacion y comunicaciones",14,Los Ríos,A,Cuentas Nacionales,"PIB por actividad económica,XIV Región  de los Ríos, precios corrientes, referencia 2008 (millones de pesos)",08,"Transporte, información y comunicaciones",f035_positional
F035.PIB.FLU.N.CLP.2008.09.21.Z.14.0.A,Servicios financieros y empresariales,14,Los Ríos,A,Cuentas Nacionales,"PIB por actividad económica,XIV Región  de los Ríos, precios corrientes, referencia 2008 (millones de pesos)",09,Servicios financieros y empresariales,f035_positional
F035.PIB.FLU.N.CLP.2008.10.Z.Z.14.0.A,Servicios de vivienda e inmobiliarios,14,Los Ríos,A,Cuentas Nacionales,"PIB por actividad económica,XIV Región  de los Ríos, precios corrientes, referencia 2008 (millones de pesos)",10,Servicios de vivienda e inmobiliarios,f035_positional
F035.PIB.FLU.N.CLP.2008.11.Z.Z.14.0.A,Servicios personales,14,Los Ríos,A,Cuentas Nacionales,"PIB por actividad económica,XIV Región  de los Ríos, precios corrientes, referencia 2008 (millones de pesos)",11,Servicios personales,f035_positional
F035.PIB.FLU.N.CLP.2008.12.Z.Z.14.0.A,Administración pública,14,Los Ríos,A,Cuentas Nacionales,"PIB por actividad económica,XIV Región  de los Ríos, precios corrientes, referencia 2008 (millones de pesos)",12,Administración pública,f035_positional
F035.PIB.FLU.N.CLP.2008.Z.Z.Z.14.0.A,XIV De Los Ríos,14,Los Ríos,A,Cuentas Nacionales,"Producto interno bruto por región, precios corrientes, referencia 2008 (millones de pesos)",,,f035_positional
F035.PIB.FLU.N.CLP.2013.01.Z.Z.14.0.A,Agropecuario-silvícola,14,Los Ríos,A,Cuentas Nacionales,"PIB por actividad económica, Región de Los Ríos, precios corrientes, series empalmadas, referencia 2013 (miles de millones de pesos)",01,Agropecuario-silvícola,f035_positional
F035.PIB.FLU.N.CLP.2013.02.04.Z.14.0.A,Pesca,14,Los Ríos,A,Cuentas Nacionales,"PIB por actividad económica, Región de Los Ríos, precios corrientes, series empalmadas, referencia 2013 (miles de millones de pesos)",02,Pesca,f035_positional
F035.PIB.FLU.N.CLP.2013.03.Z.Z.14.0.A,Minería,14,Los Ríos,A,Cuentas Nacionales,"PIB por actividad económica, Región de Los Ríos, precios corrientes, series empalmadas, referencia 2013 (miles de millones de pesos)",03,Minería,f035_positional
F035.PIB.FLU.N.CLP.2013.04.Z.Z.14.0.A,Industria manufacturera,14,Los Ríos,A,Cuentas Nacionales,"PIB por actividad económica, Región de Los Ríos, precios corrientes, series empalmadas, referencia 2013 (miles de millones de pesos)",04,Industria,f035_positional
F035.PIB.FLU.N.CLP.2013.05.Z.Z.14.0.A,"Electricidad, gas, agua y gestión de desechos",14,Los Ríos,A,Cuentas Nacionales,"PIB por actividad económica, Región de Los Ríos, precios corrientes, series empalmadas, referencia 2013 (miles de millones de pesos)",05,"Electricidad, gas, agua y gestión de desechos",f035_positional
F035.PIB.FLU.N.CLP.2013.06.Z.Z.14.0.A,Construcción,14,Los Ríos,A,Cuentas Nacionales,"PIB por actividad económica, Región de Los Ríos, precios corrientes, series empalmadas, referencia 2013 (miles de millones de pesos)",06,Construcción,f035_positional
F035.PIB.FLU.N.CLP.2013.07.Z.Z.14.0.A,"Comercio, restaurantes y hoteles",14,Los Ríos,A,Cuentas Nacionales,"PIB por actividad económica, Región de Los Ríos, precios corrientes, series empalmadas, referencia 2013 (miles de millones de pesos)",07,"Comercio, restaurantes y hoteles",f035_positional
F035.PIB.FLU.N.CLP.2013.08.Z.Z.14.0.A,"Transporte, información y comunicaciones",14,Los Ríos,A,Cuentas Nacionales,"PIB por actividad económica, Región de Los Ríos, precios corrientes, series empalmadas, referencia 2013 (miles de millones de pesos)",08,"Transporte, información y comunicaciones",f035_positional
F035.PIB.FLU.N.CLP.2013.09.21.Z.14.0.A,Servicios financieros y empresariales,14,Los Ríos,A,Cuentas Nacionales,"PIB por actividad económica, Región de Los Ríos, precios corrientes, series empalmadas, referencia 2013 (miles de millones de pesos)",09,Servicios financieros y empresariales,f035_positional
F035.PIB.FLU.N.CLP.2013.10.Z.Z.14.0.A,Servicios de vivienda e inmobiliarios,14,Los Ríos,A,Cuentas Nacionales,"PIB por actividad económica, Región de Los Ríos, precios corrientes, series empalmadas, referencia 2013 (miles de millones de pesos)",10,Servicios de vivienda e inmobiliarios,f035_positional
F035.PIB.FLU.N.CLP.2013.11.Z.Z.14.0.A,Servicios personales,14,Los Ríos,A,Cuentas Nacionales,"PIB por actividad económica, Región de Los Ríos, precios corrientes, series empalmadas, referencia 2013 (miles de millones de pesos)",11,Servicios personales,f035_positional
F035.PIB.FLU.N.CLP.2013.12.Z.Z.14.0.A,Administración pública,14,Los Ríos,A,Cuentas Nacionales,"PIB por actividad económica, Región de Los Ríos, precios corrientes, series empalmadas, referencia 2013 (miles de millones de pesos)",12,Administración pública,f035_positional
F035.PIB.FLU.N.CLP.2013.Z.Z.Z.14.0.A,Región de Los Ríos,14,Los Ríos,A,Cuentas Nacionales,"Producto interno bruto por región, precios corrientes, series empalmadas, referencia 2013 (miles de millones de pesos)",,,f035_positional
F035.PIB.FLU.N.CLP.2018.01.Z.Z.14.0.A,Agropecuario-silvícola,14,Los Ríos,A,Cuentas Nacionales,"PIB por actividad económica, Región de Los Ríos, precios corrientes, series empalmadas, referencia 2018 (miles de millones de pesos)",01,Agropecuario-silvícola,f035_positional
F035.PIB.FLU.N.CLP.2018.02.04.Z.14.0.A,Pesca,14,Los Ríos,A,Cuentas Nacionales,"PIB por actividad económica, Región de Los Ríos, precios corrientes, series empalmadas, referencia 2018 (miles de millones de pesos)",02,Pesca,f035_positional
F035.PIB.FLU.N.CLP.2018.03.Z.Z.14.0.A,Minería,14,Los Ríos,A,Cuentas Nacionales,"PIB por actividad económica, Región de Los Ríos, precios corrientes, series empalmadas, referencia 2018 (miles de millones de pesos)",03,Minería,f035_positional
F035.PIB.FLU.N.CLP.2018.04.Z.Z.14.0.A,Industria manufacturera,14,Los Ríos,A,Cuentas Nacionales,"PIB por actividad económica, Región de Los Ríos, precios corrientes, series empalmadas, referencia 2018 (miles de millones de pesos)",04,Industria,f035_positional
F035.PIB.FLU.N.CLP.2018.05.Z.Z.14.0.A,"Electricidad, gas, agua y gestión de desechos",14,Los Ríos,A,Cuentas Nacionales,"PIB por actividad económica, Región de Los Ríos, precios corrientes, series empalmadas, referencia 2018 (miles de millones de pesos)",05,"Electricidad, gas, agua y gestión de desechos",f035_positional
F035.PIB.FLU.N.CLP.2018.06.Z.Z.14.0.A,Construcción,14,Los Ríos,A,Cuentas Nacionales,"PIB por actividad económica, Región de Los Ríos, precios corrientes, series empalmadas, referencia 2018 (miles de millones de pesos)",06,Construcción,f035_positional
F035.PIB.FLU.N.CLP.2018.08.Z.Z.14.0.A,"Transporte, información y comunicaciones",14,Los Ríos,A,Cuentas Nacionales,"PIB por actividad económica, Región de Los Ríos, precios corrientes, series empalmadas, referencia 2018 (miles de millones de pesos)",08,"Transporte, información y comunicaciones",f035_positional
F035.PIB.FLU.N.CLP.2018.09.21.Z.14.0.A,Servicios financieros y empresariales,14,Los Ríos,A,Cuentas Nacionales,"PIB por actividad económica, Región de Los Ríos, precios corrientes, series empalmadas, referencia 2018 (miles de millones de pesos)",09,Servicios financieros y empresariales,f035_positional
F035.PIB.FLU.N.CLP.2018.10.Z.Z.14.0.A,Servicios de vivienda e inmobiliarios,14,Los Ríos,A,Cuentas Nacionales,"PIB por actividad económica, Región de Los Ríos, precios corrientes, series empalmadas, referencia 2018 (miles de millones de pesos)",10,Servicios de vivienda e inmobiliarios,f035_positional
F035.PIB.FLU.N.CLP.2018.11.Z.Z.14.0.A,Servicios personales,14,Los Ríos,A,Cuentas Nacionales,"PIB por actividad económica, Región de Los Ríos, precios corrientes, series empalmadas, referencia 2018 (miles de millones de pesos)",11,Servicios personales,f035_positional
F035.PIB.FLU.N.CLP.2018.12.Z.Z.14.0.A,Administración pública,14,Los Ríos,A,Cuentas Nacionales,"PIB por actividad económica, Región de Los Ríos, precios corrientes, series empalmadas, referencia 2018 (miles de millones de pesos)",12,Administración pública,f035_positional
F035.PIB.FLU.N.CLP.2018.COM.Z.Z.14.0.A,Comercio,14,Los Ríos,A,Cuentas Nacionales,"PIB por actividad económica, Región de Los Ríos, precios corrientes, series empalmadas, referencia 2018 (miles de millones de pesos)",COM,Comercio,f035_positional
F035.PIB.FLU.N.CLP.2018.RH.Z.Z.14.0.A,Restaurantes y hoteles,14,Los Ríos,A,Cuentas Nacionales,"PIB por actividad económica, Región de Los Ríos, precios corrientes, series empalmadas, referencia 2018 (miles de millones de pesos)",RH,Restaurantes y hoteles,f035_positional
F035.PIB.FLU.N.CLP.2018.Z.Z.Z.14.0.A,Región de Los Ríos,14,Los Ríos,A,Cuentas Nacionales,"Producto interno bruto por región, precios corrientes, series empalmadas, referencia 2018 (miles de millones de pesos)",,,f035_positional
F035.PIB.FLU.R.CLP.2008.01.Z.Z.14.0.A,Agropecuario-silvícola,14,Los Ríos,A,Cuentas Nacionales,"PIB por actividad económica, XIV Región  de los Ríos, volumen a precios del año anterior encadenado, referencia 2008 (millones de pesos encadenados)",01,Agropecuario-silvícola,f035_positional
F035.PIB.FLU.R.CLP.2008.02.04.Z.14.0.A,Pesca,14,Los Ríos,A,Cuentas Nacionales,"PIB por actividad económica, XIV Región  de los Ríos, volumen a precios del año anterior encadenado, referencia 2008 (millones de pesos encadenados)",02,Pesca,f035_positional
F035.PIB.FLU.R.CLP.2008.03.Z.Z.14.0.A,Minería,14,Los Ríos,A,Cuentas Nacionales,"PIB por actividad económica, XIV Región  de los Ríos, volumen a precios del año anterior encadenado, referencia 2008 (millones de pesos encadenados)",03,Minería,f035_positional
F035.PIB.FLU.R.CLP.2008.04.Z.Z.14.0.A,Industria manufacturera,14,Los Ríos,A,Cuentas Nacionales,"PIB por actividad económica, XIV Región  de los Ríos, volumen a precios del año anterior encadenado, referencia 2008 (millones de pesos encadenados)",04,Industria,f035_positional
F035.PIB.FLU.R.CLP.2008.05.Z.Z.14.0.A,"Electricidad, gas y agua",14,Los Ríos,A,Cuentas Nacionales,"PIB por actividad económica, XIV Región  de los Ríos, volumen a precios del año anterior encadenado, referencia 2008 (millones de pesos encadenados)",05,"Electricidad, gas, agua y gestión de desechos",f035_positional
F035.PIB.FLU.R.CLP.2008.06.Z.Z.14.0.A,Construcción,14,Los Ríos,A,Cuentas Nacionales,"PIB por actividad económica, XIV Región  de los Ríos, volumen a precios del año anterior encadenado, referencia 2008 (millones de pesos encadenados)",06,Construcción,f035_positional
F035.PIB.FLU.R.CLP.2008.07.Z.Z.14.0.A,"Comercio, restaurantes y hoteles",14,Los Ríos,A,Cuentas Nacionales,"PIB por actividad económica, XIV Región  de los Ríos, volumen a precios del año anterior encadenado, referencia 2008 (millones de pesos encadenados)",07,"Comercio, restaurantes y hoteles",f035_positional
F035.PIB.FLU.R.CLP.2008.08.Z.Z.14.0.A,Transportes y comunicaciones,14,Los Ríos,A,Cuentas Nacionales,"PIB por actividad económica, XIV Región  de los Ríos, volumen a precios del año anterior encadenado, referencia 2008 (millones de pesos encadenados)",08,"Transporte, información y comunicaciones",f035_positional
F035.PIB.FLU.R.CLP.2008.09.21.Z.14.0.A,Servicios financieros y empresariales,14,Los Ríos,A,Cuentas Nacionales,"PIB por actividad económica, XIV Región  de los Ríos, volumen a precios del año anterior encadenado, referencia 2008 (millones de pesos encadenados)",09,Servicios financieros y empresariales,f035_positional
F035.PIB.FLU.R.CLP.2008.10.Z.Z.14.0.A,Propiedad de vivienda,14,Los Ríos,A,Cuentas Nacionales,"PIB por actividad económica, XIV Región  de los Ríos, volumen a precios del año anterior encadenado, referencia 2008 (millones de pesos encadenados)",10,Servicios de vivienda e inmobiliarios,f035_positional
F035.PIB.FLU.R.CLP.2008.11.Z.Z.14.0.A,Servicios personales,14,Los Ríos,A,Cuentas Nacionales,"PIB por actividad económica, XIV Región  de los Ríos, volumen a precios del año anterior encadenado, referencia 2008 (millones de pesos encadenados)",11,Servicios personales,f035_positional
F035.PIB.FLU.R.CLP.2008.12.Z.Z.14.0.A,Administración pública,14,Los Ríos,A,Cuentas Nacionales,"PIB por actividad económica, XIV Región  de los Ríos, volumen a precios del año anterior encadenado, referencia 2008 (millones de pesos encadenados)",12,Administración pública,f035_positional
F035.PIB.FLU.R.CLP.2008.Z.Z.Z.14.0.A,XIV De Los Ríos,14,Los Ríos,A,Cuentas Nacionales,"Producto interno bruto por región, volumen a precios del año anterior encadenado, referencia 2008 (millones de pesos encadenados)",,,f035_positional
F035.PIB.FLU.R.CLP.2013.01.Z.Z.14.0.A,Agropecuario-silvícola,14,Los Ríos,A,Cuentas Nacionales,"PIB por actividad económica, Región de Los Ríos, volumen a precios del año anterior encadenado, series empalmadas, referencia 2013 (miles de millones de pesos encadenados)",01,Agropecuario-silvícola,f035_positional
F035.PIB.FLU.R.CLP.2013.02.04.Z.14.0.A,Pesca,14,Los Ríos,A,Cuentas Nacionales,"PIB por actividad económica, Región de Los Ríos, volumen a precios del año anterior encadenado, series empalmadas, referencia 2013 (miles de millones de pesos encadenados)",02,Pesca,f035_positional
F035.PIB.FLU.R.CLP.2013.03.Z.Z.14.0.A,Minería,14,Los Ríos,A,Cuentas Nacionales,"PIB por actividad económica, Región de Los Ríos, volumen a precios del año anterior encadenado, series empalmadas, referencia 2013 (miles de millones de pesos encadenados)",03,Minería,f035_positional
F035.PIB.FLU.R.CLP.2013.04.Z.Z.14.0.A,Industria manufacturera,14,Los Ríos,A,Cuentas Nacionales,"PIB por actividad económica, Región de Los Ríos, volumen a precios del año anterior encadenado, series empalmadas, referencia 2013 (miles de millones de pesos encadenados)",04,Industria,f035_positional
F035.PIB.FLU.R.CLP.2013.05.Z.Z.14.0.A,"Electricidad, gas, agua y gestión de desechos",14,Los Ríos,A,Cuentas Nacionales,"PIB por actividad económica, Región de Los Ríos, volumen a precios del año anterior encadenado, series empalmadas, referencia 2013 (miles de millones de pesos encadenados)",05,"Electricidad, gas, agua y gestión de desechos",f035_positional
F035.PIB.FLU.R.CLP.2013.06.Z.Z.14.0.A,Construcción,14,Los Ríos,A,Cuentas Nacionales,"PIB por actividad económica, Región de Los Ríos, volumen a precios del año anterior encadenado, series empalmadas, referencia 2013 (miles de millones de pesos encadenados)",06,Construcción,f035_positional
F035.PIB.FLU.R.CLP.2013.07.Z.Z.14.0.A,"Comercio, restaurantes y hoteles",14,Los Ríos,A,Cuentas Nacionales,"PIB por actividad económica, Región de Los Ríos, volumen a precios del año anterior encadenado, series empalmadas, referencia 2013 (miles de millones de pesos encadenados)",07,"Comercio, restaurantes y hoteles",f035_positional
F035.PIB.FLU.R.CLP.2013.08.Z.Z.14.0.A,"Transporte, información y comunicaciones",14,Los Ríos,A,Cuentas Nacionales,"PIB por actividad económica, Región de Los Ríos, volumen a precios del año anterior encadenado, series empalmadas, referencia 2013 (miles de millones de pesos encadenados)",08,"Transporte, información y comunicaciones",f035_positional
F035.PIB.FLU.R.CLP.2013.09.21.Z.14.0.A,Servicios financieros y empresariales,14,Los Ríos,A,Cuentas Nacionales,"PIB por actividad económica, Región de Los Ríos, volumen a precios del año anterior encadenado, series empalmadas, referencia 2013 (miles de millones de pesos encadenados)",09,Servicios financieros y empresariales,f035_positional
F035.PIB.FLU.R.CLP.2013.10.Z.Z.14.0.A,Servicios de vivienda e inmobiliarios,14,Los Ríos,A,Cuentas Nacionales,"PIB por actividad económica, Región de Los Ríos, volumen a precios del año anterior encadenado, series empalmadas, referencia 2013 (miles de millones de pesos encadenados)",10,Servicios de vivienda e inmobiliarios,f035_positional
F035.PIB.FLU.R.CLP.2013.11.Z.Z.14.0.A,Servicios personales,14,Los Ríos,A,Cuentas Nacionales,"PIB por actividad económica, Región de Los Ríos, volumen a precios del año anterior encadenado, series empalmadas, referencia 2013 (miles de millones de pesos encadenados)",11,Servicios personales,f035_positional
F035.PIB.FLU.R.CLP.2013.12.Z.Z.14.0.A,Administración pública,14,Los Ríos,A,Cuentas Nacionales,"PIB por actividad económica, Región de Los Ríos, volumen a precios del año anterior encadenado, series empalmadas, referencia 2013 (miles de millones de pesos encadenados)",12,Administración pública,f035_positional
F035.PIB.FLU.R.CLP.2013.Z.Z.Z.14.0.A,Región de Los Ríos,14,Los Ríos,A,Cuentas Nacionales,"Producto interno bruto por región, volumen a precios del año anterior encadenado, series empalmadas, referencia 2013 (miles de millones de pesos encadenados)",,,f035_positional
F035.PIB.FLU.R.CLP.2018.01.Z.Z.14.0.A,Agropecuario-silvícola,14,Los Ríos,A,Cuentas Nacionales,"PIB por actividad económica, Región de Los Ríos, volumen a precios del año anterior encadenado, series empalmadas, referencia 2018 (miles de millones de pesos encadenados)",01,Agropecuario-silvícola,f035_positional
F035.PIB.FLU.R.CLP.2018.02.04.Z.14.0.A,Pesca,14,Los Ríos,A,Cuentas Nacionales,"PIB por actividad económica, Región de Los Ríos, volumen a precios del año anterior encadenado, series empalmadas, referencia 2018 (miles de millones de pesos encadenados)",02,Pesca,f035_positional
F035.PIB.FLU.R.CLP.2018.03.Z.Z.14.0.A,Minería,14,Los Ríos,A,Cuentas Nacionales,"PIB por actividad económica, Región de Los Ríos, volumen a precios del año anterior encadenado, series empalmadas, referencia 2018 (miles de millones de pesos encadenados)",03,Minería,f035_positional
F035.PIB.FLU.R.CLP.2018.04.Z.Z.14.0.A,Industria manufacturera,14,Los Ríos,A,Cuentas Nacionales,"PIB por actividad económica, Región de Los Ríos, volumen a precios del año anterior encadenado, series empalmadas, referencia 2018 (miles de millones de pesos encadenados)",04,Industria,f035_positional
F035.PIB.FLU.R.CLP.2018.05.Z.Z.14.0.A,"Electricidad, gas, agua y gestión de desechos",14,Los Ríos,A,Cuentas Nacionales,"PIB por actividad económica, Región de Los Ríos, volumen a precios del año anterior encadenado, series empalmadas, referencia 2018 (miles de millones de pesos encadenados)",05,"Electricidad, gas, agua y gestión de desechos",f035_positional
F035.PIB.FLU.R.CLP.2018.06.Z.Z.14.0.A,Construcción,14,Los Ríos,A,Cuentas Nacionales,"PIB por actividad económica, Región de Los Ríos, volumen a precios del año anterior encadenado, series empalmadas, referencia 2018 (miles de millones de pesos encadenados)",06,Construcción,f035_positional
F035.PIB.FLU.R.CLP.2018.08.Z.Z.14.0.A,"Transporte, información y comunicaciones",14,Los Ríos,A,Cuentas Nacionales,"PIB por actividad económica, Región de Los Ríos, volumen a precios del año anterior encadenado, series empalmadas, referencia 2018 (miles de millones de pesos encadenados)",08,"Transporte, información y comunicaciones",f035_positional
F035.PIB.FLU.R.CLP.2018.09.21.Z.14.0.A,Servicios financieros y empresariales,14,Los Ríos,A,Cuentas Nacionales,"PIB por actividad económica, Región de Los Ríos, volumen a precios del año anterior encadenado, series empalmadas, referencia 2018 (miles de millones de pesos encadenados)",09,Servicios financieros y empresariales,f035_positional
F035.PIB.FLU.R.CLP.2018.10.Z.Z.14.0.A,Servicios de vivienda e inmobiliarios,14,Los Ríos,A,Cuentas Nacionales,"PIB por actividad económica, Región de Los Ríos, volumen a precios del año anterior encadenado, series empalmadas, referencia 2018 (miles de millones de pesos encadenados)",10,Servicios de vivienda e inmobiliarios,f035_positional
F035.PIB.FLU.R.CLP.2018.11.Z.Z.14.0.A,Servicios personales,14,Los Ríos,A,Cuentas Nacionales,"PIB por actividad económica, Región de Los Ríos, volumen a precios del año anterior encadenado, series empalmadas, referencia 2018 (miles de millones de pesos encadenados)",11,Servicios personales,f035_positional
F035.PIB.FLU.R.CLP.2018.12.Z.Z.14.0.A,Administración pública,14,Los Ríos,A,Cuentas Nacionales,"PIB por actividad económica, Región de Los Ríos, volumen a precios del año anterior encadenado, series empalmadas, referencia 2018 (miles de millones de pesos encadenados)",12,Administración pública,f035_positional
F035.PIB.FLU.R.CLP.2018.COM.Z.Z.14.0.A,Comercio,14,Los Ríos,A,Cuentas Nacionales,"PIB por actividad económica, Región de Los Ríos, volumen a precios del año anterior encadenado, series empalmadas, referencia 2018 (miles de millones de pesos encadenados)",COM,Comercio,f035_positional
F035.PIB.FLU.R.CLP.2018.RH.Z.Z.14.0.A,Restaurantes y hoteles,14,Los Ríos,A,Cuentas Nacionales,"PIB por actividad económica, Región de Los Ríos, volumen a precios del año anterior encadenado, series empalmadas, referencia 2018 (miles de millones de pesos encadenados)",RH,Restaurantes y hoteles,f035_positional
F035.PIB.FLU.R.CLP.2018.Z.Z.Z.14.0.A,Producto interno bruto,14,Los Ríos,A,Cuentas Nacionales,"PIB por actividad económica, Región de Los Ríos, volumen a precios del año anterior encadenado, series empalmadas, referencia 2018 (miles de millones de pesos encadenados)",,,f035_positional
F035.PIB.V12.R.CLP.2008.Z.Z.Z.14.0.A,XIV De Los Ríos,14,Los Ríos,A,Cuentas Nacionales,"Producto interno bruto por región, contribución porcentual respecto de igual periodo del año anterior, referencia 2008 .",,,f035_positional
F035.PIB.V12.R.CLP.2013.Z.Z.Z.14.0.A,Región de Los Ríos,14,Los Ríos,A,Cuentas Nacionales,"Producto interno bruto por región, contribución porcentual respecto de igual periodo del año anterior, series empalmadas, referencia 2013 .",,,f035_positional
F035.PIB.V12.R.CLP.2018.01.Z.Z.14.0.A,Agropecuario-silvícola,14,Los Ríos,A,Cuentas Nacionales,"PIB por actividad económica, Región de Los Ríos, contribución porcentual respecto de igual periodo del año anterior, series empalmadas, referencia 2018",01,Agropecuario-silvícola,f035_positional
F035.PIB.V12.R.CLP.2018.02.04.Z.14.0.A,Pesca,14,Los Ríos,A,Cuentas Nacionales,"PIB por actividad económica, Región de Los Ríos, contribución porcentual respecto de igual periodo del año anterior, series empalmadas, referencia 2018",02,Pesca,f035_positional
F035.PIB.V12.R.CLP.2018.03.Z.Z.14.0.A,Minería,14,Los Ríos,A,Cuentas Nacionales,"PIB por actividad económica, Región de Los Ríos, contribución porcentual respecto de igual periodo del año anterior, series empalmadas, referencia 2018",03,Minería,f035_positional
F035.PIB.V12.R.CLP.2018.04.Z.Z.14.0.A,Industria manufacturera,14,Los Ríos,A,Cuentas Nacionales,"PIB por actividad económica, Región de Los Ríos, contribución porcentual respecto de igual periodo del año anterior, series empalmadas, referencia 2018",04,Industria,f035_positional
F035.PIB.V12.R.CLP.2018.05.Z.Z.14.0.A,"Electricidad, gas, agua y gestión de desechos",14,Los Ríos,A,Cuentas Nacionales,"PIB por actividad económica, Región de Los Ríos, contribución porcentual respecto de igual periodo del año anterior, series empalmadas, referencia 2018",05,"Electricidad, gas, agua y gestión de desechos",f035_positional
F035.PIB.V12.R.CLP.2018.06.Z.Z.14.0.A,Construcción,14,Los Ríos,A,Cuentas Nacionales,"PIB por actividad económica, Región de Los Ríos, contribución porcentual respecto de igual periodo del año anterior, series empalmadas, referencia 2018",06,Construcción,f035_positional
F035.PIB.V12.R.CLP.2018.08.Z.Z.14.0.A,"Transporte, información y comunicaciones",14,Los Ríos,A,Cuentas Nacionales,"PIB por actividad económica, Región de Los Ríos, contribución porcentual respecto de igual periodo del año anterior, series empalmadas, referencia 2018",08,"Transporte, información y comunicaciones",f035_positional
F035.PIB.V12.R.CLP.2018.09.21.Z.14.0.A,Servicios financieros y empresariales,14,Los Ríos,A,Cuentas Nacionales,"PIB por actividad económica, Región de Los Ríos, contribución porcentual respecto de igual periodo del año anterior, series empalmadas, referencia 2018",09,Servicios financieros y empresariales,f035_positional
F035.PIB.V12.R.CLP.2018.10.Z.Z.14.0.A,Servicios de vivienda e inmobiliarios,14,Los Ríos,A,Cuentas Nacionales,"PIB por actividad económica, Región de Los Ríos, contribución porcentual respecto de igual periodo del año anterior, series empalmadas, referencia 2018",10,Servicios de vivienda e inmobiliarios,f035_positional
F035.PIB.V12.R.CLP.2018.11.Z.Z.14.0.A,Servicios personales,14,Los Ríos,A,Cuentas Nacionales,"PIB por actividad económica, Región de Los Ríos, contribución porcentual respecto de igual periodo del año anterior, series empalmadas, referencia 2018",11,Servicios personales,f035_positional
F035.PIB.V12.R.CLP.2018.12.Z.Z.14.0.A,Administración pública,14,Los Ríos,A,Cuentas Nacionales,"PIB por actividad económica, Región de Los Ríos, contribución porcentual respecto de igual periodo del año anterior, series empalmadas, referencia 2018",12,Administración pública,f035_positional
F035.PIB.V12.R.CLP.2018.COM.Z.Z.14.0.A,Comercio,14,Los Ríos,A,Cuentas Nacionales,"PIB por actividad económica, Región de Los Ríos, contribución porcentual respecto de igual periodo del año anterior, series empalmadas, referencia 2018",COM,Comercio,f035_positional
F035.PIB.V12.R.CLP.2018.CONT.Z.Z.14.0.A,Producto Interno Bruto,14,Los Ríos,A,Cuentas Nacionales,"PIB por actividad económica, Región de Los Ríos, contribución porcentual respecto de igual periodo del año anterior, series empalmadas, referencia 2018",CONT,PIB (contribución),f035_positional
F035.PIB.V12.R.CLP.2018.RH.Z.Z.14.0.A,Restaurantes y hoteles,14,Los Ríos,A,Cuentas Nacionales,"PIB por actividad económica, Región de Los Ríos, contribución porcentual respecto de igual periodo del año anterior, series empalmadas, referencia 2018",RH,Restaurantes y hoteles,f035_positional
F035.PIB.V12.R.CLP.2018.Z.Z.Z.14.0.A,Región de Los Ríos,14,Los Ríos,A,Cuentas Nacionales,"Producto interno bruto por región, contribución porcentual respecto de igual periodo del año anterior, series empalmadas, referencia 2018",,,f035_positional
F035.PIB.FLU.N.CLP.2008.01.Z.Z.15.0.A,Agropecuario-silvícola,15,Arica y Parinacota,A,Cuentas Nacionales,"PIB por actividad económica, XV Región  de Arica y Parinacota, precios corrientes, referencia 2008 (millones de pesos)",01,Agropecuario-silvícola,f035_positional
F035.PIB.FLU.N.CLP.2008.02.04.Z.15.0.A,Pesca,15,Arica y Parinacota,A,Cuentas Nacionales,"PIB por actividad económica, XV Región  de Arica y Parinacota, precios corrientes, referencia 2008 (millones de pesos)",02,Pesca,f035_positional
F035.PIB.FLU.N.CLP.2008.03.Z.Z.15.0.A,Minería,15,Arica y Parinacota,A,Cuentas Nacionales,"PIB por actividad económica, XV Región  de Arica y Parinacota, precios corrientes, referencia 2008 (millones de pesos)",03,Minería,f035_positional
F035.PIB.FLU.N.CLP.2008.04.Z.Z.15.0.A,Industria manufacturera,15,Arica y Parinacota,A,Cuentas Nacionales,"PIB por actividad económica, XV Región  de Arica y Parinacota, precios corrientes, referencia 2008 (millones de pesos)",04,Industria,f035_positional
F035.PIB.FLU.N.CLP.2008.05.Z.Z.15.0.A,"Electricidad, gas, agua y gestión de desechos",15,Arica y Parinacota,A,Cuentas Nacionales,"PIB por actividad económica, XV Región  de Arica y Parinacota, precios corrientes, referencia 2008 (millones de pesos)",05,"Electricidad, gas, agua y gestión de desechos",f035_positional
F035.PIB.FLU.N.CLP.2008.06.Z.Z.15.0.A,Construcción,15,Arica y Parinacota,A,Cuentas Nacionales,"PIB por actividad económica, XV Región  de Arica y Parinacota, precios corrientes, referencia 2008 (millones de pesos)",06,Construcción,f035_positional
F035.PIB.FLU.N.CLP.2008.07.Z.Z.15.0.A,"Comercio, restaurantes y hoteles",15,Arica y Parinacota,A,Cuentas Nacionales,"PIB por actividad económica, XV Región  de Arica y Parinacota, precios corrientes, referencia 2008 (millones de pesos)",07,"Comercio, restaurantes y hoteles",f035_positional
F035.PIB.FLU.N.CLP.2008.08.Z.Z.15.0.A,"Transportes, informacion y comunicaciones",15,Arica y Parinacota,A,Cuentas Nacionales,"PIB por actividad económica, XV Región  de Arica y Parinacota, precios corrientes, referencia 2008 (millones de pesos)",08,"Transporte, información y comunicaciones",f035_positional
F035.PIB.FLU.N.CLP.2008.09.21.Z.15.0.A,Servicios financieros y empresariales,15,Arica y Parinacota,A,Cuentas Nacionales,"PIB por actividad económica, XV Región  de Arica y Parinacota, precios corrientes, referencia 2008 (millones de pesos)",09,Servicios financieros y empresariales,f035_positional
F035.PIB.FLU.N.CLP.2008.10.Z.Z.15.0.A,Servicios de vivienda e inmobiliarios,15,Arica y Parinacota,A,Cuentas Nacionales,"PIB por actividad económica, XV Región  de Arica y Parinacota, precios corrientes, referencia 2008 (millones de pesos)",10,Servicios de vivienda e inmobiliarios,f035_positional
F035.PIB.FLU.N.CLP.2008.11.Z.Z.15.0.A,Servicios personales,15,Arica y Parinacota,A,Cuentas Nacionales,"PIB por actividad económica, XV Región  de Arica y Parinacota, precios corrientes, referencia 2008 (millones de pesos)",11,Servicios personales,f035_positional
F035.PIB.FLU.N.CLP.2008.12.Z.Z.15.0.A,Administración pública,15,Arica y Parinacota,A,Cuentas Nacionales,"PIB por actividad económica, XV Región  de Arica y Parinacota, precios corrientes, referencia 2008 (millones de pesos)",12,Administración pública,f035_positional
F035.PIB.FLU.N.CLP.2008.Z.Z.Z.15.0.A,XV De Arica y Parinacota,15,Arica y Parinacota,A,Cuentas Nacionales,"Producto interno bruto por región, precios corrientes, referencia 2008 (millones de pesos)",,,f035_positional
F035.PIB.FLU.N.CLP.2013.01.Z.Z.15.0.A,Agropecuario-silvícola,15,Arica y Parinacota,A,Cuentas Nacionales,"PIB por actividad económica, Región de Arica y Parinacota, precios corrientes, series empalmadas, referencia 2013 (miles de millones de pesos)",01,Agropecuario-silvícola,f035_positional
F035.PIB.FLU.N.CLP.2013.02.04.Z.15.0.A,Pesca,15,Arica y Parinacota,A,Cuentas Nacionales,"PIB por actividad económica, Región de Arica y Parinacota, precios corrientes, series empalmadas, referencia 2013 (miles de millones de pesos)",02,Pesca,f035_positional
F035.PIB.FLU.N.CLP.2013.03.Z.Z.15.0.A,Minería,15,Arica y Parinacota,A,Cuentas Nacionales,"PIB por actividad económica, Región de Arica y Parinacota, precios corrientes, series empalmadas, referencia 2013 (miles de millones de pesos)",03,Minería,f035_positional
F035.PIB.FLU.N.CLP.2013.04.Z.Z.15.0.A,Industria manufacturera,15,Arica y Parinacota,A,Cuentas Nacionales,"PIB por actividad económica, Región de Arica y Parinacota, precios corrientes, series empalmadas, referencia 2013 (miles de millones de pesos)",04,Industria,f035_positional
F035.PIB.FLU.N.CLP.2013.05.Z.Z.15.0.A,"Electricidad, gas, agua y gestión de desechos",15,Arica y Parinacota,A,Cuentas Nacionales,"PIB por actividad económica, Región de Arica y Parinacota, precios corrientes, series empalmadas, referencia 2013 (miles de millones de pesos)",05,"Electricidad, gas, agua y gestión de desechos",f035_positional
F035.PIB.FLU.N.CLP.2013.06.Z.Z.15.0.A,Construcción,15,Arica y Parinacota,A,Cuentas Nacionales,"PIB por actividad económica, Región de Arica y Parinacota, precios corrientes, series empalmadas, referencia 2013 (miles de millones de pesos)",06,Construcción,f035_positional
F035.PIB.FLU.N.CLP.2013.07.Z.Z.15.0.A,"Comercio, restaurantes y hoteles",15,Arica y Parinacota,A,Cuentas Nacionales,"PIB por actividad económica, Región de Arica y Parinacota, precios corrientes, series empalmadas, referencia 2013 (miles de millones de pesos)",07,"Comercio, restaurantes y hoteles",f035_positional
F035.PIB.FLU.N.CLP.2013.08.Z.Z.15.0.A,"Transporte, información y comunicaciones",15,Arica y Parinacota,A,Cuentas Nacionales,"PIB por actividad económica, Región de Arica y Parinacota, precios corrientes, series empalmadas, referencia 2013 (miles de millones de pesos)",08,"Transporte, información y comunicaciones",f035_positional
F035.PIB.FLU.N.CLP.2013.09.21.Z.15.0.A,Servicios financieros y empresariales,15,Arica y Parinacota,A,Cuentas Nacionales,"PIB por actividad económica, Región de Arica y Parinacota, precios corrientes, series empalmadas, referencia 2013 (miles de millones de pesos)",09,Servicios financieros y empresariales,f035_positional
F035.PIB.FLU.N.CLP.2013.10.Z.Z.15.0.A,Servicios de vivienda e inmobiliarios,15,Arica y Parinacota,A,Cuentas Nacionales,"PIB por actividad económica, Región de Arica y Parinacota, precios corrientes, series empalmadas, referencia 2013 (miles de millones de pesos)",10,Servicios de vivienda e inmobiliarios,f035_positional
F035.PIB.FLU.N.CLP.2013.11.Z.Z.15.0.A,Servicios personales,15,Arica y Parinacota,A,Cuentas Nacionales,"PIB por actividad económica, Región de Arica y Parinacota, precios corrientes, series empalmadas, referencia 2013 (miles de millones de pesos)",11,Servicios personales,f035_positional
F035.PIB.FLU.N.CLP.2013.12.Z.Z.15.0.A,Administración pública,15,Arica y Parinacota,A,Cuentas Nacionales,"PIB por actividad económica, Región de Arica y Parinacota, precios corrientes, series empalmadas, referencia 2013 (miles de millones de pesos)",12,Administración pública,f035_positional
F035.PIB.FLU.N.CLP.2013.Z.Z.Z.15.0.A,Región de Arica y Parinacota,15,Arica y Parinacota,A,Cuentas Nacionales,"Producto interno bruto por región, precios corrientes, series empalmadas, referencia 2013 (miles de millones de pesos)",,,f035_positional
F035.PIB.FLU.N.CLP.2018.01.Z.Z.15.0.A,Agropecuario-silvícola,15,Arica y Parinacota,A,Cuentas Nacionales,"PIB por actividad económica, Región de Arica y Parinacota, precios corrientes, series empalmadas, referencia 2018 (miles de millones de pesos)",01,Agropecuario-silvícola,f035_positional
F035.PIB.FLU.N.CLP.2018.02.04.Z.15.0.A,Pesca,15,Arica y Parinacota,A,Cuentas Nacionales,"PIB por actividad económica, Región de Arica y Parinacota, precios corrientes, series empalmadas, referencia 2018 (miles de millones de pesos)",02,Pesca,f035_positional
F035.PIB.FLU.N.CLP.2018.03.Z.Z.15.0.A,Minería,15,Arica y Parinacota,A,Cuentas Nacionales,"PIB por actividad económica, Región de Arica y Parinacota, precios corrientes, series empalmadas, referencia 2018 (miles de millones de pesos)",03,Minería,f035_positional
F035.PIB.FLU.N.CLP.2018.04.Z.Z.15.0.A,Industria manufacturera,15,Arica y Parinacota,A,Cuentas Nacionales,"PIB por actividad económica, Región de Arica y Parinacota, precios corrientes, series empalmadas, referencia 2018 (miles de millones de pesos)",04,Industria,f035_positional
F035.PIB.FLU.N.CLP.2018.05.Z.Z.15.0.A,"Electricidad, gas, agua y gestión de desechos",15,Arica y Parinacota,A,Cuentas Nacionales,"PIB por actividad económica, Región de Arica y Parinacota, precios corrientes, series empalmadas, referencia 2018 (miles de millones de pesos)",05,"Electricidad, gas, agua y gestión de desechos",f035_positional
F035.PIB.FLU.N.CLP.2018.06.Z.Z.15.0.A,Construcción,15,Arica y Parinacota,A,Cuentas Nacionales,"PIB por actividad económica, Región de Arica y Parinacota, precios corrientes, series empalmadas, referencia 2018 (miles de millones de pesos)",06,Construcción,f035_positional
F035.PIB.FLU.N.CLP.2018.08.Z.Z.15.0.A,"Transporte, información y comunicaciones",15,Arica y Parinacota,A,Cuentas Nacionales,"PIB por actividad económica, Región de Arica y Parinacota, precios corrientes, series empalmadas, referencia 2018 (miles de millones de pesos)",08,"Transporte, información y comunicaciones",f035_positional
F035.PIB.FLU.N.CLP.2018.09.21.Z.15.0.A,Servicios financieros y empresariales,15,Arica y Parinacota,A,Cuentas Nacionales,"PIB por actividad económica, Región de Arica y Parinacota, precios corrientes, series empalmadas, referencia 2018 (miles de millones de pesos)",09,Servicios financieros y empresariales,f035_positional
F035.PIB.FLU.N.CLP.2018.10.Z.Z.15.0.A,Servicios de vivienda e inmobiliarios,15,Arica y Parinacota,A,Cuentas Nacionales,"PIB por actividad económica, Región de Arica y Parinacota, precios corrientes, series empalmadas, referencia 2018 (miles de millones de pesos)",10,Servicios de vivienda e inmobiliarios,f035_positional
F035.PIB.FLU.N.CLP.2018.11.Z.Z.15.0.A,Servicios personales,15,Arica y Parinacota,A,Cuentas Nacionales,"PIB por actividad económica, Región de Arica y Parinacota, precios corrientes, series empalmadas, referencia 2018 (miles de millones de pesos)",11,Servicios personales,f035_positional
F035.PIB.FLU.N.CLP.2018.12.Z.Z.15.0.A,Administración pública,15,Arica y Parinacota,A,Cuentas Nacionales,"PIB por actividad económica, Región de Arica y Parinacota, precios corrientes, series empalmadas, referencia 2018 (miles de millones de pesos)",12,Administración pública,f035_positional
F035.PIB.FLU.N.CLP.2018.COM.Z.Z.15.0.A,Comercio,15,Arica y Parinacota,A,Cuentas Nacionales,"PIB por actividad económica, Región de Arica y Parinacota, precios corrientes, series empalmadas, referencia 2018 (miles de millones de pesos)",COM,Comercio,f035_positional
F035.PIB.FLU.N.CLP.2018.RH.Z.Z.15.0.A,Restaurantes y hoteles,15,Arica y Parinacota,A,Cuentas Nacionales,"PIB por actividad económica, Región de Arica y Parinacota, precios corrientes, series empalmadas, referencia 2018 (miles de millones de pesos)",RH,Restaurantes y hoteles,f035_positional
F035.PIB.FLU.N.CLP.2018.Z.Z.Z.15.0.A,Región de Arica y Parinacota,15,Arica y Parinacota,A,Cuentas Nacionales,"Producto interno bruto por región, precios corrientes, series empalmadas, referencia 2018 (miles de millones de pesos)",,,f035_positional
F035.PIB.FLU.R.CLP.2008.01.Z.Z.15.0.A,Agropecuario-silvícola,15,Arica y Parinacota,A,Cuentas Nacionales,"PIB por actividad económica, XV Región  de Arica y Parinacota, volumen a precios del año anterior encadenado, referencia 2008 (millones de pesos encadenados)",01,Agropecuario-silvícola,f035_positional
F035.PIB.FLU.R.CLP.2008.02.04.Z.15.0.A,Pesca,15,Arica y Parinacota,A,Cuentas Nacionales,"PIB por actividad económica, XV Región  de Arica y Parinacota, volumen a precios del año anterior encadenado, referencia 2008 (millones de pesos encadenados)",02,Pesca,f035_positional
F035.PIB.FLU.R.CLP.2008.03.Z.Z.15.0.A,Minería,15,Arica y Parinacota,A,Cuentas Nacionales,"PIB por actividad económica, XV Región  de Arica y Parinacota, volumen a precios del año anterior encadenado, referencia 2008 (millones de pesos encadenados)",03,Minería,f035_positional
F035.PIB.FLU.R.CLP.2008.04.Z.Z.15.0.A,Industria manufacturera,15,Arica y Parinacota,A,Cuentas Nacionales,"PIB por actividad económica, XV Región  de Arica y Parinacota, volumen a precios del año anterior encadenado, referencia 2008 (millones de pesos encadenados)",04,Industria,f035_positional
F035.PIB.FLU.R.CLP.2008.05.Z.Z.15.0.A,"Electricidad, gas y agua",15,Arica y Parinacota,A,Cuentas Nacionales,"PIB por actividad económica, XV Región  de Arica y Parinacota, volumen a precios del año anterior encadenado, referencia 2008 (millones de pesos encadenados)",05,"Electricidad, gas, agua y gestión de desechos",f035_positional
F035.PIB.FLU.R.CLP.2008.06.Z.Z.15.0.A,Construcción,15,Arica y Parinacota,A,Cuentas Nacionales,"PIB por actividad económica, XV Región  de Arica y Parinacota, volumen a precios del año anterior encadenado, referencia 2008 (millones de pesos encadenados)",06,Construcción,f035_positional
F035.PIB.FLU.R.CLP.2008.07.Z.Z.15.0.A,"Comercio, restaurantes y hoteles",15,Arica y Parinacota,A,Cuentas Nacionales,"PIB por actividad económica, XV Región  de Arica y Parinacota, volumen a precios del año anterior encadenado, referencia 2008 (millones de pesos encadenados)",07,"Comercio, restaurantes y hoteles",f035_positional
F035.PIB.FLU.R.CLP.2008.08.Z.Z.15.0.A,Transportes y comunicaciones,15,Arica y Parinacota,A,Cuentas Nacionales,"PIB por actividad económica, XV Región  de Arica y Parinacota, volumen a precios del año anterior encadenado, referencia 2008 (millones de pesos encadenados)",08,"Transporte, información y comunicaciones",f035_positional
F035.PIB.FLU.R.CLP.2008.09.21.Z.15.0.A,Servicios financieros y empresariales,15,Arica y Parinacota,A,Cuentas Nacionales,"PIB por actividad económica, XV Región  de Arica y Parinacota, volumen a precios del año anterior encadenado, referencia 2008 (millones de pesos encadenados)",09,Servicios financieros y empresariales,f035_positional
F035.PIB.FLU.R.CLP.2008.10.Z.Z.15.0.A,Propiedad de vivienda,15,Arica y Parinacota,A,Cuentas Nacionales,"PIB por actividad económica, XV Región  de Arica y Parinacota, volumen a precios del año anterior encadenado, referencia 2008 (millones de pesos encadenados)",10,Servicios de vivienda e inmobiliarios,f035_positional
F035.PIB.FLU.R.CLP.2008.11.Z.Z.15.0.A,Servicios personales,15,Arica y Parinacota,A,Cuentas Nacionales,"PIB por actividad económica, XV Región  de Arica y Parinacota, volumen a precios del año anterior encadenado, referencia 2008 (millones de pesos encadenados)",11,Servicios personales,f035_positional
F035.PIB.FLU.R.CLP.2008.12.Z.Z.15.0.A,Administración pública,15,Arica y Parinacota,A,Cuentas Nacionales,"PIB por actividad económica, XV Región  de Arica y Parinacota, volumen a precios del año anterior encadenado, referencia 2008 (millones de pesos encadenados)",12,Administración pública,f035_positional
F035.PIB.FLU.R.CLP.2008.Z.Z.Z.15.0.A,XV De Arica y Parinacota,15,Arica y Parinacota,A,Cuentas Nacionales,"Producto interno bruto por región, volumen a precios del año anterior encadenado, referencia 2008 (millones de pesos encadenados)",,,f035_positional
F035.PIB.FLU.R.CLP.2013.01.Z.Z.15.0.A,Agropecuario-silvícola,15,Arica y Parinacota,A,Cuentas Nacionales,"PIB por actividad económica, Región  de Arica y Parinacota, volumen a precios del año anterior encadenado, series empalmadas, referencia 2013 (miles de millones de pesos encadenados)",01,Agropecuario-silvícola,f035_positional
F035.PIB.FLU.R.CLP.2013.02.04.Z.15.0.A,Pesca,15,Arica y Parinacota,A,Cuentas Nacionales,"PIB por actividad económica, Región  de Arica y Parinacota, volumen a precios del año anterior encadenado, series empalmadas, referencia 2013 (miles de millones de pesos encadenados)",02,Pesca,f035_positional
F035.PIB.FLU.R.CLP.2013.03.Z.Z.15.0.A,Minería,15,Arica y Parinacota,A,Cuentas Nacionales,"PIB por actividad económica, Región  de Arica y Parinacota, volumen a precios del año anterior encadenado, series empalmadas, referencia 2013 (miles de millones de pesos encadenados)",03,Minería,f035_positional
F035.PIB.FLU.R.CLP.2013.04.Z.Z.15.0.A,Industria manufacturera,15,Arica y Parinacota,A,Cuentas Nacionales,"PIB por actividad económica, Región  de Arica y Parinacota, volumen a precios del año anterior encadenado, series empalmadas, referencia 2013 (miles de millones de pesos encadenados)",04,Industria,f035_positional
F035.PIB.FLU.R.CLP.2013.05.Z.Z.15.0.A,"Electricidad, gas, agua y gestión de desechos",15,Arica y Parinacota,A,Cuentas Nacionales,"PIB por actividad económica, Región  de Arica y Parinacota, volumen a precios del año anterior encadenado, series empalmadas, referencia 2013 (miles de millones de pesos encadenados)",05,"Electricidad, gas, agua y gestión de desechos",f035_positional
F035.PIB.FLU.R.CLP.2013.06.Z.Z.15.0.A,Construcción,15,Arica y Parinacota,A,Cuentas Nacionales,"PIB por actividad económica, Región  de Arica y Parinacota, volumen a precios del año anterior encadenado, series empalmadas, referencia 2013 (miles de millones de pesos encadenados)",06,Construcción,f035_positional
F035.PIB.FLU.R.CLP.2013.07.Z.Z.15.0.A,"Comercio, restaurantes y hoteles",15,Arica y Parinacota,A,Cuentas Nacionales,"PIB por actividad económica, Región  de Arica y Parinacota, volumen a precios del año anterior encadenado, series empalmadas, referencia 2013 (miles de millones de pesos encadenados)",07,"Comercio, restaurantes y hoteles",f035_positional
F035.PIB.FLU.R.CLP.2013.08.Z.Z.15.0.A,"Transporte, información y comunicaciones",15,Arica y Parinacota,A,Cuentas Nacionales,"PIB por actividad económica, Región  de Arica y Parinacota, volumen a precios del año anterior encadenado, series empalmadas, referencia 2013 (miles de millones de pesos encadenados)",08,"Transporte, información y comunicaciones",f035_positional
F035.PIB.FLU.R.CLP.2013.09.21.Z.15.0.A,Servicios financieros y empresariales,15,Arica y Parinacota,A,Cuentas Nacionales,"PIB por actividad económica, Región  de Arica y Parinacota, volumen a precios del año anterior encadenado, series empalmadas, referencia 2013 (miles de millones de pesos encadenados)",09,Servicios financieros y empresariales,f035_positional
F035.PIB.FLU.R.CLP.2013.10.Z.Z.15.0.A,Servicios de vivienda e inmobiliarios,15,Arica y Parinacota,A,Cuentas Nacionales,"PIB por actividad económica, Región  de Arica y Parinacota, volumen a precios del año anterior encadenado, series empalmadas, referencia 2013 (miles de millones de pesos encadenados)",10,Servicios de vivienda e inmobiliarios,f035_positional
F035.PIB.FLU.R.CLP.2013.11.Z.Z.15.0.A,Servicios personales,15,Arica y Parinacota,A,Cuentas Nacionales,"PIB por actividad económica, Región  de Arica y Parinacota, volumen a precios del año anterior encadenado, series empalmadas, referencia 2013 (miles de millones de pesos encadenados)",11,Servicios personales,f035_positional
F035.PIB.FLU.R.CLP.2013.12.Z.Z.15.0.A,Administración pública,15,Arica y Parinacota,A,Cuentas Nacionales,"PIB por actividad económica, Región  de Arica y Parinacota, volumen a precios del año anterior encadenado, series empalmadas, referencia 2013 (miles de millones de pesos encadenados)",12,Administración pública,f035_positional
F035.PIB.FLU.R.CLP.2013.Z.Z.Z.15.0.A,Región de Arica y Parinacota,15,Arica y Parinacota,A,Cuentas Nacionales,"Producto interno bruto por región, volumen a precios del año anterior encadenado, series empalmadas, referencia 2013 (miles de millones de pesos encadenados)",,,f035_positional
F035.PIB.FLU.R.CLP.2018.01.Z.Z.15.0.A,Agropecuario-silvícola,15,Arica y Parinacota,A,Cuentas Nacionales,"PIB por actividad económica, Región  de Arica y Parinacota, volumen a precios del año anterior encadenado, series empalmadas, referencia 2018 (miles de millones de pesos encadenados)",01,Agropecuario-silvícola,f035_positional
F035.PIB.FLU.R.CLP.2018.02.04.Z.15.0.A,Pesca,15,Arica y Parinacota,A,Cuentas Nacionales,"PIB por actividad económica, Región  de Arica y Parinacota, volumen a precios del año anterior encadenado, series empalmadas, referencia 2018 (miles de millones de pesos encadenados)",02,Pesca,f035_positional
F035.PIB.FLU.R.CLP.2018.03.Z.Z.15.0.A,Minería,15,Arica y Parinacota,A,Cuentas Nacionales,"PIB por actividad económica, Región  de Arica y Parinacota, volumen a precios del año anterior encadenado, series empalmadas, referencia 2018 (miles de millones de pesos encadenados)",03,Minería,f035_positional
F035.PIB.FLU.R.CLP.2018.04.Z.Z.15.0.A,Industria manufacturera,15,Arica y Parinacota,A,Cuentas Nacionales,"PIB por actividad económica, Región  de Arica y Parinacota, volumen a precios del año anterior encadenado, series empalmadas, referencia 2018 (miles de millones de pesos encadenados)",04,Industria,f035_positional
F035.PIB.FLU.R.CLP.2018.05.Z.Z.15.0.A,"Electricidad, gas, agua y gestión de desechos",15,Arica y Parinacota,A,Cuentas Nacionales,"PIB por actividad económica, Región  de Arica y Parinacota, volumen a precios del año anterior encadenado, series empalmadas, referencia 2018 (miles de millones de pesos encadenados)",05,"Electricidad, gas, agua y gestión de desechos",f035_positional
F035.PIB.FLU.R.CLP.2018.06.Z.Z.15.0.A,Construcción,15,Arica y Parinacota,A,Cuentas Nacionales,"PIB por actividad económica, Región  de Arica y Parinacota, volumen a precios del año anterior encadenado, series empalmadas, referencia 2018 (miles de millones de pesos encadenados)",06,Construcción,f035_positional
F035.PIB.FLU.R.CLP.2018.08.Z.Z.15.0.A,"Transporte, información y comunicaciones",15,Arica y Parinacota,A,Cuentas Nacionales,"PIB por actividad económica, Región  de Arica y Parinacota, volumen a precios del año anterior encadenado, series empalmadas, referencia 2018 (miles de millones de pesos encadenados)",08,"Transporte, información y comunicaciones",f035_positional
F035.PIB.FLU.R.CLP.2018.09.21.Z.15.0.A,Servicios financieros y empresariales,15,Arica y Parinacota,A,Cuentas Nacionales,"PIB por actividad económica, Región  de Arica y Parinacota, volumen a precios del año anterior encadenado, series empalmadas, referencia 2018 (miles de millones de pesos encadenados)",09,Servicios financieros y empresariales,f035_positional
F035.PIB.FLU.R.CLP.2018.10.Z.Z.15.0.A,Servicios de vivienda e inmobiliarios,15,Arica y Parinacota,A,Cuentas Nacionales,"PIB por actividad económica, Región  de Arica y Parinacota, volumen a precios del año anterior encadenado, series empalmadas, referencia 2018 (miles de millones de pesos encadenados)",10,Servicios de vivienda e inmobiliarios,f035_positional
F035.PIB.FLU.R.CLP.2018.11.Z.Z.15.0.A,Servicios personales,15,Arica y Parinacota,A,Cuentas Nacionales,"PIB por actividad económica, Región  de Arica y Parinacota, volumen a precios del año anterior encadenado, series empalmadas, referencia 2018 (miles de millones de pesos encadenados)",11,Servicios personales,f035_positional
F035.PIB.FLU.R.CLP.2018.12.Z.Z.15.0.A,Administración pública,15,Arica y Parinacota,A,Cuentas Nacionales,"PIB por actividad económica, Región  de Arica y Parinacota, volumen a precios del año anterior encadenado, series empalmadas, referencia 2018 (miles de millones de pesos encadenados)",12,Administración pública,f035_positional
F035.PIB.FLU.R.CLP.2018.COM.Z.Z.15.0.A,Comercio,15,Arica y Parinacota,A,Cuentas Nacionales,"PIB por actividad económica, Región  de Arica y Parinacota, volumen a precios del año anterior encadenado, series empalmadas, referencia 2018 (miles de millones de pesos encadenados)",COM,Comercio,f035_positional
F035.PIB.FLU.R.CLP.2018.RH.Z.Z.15.0.A,Restaurantes y hoteles,15,Arica y Parinacota,A,Cuentas Nacionales,"PIB por actividad económica, Región  de Arica y Parinacota, volumen a precios del año anterior encadenado, series empalmadas, referencia 2018 (miles de millones de pesos encadenados)",RH,Restaurantes y hoteles,f035_positional
F035.PIB.FLU.R.CLP.2018.Z.Z.Z.15.0.A,Producto interno bruto,15,Arica y Parinacota,A,Cuentas Nacionales,"PIB por actividad económica, Región  de Arica y Parinacota, volumen a precios del año anterior encadenado, series empalmadas, referencia 2018 (miles de millones de pesos encadenados)",,,f035_positional
F035.PIB.V12.R.CLP.2008.Z.Z.Z.15.0.A,XV De Arica y Parinacota,15,Arica y Parinacota,A,Cuentas Nacionales,"Producto interno bruto por región, contribución porcentual respecto de igual periodo del año anterior, referencia 2008 .",,,f035_positional
F035.PIB.V12.R.CLP.2013.Z.Z.Z.15.0.A,Región de Arica y Parinacota,15,Arica y Parinacota,A,Cuentas Nacionales,"Producto interno bruto por región, contribución porcentual respecto de igual periodo del año anterior, series empalmadas, referencia 2013 .",,,f035_positional
F035.PIB.V12.R.CLP.2018.01.Z.Z.15.0.A,Agropecuario-silvícola,15,Arica y Parinacota,A,Cuentas Nacionales,"PIB por actividad económica, Región  de Arica y Parinacota, contribución porcentual respecto de igual periodo del año anterior, series empalmadas, referencia 2018",01,Agropecuario-silvícola,f035_positional
F035.PIB.V12.R.CLP.2018.02.04.Z.15.0.A,Pesca,15,Arica y Parinacota,A,Cuentas Nacionales,"PIB por actividad económica, Región  de Arica y Parinacota, contribución porcentual respecto de igual periodo del año anterior, series empalmadas, referencia 2018",02,Pesca,f035_positional
F035.PIB.V12.R.CLP.2018.03.Z.Z.15.0.A,Minería,15,Arica y Parinacota,A,Cuentas Nacionales,"PIB por actividad económica, Región  de Arica y Parinacota, contribución porcentual respecto de igual periodo del año anterior, series empalmadas, referencia 2018",03,Minería,f035_positional
F035.PIB.V12.R.CLP.2018.04.Z.Z.15.0.A,Industria manufacturera,15,Arica y Parinacota,A,Cuentas Nacionales,"PIB por actividad económica, Región  de Arica y Parinacota, contribución porcentual respecto de igual periodo del año anterior, series empalmadas, referencia 2018",04,Industria,f035_positional
F035.PIB.V12.R.CLP.2018.05.Z.Z.15.0.A,"Electricidad, gas, agua y gestión de desechos",15,Arica y Parinacota,A,Cuentas Nacionales,"PIB por actividad económica, Región  de Arica y Parinacota, contribución porcentual respecto de igual periodo del año anterior, series empalmadas, referencia 2018",05,"Electricidad, gas, agua y gestión de desechos",f035_positional
F035.PIB.V12.R.CLP.2018.06.Z.Z.15.0.A,Construcción,15,Arica y Parinacota,A,Cuentas Nacionales,"PIB por actividad económica, Región  de Arica y Parinacota, contribución porcentual respecto de igual periodo del año anterior, series empalmadas, referencia 2018",06,Construcción,f035_positional
F035.PIB.V12.R.CLP.2018.08.Z.Z.15.0.A,"Transporte, información y comunicaciones",15,Arica y Parinacota,A,Cuentas Nacionales,"PIB por actividad económica, Región  de Arica y Parinacota, contribución porcentual respecto de igual periodo del año anterior, series empalmadas, referencia 2018",08,"Transporte, información y comunicaciones",f035_positional
F035.PIB.V12.R.CLP.2018.09.21.Z.15.0.A,Servicios financieros y empresariales,15,Arica y Parinacota,A,Cuentas Nacionales,"PIB por actividad económica, Región  de Arica y Parinacota, contribución porcentual respecto de igual periodo del año anterior, series empalmadas, referencia 2018",09,Servicios financieros y empresariales,f035_positional
F035.PIB.V12.R.CLP.2018.10.Z.Z.15.0.A,Servicios de vivienda e inmobiliarios,15,Arica y Parinacota,A,Cuentas Nacionales,"PIB por actividad económica, Región  de Arica y Parinacota, contribución porcentual respecto de igual periodo del año anterior, series empalmadas, referencia 2018",10,Servicios de vivienda e inmobiliarios,f035_positional
F035.PIB.V12.R.CLP.2018.11.Z.Z.15.0.A,Servicios personales,15,Arica y Parinacota,A,Cuentas Nacionales,"PIB por actividad económica, Región  de Arica y Parinacota, contribución porcentual respecto de igual periodo del año anterior, series empalmadas, referencia 2018",11,Servicios personales,f035_positional
F035.PIB.V12.R.CLP.2018.12.Z.Z.15.0.A,Administración pública,15,Arica y Parinacota,A,Cuentas Nacionales,"PIB por actividad económica, Región  de Arica y Parinacota, contribución porcentual respecto de igual periodo del año anterior, series empalmadas, referencia 2018",12,Administración pública,f035_positional
F035.PIB.V12.R.CLP.2018.COM.Z.Z.15.0.A,Comercio,15,Arica y Parinacota,A,Cuentas Nacionales,"PIB por actividad económica, Región  de Arica y Parinacota, contribución porcentual respecto de igual periodo del año anterior, series empalmadas, referencia 2018",COM,Comercio,f035_positional
F035.PIB.V12.R.CLP.2018.CONT.Z.Z.15.0.A,Producto Interno Bruto,15,Arica y Parinacota,A,Cuentas Nacionales,"PIB por actividad económica, Región  de Arica y Parinacota, contribución porcentual respecto de igual periodo del año anterior, series empalmadas, referencia 2018",CONT,PIB (contribución),f035_positional
F035.PIB.V12.R.CLP.2018.RH.Z.Z.15.0.A,Restaurantes y hoteles,15,Arica y Parinacota,A,Cuentas Nacionales,"PIB por actividad económica, Región  de Arica y Parinacota, contribución porcentual respecto de igual periodo del año anterior, series empalmadas, referencia 2018",RH,Restaurantes y hoteles,f035_positional
F035.PIB.V12.R.CLP.2018.Z.Z.Z.15.0.A,Región de Arica y Parinacota,15,Arica y Parinacota,A,Cuentas Nacionales,"Producto interno bruto por región, contribución porcentual respecto de igual periodo del año anterior, series empalmadas, referencia 2018",,,f035_positional
F035.PIB.FLU.N.CLP.2018.01.Z.Z.16.0.A,Agropecuario-silvícola,16,Ñuble,A,Cuentas Nacionales,"PIB por actividad económica, Región de Ñuble, precios corrientes, series empalmadas, referencia 2018 (miles de millones de pesos)",01,Agropecuario-silvícola,f035_positional
F035.PIB.FLU.N.CLP.2018.02.04.Z.16.0.A,Pesca,16,Ñuble,A,Cuentas Nacionales,"PIB por actividad económica, Región de Ñuble, precios corrientes, series empalmadas, referencia 2018 (miles de millones de pesos)",02,Pesca,f035_positional
F035.PIB.FLU.N.CLP.2018.03.Z.Z.16.0.A,Minería,16,Ñuble,A,Cuentas Nacionales,"PIB por actividad económica, Región de Ñuble, precios corrientes, series empalmadas, referencia 2018 (miles de millones de pesos)",03,Minería,f035_positional
F035.PIB.FLU.N.CLP.2018.04.Z.Z.16.0.A,Industria manufacturera,16,Ñuble,A,Cuentas Nacionales,"PIB por actividad económica, Región de Ñuble, precios corrientes, series empalmadas, referencia 2018 (miles de millones de pesos)",04,Industria,f035_positional
F035.PIB.FLU.N.CLP.2018.05.Z.Z.16.0.A,"Electricidad, gas, agua y gestión de desechos",16,Ñuble,A,Cuentas Nacionales,"PIB por actividad económica, Región de Ñuble, precios corrientes, series empalmadas, referencia 2018 (miles de millones de pesos)",05,"Electricidad, gas, agua y gestión de desechos",f035_positional
F035.PIB.FLU.N.CLP.2018.06.Z.Z.16.0.A,Construcción,16,Ñuble,A,Cuentas Nacionales,"PIB por actividad económica, Región de Ñuble, precios corrientes, series empalmadas, referencia 2018 (miles de millones de pesos)",06,Construcción,f035_positional
F035.PIB.FLU.N.CLP.2018.08.Z.Z.16.0.A,"Transporte, información y comunicaciones",16,Ñuble,A,Cuentas Nacionales,"PIB por actividad económica, Región de Ñuble, precios corrientes, series empalmadas, referencia 2018 (miles de millones de pesos)",08,"Transporte, información y comunicaciones",f035_positional
F035.PIB.FLU.N.CLP.2018.09.21.Z.16.0.A,Servicios financieros y empresariales,16,Ñuble,A,Cuentas Nacionales,"PIB por actividad económica, Región de Ñuble, precios corrientes, series empalmadas, referencia 2018 (miles de millones de pesos)",09,Servicios financieros y empresariales,f035_positional
F035.PIB.FLU.N.CLP.2018.10.Z.Z.16.0.A,Servicios de vivienda e inmobiliarios,16,Ñuble,A,Cuentas Nacionales,"PIB por actividad económica, Región de Ñuble, precios corrientes, series empalmadas, referencia 2018 (miles de millones de pesos)",10,Servicios de vivienda e inmobiliarios,f035_positional
F035.PIB.FLU.N.CLP.2018.11.Z.Z.16.0.A,Servicios personales,16,Ñuble,A,Cuentas Nacionales,"PIB por actividad económica, Región de Ñuble, precios corrientes, series empalmadas, referencia 2018 (miles de millones de pesos)",11,Servicios personales,f035_positional
F035.PIB.FLU.N.CLP.2018.12.Z.Z.16.0.A,Administración pública,16,Ñuble,A,Cuentas Nacionales,"PIB por actividad económica, Región de Ñuble, precios corrientes, series empalmadas, referencia 2018 (miles de millones de pesos)",12,Administración pública,f035_positional
F035.PIB.FLU.N.CLP.2018.COM.Z.Z.16.0.A,Comercio,16,Ñuble,A,Cuentas Nacionales,"PIB por actividad económica, Región de Ñuble, precios corrientes, series empalmadas, referencia 2018 (miles de millones de pesos)",COM,Comercio,f035_positional
F035.PIB.FLU.N.CLP.2018.RH.Z.Z.16.0.A,Restaurantes y hoteles,16,Ñuble,A,Cuentas Nacionales,"PIB por actividad económica, Región de Ñuble, precios corrientes, series empalmadas, referencia 2018 (miles de millones de pesos)",RH,Restaurantes y hoteles,f035_positional
F035.PIB.FLU.N.CLP.2018.Z.Z.Z.16.0.A,Región de Ñuble,16,Ñuble,A,Cuentas Nacionales,"Producto interno bruto por región, precios corrientes, series empalmadas, referencia 2018 (miles de millones de pesos)",,,f035_positional
F035.PIB.FLU.R.CLP.2018.01.Z.Z.16.0.A,Agropecuario-silvícola,16,Ñuble,A,Cuentas Nacionales,"PIB por actividad económica, Región de Ñuble, volumen a precios del año anterior encadenado, series empalmadas, referencia 2018 (miles de millones de pesos encadenados)",01,Agropecuario-silvícola,f035_positional
F035.PIB.FLU.R.CLP.2018.02.04.Z.16.0.A,Pesca,16,Ñuble,A,Cuentas Nacionales,"PIB por actividad económica, Región de Ñuble, volumen a precios del año anterior encadenado, series empalmadas, referencia 2018 (miles de millones de pesos encadenados)",02,Pesca,f035_positional
F035.PIB.FLU.R.CLP.2018.03.Z.Z.16.0.A,Minería,16,Ñuble,A,Cuentas Nacionales,"PIB por actividad económica, Región de Ñuble, volumen a precios del año anterior encadenado, series empalmadas, referencia 2018 (miles de millones de pesos encadenados)",03,Minería,f035_positional
F035.PIB.FLU.R.CLP.2018.04.Z.Z.16.0.A,Industria manufacturera,16,Ñuble,A,Cuentas Nacionales,"PIB por actividad económica, Región de Ñuble, volumen a precios del año anterior encadenado, series empalmadas, referencia 2018 (miles de millones de pesos encadenados)",04,Industria,f035_positional
F035.PIB.FLU.R.CLP.2018.05.Z.Z.16.0.A,"Electricidad, gas, agua y gestión de desechos",16,Ñuble,A,Cuentas Nacionales,"PIB por actividad económica, Región de Ñuble, volumen a precios del año anterior encadenado, series empalmadas, referencia 2018 (miles de millones de pesos encadenados)",05,"Electricidad, gas, agua y gestión de desechos",f035_positional
F035.PIB.FLU.R.CLP.2018.06.Z.Z.16.0.A,Construcción,16,Ñuble,A,Cuentas Nacionales,"PIB por actividad económica, Región de Ñuble, volumen a precios del año anterior encadenado, series empalmadas, referencia 2018 (miles de millones de pesos encadenados)",06,Construcción,f035_positional
F035.PIB.FLU.R.CLP.2018.08.Z.Z.16.0.A,"Transporte, información y comunicaciones",16,Ñuble,A,Cuentas Nacionales,"PIB por actividad económica, Región de Ñuble, volumen a precios del año anterior encadenado, series empalmadas, referencia 2018 (miles de millones de pesos encadenados)",08,"Transporte, información y comunicaciones",f035_positional
F035.PIB.FLU.R.CLP.2018.09.21.Z.16.0.A,Servicios financieros y empresariales,16,Ñuble,A,Cuentas Nacionales,"PIB por actividad económica, Región de Ñuble, volumen a precios del año anterior encadenado, series empalmadas, referencia 2018 (miles de millones de pesos encadenados)",09,Servicios financieros y empresariales,f035_positional
F035.PIB.FLU.R.CLP.2018.10.Z.Z.16.0.A,Servicios de vivienda e inmobiliarios,16,Ñuble,A,Cuentas Nacionales,"PIB por actividad económica, Región de Ñuble, volumen a precios del año anterior encadenado, series empalmadas, referencia 2018 (miles de millones de pesos encadenados)",10,Servicios de vivienda e inmobiliarios,f035_positional
F035.PIB.FLU.R.CLP.2018.11.Z.Z.16.0.A,Servicios personales,16,Ñuble,A,Cuentas Nacionales,"PIB por actividad económica, Región de Ñuble, volumen a precios del año anterior encadenado, series empalmadas, referencia 2018 (miles de millones de pesos encadenados)",11,Servicios personales,f035_positional
F035.PIB.FLU.R.CLP.2018.12.Z.Z.16.0.A,Administración pública,16,Ñuble,A,Cuentas Nacionales,"PIB por actividad económica, Región de Ñuble, volumen a precios del año anterior encadenado, series empalmadas, referencia 2018 (miles de millones de pesos encadenados)",12,Administración pública,f035_positional
F035.PIB.FLU.R.CLP.2018.COM.Z.Z.16.0.A,Comercio,16,Ñuble,A,Cuentas Nacionales,"PIB por actividad económica, Región de Ñuble, volumen a precios del año anterior encadenado, series empalmadas, referencia 2018 (miles de millones de pesos encadenados)",COM,Comercio,f035_positional
F035.PIB.FLU.R.CLP.2018.RH.Z.Z.16.0.A,Restaurantes y hoteles,16,Ñuble,A,Cuentas Nacionales,"PIB por actividad económica, Región de Ñuble, volumen a precios del año anterior encadenado, series empalmadas, referencia 2018 (miles de millones de pesos encadenados)",RH,Restaurantes y hoteles,f035_positional
F035.PIB.FLU.R.CLP.2018.Z.Z.Z.16.0.A,Producto interno bruto,16,Ñuble,A,Cuentas Nacionales,"PIB por actividad económica, Región de Ñuble, volumen a precios del año anterior encadenado, series empalmadas, referencia 2018 (miles de millones de pesos encadenados)",,,f035_positional
F035.PIB.V12.R.CLP.2018.01.Z.Z.16.0.A,Agropecuario-silvícola,16,Ñuble,A,Cuentas Nacionales,"PIB por actividad económica, Región de Ñuble, contribución porcentual respecto de igual periodo del año anterior, series empalmadas, referencia 2018",01,Agropecuario-silvícola,f035_positional
F035.PIB.V12.R.CLP.2018.02.04.Z.16.0.A,Pesca,16,Ñuble,A,Cuentas Nacionales,"PIB por actividad económica, Región de Ñuble, contribución porcentual respecto de igual periodo del año anterior, series empalmadas, referencia 2018",02,Pesca,f035_positional
F035.PIB.V12.R.CLP.2018.03.Z.Z.16.0.A,Minería,16,Ñuble,A,Cuentas Nacionales,"PIB por actividad económica, Región de Ñuble, contribución porcentual respecto de igual periodo del año anterior, series empalmadas, referencia 2018",03,Minería,f035_positional
F035.PIB.V12.R.CLP.2018.04.Z.Z.16.0.A,Industria manufacturera,16,Ñuble,A,Cuentas Nacionales,"PIB por actividad económica, Región de Ñuble, contribución porcentual respecto de igual periodo del año anterior, series empalmadas, referencia 2018",04,Industria,f035_positional
F035.PIB.V12.R.CLP.2018.05.Z.Z.16.0.A,"Electricidad, gas, agua y gestión de desechos",16,Ñuble,A,Cuentas Nacionales,"PIB por actividad económica, Región de Ñuble, contribución porcentual respecto de igual periodo del año anterior, series empalmadas, referencia 2018",05,"Electricidad, gas, agua y gestión de desechos",f035_positional
F035.PIB.V12.R.CLP.2018.06.Z.Z.16.0.A,Construcción,16,Ñuble,A,Cuentas Nacionales,"PIB por actividad económica, Región de Ñuble, contribución porcentual respecto de igual periodo del año anterior, series empalmadas, referencia 2018",06,Construcción,f035_positional
F035.PIB.V12.R.CLP.2018.08.Z.Z.16.0.A,"Transporte, información y comunicaciones",16,Ñuble,A,Cuentas Nacionales,"PIB por actividad económica, Región de Ñuble, contribución porcentual respecto de igual periodo del año anterior, series empalmadas, referencia 2018",08,"Transporte, información y comunicaciones",f035_positional
F035.PIB.V12.R.CLP.2018.09.21.Z.16.0.A,Servicios financieros y empresariales,16,Ñuble,A,Cuentas Nacionales,"PIB por actividad económica, Región de Ñuble, contribución porcentual respecto de igual periodo del año anterior, series empalmadas, referencia 2018",09,Servicios financieros y empresariales,f035_positional
F035.PIB.V12.R.CLP.2018.10.Z.Z.16.0.A,Servicios de vivienda e inmobiliarios,16,Ñuble,A,Cuentas Nacionales,"PIB por actividad económica, Región de Ñuble, contribución porcentual respecto de igual periodo del año anterior, series empalmadas, referencia 2018",10,Servicios de vivienda e inmobiliarios,f035_positional
F035.PIB.V12.R.CLP.2018.11.Z.Z.16.0.A,Servicios personales,16,Ñuble,A,Cuentas Nacionales,"PIB por actividad económica, Región de Ñuble, contribución porcentual respecto de igual periodo del año anterior, series empalmadas, referencia 2018",11,Servicios personales,f035_positional
F035.PIB.V12.R.CLP.2018.12.Z.Z.16.0.A,Administración pública,16,Ñuble,A,Cuentas Nacionales,"PIB por actividad económica, Región de Ñuble, contribución porcentual respecto de igual periodo del año anterior, series empalmadas, referencia 2018",12,Administración pública,f035_positional
F035.PIB.V12.R.CLP.2018.COM.Z.Z.16.0.A,Comercio,16,Ñuble,A,Cuentas Nacionales,"PIB por actividad económica, Región de Ñuble, contribución porcentual respecto de igual periodo del año anterior, series empalmadas, referencia 2018",COM,Comercio,f035_positional
F035.PIB.V12.R.CLP.2018.CONT.Z.Z.16.0.A,Producto Interno Bruto,16,Ñuble,A,Cuentas Nacionales,"PIB por actividad económica, Región de Ñuble, contribución porcentual respecto de igual periodo del año anterior, series empalmadas, referencia 2018",CONT,PIB (contribución),f035_positional
F035.PIB.V12.R.CLP.2018.RH.Z.Z.16.0.A,Restaurantes y hoteles,16,Ñuble,A,Cuentas Nacionales,"PIB por actividad económica, Región de Ñuble, contribución porcentual respecto de igual periodo del año anterior, series empalmadas, referencia 2018",RH,Restaurantes y hoteles,f035_positional
F035.PIB.V12.R.CLP.2018.Z.Z.Z.16.0.A,Región de Ñuble,16,Ñuble,A,Cuentas Nacionales,"Producto interno bruto por región, contribución porcentual respecto de igual periodo del año anterior, series empalmadas, referencia 2018",,,f035_positional
F035.PIB.FLU.R.CLP.2018.03.21.Z.01.0.T,Minería,01,Tarapacá,T,Cuentas Nacionales,"PIB por actividad económica, Región de Tarapacá,  volumen a precios del año anterior encadenado, series empalmadas, referencia 2018 (miles de millones de pesos encadenados)",03,Minería,f035_positional
F035.PIB.FLU.R.CLP.2018.04.21.Z.01.0.T,Industria,01,Tarapacá,T,Cuentas Nacionales,"PIB por actividad económica, Región de Tarapacá,  volumen a precios del año anterior encadenado, series empalmadas, referencia 2018 (miles de millones de pesos encadenados)",04,Industria,f035_positional
F035.PIB.FLU.R.CLP.2018.COM.21.Z.01.0.T,Comercio,01,Tarapacá,T,Cuentas Nacionales,"PIB por actividad económica, Región de Tarapacá,  volumen a precios del año anterior encadenado, series empalmadas, referencia 2018 (miles de millones de pesos encadenados)",COM,Comercio,f035_positional
F035.PIB.FLU.R.CLP.2018.PB.21.Z.01.0.T,Producción de bienes,01,Tarapacá,T,Cuentas Nacionales,"PIB por actividad económica, Región de Tarapacá,  volumen a precios del año anterior encadenado, series empalmadas, referencia 2018 (miles de millones de pesos encadenados)",PB,Producción de bienes,f035_positional
F035.PIB.FLU.R.CLP.2018.RB.21.Z.01.0.T,Resto de bienes,01,Tarapacá,T,Cuentas Nacionales,"PIB por actividad económica, Región de Tarapacá,  volumen a precios del año anterior encadenado, series empalmadas, referencia 2018 (miles de millones de pesos encadenados)",RB,Resto de bienes,f035_positional
F035.PIB.FLU.R.CLP.2018.SERV.21.Z.01.0.T,Servicios,01,Tarapacá,T,Cuentas Nacionales,"PIB por actividad económica, Región de Tarapacá,  volumen a precios del año anterior encadenado, series empalmadas, referencia 2018 (miles de millones de pesos encadenados)",SERV,Servicios,f035_positional
F035.PIB.FLU.R.CLP.2018.Z.Z.Z.01.0.T,Región de Tarapacá,01,Tarapacá,T,Cuentas Nacionales,"Producto interno bruto trimestral por región, volumen a precios del año anterior encadenado, series empalmadas, referencia 2018 (miles de millones de pesos encadenados)",,,f035_positional
F035.PIB.V12.R.CLP.2018.03.21.Z.01.0.T,Minería,01,Tarapacá,T,Cuentas Nacionales,"Producto interno bruto Región de Tarapacá, contribución porcentual respecto de igual periodo del año anterior, series empalmadas, referencia 2018",03,Minería,f035_positional
F035.PIB.V12.R.CLP.2018.04.21.Z.01.0.T,Industria,01,Tarapacá,T,Cuentas Nacionales,"Producto interno bruto Región de Tarapacá, contribución porcentual respecto de igual periodo del año anterior, series empalmadas, referencia 2018",04,Industria,f035_positional
F035.PIB.V12.R.CLP.2018.COM.21.Z.01.0.T,Comercio,01,Tarapacá,T,Cuentas Nacionales,"Producto interno bruto Región de Tarapacá, contribución porcentual respecto de igual periodo del año anterior, series empalmadas, referencia 2018",COM,Comercio,f035_positional
F035.PIB.V12.R.CLP.2018.CONT.Z.Z.01.0.T,Producto Interno Bruto,01,Tarapacá,T,Cuentas Nacionales,"Producto interno bruto Región de Tarapacá, contribución porcentual respecto de igual periodo del año anterior, series empalmadas, referencia 2018",CONT,PIB (contribución),f035_positional
F035.PIB.V12.R.CLP.2018.PB.21.Z.01.0.T,Producción de bienes,01,Tarapacá,T,Cuentas Nacionales,"Producto interno bruto Región de Tarapacá, contribución porcentual respecto de igual periodo del año anterior, series empalmadas, referencia 2018",PB,Producción de bienes,f035_positional
F035.PIB.V12.R.CLP.2018.RB.21.Z.01.0.T,Resto de bienes,01,Tarapacá,T,Cuentas Nacionales,"Producto interno bruto Región de Tarapacá, contribución porcentual respecto de igual periodo del año anterior, series empalmadas, referencia 2018",RB,Resto de bienes,f035_positional
F035.PIB.V12.R.CLP.2018.SERV.21.Z.01.0.T,Servicios,01,Tarapacá,T,Cuentas Nacionales,"Producto interno bruto Región de Tarapacá, contribución porcentual respecto de igual periodo del año anterior, series empalmadas, referencia 2018",SERV,Servicios,f035_positional
F035.PIB.V12.R.CLP.2018.Z.Z.Z.01.0.T,Región de Tarapacá,01,Tarapacá,T,Cuentas Nacionales,"Producto interno bruto por región, contribución porcentual respecto de igual periodo del año anterior, series empalmadas, referencia 2018 .",,,f035_positional
F035.PIB.FLU.R.CLP.2018.03.Z.Z.02.0.T,Minería,02,Antofagasta,T,Cuentas Nacionales,"PIB por actividad económica, Región de Antofagasta, volumen a precios del año anterior encadenado, series empalmadas, referencia 2018 (miles de millones de pesos encadenados)",03,Minería,f035_positional
F035.PIB.FLU.R.CLP.2018.04.Z.Z.02.0.T,Industria,02,Antofagasta,T,Cuentas Nacionales,"PIB por actividad económica, Región de Antofagasta, volumen a precios del año anterior encadenado, series empalmadas, referencia 2018 (miles de millones de pesos encadenados)",04,Industria,f035_positional
F035.PIB.FLU.R.CLP.2018.COM.Z.Z.02.0.T,Comercio,02,Antofagasta,T,Cuentas Nacionales,"PIB por actividad económica, Región de Antofagasta, volumen a precios del año anterior encadenado, series empalmadas, referencia 2018 (miles de millones de pesos encadenados)",COM,Comercio,f035_positional
F035.PIB.FLU.R.CLP.2018.PB.Z.Z.02.0.T,Producción de bienes,02,Antofagasta,T,Cuentas Nacionales,"PIB por actividad económica, Región de Antofagasta, volumen a precios del año anterior encadenado, series empalmadas, referencia 2018 (miles de millones de pesos encadenados)",PB,Producción de bienes,f035_positional
F035.PIB.FLU.R.CLP.2018.RB.Z.Z.02.0.T,Resto de bienes,02,Antofagasta,T,Cuentas Nacionales,"PIB por actividad económica, Región de Antofagasta, volumen a precios del año anterior encadenado, series empalmadas, referencia 2018 (miles de millones de pesos encadenados)",RB,Resto de bienes,f035_positional
F035.PIB.FLU.R.CLP.2018.SERV.Z.Z.02.0.T,Servicios,02,Antofagasta,T,Cuentas Nacionales,"PIB por actividad económica, Región de Antofagasta, volumen a precios del año anterior encadenado, series empalmadas, referencia 2018 (miles de millones de pesos encadenados)",SERV,Servicios,f035_positional
F035.PIB.FLU.R.CLP.2018.Z.Z.Z.02.0.T,Región de Antofagasta,02,Antofagasta,T,Cuentas Nacionales,"Producto interno bruto trimestral por región, volumen a precios del año anterior encadenado, series empalmadas, referencia 2018 (miles de millones de pesos encadenados)",,,f035_positional
F035.PIB.V12.R.CLP.2018.03.Z.Z.02.0.T,Minería,02,Antofagasta,T,Cuentas Nacionales,"Producto interno bruto Región de Antofagasta, contribución porcentual respecto de igual periodo del año anterior, series empalmadas, referencia 2018",03,Minería,f035_positional
F035.PIB.V12.R.CLP.2018.04.Z.Z.02.0.T,Industria,02,Antofagasta,T,Cuentas Nacionales,"Producto interno bruto Región de Antofagasta, contribución porcentual respecto de igual periodo del año anterior, series empalmadas, referencia 2018",04,Industria,f035_positional
F035.PIB.V12.R.CLP.2018.COM.Z.Z.02.0.T,Comercio,02,Antofagasta,T,Cuentas Nacionales,"Producto interno bruto Región de Antofagasta, contribución porcentual respecto de igual periodo del año anterior, series empalmadas, referencia 2018",COM,Comercio,f035_positional
F035.PIB.V12.R.CLP.2018.CONT.Z.Z.02.0.T,Producto Interno Bruto,02,Antofagasta,T,Cuentas Nacionales,"Producto interno bruto Región de Antofagasta, contribución porcentual respecto de igual periodo del año anterior, series empalmadas, referencia 2018",CONT,PIB (contribución),f035_positional
F035.PIB.V12.R.CLP.2018.PB.Z.Z.02.0.T,Producción de bienes,02,Antofagasta,T,Cuentas Nacionales,"Producto interno bruto Región de Antofagasta, contribución porcentual respecto de igual periodo del año anterior, series empalmadas, referencia 2018",PB,Producción de bienes,f035_positional
F035.PIB.V12.R.CLP.2018.RB.Z.Z.02.0.T,Resto de bienes,02,Antofagasta,T,Cuentas Nacionales,"Producto interno bruto Región de Antofagasta, contribución porcentual respecto de igual periodo del año anterior, series empalmadas, referencia 2018",RB,Resto de bienes,f035_positional
F035.PIB.V12.R.CLP.2018.SERV.Z.Z.02.0.T,Servicios,02,Antofagasta,T,Cuentas Nacionales,"Producto interno bruto Región de Antofagasta, contribución porcentual respecto de igual periodo del año anterior, series empalmadas, referencia 2018",SERV,Servicios,f035_positional
F035.PIB.V12.R.CLP.2018.Z.Z.Z.02.0.T,Región de Antofagasta,02,Antofagasta,T,Cuentas Nacionales,"Producto interno bruto por región, contribución porcentual respecto de igual periodo del año anterior, series empalmadas, referencia 2018 .",,,f035_positional
F035.PIB.FLU.R.CLP.2018.03.Z.Z.03.0.T,Minería,03,Atacama,T,Cuentas Nacionales,"PIB por actividad económica, Región de Atacama, volumen a precios del año anterior encadenado, series empalmadas, referencia 2018 (miles de millones de pesos encadenados)",03,Minería,f035_positional
F035.PIB.FLU.R.CLP.2018.04.Z.Z.03.0.T,Industria manufacturera,03,Atacama,T,Cuentas Nacionales,"PIB por actividad económica, Región de Atacama, volumen a precios del año anterior encadenado, series empalmadas, referencia 2018 (miles de millones de pesos encadenados)",04,Industria,f035_positional
F035.PIB.FLU.R.CLP.2018.COM.Z.Z.03.0.T,Comercio,03,Atacama,T,Cuentas Nacionales,"PIB por actividad económica, Región de Atacama, volumen a precios del año anterior encadenado, series empalmadas, referencia 2018 (miles de millones de pesos encadenados)",COM,Comercio,f035_positional
F035.PIB.FLU.R.CLP.2018.PB.Z.Z.03.0.T,Producción de bienes,03,Atacama,T,Cuentas Nacionales,"PIB por actividad económica, Región de Atacama, volumen a precios del año anterior encadenado, series empalmadas, referencia 2018 (miles de millones de pesos encadenados)",PB,Producción de bienes,f035_positional
F035.PIB.FLU.R.CLP.2018.RB.Z.Z.03.0.T,Resto de bienes,03,Atacama,T,Cuentas Nacionales,"PIB por actividad económica, Región de Atacama, volumen a precios del año anterior encadenado, series empalmadas, referencia 2018 (miles de millones de pesos encadenados)",RB,Resto de bienes,f035_positional
F035.PIB.FLU.R.CLP.2018.SERV.Z.Z.03.0.T,Servicios,03,Atacama,T,Cuentas Nacionales,"PIB por actividad económica, Región de Atacama, volumen a precios del año anterior encadenado, series empalmadas, referencia 2018 (miles de millones de pesos encadenados)",SERV,Servicios,f035_positional
F035.PIB.FLU.R.CLP.2018.Z.Z.Z.03.0.T,Región de Atacama,03,Atacama,T,Cuentas Nacionales,"Producto interno bruto trimestral por región, volumen a precios del año anterior encadenado, series empalmadas, referencia 2018 (miles de millones de pesos encadenados)",,,f035_positional
F035.PIB.V12.R.CLP.2018.03.Z.Z.03.0.T,Minería,03,Atacama,T,Cuentas Nacionales,"Producto interno bruto Región de Atacama, contribución porcentual respecto de igual periodo del año anterior, series empalmadas, referencia 2018",03,Minería,f035_positional
F035.PIB.V12.R.CLP.2018.04.Z.Z.03.0.T,Industria,03,Atacama,T,Cuentas Nacionales,"Producto interno bruto Región de Atacama, contribución porcentual respecto de igual periodo del año anterior, series empalmadas, referencia 2018",04,Industria,f035_positional
F035.PIB.V12.R.CLP.2018.COM.Z.Z.03.0.T,Comercio,03,Atacama,T,Cuentas Nacionales,"Producto interno bruto Región de Atacama, contribución porcentual respecto de igual periodo del año anterior, series empalmadas, referencia 2018",COM,Comercio,f035_positional
F035.PIB.V12.R.CLP.2018.CONT.Z.Z.03.0.T,Producto Interno Bruto,03,Atacama,T,Cuentas Nacionales,"Producto interno bruto Región de Atacama, contribución porcentual respecto de igual periodo del año anterior, series empalmadas, referencia 2018",CONT,PIB (contribución),f035_positional
F035.PIB.V12.R.CLP.2018.PB.Z.Z.03.0.T,Producción de bienes,03,Atacama,T,Cuentas Nacionales,"Producto interno bruto Región de Atacama, contribución porcentual respecto de igual periodo del año anterior, series empalmadas, referencia 2018",PB,Producción de bienes,f035_positional
F035.PIB.V12.R.CLP.2018.RB.Z.Z.03.0.T,Resto de bienes,03,Atacama,T,Cuentas Nacionales,"Producto interno bruto Región de Atacama, contribución porcentual respecto de igual periodo del año anterior, series empalmadas, referencia 2018",RB,Resto de bienes,f035_positional
F035.PIB.V12.R.CLP.2018.SERV.Z.Z.03.0.T,Servicios,03,Atacama,T,Cuentas Nacionales,"Producto interno bruto Región de Atacama, contribución porcentual respecto de igual periodo del año anterior, series empalmadas, referencia 2018",SERV,Servicios,f035_positional
F035.PIB.V12.R.CLP.2018.Z.Z.Z.03.0.T,Región de Atacama,03,Atacama,T,Cuentas Nacionales,"Producto interno bruto por región, contribución porcentual respecto de igual periodo del año anterior, series empalmadas, referencia 2018 .",,,f035_positional
F035.PIB.FLU.R.CLP.2018.03.Z.Z.04.0.T,Minería,04,Coquimbo,T,Cuentas Nacionales,"PIB por actividad económica, Región de Coquimbo, volumen a precios del año anterior encadenado, series empalmadas, referencia 2018 (miles de millones de pesos encadenados)",03,Minería,f035_positional
F035.PIB.FLU.R.CLP.2018.04.Z.Z.04.0.T,Industria,04,Coquimbo,T,Cuentas Nacionales,"PIB por actividad económica, Región de Coquimbo, volumen a precios del año anterior encadenado, series empalmadas, referencia 2018 (miles de millones de pesos encadenados)",04,Industria,f035_positional
F035.PIB.FLU.R.CLP.2018.COM.Z.Z.04.0.T,Comercio,04,Coquimbo,T,Cuentas Nacionales,"PIB por actividad económica, Región de Coquimbo, volumen a precios del año anterior encadenado, series empalmadas, referencia 2018 (miles de millones de pesos encadenados)",COM,Comercio,f035_positional
F035.PIB.FLU.R.CLP.2018.PB.Z.Z.04.0.T,Producción de bienes,04,Coquimbo,T,Cuentas Nacionales,"PIB por actividad económica, Región de Coquimbo, volumen a precios del año anterior encadenado, series empalmadas, referencia 2018 (miles de millones de pesos encadenados)",PB,Producción de bienes,f035_positional
F035.PIB.FLU.R.CLP.2018.RB.Z.Z.04.0.T,Resto de bienes,04,Coquimbo,T,Cuentas Nacionales,"PIB por actividad económica, Región de Coquimbo, volumen a precios del año anterior encadenado, series empalmadas, referencia 2018 (miles de millones de pesos encadenados)",RB,Resto de bienes,f035_positional
F035.PIB.FLU.R.CLP.2018.SERV.Z.Z.04.0.T,Servicios,04,Coquimbo,T,Cuentas Nacionales,"PIB por actividad económica, Región de Coquimbo, volumen a precios del año anterior encadenado, series empalmadas, referencia 2018 (miles de millones de pesos encadenados)",SERV,Servicios,f035_positional
F035.PIB.FLU.R.CLP.2018.Z.Z.Z.04.0.T,Región de Coquimbo,04,Coquimbo,T,Cuentas Nacionales,"Producto interno bruto trimestral por región, volumen a precios del año anterior encadenado, series empalmadas, referencia 2018 (miles de millones de pesos encadenados)",,,f035_positional
F035.PIB.V12.R.CLP.2018.03.Z.Z.04.0.T,Minería,04,Coquimbo,T,Cuentas Nacionales,"Producto interno bruto Región de Coquimbo, contribución porcentual respecto de igual periodo del año anterior, series empalmadas, referencia 2018",03,Minería,f035_positional
F035.PIB.V12.R.CLP.2018.04.Z.Z.04.0.T,Industria,04,Coquimbo,T,Cuentas Nacionales,"Producto interno bruto Región de Coquimbo, contribución porcentual respecto de igual periodo del año anterior, series empalmadas, referencia 2018",04,Industria,f035_positional
F035.PIB.V12.R.CLP.2018.COM.Z.Z.04.0.T,Comercio,04,Coquimbo,T,Cuentas Nacionales,"Producto interno bruto Región de Coquimbo, contribución porcentual respecto de igual periodo del año anterior, series empalmadas, referencia 2018",COM,Comercio,f035_positional
F035.PIB.V12.R.CLP.2018.CONT.Z.Z.04.0.T,Producto Interno Bruto,04,Coquimbo,T,Cuentas Nacionales,"Producto interno bruto Región de Coquimbo, contribución porcentual respecto de igual periodo del año anterior, series empalmadas, referencia 2018",CONT,PIB (contribución),f035_positional
F035.PIB.V12.R.CLP.2018.PB.Z.Z.04.0.T,Producción de bienes,04,Coquimbo,T,Cuentas Nacionales,"Producto interno bruto Región de Coquimbo, contribución porcentual respecto de igual periodo del año anterior, series empalmadas, referencia 2018",PB,Producción de bienes,f035_positional
F035.PIB.V12.R.CLP.2018.RB.Z.Z.04.0.T,Resto de bienes,04,Coquimbo,T,Cuentas Nacionales,"Producto interno bruto Región de Coquimbo, contribución porcentual respecto de igual periodo del año anterior, series empalmadas, referencia 2018",RB,Resto de bienes,f035_positional
F035.PIB.V12.R.CLP.2018.SERV.Z.Z.04.0.T,Servicios,04,Coquimbo,T,Cuentas Nacionales,"Producto interno bruto Región de Coquimbo, contribución porcentual respecto de igual periodo del año anterior, series empalmadas, referencia 2018",SERV,Servicios,f035_positional
F035.PIB.V12.R.CLP.2018.Z.Z.Z.04.0.T,Región de Coquimbo,04,Coquimbo,T,Cuentas Nacionales,"Producto interno bruto por región, contribución porcentual respecto de igual periodo del año anterior, series empalmadas, referencia 2018 .",,,f035_positional
F035.PIB.FLU.R.CLP.2018.03.Z.Z.05.0.T,Minería,05,Valparaíso,T,Cuentas Nacionales,"PIB actividad económica, Región de Valparaíso, volumen a precios del año anterior encadenado, series empalmadas, referencia 2018 (miles de millones de pesos encadenados)",03,Minería,f035_positional
F035.PIB.FLU.R.CLP.2018.04.Z.Z.05.0.T,Industria,05,Valparaíso,T,Cuentas Nacionales,"PIB actividad económica, Región de Valparaíso, volumen a precios del año anterior encadenado, series empalmadas, referencia 2018 (miles de millones de pesos encadenados)",04,Industria,f035_positional
F035.PIB.FLU.R.CLP.2018.COM.Z.Z.05.0.T,Comercio,05,Valparaíso,T,Cuentas Nacionales,"PIB actividad económica, Región de Valparaíso, volumen a precios del año anterior encadenado, series empalmadas, referencia 2018 (miles de millones de pesos encadenados)",COM,Comercio,f035_positional
F035.PIB.FLU.R.CLP.2018.PB.Z.Z.05.0.T,Producción de bienes,05,Valparaíso,T,Cuentas Nacionales,"PIB actividad económica, Región de Valparaíso, volumen a precios del año anterior encadenado, series empalmadas, referencia 2018 (miles de millones de pesos encadenados)",PB,Producción de bienes,f035_positional
F035.PIB.FLU.R.CLP.2018.RB.Z.Z.05.0.T,Resto de bienes,05,Valparaíso,T,Cuentas Nacionales,"PIB actividad económica, Región de Valparaíso, volumen a precios del año anterior encadenado, series empalmadas, referencia 2018 (miles de millones de pesos encadenados)",RB,Resto de bienes,f035_positional
F035.PIB.FLU.R.CLP.2018.SERV.Z.Z.05.0.T,Servicios,05,Valparaíso,T,Cuentas Nacionales,"PIB actividad económica, Región de Valparaíso, volumen a precios del año anterior encadenado, series empalmadas, referencia 2018 (miles de millones de pesos encadenados)",SERV,Servicios,f035_positional
F035.PIB.FLU.R.CLP.2018.Z.Z.Z.05.0.T,Región de Valparaíso,05,Valparaíso,T,Cuentas Nacionales,"Producto interno bruto trimestral por región, volumen a precios del año anterior encadenado, series empalmadas, referencia 2018 (miles de millones de pesos encadenados)",,,f035_positional
F035.PIB.V12.R.CLP.2018.03.Z.Z.05.0.T,Minería,05,Valparaíso,T,Cuentas Nacionales,"Producto interno bruto Región de Valparaíso, contribución porcentual respecto de igual periodo del año anterior, series empalmadas, referencia 2018",03,Minería,f035_positional
F035.PIB.V12.R.CLP.2018.04.Z.Z.05.0.T,Industria,05,Valparaíso,T,Cuentas Nacionales,"Producto interno bruto Región de Valparaíso, contribución porcentual respecto de igual periodo del año anterior, series empalmadas, referencia 2018",04,Industria,f035_positional
F035.PIB.V12.R.CLP.2018.COM.Z.Z.05.0.T,Comercio,05,Valparaíso,T,Cuentas Nacionales,"Producto interno bruto Región de Valparaíso, contribución porcentual respecto de igual periodo del año anterior, series empalmadas, referencia 2018",COM,Comercio,f035_positional
F035.PIB.V12.R.CLP.2018.CONT.Z.Z.05.0.T,Producto Interno Bruto,05,Valparaíso,T,Cuentas Nacionales,"Producto interno bruto Región de Valparaíso, contribución porcentual respecto de igual periodo del año anterior, series empalmadas, referencia 2018",CONT,PIB (contribución),f035_positional
F035.PIB.V12.R.CLP.2018.PB.Z.Z.05.0.T,Producción de bienes,05,Valparaíso,T,Cuentas Nacionales,"Producto interno bruto Región de Valparaíso, contribución porcentual respecto de igual periodo del año anterior, series empalmadas, referencia 2018",PB,Producción de bienes,f035_positional
F035.PIB.V12.R.CLP.2018.RB.Z.Z.05.0.T,Resto de bienes,05,Valparaíso,T,Cuentas Nacionales,"Producto interno bruto Región de Valparaíso, contribución porcentual respecto de igual periodo del año anterior, series empalmadas, referencia 2018",RB,Resto de bienes,f035_positional
F035.PIB.V12.R.CLP.2018.SERV.Z.Z.05.0.T,Servicios,05,Valparaíso,T,Cuentas Nacionales,"Producto interno bruto Región de Valparaíso, contribución porcentual respecto de igual periodo del año anterior, series empalmadas, referencia 2018",SERV,Servicios,f035_positional
F035.PIB.V12.R.CLP.2018.Z.Z.Z.05.0.T,Región de Valparaíso,05,Valparaíso,T,Cuentas Nacionales,"Producto interno bruto por región, contribución porcentual respecto de igual periodo del año anterior, series empalmadas, referencia 2018 .",,,f035_positional
F035.PIB.FLU.R.CLP.2018.03.Z.Z.06.0.T,Minería,06,O'Higgins,T,Cuentas Nacionales,"PIB por actividad económica, Región del Libertador General Bernardo O Higgins, volumen a precios del año anterior encadenado, series empalmadas, referencia 2018 (miles de millones de pesos encadenados)",03,Minería,f035_positional
F035.PIB.FLU.R.CLP.2018.04.Z.Z.06.0.T,Industria,06,O'Higgins,T,Cuentas Nacionales,"PIB por actividad económica, Región del Libertador General Bernardo O Higgins, volumen a precios del año anterior encadenado, series empalmadas, referencia 2018 (miles de millones de pesos encadenados)",04,Industria,f035_positional
F035.PIB.FLU.R.CLP.2018.COM.Z.Z.06.0.T,Comercio,06,O'Higgins,T,Cuentas Nacionales,"PIB por actividad económica, Región del Libertador General Bernardo O Higgins, volumen a precios del año anterior encadenado, series empalmadas, referencia 2018 (miles de millones de pesos encadenados)",COM,Comercio,f035_positional
F035.PIB.FLU.R.CLP.2018.PB.Z.Z.06.0.T,Producción de bienes,06,O'Higgins,T,Cuentas Nacionales,"PIB por actividad económica, Región del Libertador General Bernardo O Higgins, volumen a precios del año anterior encadenado, series empalmadas, referencia 2018 (miles de millones de pesos encadenados)",PB,Producción de bienes,f035_positional
F035.PIB.FLU.R.CLP.2018.RB.Z.Z.06.0.T,Resto de bienes,06,O'Higgins,T,Cuentas Nacionales,"PIB por actividad económica, Región del Libertador General Bernardo O Higgins, volumen a precios del año anterior encadenado, series empalmadas, referencia 2018 (miles de millones de pesos encadenados)",RB,Resto de bienes,f035_positional
F035.PIB.FLU.R.CLP.2018.SERV.Z.Z.06.0.T,Servicios,06,O'Higgins,T,Cuentas Nacionales,"PIB por actividad económica, Región del Libertador General Bernardo O Higgins, volumen a precios del año anterior encadenado, series empalmadas, referencia 2018 (miles de millones de pesos encadenados)",SERV,Servicios,f035_positional
F035.PIB.FLU.R.CLP.2018.Z.Z.Z.06.0.T,Región del Libertador General Bernardo OHiggins,06,O'Higgins,T,Cuentas Nacionales,"Producto interno bruto trimestral por región, volumen a precios del año anterior encadenado, series empalmadas, referencia 2018 (miles de millones de pesos encadenados)",,,f035_positional
F035.PIB.V12.R.CLP.2018.03.Z.Z.06.0.T,Minería,06,O'Higgins,T,Cuentas Nacionales,"Producto interno bruto Región de Libertador General Bernardo O`Higgins, contribución porcentual respecto de igual periodo del año anterior, series empalmadas, referencia 2018",03,Minería,f035_positional
F035.PIB.V12.R.CLP.2018.04.Z.Z.06.0.T,Industria,06,O'Higgins,T,Cuentas Nacionales,"Producto interno bruto Región de Libertador General Bernardo O`Higgins, contribución porcentual respecto de igual periodo del año anterior, series empalmadas, referencia 2018",04,Industria,f035_positional
F035.PIB.V12.R.CLP.2018.COM.Z.Z.06.0.T,Comercio,06,O'Higgins,T,Cuentas Nacionales,"Producto interno bruto Región de Libertador General Bernardo O`Higgins, contribución porcentual respecto de igual periodo del año anterior, series empalmadas, referencia 2018",COM,Comercio,f035_positional
F035.PIB.V12.R.CLP.2018.CONT.Z.Z.06.0.T,Producto Interno Bruto,06,O'Higgins,T,Cuentas Nacionales,"Producto interno bruto Región de Libertador General Bernardo O`Higgins, contribución porcentual respecto de igual periodo del año anterior, series empalmadas, referencia 2018",CONT,PIB (contribución),f035_positional
F035.PIB.V12.R.CLP.2018.PB.Z.Z.06.0.T,Producción de bienes,06,O'Higgins,T,Cuentas Nacionales,"Producto interno bruto Región de Libertador General Bernardo O`Higgins, contribución porcentual respecto de igual periodo del año anterior, series empalmadas, referencia 2018",PB,Producción de bienes,f035_positional
F035.PIB.V12.R.CLP.2018.RB.Z.Z.06.0.T,Resto de bienes,06,O'Higgins,T,Cuentas Nacionales,"Producto interno bruto Región de Libertador General Bernardo O`Higgins, contribución porcentual respecto de igual periodo del año anterior, series empalmadas, referencia 2018",RB,Resto de bienes,f035_positional
F035.PIB.V12.R.CLP.2018.SERV.Z.Z.06.0.T,Servicios,06,O'Higgins,T,Cuentas Nacionales,"Producto interno bruto Región de Libertador General Bernardo O`Higgins, contribución porcentual respecto de igual periodo del año anterior, series empalmadas, referencia 2018",SERV,Servicios,f035_positional
F035.PIB.V12.R.CLP.2018.Z.Z.Z.06.0.T,Región del Libertador General Bernardo OHiggins,06,O'Higgins,T,Cuentas Nacionales,"Producto interno bruto por región, contribución porcentual respecto de igual periodo del año anterior, series empalmadas, referencia 2018 .",,,f035_positional
F035.PIB.FLU.R.CLP.2018.03.Z.Z.07.0.T,Minería,07,Maule,T,Cuentas Nacionales,"PIB por actividad económica, Región del Maule, volumen a precios del año anterior encadenado, series empalmadas, referencia 2018 (miles de millones de pesos encadenados)",03,Minería,f035_positional
F035.PIB.FLU.R.CLP.2018.04.Z.Z.07.0.T,Industria,07,Maule,T,Cuentas Nacionales,"PIB por actividad económica, Región del Maule, volumen a precios del año anterior encadenado, series empalmadas, referencia 2018 (miles de millones de pesos encadenados)",04,Industria,f035_positional
F035.PIB.FLU.R.CLP.2018.COM.Z.Z.07.0.T,Comercio,07,Maule,T,Cuentas Nacionales,"PIB por actividad económica, Región del Maule, volumen a precios del año anterior encadenado, series empalmadas, referencia 2018 (miles de millones de pesos encadenados)",COM,Comercio,f035_positional
F035.PIB.FLU.R.CLP.2018.PB.Z.Z.07.0.T,Producción de bienes,07,Maule,T,Cuentas Nacionales,"PIB por actividad económica, Región del Maule, volumen a precios del año anterior encadenado, series empalmadas, referencia 2018 (miles de millones de pesos encadenados)",PB,Producción de bienes,f035_positional
F035.PIB.FLU.R.CLP.2018.RB.Z.Z.07.0.T,Resto de bienes,07,Maule,T,Cuentas Nacionales,"PIB por actividad económica, Región del Maule, volumen a precios del año anterior encadenado, series empalmadas, referencia 2018 (miles de millones de pesos encadenados)",RB,Resto de bienes,f035_positional
F035.PIB.FLU.R.CLP.2018.SERV.Z.Z.07.0.T,Servicios,07,Maule,T,Cuentas Nacionales,"PIB por actividad económica, Región del Maule, volumen a precios del año anterior encadenado, series empalmadas, referencia 2018 (miles de millones de pesos encadenados)",SERV,Servicios,f035_positional
F035.PIB.FLU.R.CLP.2018.Z.Z.Z.07.0.T,Región del Maule,07,Maule,T,Cuentas Nacionales,"Producto interno bruto trimestral por región, volumen a precios del año anterior encadenado, series empalmadas, referencia 2018 (miles de millones de pesos encadenados)",,,f035_positional
F035.PIB.V12.R.CLP.2018.03.Z.Z.07.0.T,Minería,07,Maule,T,Cuentas Nacionales,"Producto interno bruto Región del Maule, contribución porcentual respecto de igual periodo del año anterior, series empalmadas, referencia 2018",03,Minería,f035_positional
F035.PIB.V12.R.CLP.2018.04.Z.Z.07.0.T,Industria,07,Maule,T,Cuentas Nacionales,"Producto interno bruto Región del Maule, contribución porcentual respecto de igual periodo del año anterior, series empalmadas, referencia 2018",04,Industria,f035_positional
F035.PIB.V12.R.CLP.2018.COM.Z.Z.07.0.T,Comercio,07,Maule,T,Cuentas Nacionales,"Producto interno bruto Región del Maule, contribución porcentual respecto de igual periodo del año anterior, series empalmadas, referencia 2018",COM,Comercio,f035_positional
F035.PIB.V12.R.CLP.2018.CONT.Z.Z.07.0.T,Producto Interno Bruto,07,Maule,T,Cuentas Nacionales,"Producto interno bruto Región del Maule, contribución porcentual respecto de igual periodo del año anterior, series empalmadas, referencia 2018",CONT,PIB (contribución),f035_positional
F035.PIB.V12.R.CLP.2018.PB.Z.Z.07.0.T,Producción de bienes,07,Maule,T,Cuentas Nacionales,"Producto interno bruto Región del Maule, contribución porcentual respecto de igual periodo del año anterior, series empalmadas, referencia 2018",PB,Producción de bienes,f035_positional
F035.PIB.V12.R.CLP.2018.RB.Z.Z.07.0.T,Resto de bienes,07,Maule,T,Cuentas Nacionales,"Producto interno bruto Región del Maule, contribución porcentual respecto de igual periodo del año anterior, series empalmadas, referencia 2018",RB,Resto de bienes,f035_positional
F035.PIB.V12.R.CLP.2018.SERV.Z.Z.07.0.T,Servicios,07,Maule,T,Cuentas Nacionales,"Producto interno bruto Región del Maule, contribución porcentual respecto de igual periodo del año anterior, series empalmadas, referencia 2018",SERV,Servicios,f035_positional
F035.PIB.V12.R.CLP.2018.Z.Z.Z.07.0.T,Región del Maule,07,Maule,T,Cuentas Nacionales,"Producto interno bruto por región, contribución porcentual respecto de igual periodo del año anterior, series empalmadas, referencia 2018 .",,,f035_positional
F035.PIB.FLU.R.CLP.2018.03.Z.Z.08.0.T,Minería,08,Biobío,T,Cuentas Nacionales,"PIB por actividad económica, Región del Biobío, volumen a precios del año anterior encadenado, series empalmadas, referencia 2018 (miles de millones de pesos encadenados)",03,Minería,f035_positional
F035.PIB.FLU.R.CLP.2018.04.Z.Z.08.0.T,Industria,08,Biobío,T,Cuentas Nacionales,"PIB por actividad económica, Región del Biobío, volumen a precios del año anterior encadenado, series empalmadas, referencia 2018 (miles de millones de pesos encadenados)",04,Industria,f035_positional
F035.PIB.FLU.R.CLP.2018.COM.Z.Z.08.0.T,Comercio,08,Biobío,T,Cuentas Nacionales,"PIB por actividad económica, Región del Biobío, volumen a precios del año anterior encadenado, series empalmadas, referencia 2018 (miles de millones de pesos encadenados)",COM,Comercio,f035_positional
F035.PIB.FLU.R.CLP.2018.PB.Z.Z.08.0.T,Producción de bienes,08,Biobío,T,Cuentas Nacionales,"PIB por actividad económica, Región del Biobío, volumen a precios del año anterior encadenado, series empalmadas, referencia 2018 (miles de millones de pesos encadenados)",PB,Producción de bienes,f035_positional
F035.PIB.FLU.R.CLP.2018.RB.Z.Z.08.0.T,Resto de bienes,08,Biobío,T,Cuentas Nacionales,"PIB por actividad económica, Región del Biobío, volumen a precios del año anterior encadenado, series empalmadas, referencia 2018 (miles de millones de pesos encadenados)",RB,Resto de bienes,f035_positional
F035.PIB.FLU.R.CLP.2018.SERV.Z.Z.08.0.T,Servicios,08,Biobío,T,Cuentas Nacionales,"PIB por actividad económica, Región del Biobío, volumen a precios del año anterior encadenado, series empalmadas, referencia 2018 (miles de millones de pesos encadenados)",SERV,Servicios,f035_positional
F035.PIB.FLU.R.CLP.2018.Z.Z.Z.08.0.T,Región del Biobío,08,Biobío,T,Cuentas Nacionales,"Producto interno bruto trimestral por región, volumen a precios del año anterior encadenado, series empalmadas, referencia 2018 (miles de millones de pesos encadenados)",,,f035_positional
F035.PIB.V12.R.CLP.2018.03.Z.Z.08.0.T,Minería,08,Biobío,T,Cuentas Nacionales,"Producto interno bruto Región del Biobío, contribución porcentual respecto de igual periodo del año anterior, series empalmadas, referencia 2018",03,Minería,f035_positional
F035.PIB.V12.R.CLP.2018.04.Z.Z.08.0.T,Industria,08,Biobío,T,Cuentas Nacionales,"Producto interno bruto Región del Biobío, contribución porcentual respecto de igual periodo del año anterior, series empalmadas, referencia 2018",04,Industria,f035_positional
F035.PIB.V12.R.CLP.2018.COM.Z.Z.08.0.T,Comercio,08,Biobío,T,Cuentas Nacionales,"Producto interno bruto Región del Biobío, contribución porcentual respecto de igual periodo del año anterior, series empalmadas, referencia 2018",COM,Comercio,f035_positional
F035.PIB.V12.R.CLP.2018.CONT.Z.Z.08.0.T,Producto Interno Bruto,08,Biobío,T,Cuentas Nacionales,"Producto interno bruto Región del Biobío, contribución porcentual respecto de igual periodo del año anterior, series empalmadas, referencia 2018",CONT,PIB (contribución),f035_positional
F035.PIB.V12.R.CLP.2018.PB.Z.Z.08.0.T,Producción de bienes,08,Biobío,T,Cuentas Nacionales,"Producto interno bruto Región del Biobío, contribución porcentual respecto de igual periodo del año anterior, series empalmadas, referencia 2018",PB,Producción de bienes,f035_positional
F035.PIB.V12.R.CLP.2018.RB.Z.Z.08.0.T,Resto de bienes,08,Biobío,T,Cuentas Nacionales,"Producto interno bruto Región del Biobío, contribución porcentual respecto de igual periodo del año anterior, series empalmadas, referencia 2018",RB,Resto de bienes,f035_positional
F035.PIB.V12.R.CLP.2018.SERV.Z.Z.08.0.T,Servicios,08,Biobío,T,Cuentas Nacionales,"Producto interno bruto Región del Biobío, contribución porcentual respecto de igual periodo del año anterior, series empalmadas, referencia 2018",SERV,Servicios,f035_positional
F035.PIB.V12.R.CLP.2018.Z.Z.Z.08.0.T,Región del Biobío,08,Biobío,T,Cuentas Nacionales,"Producto interno bruto por región, contribución porcentual respecto de igual periodo del año anterior, series empalmadas, referencia 2018 .",,,f035_positional
F035.PIB.FLU.R.CLP.2018.03.Z.Z.09.0.T,Minería,09,La Araucanía,T,Cuentas Nacionales,"PIB por actividad económica, Región de la Araucanía, volumen a precios del año anterior encadenado, series empalmadas, referencia 2018 (miles de millones de pesos encadenados)",03,Minería,f035_positional
F035.PIB.FLU.R.CLP.2018.04.Z.Z.09.0.T,Industria,09,La Araucanía,T,Cuentas Nacionales,"PIB por actividad económica, Región de la Araucanía, volumen a precios del año anterior encadenado, series empalmadas, referencia 2018 (miles de millones de pesos encadenados)",04,Industria,f035_positional
F035.PIB.FLU.R.CLP.2018.COM.Z.Z.09.0.T,Comercio,09,La Araucanía,T,Cuentas Nacionales,"PIB por actividad económica, Región de la Araucanía, volumen a precios del año anterior encadenado, series empalmadas, referencia 2018 (miles de millones de pesos encadenados)",COM,Comercio,f035_positional
F035.PIB.FLU.R.CLP.2018.PB.Z.Z.09.0.T,Producción de bienes,09,La Araucanía,T,Cuentas Nacionales,"PIB por actividad económica, Región de la Araucanía, volumen a precios del año anterior encadenado, series empalmadas, referencia 2018 (miles de millones de pesos encadenados)",PB,Producción de bienes,f035_positional
F035.PIB.FLU.R.CLP.2018.RB.Z.Z.09.0.T,Resto de bienes,09,La Araucanía,T,Cuentas Nacionales,"PIB por actividad económica, Región de la Araucanía, volumen a precios del año anterior encadenado, series empalmadas, referencia 2018 (miles de millones de pesos encadenados)",RB,Resto de bienes,f035_positional
F035.PIB.FLU.R.CLP.2018.SERV.Z.Z.09.0.T,Servicios,09,La Araucanía,T,Cuentas Nacionales,"PIB por actividad económica, Región de la Araucanía, volumen a precios del año anterior encadenado, series empalmadas, referencia 2018 (miles de millones de pesos encadenados)",SERV,Servicios,f035_positional
F035.PIB.FLU.R.CLP.2018.Z.Z.Z.09.0.T,Región de La Araucanía,09,La Araucanía,T,Cuentas Nacionales,"Producto interno bruto trimestral por región, volumen a precios del año anterior encadenado, series empalmadas, referencia 2018 (miles de millones de pesos encadenados)",,,f035_positional
F035.PIB.V12.R.CLP.2018.03.Z.Z.09.0.T,Minería,09,La Araucanía,T,Cuentas Nacionales,"Producto interno bruto Región de La Araucanía, contribución porcentual respecto de igual periodo del año anterior, series empalmadas, referencia 2018",03,Minería,f035_positional
F035.PIB.V12.R.CLP.2018.04.Z.Z.09.0.T,Industria,09,La Araucanía,T,Cuentas Nacionales,"Producto interno bruto Región de La Araucanía, contribución porcentual respecto de igual periodo del año anterior, series empalmadas, referencia 2018",04,Industria,f035_positional
F035.PIB.V12.R.CLP.2018.COM.Z.Z.09.0.T,Comercio,09,La Araucanía,T,Cuentas Nacionales,"Producto interno bruto Región de La Araucanía, contribución porcentual respecto de igual periodo del año anterior, series empalmadas, referencia 2018",COM,Comercio,f035_positional
F035.PIB.V12.R.CLP.2018.CONT.Z.Z.09.0.T,Producto Interno Bruto,09,La Araucanía,T,Cuentas Nacionales,"Producto interno bruto Región de La Araucanía, contribución porcentual respecto de igual periodo del año anterior, series empalmadas, referencia 2018",CONT,PIB (contribución),f035_positional
F035.PIB.V12.R.CLP.2018.PB.Z.Z.09.0.T,Producción de bienes,09,La Araucanía,T,Cuentas Nacionales,"Producto interno bruto Región de La Araucanía, contribución porcentual respecto de igual periodo del año anterior, series empalmadas, referencia 2018",PB,Producción de bienes,f035_positional
F035.PIB.V12.R.CLP.2018.RB.Z.Z.09.0.T,Resto de bienes,09,La Araucanía,T,Cuentas Nacionales,"Producto interno bruto Región de La Araucanía, contribución porcentual respecto de igual periodo del año anterior, series empalmadas, referencia 2018",RB,Resto de bienes,f035_positional
F035.PIB.V12.R.CLP.2018.SERV.Z.Z.09.0.T,Servicios,09,La Araucanía,T,Cuentas Nacionales,"Producto interno bruto Región de La Araucanía, contribución porcentual respecto de igual periodo del año anterior, series empalmadas, referencia 2018",SERV,Servicios,f035_positional
F035.PIB.V12.R.CLP.2018.Z.Z.Z.09.0.T,Región de La Araucanía,09,La Araucanía,T,Cuentas Nacionales,"Producto interno bruto por región, contribución porcentual respecto de igual periodo del año anterior, series empalmadas, referencia 2018 .",,,f035_positional
F035.PIB.FLU.R.CLP.2018.03.Z.Z.10.0.T,Minería,10,Los Lagos,T,Cuentas Nacionales,"PIB por actividad económica, Región de Los Lagos, volumen a precios del año anterior encadenado, series empalmadas, referencia 2018 (miles de millones de pesos encadenados)",03,Minería,f035_positional
F035.PIB.FLU.R.CLP.2018.04.Z.Z.10.0.T,Industria,10,Los Lagos,T,Cuentas Nacionales,"PIB por actividad económica, Región de Los Lagos, volumen a precios del año anterior encadenado, series empalmadas, referencia 2018 (miles de millones de pesos encadenados)",04,Industria,f035_positional
F035.PIB.FLU.R.CLP.2018.COM.Z.Z.10.0.T,Comercio,10,Los Lagos,T,Cuentas Nacionales,"PIB por actividad económica, Región de Los Lagos, volumen a precios del año anterior encadenado, series empalmadas, referencia 2018 (miles de millones de pesos encadenados)",COM,Comercio,f035_positional
F035.PIB.FLU.R.CLP.2018.PB.Z.Z.10.0.T,Producción de bienes,10,Los Lagos,T,Cuentas Nacionales,"PIB por actividad económica, Región de Los Lagos, volumen a precios del año anterior encadenado, series empalmadas, referencia 2018 (miles de millones de pesos encadenados)",PB,Producción de bienes,f035_positional
F035.PIB.FLU.R.CLP.2018.RB.Z.Z.10.0.T,Resto de bienes,10,Los Lagos,T,Cuentas Nacionales,"PIB por actividad económica, Región de Los Lagos, volumen a precios del año anterior encadenado, series empalmadas, referencia 2018 (miles de millones de pesos encadenados)",RB,Resto de bienes,f035_positional
F035.PIB.FLU.R.CLP.2018.SERV.Z.Z.10.0.T,Servicios,10,Los Lagos,T,Cuentas Nacionales,"PIB por actividad económica, Región de Los Lagos, volumen a precios del año anterior encadenado, series empalmadas, referencia 2018 (miles de millones de pesos encadenados)",SERV,Servicios,f035_positional
F035.PIB.FLU.R.CLP.2018.Z.Z.Z.10.0.T,Región de Los Lagos,10,Los Lagos,T,Cuentas Nacionales,"Producto interno bruto trimestral por región, volumen a precios del año anterior encadenado, series empalmadas, referencia 2018 (miles de millones de pesos encadenados)",,,f035_positional
F035.PIB.V12.R.CLP.2018.03.Z.Z.10.0.T,Minería,10,Los Lagos,T,Cuentas Nacionales,"Producto interno bruto Región de Los Lagos, contribución porcentual respecto de igual periodo del año anterior, series empalmadas, referencia 2018",03,Minería,f035_positional
F035.PIB.V12.R.CLP.2018.04.Z.Z.10.0.T,Industria,10,Los Lagos,T,Cuentas Nacionales,"Producto interno bruto Región de Los Lagos, contribución porcentual respecto de igual periodo del año anterior, series empalmadas, referencia 2018",04,Industria,f035_positional
F035.PIB.V12.R.CLP.2018.COM.Z.Z.10.0.T,Comercio,10,Los Lagos,T,Cuentas Nacionales,"Producto interno bruto Región de Los Lagos, contribución porcentual respecto de igual periodo del año anterior, series empalmadas, referencia 2018",COM,Comercio,f035_positional
F035.PIB.V12.R.CLP.2018.CONT.Z.Z.10.0.T,Producto Interno Bruto,10,Los Lagos,T,Cuentas Nacionales,"Producto interno bruto Región de Los Lagos, contribución porcentual respecto de igual periodo del año anterior, series empalmadas, referencia 2018",CONT,PIB (contribución),f035_positional
F035.PIB.V12.R.CLP.2018.PB.Z.Z.10.0.T,Producción de bienes,10,Los Lagos,T,Cuentas Nacionales,"Producto interno bruto Región de Los Lagos, contribución porcentual respecto de igual periodo del año anterior, series empalmadas, referencia 2018",PB,Producción de bienes,f035_positional
F035.PIB.V12.R.CLP.2018.RB.Z.Z.10.0.T,Resto de bienes,10,Los Lagos,T,Cuentas Nacionales,"Producto interno bruto Región de Los Lagos, contribución porcentual respecto de igual periodo del año anterior, series empalmadas, referencia 2018",RB,Resto de bienes,f035_positional
F035.PIB.V12.R.CLP.2018.SERV.Z.Z.10.0.T,Servicios,10,Los Lagos,T,Cuentas Nacionales,"Producto interno bruto Región de Los Lagos, contribución porcentual respecto de igual periodo del año anterior, series empalmadas, referencia 2018",SERV,Servicios,f035_positional
F035.PIB.V12.R.CLP.2018.Z.Z.Z.10.0.T,Región de Los Lagos,10,Los Lagos,T,Cuentas Nacionales,"Producto interno bruto por región, contribución porcentual respecto de igual periodo del año anterior, series empalmadas, referencia 2018 .",,,f035_positional
F035.PIB.FLU.R.CLP.2018.03.Z.Z.11.0.T,Minería,11,Aysén,T,Cuentas Nacionales,"PIB por actividad económica, Región de Aysén del General Carlos Ibáñez del Campo, volumen a precios del año anterior encadenado, series empalmadas, referencia 2018 (miles de millones de pesos encadenados)",03,Minería,f035_positional
F035.PIB.FLU.R.CLP.2018.04.Z.Z.11.0.T,Industria,11,Aysén,T,Cuentas Nacionales,"PIB por actividad económica, Región de Aysén del General Carlos Ibáñez del Campo, volumen a precios del año anterior encadenado, series empalmadas, referencia 2018 (miles de millones de pesos encadenados)",04,Industria,f035_positional
F035.PIB.FLU.R.CLP.2018.COM.Z.Z.11.0.T,Comercio,11,Aysén,T,Cuentas Nacionales,"PIB por actividad económica, Región de Aysén del General Carlos Ibáñez del Campo, volumen a precios del año anterior encadenado, series empalmadas, referencia 2018 (miles de millones de pesos encadenados)",COM,Comercio,f035_positional
F035.PIB.FLU.R.CLP.2018.PB.Z.Z.11.0.T,Producción de bienes,11,Aysén,T,Cuentas Nacionales,"PIB por actividad económica, Región de Aysén del General Carlos Ibáñez del Campo, volumen a precios del año anterior encadenado, series empalmadas, referencia 2018 (miles de millones de pesos encadenados)",PB,Producción de bienes,f035_positional
F035.PIB.FLU.R.CLP.2018.RB.Z.Z.11.0.T,Resto de bienes,11,Aysén,T,Cuentas Nacionales,"PIB por actividad económica, Región de Aysén del General Carlos Ibáñez del Campo, volumen a precios del año anterior encadenado, series empalmadas, referencia 2018 (miles de millones de pesos encadenados)",RB,Resto de bienes,f035_positional
F035.PIB.FLU.R.CLP.2018.SERV.Z.Z.11.0.T,Servicios,11,Aysén,T,Cuentas Nacionales,"PIB por actividad económica, Región de Aysén del General Carlos Ibáñez del Campo, volumen a precios del año anterior encadenado, series empalmadas, referencia 2018 (miles de millones de pesos encadenados)",SERV,Servicios,f035_positional
F035.PIB.FLU.R.CLP.2018.Z.Z.Z.11.0.T,Región de Aysén del General Carlos Ibáñez del Campo,11,Aysén,T,Cuentas Nacionales,"Producto interno bruto trimestral por región, volumen a precios del año anterior encadenado, series empalmadas, referencia 2018 (miles de millones de pesos encadenados)",,,f035_positional
F035.PIB.V12.R.CLP.2018.03.Z.Z.11.0.T,Minería,11,Aysén,T,Cuentas Nacionales,"Producto interno bruto Región de Aysén del General Carlos Ibáñez del Campo, contribución porcentual respecto de igual periodo del año anterior, series empalmadas, referencia 2018",03,Minería,f035_positional
F035.PIB.V12.R.CLP.2018.04.Z.Z.11.0.T,Industria,11,Aysén,T,Cuentas Nacionales,"Producto interno bruto Región de Aysén del General Carlos Ibáñez del Campo, contribución porcentual respecto de igual periodo del año anterior, series empalmadas, referencia 2018",04,Industria,f035_positional
F035.PIB.V12.R.CLP.2018.COM.Z.Z.11.0.T,Comercio,11,Aysén,T,Cuentas Nacionales,"Producto interno bruto Región de Aysén del General Carlos Ibáñez del Campo, contribución porcentual respecto de igual periodo del año anterior, series empalmadas, referencia 2018",COM,Comercio,f035_positional
F035.PIB.V12.R.CLP.2018.CONT.Z.Z.11.0.T,Producto Interno Bruto,11,Aysén,T,Cuentas Nacionales,"Producto interno bruto Región de Aysén del General Carlos Ibáñez del Campo, contribución porcentual respecto de igual periodo del año anterior, series empalmadas, referencia 2018",CONT,PIB (contribución),f035_positional
F035.PIB.V12.R.CLP.2018.PB.Z.Z.11.0.T,Producción de bienes,11,Aysén,T,Cuentas Nacionales,"Producto interno bruto Región de Aysén del General Carlos Ibáñez del Campo, contribución porcentual respecto de igual periodo del año anterior, series empalmadas, referencia 2018",PB,Producción de bienes,f035_positional
F035.PIB.V12.R.CLP.2018.RB.Z.Z.11.0.T,Resto de bienes,11,Aysén,T,Cuentas Nacionales,"Producto interno bruto Región de Aysén del General Carlos Ibáñez del Campo, contribución porcentual respecto de igual periodo del año anterior, series empalmadas, referencia 2018",RB,Resto de bienes,f035_positional
F035.PIB.V12.R.CLP.2018.SERV.Z.Z.11.0.T,Servicios,11,Aysén,T,Cuentas Nacionales,"Producto interno bruto Región de Aysén del General Carlos Ibáñez del Campo, contribución porcentual respecto de igual periodo del año anterior, series empalmadas, referencia 2018",SERV,Servicios,f035_positional
F035.PIB.V12.R.CLP.2018.Z.Z.Z.11.0.T,Región de Aysén del General Carlos Ibáñez del Campo,11,Aysén,T,Cuentas Nacionales,"Producto interno bruto por región, contribución porcentual respecto de igual periodo del año anterior, series empalmadas, referencia 2018 .",,,f035_positional
F035.PIB.FLU.R.CLP.2018.03.Z.Z.12.0.T,Minería,12,Magallanes,T,Cuentas Nacionales,"PIB por actividad económica, Región de Magallanes y de la Antártica Chilena, volumen a precios del año anterior encadenado, series empalmadas, referencia 2018 (miles de millones de pesos encadenados)",03,Minería,f035_positional
F035.PIB.FLU.R.CLP.2018.04.Z.Z.12.0.T,Industria,12,Magallanes,T,Cuentas Nacionales,"PIB por actividad económica, Región de Magallanes y de la Antártica Chilena, volumen a precios del año anterior encadenado, series empalmadas, referencia 2018 (miles de millones de pesos encadenados)",04,Industria,f035_positional
F035.PIB.FLU.R.CLP.2018.COM.Z.Z.12.0.T,Comercio,12,Magallanes,T,Cuentas Nacionales,"PIB por actividad económica, Región de Magallanes y de la Antártica Chilena, volumen a precios del año anterior encadenado, series empalmadas, referencia 2018 (miles de millones de pesos encadenados)",COM,Comercio,f035_positional
F035.PIB.FLU.R.CLP.2018.PB.Z.Z.12.0.T,Producción de bienes,12,Magallanes,T,Cuentas Nacionales,"PIB por actividad económica, Región de Magallanes y de la Antártica Chilena, volumen a precios del año anterior encadenado, series empalmadas, referencia 2018 (miles de millones de pesos encadenados)",PB,Producción de bienes,f035_positional
F035.PIB.FLU.R.CLP.2018.RB.Z.Z.12.0.T,Resto de bienes,12,Magallanes,T,Cuentas Nacionales,"PIB por actividad económica, Región de Magallanes y de la Antártica Chilena, volumen a precios del año anterior encadenado, series empalmadas, referencia 2018 (miles de millones de pesos encadenados)",RB,Resto de bienes,f035_positional
F035.PIB.FLU.R.CLP.2018.SERV.Z.Z.12.0.T,Servicios,12,Magallanes,T,Cuentas Nacionales,"PIB por actividad económica, Región de Magallanes y de la Antártica Chilena, volumen a precios del año anterior encadenado, series empalmadas, referencia 2018 (miles de millones de pesos encadenados)",SERV,Servicios,f035_positional
F035.PIB.FLU.R.CLP.2018.Z.Z.Z.12.0.T,Región de Magallanes y de la Antártica Chilena,12,Magallanes,T,Cuentas Nacionales,"Producto interno bruto trimestral por región, volumen a precios del año anterior encadenado, series empalmadas, referencia 2018 (miles de millones de pesos encadenados)",,,f035_positional
F035.PIB.V12.R.CLP.2018.03.Z.Z.12.0.T,Minería,12,Magallanes,T,Cuentas Nacionales,"Producto interno bruto Región de Magallanes y de la Antártica Chilena, contribución porcentual respecto de igual periodo del año anterior, series empalmadas, referencia 2018",03,Minería,f035_positional
F035.PIB.V12.R.CLP.2018.04.Z.Z.12.0.T,Industria,12,Magallanes,T,Cuentas Nacionales,"Producto interno bruto Región de Magallanes y de la Antártica Chilena, contribución porcentual respecto de igual periodo del año anterior, series empalmadas, referencia 2018",04,Industria,f035_positional
F035.PIB.V12.R.CLP.2018.COM.Z.Z.12.0.T,Comercio,12,Magallanes,T,Cuentas Nacionales,"Producto interno bruto Región de Magallanes y de la Antártica Chilena, contribución porcentual respecto de igual periodo del año anterior, series empalmadas, referencia 2018",COM,Comercio,f035_positional
F035.PIB.V12.R.CLP.2018.CONT.Z.Z.12.0.T,Producto Interno Bruto,12,Magallanes,T,Cuentas Nacionales,"Producto interno bruto Región de Magallanes y de la Antártica Chilena, contribución porcentual respecto de igual periodo del año anterior, series empalmadas, referencia 2018",CONT,PIB (contribución),f035_positional
F035.PIB.V12.R.CLP.2018.PB.Z.Z.12.0.T,Producción de bienes,12,Magallanes,T,Cuentas Nacionales,"Producto interno bruto Región de Magallanes y de la Antártica Chilena, contribución porcentual respecto de igual periodo del año anterior, series empalmadas, referencia 2018",PB,Producción de bienes,f035_positional
F035.PIB.V12.R.CLP.2018.RB.Z.Z.12.0.T,Resto de bienes,12,Magallanes,T,Cuentas Nacionales,"Producto interno bruto Región de Magallanes y de la Antártica Chilena, contribución porcentual respecto de igual periodo del año anterior, series empalmadas, referencia 2018",RB,Resto de bienes,f035_positional
F035.PIB.V12.R.CLP.2018.SERV.Z.Z.12.0.T,Servicios,12,Magallanes,T,Cuentas Nacionales,"Producto interno bruto Región de Magallanes y de la Antártica Chilena, contribución porcentual respecto de igual periodo del año anterior, series empalmadas, referencia 2018",SERV,Servicios,f035_positional
F035.PIB.V12.R.CLP.2018.Z.Z.Z.12.0.T,Región de Magallanes y de la Antártica Chilena,12,Magallanes,T,Cuentas Nacionales,"Producto interno bruto por región, contribución porcentual respecto de igual periodo del año anterior, series empalmadas, referencia 2018 .",,,f035_positional
F035.PIB.FLU.R.CLP.2018.03.Z.Z.13.0.T,Minería,13,Metropolitana de Santiago,T,Cuentas Nacionales,"PIB por actividad económica, Región Metropolitana de Santiago, volumen a precios del año anterior encadenado, series empalmadas, referencia 2018 (miles de millones de pesos encadenados)",03,Minería,f035_positional
F035.PIB.FLU.R.CLP.2018.04.Z.Z.13.0.T,Industria,13,Metropolitana de Santiago,T,Cuentas Nacionales,"PIB por actividad económica, Región Metropolitana de Santiago, volumen a precios del año anterior encadenado, series empalmadas, referencia 2018 (miles de millones de pesos encadenados)",04,Industria,f035_positional
F035.PIB.FLU.R.CLP.2018.COM.Z.Z.13.0.T,Comercio,13,Metropolitana de Santiago,T,Cuentas Nacionales,"PIB por actividad económica, Región Metropolitana de Santiago, volumen a precios del año anterior encadenado, series empalmadas, referencia 2018 (miles de millones de pesos encadenados)",COM,Comercio,f035_positional
F035.PIB.FLU.R.CLP.2018.PB.Z.Z.13.0.T,Producción de bienes,13,Metropolitana de Santiago,T,Cuentas Nacionales,"PIB por actividad económica, Región Metropolitana de Santiago, volumen a precios del año anterior encadenado, series empalmadas, referencia 2018 (miles de millones de pesos encadenados)",PB,Producción de bienes,f035_positional
F035.PIB.FLU.R.CLP.2018.RB.Z.Z.13.0.T,Resto de bienes,13,Metropolitana de Santiago,T,Cuentas Nacionales,"PIB por actividad económica, Región Metropolitana de Santiago, volumen a precios del año anterior encadenado, series empalmadas, referencia 2018 (miles de millones de pesos encadenados)",RB,Resto de bienes,f035_positional
F035.PIB.FLU.R.CLP.2018.SERV.Z.Z.13.0.T,Servicios,13,Metropolitana de Santiago,T,Cuentas Nacionales,"PIB por actividad económica, Región Metropolitana de Santiago, volumen a precios del año anterior encadenado, series empalmadas, referencia 2018 (miles de millones de pesos encadenados)",SERV,Servicios,f035_positional
F035.PIB.FLU.R.CLP.2018.Z.Z.Z.13.0.T,Región Metropolitana de Santiago,13,Metropolitana de Santiago,T,Cuentas Nacionales,"Producto interno bruto trimestral por región, volumen a precios del año anterior encadenado, series empalmadas, referencia 2018 (miles de millones de pesos encadenados)",,,f035_positional
F035.PIB.V12.R.CLP.2018.03.Z.Z.13.0.T,Minería,13,Metropolitana de Santiago,T,Cuentas Nacionales,"Producto interno bruto Región Metropolitana de Santiago, contribución porcentual respecto de igual periodo del año anterior, series empalmadas, referencia 2018",03,Minería,f035_positional
F035.PIB.V12.R.CLP.2018.04.Z.Z.13.0.T,Industria,13,Metropolitana de Santiago,T,Cuentas Nacionales,"Producto interno bruto Región Metropolitana de Santiago, contribución porcentual respecto de igual periodo del año anterior, series empalmadas, referencia 2018",04,Industria,f035_positional
F035.PIB.V12.R.CLP.2018.COM.Z.Z.13.0.T,Comercio,13,Metropolitana de Santiago,T,Cuentas Nacionales,"Producto interno bruto Región Metropolitana de Santiago, contribución porcentual respecto de igual periodo del año anterior, series empalmadas, referencia 2018",COM,Comercio,f035_positional
F035.PIB.V12.R.CLP.2018.CONT.Z.Z.13.0.T,Producto Interno Bruto,13,Metropolitana de Santiago,T,Cuentas Nacionales,"Producto interno bruto Región Metropolitana de Santiago, contribución porcentual respecto de igual periodo del año anterior, series empalmadas, referencia 2018",CONT,PIB (contribución),f035_positional
F035.PIB.V12.R.CLP.2018.PB.Z.Z.13.0.T,Producción de bienes,13,Metropolitana de Santiago,T,Cuentas Nacionales,"Producto interno bruto Región Metropolitana de Santiago, contribución porcentual respecto de igual periodo del año anterior, series empalmadas, referencia 2018",PB,Producción de bienes,f035_positional
F035.PIB.V12.R.CLP.2018.RB.Z.Z.13.0.T,Resto de bienes,13,Metropolitana de Santiago,T,Cuentas Nacionales,"Producto interno bruto Región Metropolitana de Santiago, contribución porcentual respecto de igual periodo del año anterior, series empalmadas, referencia 2018",RB,Resto de bienes,f035_positional
F035.PIB.V12.R.CLP.2018.SERV.Z.Z.13.0.T,Servicios,13,Metropolitana de Santiago,T,Cuentas Nacionales,"Producto interno bruto Región Metropolitana de Santiago, contribución porcentual respecto de igual periodo del año anterior, series empalmadas, referencia 2018",SERV,Servicios,f035_positional
F035.PIB.V12.R.CLP.2018.Z.Z.Z.13.0.T,Región Metropolitana de Santiago,13,Metropolitana de Santiago,T,Cuentas Nacionales,"Producto interno bruto por región, contribución porcentual respecto de igual periodo del año anterior, series empalmadas, referencia 2018 .",,,f035_positional
F035.PIB.FLU.R.CLP.2018.03.Z.Z.14.0.T,Minería,14,Los Ríos,T,Cuentas Nacionales,"PIB por actividad económica, Región de Los Ríos, volumen a precios del año anterior encadenado, series empalmadas, referencia 2018 (miles de millones de pesos encadenados)",03,Minería,f035_positional
F035.PIB.FLU.R.CLP.2018.04.Z.Z.14.0.T,Industria,14,Los Ríos,T,Cuentas Nacionales,"PIB por actividad económica, Región de Los Ríos, volumen a precios del año anterior encadenado, series empalmadas, referencia 2018 (miles de millones de pesos encadenados)",04,Industria,f035_positional
F035.PIB.FLU.R.CLP.2018.COM.Z.Z.14.0.T,Comercio,14,Los Ríos,T,Cuentas Nacionales,"PIB por actividad económica, Región de Los Ríos, volumen a precios del año anterior encadenado, series empalmadas, referencia 2018 (miles de millones de pesos encadenados)",COM,Comercio,f035_positional
F035.PIB.FLU.R.CLP.2018.PB.Z.Z.14.0.T,Producción de bienes,14,Los Ríos,T,Cuentas Nacionales,"PIB por actividad económica, Región de Los Ríos, volumen a precios del año anterior encadenado, series empalmadas, referencia 2018 (miles de millones de pesos encadenados)",PB,Producción de bienes,f035_positional
F035.PIB.FLU.R.CLP.2018.RB.Z.Z.14.0.T,Resto de bienes,14,Los Ríos,T,Cuentas Nacionales,"PIB por actividad económica, Región de Los Ríos, volumen a precios del año anterior encadenado, series empalmadas, referencia 2018 (miles de millones de pesos encadenados)",RB,Resto de bienes,f035_positional
F035.PIB.FLU.R.CLP.2018.SERV.Z.Z.14.0.T,Servicios,14,Los Ríos,T,Cuentas Nacionales,"PIB por actividad económica, Región de Los Ríos, volumen a precios del año anterior encadenado, series empalmadas, referencia 2018 (miles de millones de pesos encadenados)",SERV,Servicios,f035_positional
F035.PIB.FLU.R.CLP.2018.Z.Z.Z.14.0.T,Región de Los Ríos,14,Los Ríos,T,Cuentas Nacionales,"Producto interno bruto trimestral por región, volumen a precios del año anterior encadenado, series empalmadas, referencia 2018 (miles de millones de pesos encadenados)",,,f035_positional
F035.PIB.V12.R.CLP.2018.03.Z.Z.14.0.T,Minería,14,Los Ríos,T,Cuentas Nacionales,"Producto interno bruto Región de Los Ríos, contribución porcentual respecto de igual periodo del año anterior, series empalmadas, referencia 2018",03,Minería,f035_positional
F035.PIB.V12.R.CLP.2018.04.Z.Z.14.0.T,Industria,14,Los Ríos,T,Cuentas Nacionales,"Producto interno bruto Región de Los Ríos, contribución porcentual respecto de igual periodo del año anterior, series empalmadas, referencia 2018",04,Industria,f035_positional
F035.PIB.V12.R.CLP.2018.COM.Z.Z.14.0.T,Comercio,14,Los Ríos,T,Cuentas Nacionales,"Producto interno bruto Región de Los Ríos, contribución porcentual respecto de igual periodo del año anterior, series empalmadas, referencia 2018",COM,Comercio,f035_positional
F035.PIB.V12.R.CLP.2018.CONT.Z.Z.14.0.T,Producto Interno Bruto,14,Los Ríos,T,Cuentas Nacionales,"Producto interno bruto Región de Los Ríos, contribución porcentual respecto de igual periodo del año anterior, series empalmadas, referencia 2018",CONT,PIB (contribución),f035_positional
F035.PIB.V12.R.CLP.2018.PB.Z.Z.14.0.T,Producción de bienes,14,Los Ríos,T,Cuentas Nacionales,"Producto interno bruto Región de Los Ríos, contribución porcentual respecto de igual periodo del año anterior, series empalmadas, referencia 2018",PB,Producción de bienes,f035_positional
F035.PIB.V12.R.CLP.2018.RB.Z.Z.14.0.T,Resto de bienes,14,Los Ríos,T,Cuentas Nacionales,"Producto interno bruto Región de Los Ríos, contribución porcentual respecto de igual periodo del año anterior, series empalmadas, referencia 2018",RB,Resto de bienes,f035_positional
F035.PIB.V12.R.CLP.2018.SERV.Z.Z.14.0.T,Servicios,14,Los Ríos,T,Cuentas Nacionales,"Producto interno bruto Región de Los Ríos, contribución porcentual respecto de igual periodo del año anterior, series empalmadas, referencia 2018",SERV,Servicios,f035_positional
F035.PIB.V12.R.CLP.2018.Z.Z.Z.14.0.T,Región de Los Ríos,14,Los Ríos,T,Cuentas Nacionales,"Producto interno bruto por región, contribución porcentual respecto de igual periodo del año anterior, series empalmadas, referencia 2018 .",,,f035_positional
F035.PIB.FLU.R.CLP.2018.03.Z.Z.15.0.T,Minería,15,Arica y Parinacota,T,Cuentas Nacionales,"PIB por actividad económica, Región  de Arica y Parinacota, volumen a precios del año anterior encadenado, series empalmadas, referencia 2018 (miles de millones de pesos encadenados)",03,Minería,f035_positional
F035.PIB.FLU.R.CLP.2018.04.Z.Z.15.0.T,Industria manufacturera,15,Arica y Parinacota,T,Cuentas Nacionales,"PIB por actividad económica, Región  de Arica y Parinacota, volumen a precios del año anterior encadenado, series empalmadas, referencia 2018 (miles de millones de pesos encadenados)",04,Industria,f035_positional
F035.PIB.FLU.R.CLP.2018.COM.Z.Z.15.0.T,Comercio,15,Arica y Parinacota,T,Cuentas Nacionales,"PIB por actividad económica, Región  de Arica y Parinacota, volumen a precios del año anterior encadenado, series empalmadas, referencia 2018 (miles de millones de pesos encadenados)",COM,Comercio,f035_positional
F035.PIB.FLU.R.CLP.2018.PB.Z.Z.15.0.T,Producción de bienes,15,Arica y Parinacota,T,Cuentas Nacionales,"PIB por actividad económica, Región  de Arica y Parinacota, volumen a precios del año anterior encadenado, series empalmadas, referencia 2018 (miles de millones de pesos encadenados)",PB,Producción de bienes,f035_positional
F035.PIB.FLU.R.CLP.2018.RB.Z.Z.15.0.T,Resto de bienes,15,Arica y Parinacota,T,Cuentas Nacionales,"PIB por actividad económica, Región  de Arica y Parinacota, volumen a precios del año anterior encadenado, series empalmadas, referencia 2018 (miles de millones de pesos encadenados)",RB,Resto de bienes,f035_positional
F035.PIB.FLU.R.CLP.2018.SERV.Z.Z.15.0.T,Servicios,15,Arica y Parinacota,T,Cuentas Nacionales,"PIB por actividad económica, Región  de Arica y Parinacota, volumen a precios del año anterior encadenado, series empalmadas, referencia 2018 (miles de millones de pesos encadenados)",SERV,Servicios,f035_positional
F035.PIB.FLU.R.CLP.2018.Z.Z.Z.15.0.T,Región de Arica y Parinacota,15,Arica y Parinacota,T,Cuentas Nacionales,"Producto interno bruto trimestral por región, volumen a precios del año anterior encadenado, series empalmadas, referencia 2018 (miles de millones de pesos encadenados)",,,f035_positional
F035.PIB.V12.R.CLP.2018.03.Z.Z.15.0.T,Minería,15,Arica y Parinacota,T,Cuentas Nacionales,"Producto interno bruto Región de Arica y Parinacota, contribución porcentual respecto de igual periodo del año anterior, series empalmadas, referencia 2018",03,Minería,f035_positional
F035.PIB.V12.R.CLP.2018.04.Z.Z.15.0.T,Industria,15,Arica y Parinacota,T,Cuentas Nacionales,"Producto interno bruto Región de Arica y Parinacota, contribución porcentual respecto de igual periodo del año anterior, series empalmadas, referencia 2018",04,Industria,f035_positional
F035.PIB.V12.R.CLP.2018.COM.Z.Z.15.0.T,Comercio,15,Arica y Parinacota,T,Cuentas Nacionales,"Producto interno bruto Región de Arica y Parinacota, contribución porcentual respecto de igual periodo del año anterior, series empalmadas, referencia 2018",COM,Comercio,f035_positional
F035.PIB.V12.R.CLP.2018.CONT.Z.Z.15.0.T,Producto Interno Bruto,15,Arica y Parinacota,T,Cuentas Nacionales,"Producto interno bruto Región de Arica y Parinacota, contribución porcentual respecto de igual periodo del año anterior, series empalmadas, referencia 2018",CONT,PIB (contribución),f035_positional
F035.PIB.V12.R.CLP.2018.PB.Z.Z.15.0.T,Producción de bienes,15,Arica y Parinacota,T,Cuentas Nacionales,"Producto interno bruto Región de Arica y Parinacota, contribución porcentual respecto de igual periodo del año anterior, series empalmadas, referencia 2018",PB,Producción de bienes,f035_positional
F035.PIB.V12.R.CLP.2018.RB.Z.Z.15.0.T,Resto de bienes,15,Arica y Parinacota,T,Cuentas Nacionales,"Producto interno bruto Región de Arica y Parinacota, contribución porcentual respecto de igual periodo del año anterior, series empalmadas, referencia 2018",RB,Resto de bienes,f035_positional
F035.PIB.V12.R.CLP.2018.SERV.Z.Z.15.0.T,Servicios,15,Arica y Parinacota,T,Cuentas Nacionales,"Producto interno bruto Región de Arica y Parinacota, contribución porcentual respecto de igual periodo del año anterior, series empalmadas, referencia 2018",SERV,Servicios,f035_positional
F035.PIB.V12.R.CLP.2018.Z.Z.Z.15.0.T,Región de Arica y Parinacota,15,Arica y Parinacota,T,Cuentas Nacionales,"Producto interno bruto por región, contribución porcentual respecto de igual periodo del año anterior, series empalmadas, referencia 2018 .",,,f035_positional
F035.PIB.FLU.R.CLP.2018.03.Z.Z.16.0.T,Minería,16,Ñuble,T,Cuentas Nacionales,"PIB por actividad económica, Región de Ñuble, volumen a precios del año anterior encadenado, series empalmadas, referencia 2018 (miles de millones de pesos encadenados)",03,Minería,f035_positional
F035.PIB.FLU.R.CLP.2018.04.Z.Z.16.0.T,Industria,16,Ñuble,T,Cuentas Nacionales,"PIB por actividad económica, Región de Ñuble, volumen a precios del año anterior encadenado, series empalmadas, referencia 2018 (miles de millones de pesos encadenados)",04,Industria,f035_positional
F035.PIB.FLU.R.CLP.2018.COM.Z.Z.16.0.T,Comercio,16,Ñuble,T,Cuentas Nacionales,"PIB por actividad económica, Región de Ñuble, volumen a precios del año anterior encadenado, series empalmadas, referencia 2018 (miles de millones de pesos encadenados)",COM,Comercio,f035_positional
F035.PIB.FLU.R.CLP.2018.PB.Z.Z.16.0.T,Producción de bienes,16,Ñuble,T,Cuentas Nacionales,"PIB por actividad económica, Región de Ñuble, volumen a precios del año anterior encadenado, series empalmadas, referencia 2018 (miles de millones de pesos encadenados)",PB,Producción de bienes,f035_positional
F035.PIB.FLU.R.CLP.2018.RB.Z.Z.16.0.T,Resto de bienes,16,Ñuble,T,Cuentas Nacionales,"PIB por actividad económica, Región de Ñuble, volumen a precios del año anterior encadenado, series empalmadas, referencia 2018 (miles de millones de pesos encadenados)",RB,Resto de bienes,f035_positional
F035.PIB.FLU.R.CLP.2018.SERV.Z.Z.16.0.T,Servicios,16,Ñuble,T,Cuentas Nacionales,"PIB por actividad económica, Región de Ñuble, volumen a precios del año anterior encadenado, series empalmadas, referencia 2018 (miles de millones de pesos encadenados)",SERV,Servicios,f035_positional
F035.PIB.FLU.R.CLP.2018.Z.Z.Z.16.0.T,Región de Ñuble,16,Ñuble,T,Cuentas Nacionales,"Producto interno bruto trimestral por región, volumen a precios del año anterior encadenado, series empalmadas, referencia 2018 (miles de millones de pesos encadenados)",,,f035_positional
F035.PIB.V12.R.CLP.2018.03.Z.Z.16.0.T,Minería,16,Ñuble,T,Cuentas Nacionales,"Producto interno bruto Región de Ñuble, contribución porcentual respecto de igual periodo del año anterior, series empalmadas, referencia 2018",03,Minería,f035_positional
F035.PIB.V12.R.CLP.2018.04.Z.Z.16.0.T,Industria,16,Ñuble,T,Cuentas Nacionales,"Producto interno bruto Región de Ñuble, contribución porcentual respecto de igual periodo del año anterior, series empalmadas, referencia 2018",04,Industria,f035_positional
F035.PIB.V12.R.CLP.2018.COM.Z.Z.16.0.T,Comercio,16,Ñuble,T,Cuentas Nacionales,"Producto interno bruto Región de Ñuble, contribución porcentual respecto de igual periodo del año anterior, series empalmadas, referencia 2018",COM,Comercio,f035_positional
F035.PIB.V12.R.CLP.2018.CONT.Z.Z.16.0.T,Producto Interno Bruto,16,Ñuble,T,Cuentas Nacionales,"Producto interno bruto Región de Ñuble, contribución porcentual respecto de igual periodo del año anterior, series empalmadas, referencia 2018",CONT,PIB (contribución),f035_positional
F035.PIB.V12.R.CLP.2018.PB.Z.Z.16.0.T,Producción de bienes,16,Ñuble,T,Cuentas Nacionales,"Producto interno bruto Región de Ñuble, contribución porcentual respecto de igual periodo del año anterior, series empalmadas, referencia 2018",PB,Producción de bienes,f035_positional
F035.PIB.V12.R.CLP.2018.RB.Z.Z.16.0.T,Resto de bienes,16,Ñuble,T,Cuentas Nacionales,"Producto interno bruto Región de Ñuble, contribución porcentual respecto de igual periodo del año anterior, series empalmadas, referencia 2018",RB,Resto de bienes,f035_positional
F035.PIB.V12.R.CLP.2018.SERV.Z.Z.16.0.T,Servicios,16,Ñuble,T,Cuentas Nacionales,"Producto interno bruto Región de Ñuble, contribución porcentual respecto de igual periodo del año anterior, series empalmadas, referencia 2018",SERV,Servicios,f035_positional
F035.PIB.V12.R.CLP.2018.Z.Z.Z.16.0.T,Región de Ñuble,16,Ñuble,T,Cuentas Nacionales,"Producto interno bruto por región, contribución porcentual respecto de igual periodo del año anterior, series empalmadas, referencia 2018 .",,,f035_positional
