series_code,series_name,region_id,region_name,frequency,chapter,table_name,sector_id,sector_name,region_parse_method
F022.BCU.STO.Z.Z.UF.D,BCU (miles de UF),,Nacional,D,Mercado de Capitales,"Stock de instrumentos de deuda del BCCh, total en circulación (diaria)",,,nacional
F022.BCU.TIN.AN02.UF.Z.D,Tasas de interés base 365 días (porcentaje),,Nacional,D,Operaciones de Mercado Abierto,"Licitación de bonos del BCCh en UF (BCU),  2 años (valores diarios)",,,nacional
F022.BCU.TIN.AN05.UF.Z.D,Tasas de interés base 365 días (porcentaje),,Nacional,D,Operaciones de Mercado Abierto,"Licitación de bonos en UF (BCU), 5 años (valores diarios)",,,nacional
F022.BCU.TIN.AN10.UF.Z.D,Tasas de interés base 365 días (porcentaje),,Nacional,D,Operaciones de Mercado Abierto,"Licitación de bonos en UF (BCU), 10 años (valores diarios)",,,nacional
F022.BCU.TIN.AN20.UF.Z.D,Tasas de interés base 365 días (porcentaje),,Nacional,D,Operaciones de Mercado Abierto,"Licitación de bonos en UF (BCU), 20 años (valores diarios)",,,nacional
F022.BCU.TIN.AN30.UF.Z.D,Tasas de interés base 365 días (porcentaje),,Nacional,D,Operaciones de Mercado Abierto,"Licitación de bonos del BCCh en UF (BCU), 30 años (valores diarios)",,,nacional
F022.BCU1.FLU.AN02.Z.UF.D,Cupo (miles de UF),,Nacional,D,Operaciones de Mercado Abierto,"Licitación de bonos del BCCh en UF (BCU),  2 años (valores diarios)",,,nacional
F022.BCU1.FLU.AN05.Z.UF.D,Cupo (miles de UF),,Nacional,D,Operaciones de Mercado Abierto,"Licitación de bonos en UF (BCU), 5 años (valores diarios)",,,nacional
F022.BCU1.FLU.AN10.Z.UF.D,Cupo (miles de UF),,Nacional,D,Operaciones de Mercado Abierto,"Licitación de bonos en UF (BCU), 10 años (valores diarios)",,,nacional
F022.BCU1.FLU.AN20.Z.UF.D,Cupo (miles de UF),,Nacional,D,Operaciones de Mercado Abierto,"Licitación de bonos en UF (BCU), 20 años (valores diarios)",,,nacional
F022.BCU1.FLU.AN30.Z.UF.D,Cupo (miles de UF),,Nacional,D,Operaciones de Mercado Abierto,"Licitación de bonos del BCCh en UF (BCU), 30 años (valores diarios)",,,nacional
F022.BCU2.FLU.AN02.Z.UF.D,Monto demandado (miles de UF),,Nacional,D,Operaciones de Mercado Abierto,"Licitación de bonos del BCCh en UF (BCU),  2 años (valores diarios)",,,nacional
F022.BCU2.FLU.AN05.Z.UF.D,Monto demandado (miles de UF),,Nacional,D,Operaciones de Mercado Abierto,"Licitación de bonos en UF (BCU), 5 años (valores diarios)",,,nacional
F022.BCU2.FLU.AN10.Z.UF.D,Monto demandado (miles de UF),,Nacional,D,Operaciones de Mercado Abierto,"Licitación de bonos en UF (BCU), 10 años (valores diarios)",,,nacional
F022.BCU2.FLU.AN20.Z.UF.D,Monto demandado (miles de UF),,Nacional,D,Operaciones de Mercado Abierto,"Licitación de bonos en UF (BCU), 20 años (valores diarios)",,,nacional
F022.BCU2.FLU.AN30.Z.UF.D,Monto demandado (miles de UF),,Nacional,D,Operaciones de Mercado Abierto,"Licitación de bonos del BCCh en UF (BCU), 30 años (valores diarios)",,,nacional
F022.BCU3.FLU.AN02.Z.UF.D,Total monto adjudicado (miles de UF),,Nacional,D,Operaciones de Mercado Abierto,"Licitación de bonos del BCCh en UF (BCU),  2 años (valores diarios)",,,nacional
F022.BCU3.FLU.AN05.Z.UF.D,Total monto adjudicado (miles de UF),,Nacional,D,Operaciones de Mercado Abierto,"Licitación de bonos en UF (BCU), 5 años (valores diarios)",,,nacional
F022.BCU3.FLU.AN10.Z.UF.D,Total monto adjudicado (miles de UF),,Nacional,D,Operaciones de Mercado Abierto,"Licitación de bonos en UF (BCU), 10 años (valores diarios)",,,nacional
F022.BCU3.FLU.AN20.Z.UF.D,Total monto adjudicado (miles de UF),,Nacional,D,Operaciones de Mercado Abierto,"Licitación de bonos en UF (BCU), 20 años (valores diarios)",,,nacional
F022.BCU3.FLU.AN30.Z.UF.D,Total monto adjudicado (miles de UF),,Nacional,D,Operaciones de Mercado Abierto,"Licitación de bonos del BCCh en UF (BCU), 30 años (valores diarios)",,,nacional
F022.BCU4.FLU.AN02.Z.UF.D,Monto adjudicado bancos y sociedades financieras (miles de UF),,Nacional,D,Operaciones de Mercado Abierto,"Licitación de bonos del BCCh en UF (BCU),  2 años (valores diarios)",,,nacional
F022.BCU4.FLU.AN05.Z.UF.D,Monto adjudicado bancos y sociedades financieras (miles de UF),,Nacional,D,Operaciones de Mercado Abierto,"Licitación de bonos en UF (BCU), 5 años (valores diarios)",,,nacional
F022.BCU4.FLU.AN10.Z.UF.D,Monto adjudicado bancos y sociedades financieras (miles de UF),,Nacional,D,Operaciones de Mercado Abierto,"Licitación de bonos en UF (BCU), 10 años (valores diarios)",,,nacional
F022.BCU4.FLU.AN20.Z.UF.D,Monto adjudicado bancos y sociedades financieras (miles de UF),,Nacional,D,Operaciones de Mercado Abierto,"Licitación de bonos en UF (BCU), 20 años (valores diarios)",,,nacional
F022.BCU4.FLU.AN30.Z.UF.D,Monto adjudicado bancos y sociedades financieras (miles de UF),,Nacional,D,Operaciones de Mercado Abierto,"Licitación de bonos del BCCh en UF (BCU), 30 años (valores diarios)",,,nacional
F022.BCU9.FLU.AN02.Z.UF.D,Monto adjudicado AFP y otros (miles de UF),,Nacional,D,Operaciones de Mercado Abierto,"Licitación de bonos del BCCh en UF (BCU),  2 años (valores diarios)",,,nacional
F022.BCU9.FLU.AN05.Z.UF.D,Monto adjudicado AFP y otros (miles de UF),,Nacional,D,Operaciones de Mercado Abierto,"Licitación de bonos en UF (BCU), 5 años (valores diarios)",,,nacional
F022.BCU9.FLU.AN10.Z.UF.D,Monto adjudicado AFP y otros (miles de UF),,Nacional,D,Operaciones de Mercado Abierto,"Licitación de bonos en UF (BCU), 10 años (valores diarios)",,,nacional
F022.BCU9.FLU.AN20.Z.UF.D,Monto adjudicado AFP y otros (miles de UF),,Nacional,D,Operaciones de Mercado Abierto,"Licitación de bonos en UF (BCU), 20 años (valores diarios)",,,nacional
F022.BCU9.FLU.AN30.Z.UF.D,Monto adjudicado AFP y otros (miles de UF),,Nacional,D,Operaciones de Mercado Abierto,"Licitación de bonos del BCCh en UF (BCU), 30 años (valores diarios)",,,nacional
F022.VIV.TIP.MA03.UF.Z.D,Vivienda total - Unidades de Fomento - Más de 3 años,,Nacional,D,Tasas de Interés,Tasas de interés promedio del sistema financiero por tipo de colocación y plazo (TIP),,,nacional
F019.TPM.TIN.10.M,Politica Monetaria - EE.UU.,,Nacional,M,Estadísticas Históricas,"Tasas de interés externas (promedios, %)",,,nacional
F022.BCU.STO.Z.Z.UF.M,BCU        (miles de UF),,Nacional,M,Operaciones de Mercado Abierto,"Stock de instrumentos de deuda del BCCh, total en circulación",,,nacional
F022.BCU.TIN.AN02.UF.Z.M,2 años BCU,,Nacional,M,Operaciones de Mercado Abierto,"Tasas de interés de los bonos licitados por el BCCh, en UF (BCU) (porcentaje)",,,nacional
F022.BCU.TIN.AN05.UF.Z.M,5 años BCU,,Nacional,M,Operaciones de Mercado Abierto,"Tasas de interés de los bonos licitados por el BCCh, en UF (BCU) (porcentaje)",,,nacional
F022.BCU.TIN.AN10.UF.Z.M,10 años BCU,,Nacional,M,Operaciones de Mercado Abierto,"Tasas de interés de los bonos licitados por el BCCh, en UF (BCU) (porcentaje)",,,nacional
F022.BCU.TIN.AN20.UF.Z.M,20 años BCU,,Nacional,M,Operaciones de Mercado Abierto,"Tasas de interés de los bonos licitados por el BCCh, en UF (BCU) (porcentaje)",,,nacional
F022.TPM.TIN.D001.NO.Z.M,Tasa  de  interés  de política  monetaria,,Nacional,M,Principales Estadísticas Macro,Tasas de interés de los instrumentos del Banco Central de Chile (porcentaje),,,nacional
F022.VIV.FLU.MA03.UF.Z.M,Vivienda - flujo,,Nacional,M,Indicadores Mercado de la Vivienda,"Tasa y flujo de colocación promedio vivienda (tasas anuales reajustables en UF, miles de millones de pesos)",,,nacional
F022.VIV.STO.TP.Z.P96.M,Vivienda,,Nacional,M,Estadísticas Monetarias y Financieras,"Colocaciones reales (miles de millones de pesos, saldos reales)",,,nacional
F022.VIV.STO.TP.Z.P96R23.M,Vivienda,,Nacional,M,Principales Estadísticas Macro,"Colocaciones reales (miles de millones de pesos, saldos reales)",,,nacional
F022.VIV.STO.Z.NO.CLP.M,Colocaciones de vivenda,,Nacional,M,Estadísticas Monetarias y Financieras,"Colocaciones por tipo de deudor en moneda nacional, saldos (miles de millones de pesos )",,,nacional
F022.VIV.STO.Z.TC.CLP.M,Colocaciones de vivenda,,Nacional,M,Estadísticas Monetarias y Financieras,"Colocaciones por tipo de deudor en moneda extranjera, saldos (miles de millones de pesos)",,,nacional
F022.VIV.STO.Z.Z.CLP.M,Colocaciones de vivienda,,Nacional,M,Estadísticas Monetarias y Financieras,"Colocaciones por tipo de deudor consolidado , saldos (miles de millones de pesos)",,,nacional
F022.VIV.TIP.MA03.UF.Z.M,Vivienda- tasa,,Nacional,M,Indicadores Mercado de la Vivienda,"Tasa y flujo de colocación promedio vivienda (tasas anuales reajustables en UF, miles de millones de pesos)",,,nacional
F022.VIVBI.STO.Z.BBCI.CLP.M,BCI,,Nacional,M,Estadísticas Monetarias y Financieras,"Colocaciones de vivienda, colocaciones del sector bancario (miles de millones de pesos)",,,nacional
F022.VIVBI.STO.Z.BBIC.CLP.M,Bice,,Nacional,M,Estadísticas Monetarias y Financieras,"Colocaciones de vivienda, colocaciones del sector bancario (miles de millones de pesos)",,,nacional
F022.VIVBI.STO.Z.BBR.CLP.M,Do Brasil,,Nacional,M,Estadísticas Monetarias y Financieras,"Colocaciones de vivienda, colocaciones del sector bancario (miles de millones de pesos)",,,nacional
F022.VIVBI.STO.Z.BBTG.CLP.M,BTG Pactual,,Nacional,M,Estadísticas Monetarias y Financieras,"Colocaciones de vivienda, colocaciones del sector bancario (miles de millones de pesos)",,,nacional
F022.VIVBI.STO.Z.BBVA.CLP.M,BBVA,,Nacional,M,Estadísticas Monetarias y Financieras,"Colocaciones de vivienda, colocaciones del sector bancario (miles de millones de pesos)",,,nacional
F022.VIVBI.STO.Z.BCC.CLP.M,China Construction Bank,,Nacional,M,Estadísticas Monetarias y Financieras,"Colocaciones de vivienda, colocaciones del sector bancario (miles de millones de pesos)",,,nacional
F022.VIVBI.STO.Z.BCHI.CLP.M,Bank of China,,Nacional,M,Estadísticas Monetarias y Financieras,"Colocaciones de vivienda, colocaciones del sector bancario (miles de millones de pesos)",,,nacional
F022.VIVBI.STO.Z.BCON.CLP.M,Consorcio,,Nacional,M,Estadísticas Monetarias y Financieras,"Colocaciones de vivienda, colocaciones del sector bancario (miles de millones de pesos)",,,nacional
F022.VIVBI.STO.Z.BCOR.CLP.M,Corpbanca,,Nacional,M,Estadísticas Monetarias y Financieras,"Colocaciones de vivienda, colocaciones del sector bancario (miles de millones de pesos)",,,nacional
F022.VIVBI.STO.Z.BDCH.CLP.M,De Chile,,Nacional,M,Estadísticas Monetarias y Financieras,"Colocaciones de vivienda, colocaciones del sector bancario (miles de millones de pesos)",,,nacional
F022.VIVBI.STO.Z.BDE.CLP.M,Deutsche Bank,,Nacional,M,Estadísticas Monetarias y Financieras,"Colocaciones de vivienda, colocaciones del sector bancario (miles de millones de pesos)",,,nacional
F022.VIVBI.STO.Z.BDNB.CLP.M,DnB NOR Bank ASA,,Nacional,M,Estadísticas Monetarias y Financieras,"Colocaciones de vivienda, colocaciones del sector bancario (miles de millones de pesos)",,,nacional
F022.VIVBI.STO.Z.BEST.CLP.M,Estado,,Nacional,M,Estadísticas Monetarias y Financieras,"Colocaciones de vivienda, colocaciones del sector bancario (miles de millones de pesos)",,,nacional
F022.VIVBI.STO.Z.BFAL.CLP.M,Falabella,,Nacional,M,Estadísticas Monetarias y Financieras,"Colocaciones de vivienda, colocaciones del sector bancario (miles de millones de pesos)",,,nacional
F022.VIVBI.STO.Z.BHS.CLP.M,HSBC,,Nacional,M,Estadísticas Monetarias y Financieras,"Colocaciones de vivienda, colocaciones del sector bancario (miles de millones de pesos)",,,nacional
F022.VIVBI.STO.Z.BINT.CLP.M,Internacional,,Nacional,M,Estadísticas Monetarias y Financieras,"Colocaciones de vivienda, colocaciones del sector bancario (miles de millones de pesos)",,,nacional
F022.VIVBI.STO.Z.BIYC.CLP.M,Itaú-Corpbanca,,Nacional,M,Estadísticas Monetarias y Financieras,"Colocaciones de vivienda, colocaciones del sector bancario (miles de millones de pesos)",,,nacional
F022.VIVBI.STO.Z.BJPM.CLP.M,JP Morgan,,Nacional,M,Estadísticas Monetarias y Financieras,"Colocaciones de vivienda, colocaciones del sector bancario (miles de millones de pesos)",,,nacional
F022.VIVBI.STO.Z.BNAR.CLP.M,Nación Argentina,,Nacional,M,Estadísticas Monetarias y Financieras,"Colocaciones de vivienda, colocaciones del sector bancario (miles de millones de pesos)",,,nacional
F022.VIVBI.STO.Z.BPAR.CLP.M,Paris,,Nacional,M,Estadísticas Monetarias y Financieras,"Colocaciones de vivienda, colocaciones del sector bancario (miles de millones de pesos)",,,nacional
F022.VIVBI.STO.Z.BPEN.CLP.M,Penta,,Nacional,M,Estadísticas Monetarias y Financieras,"Colocaciones de vivienda, colocaciones del sector bancario (miles de millones de pesos)",,,nacional
F022.VIVBI.STO.Z.BRAB.CLP.M,Rabobank,,Nacional,M,Estadísticas Monetarias y Financieras,"Colocaciones de vivienda, colocaciones del sector bancario (miles de millones de pesos)",,,nacional
F022.VIVBI.STO.Z.BRIP.CLP.M,Ripley,,Nacional,M,Estadísticas Monetarias y Financieras,"Colocaciones de vivienda, colocaciones del sector bancario (miles de millones de pesos)",,,nacional
F022.VIVBI.STO.Z.BSAN.CLP.M,Santander,,Nacional,M,Estadísticas Monetarias y Financieras,"Colocaciones de vivienda, colocaciones del sector bancario (miles de millones de pesos)",,,nacional
F022.VIVBI.STO.Z.BSCO.CLP.M,Scotiabank,,Nacional,M,Estadísticas Monetarias y Financieras,"Colocaciones de vivienda, colocaciones del sector bancario (miles de millones de pesos)",,,nacional
F022.VIVBI.STO.Z.BSEC.CLP.M,Security,,Nacional,M,Estadísticas Monetarias y Financieras,"Colocaciones de vivienda, colocaciones del sector bancario (miles de millones de pesos)",,,nacional
F022.VIVBI.STO.Z.BSUD.CLP.M,Sudamericano,,Nacional,M,Estadísticas Monetarias y Financieras,"Colocaciones de vivienda, colocaciones del sector bancario (miles de millones de pesos)",,,nacional
F022.VIVBI.STO.Z.BTAN.CLP.M,Tanner,,Nacional,M,Estadísticas Monetarias y Financieras,"Colocaciones de vivienda, colocaciones del sector bancario (miles de millones de pesos)",,,nacional
F022.VIVBI.STO.Z.BTOK.CLP.M,Of Tokyo,,Nacional,M,Estadísticas Monetarias y Financieras,"Colocaciones de vivienda, colocaciones del sector bancario (miles de millones de pesos)",,,nacional
F022.VIVBI.STO.Z.Z.CLP.M,Vivienda,,Nacional,M,Estadísticas Monetarias y Financieras,"Colocaciones por tipo de deudor, balances individuales, saldos (miles de millones de pesos)",,,nacional
F089.TPM.TAS.11.M,En la siguiente reunión,,Nacional,M,Expectativas Económicas,Expectativas tasa de política monetaria (porcentaje),,,nacional
F089.TPM.TAS.13.M,Dentro de 2 meses,,Nacional,M,Expectativas Económicas,Expectativas tasa de política monetaria (porcentaje),,,nacional
F089.TPM.TAS.14.M,Dentro de 11 meses,,Nacional,M,Expectativas Económicas,Expectativas tasa de política monetaria (porcentaje),,,nacional
F089.TPM.TAS.15.M,Dentro de 23 meses,,Nacional,M,Expectativas Económicas,Expectativas tasa de política monetaria (porcentaje),,,nacional
F089.TPM.TAS.16.M,Diciembre 2004,,Nacional,M,Expectativas Económicas,Expectativas tasa de política monetaria (porcentaje),,,nacional
F089.TPM.TAS.17.M,Diciembre 2005,,Nacional,M,Expectativas Económicas,Expectativas tasa de política monetaria (porcentaje),,,nacional
F089.TPM.TAS.18.M,Diciembre 2006,,Nacional,M,Expectativas Económicas,Expectativas tasa de política monetaria (porcentaje),,,nacional
F089.TPM.TAS.19.M,Diciembre 2007,,Nacional,M,Expectativas Económicas,Expectativas tasa de política monetaria (porcentaje),,,nacional
F089.TPM.TAS.20.M,Diciembre 2008,,Nacional,M,Expectativas Económicas,Expectativas tasa de política monetaria (porcentaje),,,nacional
F089.TPM.TAS.2017.M,Diciembre 2017,,Nacional,M,Expectativas Económicas,Expectativas tasa de política monetaria (porcentaje),,,nacional
F089.TPM.TAS.2018.M,Diciembre 2018,,Nacional,M,Expectativas Económicas,Expectativas tasa de política monetaria (porcentaje),,,nacional
F089.TPM.TAS.2019.M,Diciembre 2019,,Nacional,M,Expectativas Económicas,Expectativas tasa de política monetaria (porcentaje),,,nacional
F089.TPM.TAS.2020.M,Diciembre 2020,,Nacional,M,Expectativas Económicas,Expectativas tasa de política monetaria (porcentaje),,,nacional
F089.TPM.TAS.2021.M,Diciembre 2021,,Nacional,M,Expectativas Económicas,Expectativas tasa de política monetaria (porcentaje),,,nacional
F089.TPM.TAS.2022.M,Diciembre 2022,,Nacional,M,Expectativas Económicas,Expectativas tasa de política monetaria (porcentaje),,,nacional
F089.TPM.TAS.2023.M,Diciembre 2023,,Nacional,M,Expectativas Económicas,Expectativas tasa de política monetaria (porcentaje),,,nacional
F089.TPM.TAS.2024.M,Diciembre 2024,,Nacional,M,Expectativas Económicas,Expectativas tasa de política monetaria (porcentaje),,,nacional
F089.TPM.TAS.2025.M,Diciembre 2025,,Nacional,M,Expectativas Económicas,Expectativas tasa de política monetaria (porcentaje),,,nacional
F089.TPM.TAS.2026.M,Diciembre 2026,,Nacional,M,Expectativas Económicas,Expectativas tasa de política monetaria (porcentaje),,,nacional
F089.TPM.TAS.21.M,Diciembre 2009,,Nacional,M,Expectativas Económicas,Expectativas tasa de política monetaria (porcentaje),,,nacional
F089.TPM.TAS.22.M,Diciembre 2010,,Nacional,M,Expectativas Económicas,Expectativas tasa de política monetaria (porcentaje),,,nacional
F089.TPM.TAS.23.M,Diciembre 2011,,Nacional,M,Expectativas Económicas,Expectativas tasa de política monetaria (porcentaje),,,nacional
F089.TPM.TAS.24.M,Diciembre 2012,,Nacional,M,Expectativas Económicas,Expectativas tasa de política monetaria (porcentaje),,,nacional
F089.TPM.TAS.26.M,Dentro de 5 meses,,Nacional,M,Expectativas Económicas,Expectativas tasa de política monetaria (porcentaje),,,nacional
F089.TPM.TAS.30.M,Dentro de 17 meses,,Nacional,M,Expectativas Económicas,Expectativas tasa de política monetaria (porcentaje),,,nacional
F089.TPM.TAS.31.M,En la subsiguiente reunión,,Nacional,M,Expectativas Económicas,Expectativas tasa de política monetaria (porcentaje),,,nacional
F089.TPM.TAS.34.M,Diciembre 2013,,Nacional,M,Expectativas Económicas,Expectativas tasa de política monetaria (porcentaje),,,nacional
F089.TPM.TAS.35.M,Dentro de 35 meses,,Nacional,M,Expectativas Económicas,Expectativas tasa de política monetaria (porcentaje),,,nacional
F089.TPM.TAS.37.M,Diciembre 2014,,Nacional,M,Expectativas Económicas,Expectativas tasa de política monetaria (porcentaje),,,nacional
F089.TPM.TAS.38.M,Diciembre 2015,,Nacional,M,Expectativas Económicas,Expectativas tasa de política monetaria (porcentaje),,,nacional
F089.TPM.TAS.39.M,Diciembre 2016,,Nacional,M,Expectativas Económicas,Expectativas tasa de política monetaria (porcentaje),,,nacional
F089.TPM.TAS.LP.M,Tasa de Política Monetaria promedio a largo plazo (porcentaje),,Nacional,M,Expectativas Económicas,Expectativas parámetros estructurales,,,nacional
F022.VIVREC.STO.Z.Z.Z.T,En construcción (Región Metropolitana),,Nacional,T,Mercado de Capitales,Oferta de viviendas nuevas (miles de unidades),,,nacional
F022.VIVRN.STO.Z.Z.Z.T,Stock nacional,,Nacional,T,Mercado de Capitales,Oferta de viviendas nuevas (miles de unidades),,,nacional
F022.VIVRSE.STO.Z.Z.Z.T,Sin ejecución (Región Metropolitana),,Nacional,T,Mercado de Capitales,Oferta de viviendas nuevas (miles de unidades),,,nacional
F022.VIVRT.STO.Z.Z.Z.T,Terminaciones (Región Metropolitana),,Nacional,T,Mercado de Capitales,Oferta de viviendas nuevas (miles de unidades),,,nacional
F038.DEUBH.PIND.53.10.N.2013.CLP.T,Deuda bancaria hipotecaria (porcentaje del ingreso disponible),,Nacional,T,Cuentas Nacionales,"Ratios de los hogares e IPSFL, referencia 2013 (promedio móvil anual)",,,nacional
F038.DEUBH.PIND.53.10.N.2018.CLP.T,Deuda bancaria hipotecaria (porcentaje del ingreso disponible),,Nacional,T,Cuentas Nacionales,"Ratios de los hogares e IPSFL, referencia 2018 (promedio móvil anual)",,,nacional
F038.DEUBH.PPB2.53.10.N.2013.CLP.T,Deuda bancaria hipotecaria (porcentaje del PIB),,Nacional,T,Cuentas Nacionales,"Ratios de los hogares e IPSFL, referencia 2013 (promedio móvil anual)",,,nacional
F038.DEUBH.PPB2.53.10.N.2018.CLP.T,Deuda bancaria hipotecaria (porcentaje del PIB),,Nacional,T,Cuentas Nacionales,"Ratios de los hogares e IPSFL, referencia 2018 (promedio móvil anual)",,,nacional
F089.ECB.10Y20.CONSFCH1.T,Entre 10% y menos de 20%,,Nacional,T,Expectativas Económicas,"Banca de personas: créditos de consumo e hipotecarios, Financiamiento de créditos hipotecarios, Porcentaje de refinanciamiento de crédito hipotecario ya existente",,,nacional
F089.ECB.20Y30.CONSFCH1.T,Entre 20% y menos de 30%,,Nacional,T,Expectativas Económicas,"Banca de personas: créditos de consumo e hipotecarios, Financiamiento de créditos hipotecarios, Porcentaje de refinanciamiento de crédito hipotecario ya existente",,,nacional
F089.ECB.30Y40.CONSFCH1.T,Entre 30% y menos de 40%,,Nacional,T,Expectativas Económicas,"Banca de personas: créditos de consumo e hipotecarios, Financiamiento de créditos hipotecarios, Porcentaje de refinanciamiento de crédito hipotecario ya existente",,,nacional
F089.ECB.40Y50.CONSFCH1.T,Entre 40% y 50%,,Nacional,T,Expectativas Económicas,"Banca de personas: créditos de consumo e hipotecarios, Financiamiento de créditos hipotecarios, Porcentaje de refinanciamiento de crédito hipotecario ya existente",,,nacional
F089.ECB.AMNIV.COMDNC1.T,Al mismo nivel,,Nacional,T,Expectativas Económicas,"Banca de empresas: créditos comerciales, Demanda por nuevos créditos, Grandes empresas",,,nacional
F089.ECB.AMNIV.COMDNC2.T,Al mismo nivel,,Nacional,T,Expectativas Económicas,"Banca de empresas: créditos comerciales, Demanda por nuevos créditos, Pymes",,,nacional
F089.ECB.AMNIV.CONSDNC1.T,Al mismo nivel,,Nacional,T,Expectativas Económicas,"Banca de personas: créditos de consumo e hipotecarios, Demanda por nuevos créditos, Consumo",,,nacional
F089.ECB.AMNIV.CONSDNC2.T,Al mismo nivel,,Nacional,T,Expectativas Económicas,"Banca de personas: créditos de consumo e hipotecarios, Demanda por nuevos créditos, Hipotecarios",,,nacional
F089.ECB.AMNIV.IMBDNC1.T,Al mismo nivel,,Nacional,T,Expectativas Económicas,"Banca de empresas: créditos inmobiliarios y de la construcción, Demanda por nuevos créditos, Inmobiliarios",,,nacional
F089.ECB.AMNIV.IMBDNC2.T,Al mismo nivel,,Nacional,T,Expectativas Económicas,"Banca de empresas: créditos inmobiliarios y de la construcción, Demanda por nuevos créditos, Construcción",,,nacional
F089.ECB.CCMOD.COMDNC1.T,Moderadamente más fuerte,,Nacional,T,Expectativas Económicas,"Banca de empresas: créditos comerciales, Demanda por nuevos créditos, Grandes empresas",,,nacional
F089.ECB.CCMOD.COMDNC2.T,Moderadamente más fuerte,,Nacional,T,Expectativas Económicas,"Banca de empresas: créditos comerciales, Demanda por nuevos créditos, Pymes",,,nacional
F089.ECB.CCMOD.CONSDNC1.T,Moderadamente más fuerte,,Nacional,T,Expectativas Económicas,"Banca de personas: créditos de consumo e hipotecarios, Demanda por nuevos créditos, Consumo",,,nacional
F089.ECB.CCMOD.CONSDNC2.T,Moderadamente más fuerte,,Nacional,T,Expectativas Económicas,"Banca de personas: créditos de consumo e hipotecarios, Demanda por nuevos créditos, Hipotecarios",,,nacional
F089.ECB.CCMOD.IMBDNC1.T,Moderadamente más fuerte,,Nacional,T,Expectativas Económicas,"Banca de empresas: créditos inmobiliarios y de la construcción, Demanda por nuevos créditos, Inmobiliarios",,,nacional
F089.ECB.CCMOD.IMBDNC2.T,Moderadamente más fuerte,,Nacional,T,Expectativas Económicas,"Banca de empresas: créditos inmobiliarios y de la construcción, Demanda por nuevos créditos, Construcción",,,nacional
F089.ECB.IND.COMCC1.T,Indicador,,Nacional,T,Expectativas Económicas,"Banca de empresas: créditos comerciales, Condiciones crediticias, Grandes empresas: Disminución de las líneas de crédito (en relación con el volumen de ventas)",,,nacional
F089.ECB.IND.COMCC10.T,Indicador,,Nacional,T,Expectativas Económicas,"Banca de empresas: créditos comerciales, Condiciones crediticias, Pymes: Aumento del premio exigido a los créditos más riesgosos",,,nacional
F089.ECB.IND.COMCC2.T,Indicador,,Nacional,T,Expectativas Económicas,"Banca de empresas: créditos comerciales, Condiciones crediticias, Grandes empresas: Aumento del spread sobre el costo de fondos de su banco",,,nacional
F089.ECB.IND.COMCC3.T,Indicador,,Nacional,T,Expectativas Económicas,"Banca de empresas: créditos comerciales, Condiciones crediticias, Grandes empresas: Mayor requerimiento de garantías o imposición de otras condiciones contractuales",,,nacional
F089.ECB.IND.COMCC4.T,Indicador,,Nacional,T,Expectativas Económicas,"Banca de empresas: créditos comerciales, Condiciones crediticias, Grandes empresas: Disminución en el plazo de los créditos",,,nacional
F089.ECB.IND.COMCC5.T,Indicador,,Nacional,T,Expectativas Económicas,"Banca de empresas: créditos comerciales, Condiciones crediticias, Grandes empresas: Aumento del premio exigido a los créditos más riesgosos",,,nacional
F089.ECB.IND.COMCC6.T,Indicador,,Nacional,T,Expectativas Económicas,"Banca de empresas: créditos comerciales, Condiciones crediticias, Pymes: Disminución de las líneas de crédito (en relación con el volumen de ventas)",,,nacional
F089.ECB.IND.COMCC7.T,Indicador,,Nacional,T,Expectativas Económicas,"Banca de empresas: créditos comerciales, Condiciones crediticias, Pymes: Aumento del spread sobre el costo de fondos de su banco",,,nacional
F089.ECB.IND.COMCC8.T,Indicador,,Nacional,T,Expectativas Económicas,"Banca de empresas: créditos comerciales, Condiciones crediticias, Pymes: Mayor requerimiento de garantías o imposición de otras condiciones contractuales",,,nacional
F089.ECB.IND.COMCC9.T,Indicador,,Nacional,T,Expectativas Económicas,"Banca de empresas: créditos comerciales, Condiciones crediticias, Pymes: Disminución en el plazo de los créditos",,,nacional
F089.ECB.IND.COMDNC1.T,Indicador,,Nacional,T,Expectativas Económicas,"Banca de empresas: créditos comerciales, Demanda por nuevos créditos, Grandes empresas",,,nacional
F089.ECB.IND.COMDNC2.T,Indicador,,Nacional,T,Expectativas Económicas,"Banca de empresas: créditos comerciales, Demanda por nuevos créditos, Pymes",,,nacional
F089.ECB.IND.COMEA1.T,Indicador,,Nacional,T,Expectativas Económicas,"Banca de empresas: créditos comerciales, Estándares de aprobación, Grandes empresas",,,nacional
F089.ECB.IND.COMEA2.T,Indicador,,Nacional,T,Expectativas Económicas,"Banca de empresas: créditos comerciales, Estándares de aprobación, Pymes",,,nacional
F089.ECB.IND.COMFCD1.T,Indicador,,Nacional,T,Expectativas Económicas,"Banca de empresas: créditos comerciales, Factores que explican cambios en la demanda, Grandes empresas: Necesidades de capital de trabajo de los clientes",,,nacional
F089.ECB.IND.COMFCD2.T,Indicador,,Nacional,T,Expectativas Económicas,"Banca de empresas: créditos comerciales, Factores que explican cambios en la demanda, Grandes empresas: Inversión en activo fijo físico (plantas y equipos) de los clientes",,,nacional
F089.ECB.IND.COMFCD3.T,Indicador,,Nacional,T,Expectativas Económicas,"Banca de empresas: créditos comerciales, Factores que explican cambios en la demanda, Grandes empresas: Necesidades de financiamiento de los clientes para adquisiciones o fusiones con otras empresas",,,nacional
F089.ECB.IND.COMFCD4.T,Indicador,,Nacional,T,Expectativas Económicas,"Banca de empresas: créditos comerciales, Factores que explican cambios en la demanda, Grandes empresas: Sustitución de financiamiento entre bancos u otras fuentes no bancarias (bonos, efectos de comercio, recursos propios, etc)",,,nacional
F089.ECB.IND.COMFCD5.T,Indicador,,Nacional,T,Expectativas Económicas,"Banca de empresas: créditos comerciales, Factores que explican cambios en la demanda, Pymes: Necesidades de capital de trabajo de los clientes",,,nacional
F089.ECB.IND.COMFCD6.T,Indicador,,Nacional,T,Expectativas Económicas,"Banca de empresas: créditos comerciales, Factores que explican cambios en la demanda, Pymes: Inversión en activo fijo físico (plantas y equipos) de los clientes",,,nacional
F089.ECB.IND.COMFCD7.T,Indicador,,Nacional,T,Expectativas Económicas,"Banca de empresas: créditos comerciales, Factores que explican cambios en la demanda, Pymes: Sustitución de financiamiento entre bancos u otras fuentes no bancarias (proveedores, recursos propios, factoraje, etc.)",,,nacional
F089.ECB.IND.COMFCEA1.T,Indicador,,Nacional,T,Expectativas Económicas,"Banca de empresas: créditos comerciales, Factores que explican cambios en estándares de aprobación, Entorno económico o sus perspectivas",,,nacional
F089.ECB.IND.COMFCEA10.T,Indicador,,Nacional,T,Expectativas Económicas,"Banca de empresas: créditos comerciales, Factores que explican cambios en estándares de aprobación, Pymes: Cambios normativos",,,nacional
F089.ECB.IND.COMFCEA11.T,Indicador,,Nacional,T,Expectativas Económicas,"Banca de empresas: créditos comerciales, Factores que explican cambios en estándares de aprobación, Pymes: Otros",,,nacional
F089.ECB.IND.COMFCEA2.T,Indicador,,Nacional,T,Expectativas Económicas,"Banca de empresas: créditos comerciales, Factores que explican cambios en estándares de aprobación, Posición de capital de su banco, actual o esperada",,,nacional
F089.ECB.IND.COMFCEA3.T,Indicador,,Nacional,T,Expectativas Económicas,"Banca de empresas: créditos comerciales, Factores que explican cambios en estándares de aprobación, Condiciones de fondeo de su banco",,,nacional
F089.ECB.IND.COMFCEA4.T,Indicador,,Nacional,T,Expectativas Económicas,"Banca de empresas: créditos comerciales, Factores que explican cambios en estándares de aprobación, Grandes empresas: Riesgo de la cartera de clientes (flujos, morosidad, provisiones, etc)",,,nacional
F089.ECB.IND.COMFCEA5.T,Indicador,,Nacional,T,Expectativas Económicas,"Banca de empresas: créditos comerciales, Factores que explican cambios en estándares de aprobación, Grandes empresas: Competencia de otros bancos o instituciones no bancarias",,,nacional
F089.ECB.IND.COMFCEA6.T,Indicador,,Nacional,T,Expectativas Económicas,"Banca de empresas: créditos comerciales, Factores que explican cambios en estándares de aprobación, Grandes empresas: Cambios normativos",,,nacional
F089.ECB.IND.COMFCEA7.T,Indicador,,Nacional,T,Expectativas Económicas,"Banca de empresas: créditos comerciales, Factores que explican cambios en estándares de aprobación, Grandes empresas: Otros",,,nacional
F089.ECB.IND.COMFCEA8.T,Indicador,,Nacional,T,Expectativas Económicas,"Banca de empresas: créditos comerciales, Factores que explican cambios en estándares de aprobación, Pymes: Riesgo de la cartera de clientes (flujos, morosidad, provisiones, etc)",,,nacional
F089.ECB.IND.COMFCEA9.T,Indicador,,Nacional,T,Expectativas Económicas,"Banca de empresas: créditos comerciales, Factores que explican cambios en estándares de aprobación, Pymes: Competencia de otros bancos o instituciones no bancarias",,,nacional
F089.ECB.IND.CONSCC1.T,Indicador,,Nacional,T,Expectativas Económicas,"Banca de personas: créditos de consumo e hipotecarios, Condiciones crediticias, Consumo: Tamaño máximo del crédito en cuotas o de la línea de crédito en relación al ingreso",,,nacional
F089.ECB.IND.CONSCC10.T,Indicador,,Nacional,T,Expectativas Económicas,"Banca de personas: créditos de consumo e hipotecarios, Condiciones crediticias, Hipotecarios: Spread sobre el costo de fondos del banco o comisión",,,nacional
F089.ECB.IND.CONSCC11.T,Indicador,,Nacional,T,Expectativas Económicas,"Banca de personas: créditos de consumo e hipotecarios, Condiciones crediticias, Hipotecarios: Estándar mínimo requerido de credit scoring",,,nacional
F089.ECB.IND.CONSCC12.T,Indicador,,Nacional,T,Expectativas Económicas,"Banca de personas: créditos de consumo e hipotecarios, Condiciones crediticias, Hipotecarios: La posibilidad de que ciertos créditos sean otorgados a clientes que no cumplen con los requisitos de estándar mínimo requerido",,,nacional
F089.ECB.IND.CONSCC2.T,Indicador,,Nacional,T,Expectativas Económicas,"Banca de personas: créditos de consumo e hipotecarios, Condiciones crediticias, Consumo: Plazo máximo del crédito en cuotas",,,nacional
F089.ECB.IND.CONSCC3.T,Indicador,,Nacional,T,Expectativas Económicas,"Banca de personas: créditos de consumo e hipotecarios, Condiciones crediticias, Consumo: Spread sobre el costo de fondos del banco",,,nacional
F089.ECB.IND.CONSCC4.T,Indicador,,Nacional,T,Expectativas Económicas,"Banca de personas: créditos de consumo e hipotecarios, Condiciones crediticias, Consumo: Estándar mínimo requerido de crédit scoring",,,nacional
F089.ECB.IND.CONSCC5.T,Indicador,,Nacional,T,Expectativas Económicas,"Banca de personas: créditos de consumo e hipotecarios, Condiciones crediticias, Consumo: Cupo máximo de la tarjeta de crédito",,,nacional
F089.ECB.IND.CONSCC6.T,Indicador,,Nacional,T,Expectativas Económicas,"Banca de personas: créditos de consumo e hipotecarios, Condiciones crediticias, Consumo: Porcentaje del total de la deuda pendiente en tarjeta de crédito requerido como pago mínimo mensual",,,nacional
F089.ECB.IND.CONSCC7.T,Indicador,,Nacional,T,Expectativas Económicas,"Banca de personas: créditos de consumo e hipotecarios, Condiciones crediticias, Consumo: La posibilidad de que ciertos créditos sean otorgados a clientes que no cumplen con los requisitos de estándar mínimo requerido",,,nacional
F089.ECB.IND.CONSCC8.T,Indicador,,Nacional,T,Expectativas Económicas,"Banca de personas: créditos de consumo e hipotecarios, Condiciones crediticias, Hipotecarios: Porcentaje del total del ingreso de las personas que representa el dividendo",,,nacional
F089.ECB.IND.CONSCC9.T,Indicador,,Nacional,T,Expectativas Económicas,"Banca de personas: créditos de consumo e hipotecarios, Condiciones crediticias, Hipotecarios: Porcentaje máximo del crédito complementario al monto de crédito en letras o mutuos hipotecarias",,,nacional
F089.ECB.IND.CONSDNC1.T,Indicador,,Nacional,T,Expectativas Económicas,"Banca de personas: créditos de consumo e hipotecarios, Demanda por nuevos créditos, Consumo",,,nacional
F089.ECB.IND.CONSDNC2.T,Indicador,,Nacional,T,Expectativas Económicas,"Banca de personas: créditos de consumo e hipotecarios, Demanda por nuevos créditos, Hipotecarios",,,nacional
F089.ECB.IND.CONSEA1.T,Indicador,,Nacional,T,Expectativas Económicas,"Banca de personas: créditos de consumo e hipotecarios, Estándares de aprobación, Consumo",,,nacional
F089.ECB.IND.CONSEA2.T,Indicador,,Nacional,T,Expectativas Económicas,"Banca de personas: créditos de consumo e hipotecarios, Estándares de aprobación, Hipotecarios",,,nacional
F089.ECB.IND.CONSFCD1.T,Indicador,,Nacional,T,Expectativas Económicas,"Banca de personas: créditos de consumo e hipotecarios, Factores que explican cambios en la demanda, Consumo: Condiciones de ingreso y/o empleo de los clientes",,,nacional
F089.ECB.IND.CONSFCD2.T,Indicador,,Nacional,T,Expectativas Económicas,"Banca de personas: créditos de consumo e hipotecarios, Factores que explican cambios en la demanda, Consumo: Sustitución de financiamiento entre bancos u otras fuentes no bancarias (comercio)",,,nacional
F089.ECB.IND.CONSFCD3.T,Indicador,,Nacional,T,Expectativas Económicas,"Banca de personas: créditos de consumo e hipotecarios, Factores que explican cambios en la demanda, Consumo: Condiciones de la tasa de interés",,,nacional
F089.ECB.IND.CONSFCD4.T,Indicador,,Nacional,T,Expectativas Económicas,"Banca de personas: créditos de consumo e hipotecarios, Factores que explican cambios en la demanda, Hipotecarios: Condiciones de ingreso y/o empleo de los clientes",,,nacional
F089.ECB.IND.CONSFCD5.T,Indicador,,Nacional,T,Expectativas Económicas,"Banca de personas: créditos de consumo e hipotecarios, Factores que explican cambios en la demanda, Hipotecarios: Sustitución de financiamiento entre bancos u otras fuentes no bancarias",,,nacional
F089.ECB.IND.CONSFCD6.T,Indicador,,Nacional,T,Expectativas Económicas,"Banca de personas: créditos de consumo e hipotecarios, Factores que explican cambios en la demanda, Hipotecarios: Condiciones de la tasa de interés",,,nacional
F089.ECB.IND.CONSFCEA1.T,Indicador,,Nacional,T,Expectativas Económicas,"Banca de personas: créditos de consumo e hipotecarios, Factores que explican cambios en estándares de aprobación, Consumo: Riesgo de su cartera de clientes (morosidad, provisiones, etc.)",,,nacional
F089.ECB.IND.CONSFCEA2.T,Indicador,,Nacional,T,Expectativas Económicas,"Banca de personas: créditos de consumo e hipotecarios, Factores que explican cambios en estándares de aprobación, Consumo: Competencia de otros bancos o instituciones no bancarias",,,nacional
F089.ECB.IND.CONSFCEA3.T,Indicador,,Nacional,T,Expectativas Económicas,"Banca de personas: créditos de consumo e hipotecarios, Factores que explican cambios en estándares de aprobación, Consumo: Cambios normativos",,,nacional
F089.ECB.IND.CONSFCEA4.T,Indicador,,Nacional,T,Expectativas Económicas,"Banca de personas: créditos de consumo e hipotecarios, Factores que explican cambios en estándares de aprobación, Consumo: Otros",,,nacional
F089.ECB.IND.CONSFCEA5.T,Indicador,,Nacional,T,Expectativas Económicas,"Banca de personas: créditos de consumo e hipotecarios, Factores que explican cambios en estándares de aprobación, Hipotecarios: Riesgo de su cartera de clientes (morosidad, provisiones, etc.)",,,nacional
F089.ECB.IND.CONSFCEA6.T,Indicador,,Nacional,T,Expectativas Económicas,"Banca de personas: créditos de consumo e hipotecarios, Factores que explican cambios en estándares de aprobación, Hipotecarios: Competencia de otros bancos o instituciones no bancarias",,,nacional
F089.ECB.IND.CONSFCEA7.T,Indicador,,Nacional,T,Expectativas Económicas,"Banca de personas: créditos de consumo e hipotecarios, Factores que explican cambios en estándares de aprobación, Hipotecarios: Cambios normativos",,,nacional
F089.ECB.IND.CONSFCEA8.T,Indicador,,Nacional,T,Expectativas Económicas,"Banca de personas: créditos de consumo e hipotecarios, Factores que explican cambios en estándares de aprobación, Hipotecarios: Otros",,,nacional
F089.ECB.IND.CONSFCH1.T,Indicador,,Nacional,T,Expectativas Económicas,"Banca de personas: créditos de consumo e hipotecarios, Financiamiento de créditos hipotecarios, Porcentaje de refinanciamiento de crédito hipotecario ya existente",,,nacional
F089.ECB.IND.IMBCC1.T,Indicador,,Nacional,T,Expectativas Económicas,"Banca de empresas: créditos inmobiliarios y de la construcción, Condiciones crediticias, Inmobiliarios: Porcentaje máximo a financiar del costo directo del proyecto inmobiliario",,,nacional
F089.ECB.IND.IMBCC2.T,Indicador,,Nacional,T,Expectativas Económicas,"Banca de empresas: créditos inmobiliarios y de la construcción, Condiciones crediticias, Inmobiliarios: Porcentaje máximo a financiar del costo total del proyecto inmobiliario",,,nacional
F089.ECB.IND.IMBCC3.T,Indicador,,Nacional,T,Expectativas Económicas,"Banca de empresas: créditos inmobiliarios y de la construcción, Condiciones crediticias, Inmobiliarios: Porcentaje del valor del terreno dado como anticipo",,,nacional
F089.ECB.IND.IMBCC4.T,Indicador,,Nacional,T,Expectativas Económicas,"Banca de empresas: créditos inmobiliarios y de la construcción, Condiciones crediticias, Inmobiliarios: Plazo máximo del crédito",,,nacional
F089.ECB.IND.IMBCC5.T,Indicador,,Nacional,T,Expectativas Económicas,"Banca de empresas: créditos inmobiliarios y de la construcción, Condiciones crediticias, Inmobiliarios: Spread del crédito sobre costo de fondo",,,nacional
F089.ECB.IND.IMBCC6.T,Indicador,,Nacional,T,Expectativas Económicas,"Banca de empresas: créditos inmobiliarios y de la construcción, Condiciones crediticias, Inmobiliarios: Requerimiento de garantías u otras condiciones contractuales",,,nacional
F089.ECB.IND.IMBDNC1.T,Indicador,,Nacional,T,Expectativas Económicas,"Banca de empresas: créditos inmobiliarios y de la construcción, Demanda por nuevos créditos, Inmobiliarios",,,nacional
F089.ECB.IND.IMBDNC2.T,Indicador,,Nacional,T,Expectativas Económicas,"Banca de empresas: créditos inmobiliarios y de la construcción, Demanda por nuevos créditos, Construcción",,,nacional
F089.ECB.IND.IMBEA1.T,Indicador,,Nacional,T,Expectativas Económicas,"Banca de empresas: créditos inmobiliarios y de la construcción, Estándares de aprobación, Inmobiliarios",,,nacional
F089.ECB.IND.IMBEA2.T,Indicador,,Nacional,T,Expectativas Económicas,"Banca de empresas: créditos inmobiliarios y de la construcción, Estándares de aprobación, Construcción",,,nacional
F089.ECB.IND.IMBFCD1.T,Indicador,,Nacional,T,Expectativas Económicas,"Banca de empresas: créditos inmobiliarios y de la construcción, Factores que explican cambios en la demanda, Inmobiliarios: Dinamismo del sector inmobiliario (ventas, inicio de proyectos, etc)",,,nacional
F089.ECB.IND.IMBFCD2.T,Indicador,,Nacional,T,Expectativas Económicas,"Banca de empresas: créditos inmobiliarios y de la construcción, Factores que explican cambios en la demanda, Inmobiliarios: Sustitución de financiamiento entre bancos u otras fuentes no bancarias",,,nacional
F089.ECB.IND.IMBFCD3.T,Indicador,,Nacional,T,Expectativas Económicas,"Banca de empresas: créditos inmobiliarios y de la construcción, Factores que explican cambios en la demanda, Construcción: Dinamismo del sector construcción (inicio de proyectos privados no relacionados al MOP)",,,nacional
F089.ECB.IND.IMBFCD4.T,Indicador,,Nacional,T,Expectativas Económicas,"Banca de empresas: créditos inmobiliarios y de la construcción, Factores que explican cambios en la demanda, Construcción: Sustitución del financiamiento entre bancos u otras fuentes no bancarias",,,nacional
F089.ECB.IND.IMBFCD5.T,Indicador,,Nacional,T,Expectativas Económicas,"Banca de empresas: créditos inmobiliarios y de la construcción, Factores que explican cambios en la demanda, Construcción: Dinamismo de la actividad en infraestructura pública (proyectos MOP)",,,nacional
F089.ECB.IND.IMBFCEA1.T,Indicador,,Nacional,T,Expectativas Económicas,"Banca de empresas: créditos inmobiliarios y de la construcción, Factores que explican cambios en estándares de aprobación, Entorno económico del sector inmobiliario o sus perspectivas",,,nacional
F089.ECB.IND.IMBFCEA2.T,Indicador,,Nacional,T,Expectativas Económicas,"Banca de empresas: créditos inmobiliarios y de la construcción, Factores que explican cambios en estándares de aprobación, Riesgo de crédito de los clientes inmobiliarios (flujos, morosidad, provisiones, etc)",,,nacional
F089.ECB.IND.IMBFCEA3.T,Indicador,,Nacional,T,Expectativas Económicas,"Banca de empresas: créditos inmobiliarios y de la construcción, Factores que explican cambios en estándares de aprobación, Competencia de otros bancos o instituciones no bancarias",,,nacional
F089.ECB.IND.IMBFCEA4.T,Indicador,,Nacional,T,Expectativas Económicas,"Banca de empresas: créditos inmobiliarios y de la construcción, Factores que explican cambios en estándares de aprobación, Cambios normativos",,,nacional
F089.ECB.IND.IMBFCEA5.T,Indicador,,Nacional,T,Expectativas Económicas,"Banca de empresas: créditos inmobiliarios y de la construcción, Factores que explican cambios en estándares de aprobación, Otros",,,nacional
F089.ECB.MAS50.CONSFCH1.T,Más del 50%,,Nacional,T,Expectativas Económicas,"Banca de personas: créditos de consumo e hipotecarios, Financiamiento de créditos hipotecarios, Porcentaje de refinanciamiento de crédito hipotecario ya existente",,,nacional
F089.ECB.MEN10.CONSFCH1.T,Menos del 10%,,Nacional,T,Expectativas Económicas,"Banca de personas: créditos de consumo e hipotecarios, Financiamiento de créditos hipotecarios, Porcentaje de refinanciamiento de crédito hipotecario ya existente",,,nacional
F089.ECB.MIMP.COMFCD1.T,Muy importante,,Nacional,T,Expectativas Económicas,"Banca de empresas: créditos comerciales, Factores que explican cambios en la demanda, Grandes empresas: Necesidades de capital de trabajo de los clientes",,,nacional
F089.ECB.MIMP.COMFCD2.T,Muy importante,,Nacional,T,Expectativas Económicas,"Banca de empresas: créditos comerciales, Factores que explican cambios en la demanda, Grandes empresas: Inversión en activo fijo físico (plantas y equipos) de los clientes",,,nacional
F089.ECB.MIMP.COMFCD3.T,Muy importante,,Nacional,T,Expectativas Económicas,"Banca de empresas: créditos comerciales, Factores que explican cambios en la demanda, Grandes empresas: Necesidades de financiamiento de los clientes para adquisiciones o fusiones con otras empresas",,,nacional
F089.ECB.MIMP.COMFCD4.T,Muy importante,,Nacional,T,Expectativas Económicas,"Banca de empresas: créditos comerciales, Factores que explican cambios en la demanda, Grandes empresas: Sustitución de financiamiento entre bancos u otras fuentes no bancarias (bonos, efectos de comercio, recursos propios, etc)",,,nacional
F089.ECB.MIMP.COMFCD5.T,Muy importante,,Nacional,T,Expectativas Económicas,"Banca de empresas: créditos comerciales, Factores que explican cambios en la demanda, Pymes: Necesidades de capital de trabajo de los clientes",,,nacional
F089.ECB.MIMP.COMFCD6.T,Muy importante,,Nacional,T,Expectativas Económicas,"Banca de empresas: créditos comerciales, Factores que explican cambios en la demanda, Pymes: Inversión en activo fijo físico (plantas y equipos) de los clientes",,,nacional
F089.ECB.MIMP.COMFCD7.T,Muy importante,,Nacional,T,Expectativas Económicas,"Banca de empresas: créditos comerciales, Factores que explican cambios en la demanda, Pymes: Sustitución de financiamiento entre bancos u otras fuentes no bancarias (proveedores, recursos propios, factoraje, etc.)",,,nacional
F089.ECB.MIMP.COMFCEA1.T,Muy importante,,Nacional,T,Expectativas Económicas,"Banca de empresas: créditos comerciales, Factores que explican cambios en estándares de aprobación, Entorno económico o sus perspectivas",,,nacional
F089.ECB.MIMP.COMFCEA10.T,Muy importante,,Nacional,T,Expectativas Económicas,"Banca de empresas: créditos comerciales, Factores que explican cambios en estándares de aprobación, Pymes: Cambios normativos",,,nacional
F089.ECB.MIMP.COMFCEA11.T,Muy importante,,Nacional,T,Expectativas Económicas,"Banca de empresas: créditos comerciales, Factores que explican cambios en estándares de aprobación, Pymes: Otros",,,nacional
F089.ECB.MIMP.COMFCEA2.T,Muy importante,,Nacional,T,Expectativas Económicas,"Banca de empresas: créditos comerciales, Factores que explican cambios en estándares de aprobación, Posición de capital de su banco, actual o esperada",,,nacional
F089.ECB.MIMP.COMFCEA3.T,Muy importante,,Nacional,T,Expectativas Económicas,"Banca de empresas: créditos comerciales, Factores que explican cambios en estándares de aprobación, Condiciones de fondeo de su banco",,,nacional
F089.ECB.MIMP.COMFCEA4.T,Muy importante,,Nacional,T,Expectativas Económicas,"Banca de empresas: créditos comerciales, Factores que explican cambios en estándares de aprobación, Grandes empresas: Riesgo de la cartera de clientes (flujos, morosidad, provisiones, etc)",,,nacional
F089.ECB.MIMP.COMFCEA5.T,Muy importante,,Nacional,T,Expectativas Económicas,"Banca de empresas: créditos comerciales, Factores que explican cambios en estándares de aprobación, Grandes empresas: Competencia de otros bancos o instituciones no bancarias",,,nacional
F089.ECB.MIMP.COMFCEA6.T,Muy importante,,Nacional,T,Expectativas Económicas,"Banca de empresas: créditos comerciales, Factores que explican cambios en estándares de aprobación, Grandes empresas: Cambios normativos",,,nacional
F089.ECB.MIMP.COMFCEA7.T,Muy importante,,Nacional,T,Expectativas Económicas,"Banca de empresas: créditos comerciales, Factores que explican cambios en estándares de aprobación, Grandes empresas: Otros",,,nacional
F089.ECB.MIMP.COMFCEA8.T,Muy importante,,Nacional,T,Expectativas Económicas,"Banca de empresas: créditos comerciales, Factores que explican cambios en estándares de aprobación, Pymes: Riesgo de la cartera de clientes (flujos, morosidad, provisiones, etc)",,,nacional
F089.ECB.MIMP.COMFCEA9.T,Muy importante,,Nacional,T,Expectativas Económicas,"Banca de empresas: créditos comerciales, Factores que explican cambios en estándares de aprobación, Pymes: Competencia de otros bancos o instituciones no bancarias",,,nacional
F089.ECB.MIMP.CONSFCD1.T,Muy importante,,Nacional,T,Expectativas Económicas,"Banca de personas: créditos de consumo e hipotecarios, Factores que explican cambios en la demanda, Consumo: Condiciones de ingreso y/o empleo de los clientes",,,nacional
F089.ECB.MIMP.CONSFCD2.T,Muy importante,,Nacional,T,Expectativas Económicas,"Banca de personas: créditos de consumo e hipotecarios, Factores que explican cambios en la demanda, Consumo: Sustitución de financiamiento entre bancos u otras fuentes no bancarias (comercio)",,,nacional
F089.ECB.MIMP.CONSFCD3.T,Muy importante,,Nacional,T,Expectativas Económicas,"Banca de personas: créditos de consumo e hipotecarios, Factores que explican cambios en la demanda, Consumo: Condiciones de la tasa de interés",,,nacional
F089.ECB.MIMP.CONSFCD4.T,Muy importante,,Nacional,T,Expectativas Económicas,"Banca de personas: créditos de consumo e hipotecarios, Factores que explican cambios en la demanda, Hipotecarios: Condiciones de ingreso y/o empleo de los clientes",,,nacional
F089.ECB.MIMP.CONSFCD5.T,Muy importante,,Nacional,T,Expectativas Económicas,"Banca de personas: créditos de consumo e hipotecarios, Factores que explican cambios en la demanda, Hipotecarios: Sustitución de financiamiento entre bancos u otras fuentes no bancarias",,,nacional
F089.ECB.MIMP.CONSFCD6.T,Muy importante,,Nacional,T,Expectativas Económicas,"Banca de personas: créditos de consumo e hipotecarios, Factores que explican cambios en la demanda, Hipotecarios: Condiciones de la tasa de interés",,,nacional
F089.ECB.MIMP.CONSFCEA1.T,Muy importante,,Nacional,T,Expectativas Económicas,"Banca de personas: créditos de consumo e hipotecarios, Factores que explican cambios en estándares de aprobación, Consumo: Riesgo de su cartera de clientes (morosidad, provisiones, etc.)",,,nacional
F089.ECB.MIMP.CONSFCEA2.T,Muy importante,,Nacional,T,Expectativas Económicas,"Banca de personas: créditos de consumo e hipotecarios, Factores que explican cambios en estándares de aprobación, Consumo: Competencia de otros bancos o instituciones no bancarias",,,nacional
F089.ECB.MIMP.CONSFCEA3.T,Muy importante,,Nacional,T,Expectativas Económicas,"Banca de personas: créditos de consumo e hipotecarios, Factores que explican cambios en estándares de aprobación, Consumo: Cambios normativos",,,nacional
F089.ECB.MIMP.CONSFCEA4.T,Muy importante,,Nacional,T,Expectativas Económicas,"Banca de personas: créditos de consumo e hipotecarios, Factores que explican cambios en estándares de aprobación, Consumo: Otros",,,nacional
F089.ECB.MIMP.CONSFCEA5.T,Muy importante,,Nacional,T,Expectativas Económicas,"Banca de personas: créditos de consumo e hipotecarios, Factores que explican cambios en estándares de aprobación, Hipotecarios: Riesgo de su cartera de clientes (morosidad, provisiones, etc.)",,,nacional
F089.ECB.MIMP.CONSFCEA6.T,Muy importante,,Nacional,T,Expectativas Económicas,"Banca de personas: créditos de consumo e hipotecarios, Factores que explican cambios en estándares de aprobación, Hipotecarios: Competencia de otros bancos o instituciones no bancarias",,,nacional
F089.ECB.MIMP.CONSFCEA7.T,Muy importante,,Nacional,T,Expectativas Económicas,"Banca de personas: créditos de consumo e hipotecarios, Factores que explican cambios en estándares de aprobación, Hipotecarios: Cambios normativos",,,nacional
F089.ECB.MIMP.CONSFCEA8.T,Muy importante,,Nacional,T,Expectativas Económicas,"Banca de personas: créditos de consumo e hipotecarios, Factores que explican cambios en estándares de aprobación, Hipotecarios: Otros",,,nacional
F089.ECB.MIMP.IMBFCD1.T,Muy importante,,Nacional,T,Expectativas Económicas,"Banca de empresas: créditos inmobiliarios y de la construcción, Factores que explican cambios en la demanda, Inmobiliarios: Dinamismo del sector inmobiliario (ventas, inicio de proyectos, etc)",,,nacional
F089.ECB.MIMP.IMBFCD2.T,Muy importante,,Nacional,T,Expectativas Económicas,"Banca de empresas: créditos inmobiliarios y de la construcción, Factores que explican cambios en la demanda, Inmobiliarios: Sustitución de financiamiento entre bancos u otras fuentes no bancarias",,,nacional
F089.ECB.MIMP.IMBFCD3.T,Muy importante,,Nacional,T,Expectativas Económicas,"Banca de empresas: créditos inmobiliarios y de la construcción, Factores que explican cambios en la demanda, Construcción: Dinamismo del sector construcción (inicio de proyectos privados no relacionados al MOP)",,,nacional
F089.ECB.MIMP.IMBFCD4.T,Muy importante,,Nacional,T,Expectativas Económicas,"Banca de empresas: créditos inmobiliarios y de la construcción, Factores que explican cambios en la demanda, Construcción: Sustitución del financiamiento entre bancos u otras fuentes no bancarias",,,nacional
F089.ECB.MIMP.IMBFCD5.T,Muy importante,,Nacional,T,Expectativas Económicas,"Banca de empresas: créditos inmobiliarios y de la construcción, Factores que explican cambios en la demanda, Construcción: Dinamismo de la actividad en infraestructura pública (proyectos MOP)",,,nacional
F089.ECB.MIMP.IMBFCEA1.T,Muy importante,,Nacional,T,Expectativas Económicas,"Banca de empresas: créditos inmobiliarios y de la construcción, Factores que explican cambios en estándares de aprobación, Entorno económico del sector inmobiliario o sus perspectivas",,,nacional
F089.ECB.MIMP.IMBFCEA2.T,Muy importante,,Nacional,T,Expectativas Económicas,"Banca de empresas: créditos inmobiliarios y de la construcción, Factores que explican cambios en estándares de aprobación, Riesgo de crédito de los clientes inmobiliarios (flujos, morosidad, provisiones, etc)",,,nacional
F089.ECB.MIMP.IMBFCEA3.T,Muy importante,,Nacional,T,Expectativas Económicas,"Banca de empresas: créditos inmobiliarios y de la construcción, Factores que explican cambios en estándares de aprobación, Competencia de otros bancos o instituciones no bancarias",,,nacional
F089.ECB.MIMP.IMBFCEA4.T,Muy importante,,Nacional,T,Expectativas Económicas,"Banca de empresas: créditos inmobiliarios y de la construcción, Factores que explican cambios en estándares de aprobación, Cambios normativos",,,nacional
F089.ECB.MIMP.IMBFCEA5.T,Muy importante,,Nacional,T,Expectativas Económicas,"Banca de empresas: créditos inmobiliarios y de la construcción, Factores que explican cambios en estándares de aprobación, Otros",,,nacional
F089.ECB.MMNRES.COMCC1.T,Moderadamente menos restrictivos,,Nacional,T,Expectativas Económicas,"Banca de empresas: créditos comerciales, Condiciones crediticias, Grandes empresas: Disminución de las líneas de crédito (en relación con el volumen de ventas)",,,nacional
F089.ECB.MMNRES.COMCC10.T,Moderadamente menos restrictivos,,Nacional,T,Expectativas Económicas,"Banca de empresas: créditos comerciales, Condiciones crediticias, Pymes: Aumento del premio exigido a los créditos más riesgosos",,,nacional
F089.ECB.MMNRES.COMCC2.T,Moderadamente menos restrictivos,,Nacional,T,Expectativas Económicas,"Banca de empresas: créditos comerciales, Condiciones crediticias, Grandes empresas: Aumento del spread sobre el costo de fondos de su banco",,,nacional
F089.ECB.MMNRES.COMCC3.T,Moderadamente menos restrictivos,,Nacional,T,Expectativas Económicas,"Banca de empresas: créditos comerciales, Condiciones crediticias, Grandes empresas: Mayor requerimiento de garantías o imposición de otras condiciones contractuales",,,nacional
F089.ECB.MMNRES.COMCC4.T,Moderadamente menos restrictivos,,Nacional,T,Expectativas Económicas,"Banca de empresas: créditos comerciales, Condiciones crediticias, Grandes empresas: Disminución en el plazo de los créditos",,,nacional
F089.ECB.MMNRES.COMCC5.T,Moderadamente menos restrictivos,,Nacional,T,Expectativas Económicas,"Banca de empresas: créditos comerciales, Condiciones crediticias, Grandes empresas: Aumento del premio exigido a los créditos más riesgosos",,,nacional
F089.ECB.MMNRES.COMCC6.T,Moderadamente menos restrictivos,,Nacional,T,Expectativas Económicas,"Banca de empresas: créditos comerciales, Condiciones crediticias, Pymes: Disminución de las líneas de crédito (en relación con el volumen de ventas)",,,nacional
F089.ECB.MMNRES.COMCC7.T,Moderadamente menos restrictivos,,Nacional,T,Expectativas Económicas,"Banca de empresas: créditos comerciales, Condiciones crediticias, Pymes: Aumento del spread sobre el costo de fondos de su banco",,,nacional
F089.ECB.MMNRES.COMCC8.T,Moderadamente menos restrictivos,,Nacional,T,Expectativas Económicas,"Banca de empresas: créditos comerciales, Condiciones crediticias, Pymes: Mayor requerimiento de garantías o imposición de otras condiciones contractuales",,,nacional
F089.ECB.MMNRES.COMCC9.T,Moderadamente menos restrictivos,,Nacional,T,Expectativas Económicas,"Banca de empresas: créditos comerciales, Condiciones crediticias, Pymes: Disminución en el plazo de los créditos",,,nacional
F089.ECB.MMNRES.COMEA1.T,Moderadamente menos restrictivos,,Nacional,T,Expectativas Económicas,"Banca de empresas: créditos comerciales, Estándares de aprobación, Grandes empresas",,,nacional
F089.ECB.MMNRES.COMEA2.T,Moderadamente menos restrictivos,,Nacional,T,Expectativas Económicas,"Banca de empresas: créditos comerciales, Estándares de aprobación, Pymes",,,nacional
F089.ECB.MMNRES.CONSCC1.T,Moderadamente menos restrictivos,,Nacional,T,Expectativas Económicas,"Banca de personas: créditos de consumo e hipotecarios, Condiciones crediticias, Consumo: Tamaño máximo del crédito en cuotas o de la línea de crédito en relación al ingreso",,,nacional
F089.ECB.MMNRES.CONSCC10.T,Moderadamente menos restrictivos,,Nacional,T,Expectativas Económicas,"Banca de personas: créditos de consumo e hipotecarios, Condiciones crediticias, Hipotecarios: Spread sobre el costo de fondos del banco o comisión",,,nacional
F089.ECB.MMNRES.CONSCC11.T,Moderadamente menos restrictivos,,Nacional,T,Expectativas Económicas,"Banca de personas: créditos de consumo e hipotecarios, Condiciones crediticias, Hipotecarios: Estándar mínimo requerido de credit scoring",,,nacional
F089.ECB.MMNRES.CONSCC12.T,Moderadamente menos restrictivos,,Nacional,T,Expectativas Económicas,"Banca de personas: créditos de consumo e hipotecarios, Condiciones crediticias, Hipotecarios: La posibilidad de que ciertos créditos sean otorgados a clientes que no cumplen con los requisitos de estándar mínimo requerido",,,nacional
F089.ECB.MMNRES.CONSCC2.T,Moderadamente menos restrictivos,,Nacional,T,Expectativas Económicas,"Banca de personas: créditos de consumo e hipotecarios, Condiciones crediticias, Consumo: Plazo máximo del crédito en cuotas",,,nacional
F089.ECB.MMNRES.CONSCC3.T,Moderadamente menos restrictivos,,Nacional,T,Expectativas Económicas,"Banca de personas: créditos de consumo e hipotecarios, Condiciones crediticias, Consumo: Spread sobre el costo de fondos del banco",,,nacional
F089.ECB.MMNRES.CONSCC4.T,Moderadamente menos restrictivos,,Nacional,T,Expectativas Económicas,"Banca de personas: créditos de consumo e hipotecarios, Condiciones crediticias, Consumo: Estándar mínimo requerido de crédit scoring",,,nacional
F089.ECB.MMNRES.CONSCC5.T,Moderadamente menos restrictivos,,Nacional,T,Expectativas Económicas,"Banca de personas: créditos de consumo e hipotecarios, Condiciones crediticias, Consumo: Cupo máximo de la tarjeta de crédito",,,nacional
F089.ECB.MMNRES.CONSCC6.T,Moderadamente menos restrictivos,,Nacional,T,Expectativas Económicas,"Banca de personas: créditos de consumo e hipotecarios, Condiciones crediticias, Consumo: Porcentaje del total de la deuda pendiente en tarjeta de crédito requerido como pago mínimo mensual",,,nacional
F089.ECB.MMNRES.CONSCC7.T,Moderadamente menos restrictivos,,Nacional,T,Expectativas Económicas,"Banca de personas: créditos de consumo e hipotecarios, Condiciones crediticias, Consumo: La posibilidad de que ciertos créditos sean otorgados a clientes que no cumplen con los requisitos de estándar mínimo requerido",,,nacional
F089.ECB.MMNRES.CONSCC8.T,Moderadamente menos restrictivos,,Nacional,T,Expectativas Económicas,"Banca de personas: créditos de consumo e hipotecarios, Condiciones crediticias, Hipotecarios: Porcentaje del total del ingreso de las personas que representa el dividendo",,,nacional
F089.ECB.MMNRES.CONSCC9.T,Moderadamente menos restrictivos,,Nacional,T,Expectativas Económicas,"Banca de personas: créditos de consumo e hipotecarios, Condiciones crediticias, Hipotecarios: Porcentaje máximo del crédito complementario al monto de crédito en letras o mutuos hipotecarias",,,nacional
F089.ECB.MMNRES.CONSEA1.T,Moderadamente menos restrictivos,,Nacional,T,Expectativas Económicas,"Banca de personas: créditos de consumo e hipotecarios, Estándares de aprobación, Consumo",,,nacional
F089.ECB.MMNRES.CONSEA2.T,Moderadamente menos restrictivos,,Nacional,T,Expectativas Económicas,"Banca de personas: créditos de consumo e hipotecarios, Estándares de aprobación, Hipotecarios",,,nacional
F089.ECB.MMNRES.IMBCC1.T,Moderadamente menos restrictivos,,Nacional,T,Expectativas Económicas,"Banca de empresas: créditos inmobiliarios y de la construcción, Condiciones crediticias, Inmobiliarios: Porcentaje máximo a financiar del costo directo del proyecto inmobiliario",,,nacional
F089.ECB.MMNRES.IMBCC2.T,Moderadamente menos restrictivos,,Nacional,T,Expectativas Económicas,"Banca de empresas: créditos inmobiliarios y de la construcción, Condiciones crediticias, Inmobiliarios: Porcentaje máximo a financiar del costo total del proyecto inmobiliario",,,nacional
F089.ECB.MMNRES.IMBCC3.T,Moderadamente menos restrictivos,,Nacional,T,Expectativas Económicas,"Banca de empresas: créditos inmobiliarios y de la construcción, Condiciones crediticias, Inmobiliarios: Porcentaje del valor del terreno dado como anticipo",,,nacional
F089.ECB.MMNRES.IMBCC4.T,Moderadamente menos restrictivos,,Nacional,T,Expectativas Económicas,"Banca de empresas: créditos inmobiliarios y de la construcción, Condiciones crediticias, Inmobiliarios: Plazo máximo del crédito",,,nacional
F089.ECB.MMNRES.IMBCC5.T,Moderadamente menos restrictivos,,Nacional,T,Expectativas Económicas,"Banca de empresas: créditos inmobiliarios y de la construcción, Condiciones crediticias, Inmobiliarios: Spread del crédito sobre costo de fondo",,,nacional
F089.ECB.MMNRES.IMBCC6.T,Moderadamente menos restrictivos,,Nacional,T,Expectativas Económicas,"Banca de empresas: créditos inmobiliarios y de la construcción, Condiciones crediticias, Inmobiliarios: Requerimiento de garantías u otras condiciones contractuales",,,nacional
F089.ECB.MMNRES.IMBEA1.T,Moderadamente menos restrictivos,,Nacional,T,Expectativas Económicas,"Banca de empresas: créditos inmobiliarios y de la construcción, Estándares de aprobación, Inmobiliarios",,,nacional
F089.ECB.MMNRES.IMBEA2.T,Moderadamente menos restrictivos,,Nacional,T,Expectativas Económicas,"Banca de empresas: créditos inmobiliarios y de la construcción, Estándares de aprobación, Construcción",,,nacional
F089.ECB.MMSDEB.COMDNC1.T,Moderadamente más débil,,Nacional,T,Expectativas Económicas,"Banca de empresas: créditos comerciales, Demanda por nuevos créditos, Grandes empresas",,,nacional
F089.ECB.MMSDEB.COMDNC2.T,Moderadamente más débil,,Nacional,T,Expectativas Económicas,"Banca de empresas: créditos comerciales, Demanda por nuevos créditos, Pymes",,,nacional
F089.ECB.MMSDEB.CONSDNC1.T,Moderadamente más débil,,Nacional,T,Expectativas Económicas,"Banca de personas: créditos de consumo e hipotecarios, Demanda por nuevos créditos, Consumo",,,nacional
F089.ECB.MMSDEB.CONSDNC2.T,Moderadamente más débil,,Nacional,T,Expectativas Económicas,"Banca de personas: créditos de consumo e hipotecarios, Demanda por nuevos créditos, Hipotecarios",,,nacional
F089.ECB.MMSDEB.IMBDNC1.T,Moderadamente más débil,,Nacional,T,Expectativas Económicas,"Banca de empresas: créditos inmobiliarios y de la construcción, Demanda por nuevos créditos, Inmobiliarios",,,nacional
F089.ECB.MMSDEB.IMBDNC2.T,Moderadamente más débil,,Nacional,T,Expectativas Económicas,"Banca de empresas: créditos inmobiliarios y de la construcción, Demanda por nuevos créditos, Construcción",,,nacional
F089.ECB.MMSRES.COMCC1.T,Moderadamente más restrictivos,,Nacional,T,Expectativas Económicas,"Banca de empresas: créditos comerciales, Condiciones crediticias, Grandes empresas: Disminución de las líneas de crédito (en relación con el volumen de ventas)",,,nacional
F089.ECB.MMSRES.COMCC10.T,Moderadamente más restrictivos,,Nacional,T,Expectativas Económicas,"Banca de empresas: créditos comerciales, Condiciones crediticias, Pymes: Aumento del premio exigido a los créditos más riesgosos",,,nacional
F089.ECB.MMSRES.COMCC2.T,Moderadamente más restrictivos,,Nacional,T,Expectativas Económicas,"Banca de empresas: créditos comerciales, Condiciones crediticias, Grandes empresas: Aumento del spread sobre el costo de fondos de su banco",,,nacional
F089.ECB.MMSRES.COMCC3.T,Moderadamente más restrictivos,,Nacional,T,Expectativas Económicas,"Banca de empresas: créditos comerciales, Condiciones crediticias, Grandes empresas: Mayor requerimiento de garantías o imposición de otras condiciones contractuales",,,nacional
F089.ECB.MMSRES.COMCC4.T,Moderadamente más restrictivos,,Nacional,T,Expectativas Económicas,"Banca de empresas: créditos comerciales, Condiciones crediticias, Grandes empresas: Disminución en el plazo de los créditos",,,nacional
F089.ECB.MMSRES.COMCC5.T,Moderadamente más restrictivos,,Nacional,T,Expectativas Económicas,"Banca de empresas: créditos comerciales, Condiciones crediticias, Grandes empresas: Aumento del premio exigido a los créditos más riesgosos",,,nacional
F089.ECB.MMSRES.COMCC6.T,Moderadamente más restrictivos,,Nacional,T,Expectativas Económicas,"Banca de empresas: créditos comerciales, Condiciones crediticias, Pymes: Disminución de las líneas de crédito (en relación con el volumen de ventas)",,,nacional
F089.ECB.MMSRES.COMCC7.T,Moderadamente más restrictivos,,Nacional,T,Expectativas Económicas,"Banca de empresas: créditos comerciales, Condiciones crediticias, Pymes: Aumento del spread sobre el costo de fondos de su banco",,,nacional
F089.ECB.MMSRES.COMCC8.T,Moderadamente más restrictivos,,Nacional,T,Expectativas Económicas,"Banca de empresas: créditos comerciales, Condiciones crediticias, Pymes: Mayor requerimiento de garantías o imposición de otras condiciones contractuales",,,nacional
F089.ECB.MMSRES.COMCC9.T,Moderadamente más restrictivos,,Nacional,T,Expectativas Económicas,"Banca de empresas: créditos comerciales, Condiciones crediticias, Pymes: Disminución en el plazo de los créditos",,,nacional
F089.ECB.MMSRES.COMEA1.T,Moderadamente más restrictivos,,Nacional,T,Expectativas Económicas,"Banca de empresas: créditos comerciales, Estándares de aprobación, Grandes empresas",,,nacional
F089.ECB.MMSRES.COMEA2.T,Moderadamente más restrictivos,,Nacional,T,Expectativas Económicas,"Banca de empresas: créditos comerciales, Estándares de aprobación, Pymes",,,nacional
F089.ECB.MMSRES.CONSCC1.T,Moderadamente más restrictivos,,Nacional,T,Expectativas Económicas,"Banca de personas: créditos de consumo e hipotecarios, Condiciones crediticias, Consumo: Tamaño máximo del crédito en cuotas o de la línea de crédito en relación al ingreso",,,nacional
F089.ECB.MMSRES.CONSCC10.T,Moderadamente más restrictivos,,Nacional,T,Expectativas Económicas,"Banca de personas: créditos de consumo e hipotecarios, Condiciones crediticias, Hipotecarios: Spread sobre el costo de fondos del banco o comisión",,,nacional
F089.ECB.MMSRES.CONSCC11.T,Moderadamente más restrictivos,,Nacional,T,Expectativas Económicas,"Banca de personas: créditos de consumo e hipotecarios, Condiciones crediticias, Hipotecarios: Estándar mínimo requerido de credit scoring",,,nacional
F089.ECB.MMSRES.CONSCC12.T,Moderadamente más restrictivos,,Nacional,T,Expectativas Económicas,"Banca de personas: créditos de consumo e hipotecarios, Condiciones crediticias, Hipotecarios: La posibilidad de que ciertos créditos sean otorgados a clientes que no cumplen con los requisitos de estándar mínimo requerido",,,nacional
F089.ECB.MMSRES.CONSCC2.T,Moderadamente más restrictivos,,Nacional,T,Expectativas Económicas,"Banca de personas: créditos de consumo e hipotecarios, Condiciones crediticias, Consumo: Plazo máximo del crédito en cuotas",,,nacional
F089.ECB.MMSRES.CONSCC3.T,Moderadamente más restrictivos,,Nacional,T,Expectativas Económicas,"Banca de personas: créditos de consumo e hipotecarios, Condiciones crediticias, Consumo: Spread sobre el costo de fondos del banco",,,nacional
F089.ECB.MMSRES.CONSCC4.T,Moderadamente más restrictivos,,Nacional,T,Expectativas Económicas,"Banca de personas: créditos de consumo e hipotecarios, Condiciones crediticias, Consumo: Estándar mínimo requerido de crédit scoring",,,nacional
F089.ECB.MMSRES.CONSCC5.T,Moderadamente más restrictivos,,Nacional,T,Expectativas Económicas,"Banca de personas: créditos de consumo e hipotecarios, Condiciones crediticias, Consumo: Cupo máximo de la tarjeta de crédito",,,nacional
F089.ECB.MMSRES.CONSCC6.T,Moderadamente más restrictivos,,Nacional,T,Expectativas Económicas,"Banca de personas: créditos de consumo e hipotecarios, Condiciones crediticias, Consumo: Porcentaje del total de la deuda pendiente en tarjeta de crédito requerido como pago mínimo mensual",,,nacional
F089.ECB.MMSRES.CONSCC7.T,Moderadamente más restrictivos,,Nacional,T,Expectativas Económicas,"Banca de personas: créditos de consumo e hipotecarios, Condiciones crediticias, Consumo: La posibilidad de que ciertos créditos sean otorgados a clientes que no cumplen con los requisitos de estándar mínimo requerido",,,nacional
F089.ECB.MMSRES.CONSCC8.T,Moderadamente más restrictivos,,Nacional,T,Expectativas Económicas,"Banca de personas: créditos de consumo e hipotecarios, Condiciones crediticias, Hipotecarios: Porcentaje del total del ingreso de las personas que representa el dividendo",,,nacional
F089.ECB.MMSRES.CONSCC9.T,Moderadamente más restrictivos,,Nacional,T,Expectativas Económicas,"Banca de personas: créditos de consumo e hipotecarios, Condiciones crediticias, Hipotecarios: Porcentaje máximo del crédito complementario al monto de crédito en letras o mutuos hipotecarias",,,nacional
F089.ECB.MMSRES.CONSEA1.T,Moderadamente más restrictivos,,Nacional,T,Expectativas Económicas,"Banca de personas: créditos de consumo e hipotecarios, Estándares de aprobación, Consumo",,,nacional
F089.ECB.MMSRES.CONSEA2.T,Moderadamente más restrictivos,,Nacional,T,Expectativas Económicas,"Banca de personas: créditos de consumo e hipotecarios, Estándares de aprobación, Hipotecarios",,,nacional
F089.ECB.MMSRES.IMBCC1.T,Moderadamente más restrictivos,,Nacional,T,Expectativas Económicas,"Banca de empresas: créditos inmobiliarios y de la construcción, Condiciones crediticias, Inmobiliarios: Porcentaje máximo a financiar del costo directo del proyecto inmobiliario",,,nacional
F089.ECB.MMSRES.IMBCC2.T,Moderadamente más restrictivos,,Nacional,T,Expectativas Económicas,"Banca de empresas: créditos inmobiliarios y de la construcción, Condiciones crediticias, Inmobiliarios: Porcentaje máximo a financiar del costo total del proyecto inmobiliario",,,nacional
F089.ECB.MMSRES.IMBCC3.T,Moderadamente más restrictivos,,Nacional,T,Expectativas Económicas,"Banca de empresas: créditos inmobiliarios y de la construcción, Condiciones crediticias, Inmobiliarios: Porcentaje del valor del terreno dado como anticipo",,,nacional
F089.ECB.MMSRES.IMBCC4.T,Moderadamente más restrictivos,,Nacional,T,Expectativas Económicas,"Banca de empresas: créditos inmobiliarios y de la construcción, Condiciones crediticias, Inmobiliarios: Plazo máximo del crédito",,,nacional
F089.ECB.MMSRES.IMBCC5.T,Moderadamente más restrictivos,,Nacional,T,Expectativas Económicas,"Banca de empresas: créditos inmobiliarios y de la construcción, Condiciones crediticias, Inmobiliarios: Spread del crédito sobre costo de fondo",,,nacional
F089.ECB.MMSRES.IMBCC6.T,Moderadamente más restrictivos,,Nacional,T,Expectativas Económicas,"Banca de empresas: créditos inmobiliarios y de la construcción, Condiciones crediticias, Inmobiliarios: Requerimiento de garantías u otras condiciones contractuales",,,nacional
F089.ECB.MMSRES.IMBEA1.T,Moderadamente más restrictivos,,Nacional,T,Expectativas Económicas,"Banca de empresas: créditos inmobiliarios y de la construcción, Estándares de aprobación, Inmobiliarios",,,nacional
F089.ECB.MMSRES.IMBEA2.T,Moderadamente más restrictivos,,Nacional,T,Expectativas Económicas,"Banca de empresas: créditos inmobiliarios y de la construcción, Estándares de aprobación, Construcción",,,nacional
F089.ECB.MNRES.COMCC1.T,Menos restrictivos,,Nacional,T,Expectativas Económicas,"Banca de empresas: créditos comerciales, Condiciones crediticias, Grandes empresas: Disminución de las líneas de crédito (en relación con el volumen de ventas)",,,nacional
F089.ECB.MNRES.COMCC10.T,Menos restrictivos,,Nacional,T,Expectativas Económicas,"Banca de empresas: créditos comerciales, Condiciones crediticias, Pymes: Aumento del premio exigido a los créditos más riesgosos",,,nacional
F089.ECB.MNRES.COMCC2.T,Menos restrictivos,,Nacional,T,Expectativas Económicas,"Banca de empresas: créditos comerciales, Condiciones crediticias, Grandes empresas: Aumento del spread sobre el costo de fondos de su banco",,,nacional
F089.ECB.MNRES.COMCC3.T,Menos restrictivos,,Nacional,T,Expectativas Económicas,"Banca de empresas: créditos comerciales, Condiciones crediticias, Grandes empresas: Mayor requerimiento de garantías o imposición de otras condiciones contractuales",,,nacional
F089.ECB.MNRES.COMCC4.T,Menos restrictivos,,Nacional,T,Expectativas Económicas,"Banca de empresas: créditos comerciales, Condiciones crediticias, Grandes empresas: Disminución en el plazo de los créditos",,,nacional
F089.ECB.MNRES.COMCC5.T,Menos restrictivos,,Nacional,T,Expectativas Económicas,"Banca de empresas: créditos comerciales, Condiciones crediticias, Grandes empresas: Aumento del premio exigido a los créditos más riesgosos",,,nacional
F089.ECB.MNRES.COMCC6.T,Menos restrictivos,,Nacional,T,Expectativas Económicas,"Banca de empresas: créditos comerciales, Condiciones crediticias, Pymes: Disminución de las líneas de crédito (en relación con el volumen de ventas)",,,nacional
F089.ECB.MNRES.COMCC7.T,Menos restrictivos,,Nacional,T,Expectativas Económicas,"Banca de empresas: créditos comerciales, Condiciones crediticias, Pymes: Aumento del spread sobre el costo de fondos de su banco",,,nacional
F089.ECB.MNRES.COMCC8.T,Menos restrictivos,,Nacional,T,Expectativas Económicas,"Banca de empresas: créditos comerciales, Condiciones crediticias, Pymes: Mayor requerimiento de garantías o imposición de otras condiciones contractuales",,,nacional
F089.ECB.MNRES.COMCC9.T,Menos restrictivos,,Nacional,T,Expectativas Económicas,"Banca de empresas: créditos comerciales, Condiciones crediticias, Pymes: Disminución en el plazo de los créditos",,,nacional
F089.ECB.MNRES.COMEA1.T,Menos restrictivos,,Nacional,T,Expectativas Económicas,"Banca de empresas: créditos comerciales, Estándares de aprobación, Grandes empresas",,,nacional
F089.ECB.MNRES.COMEA2.T,Menos restrictivos,,Nacional,T,Expectativas Económicas,"Banca de empresas: créditos comerciales, Estándares de aprobación, Pymes",,,nacional
F089.ECB.MNRES.CONSCC1.T,Menos restrictivos,,Nacional,T,Expectativas Económicas,"Banca de personas: créditos de consumo e hipotecarios, Condiciones crediticias, Consumo: Tamaño máximo del crédito en cuotas o de la línea de crédito en relación al ingreso",,,nacional
F089.ECB.MNRES.CONSCC10.T,Menos restrictivos,,Nacional,T,Expectativas Económicas,"Banca de personas: créditos de consumo e hipotecarios, Condiciones crediticias, Hipotecarios: Spread sobre el costo de fondos del banco o comisión",,,nacional
F089.ECB.MNRES.CONSCC11.T,Menos restrictivos,,Nacional,T,Expectativas Económicas,"Banca de personas: créditos de consumo e hipotecarios, Condiciones crediticias, Hipotecarios: Estándar mínimo requerido de credit scoring",,,nacional
F089.ECB.MNRES.CONSCC12.T,Menos restrictivos,,Nacional,T,Expectativas Económicas,"Banca de personas: créditos de consumo e hipotecarios, Condiciones crediticias, Hipotecarios: La posibilidad de que ciertos créditos sean otorgados a clientes que no cumplen con los requisitos de estándar mínimo requerido",,,nacional
F089.ECB.MNRES.CONSCC2.T,Menos restrictivos,,Nacional,T,Expectativas Económicas,"Banca de personas: créditos de consumo e hipotecarios, Condiciones crediticias, Consumo: Plazo máximo del crédito en cuotas",,,nacional
F089.ECB.MNRES.CONSCC3.T,Menos restrictivos,,Nacional,T,Expectativas Económicas,"Banca de personas: créditos de consumo e hipotecarios, Condiciones crediticias, Consumo: Spread sobre el costo de fondos del banco",,,nacional
F089.ECB.MNRES.CONSCC4.T,Menos restrictivos,,Nacional,T,Expectativas Económicas,"Banca de personas: créditos de consumo e hipotecarios, Condiciones crediticias, Consumo: Estándar mínimo requerido de crédit scoring",,,nacional
F089.ECB.MNRES.CONSCC5.T,Menos restrictivos,,Nacional,T,Expectativas Económicas,"Banca de personas: créditos de consumo e hipotecarios, Condiciones crediticias, Consumo: Cupo máximo de la tarjeta de crédito",,,nacional
F089.ECB.MNRES.CONSCC6.T,Menos restrictivos,,Nacional,T,Expectativas Económicas,"Banca de personas: créditos de consumo e hipotecarios, Condiciones crediticias, Consumo: Porcentaje del total de la deuda pendiente en tarjeta de crédito requerido como pago mínimo mensual",,,nacional
F089.ECB.MNRES.CONSCC7.T,Menos restrictivos,,Nacional,T,Expectativas Económicas,"Banca de personas: créditos de consumo e hipotecarios, Condiciones crediticias, Consumo: La posibilidad de que ciertos créditos sean otorgados a clientes que no cumplen con los requisitos de estándar mínimo requerido",,,nacional
F089.ECB.MNRES.CONSCC8.T,Menos restrictivos,,Nacional,T,Expectativas Económicas,"Banca de personas: créditos de consumo e hipotecarios, Condiciones crediticias, Hipotecarios: Porcentaje del total del ingreso de las personas que representa el dividendo",,,nacional
F089.ECB.MNRES.CONSCC9.T,Menos restrictivos,,Nacional,T,Expectativas Económicas,"Banca de personas: créditos de consumo e hipotecarios, Condiciones crediticias, Hipotecarios: Porcentaje máximo del crédito complementario al monto de crédito en letras o mutuos hipotecarias",,,nacional
F089.ECB.MNRES.CONSEA1.T,Menos restrictivos,,Nacional,T,Expectativas Económicas,"Banca de personas: créditos de consumo e hipotecarios, Estándares de aprobación, Consumo",,,nacional
F089.ECB.MNRES.CONSEA2.T,Menos restrictivos,,Nacional,T,Expectativas Económicas,"Banca de personas: créditos de consumo e hipotecarios, Estándares de aprobación, Hipotecarios",,,nacional
F089.ECB.MNRES.IMBCC1.T,Menos restrictivos,,Nacional,T,Expectativas Económicas,"Banca de empresas: créditos inmobiliarios y de la construcción, Condiciones crediticias, Inmobiliarios: Porcentaje máximo a financiar del costo directo del proyecto inmobiliario",,,nacional
F089.ECB.MNRES.IMBCC2.T,Menos restrictivos,,Nacional,T,Expectativas Económicas,"Banca de empresas: créditos inmobiliarios y de la construcción, Condiciones crediticias, Inmobiliarios: Porcentaje máximo a financiar del costo total del proyecto inmobiliario",,,nacional
F089.ECB.MNRES.IMBCC3.T,Menos restrictivos,,Nacional,T,Expectativas Económicas,"Banca de empresas: créditos inmobiliarios y de la construcción, Condiciones crediticias, Inmobiliarios: Porcentaje del valor del terreno dado como anticipo",,,nacional
F089.ECB.MNRES.IMBCC4.T,Menos restrictivos,,Nacional,T,Expectativas Económicas,"Banca de empresas: créditos inmobiliarios y de la construcción, Condiciones crediticias, Inmobiliarios: Plazo máximo del crédito",,,nacional
F089.ECB.MNRES.IMBCC5.T,Menos restrictivos,,Nacional,T,Expectativas Económicas,"Banca de empresas: créditos inmobiliarios y de la construcción, Condiciones crediticias, Inmobiliarios: Spread del crédito sobre costo de fondo",,,nacional
F089.ECB.MNRES.IMBCC6.T,Menos restrictivos,,Nacional,T,Expectativas Económicas,"Banca de empresas: créditos inmobiliarios y de la construcción, Condiciones crediticias, Inmobiliarios: Requerimiento de garantías u otras condiciones contractuales",,,nacional
F089.ECB.MNRES.IMBEA1.T,Menos restrictivos,,Nacional,T,Expectativas Económicas,"Banca de empresas: créditos inmobiliarios y de la construcción, Estándares de aprobación, Inmobiliarios",,,nacional
F089.ECB.MNRES.IMBEA2.T,Menos restrictivos,,Nacional,T,Expectativas Económicas,"Banca de empresas: créditos inmobiliarios y de la construcción, Estándares de aprobación, Construcción",,,nacional
F089.ECB.MSRES.COMCC1.T,Más restrictivos,,Nacional,T,Expectativas Económicas,"Banca de empresas: créditos comerciales, Condiciones crediticias, Grandes empresas: Disminución de las líneas de crédito (en relación con el volumen de ventas)",,,nacional
F089.ECB.MSRES.COMCC10.T,Más restrictivos,,Nacional,T,Expectativas Económicas,"Banca de empresas: créditos comerciales, Condiciones crediticias, Pymes: Aumento del premio exigido a los créditos más riesgosos",,,nacional
F089.ECB.MSRES.COMCC2.T,Más restrictivos,,Nacional,T,Expectativas Económicas,"Banca de empresas: créditos comerciales, Condiciones crediticias, Grandes empresas: Aumento del spread sobre el costo de fondos de su banco",,,nacional
F089.ECB.MSRES.COMCC3.T,Más restrictivos,,Nacional,T,Expectativas Económicas,"Banca de empresas: créditos comerciales, Condiciones crediticias, Grandes empresas: Mayor requerimiento de garantías o imposición de otras condiciones contractuales",,,nacional
F089.ECB.MSRES.COMCC4.T,Más restrictivos,,Nacional,T,Expectativas Económicas,"Banca de empresas: créditos comerciales, Condiciones crediticias, Grandes empresas: Disminución en el plazo de los créditos",,,nacional
F089.ECB.MSRES.COMCC5.T,Más restrictivos,,Nacional,T,Expectativas Económicas,"Banca de empresas: créditos comerciales, Condiciones crediticias, Grandes empresas: Aumento del premio exigido a los créditos más riesgosos",,,nacional
F089.ECB.MSRES.COMCC6.T,Más restrictivos,,Nacional,T,Expectativas Económicas,"Banca de empresas: créditos comerciales, Condiciones crediticias, Pymes: Disminución de las líneas de crédito (en relación con el volumen de ventas)",,,nacional
F089.ECB.MSRES.COMCC7.T,Más restrictivos,,Nacional,T,Expectativas Económicas,"Banca de empresas: créditos comerciales, Condiciones crediticias, Pymes: Aumento del spread sobre el costo de fondos de su banco",,,nacional
F089.ECB.MSRES.COMCC8.T,Más restrictivos,,Nacional,T,Expectativas Económicas,"Banca de empresas: créditos comerciales, Condiciones crediticias, Pymes: Mayor requerimiento de garantías o imposición de otras condiciones contractuales",,,nacional
F089.ECB.MSRES.COMCC9.T,Más restrictivos,,Nacional,T,Expectativas Económicas,"Banca de empresas: créditos comerciales, Condiciones crediticias, Pymes: Disminución en el plazo de los créditos",,,nacional
F089.ECB.MSRES.COMEA1.T,Más restrictivos,,Nacional,T,Expectativas Económicas,"Banca de empresas: créditos comerciales, Estándares de aprobación, Grandes empresas",,,nacional
F089.ECB.MSRES.COMEA2.T,Más restrictivos,,Nacional,T,Expectativas Económicas,"Banca de empresas: créditos comerciales, Estándares de aprobación, Pymes",,,nacional
F089.ECB.MSRES.CONSCC1.T,Más restrictivos,,Nacional,T,Expectativas Económicas,"Banca de personas: créditos de consumo e hipotecarios, Condiciones crediticias, Consumo: Tamaño máximo del crédito en cuotas o de la línea de crédito en relación al ingreso",,,nacional
F089.ECB.MSRES.CONSCC10.T,Más restrictivos,,Nacional,T,Expectativas Económicas,"Banca de personas: créditos de consumo e hipotecarios, Condiciones crediticias, Hipotecarios: Spread sobre el costo de fondos del banco o comisión",,,nacional
F089.ECB.MSRES.CONSCC11.T,Más restrictivos,,Nacional,T,Expectativas Económicas,"Banca de personas: créditos de consumo e hipotecarios, Condiciones crediticias, Hipotecarios: Estándar mínimo requerido de credit scoring",,,nacional
F089.ECB.MSRES.CONSCC12.T,Más restrictivos,,Nacional,T,Expectativas Económicas,"Banca de personas: créditos de consumo e hipotecarios, Condiciones crediticias, Hipotecarios: La posibilidad de que ciertos créditos sean otorgados a clientes que no cumplen con los requisitos de estándar mínimo requerido",,,nacional
F089.ECB.MSRES.CONSCC2.T,Más restrictivos,,Nacional,T,Expectativas Económicas,"Banca de personas: créditos de consumo e hipotecarios, Condiciones crediticias, Consumo: Plazo máximo del crédito en cuotas",,,nacional
F089.ECB.MSRES.CONSCC3.T,Más restrictivos,,Nacional,T,Expectativas Económicas,"Banca de personas: créditos de consumo e hipotecarios, Condiciones crediticias, Consumo: Spread sobre el costo de fondos del banco",,,nacional
F089.ECB.MSRES.CONSCC4.T,Más restrictivos,,Nacional,T,Expectativas Económicas,"Banca de personas: créditos de consumo e hipotecarios, Condiciones crediticias, Consumo: Estándar mínimo requerido de crédit scoring",,,nacional
F089.ECB.MSRES.CONSCC5.T,Más restrictivos,,Nacional,T,Expectativas Económicas,"Banca de personas: créditos de consumo e hipotecarios, Condiciones crediticias, Consumo: Cupo máximo de la tarjeta de crédito",,,nacional
F089.ECB.MSRES.CONSCC6.T,Más restrictivos,,Nacional,T,Expectativas Económicas,"Banca de personas: créditos de consumo e hipotecarios, Condiciones crediticias, Consumo: Porcentaje del total de la deuda pendiente en tarjeta de crédito requerido como pago mínimo mensual",,,nacional
F089.ECB.MSRES.CONSCC7.T,Más restrictivos,,Nacional,T,Expectativas Económicas,"Banca de personas: créditos de consumo e hipotecarios, Condiciones crediticias, Consumo: La posibilidad de que ciertos créditos sean otorgados a clientes que no cumplen con los requisitos de estándar mínimo requerido",,,nacional
F089.ECB.MSRES.CONSCC8.T,Más restrictivos,,Nacional,T,Expectativas Económicas,"Banca de personas: créditos de consumo e hipotecarios, Condiciones crediticias, Hipotecarios: Porcentaje del total del ingreso de las personas que representa el dividendo",,,nacional
F089.ECB.MSRES.CONSCC9.T,Más restrictivos,,Nacional,T,Expectativas Económicas,"Banca de personas: créditos de consumo e hipotecarios, Condiciones crediticias, Hipotecarios: Porcentaje máximo del crédito complementario al monto de crédito en letras o mutuos hipotecarias",,,nacional
F089.ECB.MSRES.CONSEA1.T,Más restrictivos,,Nacional,T,Expectativas Económicas,"Banca de personas: créditos de consumo e hipotecarios, Estándares de aprobación, Consumo",,,nacional
F089.ECB.MSRES.CONSEA2.T,Más restrictivos,,Nacional,T,Expectativas Económicas,"Banca de personas: créditos de consumo e hipotecarios, Estándares de aprobación, Hipotecarios",,,nacional
F089.ECB.MSRES.IMBCC1.T,Más restrictivos,,Nacional,T,Expectativas Económicas,"Banca de empresas: créditos inmobiliarios y de la construcción, Condiciones crediticias, Inmobiliarios: Porcentaje máximo a financiar del costo directo del proyecto inmobiliario",,,nacional
F089.ECB.MSRES.IMBCC2.T,Más restrictivos,,Nacional,T,Expectativas Económicas,"Banca de empresas: créditos inmobiliarios y de la construcción, Condiciones crediticias, Inmobiliarios: Porcentaje máximo a financiar del costo total del proyecto inmobiliario",,,nacional
F089.ECB.MSRES.IMBCC3.T,Más restrictivos,,Nacional,T,Expectativas Económicas,"Banca de empresas: créditos inmobiliarios y de la construcción, Condiciones crediticias, Inmobiliarios: Porcentaje del valor del terreno dado como anticipo",,,nacional
F089.ECB.MSRES.IMBCC4.T,Más restrictivos,,Nacional,T,Expectativas Económicas,"Banca de empresas: créditos inmobiliarios y de la construcción, Condiciones crediticias, Inmobiliarios: Plazo máximo del crédito",,,nacional
F089.ECB.MSRES.IMBCC5.T,Más restrictivos,,Nacional,T,Expectativas Económicas,"Banca de empresas: créditos inmobiliarios y de la construcción, Condiciones crediticias, Inmobiliarios: Spread del crédito sobre costo de fondo",,,nacional
F089.ECB.MSRES.IMBCC6.T,Más restrictivos,,Nacional,T,Expectativas Económicas,"Banca de empresas: créditos inmobiliarios y de la construcción, Condiciones crediticias, Inmobiliarios: Requerimiento de garantías u otras condiciones contractuales",,,nacional
F089.ECB.MSRES.IMBEA1.T,Más restrictivos,,Nacional,T,Expectativas Económicas,"Banca de empresas: créditos inmobiliarios y de la construcción, Estándares de aprobación, Inmobiliarios",,,nacional
F089.ECB.MSRES.IMBEA2.T,Más restrictivos,,Nacional,T,Expectativas Económicas,"Banca de empresas: créditos inmobiliarios y de la construcción, Estándares de aprobación, Construcción",,,nacional
F089.ECB.RIMP.COMFCD1.T,Relativamente importante,,Nacional,T,Expectativas Económicas,"Banca de empresas: créditos comerciales, Factores que explican cambios en la demanda, Grandes empresas: Necesidades de capital de trabajo de los clientes",,,nacional
F089.ECB.RIMP.COMFCD2.T,Relativamente importante,,Nacional,T,Expectativas Económicas,"Banca de empresas: créditos comerciales, Factores que explican cambios en la demanda, Grandes empresas: Inversión en activo fijo físico (plantas y equipos) de los clientes",,,nacional
F089.ECB.RIMP.COMFCD3.T,Relativamente importante,,Nacional,T,Expectativas Económicas,"Banca de empresas: créditos comerciales, Factores que explican cambios en la demanda, Grandes empresas: Necesidades de financiamiento de los clientes para adquisiciones o fusiones con otras empresas",,,nacional
F089.ECB.RIMP.COMFCD4.T,Relativamente importante,,Nacional,T,Expectativas Económicas,"Banca de empresas: créditos comerciales, Factores que explican cambios en la demanda, Grandes empresas: Sustitución de financiamiento entre bancos u otras fuentes no bancarias (bonos, efectos de comercio, recursos propios, etc)",,,nacional
F089.ECB.RIMP.COMFCD5.T,Relativamente importante,,Nacional,T,Expectativas Económicas,"Banca de empresas: créditos comerciales, Factores que explican cambios en la demanda, Pymes: Necesidades de capital de trabajo de los clientes",,,nacional
F089.ECB.RIMP.COMFCD6.T,Relativamente importante,,Nacional,T,Expectativas Económicas,"Banca de empresas: créditos comerciales, Factores que explican cambios en la demanda, Pymes: Inversión en activo fijo físico (plantas y equipos) de los clientes",,,nacional
F089.ECB.RIMP.COMFCD7.T,Relativamente importante,,Nacional,T,Expectativas Económicas,"Banca de empresas: créditos comerciales, Factores que explican cambios en la demanda, Pymes: Sustitución de financiamiento entre bancos u otras fuentes no bancarias (proveedores, recursos propios, factoraje, etc.)",,,nacional
F089.ECB.RIMP.COMFCEA1.T,Relativamente importante,,Nacional,T,Expectativas Económicas,"Banca de empresas: créditos comerciales, Factores que explican cambios en estándares de aprobación, Entorno económico o sus perspectivas",,,nacional
F089.ECB.RIMP.COMFCEA10.T,Relativamente importante,,Nacional,T,Expectativas Económicas,"Banca de empresas: créditos comerciales, Factores que explican cambios en estándares de aprobación, Pymes: Cambios normativos",,,nacional
F089.ECB.RIMP.COMFCEA11.T,Relativamente importante,,Nacional,T,Expectativas Económicas,"Banca de empresas: créditos comerciales, Factores que explican cambios en estándares de aprobación, Pymes: Otros",,,nacional
F089.ECB.RIMP.COMFCEA2.T,Relativamente importante,,Nacional,T,Expectativas Económicas,"Banca de empresas: créditos comerciales, Factores que explican cambios en estándares de aprobación, Posición de capital de su banco, actual o esperada",,,nacional
F089.ECB.RIMP.COMFCEA3.T,Relativamente importante,,Nacional,T,Expectativas Económicas,"Banca de empresas: créditos comerciales, Factores que explican cambios en estándares de aprobación, Condiciones de fondeo de su banco",,,nacional
F089.ECB.RIMP.COMFCEA4.T,Relativamente importante,,Nacional,T,Expectativas Económicas,"Banca de empresas: créditos comerciales, Factores que explican cambios en estándares de aprobación, Grandes empresas: Riesgo de la cartera de clientes (flujos, morosidad, provisiones, etc)",,,nacional
F089.ECB.RIMP.COMFCEA5.T,Relativamente importante,,Nacional,T,Expectativas Económicas,"Banca de empresas: créditos comerciales, Factores que explican cambios en estándares de aprobación, Grandes empresas: Competencia de otros bancos o instituciones no bancarias",,,nacional
F089.ECB.RIMP.COMFCEA6.T,Relativamente importante,,Nacional,T,Expectativas Económicas,"Banca de empresas: créditos comerciales, Factores que explican cambios en estándares de aprobación, Grandes empresas: Cambios normativos",,,nacional
F089.ECB.RIMP.COMFCEA7.T,Relativamente importante,,Nacional,T,Expectativas Económicas,"Banca de empresas: créditos comerciales, Factores que explican cambios en estándares de aprobación, Grandes empresas: Otros",,,nacional
F089.ECB.RIMP.COMFCEA8.T,Relativamente importante,,Nacional,T,Expectativas Económicas,"Banca de empresas: créditos comerciales, Factores que explican cambios en estándares de aprobación, Pymes: Riesgo de la cartera de clientes (flujos, morosidad, provisiones, etc)",,,nacional
F089.ECB.RIMP.COMFCEA9.T,Relativamente importante,,Nacional,T,Expectativas Económicas,"Banca de empresas: créditos comerciales, Factores que explican cambios en estándares de aprobación, Pymes: Competencia de otros bancos o instituciones no bancarias",,,nacional
F089.ECB.RIMP.CONSFCD1.T,Relativamente importante,,Nacional,T,Expectativas Económicas,"Banca de personas: créditos de consumo e hipotecarios, Factores que explican cambios en la demanda, Consumo: Condiciones de ingreso y/o empleo de los clientes",,,nacional
F089.ECB.RIMP.CONSFCD2.T,Relativamente importante,,Nacional,T,Expectativas Económicas,"Banca de personas: créditos de consumo e hipotecarios, Factores que explican cambios en la demanda, Consumo: Sustitución de financiamiento entre bancos u otras fuentes no bancarias (comercio)",,,nacional
F089.ECB.RIMP.CONSFCD3.T,Relativamente importante,,Nacional,T,Expectativas Económicas,"Banca de personas: créditos de consumo e hipotecarios, Factores que explican cambios en la demanda, Consumo: Condiciones de la tasa de interés",,,nacional
F089.ECB.RIMP.CONSFCD4.T,Relativamente importante,,Nacional,T,Expectativas Económicas,"Banca de personas: créditos de consumo e hipotecarios, Factores que explican cambios en la demanda, Hipotecarios: Condiciones de ingreso y/o empleo de los clientes",,,nacional
F089.ECB.RIMP.CONSFCD5.T,Relativamente importante,,Nacional,T,Expectativas Económicas,"Banca de personas: créditos de consumo e hipotecarios, Factores que explican cambios en la demanda, Hipotecarios: Sustitución de financiamiento entre bancos u otras fuentes no bancarias",,,nacional
F089.ECB.RIMP.CONSFCD6.T,Relativamente importante,,Nacional,T,Expectativas Económicas,"Banca de personas: créditos de consumo e hipotecarios, Factores que explican cambios en la demanda, Hipotecarios: Condiciones de la tasa de interés",,,nacional
F089.ECB.RIMP.CONSFCEA1.T,Relativamente importante,,Nacional,T,Expectativas Económicas,"Banca de personas: créditos de consumo e hipotecarios, Factores que explican cambios en estándares de aprobación, Consumo: Riesgo de su cartera de clientes (morosidad, provisiones, etc.)",,,nacional
F089.ECB.RIMP.CONSFCEA2.T,Relativamente importante,,Nacional,T,Expectativas Económicas,"Banca de personas: créditos de consumo e hipotecarios, Factores que explican cambios en estándares de aprobación, Consumo: Competencia de otros bancos o instituciones no bancarias",,,nacional
F089.ECB.RIMP.CONSFCEA3.T,Relativamente importante,,Nacional,T,Expectativas Económicas,"Banca de personas: créditos de consumo e hipotecarios, Factores que explican cambios en estándares de aprobación, Consumo: Cambios normativos",,,nacional
F089.ECB.RIMP.CONSFCEA4.T,Relativamente importante,,Nacional,T,Expectativas Económicas,"Banca de personas: créditos de consumo e hipotecarios, Factores que explican cambios en estándares de aprobación, Consumo: Otros",,,nacional
F089.ECB.RIMP.CONSFCEA5.T,Relativamente importante,,Nacional,T,Expectativas Económicas,"Banca de personas: créditos de consumo e hipotecarios, Factores que explican cambios en estándares de aprobación, Hipotecarios: Riesgo de su cartera de clientes (morosidad, provisiones, etc.)",,,nacional
F089.ECB.RIMP.CONSFCEA6.T,Relativamente importante,,Nacional,T,Expectativas Económicas,"Banca de personas: créditos de consumo e hipotecarios, Factores que explican cambios en estándares de aprobación, Hipotecarios: Competencia de otros bancos o instituciones no bancarias",,,nacional
F089.ECB.RIMP.CONSFCEA7.T,Relativamente importante,,Nacional,T,Expectativas Económicas,"Banca de personas: créditos de consumo e hipotecarios, Factores que explican cambios en estándares de aprobación, Hipotecarios: Cambios normativos",,,nacional
F089.ECB.RIMP.CONSFCEA8.T,Relativamente importante,,Nacional,T,Expectativas Económicas,"Banca de personas: créditos de consumo e hipotecarios, Factores que explican cambios en estándares de aprobación, Hipotecarios: Otros",,,nacional
F089.ECB.RIMP.IMBFCD1.T,Relativamente importante,,Nacional,T,Expectativas Económicas,"Banca de empresas: créditos inmobiliarios y de la construcción, Factores que explican cambios en la demanda, Inmobiliarios: Dinamismo del sector inmobiliario (ventas, inicio de proyectos, etc)",,,nacional
F089.ECB.RIMP.IMBFCD2.T,Relativamente importante,,Nacional,T,Expectativas Económicas,"Banca de empresas: créditos inmobiliarios y de la construcción, Factores que explican cambios en la demanda, Inmobiliarios: Sustitución de financiamiento entre bancos u otras fuentes no bancarias",,,nacional
F089.ECB.RIMP.IMBFCD3.T,Relativamente importante,,Nacional,T,Expectativas Económicas,"Banca de empresas: créditos inmobiliarios y de la construcción, Factores que explican cambios en la demanda, Construcción: Dinamismo del sector construcción (inicio de proyectos privados no relacionados al MOP)",,,nacional
F089.ECB.RIMP.IMBFCD4.T,Relativamente importante,,Nacional,T,Expectativas Económicas,"Banca de empresas: créditos inmobiliarios y de la construcción, Factores que explican cambios en la demanda, Construcción: Sustitución del financiamiento entre bancos u otras fuentes no bancarias",,,nacional
F089.ECB.RIMP.IMBFCD5.T,Relativamente importante,,Nacional,T,Expectativas Económicas,"Banca de empresas: créditos inmobiliarios y de la construcción, Factores que explican cambios en la demanda, Construcción: Dinamismo de la actividad en infraestructura pública (proyectos MOP)",,,nacional
F089.ECB.RIMP.IMBFCEA1.T,Relativamente importante,,Nacional,T,Expectativas Económicas,"Banca de empresas: créditos inmobiliarios y de la construcción, Factores que explican cambios en estándares de aprobación, Entorno económico del sector inmobiliario o sus perspectivas",,,nacional
F089.ECB.RIMP.IMBFCEA2.T,Relativamente importante,,Nacional,T,Expectativas Económicas,"Banca de empresas: créditos inmobiliarios y de la construcción, Factores que explican cambios en estándares de aprobación, Riesgo de crédito de los clientes inmobiliarios (flujos, morosidad, provisiones, etc)",,,nacional
F089.ECB.RIMP.IMBFCEA3.T,Relativamente importante,,Nacional,T,Expectativas Económicas,"Banca de empresas: créditos inmobiliarios y de la construcción, Factores que explican cambios en estándares de aprobación, Competencia de otros bancos o instituciones no bancarias",,,nacional
F089.ECB.RIMP.IMBFCEA4.T,Relativamente importante,,Nacional,T,Expectativas Económicas,"Banca de empresas: créditos inmobiliarios y de la construcción, Factores que explican cambios en estándares de aprobación, Cambios normativos",,,nacional
F089.ECB.RIMP.IMBFCEA5.T,Relativamente importante,,Nacional,T,Expectativas Económicas,"Banca de empresas: créditos inmobiliarios y de la construcción, Factores que explican cambios en estándares de aprobación, Otros",,,nacional
F089.ECB.SCAM.COMCC1.T,Sin Cambios,,Nacional,T,Expectativas Económicas,"Banca de empresas: créditos comerciales, Condiciones crediticias, Grandes empresas: Disminución de las líneas de crédito (en relación con el volumen de ventas)",,,nacional
F089.ECB.SCAM.COMCC10.T,Sin Cambios,,Nacional,T,Expectativas Económicas,"Banca de empresas: créditos comerciales, Condiciones crediticias, Pymes: Aumento del premio exigido a los créditos más riesgosos",,,nacional
F089.ECB.SCAM.COMCC2.T,Sin Cambios,,Nacional,T,Expectativas Económicas,"Banca de empresas: créditos comerciales, Condiciones crediticias, Grandes empresas: Aumento del spread sobre el costo de fondos de su banco",,,nacional
F089.ECB.SCAM.COMCC3.T,Sin Cambios,,Nacional,T,Expectativas Económicas,"Banca de empresas: créditos comerciales, Condiciones crediticias, Grandes empresas: Mayor requerimiento de garantías o imposición de otras condiciones contractuales",,,nacional
F089.ECB.SCAM.COMCC4.T,Sin Cambios,,Nacional,T,Expectativas Económicas,"Banca de empresas: créditos comerciales, Condiciones crediticias, Grandes empresas: Disminución en el plazo de los créditos",,,nacional
F089.ECB.SCAM.COMCC5.T,Sin Cambios,,Nacional,T,Expectativas Económicas,"Banca de empresas: créditos comerciales, Condiciones crediticias, Grandes empresas: Aumento del premio exigido a los créditos más riesgosos",,,nacional
F089.ECB.SCAM.COMCC6.T,Sin Cambios,,Nacional,T,Expectativas Económicas,"Banca de empresas: créditos comerciales, Condiciones crediticias, Pymes: Disminución de las líneas de crédito (en relación con el volumen de ventas)",,,nacional
F089.ECB.SCAM.COMCC7.T,Sin Cambios,,Nacional,T,Expectativas Económicas,"Banca de empresas: créditos comerciales, Condiciones crediticias, Pymes: Aumento del spread sobre el costo de fondos de su banco",,,nacional
F089.ECB.SCAM.COMCC8.T,Sin Cambios,,Nacional,T,Expectativas Económicas,"Banca de empresas: créditos comerciales, Condiciones crediticias, Pymes: Mayor requerimiento de garantías o imposición de otras condiciones contractuales",,,nacional
F089.ECB.SCAM.COMCC9.T,Sin Cambios,,Nacional,T,Expectativas Económicas,"Banca de empresas: créditos comerciales, Condiciones crediticias, Pymes: Disminución en el plazo de los créditos",,,nacional
F089.ECB.SCAM.COMEA1.T,Sin Cambios,,Nacional,T,Expectativas Económicas,"Banca de empresas: créditos comerciales, Estándares de aprobación, Grandes empresas",,,nacional
F089.ECB.SCAM.COMEA2.T,Sin Cambios,,Nacional,T,Expectativas Económicas,"Banca de empresas: créditos comerciales, Estándares de aprobación, Pymes",,,nacional
F089.ECB.SCAM.CONSCC1.T,Sin Cambios,,Nacional,T,Expectativas Económicas,"Banca de personas: créditos de consumo e hipotecarios, Condiciones crediticias, Consumo: Tamaño máximo del crédito en cuotas o de la línea de crédito en relación al ingreso",,,nacional
F089.ECB.SCAM.CONSCC10.T,Sin Cambios,,Nacional,T,Expectativas Económicas,"Banca de personas: créditos de consumo e hipotecarios, Condiciones crediticias, Hipotecarios: Spread sobre el costo de fondos del banco o comisión",,,nacional
F089.ECB.SCAM.CONSCC11.T,Sin Cambios,,Nacional,T,Expectativas Económicas,"Banca de personas: créditos de consumo e hipotecarios, Condiciones crediticias, Hipotecarios: Estándar mínimo requerido de credit scoring",,,nacional
F089.ECB.SCAM.CONSCC12.T,Sin Cambios,,Nacional,T,Expectativas Económicas,"Banca de personas: créditos de consumo e hipotecarios, Condiciones crediticias, Hipotecarios: La posibilidad de que ciertos créditos sean otorgados a clientes que no cumplen con los requisitos de estándar mínimo requerido",,,nacional
F089.ECB.SCAM.CONSCC2.T,Sin Cambios,,Nacional,T,Expectativas Económicas,"Banca de personas: créditos de consumo e hipotecarios, Condiciones crediticias, Consumo: Plazo máximo del crédito en cuotas",,,nacional
F089.ECB.SCAM.CONSCC3.T,Sin Cambios,,Nacional,T,Expectativas Económicas,"Banca de personas: créditos de consumo e hipotecarios, Condiciones crediticias, Consumo: Spread sobre el costo de fondos del banco",,,nacional
F089.ECB.SCAM.CONSCC4.T,Sin Cambios,,Nacional,T,Expectativas Económicas,"Banca de personas: créditos de consumo e hipotecarios, Condiciones crediticias, Consumo: Estándar mínimo requerido de crédit scoring",,,nacional
F089.ECB.SCAM.CONSCC5.T,Sin Cambios,,Nacional,T,Expectativas Económicas,"Banca de personas: créditos de consumo e hipotecarios, Condiciones crediticias, Consumo: Cupo máximo de la tarjeta de crédito",,,nacional
F089.ECB.SCAM.CONSCC6.T,Sin Cambios,,Nacional,T,Expectativas Económicas,"Banca de personas: créditos de consumo e hipotecarios, Condiciones crediticias, Consumo: Porcentaje del total de la deuda pendiente en tarjeta de crédito requerido como pago mínimo mensual",,,nacional
F089.ECB.SCAM.CONSCC7.T,Sin Cambios,,Nacional,T,Expectativas Económicas,"Banca de personas: créditos de consumo e hipotecarios, Condiciones crediticias, Consumo: La posibilidad de que ciertos créditos sean otorgados a clientes que no cumplen con los requisitos de estándar mínimo requerido",,,nacional
F089.ECB.SCAM.CONSCC8.T,Sin Cambios,,Nacional,T,Expectativas Económicas,"Banca de personas: créditos de consumo e hipotecarios, Condiciones crediticias, Hipotecarios: Porcentaje del total del ingreso de las personas que representa el dividendo",,,nacional
F089.ECB.SCAM.CONSCC9.T,Sin Cambios,,Nacional,T,Expectativas Económicas,"Banca de personas: créditos de consumo e hipotecarios, Condiciones crediticias, Hipotecarios: Porcentaje máximo del crédito complementario al monto de crédito en letras o mutuos hipotecarias",,,nacional
F089.ECB.SCAM.CONSEA1.T,Sin Cambios,,Nacional,T,Expectativas Económicas,"Banca de personas: créditos de consumo e hipotecarios, Estándares de aprobación, Consumo",,,nacional
F089.ECB.SCAM.CONSEA2.T,Sin Cambios,,Nacional,T,Expectativas Económicas,"Banca de personas: créditos de consumo e hipotecarios, Estándares de aprobación, Hipotecarios",,,nacional
F089.ECB.SCAM.IMBCC1.T,Sin Cambios,,Nacional,T,Expectativas Económicas,"Banca de empresas: créditos inmobiliarios y de la construcción, Condiciones crediticias, Inmobiliarios: Porcentaje máximo a financiar del costo directo del proyecto inmobiliario",,,nacional
F089.ECB.SCAM.IMBCC2.T,Sin Cambios,,Nacional,T,Expectativas Económicas,"Banca de empresas: créditos inmobiliarios y de la construcción, Condiciones crediticias, Inmobiliarios: Porcentaje máximo a financiar del costo total del proyecto inmobiliario",,,nacional
F089.ECB.SCAM.IMBCC3.T,Sin Cambios,,Nacional,T,Expectativas Económicas,"Banca de empresas: créditos inmobiliarios y de la construcción, Condiciones crediticias, Inmobiliarios: Porcentaje del valor del terreno dado como anticipo",,,nacional
F089.ECB.SCAM.IMBCC4.T,Sin Cambios,,Nacional,T,Expectativas Económicas,"Banca de empresas: créditos inmobiliarios y de la construcción, Condiciones crediticias, Inmobiliarios: Plazo máximo del crédito",,,nacional
F089.ECB.SCAM.IMBCC5.T,Sin Cambios,,Nacional,T,Expectativas Económicas,"Banca de empresas: créditos inmobiliarios y de la construcción, Condiciones crediticias, Inmobiliarios: Spread del crédito sobre costo de fondo",,,nacional
F089.ECB.SCAM.IMBCC6.T,Sin Cambios,,Nacional,T,Expectativas Económicas,"Banca de empresas: créditos inmobiliarios y de la construcción, Condiciones crediticias, Inmobiliarios: Requerimiento de garantías u otras condiciones contractuales",,,nacional
F089.ECB.SCAM.IMBEA1.T,Sin Cambios,,Nacional,T,Expectativas Económicas,"Banca de empresas: créditos inmobiliarios y de la construcción, Estándares de aprobación, Inmobiliarios",,,nacional
F089.ECB.SCAM.IMBEA2.T,Sin Cambios,,Nacional,T,Expectativas Económicas,"Banca de empresas: créditos inmobiliarios y de la construcción, Estándares de aprobación, Construcción",,,nacional
F089.ECB.SIMP.COMFCD1.T,Sin importancia,,Nacional,T,Expectativas Económicas,"Banca de empresas: créditos comerciales, Factores que explican cambios en la demanda, Grandes empresas: Necesidades de capital de trabajo de los clientes",,,nacional
F089.ECB.SIMP.COMFCD2.T,Sin importancia,,Nacional,T,Expectativas Económicas,"Banca de empresas: créditos comerciales, Factores que explican cambios en la demanda, Grandes empresas: Inversión en activo fijo físico (plantas y equipos) de los clientes",,,nacional
F089.ECB.SIMP.COMFCD3.T,Sin importancia,,Nacional,T,Expectativas Económicas,"Banca de empresas: créditos comerciales, Factores que explican cambios en la demanda, Grandes empresas: Necesidades de financiamiento de los clientes para adquisiciones o fusiones con otras empresas",,,nacional
F089.ECB.SIMP.COMFCD4.T,Sin importancia,,Nacional,T,Expectativas Económicas,"Banca de empresas: créditos comerciales, Factores que explican cambios en la demanda, Grandes empresas: Sustitución de financiamiento entre bancos u otras fuentes no bancarias (bonos, efectos de comercio, recursos propios, etc)",,,nacional
F089.ECB.SIMP.COMFCD5.T,Sin importancia,,Nacional,T,Expectativas Económicas,"Banca de empresas: créditos comerciales, Factores que explican cambios en la demanda, Pymes: Necesidades de capital de trabajo de los clientes",,,nacional
F089.ECB.SIMP.COMFCD6.T,Sin importancia,,Nacional,T,Expectativas Económicas,"Banca de empresas: créditos comerciales, Factores que explican cambios en la demanda, Pymes: Inversión en activo fijo físico (plantas y equipos) de los clientes",,,nacional
F089.ECB.SIMP.COMFCD7.T,Sin importancia,,Nacional,T,Expectativas Económicas,"Banca de empresas: créditos comerciales, Factores que explican cambios en la demanda, Pymes: Sustitución de financiamiento entre bancos u otras fuentes no bancarias (proveedores, recursos propios, factoraje, etc.)",,,nacional
F089.ECB.SIMP.COMFCEA1.T,Sin importancia,,Nacional,T,Expectativas Económicas,"Banca de empresas: créditos comerciales, Factores que explican cambios en estándares de aprobación, Entorno económico o sus perspectivas",,,nacional
F089.ECB.SIMP.COMFCEA10.T,Sin importancia,,Nacional,T,Expectativas Económicas,"Banca de empresas: créditos comerciales, Factores que explican cambios en estándares de aprobación, Pymes: Cambios normativos",,,nacional
F089.ECB.SIMP.COMFCEA11.T,Sin importancia,,Nacional,T,Expectativas Económicas,"Banca de empresas: créditos comerciales, Factores que explican cambios en estándares de aprobación, Pymes: Otros",,,nacional
F089.ECB.SIMP.COMFCEA2.T,Sin importancia,,Nacional,T,Expectativas Económicas,"Banca de empresas: créditos comerciales, Factores que explican cambios en estándares de aprobación, Posición de capital de su banco, actual o esperada",,,nacional
F089.ECB.SIMP.COMFCEA3.T,Sin importancia,,Nacional,T,Expectativas Económicas,"Banca de empresas: créditos comerciales, Factores que explican cambios en estándares de aprobación, Condiciones de fondeo de su banco",,,nacional
F089.ECB.SIMP.COMFCEA4.T,Sin importancia,,Nacional,T,Expectativas Económicas,"Banca de empresas: créditos comerciales, Factores que explican cambios en estándares de aprobación, Grandes empresas: Riesgo de la cartera de clientes (flujos, morosidad, provisiones, etc)",,,nacional
F089.ECB.SIMP.COMFCEA5.T,Sin importancia,,Nacional,T,Expectativas Económicas,"Banca de empresas: créditos comerciales, Factores que explican cambios en estándares de aprobación, Grandes empresas: Competencia de otros bancos o instituciones no bancarias",,,nacional
F089.ECB.SIMP.COMFCEA6.T,Sin importancia,,Nacional,T,Expectativas Económicas,"Banca de empresas: créditos comerciales, Factores que explican cambios en estándares de aprobación, Grandes empresas: Cambios normativos",,,nacional
F089.ECB.SIMP.COMFCEA7.T,Sin importancia,,Nacional,T,Expectativas Económicas,"Banca de empresas: créditos comerciales, Factores que explican cambios en estándares de aprobación, Grandes empresas: Otros",,,nacional
F089.ECB.SIMP.COMFCEA8.T,Sin importancia,,Nacional,T,Expectativas Económicas,"Banca de empresas: créditos comerciales, Factores que explican cambios en estándares de aprobación, Pymes: Riesgo de la cartera de clientes (flujos, morosidad, provisiones, etc)",,,nacional
F089.ECB.SIMP.COMFCEA9.T,Sin importancia,,Nacional,T,Expectativas Económicas,"Banca de empresas: créditos comerciales, Factores que explican cambios en estándares de aprobación, Pymes: Competencia de otros bancos o instituciones no bancarias",,,nacional
F089.ECB.SIMP.CONSFCD1.T,Sin importancia,,Nacional,T,Expectativas Económicas,"Banca de personas: créditos de consumo e hipotecarios, Factores que explican cambios en la demanda, Consumo: Condiciones de ingreso y/o empleo de los clientes",,,nacional
F089.ECB.SIMP.CONSFCD2.T,Sin importancia,,Nacional,T,Expectativas Económicas,"Banca de personas: créditos de consumo e hipotecarios, Factores que explican cambios en la demanda, Consumo: Sustitución de financiamiento entre bancos u otras fuentes no bancarias (comercio)",,,nacional
F089.ECB.SIMP.CONSFCD3.T,Sin importancia,,Nacional,T,Expectativas Económicas,"Banca de personas: créditos de consumo e hipotecarios, Factores que explican cambios en la demanda, Consumo: Condiciones de la tasa de interés",,,nacional
F089.ECB.SIMP.CONSFCD4.T,Sin importancia,,Nacional,T,Expectativas Económicas,"Banca de personas: créditos de consumo e hipotecarios, Factores que explican cambios en la demanda, Hipotecarios: Condiciones de ingreso y/o empleo de los clientes",,,nacional
F089.ECB.SIMP.CONSFCD5.T,Sin importancia,,Nacional,T,Expectativas Económicas,"Banca de personas: créditos de consumo e hipotecarios, Factores que explican cambios en la demanda, Hipotecarios: Sustitución de financiamiento entre bancos u otras fuentes no bancarias",,,nacional
F089.ECB.SIMP.CONSFCD6.T,Sin importancia,,Nacional,T,Expectativas Económicas,"Banca de personas: créditos de consumo e hipotecarios, Factores que explican cambios en la demanda, Hipotecarios: Condiciones de la tasa de interés",,,nacional
F089.ECB.SIMP.CONSFCEA1.T,Sin importancia,,Nacional,T,Expectativas Económicas,"Banca de personas: créditos de consumo e hipotecarios, Factores que explican cambios en estándares de aprobación, Consumo: Riesgo de su cartera de clientes (morosidad, provisiones, etc.)",,,nacional
F089.ECB.SIMP.CONSFCEA2.T,Sin importancia,,Nacional,T,Expectativas Económicas,"Banca de personas: créditos de consumo e hipotecarios, Factores que explican cambios en estándares de aprobación, Consumo: Competencia de otros bancos o instituciones no bancarias",,,nacional
F089.ECB.SIMP.CONSFCEA3.T,Sin importancia,,Nacional,T,Expectativas Económicas,"Banca de personas: créditos de consumo e hipotecarios, Factores que explican cambios en estándares de aprobación, Consumo: Cambios normativos",,,nacional
F089.ECB.SIMP.CONSFCEA4.T,Sin importancia,,Nacional,T,Expectativas Económicas,"Banca de personas: créditos de consumo e hipotecarios, Factores que explican cambios en estándares de aprobación, Consumo: Otros",,,nacional
F089.ECB.SIMP.CONSFCEA5.T,Sin importancia,,Nacional,T,Expectativas Económicas,"Banca de personas: créditos de consumo e hipotecarios, Factores que explican cambios en estándares de aprobación, Hipotecarios: Riesgo de su cartera de clientes (morosidad, provisiones, etc.)",,,nacional
F089.ECB.SIMP.CONSFCEA6.T,Sin importancia,,Nacional,T,Expectativas Económicas,"Banca de personas: créditos de consumo e hipotecarios, Factores que explican cambios en estándares de aprobación, Hipotecarios: Competencia de otros bancos o instituciones no bancarias",,,nacional
F089.ECB.SIMP.CONSFCEA7.T,Sin importancia,,Nacional,T,Expectativas Económicas,"Banca de personas: créditos de consumo e hipotecarios, Factores que explican cambios en estándares de aprobación, Hipotecarios: Cambios normativos",,,nacional
F089.ECB.SIMP.CONSFCEA8.T,Sin importancia,,Nacional,T,Expectativas Económicas,"Banca de personas: créditos de consumo e hipotecarios, Factores que explican cambios en estándares de aprobación, Hipotecarios: Otros",,,nacional
F089.ECB.SIMP.IMBFCD1.T,Sin importancia,,Nacional,T,Expectativas Económicas,"Banca de empresas: créditos inmobiliarios y de la construcción, Factores que explican cambios en la demanda, Inmobiliarios: Dinamismo del sector inmobiliario (ventas, inicio de proyectos, etc)",,,nacional
F089.ECB.SIMP.IMBFCD2.T,Sin importancia,,Nacional,T,Expectativas Económicas,"Banca de empresas: créditos inmobiliarios y de la construcción, Factores que explican cambios en la demanda, Inmobiliarios: Sustitución de financiamiento entre bancos u otras fuentes no bancarias",,,nacional
F089.ECB.SIMP.IMBFCD3.T,Sin importancia,,Nacional,T,Expectativas Económicas,"Banca de empresas: créditos inmobiliarios y de la construcción, Factores que explican cambios en la demanda, Construcción: Dinamismo del sector construcción (inicio de proyectos privados no relacionados al MOP)",,,nacional
F089.ECB.SIMP.IMBFCD4.T,Sin importancia,,Nacional,T,Expectativas Económicas,"Banca de empresas: créditos inmobiliarios y de la construcción, Factores que explican cambios en la demanda, Construcción: Sustitución del financiamiento entre bancos u otras fuentes no bancarias",,,nacional
F089.ECB.SIMP.IMBFCD5.T,Sin importancia,,Nacional,T,Expectativas Económicas,"Banca de empresas: créditos inmobiliarios y de la construcción, Factores que explican cambios en la demanda, Construcción: Dinamismo de la actividad en infraestructura pública (proyectos MOP)",,,nacional
F089.ECB.SIMP.IMBFCEA1.T,Sin importancia,,Nacional,T,Expectativas Económicas,"Banca de empresas: créditos inmobiliarios y de la construcción, Factores que explican cambios en estándares de aprobación, Entorno económico del sector inmobiliario o sus perspectivas",,,nacional
F089.ECB.SIMP.IMBFCEA2.T,Sin importancia,,Nacional,T,Expectativas Económicas,"Banca de empresas: créditos inmobiliarios y de la construcción, Factores que explican cambios en estándares de aprobación, Riesgo de crédito de los clientes inmobiliarios (flujos, morosidad, provisiones, etc)",,,nacional
F089.ECB.SIMP.IMBFCEA3.T,Sin importancia,,Nacional,T,Expectativas Económicas,"Banca de empresas: créditos inmobiliarios y de la construcción, Factores que explican cambios en estándares de aprobación, Competencia de otros bancos o instituciones no bancarias",,,nacional
F089.ECB.SIMP.IMBFCEA4.T,Sin importancia,,Nacional,T,Expectativas Económicas,"Banca de empresas: créditos inmobiliarios y de la construcción, Factores que explican cambios en estándares de aprobación, Cambios normativos",,,nacional
F089.ECB.SIMP.IMBFCEA5.T,Sin importancia,,Nacional,T,Expectativas Económicas,"Banca de empresas: créditos inmobiliarios y de la construcción, Factores que explican cambios en estándares de aprobación, Otros",,,nacional
F089.ECB.SMSDEB.COMDNC1.T,Sustancialmente más débil,,Nacional,T,Expectativas Económicas,"Banca de empresas: créditos comerciales, Demanda por nuevos créditos, Grandes empresas",,,nacional
F089.ECB.SMSDEB.COMDNC2.T,Sustancialmente más débil,,Nacional,T,Expectativas Económicas,"Banca de empresas: créditos comerciales, Demanda por nuevos créditos, Pymes",,,nacional
F089.ECB.SMSDEB.CONSDNC1.T,Sustancialmente más débil,,Nacional,T,Expectativas Económicas,"Banca de personas: créditos de consumo e hipotecarios, Demanda por nuevos créditos, Consumo",,,nacional
F089.ECB.SMSDEB.CONSDNC2.T,Sustancialmente más débil,,Nacional,T,Expectativas Económicas,"Banca de personas: créditos de consumo e hipotecarios, Demanda por nuevos créditos, Hipotecarios",,,nacional
F089.ECB.SMSDEB.IMBDNC1.T,Sustancialmente más débil,,Nacional,T,Expectativas Económicas,"Banca de empresas: créditos inmobiliarios y de la construcción, Demanda por nuevos créditos, Inmobiliarios",,,nacional
F089.ECB.SMSDEB.IMBDNC2.T,Sustancialmente más débil,,Nacional,T,Expectativas Económicas,"Banca de empresas: créditos inmobiliarios y de la construcción, Demanda por nuevos créditos, Construcción",,,nacional
F089.ECB.SMSFUE.COMDNC1.T,Sustancialmente más fuerte,,Nacional,T,Expectativas Económicas,"Banca de empresas: créditos comerciales, Demanda por nuevos créditos, Grandes empresas",,,nacional
F089.ECB.SMSFUE.COMDNC2.T,Sustancialmente más fuerte,,Nacional,T,Expectativas Económicas,"Banca de empresas: créditos comerciales, Demanda por nuevos créditos, Pymes",,,nacional
F089.ECB.SMSFUE.CONSDNC1.T,Sustancialmente más fuerte,,Nacional,T,Expectativas Económicas,"Banca de personas: créditos de consumo e hipotecarios, Demanda por nuevos créditos, Consumo",,,nacional
F089.ECB.SMSFUE.CONSDNC2.T,Sustancialmente más fuerte,,Nacional,T,Expectativas Económicas,"Banca de personas: créditos de consumo e hipotecarios, Demanda por nuevos créditos, Hipotecarios",,,nacional
F089.ECB.SMSFUE.IMBDNC1.T,Sustancialmente más fuerte,,Nacional,T,Expectativas Económicas,"Banca de empresas: créditos inmobiliarios y de la construcción, Demanda por nuevos créditos, Inmobiliarios",,,nacional
F089.ECB.SMSFUE.IMBDNC2.T,Sustancialmente más fuerte,,Nacional,T,Expectativas Económicas,"Banca de empresas: créditos inmobiliarios y de la construcción, Demanda por nuevos créditos, Construcción",,,nacional
