series_code,series_name,region_id,region_name,frequency,chapter,table_name,sector_id,sector_name,region_parse_method
F035.XSE.FLU.N.CLP.2018.03.Z.Z.01.0.A,Minería,01,Tarapacá,A,Cuentas Nacionales,"Componentes de las exportaciones Región de Tarapacá, anual, a precios corrientes, referencia 2018 (miles de millones de pesos)",03,Minería,f035_positional
F035.XSE.FLU.N.CLP.2018.04.Z.Z.01.0.A,Industria,01,Tarapacá,A,Cuentas Nacionales,"Componentes de las exportaciones Región de Tarapacá, anual, a precios corrientes, referencia 2018 (miles de millones de pesos)",04,Industria,f035_positional
F035.XSE.FLU.N.CLP.2018.102.Z.Z.01.0.A,Agropecuario-Silvícola-Pesca,01,Tarapacá,A,Cuentas Nacionales,"Componentes de las exportaciones Región de Tarapacá, anual, a precios corrientes, referencia 2018 (miles de millones de pesos)",102,Agropecuario-silvícola-pesca,f035_positional
F035.XSE.FLU.N.CLP.2018.XBI.Z.Z.01.0.A,Exportación Bienes,01,Tarapacá,A,Cuentas Nacionales,"Componentes de las exportaciones Región de Tarapacá, anual, a precios corrientes, referencia 2018 (miles de millones de pesos)",XBI,Exportaciones de bienes,f035_positional
F035.XSE.FLU.N.CLP.2018.XBS.Z.Z.01.0.A,Exportación Servicios,01,Tarapacá,A,Cuentas Nacionales,"Componentes de las exportaciones Región de Tarapacá, anual, a precios corrientes, referencia 2018 (miles de millones de pesos)",XBS,Exportaciones de servicios,f035_positional
F035.XSE.FLU.N.CLP.2018.Z.Z.Z.01.0.A,Región de Tarapacá,01,Tarapacá,A,Cuentas Nacionales,"Exportación de bienes y servicios, anual, a precios corrientes, referencia 2018 (miles de millones de pesos)",,,f035_positional
F035.XSE.FLU.R.CLP.2018.03.Z.Z.01.0.A,Minería,01,Tarapacá,A,Cuentas Nacionales,"Componentes de las exportaciones Región de Tarapacá, anual, volumen a precios del año anterior encadenado, referencia 2018 (miles de millones de pesos encadenados)",03,Minería,f035_positional
F035.XSE.FLU.R.CLP.2018.04.Z.Z.01.0.A,Industria,01,Tarapacá,A,Cuentas Nacionales,"Componentes de las exportaciones Región de Tarapacá, anual, volumen a precios del año anterior encadenado, referencia 2018 (miles de millones de pesos encadenados)",04,Industria,f035_positional
F035.XSE.FLU.R.CLP.2018.102.Z.Z.01.0.A,Agropecuario-Silvícola-Pesca,01,Tarapacá,A,Cuentas Nacionales,"Componentes de las exportaciones Región de Tarapacá, anual, volumen a precios del año anterior encadenado, referencia 2018 (miles de millones de pesos encadenados)",102,Agropecuario-silvícola-pesca,f035_positional
F035.XSE.FLU.R.CLP.2018.XBI.Z.Z.01.0.A,Exportación Bienes,01,Tarapacá,A,Cuentas Nacionales,"Componentes de las exportaciones Región de Tarapacá, anual, volumen a precios del año anterior encadenado, referencia 2018 (miles de millones de pesos encadenados)",XBI,Exportaciones de bienes,f035_positional
F035.XSE.FLU.R.CLP.2018.XBS.Z.Z.01.0.A,Exportación Servicios,01,Tarapacá,A,Cuentas Nacionales,"Componentes de las exportaciones Región de Tarapacá, anual, volumen a precios del año anterior encadenado, referencia 2018 (miles de millones de pesos encadenados)",XBS,Exportaciones de servicios,f035_positional
F035.XSE.FLU.R.CLP.2018.Z.Z.Z.01.0.A,Región de Tarapacá,01,Tarapacá,A,Cuentas Nacionales,"Exportación de bienes y servicios, anual, volumen a precios del año anterior encadenado, referencia 2018 (miles de millones de pesos encadenados)",,,f035_positional
F035.XSE.V12.R.Z.2018.03.Z.Z.01.0.A,Minería,01,Tarapacá,A,Cuentas Nacionales,"Exportación de bienes y servicios Región de Tarapacá, anual, contribución porcentual respecto de igual periodo del año anterior, referencia 2018",03,Minería,f035_positional
F035.XSE.V12.R.Z.2018.04.Z.Z.01.0.A,Industria,01,Tarapacá,A,Cuentas Nacionales,"Exportación de bienes y servicios Región de Tarapacá, anual, contribución porcentual respecto de igual periodo del año anterior, referencia 2018",04,Industria,f035_positional
F035.XSE.V12.R.Z.2018.102.Z.Z.01.0.A,Agropecuario-Silvícola-Pesca,01,Tarapacá,A,Cuentas Nacionales,"Exportación de bienes y servicios Región de Tarapacá, anual, contribución porcentual respecto de igual periodo del año anterior, referencia 2018",102,Agropecuario-silvícola-pesca,f035_positional
F035.XSE.V12.R.Z.2018.XBI.Z.Z.01.0.A,Exportación Bienes,01,Tarapacá,A,Cuentas Nacionales,"Exportación de bienes y servicios Región de Tarapacá, anual, contribución porcentual respecto de igual periodo del año anterior, referencia 2018",XBI,Exportaciones de bienes,f035_positional
F035.XSE.V12.R.Z.2018.XBS.Z.Z.01.0.A,Exportación Servicios,01,Tarapacá,A,Cuentas Nacionales,"Exportación de bienes y servicios Región de Tarapacá, anual, contribución porcentual respecto de igual periodo del año anterior, referencia 2018",XBS,Exportaciones de servicios,f035_positional
F035.XSE.V12.R.Z.2018.XBSSR.Z.Z.01.0.A,Exportaciones de Bienes y Servicios,01,Tarapacá,A,Cuentas Nacionales,"Exportación de bienes y servicios Región de Tarapacá, anual, contribución porcentual respecto de igual periodo del año anterior, referencia 2018",XBSSR,Exportaciones de bienes y servicios,f035_positional
F035.XSE.V12.R.Z.2018.Z.Z.Z.01.0.A,Región de Tarapacá,01,Tarapacá,A,Cuentas Nacionales,"Exportación de bienes y servicios regional, anual, contribución porcentual respecto de igual periodo del año anterior, referencia 2018",,,f035_positional
F035.XSE.FLU.N.CLP.2018.03.Z.Z.02.0.A,Minería,02,Antofagasta,A,Cuentas Nacionales,"Componentes de las exportaciones Región de Antofagasta, anual, a precios corrientes, referencia 2018 (miles de millones de pesos)",03,Minería,f035_positional
F035.XSE.FLU.N.CLP.2018.04.Z.Z.02.0.A,Industria,02,Antofagasta,A,Cuentas Nacionales,"Componentes de las exportaciones Región de Antofagasta, anual, a precios corrientes, referencia 2018 (miles de millones de pesos)",04,Industria,f035_positional
F035.XSE.FLU.N.CLP.2018.102.Z.Z.02.0.A,Agropecuario-Silvícola-Pesca,02,Antofagasta,A,Cuentas Nacionales,"Componentes de las exportaciones Región de Antofagasta, anual, a precios corrientes, referencia 2018 (miles de millones de pesos)",102,Agropecuario-silvícola-pesca,f035_positional
F035.XSE.FLU.N.CLP.2018.XBI.Z.Z.02.0.A,Exportación Bienes,02,Antofagasta,A,Cuentas Nacionales,"Componentes de las exportaciones Región de Antofagasta, anual, a precios corrientes, referencia 2018 (miles de millones de pesos)",XBI,Exportaciones de bienes,f035_positional
F035.XSE.FLU.N.CLP.2018.XBS.Z.Z.02.0.A,Exportación Servicios,02,Antofagasta,A,Cuentas Nacionales,"Componentes de las exportaciones Región de Antofagasta, anual, a precios corrientes, referencia 2018 (miles de millones de pesos)",XBS,Exportaciones de servicios,f035_positional
F035.XSE.FLU.N.CLP.2018.Z.Z.Z.02.0.A,Región de Antofagasta,02,Antofagasta,A,Cuentas Nacionales,"Exportación de bienes y servicios, anual, a precios corrientes, referencia 2018 (miles de millones de pesos)",,,f035_positional
F035.XSE.FLU.R.CLP.2018.03.Z.Z.02.0.A,Minería,02,Antofagasta,A,Cuentas Nacionales,"Componentes de las exportaciones Región de Antofagasta, anual, volumen a precios del año anterior encadenado, referencia 2018 (miles de millones de pesos encadenados)",03,Minería,f035_positional
F035.XSE.FLU.R.CLP.2018.04.Z.Z.02.0.A,Industria,02,Antofagasta,A,Cuentas Nacionales,"Componentes de las exportaciones Región de Antofagasta, anual, volumen a precios del año anterior encadenado, referencia 2018 (miles de millones de pesos encadenados)",04,Industria,f035_positional
F035.XSE.FLU.R.CLP.2018.102.Z.Z.02.0.A,Agropecuario-Silvícola-Pesca,02,Antofagasta,A,Cuentas Nacionales,"Componentes de las exportaciones Región de Antofagasta, anual, volumen a precios del año anterior encadenado, referencia 2018 (miles de millones de pesos encadenados)",102,Agropecuario-silvícola-pesca,f035_positional
F035.XSE.FLU.R.CLP.2018.XBI.Z.Z.02.0.A,Exportación Bienes,02,Antofagasta,A,Cuentas Nacionales,"Componentes de las exportaciones Región de Antofagasta, anual, volumen a precios del año anterior encadenado, referencia 2018 (miles de millones de pesos encadenados)",XBI,Exportaciones de bienes,f035_positional
F035.XSE.FLU.R.CLP.2018.XBS.Z.Z.02.0.A,Exportación Servicios,02,Antofagasta,A,Cuentas Nacionales,"Componentes de las exportaciones Región de Antofagasta, anual, volumen a precios del año anterior encadenado, referencia 2018 (miles de millones de pesos encadenados)",XBS,Exportaciones de servicios,f035_positional
F035.XSE.FLU.R.CLP.2018.Z.Z.Z.02.0.A,Región de Antofagasta,02,Antofagasta,A,Cuentas Nacionales,"Exportación de bienes y servicios, anual, volumen a precios del año anterior encadenado, referencia 2018 (miles de millones de pesos encadenados)",,,f035_positional
F035.XSE.V12.R.Z.2018.03.Z.Z.02.0.A,Minería,02,Antofagasta,A,Cuentas Nacionales,"Exportación de bienes y servicios Región de Antofagasta, anual, contribución porcentual respecto de igual periodo del año anterior, referencia 2018",03,Minería,f035_positional
F035.XSE.V12.R.Z.2018.04.Z.Z.02.0.A,Industria,02,Antofagasta,A,Cuentas Nacionales,"Exportación de bienes y servicios Región de Antofagasta, anual, contribución porcentual respecto de igual periodo del año anterior, referencia 2018",04,Industria,f035_positional
F035.XSE.V12.R.Z.2018.102.Z.Z.02.0.A,Agropecuario-Silvícola-Pesca,02,Antofagasta,A,Cuentas Nacionales,"Exportación de bienes y servicios Región de Antofagasta, anual, contribución porcentual respecto de igual periodo del año anterior, referencia 2018",102,Agropecuario-silvícola-pesca,f035_positional
F035.XSE.V12.R.Z.2018.XBI.Z.Z.02.0.A,Exportación Bienes,02,Antofagasta,A,Cuentas Nacionales,"Exportación de bienes y servicios Región de Antofagasta, anual, contribución porcentual respecto de igual periodo del año anterior, referencia 2018",XBI,Exportaciones de bienes,f035_positional
F035.XSE.V12.R.Z.2018.XBS.Z.Z.02.0.A,Exportación Servicios,02,Antofagasta,A,Cuentas Nacionales,"Exportación de bienes y servicios Región de Antofagasta, anual, contribución porcentual respecto de igual periodo del año anterior, referencia 2018",XBS,Exportaciones de servicios,f035_positional
F035.XSE.V12.R.Z.2018.XBSSR.Z.Z.02.0.A,Exportaciones de Bienes y Servicios,02,Antofagasta,A,Cuentas Nacionales,"Exportación de bienes y servicios Región de Antofagasta, anual, contribución porcentual respecto de igual periodo del año anterior, referencia 2018",XBSSR,Exportaciones de bienes y servicios,f035_positional
F035.XSE.V12.R.Z.2018.Z.Z.Z.02.0.A,Región de Antofagasta,02,Antofagasta,A,Cuentas Nacionales,"Exportación de bienes y servicios regional, anual, contribución porcentual respecto de igual periodo del año anterior, referencia 2018",,,f035_positional
F035.XSE.FLU.N.CLP.2018.03.Z.Z.03.0.A,Minería,03,Atacama,A,Cuentas Nacionales,"Componentes de las exportaciones Región de Atacama, anual, a precios corrientes, referencia 2018 (miles de millones de pesos)",03,Minería,f035_positional
F035.XSE.FLU.N.CLP.2018.04.Z.Z.03.0.A,Industria,03,Atacama,A,Cuentas Nacionales,"Componentes de las exportaciones Región de Atacama, anual, a precios corrientes, referencia 2018 (miles de millones de pesos)",04,Industria,f035_positional
F035.XSE.FLU.N.CLP.2018.102.Z.Z.03.0.A,Agropecuario-Silvícola-Pesca,03,Atacama,A,Cuentas Nacionales,"Componentes de las exportaciones Región de Atacama, anual, a precios corrientes, referencia 2018 (miles de millones de pesos)",102,Agropecuario-silvícola-pesca,f035_positional
F035.XSE.FLU.N.CLP.2018.XBI.Z.Z.03.0.A,Exportación Bienes,03,Atacama,A,Cuentas Nacionales,"Componentes de las exportaciones Región de Atacama, anual, a precios corrientes, referencia 2018 (miles de millones de pesos)",XBI,Exportaciones de bienes,f035_positional
F035.XSE.FLU.N.CLP.2018.XBS.Z.Z.03.0.A,Exportación Servicios,03,Atacama,A,Cuentas Nacionales,"Componentes de las exportaciones Región de Atacama, anual, a precios corrientes, referencia 2018 (miles de millones de pesos)",XBS,Exportaciones de servicios,f035_positional
F035.XSE.FLU.N.CLP.2018.Z.Z.Z.03.0.A,Región de Atacama,03,Atacama,A,Cuentas Nacionales,"Exportación de bienes y servicios, anual, a precios corrientes, referencia 2018 (miles de millones de pesos)",,,f035_positional
F035.XSE.FLU.R.CLP.2018.03.Z.Z.03.0.A,Minería,03,Atacama,A,Cuentas Nacionales,"Componentes de las exportaciones Región de Atacama, anual, volumen a precios del año anterior encadenado, referencia 2018 (miles de millones de pesos encadenados)",03,Minería,f035_positional
F035.XSE.FLU.R.CLP.2018.04.Z.Z.03.0.A,Industria,03,Atacama,A,Cuentas Nacionales,"Componentes de las exportaciones Región de Atacama, anual, volumen a precios del año anterior encadenado, referencia 2018 (miles de millones de pesos encadenados)",04,Industria,f035_positional
F035.XSE.FLU.R.CLP.2018.102.Z.Z.03.0.A,Agropecuario-Silvícola-Pesca,03,Atacama,A,Cuentas Nacionales,"Componentes de las exportaciones Región de Atacama, anual, volumen a precios del año anterior encadenado, referencia 2018 (miles de millones de pesos encadenados)",102,Agropecuario-silvícola-pesca,f035_positional
F035.XSE.FLU.R.CLP.2018.XBI.Z.Z.03.0.A,Exportación Bienes,03,Atacama,A,Cuentas Nacionales,"Componentes de las exportaciones Región de Atacama, anual, volumen a precios del año anterior encadenado, referencia 2018 (miles de millones de pesos encadenados)",XBI,Exportaciones de bienes,f035_positional
F035.XSE.FLU.R.CLP.2018.XBS.Z.Z.03.0.A,Exportación Servicios,03,Atacama,A,Cuentas Nacionales,"Componentes de las exportaciones Región de Atacama, anual, volumen a precios del año anterior encadenado, referencia 2018 (miles de millones de pesos encadenados)",XBS,Exportaciones de servicios,f035_positional
F035.XSE.FLU.R.CLP.2018.Z.Z.Z.03.0.A,Región de Atacama,03,Atacama,A,Cuentas Nacionales,"Exportación de bienes y servicios, anual, volumen a precios del año anterior encadenado, referencia 2018 (miles de millones de pesos encadenados)",,,f035_positional
F035.XSE.V12.R.Z.2018.03.Z.Z.03.0.A,Minería,03,Atacama,A,Cuentas Nacionales,"Exportación de bienes y servicios Región de Atacama, anual, contribución porcentual respecto de igual periodo del año anterior, referencia 2018",03,Minería,f035_positional
F035.XSE.V12.R.Z.2018.04.Z.Z.03.0.A,Industria,03,Atacama,A,Cuentas Nacionales,"Exportación de bienes y servicios Región de Atacama, anual, contribución porcentual respecto de igual periodo del año anterior, referencia 2018",04,Industria,f035_positional
F035.XSE.V12.R.Z.2018.102.Z.Z.03.0.A,Agropecuario-Silvícola-Pesca,03,Atacama,A,Cuentas Nacionales,"Exportación de bienes y servicios Región de Atacama, anual, contribución porcentual respecto de igual periodo del año anterior, referencia 2018",102,Agropecuario-silvícola-pesca,f035_positional
F035.XSE.V12.R.Z.2018.XBI.Z.Z.03.0.A,Exportación Bienes,03,Atacama,A,Cuentas Nacionales,"Exportación de bienes y servicios Región de Atacama, anual, contribución porcentual respecto de igual periodo del año anterior, referencia 2018",XBI,Exportaciones de bienes,f035_positional
F035.XSE.V12.R.Z.2018.XBS.Z.Z.03.0.A,Exportación Servicios,03,Atacama,A,Cuentas Nacionales,"Exportación de bienes y servicios Región de Atacama, anual, contribución porcentual respecto de igual periodo del año anterior, referencia 2018",XBS,Exportaciones de servicios,f035_positional
F035.XSE.V12.R.Z.2018.XBSSR.Z.Z.03.0.A,Exportaciones de Bienes y Servicios,03,Atacama,A,Cuentas Nacionales,"Exportación de bienes y servicios Región de Atacama, anual, contribución porcentual respecto de igual periodo del año anterior, referencia 2018",XBSSR,Exportaciones de bienes y servicios,f035_positional
F035.XSE.V12.R.Z.2018.Z.Z.Z.03.0.A,Región de Atacama,03,Atacama,A,Cuentas Nacionales,"Exportación de bienes y servicios regional, anual, contribución porcentual respecto de igual periodo del año anterior, referencia 2018",,,f035_positional
F035.XSE.FLU.N.CLP.2018.03.Z.Z.04.0.A,Minería,04,Coquimbo,A,Cuentas Nacionales,"Componentes de las exportaciones Región de Coquimbo, anual, a precios corrientes, referencia 2018 (miles de millones de pesos)",03,Minería,f035_positional
F035.XSE.FLU.N.CLP.2018.04.Z.Z.04.0.A,Industria,04,Coquimbo,A,Cuentas Nacionales,"Componentes de las exportaciones Región de Coquimbo, anual, a precios corrientes, referencia 2018 (miles de millones de pesos)",04,Industria,f035_positional
F035.XSE.FLU.N.CLP.2018.102.Z.Z.04.0.A,Agropecuario-Silvícola-Pesca,04,Coquimbo,A,Cuentas Nacionales,"Componentes de las exportaciones Región de Coquimbo, anual, a precios corrientes, referencia 2018 (miles de millones de pesos)",102,Agropecuario-silvícola-pesca,f035_positional
F035.XSE.FLU.N.CLP.2018.XBI.Z.Z.04.0.A,Exportación Bienes,04,Coquimbo,A,Cuentas Nacionales,"Componentes de las exportaciones Región de Coquimbo, anual, a precios corrientes, referencia 2018 (miles de millones de pesos)",XBI,Exportaciones de bienes,f035_positional
F035.XSE.FLU.N.CLP.2018.XBS.Z.Z.04.0.A,Exportación Servicios,04,Coquimbo,A,Cuentas Nacionales,"Componentes de las exportaciones Región de Coquimbo, anual, a precios corrientes, referencia 2018 (miles de millones de pesos)",XBS,Exportaciones de servicios,f035_positional
F035.XSE.FLU.N.CLP.2018.Z.Z.Z.04.0.A,Región de Coquimbo,04,Coquimbo,A,Cuentas Nacionales,"Exportación de bienes y servicios, anual, a precios corrientes, referencia 2018 (miles de millones de pesos)",,,f035_positional
F035.XSE.FLU.R.CLP.2018.03.Z.Z.04.0.A,Minería,04,Coquimbo,A,Cuentas Nacionales,"Componentes de las exportaciones Región de Coquimbo, anual, volumen a precios del año anterior encadenado, referencia 2018 (miles de millones de pesos encadenados)",03,Minería,f035_positional
F035.XSE.FLU.R.CLP.2018.04.Z.Z.04.0.A,Industria,04,Coquimbo,A,Cuentas Nacionales,"Componentes de las exportaciones Región de Coquimbo, anual, volumen a precios del año anterior encadenado, referencia 2018 (miles de millones de pesos encadenados)",04,Industria,f035_positional
F035.XSE.FLU.R.CLP.2018.102.Z.Z.04.0.A,Agropecuario-Silvícola-Pesca,04,Coquimbo,A,Cuentas Nacionales,"Componentes de las exportaciones Región de Coquimbo, anual, volumen a precios del año anterior encadenado, referencia 2018 (miles de millones de pesos encadenados)",102,Agropecuario-silvícola-pesca,f035_positional
F035.XSE.FLU.R.CLP.2018.XBI.Z.Z.04.0.A,Exportación Bienes,04,Coquimbo,A,Cuentas Nacionales,"Componentes de las exportaciones Región de Coquimbo, anual, volumen a precios del año anterior encadenado, referencia 2018 (miles de millones de pesos encadenados)",XBI,Exportaciones de bienes,f035_positional
F035.XSE.FLU.R.CLP.2018.XBS.Z.Z.04.0.A,Exportación Servicios,04,Coquimbo,A,Cuentas Nacionales,"Componentes de las exportaciones Región de Coquimbo, anual, volumen a precios del año anterior encadenado, referencia 2018 (miles de millones de pesos encadenados)",XBS,Exportaciones de servicios,f035_positional
F035.XSE.FLU.R.CLP.2018.Z.Z.Z.04.0.A,Región de Coquimbo,04,Coquimbo,A,Cuentas Nacionales,"Exportación de bienes y servicios, anual, volumen a precios del año anterior encadenado, referencia 2018 (miles de millones de pesos encadenados)",,,f035_positional
F035.XSE.V12.R.Z.2018.03.Z.Z.04.0.A,Minería,04,Coquimbo,A,Cuentas Nacionales,"Exportación de bienes y servicios Región de Coquimbo, anual, contribución porcentual respecto de igual periodo del año anterior, referencia 2018",03,Minería,f035_positional
F035.XSE.V12.R.Z.2018.04.Z.Z.04.0.A,Industria,04,Coquimbo,A,Cuentas Nacionales,"Exportación de bienes y servicios Región de Coquimbo, anual, contribución porcentual respecto de igual periodo del año anterior, referencia 2018",04,Industria,f035_positional
F035.XSE.V12.R.Z.2018.102.Z.Z.04.0.A,Agropecuario-Silvícola-Pesca,04,Coquimbo,A,Cuentas Nacionales,"Exportación de bienes y servicios Región de Coquimbo, anual, contribución porcentual respecto de igual periodo del año anterior, referencia 2018",102,Agropecuario-silvícola-pesca,f035_positional
F035.XSE.V12.R.Z.2018.XBI.Z.Z.04.0.A,Exportación Bienes,04,Coquimbo,A,Cuentas Nacionales,"Exportación de bienes y servicios Región de Coquimbo, anual, contribución porcentual respecto de igual periodo del año anterior, referencia 2018",XBI,Exportaciones de bienes,f035_positional
F035.XSE.V12.R.Z.2018.XBS.Z.Z.04.0.A,Exportación Servicios,04,Coquimbo,A,Cuentas Nacionales,"Exportación de bienes y servicios Región de Coquimbo, anual, contribución porcentual respecto de igual periodo del año anterior, referencia 2018",XBS,Exportaciones de servicios,f035_positional
F035.XSE.V12.R.Z.2018.XBSSR.Z.Z.04.0.A,Exportaciones de Bienes y Servicios,04,Coquimbo,A,Cuentas Nacionales,"Exportación de bienes y servicios Región de Coquimbo, anual, contribución porcentual respecto de igual periodo del año anterior, referencia 2018",XBSSR,Exportaciones de bienes y servicios,f035_positional
F035.XSE.V12.R.Z.2018.Z.Z.Z.04.0.A,Región de Coquimbo,04,Coquimbo,A,Cuentas Nacionales,"Exportación de bienes y servicios regional, anual, contribución porcentual respecto de igual periodo del año anterior, referencia 2018",,,f035_positional
F035.XSE.FLU.N.CLP.2018.03.Z.Z.05.0.A,Minería,05,Valparaíso,A,Cuentas Nacionales,"Componentes de las exportaciones Región de Valparaíso, anual, a precios corrientes, referencia 2018 (miles de millones de pesos)",03,Minería,f035_positional
F035.XSE.FLU.N.CLP.2018.04.Z.Z.05.0.A,Industria,05,Valparaíso,A,Cuentas Nacionales,"Componentes de las exportaciones Región de Valparaíso, anual, a precios corrientes, referencia 2018 (miles de millones de pesos)",04,Industria,f035_positional
F035.XSE.FLU.N.CLP.2018.102.Z.Z.05.0.A,Agropecuario-Silvícola-Pesca,05,Valparaíso,A,Cuentas Nacionales,"Componentes de las exportaciones Región de Valparaíso, anual, a precios corrientes, referencia 2018 (miles de millones de pesos)",102,Agropecuario-silvícola-pesca,f035_positional
F035.XSE.FLU.N.CLP.2018.XBI.Z.Z.05.0.A,Exportación Bienes,05,Valparaíso,A,Cuentas Nacionales,"Componentes de las exportaciones Región de Valparaíso, anual, a precios corrientes, referencia 2018 (miles de millones de pesos)",XBI,Exportaciones de bienes,f035_positional
F035.XSE.FLU.N.CLP.2018.XBS.Z.Z.05.0.A,Exportación Servicios,05,Valparaíso,A,Cuentas Nacionales,"Componentes de las exportaciones Región de Valparaíso, anual, a precios corrientes, referencia 2018 (miles de millones de pesos)",XBS,Exportaciones de servicios,f035_positional
F035.XSE.FLU.N.CLP.2018.Z.Z.Z.05.0.A,Región de Valparaíso,05,Valparaíso,A,Cuentas Nacionales,"Exportación de bienes y servicios, anual, a precios corrientes, referencia 2018 (miles de millones de pesos)",,,f035_positional
F035.XSE.FLU.R.CLP.2018.03.Z.Z.05.0.A,Minería,05,Valparaíso,A,Cuentas Nacionales,"Componentes de las exportaciones Región de Valparaíso, anual, volumen a precios del año anterior encadenado, referencia 2018 (miles de millones de pesos encadenados)",03,Minería,f035_positional
F035.XSE.FLU.R.CLP.2018.04.Z.Z.05.0.A,Industria,05,Valparaíso,A,Cuentas Nacionales,"Componentes de las exportaciones Región de Valparaíso, anual, volumen a precios del año anterior encadenado, referencia 2018 (miles de millones de pesos encadenados)",04,Industria,f035_positional
F035.XSE.FLU.R.CLP.2018.102.Z.Z.05.0.A,Agropecuario-Silvícola-Pesca,05,Valparaíso,A,Cuentas Nacionales,"Componentes de las exportaciones Región de Valparaíso, anual, volumen a precios del año anterior encadenado, referencia 2018 (miles de millones de pesos encadenados)",102,Agropecuario-silvícola-pesca,f035_positional
F035.XSE.FLU.R.CLP.2018.XBI.Z.Z.05.0.A,Exportación Bienes,05,Valparaíso,A,Cuentas Nacionales,"Componentes de las exportaciones Región de Valparaíso, anual, volumen a precios del año anterior encadenado, referencia 2018 (miles de millones de pesos encadenados)",XBI,Exportaciones de bienes,f035_positional
F035.XSE.FLU.R.CLP.2018.XBS.Z.Z.05.0.A,Exportación Servicios,05,Valparaíso,A,Cuentas Nacionales,"Componentes de las exportaciones Región de Valparaíso, anual, volumen a precios del año anterior encadenado, referencia 2018 (miles de millones de pesos encadenados)",XBS,Exportaciones de servicios,f035_positional
F035.XSE.FLU.R.CLP.2018.Z.Z.Z.05.0.A,Región de Valparaíso,05,Valparaíso,A,Cuentas Nacionales,"Exportación de bienes y servicios, anual, volumen a precios del año anterior encadenado, referencia 2018 (miles de millones de pesos encadenados)",,,f035_positional
F035.XSE.V12.R.Z.2018.03.Z.Z.05.0.A,Minería,05,Valparaíso,A,Cuentas Nacionales,"Exportación de bienes y servicios Región de Valparaíso, anual, contribución porcentual respecto de igual periodo del año anterior, referencia 2018",03,Minería,f035_positional
F035.XSE.V12.R.Z.2018.04.Z.Z.05.0.A,Industria,05,Valparaíso,A,Cuentas Nacionales,"Exportación de bienes y servicios Región de Valparaíso, anual, contribución porcentual respecto de igual periodo del año anterior, referencia 2018",04,Industria,f035_positional
F035.XSE.V12.R.Z.2018.102.Z.Z.05.0.A,Agropecuario-Silvícola-Pesca,05,Valparaíso,A,Cuentas Nacionales,"Exportación de bienes y servicios Región de Valparaíso, anual, contribución porcentual respecto de igual periodo del año anterior, referencia 2018",102,Agropecuario-silvícola-pesca,f035_positional
F035.XSE.V12.R.Z.2018.XBI.Z.Z.05.0.A,Exportación Bienes,05,Valparaíso,A,Cuentas Nacionales,"Exportación de bienes y servicios Región de Valparaíso, anual, contribución porcentual respecto de igual periodo del año anterior, referencia 2018",XBI,Exportaciones de bienes,f035_positional
F035.XSE.V12.R.Z.2018.XBS.Z.Z.05.0.A,Exportación Servicios,05,Valparaíso,A,Cuentas Nacionales,"Exportación de bienes y servicios Región de Valparaíso, anual, contribución porcentual respecto de igual periodo del año anterior, referencia 2018",XBS,Exportaciones de servicios,f035_positional
F035.XSE.V12.R.Z.2018.XBSSR.Z.Z.05.0.A,Exportaciones de Bienes y Servicios,05,Valparaíso,A,Cuentas Nacionales,"Exportación de bienes y servicios Región de Valparaíso, anual, contribución porcentual respecto de igual periodo del año anterior, referencia 2018",XBSSR,Exportaciones de bienes y servicios,f035_positional
F035.XSE.V12.R.Z.2018.Z.Z.Z.05.0.A,Región de Valparaíso,05,Valparaíso,A,Cuentas Nacionales,"Exportación de bienes y servicios regional, anual, contribución porcentual respecto de igual periodo del año anterior, referencia 2018",,,f035_positional
F035.XSE.FLU.N.CLP.2018.03.Z.Z.06.0.A,Minería,06,O'Higgins,A,Cuentas Nacionales,"Componentes de las exportaciones Región del Libertador General Bernardo OHiggins, anual, a precios corrientes, referencia 2018 (miles de millones de pesos)",03,Minería,f035_positional
F035.XSE.FLU.N.CLP.2018.04.Z.Z.06.0.A,Industria,06,O'Higgins,A,Cuentas Nacionales,"Componentes de las exportaciones Región del Libertador General Bernardo OHiggins, anual, a precios corrientes, referencia 2018 (miles de millones de pesos)",04,Industria,f035_positional
F035.XSE.FLU.N.CLP.2018.102.Z.Z.06.0.A,Agropecuario-Silvícola-Pesca,06,O'Higgins,A,Cuentas Nacionales,"Componentes de las exportaciones Región del Libertador General Bernardo OHiggins, anual, a precios corrientes, referencia 2018 (miles de millones de pesos)",102,Agropecuario-silvícola-pesca,f035_positional
F035.XSE.FLU.N.CLP.2018.XBI.Z.Z.06.0.A,Exportación Bienes,06,O'Higgins,A,Cuentas Nacionales,"Componentes de las exportaciones Región del Libertador General Bernardo OHiggins, anual, a precios corrientes, referencia 2018 (miles de millones de pesos)",XBI,Exportaciones de bienes,f035_positional
F035.XSE.FLU.N.CLP.2018.XBS.Z.Z.06.0.A,Exportación Servicios,06,O'Higgins,A,Cuentas Nacionales,"Componentes de las exportaciones Región del Libertador General Bernardo OHiggins, anual, a precios corrientes, referencia 2018 (miles de millones de pesos)",XBS,Exportaciones de servicios,f035_positional
F035.XSE.FLU.N.CLP.2018.Z.Z.Z.06.0.A,Región del Libertador General Bernardo OHiggins,06,O'Higgins,A,Cuentas Nacionales,"Exportación de bienes y servicios, anual, a precios corrientes, referencia 2018 (miles de millones de pesos)",,,f035_positional
F035.XSE.FLU.R.CLP.2018.03.Z.Z.06.0.A,Minería,06,O'Higgins,A,Cuentas Nacionales,"Componentes de las exportaciones Región del Libertador General Bernardo OHiggins, anual, volumen a precios del año anterior encadenado, referencia 2018 (miles de millones de pesos encadenados)",03,Minería,f035_positional
F035.XSE.FLU.R.CLP.2018.04.Z.Z.06.0.A,Industria,06,O'Higgins,A,Cuentas Nacionales,"Componentes de las exportaciones Región del Libertador General Bernardo OHiggins, anual, volumen a precios del año anterior encadenado, referencia 2018 (miles de millones de pesos encadenados)",04,Industria,f035_positional
F035.XSE.FLU.R.CLP.2018.102.Z.Z.06.0.A,Agropecuario-Silvícola-Pesca,06,O'Higgins,A,Cuentas Nacionales,"Componentes de las exportaciones Región del Libertador General Bernardo OHiggins, anual, volumen a precios del año anterior encadenado, referencia 2018 (miles de millones de pesos encadenados)",102,Agropecuario-silvícola-pesca,f035_positional
F035.XSE.FLU.R.CLP.2018.XBI.Z.Z.06.0.A,Exportación Bienes,06,O'Higgins,A,Cuentas Nacionales,"Componentes de las exportaciones Región del Libertador General Bernardo OHiggins, anual, volumen a precios del año anterior encadenado, referencia 2018 (miles de millones de pesos encadenados)",XBI,Exportaciones de bienes,f035_positional
F035.XSE.FLU.R.CLP.2018.XBS.Z.Z.06.0.A,Exportación Servicios,06,O'Higgins,A,Cuentas Nacionales,"Componentes de las exportaciones Región del Libertador General Bernardo OHiggins, anual, volumen a precios del año anterior encadenado, referencia 2018 (miles de millones de pesos encadenados)",XBS,Exportaciones de servicios,f035_positional
F035.XSE.FLU.R.CLP.2018.Z.Z.Z.06.0.A,Región del Libertador General Bernardo OHiggins,06,O'Higgins,A,Cuentas Nacionales,"Exportación de bienes y servicios, anual, volumen a precios del año anterior encadenado, referencia 2018 (miles de millones de pesos encadenados)",,,f035_positional
F035.XSE.V12.R.Z.2018.03.Z.Z.06.0.A,Minería,06,O'Higgins,A,Cuentas Nacionales,"Exportación de bienes y servicios Región del Libertador General Bernardo OHiggins, anual, contribución porcentual respecto de igual periodo del año anterior, referencia 2018",03,Minería,f035_positional
F035.XSE.V12.R.Z.2018.04.Z.Z.06.0.A,Industria,06,O'Higgins,A,Cuentas Nacionales,"Exportación de bienes y servicios Región del Libertador General Bernardo OHiggins, anual, contribución porcentual respecto de igual periodo del año anterior, referencia 2018",04,Industria,f035_positional
F035.XSE.V12.R.Z.2018.102.Z.Z.06.0.A,Agropecuario-Silvícola-Pesca,06,O'Higgins,A,Cuentas Nacionales,"Exportación de bienes y servicios Región del Libertador General Bernardo OHiggins, anual, contribución porcentual respecto de igual periodo del año anterior, referencia 2018",102,Agropecuario-silvícola-pesca,f035_positional
F035.XSE.V12.R.Z.2018.XBI.Z.Z.06.0.A,Exportación Bienes,06,O'Higgins,A,Cuentas Nacionales,"Exportación de bienes y servicios Región del Libertador General Bernardo OHiggins, anual, contribución porcentual respecto de igual periodo del año anterior, referencia 2018",XBI,Exportaciones de bienes,f035_positional
F035.XSE.V12.R.Z.2018.XBS.Z.Z.06.0.A,Exportación Servicios,06,O'Higgins,A,Cuentas Nacionales,"Exportación de bienes y servicios Región del Libertador General Bernardo OHiggins, anual, contribución porcentual respecto de igual periodo del año anterior, referencia 2018",XBS,Exportaciones de servicios,f035_positional
F035.XSE.V12.R.Z.2018.XBSSR.Z.Z.06.0.A,Exportaciones de Bienes y Servicios,06,O'Higgins,A,Cuentas Nacionales,"Exportación de bienes y servicios Región del Libertador General Bernardo OHiggins, anual, contribución porcentual respecto de igual periodo del año anterior, referencia 2018",XBSSR,Exportaciones de bienes y servicios,f035_positional
F035.XSE.V12.R.Z.2018.Z.Z.Z.06.0.A,Región del Libertador General Bernardo OHiggins,06,O'Higgins,A,Cuentas Nacionales,"Exportación de bienes y servicios regional, anual, contribución porcentual respecto de igual periodo del año anterior, referencia 2018",,,f035_positional
F035.XSE.FLU.N.CLP.2018.03.Z.Z.07.0.A,Minería,07,Maule,A,Cuentas Nacionales,"Componentes de las exportaciones Región de Maule, anual, a precios corrientes, referencia 2018 (miles de millones de pesos)",03,Minería,f035_positional
F035.XSE.FLU.N.CLP.2018.04.Z.Z.07.0.A,Industria,07,Maule,A,Cuentas Nacionales,"Componentes de las exportaciones Región de Maule, anual, a precios corrientes, referencia 2018 (miles de millones de pesos)",04,Industria,f035_positional
F035.XSE.FLU.N.CLP.2018.102.Z.Z.07.0.A,Agropecuario-Silvícola-Pesca,07,Maule,A,Cuentas Nacionales,"Componentes de las exportaciones Región de Maule, anual, a precios corrientes, referencia 2018 (miles de millones de pesos)",102,Agropecuario-silvícola-pesca,f035_positional
F035.XSE.FLU.N.CLP.2018.XBI.Z.Z.07.0.A,Exportación Bienes,07,Maule,A,Cuentas Nacionales,"Componentes de las exportaciones Región de Maule, anual, a precios corrientes, referencia 2018 (miles de millones de pesos)",XBI,Exportaciones de bienes,f035_positional
F035.XSE.FLU.N.CLP.2018.XBS.Z.Z.07.0.A,Exportación Servicios,07,Maule,A,Cuentas Nacionales,"Componentes de las exportaciones Región de Maule, anual, a precios corrientes, referencia 2018 (miles de millones de pesos)",XBS,Exportaciones de servicios,f035_positional
F035.XSE.FLU.N.CLP.2018.Z.Z.Z.07.0.A,Región de Maule,07,Maule,A,Cuentas Nacionales,"Exportación de bienes y servicios, anual, a precios corrientes, referencia 2018 (miles de millones de pesos)",,,f035_positional
F035.XSE.FLU.R.CLP.2018.03.Z.Z.07.0.A,Minería,07,Maule,A,Cuentas Nacionales,"Componentes de las exportaciones Región de Maule, anual, volumen a precios del año anterior encadenado, referencia 2018 (miles de millones de pesos encadenados)",03,Minería,f035_positional
F035.XSE.FLU.R.CLP.2018.04.Z.Z.07.0.A,Industria,07,Maule,A,Cuentas Nacionales,"Componentes de las exportaciones Región de Maule, anual, volumen a precios del año anterior encadenado, referencia 2018 (miles de millones de pesos encadenados)",04,Industria,f035_positional
F035.XSE.FLU.R.CLP.2018.102.Z.Z.07.0.A,Agropecuario-Silvícola-Pesca,07,Maule,A,Cuentas Nacionales,"Componentes de las exportaciones Región de Maule, anual, volumen a precios del año anterior encadenado, referencia 2018 (miles de millones de pesos encadenados)",102,Agropecuario-silvícola-pesca,f035_positional
F035.XSE.FLU.R.CLP.2018.XBI.Z.Z.07.0.A,Exportación Bienes,07,Maule,A,Cuentas Nacionales,"Componentes de las exportaciones Región de Maule, anual, volumen a precios del año anterior encadenado, referencia 2018 (miles de millones de pesos encadenados)",XBI,Exportaciones de bienes,f035_positional
F035.XSE.FLU.R.CLP.2018.XBS.Z.Z.07.0.A,Exportación Servicios,07,Maule,A,Cuentas Nacionales,"Componentes de las exportaciones Región de Maule, anual, volumen a precios del año anterior encadenado, referencia 2018 (miles de millones de pesos encadenados)",XBS,Exportaciones de servicios,f035_positional
F035.XSE.FLU.R.CLP.2018.Z.Z.Z.07.0.A,Región de Maule,07,Maule,A,Cuentas Nacionales,"Exportación de bienes y servicios, anual, volumen a precios del año anterior encadenado, referencia 2018 (miles de millones de pesos encadenados)",,,f035_positional
F035.XSE.V12.R.Z.2018.03.Z.Z.07.0.A,Minería,07,Maule,A,Cuentas Nacionales,"Exportación de bienes y servicios Región de Maule, anual, contribución porcentual respecto de igual periodo del año anterior, referencia 2018",03,Minería,f035_positional
F035.XSE.V12.R.Z.2018.04.Z.Z.07.0.A,Industria,07,Maule,A,Cuentas Nacionales,"Exportación de bienes y servicios Región de Maule, anual, contribución porcentual respecto de igual periodo del año anterior, referencia 2018",04,Industria,f035_positional
F035.XSE.V12.R.Z.2018.102.Z.Z.07.0.A,Agropecuario-Silvícola-Pesca,07,Maule,A,Cuentas Nacionales,"Exportación de bienes y servicios Región de Maule, anual, contribución porcentual respecto de igual periodo del año anterior, referencia 2018",102,Agropecuario-silvícola-pesca,f035_positional
F035.XSE.V12.R.Z.2018.XBI.Z.Z.07.0.A,Exportación Bienes,07,Maule,A,Cuentas Nacionales,"Exportación de bienes y servicios Región de Maule, anual, contribución porcentual respecto de igual periodo del año anterior, referencia 2018",XBI,Exportaciones de bienes,f035_positional
F035.XSE.V12.R.Z.2018.XBS.Z.Z.07.0.A,Exportación Servicios,07,Maule,A,Cuentas Nacionales,"Exportación de bienes y servicios Región de Maule, anual, contribución porcentual respecto de igual periodo del año anterior, referencia 2018",XBS,Exportaciones de servicios,f035_positional
F035.XSE.V12.R.Z.2018.XBSSR.Z.Z.07.0.A,Exportaciones de Bienes y Servicios,07,Maule,A,Cuentas Nacionales,"Exportación de bienes y servicios Región de Maule, anual, contribución porcentual respecto de igual periodo del año anterior, referencia 2018",XBSSR,Exportaciones de bienes y servicios,f035_positional
F035.XSE.V12.R.Z.2018.Z.Z.Z.07.0.A,Región de Maule,07,Maule,A,Cuentas Nacionales,"Exportación de bienes y servicios regional, anual, contribución porcentual respecto de igual periodo del año anterior, referencia 2018",,,f035_positional
F035.XSE.FLU.N.CLP.2018.03.Z.Z.08.0.A,Minería,08,Biobío,A,Cuentas Nacionales,"Componentes de las exportaciones Región del Biobío, anual, a precios corrientes, referencia 2018 (miles de millones de pesos)",03,Minería,f035_positional
F035.XSE.FLU.N.CLP.2018.04.Z.Z.08.0.A,Industria,08,Biobío,A,Cuentas Nacionales,"Componentes de las exportaciones Región del Biobío, anual, a precios corrientes, referencia 2018 (miles de millones de pesos)",04,Industria,f035_positional
F035.XSE.FLU.N.CLP.2018.102.Z.Z.08.0.A,Agropecuario-Silvícola-Pesca,08,Biobío,A,Cuentas Nacionales,"Componentes de las exportaciones Región del Biobío, anual, a precios corrientes, referencia 2018 (miles de millones de pesos)",102,Agropecuario-silvícola-pesca,f035_positional
F035.XSE.FLU.N.CLP.2018.XBI.Z.Z.08.0.A,Exportación Bienes,08,Biobío,A,Cuentas Nacionales,"Componentes de las exportaciones Región del Biobío, anual, a precios corrientes, referencia 2018 (miles de millones de pesos)",XBI,Exportaciones de bienes,f035_positional
F035.XSE.FLU.N.CLP.2018.XBS.Z.Z.08.0.A,Exportación Servicios,08,Biobío,A,Cuentas Nacionales,"Componentes de las exportaciones Región del Biobío, anual, a precios corrientes, referencia 2018 (miles de millones de pesos)",XBS,Exportaciones de servicios,f035_positional
F035.XSE.FLU.N.CLP.2018.Z.Z.Z.08.0.A,Región del Biobío,08,Biobío,A,Cuentas Nacionales,"Exportación de bienes y servicios, anual, a precios corrientes, referencia 2018 (miles de millones de pesos)",,,f035_positional
F035.XSE.FLU.R.CLP.2018.03.Z.Z.08.0.A,Minería,08,Biobío,A,Cuentas Nacionales,"Componentes de las exportaciones Región del Biobío, anual, volumen a precios del año anterior encadenado, referencia 2018 (miles de millones de pesos encadenados)",03,Minería,f035_positional
F035.XSE.FLU.R.CLP.2018.04.Z.Z.08.0.A,Industria,08,Biobío,A,Cuentas Nacionales,"Componentes de las exportaciones Región del Biobío, anual, volumen a precios del año anterior encadenado, referencia 2018 (miles de millones de pesos encadenados)",04,Industria,f035_positional
F035.XSE.FLU.R.CLP.2018.102.Z.Z.08.0.A,Agropecuario-Silvícola-Pesca,08,Biobío,A,Cuentas Nacionales,"Componentes de las exportaciones Región del Biobío, anual, volumen a precios del año anterior encadenado, referencia 2018 (miles de millones de pesos encadenados)",102,Agropecuario-silvícola-pesca,f035_positional
F035.XSE.FLU.R.CLP.2018.XBI.Z.Z.08.0.A,Exportación Bienes,08,Biobío,A,Cuentas Nacionales,"Componentes de las exportaciones Región del Biobío, anual, volumen a precios del año anterior encadenado, referencia 2018 (miles de millones de pesos encadenados)",XBI,Exportaciones de bienes,f035_positional
F035.XSE.FLU.R.CLP.2018.XBS.Z.Z.08.0.A,Exportación Servicios,08,Biobío,A,Cuentas Nacionales,"Componentes de las exportaciones Región del Biobío, anual, volumen a precios del año anterior encadenado, referencia 2018 (miles de millones de pesos encadenados)",XBS,Exportaciones de servicios,f035_positional
F035.XSE.FLU.R.CLP.2018.Z.Z.Z.08.0.A,Región del Biobío,08,Biobío,A,Cuentas Nacionales,"Exportación de bienes y servicios, anual, volumen a precios del año anterior encadenado, referencia 2018 (miles de millones de pesos encadenados)",,,f035_positional
F035.XSE.V12.R.Z.2018.03.Z.Z.08.0.A,Minería,08,Biobío,A,Cuentas Nacionales,"Exportación de bienes y servicios Región del Biobío, anual, contribución porcentual respecto de igual periodo del año anterior, referencia 2018",03,Minería,f035_positional
F035.XSE.V12.R.Z.2018.04.Z.Z.08.0.A,Industria,08,Biobío,A,Cuentas Nacionales,"Exportación de bienes y servicios Región del Biobío, anual, contribución porcentual respecto de igual periodo del año anterior, referencia 2018",04,Industria,f035_positional
F035.XSE.V12.R.Z.2018.102.Z.Z.08.0.A,Agropecuario-Silvícola-Pesca,08,Biobío,A,Cuentas Nacionales,"Exportación de bienes y servicios Región del Biobío, anual, contribución porcentual respecto de igual periodo del año anterior, referencia 2018",102,Agropecuario-silvícola-pesca,f035_positional
F035.XSE.V12.R.Z.2018.XBI.Z.Z.08.0.A,Exportación Bienes,08,Biobío,A,Cuentas Nacionales,"Exportación de bienes y servicios Región del Biobío, anual, contribución porcentual respecto de igual periodo del año anterior, referencia 2018",XBI,Exportaciones de bienes,f035_positional
F035.XSE.V12.R.Z.2018.XBS.Z.Z.08.0.A,Exportación Servicios,08,Biobío,A,Cuentas Nacionales,"Exportación de bienes y servicios Región del Biobío, anual, contribución porcentual respecto de igual periodo del año anterior, referencia 2018",XBS,Exportaciones de servicios,f035_positional
F035.XSE.V12.R.Z.2018.XBSSR.Z.Z.08.0.A,Exportaciones de Bienes y Servicios,08,Biobío,A,Cuentas Nacionales,"Exportación de bienes y servicios Región del Biobío, anual, contribución porcentual respecto de igual periodo del año anterior, referencia 2018",XBSSR,Exportaciones de bienes y servicios,f035_positional
F035.XSE.V12.R.Z.2018.Z.Z.Z.08.0.A,Región del Biobío,08,Biobío,A,Cuentas Nacionales,"Exportación de bienes y servicios regional, anual, contribución porcentual respecto de igual periodo del año anterior, referencia 2018",,,f035_positional
F035.XSE.FLU.N.CLP.2018.03.Z.Z.09.0.A,Minería,09,La Araucanía,A,Cuentas Nacionales,"Componentes de las exportaciones Región de La Araucanía, anual, a precios corrientes, referencia 2018 (miles de millones de pesos)",03,Minería,f035_positional
F035.XSE.FLU.N.CLP.2018.04.Z.Z.09.0.A,Industria,09,La Araucanía,A,Cuentas Nacionales,"Componentes de las exportaciones Región de La Araucanía, anual, a precios corrientes, referencia 2018 (miles de millones de pesos)",04,Industria,f035_positional
F035.XSE.FLU.N.CLP.2018.102.Z.Z.09.0.A,Agropecuario-Silvícola-Pesca,09,La Araucanía,A,Cuentas Nacionales,"Componentes de las exportaciones Región de La Araucanía, anual, a precios corrientes, referencia 2018 (miles de millones de pesos)",102,Agropecuario-silvícola-pesca,f035_positional
F035.XSE.FLU.N.CLP.2018.XBI.Z.Z.09.0.A,Exportación Bienes,09,La Araucanía,A,Cuentas Nacionales,"Componentes de las exportaciones Región de La Araucanía, anual, a precios corrientes, referencia 2018 (miles de millones de pesos)",XBI,Exportaciones de bienes,f035_positional
F035.XSE.FLU.N.CLP.2018.XBS.Z.Z.09.0.A,Exportación Servicios,09,La Araucanía,A,Cuentas Nacionales,"Componentes de las exportaciones Región de La Araucanía, anual, a precios corrientes, referencia 2018 (miles de millones de pesos)",XBS,Exportaciones de servicios,f035_positional
F035.XSE.FLU.N.CLP.2018.Z.Z.Z.09.0.A,Región de La Araucanía,09,La Araucanía,A,Cuentas Nacionales,"Exportación de bienes y servicios, anual, a precios corrientes, referencia 2018 (miles de millones de pesos)",,,f035_positional
F035.XSE.FLU.R.CLP.2018.03.Z.Z.09.0.A,Minería,09,La Araucanía,A,Cuentas Nacionales,"Componentes de las exportaciones Región de La Araucanía, anual, volumen a precios del año anterior encadenado, referencia 2018 (miles de millones de pesos encadenados)",03,Minería,f035_positional
F035.XSE.FLU.R.CLP.2018.04.Z.Z.09.0.A,Industria,09,La Araucanía,A,Cuentas Nacionales,"Componentes de las exportaciones Región de La Araucanía, anual, volumen a precios del año anterior encadenado, referencia 2018 (miles de millones de pesos encadenados)",04,Industria,f035_positional
F035.XSE.FLU.R.CLP.2018.102.Z.Z.09.0.A,Agropecuario-Silvícola-Pesca,09,La Araucanía,A,Cuentas Nacionales,"Componentes de las exportaciones Región de La Araucanía, anual, volumen a precios del año anterior encadenado, referencia 2018 (miles de millones de pesos encadenados)",102,Agropecuario-silvícola-pesca,f035_positional
F035.XSE.FLU.R.CLP.2018.XBI.Z.Z.09.0.A,Exportación Bienes,09,La Araucanía,A,Cuentas Nacionales,"Componentes de las exportaciones Región de La Araucanía, anual, volumen a precios del año anterior encadenado, referencia 2018 (miles de millones de pesos encadenados)",XBI,Exportaciones de bienes,f035_positional
F035.XSE.FLU.R.CLP.2018.XBS.Z.Z.09.0.A,Exportación Servicios,09,La Araucanía,A,Cuentas Nacionales,"Componentes de las exportaciones Región de La Araucanía, anual, volumen a precios del año anterior encadenado, referencia 2018 (miles de millones de pesos encadenados)",XBS,Exportaciones de servicios,f035_positional
F035.XSE.FLU.R.CLP.2018.Z.Z.Z.09.0.A,Región de La Araucanía,09,La Araucanía,A,Cuentas Nacionales,"Exportación de bienes y servicios, anual, volumen a precios del año anterior encadenado, referencia 2018 (miles de millones de pesos encadenados)",,,f035_positional
F035.XSE.V12.R.Z.2018.03.Z.Z.09.0.A,Minería,09,La Araucanía,A,Cuentas Nacionales,"Exportación de bienes y servicios Región de La Araucanía, anual, contribución porcentual respecto de igual periodo del año anterior, referencia 2018",03,Minería,f035_positional
F035.XSE.V12.R.Z.2018.04.Z.Z.09.0.A,Industria,09,La Araucanía,A,Cuentas Nacionales,"Exportación de bienes y servicios Región de La Araucanía, anual, contribución porcentual respecto de igual periodo del año anterior, referencia 2018",04,Industria,f035_positional
F035.XSE.V12.R.Z.2018.102.Z.Z.09.0.A,Agropecuario-Silvícola-Pesca,09,La Araucanía,A,Cuentas Nacionales,"Exportación de bienes y servicios Región de La Araucanía, anual, contribución porcentual respecto de igual periodo del año anterior, referencia 2018",102,Agropecuario-silvícola-pesca,f035_positional
F035.XSE.V12.R.Z.2018.XBI.Z.Z.09.0.A,Exportación Bienes,09,La Araucanía,A,Cuentas Nacionales,"Exportación de bienes y servicios Región de La Araucanía, anual, contribución porcentual respecto de igual periodo del año anterior, referencia 2018",XBI,Exportaciones de bienes,f035_positional
F035.XSE.V12.R.Z.2018.XBS.Z.Z.09.0.A,Exportación Servicios,09,La Araucanía,A,Cuentas Nacionales,"Exportación de bienes y servicios Región de La Araucanía, anual, contribución porcentual respecto de igual periodo del año anterior, referencia 2018",XBS,Exportaciones de servicios,f035_positional
F035.XSE.V12.R.Z.2018.XBSSR.Z.Z.09.0.A,Exportaciones de Bienes y Servicios,09,La Araucanía,A,Cuentas Nacionales,"Exportación de bienes y servicios Región de La Araucanía, anual, contribución porcentual respecto de igual periodo del año anterior, referencia 2018",XBSSR,Exportaciones de bienes y servicios,f035_positional
F035.XSE.V12.R.Z.2018.Z.Z.Z.09.0.A,Región de La Araucanía,09,La Araucanía,A,Cuentas Nacionales,"Exportación de bienes y servicios regional, anual, contribución porcentual respecto de igual periodo del año anterior, referencia 2018",,,f035_positional
F035.XSE.FLU.N.CLP.2018.03.Z.Z.10.0.A,Minería,10,Los Lagos,A,Cuentas Nacionales,"Componentes de las exportaciones Región de Los Lagos, anual, a precios corrientes, referencia 2018 (miles de millones de pesos)",03,Minería,f035_positional
F035.XSE.FLU.N.CLP.2018.04.Z.Z.10.0.A,Industria,10,Los Lagos,A,Cuentas Nacionales,"Componentes de las exportaciones Región de Los Lagos, anual, a precios corrientes, referencia 2018 (miles de millones de pesos)",04,Industria,f035_positional
F035.XSE.FLU.N.CLP.2018.102.Z.Z.10.0.A,Agropecuario-Silvícola-Pesca,10,Los Lagos,A,Cuentas Nacionales,"Componentes de las exportaciones Región de Los Lagos, anual, a precios corrientes, referencia 2018 (miles de millones de pesos)",102,Agropecuario-silvícola-pesca,f035_positional
F035.XSE.FLU.N.CLP.2018.XBI.Z.Z.10.0.A,Exportación Bienes,10,Los Lagos,A,Cuentas Nacionales,"Componentes de las exportaciones Región de Los Lagos, anual, a precios corrientes, referencia 2018 (miles de millones de pesos)",XBI,Exportaciones de bienes,f035_positional
F035.XSE.FLU.N.CLP.2018.XBS.Z.Z.10.0.A,Exportación Servicios,10,Los Lagos,A,Cuentas Nacionales,"Componentes de las exportaciones Región de Los Lagos, anual, a precios corrientes, referencia 2018 (miles de millones de pesos)",XBS,Exportaciones de servicios,f035_positional
F035.XSE.FLU.N.CLP.2018.Z.Z.Z.10.0.A,Región de Los Lagos,10,Los Lagos,A,Cuentas Nacionales,"Exportación de bienes y servicios, anual, a precios corrientes, referencia 2018 (miles de millones de pesos)",,,f035_positional
F035.XSE.FLU.R.CLP.2018.03.Z.Z.10.0.A,Minería,10,Los Lagos,A,Cuentas Nacionales,"Componentes de las exportaciones Región de Los Lagos, anual, volumen a precios del año anterior encadenado, referencia 2018 (miles de millones de pesos encadenados)",03,Minería,f035_positional
F035.XSE.FLU.R.CLP.2018.04.Z.Z.10.0.A,Industria,10,Los Lagos,A,Cuentas Nacionales,"Componentes de las exportaciones Región de Los Lagos, anual, volumen a precios del año anterior encadenado, referencia 2018 (miles de millones de pesos encadenados)",04,Industria,f035_positional
F035.XSE.FLU.R.CLP.2018.102.Z.Z.10.0.A,Agropecuario-Silvícola-Pesca,10,Los Lagos,A,Cuentas Nacionales,"Componentes de las exportaciones Región de Los Lagos, anual, volumen a precios del año anterior encadenado, referencia 2018 (miles de millones de pesos encadenados)",102,Agropecuario-silvícola-pesca,f035_positional
F035.XSE.FLU.R.CLP.2018.XBI.Z.Z.10.0.A,Exportación Bienes,10,Los Lagos,A,Cuentas Nacionales,"Componentes de las exportaciones Región de Los Lagos, anual, volumen a precios del año anterior encadenado, referencia 2018 (miles de millones de pesos encadenados)",XBI,Exportaciones de bienes,f035_positional
F035.XSE.FLU.R.CLP.2018.XBS.Z.Z.10.0.A,Exportación Servicios,10,Los Lagos,A,Cuentas Nacionales,"Componentes de las exportaciones Región de Los Lagos, anual, volumen a precios del año anterior encadenado, referencia 2018 (miles de millones de pesos encadenados)",XBS,Exportaciones de servicios,f035_positional
F035.XSE.FLU.R.CLP.2018.Z.Z.Z.10.0.A,Región de Los Lagos,10,Los Lagos,A,Cuentas Nacionales,"Exportación de bienes y servicios, anual, volumen a precios del año anterior encadenado, referencia 2018 (miles de millones de pesos encadenados)",,,f035_positional
F035.XSE.V12.R.Z.2018.03.Z.Z.10.0.A,Minería,10,Los Lagos,A,Cuentas Nacionales,"Exportación de bienes y servicios Región de Los Lagos, anual, contribución porcentual respecto de igual periodo del año anterior, referencia 2018",03,Minería,f035_positional
F035.XSE.V12.R.Z.2018.04.Z.Z.10.0.A,Industria,10,Los Lagos,A,Cuentas Nacionales,"Exportación de bienes y servicios Región de Los Lagos, anual, contribución porcentual respecto de igual periodo del año anterior, referencia 2018",04,Industria,f035_positional
F035.XSE.V12.R.Z.2018.102.Z.Z.10.0.A,Agropecuario-Silvícola-Pesca,10,Los Lagos,A,Cuentas Nacionales,"Exportación de bienes y servicios Región de Los Lagos, anual, contribución porcentual respecto de igual periodo del año anterior, referencia 2018",102,Agropecuario-silvícola-pesca,f035_positional
F035.XSE.V12.R.Z.2018.XBI.Z.Z.10.0.A,Exportación Bienes,10,Los Lagos,A,Cuentas Nacionales,"Exportación de bienes y servicios Región de Los Lagos, anual, contribución porcentual respecto de igual periodo del año anterior, referencia 2018",XBI,Exportaciones de bienes,f035_positional
F035.XSE.V12.R.Z.2018.XBS.Z.Z.10.0.A,Exportación Servicios,10,Los Lagos,A,Cuentas Nacionales,"Exportación de bienes y servicios Región de Los Lagos, anual, contribución porcentual respecto de igual periodo del año anterior, referencia 2018",XBS,Exportaciones de servicios,f035_positional
F035.XSE.V12.R.Z.2018.XBSSR.Z.Z.10.0.A,Exportaciones de Bienes y Servicios,10,Los Lagos,A,Cuentas Nacionales,"Exportación de bienes y servicios Región de Los Lagos, anual, contribución porcentual respecto de igual periodo del año anterior, referencia 2018",XBSSR,Exportaciones de bienes y servicios,f035_positional
F035.XSE.V12.R.Z.2018.Z.Z.Z.10.0.A,Región de Los Lagos,10,Los Lagos,A,Cuentas Nacionales,"Exportación de bienes y servicios regional, anual, contribución porcentual respecto de igual periodo del año anterior, referencia 2018",,,f035_positional
F035.XSE.FLU.N.CLP.2018.03.Z.Z.11.0.A,Minería,11,Aysén,A,Cuentas Nacionales,"Componentes de las exportaciones Región de Aysén del General Carlos Ibáñez del Campo, anual, a precios corrientes, referencia 2018 (miles de millones de pesos)",03,Minería,f035_positional
F035.XSE.FLU.N.CLP.2018.04.Z.Z.11.0.A,Industria,11,Aysén,A,Cuentas Nacionales,"Componentes de las exportaciones Región de Aysén del General Carlos Ibáñez del Campo, anual, a precios corrientes, referencia 2018 (miles de millones de pesos)",04,Industria,f035_positional
F035.XSE.FLU.N.CLP.2018.102.Z.Z.11.0.A,Agropecuario-Silvícola-Pesca,11,Aysén,A,Cuentas Nacionales,"Componentes de las exportaciones Región de Aysén del General Carlos Ibáñez del Campo, anual, a precios corrientes, referencia 2018 (miles de millones de pesos)",102,Agropecuario-silvícola-pesca,f035_positional
F035.XSE.FLU.N.CLP.2018.XBI.Z.Z.11.0.A,Exportación Bienes,11,Aysén,A,Cuentas Nacionales,"Componentes de las exportaciones Región de Aysén del General Carlos Ibáñez del Campo, anual, a precios corrientes, referencia 2018 (miles de millones de pesos)",XBI,Exportaciones de bienes,f035_positional
F035.XSE.FLU.N.CLP.2018.XBS.Z.Z.11.0.A,Exportación Servicios,11,Aysén,A,Cuentas Nacionales,"Componentes de las exportaciones Región de Aysén del General Carlos Ibáñez del Campo, anual, a precios corrientes, referencia 2018 (miles de millones de pesos)",XBS,Exportaciones de servicios,f035_positional
F035.XSE.FLU.N.CLP.2018.Z.Z.Z.11.0.A,Región de Aysén del General Carlos Ibáñez del Campo,11,Aysén,A,Cuentas Nacionales,"Exportación de bienes y servicios, anual, a precios corrientes, referencia 2018 (miles de millones de pesos)",,,f035_positional
F035.XSE.FLU.R.CLP.2018.03.Z.Z.11.0.A,Minería,11,Aysén,A,Cuentas Nacionales,"Componentes de las exportaciones Región de Aysén del General Carlos Ibáñez del Campo, anual, volumen a precios del año anterior encadenado, referencia 2018 (miles de millones de pesos encadenados)",03,Minería,f035_positional
F035.XSE.FLU.R.CLP.2018.04.Z.Z.11.0.A,Industria,11,Aysén,A,Cuentas Nacionales,"Componentes de las exportaciones Región de Aysén del General Carlos Ibáñez del Campo, anual, volumen a precios del año anterior encadenado, referencia 2018 (miles de millones de pesos encadenados)",04,Industria,f035_positional
F035.XSE.FLU.R.CLP.2018.102.Z.Z.11.0.A,Agropecuario-Silvícola-Pesca,11,Aysén,A,Cuentas Nacionales,"Componentes de las exportaciones Región de Aysén del General Carlos Ibáñez del Campo, anual, volumen a precios del año anterior encadenado, referencia 2018 (miles de millones de pesos encadenados)",102,Agropecuario-silvícola-pesca,f035_positional
F035.XSE.FLU.R.CLP.2018.XBI.Z.Z.11.0.A,Exportación Bienes,11,Aysén,A,Cuentas Nacionales,"Componentes de las exportaciones Región de Aysén del General Carlos Ibáñez del Campo, anual, volumen a precios del año anterior encadenado, referencia 2018 (miles de millones de pesos encadenados)",XBI,Exportaciones de bienes,f035_positional
F035.XSE.FLU.R.CLP.2018.XBS.Z.Z.11.0.A,Exportación Servicios,11,Aysén,A,Cuentas Nacionales,"Componentes de las exportaciones Región de Aysén del General Carlos Ibáñez del Campo, anual, volumen a precios del año anterior encadenado, referencia 2018 (miles de millones de pesos encadenados)",XBS,Exportaciones de servicios,f035_positional
F035.XSE.FLU.R.CLP.2018.Z.Z.Z.11.0.A,Región de Aysén del General Carlos Ibáñez del Campo,11,Aysén,A,Cuentas Nacionales,"Exportación de bienes y servicios, anual, volumen a precios del año anterior encadenado, referencia 2018 (miles de millones de pesos encadenados)",,,f035_positional
F035.XSE.V12.R.Z.2018.03.Z.Z.11.0.A,Minería,11,Aysén,A,Cuentas Nacionales,"Exportación de bienes y servicios Región de Aysén del General Carlos Ibáñez del Campo, anual, contribución porcentual respecto de igual periodo del año anterior, referencia 2018",03,Minería,f035_positional
F035.XSE.V12.R.Z.2018.04.Z.Z.11.0.A,Industria,11,Aysén,A,Cuentas Nacionales,"Exportación de bienes y servicios Región de Aysén del General Carlos Ibáñez del Campo, anual, contribución porcentual respecto de igual periodo del año anterior, referencia 2018",04,Industria,f035_positional
F035.XSE.V12.R.Z.2018.102.Z.Z.11.0.A,Agropecuario-Silvícola-Pesca,11,Aysén,A,Cuentas Nacionales,"Exportación de bienes y servicios Región de Aysén del General Carlos Ibáñez del Campo, anual, contribución porcentual respecto de igual periodo del año anterior, referencia 2018",102,Agropecuario-silvícola-pesca,f035_positional
F035.XSE.V12.R.Z.2018.XBI.Z.Z.11.0.A,Exportación Bienes,11,Aysén,A,Cuentas Nacionales,"Exportación de bienes y servicios Región de Aysén del General Carlos Ibáñez del Campo, anual, contribución porcentual respecto de igual periodo del año anterior, referencia 2018",XBI,Exportaciones de bienes,f035_positional
F035.XSE.V12.R.Z.2018.XBS.Z.Z.11.0.A,Exportación Servicios,11,Aysén,A,Cuentas Nacionales,"Exportación de bienes y servicios Región de Aysén del General Carlos Ibáñez del Campo, anual, contribución porcentual respecto de igual periodo del año anterior, referencia 2018",XBS,Exportaciones de servicios,f035_positional
F035.XSE.V12.R.Z.2018.XBSSR.Z.Z.11.0.A,Exportaciones de Bienes y Servicios,11,Aysén,A,Cuentas Nacionales,"Exportación de bienes y servicios Región de Aysén del General Carlos Ibáñez del Campo, anual, contribución porcentual respecto de igual periodo del año anterior, referencia 2018",XBSSR,Exportaciones de bienes y servicios,f035_positional
F035.XSE.V12.R.Z.2018.Z.Z.Z.11.0.A,Región de Aysén del General Carlos Ibáñez del Campo,11,Aysén,A,Cuentas Nacionales,"Exportación de bienes y servicios regional, anual, contribución porcentual respecto de igual periodo del año anterior, referencia 2018",,,f035_positional
F035.XSE.FLU.N.CLP.2018.03.Z.Z.12.0.A,Minería,12,Magallanes,A,Cuentas Nacionales,"Componentes de las exportaciones Región de Magallanes y de la Antártica Chilena, anual, a precios corrientes, referencia 2018 (miles de millones de pesos)",03,Minería,f035_positional
F035.XSE.FLU.N.CLP.2018.04.Z.Z.12.0.A,Industria,12,Magallanes,A,Cuentas Nacionales,"Componentes de las exportaciones Región de Magallanes y de la Antártica Chilena, anual, a precios corrientes, referencia 2018 (miles de millones de pesos)",04,Industria,f035_positional
F035.XSE.FLU.N.CLP.2018.102.Z.Z.12.0.A,Agropecuario-Silvícola-Pesca,12,Magallanes,A,Cuentas Nacionales,"Componentes de las exportaciones Región de Magallanes y de la Antártica Chilena, anual, a precios corrientes, referencia 2018 (miles de millones de pesos)",102,Agropecuario-silvícola-pesca,f035_positional
F035.XSE.FLU.N.CLP.2018.XBI.Z.Z.12.0.A,Exportación Bienes,12,Magallanes,A,Cuentas Nacionales,"Componentes de las exportaciones Región de Magallanes y de la Antártica Chilena, anual, a precios corrientes, referencia 2018 (miles de millones de pesos)",XBI,Exportaciones de bienes,f035_positional
F035.XSE.FLU.N.CLP.2018.XBS.Z.Z.12.0.A,Exportación Servicios,12,Magallanes,A,Cuentas Nacionales,"Componentes de las exportaciones Región de Magallanes y de la Antártica Chilena, anual, a precios corrientes, referencia 2018 (miles de millones de pesos)",XBS,Exportaciones de servicios,f035_positional
F035.XSE.FLU.N.CLP.2018.Z.Z.Z.12.0.A,Región de Magallanes y de la Antártica Chilena,12,Magallanes,A,Cuentas Nacionales,"Exportación de bienes y servicios, anual, a precios corrientes, referencia 2018 (miles de millones de pesos)",,,f035_positional
F035.XSE.FLU.R.CLP.2018.03.Z.Z.12.0.A,Minería,12,Magallanes,A,Cuentas Nacionales,"Componentes de las exportaciones Región de Magallanes y de la Antártica Chilena, anual, volumen a precios del año anterior encadenado, referencia 2018 (miles de millones de pesos encadenados)",03,Minería,f035_positional
F035.XSE.FLU.R.CLP.2018.04.Z.Z.12.0.A,Industria,12,Magallanes,A,Cuentas Nacionales,"Componentes de las exportaciones Región de Magallanes y de la Antártica Chilena, anual, volumen a precios del año anterior encadenado, referencia 2018 (miles de millones de pesos encadenados)",04,Industria,f035_positional
F035.XSE.FLU.R.CLP.2018.102.Z.Z.12.0.A,Agropecuario-Silvícola-Pesca,12,Magallanes,A,Cuentas Nacionales,"Componentes de las exportaciones Región de Magallanes y de la Antártica Chilena, anual, volumen a precios del año anterior encadenado, referencia 2018 (miles de millones de pesos encadenados)",102,Agropecuario-silvícola-pesca,f035_positional
F035.XSE.FLU.R.CLP.2018.XBI.Z.Z.12.0.A,Exportación Bienes,12,Magallanes,A,Cuentas Nacionales,"Componentes de las exportaciones Región de Magallanes y de la Antártica Chilena, anual, volumen a precios del año anterior encadenado, referencia 2018 (miles de millones de pesos encadenados)",XBI,Exportaciones de bienes,f035_positional
F035.XSE.FLU.R.CLP.2018.XBS.Z.Z.12.0.A,Exportación Servicios,12,Magallanes,A,Cuentas Nacionales,"Componentes de las exportaciones Región de Magallanes y de la Antártica Chilena, anual, volumen a precios del año anterior encadenado, referencia 2018 (miles de millones de pesos encadenados)",XBS,Exportaciones de servicios,f035_positional
F035.XSE.FLU.R.CLP.2018.Z.Z.Z.12.0.A,Región de Magallanes y de la Antártica Chilena,12,Magallanes,A,Cuentas Nacionales,"Exportación de bienes y servicios, anual, volumen a precios del año anterior encadenado, referencia 2018 (miles de millones de pesos encadenados)",,,f035_positional
F035.XSE.V12.R.Z.2018.03.Z.Z.12.0.A,Minería,12,Magallanes,A,Cuentas Nacionales,"Exportación de bienes y servicios Región de Magallanes y de la Antártica Chilena, anual, contribución porcentual respecto de igual periodo del año anterior, referencia 2018",03,Minería,f035_positional
F035.XSE.V12.R.Z.2018.04.Z.Z.12.0.A,Industria,12,Magallanes,A,Cuentas Nacionales,"Exportación de bienes y servicios Región de Magallanes y de la Antártica Chilena, anual, contribución porcentual respecto de igual periodo del año anterior, referencia 2018",04,Industria,f035_positional
F035.XSE.V12.R.Z.2018.102.Z.Z.12.0.A,Agropecuario-Silvícola-Pesca,12,Magallanes,A,Cuentas Nacionales,"Exportación de bienes y servicios Región de Magallanes y de la Antártica Chilena, anual, contribución porcentual respecto de igual periodo del año anterior, referencia 2018",102,Agropecuario-silvícola-pesca,f035_positional
F035.XSE.V12.R.Z.2018.XBI.Z.Z.12.0.A,Exportación Bienes,12,Magallanes,A,Cuentas Nacionales,"Exportación de bienes y servicios Región de Magallanes y de la Antártica Chilena, anual, contribución porcentual respecto de igual periodo del año anterior, referencia 2018",XBI,Exportaciones de bienes,f035_positional
F035.XSE.V12.R.Z.2018.XBS.Z.Z.12.0.A,Exportación Servicios,12,Magallanes,A,Cuentas Nacionales,"Exportación de bienes y servicios Región de Magallanes y de la Antártica Chilena, anual, contribución porcentual respecto de igual periodo del año anterior, referencia 2018",XBS,Exportaciones de servicios,f035_positional
F035.XSE.V12.R.Z.2018.XBSSR.Z.Z.12.0.A,Exportaciones de Bienes y Servicios,12,Magallanes,A,Cuentas Nacionales,"Exportación de bienes y servicios Región de Magallanes y de la Antártica Chilena, anual, contribución porcentual respecto de igual periodo del año anterior, referencia 2018",XBSSR,Exportaciones de bienes y servicios,f035_positional
F035.XSE.V12.R.Z.2018.Z.Z.Z.12.0.A,Región de Magallanes y de la Antártica Chilena,12,Magallanes,A,Cuentas Nacionales,"Exportación de bienes y servicios regional, anual, contribución porcentual respecto de igual periodo del año anterior, referencia 2018",,,f035_positional
F035.XSE.FLU.N.CLP.2018.03.Z.Z.13.0.A,Minería,13,Metropolitana de Santiago,A,Cuentas Nacionales,"Componentes de las exportaciones Región Metropolitana de Santiago, anual, a precios corrientes, referencia 2018 (miles de millones de pesos)",03,Minería,f035_positional
F035.XSE.FLU.N.CLP.2018.04.Z.Z.13.0.A,Industria,13,Metropolitana de Santiago,A,Cuentas Nacionales,"Componentes de las exportaciones Región Metropolitana de Santiago, anual, a precios corrientes, referencia 2018 (miles de millones de pesos)",04,Industria,f035_positional
F035.XSE.FLU.N.CLP.2018.102.Z.Z.13.0.A,Agropecuario-Silvícola-Pesca,13,Metropolitana de Santiago,A,Cuentas Nacionales,"Componentes de las exportaciones Región Metropolitana de Santiago, anual, a precios corrientes, referencia 2018 (miles de millones de pesos)",102,Agropecuario-silvícola-pesca,f035_positional
F035.XSE.FLU.N.CLP.2018.XBI.Z.Z.13.0.A,Exportación Bienes,13,Metropolitana de Santiago,A,Cuentas Nacionales,"Componentes de las exportaciones Región Metropolitana de Santiago, anual, a precios corrientes, referencia 2018 (miles de millones de pesos)",XBI,Exportaciones de bienes,f035_positional
F035.XSE.FLU.N.CLP.2018.XBS.Z.Z.13.0.A,Exportación Servicios,13,Metropolitana de Santiago,A,Cuentas Nacionales,"Componentes de las exportaciones Región Metropolitana de Santiago, anual, a precios corrientes, referencia 2018 (miles de millones de pesos)",XBS,Exportaciones de servicios,f035_positional
F035.XSE.FLU.N.CLP.2018.Z.Z.Z.13.0.A,Región Metropolitana de Santiago,13,Metropolitana de Santiago,A,Cuentas Nacionales,"Exportación de bienes y servicios, anual, a precios corrientes, referencia 2018 (miles de millones de pesos)",,,f035_positional
F035.XSE.FLU.R.CLP.2018.03.Z.Z.13.0.A,Minería,13,Metropolitana de Santiago,A,Cuentas Nacionales,"Componentes de las exportaciones Región Metropolitana de Santiago, anual, volumen a precios del año anterior encadenado, referencia 2018 (miles de millones de pesos encadenados)",03,Minería,f035_positional
F035.XSE.FLU.R.CLP.2018.04.Z.Z.13.0.A,Industria,13,Metropolitana de Santiago,A,Cuentas Nacionales,"Componentes de las exportaciones Región Metropolitana de Santiago, anual, volumen a precios del año anterior encadenado, referencia 2018 (miles de millones de pesos encadenados)",04,Industria,f035_positional
F035.XSE.FLU.R.CLP.2018.102.Z.Z.13.0.A,Agropecuario-Silvícola-Pesca,13,Metropolitana de Santiago,A,Cuentas Nacionales,"Componentes de las exportaciones Región Metropolitana de Santiago, anual, volumen a precios del año anterior encadenado, referencia 2018 (miles de millones de pesos encadenados)",102,Agropecuario-silvícola-pesca,f035_positional
F035.XSE.FLU.R.CLP.2018.XBI.Z.Z.13.0.A,Exportación Bienes,13,Metropolitana de Santiago,A,Cuentas Nacionales,"Componentes de las exportaciones Región Metropolitana de Santiago, anual, volumen a precios del año anterior encadenado, referencia 2018 (miles de millones de pesos encadenados)",XBI,Exportaciones de bienes,f035_positional
F035.XSE.FLU.R.CLP.2018.XBS.Z.Z.13.0.A,Exportación Servicios,13,Metropolitana de Santiago,A,Cuentas Nacionales,"Componentes de las exportaciones Región Metropolitana de Santiago, anual, volumen a precios del año anterior encadenado, referencia 2018 (miles de millones de pesos encadenados)",XBS,Exportaciones de servicios,f035_positional
F035.XSE.FLU.R.CLP.2018.Z.Z.Z.13.0.A,Región Metropolitana de Santiago,13,Metropolitana de Santiago,A,Cuentas Nacionales,"Exportación de bienes y servicios, anual, volumen a precios del año anterior encadenado, referencia 2018 (miles de millones de pesos encadenados)",,,f035_positional
F035.XSE.V12.R.Z.2018.03.Z.Z.13.0.A,Minería,13,Metropolitana de Santiago,A,Cuentas Nacionales,"Exportación de bienes y servicios Región Metropolitana de Santiago, anual, contribución porcentual respecto de igual periodo del año anterior, referencia 2018",03,Minería,f035_positional
F035.XSE.V12.R.Z.2018.04.Z.Z.13.0.A,Industria,13,Metropolitana de Santiago,A,Cuentas Nacionales,"Exportación de bienes y servicios Región Metropolitana de Santiago, anual, contribución porcentual respecto de igual periodo del año anterior, referencia 2018",04,Industria,f035_positional
F035.XSE.V12.R.Z.2018.102.Z.Z.13.0.A,Agropecuario-Silvícola-Pesca,13,Metropolitana de Santiago,A,Cuentas Nacionales,"Exportación de bienes y servicios Región Metropolitana de Santiago, anual, contribución porcentual respecto de igual periodo del año anterior, referencia 2018",102,Agropecuario-silvícola-pesca,f035_positional
F035.XSE.V12.R.Z.2018.XBI.Z.Z.13.0.A,Exportación Bienes,13,Metropolitana de Santiago,A,Cuentas Nacionales,"Exportación de bienes y servicios Región Metropolitana de Santiago, anual, contribución porcentual respecto de igual periodo del año anterior, referencia 2018",XBI,Exportaciones de bienes,f035_positional
F035.XSE.V12.R.Z.2018.XBS.Z.Z.13.0.A,Exportación Servicios,13,Metropolitana de Santiago,A,Cuentas Nacionales,"Exportación de bienes y servicios Región Metropolitana de Santiago, anual, contribución porcentual respecto de igual periodo del año anterior, referencia 2018",XBS,Exportaciones de servicios,f035_positional
F035.XSE.V12.R.Z.2018.XBSSR.Z.Z.13.0.A,Exportaciones de Bienes y Servicios,13,Metropolitana de Santiago,A,Cuentas Nacionales,"Exportación de bienes y servicios Región Metropolitana de Santiago, anual, contribución porcentual respecto de igual periodo del año anterior, referencia 2018",XBSSR,Exportaciones de bienes y servicios,f035_positional
F035.XSE.V12.R.Z.2018.Z.Z.Z.13.0.A,Región Metropolitana de Santiago,13,Metropolitana de Santiago,A,Cuentas Nacionales,"Exportación de bienes y servicios regional, anual, contribución porcentual respecto de igual periodo del año anterior, referencia 2018",,,f035_positional
F035.XSE.FLU.N.CLP.2018.03.Z.Z.14.0.A,Minería,14,Los Ríos,A,Cuentas Nacionales,"Componentes de las exportaciones Región de Los Ríos, anual, a precios corrientes, referencia 2018 (miles de millones de pesos)",03,Minería,f035_positional
F035.XSE.FLU.N.CLP.2018.04.Z.Z.14.0.A,Industria,14,Los Ríos,A,Cuentas Nacionales,"Componentes de las exportaciones Región de Los Ríos, anual, a precios corrientes, referencia 2018 (miles de millones de pesos)",04,Industria,f035_positional
F035.XSE.FLU.N.CLP.2018.102.Z.Z.14.0.A,Agropecuario-Silvícola-Pesca,14,Los Ríos,A,Cuentas Nacionales,"Componentes de las exportaciones Región de Los Ríos, anual, a precios corrientes, referencia 2018 (miles de millones de pesos)",102,Agropecuario-silvícola-pesca,f035_positional
F035.XSE.FLU.N.CLP.2018.XBI.Z.Z.14.0.A,Exportación Bienes,14,Los Ríos,A,Cuentas Nacionales,"Componentes de las exportaciones Región de Los Ríos, anual, a precios corrientes, referencia 2018 (miles de millones de pesos)",XBI,Exportaciones de bienes,f035_positional
F035.XSE.FLU.N.CLP.2018.XBS.Z.Z.14.0.A,Exportación Servicios,14,Los Ríos,A,Cuentas Nacionales,"Componentes de las exportaciones Región de Los Ríos, anual, a precios corrientes, referencia 2018 (miles de millones de pesos)",XBS,Exportaciones de servicios,f035_positional
F035.XSE.FLU.N.CLP.2018.Z.Z.Z.14.0.A,Región de Los Ríos,14,Los Ríos,A,Cuentas Nacionales,"Exportación de bienes y servicios, anual, a precios corrientes, referencia 2018 (miles de millones de pesos)",,,f035_positional
F035.XSE.FLU.R.CLP.2018.03.Z.Z.14.0.A,Minería,14,Los Ríos,A,Cuentas Nacionales,"Componentes de las exportaciones Región de Los Ríos, anual, volumen a precios del año anterior encadenado, referencia 2018 (miles de millones de pesos encadenados)",03,Minería,f035_positional
F035.XSE.FLU.R.CLP.2018.04.Z.Z.14.0.A,Industria,14,Los Ríos,A,Cuentas Nacionales,"Componentes de las exportaciones Región de Los Ríos, anual, volumen a precios del año anterior encadenado, referencia 2018 (miles de millones de pesos encadenados)",04,Industria,f035_positional
F035.XSE.FLU.R.CLP.2018.102.Z.Z.14.0.A,Agropecuario-Silvícola-Pesca,14,Los Ríos,A,Cuentas Nacionales,"Componentes de las exportaciones Región de Los Ríos, anual, volumen a precios del año anterior encadenado, referencia 2018 (miles de millones de pesos encadenados)",102,Agropecuario-silvícola-pesca,f035_positional
F035.XSE.FLU.R.CLP.2018.XBI.Z.Z.14.0.A,Exportación Bienes,14,Los Ríos,A,Cuentas Nacionales,"Componentes de las exportaciones Región de Los Ríos, anual, volumen a precios del año anterior encadenado, referencia 2018 (miles de millones de pesos encadenados)",XBI,Exportaciones de bienes,f035_positional
F035.XSE.FLU.R.CLP.2018.XBS.Z.Z.14.0.A,Exportación Servicios,14,Los Ríos,A,Cuentas Nacionales,"Componentes de las exportaciones Región de Los Ríos, anual, volumen a precios del año anterior encadenado, referencia 2018 (miles de millones de pesos encadenados)",XBS,Exportaciones de servicios,f035_positional
F035.XSE.FLU.R.CLP.2018.Z.Z.Z.14.0.A,Región de Los Ríos,14,Los Ríos,A,Cuentas Nacionales,"Exportación de bienes y servicios, anual, volumen a precios del año anterior encadenado, referencia 2018 (miles de millones de pesos encadenados)",,,f035_positional
F035.XSE.V12.R.Z.2018.03.Z.Z.14.0.A,Minería,14,Los Ríos,A,Cuentas Nacionales,"Exportación de bienes y servicios Región de Los Ríos, anual, contribución porcentual respecto de igual periodo del año anterior, referencia 2018",03,Minería,f035_positional
F035.XSE.V12.R.Z.2018.04.Z.Z.14.0.A,Industria,14,Los Ríos,A,Cuentas Nacionales,"Exportación de bienes y servicios Región de Los Ríos, anual, contribución porcentual respecto de igual periodo del año anterior, referencia 2018",04,Industria,f035_positional
F035.XSE.V12.R.Z.2018.102.Z.Z.14.0.A,Agropecuario-Silvícola-Pesca,14,Los Ríos,A,Cuentas Nacionales,"Exportación de bienes y servicios Región de Los Ríos, anual, contribución porcentual respecto de igual periodo del año anterior, referencia 2018",102,Agropecuario-silvícola-pesca,f035_positional
F035.XSE.V12.R.Z.2018.XBI.Z.Z.14.0.A,Exportación Bienes,14,Los Ríos,A,Cuentas Nacionales,"Exportación de bienes y servicios Región de Los Ríos, anual, contribución porcentual respecto de igual periodo del año anterior, referencia 2018",XBI,Exportaciones de bienes,f035_positional
F035.XSE.V12.R.Z.2018.XBS.Z.Z.14.0.A,Exportación Servicios,14,Los Ríos,A,Cuentas Nacionales,"Exportación de bienes y servicios Región de Los Ríos, anual, contribución porcentual respecto de igual periodo del año anterior, referencia 2018",XBS,Exportaciones de servicios,f035_positional
F035.XSE.V12.R.Z.2018.XBSSR.Z.Z.14.0.A,Exportaciones de Bienes y Servicios,14,Los Ríos,A,Cuentas Nacionales,"Exportación de bienes y servicios Región de Los Ríos, anual, contribución porcentual respecto de igual periodo del año anterior, referencia 2018",XBSSR,Exportaciones de bienes y servicios,f035_positional
F035.XSE.V12.R.Z.2018.Z.Z.Z.14.0.A,Región de Los Ríos,14,Los Ríos,A,Cuentas Nacionales,"Exportación de bienes y servicios regional, anual, contribución porcentual respecto de igual periodo del año anterior, referencia 2018",,,f035_positional
F035.XSE.FLU.N.CLP.2018.03.Z.Z.15.0.A,Minería,15,Arica y Parinacota,A,Cuentas Nacionales,"Componentes de las exportaciones Región de Arica y Parinacota , anual, a precios corrientes, referencia 2018 (miles de millones de pesos)",03,Minería,f035_positional
F035.XSE.FLU.N.CLP.2018.04.Z.Z.15.0.A,Industria,15,Arica y Parinacota,A,Cuentas Nacionales,"Componentes de las exportaciones Región de Arica y Parinacota , anual, a precios corrientes, referencia 2018 (miles de millones de pesos)",04,Industria,f035_positional
F035.XSE.FLU.N.CLP.2018.102.Z.Z.15.0.A,Agropecuario-Silvícola-Pesca,15,Arica y Parinacota,A,Cuentas Nacionales,"Componentes de las exportaciones Región de Arica y Parinacota , anual, a precios corrientes, referencia 2018 (miles de millones de pesos)",102,Agropecuario-silvícola-pesca,f035_positional
F035.XSE.FLU.N.CLP.2018.XBI.Z.Z.15.0.A,Exportación Bienes,15,Arica y Parinacota,A,Cuentas Nacionales,"Componentes de las exportaciones Región de Arica y Parinacota , anual, a precios corrientes, referencia 2018 (miles de millones de pesos)",XBI,Exportaciones de bienes,f035_positional
F035.XSE.FLU.N.CLP.2018.XBS.Z.Z.15.0.A,Exportación Servicios,15,Arica y Parinacota,A,Cuentas Nacionales,"Componentes de las exportaciones Región de Arica y Parinacota , anual, a precios corrientes, referencia 2018 (miles de millones de pesos)",XBS,Exportaciones de servicios,f035_positional
F035.XSE.FLU.N.CLP.2018.Z.Z.Z.15.0.A,Región de Arica y Parinacota,15,Arica y Parinacota,A,Cuentas Nacionales,"Exportación de bienes y servicios, anual, a precios corrientes, referencia 2018 (miles de millones de pesos)",,,f035_positional
F035.XSE.FLU.R.CLP.2018.03.Z.Z.15.0.A,Minería,15,Arica y Parinacota,A,Cuentas Nacionales,"Componentes de las exportaciones Región de Arica y Parinacota , anual, volumen a precios del año anterior encadenado, referencia 2018 (miles de millones de pesos encadenados)",03,Minería,f035_positional
F035.XSE.FLU.R.CLP.2018.04.Z.Z.15.0.A,Industria,15,Arica y Parinacota,A,Cuentas Nacionales,"Componentes de las exportaciones Región de Arica y Parinacota , anual, volumen a precios del año anterior encadenado, referencia 2018 (miles de millones de pesos encadenados)",04,Industria,f035_positional
F035.XSE.FLU.R.CLP.2018.102.Z.Z.15.0.A,Agropecuario-Silvícola-Pesca,15,Arica y Parinacota,A,Cuentas Nacionales,"Componentes de las exportaciones Región de Arica y Parinacota , anual, volumen a precios del año anterior encadenado, referencia 2018 (miles de millones de pesos encadenados)",102,Agropecuario-silvícola-pesca,f035_positional
F035.XSE.FLU.R.CLP.2018.XBI.Z.Z.15.0.A,Exportación Bienes,15,Arica y Parinacota,A,Cuentas Nacionales,"Componentes de las exportaciones Región de Arica y Parinacota , anual, volumen a precios del año anterior encadenado, referencia 2018 (miles de millones de pesos encadenados)",XBI,Exportaciones de bienes,f035_positional
F035.XSE.FLU.R.CLP.2018.XBS.Z.Z.15.0.A,Exportación Servicios,15,Arica y Parinacota,A,Cuentas Nacionales,"Componentes de las exportaciones Región de Arica y Parinacota , anual, volumen a precios del año anterior encadenado, referencia 2018 (miles de millones de pesos encadenados)",XBS,Exportaciones de servicios,f035_positional
F035.XSE.FLU.R.CLP.2018.Z.Z.Z.15.0.A,Región de Arica y Parinacota,15,Arica y Parinacota,A,Cuentas Nacionales,"Exportación de bienes y servicios, anual, volumen a precios del año anterior encadenado, referencia 2018 (miles de millones de pesos encadenados)",,,f035_positional
F035.XSE.V12.R.Z.2018.03.Z.Z.15.0.A,Minería,15,Arica y Parinacota,A,Cuentas Nacionales,"Exportación de bienes y servicios Región de Arica y Parinacota, anual, contribución porcentual respecto de igual periodo del año anterior, referencia 2018",03,Minería,f035_positional
F035.XSE.V12.R.Z.2018.04.Z.Z.15.0.A,Industria,15,Arica y Parinacota,A,Cuentas Nacionales,"Exportación de bienes y servicios Región de Arica y Parinacota, anual, contribución porcentual respecto de igual periodo del año anterior, referencia 2018",04,Industria,f035_positional
F035.XSE.V12.R.Z.2018.102.Z.Z.15.0.A,Agropecuario-Silvícola-Pesca,15,Arica y Parinacota,A,Cuentas Nacionales,"Exportación de bienes y servicios Región de Arica y Parinacota, anual, contribución porcentual respecto de igual periodo del año anterior, referencia 2018",102,Agropecuario-silvícola-pesca,f035_positional
F035.XSE.V12.R.Z.2018.XBI.Z.Z.15.0.A,Exportación Bienes,15,Arica y Parinacota,A,Cuentas Nacionales,"Exportación de bienes y servicios Región de Arica y Parinacota, anual, contribución porcentual respecto de igual periodo del año anterior, referencia 2018",XBI,Exportaciones de bienes,f035_positional
F035.XSE.V12.R.Z.2018.XBS.Z.Z.15.0.A,Exportación Servicios,15,Arica y Parinacota,A,Cuentas Nacionales,"Exportación de bienes y servicios Región de Arica y Parinacota, anual, contribución porcentual respecto de igual periodo del año anterior, referencia 2018",XBS,Exportaciones de servicios,f035_positional
F035.XSE.V12.R.Z.2018.XBSSR.Z.Z.15.0.A,Exportaciones de Bienes y Servicios,15,Arica y Parinacota,A,Cuentas Nacionales,"Exportación de bienes y servicios Región de Arica y Parinacota, anual, contribución porcentual respecto de igual periodo del año anterior, referencia 2018",XBSSR,Exportaciones de bienes y servicios,f035_positional
F035.XSE.V12.R.Z.2018.Z.Z.Z.15.0.A,Región de Arica y Parinacota,15,Arica y Parinacota,A,Cuentas Nacionales,"Exportación de bienes y servicios regional, anual, contribución porcentual respecto de igual periodo del año anterior, referencia 2018",,,f035_positional
F035.XSE.FLU.N.CLP.2018.03.Z.Z.16.0.A,Minería,16,Ñuble,A,Cuentas Nacionales,"Componentes de las exportaciones Región de Ñuble, anual, a precios corrientes, referencia 2018 (miles de millones de pesos)",03,Minería,f035_positional
F035.XSE.FLU.N.CLP.2018.04.Z.Z.16.0.A,Industria,16,Ñuble,A,Cuentas Nacionales,"Componentes de las exportaciones Región de Ñuble, anual, a precios corrientes, referencia 2018 (miles de millones de pesos)",04,Industria,f035_positional
F035.XSE.FLU.N.CLP.2018.102.Z.Z.16.0.A,Agropecuario-Silvícola-Pesca,16,Ñuble,A,Cuentas Nacionales,"Componentes de las exportaciones Región de Ñuble, anual, a precios corrientes, referencia 2018 (miles de millones de pesos)",102,Agropecuario-silvícola-pesca,f035_positional
F035.XSE.FLU.N.CLP.2018.XBI.Z.Z.16.0.A,Exportación Bienes,16,Ñuble,A,Cuentas Nacionales,"Componentes de las exportaciones Región de Ñuble, anual, a precios corrientes, referencia 2018 (miles de millones de pesos)",XBI,Exportaciones de bienes,f035_positional
F035.XSE.FLU.N.CLP.2018.XBS.Z.Z.16.0.A,Exportación Servicios,16,Ñuble,A,Cuentas Nacionales,"Componentes de las exportaciones Región de Ñuble, anual, a precios corrientes, referencia 2018 (miles de millones de pesos)",XBS,Exportaciones de servicios,f035_positional
F035.XSE.FLU.N.CLP.2018.Z.Z.Z.16.0.A,Región de Ñuble,16,Ñuble,A,Cuentas Nacionales,"Exportación de bienes y servicios, anual, a precios corrientes, referencia 2018 (miles de millones de pesos)",,,f035_positional
F035.XSE.FLU.R.CLP.2018.03.Z.Z.16.0.A,Minería,16,Ñuble,A,Cuentas Nacionales,"Componentes de las exportaciones Región de Ñuble, anual, volumen a precios del año anterior encadenado, referencia 2018 (miles de millones de pesos encadenados)",03,Minería,f035_positional
F035.XSE.FLU.R.CLP.2018.04.Z.Z.16.0.A,Industria,16,Ñuble,A,Cuentas Nacionales,"Componentes de las exportaciones Región de Ñuble, anual, volumen a precios del año anterior encadenado, referencia 2018 (miles de millones de pesos encadenados)",04,Industria,f035_positional
F035.XSE.FLU.R.CLP.2018.102.Z.Z.16.0.A,Agropecuario-Silvícola-Pesca,16,Ñuble,A,Cuentas Nacionales,"Componentes de las exportaciones Región de Ñuble, anual, volumen a precios del año anterior encadenado, referencia 2018 (miles de millones de pesos encadenados)",102,Agropecuario-silvícola-pesca,f035_positional
F035.XSE.FLU.R.CLP.2018.XBI.Z.Z.16.0.A,Exportación Bienes,16,Ñuble,A,Cuentas Nacionales,"Componentes de las exportaciones Región de Ñuble, anual, volumen a precios del año anterior encadenado, referencia 2018 (miles de millones de pesos encadenados)",XBI,Exportaciones de bienes,f035_positional
F035.XSE.FLU.R.CLP.2018.XBS.Z.Z.16.0.A,Exportación Servicios,16,Ñuble,A,Cuentas Nacionales,"Componentes de las exportaciones Región de Ñuble, anual, volumen a precios del año anterior encadenado, referencia 2018 (miles de millones de pesos encadenados)",XBS,Exportaciones de servicios,f035_positional
F035.XSE.FLU.R.CLP.2018.Z.Z.Z.16.0.A,Región de Ñuble,16,Ñuble,A,Cuentas Nacionales,"Exportación de bienes y servicios, anual, volumen a precios del año anterior encadenado, referencia 2018 (miles de millones de pesos encadenados)",,,f035_positional
F035.XSE.V12.R.Z.2018.03.Z.Z.16.0.A,Minería,16,Ñuble,A,Cuentas Nacionales,"Exportación de bienes y servicios Región de Ñuble, anual, contribución porcentual respecto de igual periodo del año anterior, referencia 2018",03,Minería,f035_positional
F035.XSE.V12.R.Z.2018.04.Z.Z.16.0.A,Industria,16,Ñuble,A,Cuentas Nacionales,"Exportación de bienes y servicios Región de Ñuble, anual, contribución porcentual respecto de igual periodo del año anterior, referencia 2018",04,Industria,f035_positional
F035.XSE.V12.R.Z.2018.102.Z.Z.16.0.A,Agropecuario-Silvícola-Pesca,16,Ñuble,A,Cuentas Nacionales,"Exportación de bienes y servicios Región de Ñuble, anual, contribución porcentual respecto de igual periodo del año anterior, referencia 2018",102,Agropecuario-silvícola-pesca,f035_positional
F035.XSE.V12.R.Z.2018.XBI.Z.Z.16.0.A,Exportación Bienes,16,Ñuble,A,Cuentas Nacionales,"Exportación de bienes y servicios Región de Ñuble, anual, contribución porcentual respecto de igual periodo del año anterior, referencia 2018",XBI,Exportaciones de bienes,f035_positional
F035.XSE.V12.R.Z.2018.XBS.Z.Z.16.0.A,Exportación Servicios,16,Ñuble,A,Cuentas Nacionales,"Exportación de bienes y servicios Región de Ñuble, anual, contribución porcentual respecto de igual periodo del año anterior, referencia 2018",XBS,Exportaciones de servicios,f035_positional
F035.XSE.V12.R.Z.2018.XBSSR.Z.Z.16.0.A,Exportaciones de Bienes y Servicios,16,Ñuble,A,Cuentas Nacionales,"Exportación de bienes y servicios Región de Ñuble, anual, contribución porcentual respecto de igual periodo del año anterior, referencia 2018",XBSSR,Exportaciones de bienes y servicios,f035_positional
F035.XSE.V12.R.Z.2018.Z.Z.Z.16.0.A,Región de Ñuble,16,Ñuble,A,Cuentas Nacionales,"Exportación de bienes y servicios regional, anual, contribución porcentual respecto de igual periodo del año anterior, referencia 2018",,,f035_positional
F035.CVRC.FLU.Z.CLP.Z.Z.Z.Z.01.0.M,Compra regional (monto),01,Tarapacá,M,Estadísticas Experimentales,Compraventas regionales según región de venta y de compra. Región de Tarapacá (monto en miles de millones de pesos y facturas en miles de unidades),,,f035_positional
F035.CVRCITA.FLU.Z.CLP.Z.Z.Z.Z.01.0.M,Intra-regional,01,Tarapacá,M,Estadísticas Experimentales,Compraventas regionales según región de venta y de compra. Región de Tarapacá (monto en miles de millones de pesos y facturas en miles de unidades),,,f035_positional
F035.CVRCITE.FLU.Z.CLP.Z.Z.Z.Z.01.0.M,Inter-regional,01,Tarapacá,M,Estadísticas Experimentales,Compraventas regionales según región de venta y de compra. Región de Tarapacá (monto en miles de millones de pesos y facturas en miles de unidades),,,f035_positional
F035.CVRV.FLU.Z.CLP.Z.Z.Z.Z.01.0.M,Venta regional (monto),01,Tarapacá,M,Estadísticas Experimentales,Compraventas regionales según región de venta y de compra. Región de Tarapacá (monto en miles de millones de pesos y facturas en miles de unidades),,,f035_positional
F035.CVRVITA.FLU.Z.CLP.Z.Z.Z.Z.01.0.M,Intra-regional,01,Tarapacá,M,Estadísticas Experimentales,Compraventas regionales según región de venta y de compra. Región de Tarapacá (monto en miles de millones de pesos y facturas en miles de unidades),,,f035_positional
F035.CVRVITE.FLU.Z.CLP.Z.Z.Z.Z.01.0.M,Inter-regional,01,Tarapacá,M,Estadísticas Experimentales,Compraventas regionales según región de venta y de compra. Región de Tarapacá (monto en miles de millones de pesos y facturas en miles de unidades),,,f035_positional
F035.NFRC.FLU.Z.N.Z.Z.Z.Z.01.0.M,Compra región (cantidad de facturas recibidas),01,Tarapacá,M,Estadísticas Experimentales,Compraventas regionales según región de venta y de compra. Región de Tarapacá (monto en miles de millones de pesos y facturas en miles de unidades),,,f035_positional
F035.NFRCITA.FLU.Z.N.Z.Z.Z.Z.01.0.M,Intra-regional,01,Tarapacá,M,Estadísticas Experimentales,Compraventas regionales según región de venta y de compra. Región de Tarapacá (monto en miles de millones de pesos y facturas en miles de unidades),,,f035_positional
F035.NFRCITE.FLU.Z.N.Z.Z.Z.Z.01.0.M,Inter-regional,01,Tarapacá,M,Estadísticas Experimentales,Compraventas regionales según región de venta y de compra. Región de Tarapacá (monto en miles de millones de pesos y facturas en miles de unidades),,,f035_positional
F035.NFRV.FLU.Z.N.Z.Z.Z.Z.01.0.M,Venta regional (cantidad de facturas emitidas),01,Tarapacá,M,Estadísticas Experimentales,Compraventas regionales según región de venta y de compra. Región de Tarapacá (monto en miles de millones de pesos y facturas en miles de unidades),,,f035_positional
F035.NFRVITA.FLU.Z.N.Z.Z.Z.Z.01.0.M,Intra-regional,01,Tarapacá,M,Estadísticas Experimentales,Compraventas regionales según región de venta y de compra. Región de Tarapacá (monto en miles de millones de pesos y facturas en miles de unidades),,,f035_positional
F035.NFRVITE.FLU.Z.N.Z.Z.Z.Z.01.0.M,Inter-regional,01,Tarapacá,M,Estadísticas Experimentales,Compraventas regionales según región de venta y de compra. Región de Tarapacá (monto en miles de millones de pesos y facturas en miles de unidades),,,f035_positional
F035.CVRC.FLU.Z.CLP.Z.Z.Z.Z.02.0.M,Compra regional (monto),02,Antofagasta,M,Estadísticas Experimentales,Compraventas regionales según región de venta y de compra. Región de Antofagasta (monto en miles de millones de pesos y facturas en miles de unidades),,,f035_positional
F035.CVRCITA.FLU.Z.CLP.Z.Z.Z.Z.02.0.M,Intra-regional,02,Antofagasta,M,Estadísticas Experimentales,Compraventas regionales según región de venta y de compra. Región de Antofagasta (monto en miles de millones de pesos y facturas en miles de unidades),,,f035_positional
F035.CVRCITE.FLU.Z.CLP.Z.Z.Z.Z.02.0.M,Inter-regional,02,Antofagasta,M,Estadísticas Experimentales,Compraventas regionales según región de venta y de compra. Región de Antofagasta (monto en miles de millones de pesos y facturas en miles de unidades),,,f035_positional
F035.CVRV.FLU.Z.CLP.Z.Z.Z.Z.02.0.M,Venta regional (monto),02,Antofagasta,M,Estadísticas Experimentales,Compraventas regionales según región de venta y de compra. Región de Antofagasta (monto en miles de millones de pesos y facturas en miles de unidades),,,f035_positional
F035.CVRVITA.FLU.Z.CLP.Z.Z.Z.Z.02.0.M,Intra-regional,02,Antofagasta,M,Estadísticas Experimentales,Compraventas regionales según región de venta y de compra. Región de Antofagasta (monto en miles de millones de pesos y facturas en miles de unidades),,,f035_positional
F035.CVRVITE.FLU.Z.CLP.Z.Z.Z.Z.02.0.M,Inter-regional,02,Antofagasta,M,Estadísticas Experimentales,Compraventas regionales según región de venta y de compra. Región de Antofagasta (monto en miles de millones de pesos y facturas en miles de unidades),,,f035_positional
F035.NFRC.FLU.Z.N.Z.Z.Z.Z.02.0.M,Compra región (cantidad de facturas recibidas),02,Antofagasta,M,Estadísticas Experimentales,Compraventas regionales según región de venta y de compra. Región de Antofagasta (monto en miles de millones de pesos y facturas en miles de unidades),,,f035_positional
F035.NFRCITA.FLU.Z.N.Z.Z.Z.Z.02.0.M,Intra-regional,02,Antofagasta,M,Estadísticas Experimentales,Compraventas regionales según región de venta y de compra. Región de Antofagasta (monto en miles de millones de pesos y facturas en miles de unidades),,,f035_positional
F035.NFRCITE.FLU.Z.N.Z.Z.Z.Z.02.0.M,Inter-regional,02,Antofagasta,M,Estadísticas Experimentales,Compraventas regionales según región de venta y de compra. Región de Antofagasta (monto en miles de millones de pesos y facturas en miles de unidades),,,f035_positional
F035.NFRV.FLU.Z.N.Z.Z.Z.Z.02.0.M,Venta regional (cantidad de facturas emitidas),02,Antofagasta,M,Estadísticas Experimentales,Compraventas regionales según región de venta y de compra. Región de Antofagasta (monto en miles de millones de pesos y facturas en miles de unidades),,,f035_positional
F035.NFRVITA.FLU.Z.N.Z.Z.Z.Z.02.0.M,Intra-regional,02,Antofagasta,M,Estadísticas Experimentales,Compraventas regionales según región de venta y de compra. Región de Antofagasta (monto en miles de millones de pesos y facturas en miles de unidades),,,f035_positional
F035.NFRVITE.FLU.Z.N.Z.Z.Z.Z.02.0.M,Inter-regional,02,Antofagasta,M,Estadísticas Experimentales,Compraventas regionales según región de venta y de compra. Región de Antofagasta (monto en miles de millones de pesos y facturas en miles de unidades),,,f035_positional
F035.CVRC.FLU.Z.CLP.Z.Z.Z.Z.03.0.M,Compra regional (monto),03,Atacama,M,Estadísticas Experimentales,Compraventas regionales según región de venta y de compra. Región de Atacama (monto en miles de millones de pesos y facturas en miles de unidades),,,f035_positional
F035.CVRCITA.FLU.Z.CLP.Z.Z.Z.Z.03.0.M,Intra-regional,03,Atacama,M,Estadísticas Experimentales,Compraventas regionales según región de venta y de compra. Región de Atacama (monto en miles de millones de pesos y facturas en miles de unidades),,,f035_positional
F035.CVRCITE.FLU.Z.CLP.Z.Z.Z.Z.03.0.M,Inter-regional,03,Atacama,M,Estadísticas Experimentales,Compraventas regionales según región de venta y de compra. Región de Atacama (monto en miles de millones de pesos y facturas en miles de unidades),,,f035_positional
F035.CVRV.FLU.Z.CLP.Z.Z.Z.Z.03.0.M,Venta regional (monto),03,Atacama,M,Estadísticas Experimentales,Compraventas regionales según región de venta y de compra. Región de Atacama (monto en miles de millones de pesos y facturas en miles de unidades),,,f035_positional
F035.CVRVITA.FLU.Z.CLP.Z.Z.Z.Z.03.0.M,Intra-regional,03,Atacama,M,Estadísticas Experimentales,Compraventas regionales según región de venta y de compra. Región de Atacama (monto en miles de millones de pesos y facturas en miles de unidades),,,f035_positional
F035.CVRVITE.FLU.Z.CLP.Z.Z.Z.Z.03.0.M,Inter-regional,03,Atacama,M,Estadísticas Experimentales,Compraventas regionales según región de venta y de compra. Región de Atacama (monto en miles de millones de pesos y facturas en miles de unidades),,,f035_positional
F035.NFRC.FLU.Z.N.Z.Z.Z.Z.03.0.M,Compra región (cantidad de facturas recibidas),03,Atacama,M,Estadísticas Experimentales,Compraventas regionales según región de venta y de compra. Región de Atacama (monto en miles de millones de pesos y facturas en miles de unidades),,,f035_positional
F035.NFRCITA.FLU.Z.N.Z.Z.Z.Z.03.0.M,Intra-regional,03,Atacama,M,Estadísticas Experimentales,Compraventas regionales según región de venta y de compra. Región de Atacama (monto en miles de millones de pesos y facturas en miles de unidades),,,f035_positional
F035.NFRCITE.FLU.Z.N.Z.Z.Z.Z.03.0.M,Inter-regional,03,Atacama,M,Estadísticas Experimentales,Compraventas regionales según región de venta y de compra. Región de Atacama (monto en miles de millones de pesos y facturas en miles de unidades),,,f035_positional
F035.NFRV.FLU.Z.N.Z.Z.Z.Z.03.0.M,Venta regional (cantidad de facturas emitidas),03,Atacama,M,Estadísticas Experimentales,Compraventas regionales según región de venta y de compra. Región de Atacama (monto en miles de millones de pesos y facturas en miles de unidades),,,f035_positional
F035.NFRVITA.FLU.Z.N.Z.Z.Z.Z.03.0.M,Intra-regional,03,Atacama,M,Estadísticas Experimentales,Compraventas regionales según región de venta y de compra. Región de Atacama (monto en miles de millones de pesos y facturas en miles de unidades),,,f035_positional
F035.NFRVITE.FLU.Z.N.Z.Z.Z.Z.03.0.M,Inter-regional,03,Atacama,M,Estadísticas Experimentales,Compraventas regionales según región de venta y de compra. Región de Atacama (monto en miles de millones de pesos y facturas en miles de unidades),,,f035_positional
F035.CVRC.FLU.Z.CLP.Z.Z.Z.Z.04.0.M,Compra regional (monto),04,Coquimbo,M,Estadísticas Experimentales,Compraventas regionales según región de venta y de compra. Región de Coquimbo (monto en miles de millones de pesos y facturas en miles de unidades),,,f035_positional
F035.CVRCITA.FLU.Z.CLP.Z.Z.Z.Z.04.0.M,Intra-regional,04,Coquimbo,M,Estadísticas Experimentales,Compraventas regionales según región de venta y de compra. Región de Coquimbo (monto en miles de millones de pesos y facturas en miles de unidades),,,f035_positional
F035.CVRCITE.FLU.Z.CLP.Z.Z.Z.Z.04.0.M,Inter-regional,04,Coquimbo,M,Estadísticas Experimentales,Compraventas regionales según región de venta y de compra. Región de Coquimbo (monto en miles de millones de pesos y facturas en miles de unidades),,,f035_positional
F035.CVRV.FLU.Z.CLP.Z.Z.Z.Z.04.0.M,Venta regional (monto),04,Coquimbo,M,Estadísticas Experimentales,Compraventas regionales según región de venta y de compra. Región de Coquimbo (monto en miles de millones de pesos y facturas en miles de unidades),,,f035_positional
F035.CVRVITA.FLU.Z.CLP.Z.Z.Z.Z.04.0.M,Intra-regional,04,Coquimbo,M,Estadísticas Experimentales,Compraventas regionales según región de venta y de compra. Región de Coquimbo (monto en miles de millones de pesos y facturas en miles de unidades),,,f035_positional
F035.CVRVITE.FLU.Z.CLP.Z.Z.Z.Z.04.0.M,Inter-regional,04,Coquimbo,M,Estadísticas Experimentales,Compraventas regionales según región de venta y de compra. Región de Coquimbo (monto en miles de millones de pesos y facturas en miles de unidades),,,f035_positional
F035.NFRC.FLU.Z.N.Z.Z.Z.Z.04.0.M,Compra región (cantidad de facturas recibidas),04,Coquimbo,M,Estadísticas Experimentales,Compraventas regionales según región de venta y de compra. Región de Coquimbo (monto en miles de millones de pesos y facturas en miles de unidades),,,f035_positional
F035.NFRCITA.FLU.Z.N.Z.Z.Z.Z.04.0.M,Intra-regional,04,Coquimbo,M,Estadísticas Experimentales,Compraventas regionales según región de venta y de compra. Región de Coquimbo (monto en miles de millones de pesos y facturas en miles de unidades),,,f035_positional
F035.NFRCITE.FLU.Z.N.Z.Z.Z.Z.04.0.M,Inter-regional,04,Coquimbo,M,Estadísticas Experimentales,Compraventas regionales según región de venta y de compra. Región de Coquimbo (monto en miles de millones de pesos y facturas en miles de unidades),,,f035_positional
F035.NFRV.FLU.Z.N.Z.Z.Z.Z.04.0.M,Venta regional (cantidad de facturas emitidas),04,Coquimbo,M,Estadísticas Experimentales,Compraventas regionales según región de venta y de compra. Región de Coquimbo (monto en miles de millones de pesos y facturas en miles de unidades),,,f035_positional
F035.NFRVITA.FLU.Z.N.Z.Z.Z.Z.04.0.M,Intra-regional,04,Coquimbo,M,Estadísticas Experimentales,Compraventas regionales según región de venta y de compra. Región de Coquimbo (monto en miles de millones de pesos y facturas en miles de unidades),,,f035_positional
F035.NFRVITE.FLU.Z.N.Z.Z.Z.Z.04.0.M,Inter-regional,04,Coquimbo,M,Estadísticas Experimentales,Compraventas regionales según región de venta y de compra. Región de Coquimbo (monto en miles de millones de pesos y facturas en miles de unidades),,,f035_positional
F035.CVRC.FLU.Z.CLP.Z.Z.Z.Z.05.0.M,Compra regional (monto),05,Valparaíso,M,Estadísticas Experimentales,Compraventas regionales según región de venta y de compra. Región de Valparaíso (monto en miles de millones de pesos y facturas en miles de unidades),,,f035_positional
F035.CVRCITA.FLU.Z.CLP.Z.Z.Z.Z.05.0.M,Intra-regional,05,Valparaíso,M,Estadísticas Experimentales,Compraventas regionales según región de venta y de compra. Región de Valparaíso (monto en miles de millones de pesos y facturas en miles de unidades),,,f035_positional
F035.CVRCITE.FLU.Z.CLP.Z.Z.Z.Z.05.0.M,Inter-regional,05,Valparaíso,M,Estadísticas Experimentales,Compraventas regionales según región de venta y de compra. Región de Valparaíso (monto en miles de millones de pesos y facturas en miles de unidades),,,f035_positional
F035.CVRV.FLU.Z.CLP.Z.Z.Z.Z.05.0.M,Venta regional (monto),05,Valparaíso,M,Estadísticas Experimentales,Compraventas regionales según región de venta y de compra. Región de Valparaíso (monto en miles de millones de pesos y facturas en miles de unidades),,,f035_positional
F035.CVRVITA.FLU.Z.CLP.Z.Z.Z.Z.05.0.M,Intra-regional,05,Valparaíso,M,Estadísticas Experimentales,Compraventas regionales según región de venta y de compra. Región de Valparaíso (monto en miles de millones de pesos y facturas en miles de unidades),,,f035_positional
F035.CVRVITE.FLU.Z.CLP.Z.Z.Z.Z.05.0.M,Inter-regional,05,Valparaíso,M,Estadísticas Experimentales,Compraventas regionales según región de venta y de compra. Región de Valparaíso (monto en miles de millones de pesos y facturas en miles de unidades),,,f035_positional
F035.NFRC.FLU.Z.N.Z.Z.Z.Z.05.0.M,Compra región (cantidad de facturas recibidas),05,Valparaíso,M,Estadísticas Experimentales,Compraventas regionales según región de venta y de compra. Región de Valparaíso (monto en miles de millones de pesos y facturas en miles de unidades),,,f035_positional
F035.NFRCITA.FLU.Z.N.Z.Z.Z.Z.05.0.M,Intra-regional,05,Valparaíso,M,Estadísticas Experimentales,Compraventas regionales según región de venta y de compra. Región de Valparaíso (monto en miles de millones de pesos y facturas en miles de unidades),,,f035_positional
F035.NFRCITE.FLU.Z.N.Z.Z.Z.Z.05.0.M,Inter-regional,05,Valparaíso,M,Estadísticas Experimentales,Compraventas regionales según región de venta y de compra. Región de Valparaíso (monto en miles de millones de pesos y facturas en miles de unidades),,,f035_positional
F035.NFRV.FLU.Z.N.Z.Z.Z.Z.05.0.M,Venta regional (cantidad de facturas emitidas),05,Valparaíso,M,Estadísticas Experimentales,Compraventas regionales según región de venta y de compra. Región de Valparaíso (monto en miles de millones de pesos y facturas en miles de unidades),,,f035_positional
F035.NFRVITA.FLU.Z.N.Z.Z.Z.Z.05.0.M,Intra-regional,05,Valparaíso,M,Estadísticas Experimentales,Compraventas regionales según región de venta y de compra. Región de Valparaíso (monto en miles de millones de pesos y facturas en miles de unidades),,,f035_positional
F035.NFRVITE.FLU.Z.N.Z.Z.Z.Z.05.0.M,Inter-regional,05,Valparaíso,M,Estadísticas Experimentales,Compraventas regionales según región de venta y de compra. Región de Valparaíso (monto en miles de millones de pesos y facturas en miles de unidades),,,f035_positional
F035.CVRC.FLU.Z.CLP.Z.Z.Z.Z.06.0.M,Compra regional (monto),06,O'Higgins,M,Estadísticas Experimentales,Compraventas regionales según región de venta y de compra. Región del Libertador General Bernardo O'Higgins(monto en miles de millones de pesos y facturas en miles de unidades),,,f035_positional
F035.CVRCITA.FLU.Z.CLP.Z.Z.Z.Z.06.0.M,Intra-regional,06,O'Higgins,M,Estadísticas Experimentales,Compraventas regionales según región de venta y de compra. Región del Libertador General Bernardo O'Higgins(monto en miles de millones de pesos y facturas en miles de unidades),,,f035_positional
F035.CVRCITE.FLU.Z.CLP.Z.Z.Z.Z.06.0.M,Inter-regional,06,O'Higgins,M,Estadísticas Experimentales,Compraventas regionales según región de venta y de compra. Región del Libertador General Bernardo O'Higgins(monto en miles de millones de pesos y facturas en miles de unidades),,,f035_positional
F035.CVRV.FLU.Z.CLP.Z.Z.Z.Z.06.0.M,Venta regional (monto),06,O'Higgins,M,Estadísticas Experimentales,Compraventas regionales según región de venta y de compra. Región del Libertador General Bernardo O'Higgins(monto en miles de millones de pesos y facturas en miles de unidades),,,f035_positional
F035.CVRVITA.FLU.Z.CLP.Z.Z.Z.Z.06.0.M,Intra-regional,06,O'Higgins,M,Estadísticas Experimentales,Compraventas regionales según región de venta y de compra. Región del Libertador General Bernardo O'Higgins(monto en miles de millones de pesos y facturas en miles de unidades),,,f035_positional
F035.CVRVITE.FLU.Z.CLP.Z.Z.Z.Z.06.0.M,Inter-regional,06,O'Higgins,M,Estadísticas Experimentales,Compraventas regionales según región de venta y de compra. Región del Libertador General Bernardo O'Higgins(monto en miles de millones de pesos y facturas en miles de unidades),,,f035_positional
F035.NFRC.FLU.Z.N.Z.Z.Z.Z.06.0.M,Compra región (cantidad de facturas recibidas),06,O'Higgins,M,Estadísticas Experimentales,Compraventas regionales según región de venta y de compra. Región del Libertador General Bernardo O'Higgins(monto en miles de millones de pesos y facturas en miles de unidades),,,f035_positional
F035.NFRCITA.FLU.Z.N.Z.Z.Z.Z.06.0.M,Intra-regional,06,O'Higgins,M,Estadísticas Experimentales,Compraventas regionales según región de venta y de compra. Región del Libertador General Bernardo O'Higgins(monto en miles de millones de pesos y facturas en miles de unidades),,,f035_positional
F035.NFRCITE.FLU.Z.N.Z.Z.Z.Z.06.0.M,Inter-regional,06,O'Higgins,M,Estadísticas Experimentales,Compraventas regionales según región de venta y de compra. Región del Libertador General Bernardo O'Higgins(monto en miles de millones de pesos y facturas en miles de unidades),,,f035_positional
F035.NFRV.FLU.Z.N.Z.Z.Z.Z.06.0.M,Venta regional (cantidad de facturas emitidas),06,O'Higgins,M,Estadísticas Experimentales,Compraventas regionales según región de venta y de compra. Región del Libertador General Bernardo O'Higgins(monto en miles de millones de pesos y facturas en miles de unidades),,,f035_positional
F035.NFRVITA.FLU.Z.N.Z.Z.Z.Z.06.0.M,Intra-regional,06,O'Higgins,M,Estadísticas Experimentales,Compraventas regionales según región de venta y de compra. Región del Libertador General Bernardo O'Higgins(monto en miles de millones de pesos y facturas en miles de unidades),,,f035_positional
F035.NFRVITE.FLU.Z.N.Z.Z.Z.Z.06.0.M,Inter-regional,06,O'Higgins,M,Estadísticas Experimentales,Compraventas regionales según región de venta y de compra. Región del Libertador General Bernardo O'Higgins(monto en miles de millones de pesos y facturas en miles de unidades),,,f035_positional
F035.CVRC.FLU.Z.CLP.Z.Z.Z.Z.07.0.M,Compra regional (monto),07,Maule,M,Estadísticas Experimentales,Compraventas regionales según región de venta y de compra. Región de Maule (monto en miles de millones de pesos y facturas en miles de unidades),,,f035_positional
F035.CVRCITA.FLU.Z.CLP.Z.Z.Z.Z.07.0.M,Intra-regional,07,Maule,M,Estadísticas Experimentales,Compraventas regionales según región de venta y de compra. Región de Maule (monto en miles de millones de pesos y facturas en miles de unidades),,,f035_positional
F035.CVRCITE.FLU.Z.CLP.Z.Z.Z.Z.07.0.M,Inter-regional,07,Maule,M,Estadísticas Experimentales,Compraventas regionales según región de venta y de compra. Región de Maule (monto en miles de millones de pesos y facturas en miles de unidades),,,f035_positional
F035.CVRV.FLU.Z.CLP.Z.Z.Z.Z.07.0.M,Venta regional (monto),07,Maule,M,Estadísticas Experimentales,Compraventas regionales según región de venta y de compra. Región de Maule (monto en miles de millones de pesos y facturas en miles de unidades),,,f035_positional
F035.CVRVITA.FLU.Z.CLP.Z.Z.Z.Z.07.0.M,Intra-regional,07,Maule,M,Estadísticas Experimentales,Compraventas regionales según región de venta y de compra. Región de Maule (monto en miles de millones de pesos y facturas en miles de unidades),,,f035_positional
F035.CVRVITE.FLU.Z.CLP.Z.Z.Z.Z.07.0.M,Inter-regional,07,Maule,M,Estadísticas Experimentales,Compraventas regionales según región de venta y de compra. Región de Maule (monto en miles de millones de pesos y facturas en miles de unidades),,,f035_positional
F035.NFRC.FLU.Z.N.Z.Z.Z.Z.07.0.M,Compra región (cantidad de facturas recibidas),07,Maule,M,Estadísticas Experimentales,Compraventas regionales según región de venta y de compra. Región de Maule (monto en miles de millones de pesos y facturas en miles de unidades),,,f035_positional
F035.NFRCITA.FLU.Z.N.Z.Z.Z.Z.07.0.M,Intra-regional,07,Maule,M,Estadísticas Experimentales,Compraventas regionales según región de venta y de compra. Región de Maule (monto en miles de millones de pesos y facturas en miles de unidades),,,f035_positional
F035.NFRCITE.FLU.Z.N.Z.Z.Z.Z.07.0.M,Inter-regional,07,Maule,M,Estadísticas Experimentales,Compraventas regionales según región de venta y de compra. Región de Maule (monto en miles de millones de pesos y facturas en miles de unidades),,,f035_positional
F035.NFRV.FLU.Z.N.Z.Z.Z.Z.07.0.M,Venta regional (cantidad de facturas emitidas),07,Maule,M,Estadísticas Experimentales,Compraventas regionales según región de venta y de compra. Región de Maule (monto en miles de millones de pesos y facturas en miles de unidades),,,f035_positional
F035.NFRVITA.FLU.Z.N.Z.Z.Z.Z.07.0.M,Intra-regional,07,Maule,M,Estadísticas Experimentales,Compraventas regionales según región de venta y de compra. Región de Maule (monto en miles de millones de pesos y facturas en miles de unidades),,,f035_positional
F035.NFRVITE.FLU.Z.N.Z.Z.Z.Z.07.0.M,Inter-regional,07,Maule,M,Estadísticas Experimentales,Compraventas regionales según región de venta y de compra. Región de Maule (monto en miles de millones de pesos y facturas en miles de unidades),,,f035_positional
F035.CVRC.FLU.Z.CLP.Z.Z.Z.Z.08.0.M,Compra regional (monto),08,Biobío,M,Estadísticas Experimentales,Compraventas regionales según región de venta y de compra. Región de Biobío (monto en miles de millones de pesos y facturas en miles de unidades),,,f035_positional
F035.CVRCITA.FLU.Z.CLP.Z.Z.Z.Z.08.0.M,Intra-regional,08,Biobío,M,Estadísticas Experimentales,Compraventas regionales según región de venta y de compra. Región de Biobío (monto en miles de millones de pesos y facturas en miles de unidades),,,f035_positional
F035.CVRCITE.FLU.Z.CLP.Z.Z.Z.Z.08.0.M,Inter-regional,08,Biobío,M,Estadísticas Experimentales,Compraventas regionales según región de venta y de compra. Región de Biobío (monto en miles de millones de pesos y facturas en miles de unidades),,,f035_positional
F035.CVRV.FLU.Z.CLP.Z.Z.Z.Z.08.0.M,Venta regional (monto),08,Biobío,M,Estadísticas Experimentales,Compraventas regionales según región de venta y de compra. Región de Biobío (monto en miles de millones de pesos y facturas en miles de unidades),,,f035_positional
F035.CVRVITA.FLU.Z.CLP.Z.Z.Z.Z.08.0.M,Intra-regional,08,Biobío,M,Estadísticas Experimentales,Compraventas regionales según región de venta y de compra. Región de Biobío (monto en miles de millones de pesos y facturas en miles de unidades),,,f035_positional
F035.CVRVITE.FLU.Z.CLP.Z.Z.Z.Z.08.0.M,Inter-regional,08,Biobío,M,Estadísticas Experimentales,Compraventas regionales según región de venta y de compra. Región de Biobío (monto en miles de millones de pesos y facturas en miles de unidades),,,f035_positional
F035.NFRC.FLU.Z.N.Z.Z.Z.Z.08.0.M,Compra región (cantidad de facturas recibidas),08,Biobío,M,Estadísticas Experimentales,Compraventas regionales según región de venta y de compra. Región de Biobío (monto en miles de millones de pesos y facturas en miles de unidades),,,f035_positional
F035.NFRCITA.FLU.Z.N.Z.Z.Z.Z.08.0.M,Intra-regional,08,Biobío,M,Estadísticas Experimentales,Compraventas regionales según región de venta y de compra. Región de Biobío (monto en miles de millones de pesos y facturas en miles de unidades),,,f035_positional
F035.NFRCITE.FLU.Z.N.Z.Z.Z.Z.08.0.M,Inter-regional,08,Biobío,M,Estadísticas Experimentales,Compraventas regionales según región de venta y de compra. Región de Biobío (monto en miles de millones de pesos y facturas en miles de unidades),,,f035_positional
F035.NFRV.FLU.Z.N.Z.Z.Z.Z.08.0.M,Venta regional (cantidad de facturas emitidas),08,Biobío,M,Estadísticas Experimentales,Compraventas regionales según región de venta y de compra. Región de Biobío (monto en miles de millones de pesos y facturas en miles de unidades),,,f035_positional
F035.NFRVITA.FLU.Z.N.Z.Z.Z.Z.08.0.M,Intra-regional,08,Biobío,M,Estadísticas Experimentales,Compraventas regionales según región de venta y de compra. Región de Biobío (monto en miles de millones de pesos y facturas en miles de unidades),,,f035_positional
F035.NFRVITE.FLU.Z.N.Z.Z.Z.Z.08.0.M,Inter-regional,08,Biobío,M,Estadísticas Experimentales,Compraventas regionales según región de venta y de compra. Región de Biobío (monto en miles de millones de pesos y facturas en miles de unidades),,,f035_positional
F035.CVRC.FLU.Z.CLP.Z.Z.Z.Z.09.0.M,Compra regional (monto),09,La Araucanía,M,Estadísticas Experimentales,Compraventas regionales según región de venta y de compra. Región de La Araucanía (monto en miles de millones de pesos y facturas en miles de unidades),,,f035_positional
F035.CVRCITA.FLU.Z.CLP.Z.Z.Z.Z.09.0.M,Intra-regional,09,La Araucanía,M,Estadísticas Experimentales,Compraventas regionales según región de venta y de compra. Región de La Araucanía (monto en miles de millones de pesos y facturas en miles de unidades),,,f035_positional
F035.CVRCITE.FLU.Z.CLP.Z.Z.Z.Z.09.0.M,Inter-regional,09,La Araucanía,M,Estadísticas Experimentales,Compraventas regionales según región de venta y de compra. Región de La Araucanía (monto en miles de millones de pesos y facturas en miles de unidades),,,f035_positional
F035.CVRV.FLU.Z.CLP.Z.Z.Z.Z.09.0.M,Venta regional (monto),09,La Araucanía,M,Estadísticas Experimentales,Compraventas regionales según región de venta y de compra. Región de La Araucanía (monto en miles de millones de pesos y facturas en miles de unidades),,,f035_positional
F035.CVRVITA.FLU.Z.CLP.Z.Z.Z.Z.09.0.M,Intra-regional,09,La Araucanía,M,Estadísticas Experimentales,Compraventas regionales según región de venta y de compra. Región de La Araucanía (monto en miles de millones de pesos y facturas en miles de unidades),,,f035_positional
F035.CVRVITE.FLU.Z.CLP.Z.Z.Z.Z.09.0.M,Inter-regional,09,La Araucanía,M,Estadísticas Experimentales,Compraventas regionales según región de venta y de compra. Región de La Araucanía (monto en miles de millones de pesos y facturas en miles de unidades),,,f035_positional
F035.NFRC.FLU.Z.N.Z.Z.Z.Z.09.0.M,Compra región (cantidad de facturas recibidas),09,La Araucanía,M,Estadísticas Experimentales,Compraventas regionales según región de venta y de compra. Región de La Araucanía (monto en miles de millones de pesos y facturas en miles de unidades),,,f035_positional
F035.NFRCITA.FLU.Z.N.Z.Z.Z.Z.09.0.M,Intra-regional,09,La Araucanía,M,Estadísticas Experimentales,Compraventas regionales según región de venta y de compra. Región de La Araucanía (monto en miles de millones de pesos y facturas en miles de unidades),,,f035_positional
F035.NFRCITE.FLU.Z.N.Z.Z.Z.Z.09.0.M,Inter-regional,09,La Araucanía,M,Estadísticas Experimentales,Compraventas regionales según región de venta y de compra. Región de La Araucanía (monto en miles de millones de pesos y facturas en miles de unidades),,,f035_positional
F035.NFRV.FLU.Z.N.Z.Z.Z.Z.09.0.M,Venta regional (cantidad de facturas emitidas),09,La Araucanía,M,Estadísticas Experimentales,Compraventas regionales según región de venta y de compra. Región de La Araucanía (monto en miles de millones de pesos y facturas en miles de unidades),,,f035_positional
F035.NFRVITA.FLU.Z.N.Z.Z.Z.Z.09.0.M,Intra-regional,09,La Araucanía,M,Estadísticas Experimentales,Compraventas regionales según región de venta y de compra. Región de La Araucanía (monto en miles de millones de pesos y facturas en miles de unidades),,,f035_positional
F035.NFRVITE.FLU.Z.N.Z.Z.Z.Z.09.0.M,Inter-regional,09,La Araucanía,M,Estadísticas Experimentales,Compraventas regionales según región de venta y de compra. Región de La Araucanía (monto en miles de millones de pesos y facturas en miles de unidades),,,f035_positional
F035.CVRC.FLU.Z.CLP.Z.Z.Z.Z.10.0.M,Compra regional (monto),10,Los Lagos,M,Estadísticas Experimentales,Compraventas regionales según región de venta y de compra. Región de Los Lagos (monto en miles de millones de pesos y facturas en miles de unidades),,,f035_positional
F035.CVRCITA.FLU.Z.CLP.Z.Z.Z.Z.10.0.M,Intra-regional,10,Los Lagos,M,Estadísticas Experimentales,Compraventas regionales según región de venta y de compra. Región de Los Lagos (monto en miles de millones de pesos y facturas en miles de unidades),,,f035_positional
F035.CVRCITE.FLU.Z.CLP.Z.Z.Z.Z.10.0.M,Inter-regional,10,Los Lagos,M,Estadísticas Experimentales,Compraventas regionales según región de venta y de compra. Región de Los Lagos (monto en miles de millones de pesos y facturas en miles de unidades),,,f035_positional
F035.CVRV.FLU.Z.CLP.Z.Z.Z.Z.10.0.M,Venta regional (monto),10,Los Lagos,M,Estadísticas Experimentales,Compraventas regionales según región de venta y de compra. Región de Los Lagos (monto en miles de millones de pesos y facturas en miles de unidades),,,f035_positional
F035.CVRVITA.FLU.Z.CLP.Z.Z.Z.Z.10.0.M,Intra-regional,10,Los Lagos,M,Estadísticas Experimentales,Compraventas regionales según región de venta y de compra. Región de Los Lagos (monto en miles de millones de pesos y facturas en miles de unidades),,,f035_positional
F035.CVRVITE.FLU.Z.CLP.Z.Z.Z.Z.10.0.M,Inter-regional,10,Los Lagos,M,Estadísticas Experimentales,Compraventas regionales según región de venta y de compra. Región de Los Lagos (monto en miles de millones de pesos y facturas en miles de unidades),,,f035_positional
F035.NFRC.FLU.Z.N.Z.Z.Z.Z.10.0.M,Compra región (cantidad de facturas recibidas),10,Los Lagos,M,Estadísticas Experimentales,Compraventas regionales según región de venta y de compra. Región de Los Lagos (monto en miles de millones de pesos y facturas en miles de unidades),,,f035_positional
F035.NFRCITA.FLU.Z.N.Z.Z.Z.Z.10.0.M,Intra-regional,10,Los Lagos,M,Estadísticas Experimentales,Compraventas regionales según región de venta y de compra. Región de Los Lagos (monto en miles de millones de pesos y facturas en miles de unidades),,,f035_positional
F035.NFRCITE.FLU.Z.N.Z.Z.Z.Z.10.0.M,Inter-regional,10,Los Lagos,M,Estadísticas Experimentales,Compraventas regionales según región de venta y de compra. Región de Los Lagos (monto en miles de millones de pesos y facturas en miles de unidades),,,f035_positional
F035.NFRV.FLU.Z.N.Z.Z.Z.Z.10.0.M,Venta regional (cantidad de facturas emitidas),10,Los Lagos,M,Estadísticas Experimentales,Compraventas regionales según región de venta y de compra. Región de Los Lagos (monto en miles de millones de pesos y facturas en miles de unidades),,,f035_positional
F035.NFRVITA.FLU.Z.N.Z.Z.Z.Z.10.0.M,Intra-regional,10,Los Lagos,M,Estadísticas Experimentales,Compraventas regionales según región de venta y de compra. Región de Los Lagos (monto en miles de millones de pesos y facturas en miles de unidades),,,f035_positional
F035.NFRVITE.FLU.Z.N.Z.Z.Z.Z.10.0.M,Inter-regional,10,Los Lagos,M,Estadísticas Experimentales,Compraventas regionales según región de venta y de compra. Región de Los Lagos (monto en miles de millones de pesos y facturas en miles de unidades),,,f035_positional
F035.CVRC.FLU.Z.CLP.Z.Z.Z.Z.11.0.M,Compra regional (monto),11,Aysén,M,Estadísticas Experimentales,Compraventas regionales según región de venta y de compra. Región de Aysén del General Carlos Ibáñez del Campo (monto en miles de millones de pesos y facturas en miles de unidades),,,f035_positional
F035.CVRCITA.FLU.Z.CLP.Z.Z.Z.Z.11.0.M,Intra-regional,11,Aysén,M,Estadísticas Experimentales,Compraventas regionales según región de venta y de compra. Región de Aysén del General Carlos Ibáñez del Campo (monto en miles de millones de pesos y facturas en miles de unidades),,,f035_positional
F035.CVRCITE.FLU.Z.CLP.Z.Z.Z.Z.11.0.M,Inter-regional,11,Aysén,M,Estadísticas Experimentales,Compraventas regionales según región de venta y de compra. Región de Aysén del General Carlos Ibáñez del Campo (monto en miles de millones de pesos y facturas en miles de unidades),,,f035_positional
F035.CVRV.FLU.Z.CLP.Z.Z.Z.Z.11.0.M,Venta regional (monto),11,Aysén,M,Estadísticas Experimentales,Compraventas regionales según región de venta y de compra. Región de Aysén del General Carlos Ibáñez del Campo (monto en miles de millones de pesos y facturas en miles de unidades),,,f035_positional
F035.CVRVITA.FLU.Z.CLP.Z.Z.Z.Z.11.0.M,Intra-regional,11,Aysén,M,Estadísticas Experimentales,Compraventas regionales según región de venta y de compra. Región de Aysén del General Carlos Ibáñez del Campo (monto en miles de millones de pesos y facturas en miles de unidades),,,f035_positional
F035.CVRVITE.FLU.Z.CLP.Z.Z.Z.Z.11.0.M,Inter-regional,11,Aysén,M,Estadísticas Experimentales,Compraventas regionales según región de venta y de compra. Región de Aysén del General Carlos Ibáñez del Campo (monto en miles de millones de pesos y facturas en miles de unidades),,,f035_positional
F035.NFRC.FLU.Z.N.Z.Z.Z.Z.11.0.M,Compra región (cantidad de facturas recibidas),11,Aysén,M,Estadísticas Experimentales,Compraventas regionales según región de venta y de compra. Región de Aysén del General Carlos Ibáñez del Campo (monto en miles de millones de pesos y facturas en miles de unidades),,,f035_positional
F035.NFRCITA.FLU.Z.N.Z.Z.Z.Z.11.0.M,Intra-regional,11,Aysén,M,Estadísticas Experimentales,Compraventas regionales según región de venta y de compra. Región de Aysén del General Carlos Ibáñez del Campo (monto en miles de millones de pesos y facturas en miles de unidades),,,f035_positional
F035.NFRCITE.FLU.Z.N.Z.Z.Z.Z.11.0.M,Inter-regional,11,Aysén,M,Estadísticas Experimentales,Compraventas regionales según región de venta y de compra. Región de Aysén del General Carlos Ibáñez del Campo (monto en miles de millones de pesos y facturas en miles de unidades),,,f035_positional
F035.NFRV.FLU.Z.N.Z.Z.Z.Z.11.0.M,Venta regional (cantidad de facturas emitidas),11,Aysén,M,Estadísticas Experimentales,Compraventas regionales según región de venta y de compra. Región de Aysén del General Carlos Ibáñez del Campo (monto en miles de millones de pesos y facturas en miles de unidades),,,f035_positional
F035.NFRVITA.FLU.Z.N.Z.Z.Z.Z.11.0.M,Intra-regional,11,Aysén,M,Estadísticas Experimentales,Compraventas regionales según región de venta y de compra. Región de Aysén del General Carlos Ibáñez del Campo (monto en miles de millones de pesos y facturas en miles de unidades),,,f035_positional
F035.NFRVITE.FLU.Z.N.Z.Z.Z.Z.11.0.M,Inter-regional,11,Aysén,M,Estadísticas Experimentales,Compraventas regionales según región de venta y de compra. Región de Aysén del General Carlos Ibáñez del Campo (monto en miles de millones de pesos y facturas en miles de unidades),,,f035_positional
F035.CVRC.FLU.Z.CLP.Z.Z.Z.Z.12.0.M,Compra regional (monto),12,Magallanes,M,Estadísticas Experimentales,Compraventas regionales según región de venta y de compra. Región de Magallanes y de la Antártica Chilena (monto en miles de millones de pesos y facturas en miles de unidades),,,f035_positional
F035.CVRCITA.FLU.Z.CLP.Z.Z.Z.Z.12.0.M,Intra-regional,12,Magallanes,M,Estadísticas Experimentales,Compraventas regionales según región de venta y de compra. Región de Magallanes y de la Antártica Chilena (monto en miles de millones de pesos y facturas en miles de unidades),,,f035_positional
F035.CVRCITE.FLU.Z.CLP.Z.Z.Z.Z.12.0.M,Inter-regional,12,Magallanes,M,Estadísticas Experimentales,Compraventas regionales según región de venta y de compra. Región de Magallanes y de la Antártica Chilena (monto en miles de millones de pesos y facturas en miles de unidades),,,f035_positional
F035.CVRV.FLU.Z.CLP.Z.Z.Z.Z.12.0.M,Venta regional (monto),12,Magallanes,M,Estadísticas Experimentales,Compraventas regionales según región de venta y de compra. Región de Magallanes y de la Antártica Chilena (monto en miles de millones de pesos y facturas en miles de unidades),,,f035_positional
F035.CVRVITA.FLU.Z.CLP.Z.Z.Z.Z.12.0.M,Intra-regional,12,Magallanes,M,Estadísticas Experimentales,Compraventas regionales según región de venta y de compra. Región de Magallanes y de la Antártica Chilena (monto en miles de millones de pesos y facturas en miles de unidades),,,f035_positional
F035.CVRVITE.FLU.Z.CLP.Z.Z.Z.Z.12.0.M,Inter-regional,12,Magallanes,M,Estadísticas Experimentales,Compraventas regionales según región de venta y de compra. Región de Magallanes y de la Antártica Chilena (monto en miles de millones de pesos y facturas en miles de unidades),,,f035_positional
F035.NFRC.FLU.Z.N.Z.Z.Z.Z.12.0.M,Compra región (cantidad de facturas recibidas),12,Magallanes,M,Estadísticas Experimentales,Compraventas regionales según región de venta y de compra. Región de Magallanes y de la Antártica Chilena (monto en miles de millones de pesos y facturas en miles de unidades),,,f035_positional
F035.NFRCITA.FLU.Z.N.Z.Z.Z.Z.12.0.M,Intra-regional,12,Magallanes,M,Estadísticas Experimentales,Compraventas regionales según región de venta y de compra. Región de Magallanes y de la Antártica Chilena (monto en miles de millones de pesos y facturas en miles de unidades),,,f035_positional
F035.NFRCITE.FLU.Z.N.Z.Z.Z.Z.12.0.M,Inter-regional,12,Magallanes,M,Estadísticas Experimentales,Compraventas regionales según región de venta y de compra. Región de Magallanes y de la Antártica Chilena (monto en miles de millones de pesos y facturas en miles de unidades),,,f035_positional
F035.NFRV.FLU.Z.N.Z.Z.Z.Z.12.0.M,Venta regional (cantidad de facturas emitidas),12,Magallanes,M,Estadísticas Experimentales,Compraventas regionales según región de venta y de compra. Región de Magallanes y de la Antártica Chilena (monto en miles de millones de pesos y facturas en miles de unidades),,,f035_positional
F035.NFRVITA.FLU.Z.N.Z.Z.Z.Z.12.0.M,Intra-regional,12,Magallanes,M,Estadísticas Experimentales,Compraventas regionales según región de venta y de compra. Región de Magallanes y de la Antártica Chilena (monto en miles de millones de pesos y facturas en miles de unidades),,,f035_positional
F035.NFRVITE.FLU.Z.N.Z.Z.Z.Z.12.0.M,Inter-regional,12,Magallanes,M,Estadísticas Experimentales,Compraventas regionales según región de venta y de compra. Región de Magallanes y de la Antártica Chilena (monto en miles de millones de pesos y facturas en miles de unidades),,,f035_positional
F035.CVRC.FLU.Z.CLP.Z.Z.Z.Z.13.0.M,Compra regional (monto),13,Metropolitana de Santiago,M,Estadísticas Experimentales,Compraventas regionales según región de venta y de compra. Región Metropolitana de Santiago (monto en miles de millones de pesos y facturas en miles de unidades),,,f035_positional
F035.CVRCITA.FLU.Z.CLP.Z.Z.Z.Z.13.0.M,Intra-regional,13,Metropolitana de Santiago,M,Estadísticas Experimentales,Compraventas regionales según región de venta y de compra. Región Metropolitana de Santiago (monto en miles de millones de pesos y facturas en miles de unidades),,,f035_positional
F035.CVRCITE.FLU.Z.CLP.Z.Z.Z.Z.13.0.M,Inter-regional,13,Metropolitana de Santiago,M,Estadísticas Experimentales,Compraventas regionales según región de venta y de compra. Región Metropolitana de Santiago (monto en miles de millones de pesos y facturas en miles de unidades),,,f035_positional
F035.CVRV.FLU.Z.CLP.Z.Z.Z.Z.13.0.M,Venta regional (monto),13,Metropolitana de Santiago,M,Estadísticas Experimentales,Compraventas regionales según región de venta y de compra. Región Metropolitana de Santiago (monto en miles de millones de pesos y facturas en miles de unidades),,,f035_positional
F035.CVRVITA.FLU.Z.CLP.Z.Z.Z.Z.13.0.M,Intra-regional,13,Metropolitana de Santiago,M,Estadísticas Experimentales,Compraventas regionales según región de venta y de compra. Región Metropolitana de Santiago (monto en miles de millones de pesos y facturas en miles de unidades),,,f035_positional
F035.CVRVITE.FLU.Z.CLP.Z.Z.Z.Z.13.0.M,Inter-regional,13,Metropolitana de Santiago,M,Estadísticas Experimentales,Compraventas regionales según región de venta y de compra. Región Metropolitana de Santiago (monto en miles de millones de pesos y facturas en miles de unidades),,,f035_positional
F035.NFRC.FLU.Z.N.Z.Z.Z.Z.13.0.M,Compra región (cantidad de facturas recibidas),13,Metropolitana de Santiago,M,Estadísticas Experimentales,Compraventas regionales según región de venta y de compra. Región Metropolitana de Santiago (monto en miles de millones de pesos y facturas en miles de unidades),,,f035_positional
F035.NFRCITA.FLU.Z.N.Z.Z.Z.Z.13.0.M,Intra-regional,13,Metropolitana de Santiago,M,Estadísticas Experimentales,Compraventas regionales según región de venta y de compra. Región Metropolitana de Santiago (monto en miles de millones de pesos y facturas en miles de unidades),,,f035_positional
F035.NFRCITE.FLU.Z.N.Z.Z.Z.Z.13.0.M,Inter-regional,13,Metropolitana de Santiago,M,Estadísticas Experimentales,Compraventas regionales según región de venta y de compra. Región Metropolitana de Santiago (monto en miles de millones de pesos y facturas en miles de unidades),,,f035_positional
F035.NFRV.FLU.Z.N.Z.Z.Z.Z.13.0.M,Venta regional (cantidad de facturas emitidas),13,Metropolitana de Santiago,M,Estadísticas Experimentales,Compraventas regionales según región de venta y de compra. Región Metropolitana de Santiago (monto en miles de millones de pesos y facturas en miles de unidades),,,f035_positional
F035.NFRVITA.FLU.Z.N.Z.Z.Z.Z.13.0.M,Intra-regional,13,Metropolitana de Santiago,M,Estadísticas Experimentales,Compraventas regionales según región de venta y de compra. Región Metropolitana de Santiago (monto en miles de millones de pesos y facturas en miles de unidades),,,f035_positional
F035.NFRVITE.FLU.Z.N.Z.Z.Z.Z.13.0.M,Inter-regional,13,Metropolitana de Santiago,M,Estadísticas Experimentales,Compraventas regionales según región de venta y de compra. Región Metropolitana de Santiago (monto en miles de millones de pesos y facturas en miles de unidades),,,f035_positional
F035.CVRC.FLU.Z.CLP.Z.Z.Z.Z.14.0.M,Compra regional (monto),14,Los Ríos,M,Estadísticas Experimentales,Compraventas regionales según región de venta y de compra. Región de Los Ríos (monto en miles de millones de pesos y facturas en miles de unidades),,,f035_positional
F035.CVRCITA.FLU.Z.CLP.Z.Z.Z.Z.14.0.M,Intra-regional,14,Los Ríos,M,Estadísticas Experimentales,Compraventas regionales según región de venta y de compra. Región de Los Ríos (monto en miles de millones de pesos y facturas en miles de unidades),,,f035_positional
F035.CVRCITE.FLU.Z.CLP.Z.Z.Z.Z.14.0.M,Inter-regional,14,Los Ríos,M,Estadísticas Experimentales,Compraventas regionales según región de venta y de compra. Región de Los Ríos (monto en miles de millones de pesos y facturas en miles de unidades),,,f035_positional
F035.CVRV.FLU.Z.CLP.Z.Z.Z.Z.14.0.M,Venta regional (monto),14,Los Ríos,M,Estadísticas Experimentales,Compraventas regionales según región de venta y de compra. Región de Los Ríos (monto en miles de millones de pesos y facturas en miles de unidades),,,f035_positional
F035.CVRVITA.FLU.Z.CLP.Z.Z.Z.Z.14.0.M,Intra-regional,14,Los Ríos,M,Estadísticas Experimentales,Compraventas regionales según región de venta y de compra. Región de Los Ríos (monto en miles de millones de pesos y facturas en miles de unidades),,,f035_positional
F035.CVRVITE.FLU.Z.CLP.Z.Z.Z.Z.14.0.M,Inter-regional,14,Los Ríos,M,Estadísticas Experimentales,Compraventas regionales según región de venta y de compra. Región de Los Ríos (monto en miles de millones de pesos y facturas en miles de unidades),,,f035_positional
F035.NFRC.FLU.Z.N.Z.Z.Z.Z.14.0.M,Compra región (cantidad de facturas recibidas),14,Los Ríos,M,Estadísticas Experimentales,Compraventas regionales según región de venta y de compra. Región de Los Ríos (monto en miles de millones de pesos y facturas en miles de unidades),,,f035_positional
F035.NFRCITA.FLU.Z.N.Z.Z.Z.Z.14.0.M,Intra-regional,14,Los Ríos,M,Estadísticas Experimentales,Compraventas regionales según región de venta y de compra. Región de Los Ríos (monto en miles de millones de pesos y facturas en miles de unidades),,,f035_positional
F035.NFRCITE.FLU.Z.N.Z.Z.Z.Z.14.0.M,Inter-regional,14,Los Ríos,M,Estadísticas Experimentales,Compraventas regionales según región de venta y de compra. Región de Los Ríos (monto en miles de millones de pesos y facturas en miles de unidades),,,f035_positional
F035.NFRV.FLU.Z.N.Z.Z.Z.Z.14.0.M,Venta regional (cantidad de facturas emitidas),14,Los Ríos,M,Estadísticas Experimentales,Compraventas regionales según región de venta y de compra. Región de Los Ríos (monto en miles de millones de pesos y facturas en miles de unidades),,,f035_positional
F035.NFRVITA.FLU.Z.N.Z.Z.Z.Z.14.0.M,Intra-regional,14,Los Ríos,M,Estadísticas Experimentales,Compraventas regionales según región de venta y de compra. Región de Los Ríos (monto en miles de millones de pesos y facturas en miles de unidades),,,f035_positional
F035.NFRVITE.FLU.Z.N.Z.Z.Z.Z.14.0.M,Inter-regional,14,Los Ríos,M,Estadísticas Experimentales,Compraventas regionales según región de venta y de compra. Región de Los Ríos (monto en miles de millones de pesos y facturas en miles de unidades),,,f035_positional
F035.CVRC.FLU.Z.CLP.Z.Z.Z.Z.15.0.M,Compra regional (monto),15,Arica y Parinacota,M,Estadísticas Experimentales,Compraventas regionales según región de venta y de compra. Región de Arica y Parinacota (monto en miles de millones de pesos y facturas en miles de unidades),,,f035_positional
F035.CVRCITA.FLU.Z.CLP.Z.Z.Z.Z.15.0.M,Intra-regional,15,Arica y Parinacota,M,Estadísticas Experimentales,Compraventas regionales según región de venta y de compra. Región de Arica y Parinacota (monto en miles de millones de pesos y facturas en miles de unidades),,,f035_positional
F035.CVRCITE.FLU.Z.CLP.Z.Z.Z.Z.15.0.M,Inter-regional,15,Arica y Parinacota,M,Estadísticas Experimentales,Compraventas regionales según región de venta y de compra. Región de Arica y Parinacota (monto en miles de millones de pesos y facturas en miles de unidades),,,f035_positional
F035.CVRV.FLU.Z.CLP.Z.Z.Z.Z.15.0.M,Venta regional (monto),15,Arica y Parinacota,M,Estadísticas Experimentales,Compraventas regionales según región de venta y de compra. Región de Arica y Parinacota (monto en miles de millones de pesos y facturas en miles de unidades),,,f035_positional
F035.CVRVITA.FLU.Z.CLP.Z.Z.Z.Z.15.0.M,Intra-regional,15,Arica y Parinacota,M,Estadísticas Experimentales,Compraventas regionales según región de venta y de compra. Región de Arica y Parinacota (monto en miles de millones de pesos y facturas en miles de unidades),,,f035_positional
F035.CVRVITE.FLU.Z.CLP.Z.Z.Z.Z.15.0.M,Inter-regional,15,Arica y Parinacota,M,Estadísticas Experimentales,Compraventas regionales según región de venta y de compra. Región de Arica y Parinacota (monto en miles de millones de pesos y facturas en miles de unidades),,,f035_positional
F035.NFRC.FLU.Z.N.Z.Z.Z.Z.15.0.M,Compra región (cantidad de facturas recibidas),15,Arica y Parinacota,M,Estadísticas Experimentales,Compraventas regionales según región de venta y de compra. Región de Arica y Parinacota (monto en miles de millones de pesos y facturas en miles de unidades),,,f035_positional
F035.NFRCITA.FLU.Z.N.Z.Z.Z.Z.15.0.M,Intra-regional,15,Arica y Parinacota,M,Estadísticas Experimentales,Compraventas regionales según región de venta y de compra. Región de Arica y Parinacota (monto en miles de millones de pesos y facturas en miles de unidades),,,f035_positional
F035.NFRCITE.FLU.Z.N.Z.Z.Z.Z.15.0.M,Inter-regional,15,Arica y Parinacota,M,Estadísticas Experimentales,Compraventas regionales según región de venta y de compra. Región de Arica y Parinacota (monto en miles de millones de pesos y facturas en miles de unidades),,,f035_positional
F035.NFRV.FLU.Z.N.Z.Z.Z.Z.15.0.M,Venta regional (cantidad de facturas emitidas),15,Arica y Parinacota,M,Estadísticas Experimentales,Compraventas regionales según región de venta y de compra. Región de Arica y Parinacota (monto en miles de millones de pesos y facturas en miles de unidades),,,f035_positional
F035.NFRVITA.FLU.Z.N.Z.Z.Z.Z.15.0.M,Intra-regional,15,Arica y Parinacota,M,Estadísticas Experimentales,Compraventas regionales según región de venta y de compra. Región de Arica y Parinacota (monto en miles de millones de pesos y facturas en miles de unidades),,,f035_positional
F035.NFRVITE.FLU.Z.N.Z.Z.Z.Z.15.0.M,Inter-regional,15,Arica y Parinacota,M,Estadísticas Experimentales,Compraventas regionales según región de venta y de compra. Región de Arica y Parinacota (monto en miles de millones de pesos y facturas en miles de unidades),,,f035_positional
F035.CVRC.FLU.Z.CLP.Z.Z.Z.Z.16.0.M,Compra regional (monto),16,Ñuble,M,Estadísticas Experimentales,Compraventas regionales según región de venta y de compra. Región de Ñuble (monto en miles de millones de pesos y facturas en miles de unidades),,,f035_positional
F035.CVRCITA.FLU.Z.CLP.Z.Z.Z.Z.16.0.M,Intra-regional,16,Ñuble,M,Estadísticas Experimentales,Compraventas regionales según región de venta y de compra. Región de Ñuble (monto en miles de millones de pesos y facturas en miles de unidades),,,f035_positional
F035.CVRCITE.FLU.Z.CLP.Z.Z.Z.Z.16.0.M,Inter-regional,16,Ñuble,M,Estadísticas Experimentales,Compraventas regionales según región de venta y de compra. Región de Ñuble (monto en miles de millones de pesos y facturas en miles de unidades),,,f035_positional
F035.CVRV.FLU.Z.CLP.Z.Z.Z.Z.16.0.M,Venta regional (monto),16,Ñuble,M,Estadísticas Experimentales,Compraventas regionales según región de venta y de compra. Región de Ñuble (monto en miles de millones de pesos y facturas en miles de unidades),,,f035_positional
F035.CVRVITA.FLU.Z.CLP.Z.Z.Z.Z.16.0.M,Intra-regional,16,Ñuble,M,Estadísticas Experimentales,Compraventas regionales según región de venta y de compra. Región de Ñuble (monto en miles de millones de pesos y facturas en miles de unidades),,,f035_positional
F035.CVRVITE.FLU.Z.CLP.Z.Z.Z.Z.16.0.M,Inter-regional,16,Ñuble,M,Estadísticas Experimentales,Compraventas regionales según región de venta y de compra. Región de Ñuble (monto en miles de millones de pesos y facturas en miles de unidades),,,f035_positional
F035.NFRC.FLU.Z.N.Z.Z.Z.Z.16.0.M,Compra región (cantidad de facturas recibidas),16,Ñuble,M,Estadísticas Experimentales,Compraventas regionales según región de venta y de compra. Región de Ñuble (monto en miles de millones de pesos y facturas en miles de unidades),,,f035_positional
F035.NFRCITA.FLU.Z.N.Z.Z.Z.Z.16.0.M,Intra-regional,16,Ñuble,M,Estadísticas Experimentales,Compraventas regionales según región de venta y de compra. Región de Ñuble (monto en miles de millones de pesos y facturas en miles de unidades),,,f035_positional
F035.NFRCITE.FLU.Z.N.Z.Z.Z.Z.16.0.M,Inter-regional,16,Ñuble,M,Estadísticas Experimentales,Compraventas regionales según región de venta y de compra. Región de Ñuble (monto en miles de millones de pesos y facturas en miles de unidades),,,f035_positional
F035.NFRV.FLU.Z.N.Z.Z.Z.Z.16.0.M,Venta regional (cantidad de facturas emitidas),16,Ñuble,M,Estadísticas Experimentales,Compraventas regionales según región de venta y de compra. Región de Ñuble (monto en miles de millones de pesos y facturas en miles de unidades),,,f035_positional
F035.NFRVITA.FLU.Z.N.Z.Z.Z.Z.16.0.M,Intra-regional,16,Ñuble,M,Estadísticas Experimentales,Compraventas regionales según región de venta y de compra. Región de Ñuble (monto en miles de millones de pesos y facturas en miles de unidades),,,f035_positional
F035.NFRVITE.FLU.Z.N.Z.Z.Z.Z.16.0.M,Inter-regional,16,Ñuble,M,Estadísticas Experimentales,Compraventas regionales según región de venta y de compra. Región de Ñuble (monto en miles de millones de pesos y facturas en miles de unidades),,,f035_positional
