date,region_code,region_name,value,population,gdp_pc,indicator,frequency,unit
2013-01-01,01,Tarapaca,825.61632501692,314818.0,2622519.43985706,PIB_Real_Regional,Quarterly,Miles_de_millones_pesos_encadenados_2018
2013-04-01,01,Tarapaca,936.88770215343,314818.0,2975966.1205948517,PIB_Real_Regional,Quarterly,Miles_de_millones_pesos_encadenados_2018
2013-07-01,01,Tarapaca,1053.8518326523,314818.0,3347495.482000076,PIB_Real_Regional,Quarterly,Miles_de_millones_pesos_encadenados_2018
2013-10-01,01,Tarapaca,1151.0680900508,314818.0,3656296.9399805604,PIB_Real_Regional,Quarterly,Miles_de_millones_pesos_encadenados_2018
2014-01-01,01,Tarapaca,983.64213129778,321678.0,3057847.074707565,PIB_Real_Regional,Quarterly,Miles_de_millones_pesos_encadenados_2018
2014-04-01,01,Tarapaca,998.89991327286,321678.0,3105278.9226271613,PIB_Real_Regional,Quarterly,Miles_de_millones_pesos_encadenados_2018
2014-07-01,01,Tarapaca,957.041823306,321678.0,2975154.7302146866,PIB_Real_Regional,Quarterly,Miles_de_millones_pesos_encadenados_2018
2014-10-01,01,Tarapaca,1090.8748533261,321678.0,3391201.3048020075,PIB_Real_Regional,Quarterly,Miles_de_millones_pesos_encadenados_2018
2015-01-01,01,Tarapaca,972.57200598717,328417.0,2961393.6123500606,PIB_Real_Regional,Quarterly,Miles_de_millones_pesos_encadenados_2018
2015-04-01,01,Tarapaca,1033.1974939292,328417.0,3145992.728540849,PIB_Real_Regional,Quarterly,Miles_de_millones_pesos_encadenados_2018
2015-07-01,01,Tarapaca,948.53099051674,328417.0,2888190.899121361,PIB_Real_Regional,Quarterly,Miles_de_millones_pesos_encadenados_2018
2015-10-01,01,Tarapaca,1074.8100279685,328417.0,3272699.1232746784,PIB_Real_Regional,Quarterly,Miles_de_millones_pesos_encadenados_2018
2016-01-01,01,Tarapaca,945.83338285308,334865.0,2824521.472393592,PIB_Real_Regional,Quarterly,Miles_de_millones_pesos_encadenados_2018
2016-04-01,01,Tarapaca,1011.5279928741,334865.0,3020703.8444570205,PIB_Real_Regional,Quarterly,Miles_de_millones_pesos_encadenados_2018
2016-07-01,01,Tarapaca,979.96993917975,334865.0,2926462.721334717,PIB_Real_Regional,Quarterly,Miles_de_millones_pesos_encadenados_2018
2016-10-01,01,Tarapaca,985.33537938195,334865.0,2942485.4176517404,PIB_Real_Regional,Quarterly,Miles_de_millones_pesos_encadenados_2018
2017-01-01,01,Tarapaca,988.66207975891,342129.0,2889734.8069263636,PIB_Real_Regional,Quarterly,Miles_de_millones_pesos_encadenados_2018
2017-04-01,01,Tarapaca,994.71779864357,342129.0,2907434.9109358457,PIB_Real_Regional,Quarterly,Miles_de_millones_pesos_encadenados_2018
2017-07-01,01,Tarapaca,1002.415029794,342129.0,2929932.9486655616,PIB_Real_Regional,Quarterly,Miles_de_millones_pesos_encadenados_2018
2017-10-01,01,Tarapaca,1095.6717952866,342129.0,3202510.7350929035,PIB_Real_Regional,Quarterly,Miles_de_millones_pesos_encadenados_2018
2018-01-01,01,Tarapaca,1034.8208728326,354940.0,2915481.131550684,PIB_Real_Regional,Quarterly,Miles_de_millones_pesos_encadenados_2018
2018-04-01,01,Tarapaca,1075.2276355218,354940.0,3029322.2390313856,PIB_Real_Regional,Quarterly,Miles_de_millones_pesos_encadenados_2018
2018-07-01,01,Tarapaca,1037.3265551238,354940.0,2922540.5846729027,PIB_Real_Regional,Quarterly,Miles_de_millones_pesos_encadenados_2018
2018-10-01,01,Tarapaca,1206.0820847141,354940.0,3397988.631075956,PIB_Real_Regional,Quarterly,Miles_de_millones_pesos_encadenados_2018
2019-01-01,01,Tarapaca,1062.8299993359,368906.0,2881032.022617957,PIB_Real_Regional,Quarterly,Miles_de_millones_pesos_encadenados_2018
2019-04-01,01,Tarapaca,1123.8056482372,368906.0,3046319.789423865,PIB_Real_Regional,Quarterly,Miles_de_millones_pesos_encadenados_2018
2019-07-01,01,Tarapaca,1182.2048036555,368906.0,3204623.409907944,PIB_Real_Regional,Quarterly,Miles_de_millones_pesos_encadenados_2018
2019-10-01,01,Tarapaca,1202.4026875193,368906.0,3259374.1698950403,PIB_Real_Regional,Quarterly,Miles_de_millones_pesos_encadenados_2018
2020-01-01,01,Tarapaca,1136.8679105141,382773.0,2970083.8630574783,PIB_Real_Regional,Quarterly,Miles_de_millones_pesos_encadenados_2018
2020-04-01,01,Tarapaca,1042.6929363349,382773.0,2724050.380603909,PIB_Real_Regional,Quarterly,Miles_de_millones_pesos_encadenados_2018
2020-07-01,01,Tarapaca,1092.8624066196,382773.0,2855118.8475143234,PIB_Real_Regional,Quarterly,Miles_de_millones_pesos_encadenados_2018
2020-10-01,01,Tarapaca,1118.9806247035,382773.0,2923353.0701055196,PIB_Real_Regional,Quarterly,Miles_de_millones_pesos_encadenados_2018
2021-01-01,01,Tarapaca,1103.2889780353,391165.0,2820520.6959602726,PIB_Real_Regional,Quarterly,Miles_de_millones_pesos_encadenados_2018
2021-04-01,01,Tarapaca,1222.5871012389,391165.0,3125502.284813058,PIB_Real_Regional,Quarterly,Miles_de_millones_pesos_encadenados_2018
2021-07-01,01,Tarapaca,1184.8620292476,391165.0,3029059.4231273253,PIB_Real_Regional,Quarterly,Miles_de_millones_pesos_encadenados_2018
2021-10-01,01,Tarapaca,1281.8828710144,391165.0,3277089.9007181115,PIB_Real_Regional,Quarterly,Miles_de_millones_pesos_encadenados_2018
2022-01-01,01,Tarapaca,1183.7049612671,396697.0,2983901.9737157077,PIB_Real_Regional,Quarterly,Miles_de_millones_pesos_encadenados_2018
2022-04-01,01,Tarapaca,1242.2448563451,396697.0,3131470.2565058474,PIB_Real_Regional,Quarterly,Miles_de_millones_pesos_encadenados_2018
2022-07-01,01,Tarapaca,1182.9337711367,396697.0,2981957.945577355,PIB_Real_Regional,Quarterly,Miles_de_millones_pesos_encadenados_2018
2022-10-01,01,Tarapaca,1244.8538641383,396697.0,3138047.0841430617,PIB_Real_Regional,Quarterly,Miles_de_millones_pesos_encadenados_2018
2023-01-01,01,Tarapaca,1175.7146558073,401588.0,2927663.8141759713,PIB_Real_Regional,Quarterly,Miles_de_millones_pesos_encadenados_2018
2023-04-01,01,Tarapaca,1191.0027602334,401588.0,2965732.940808491,PIB_Real_Regional,Quarterly,Miles_de_millones_pesos_encadenados_2018
2023-07-01,01,Tarapaca,1281.4895566044,401588.0,3191055.4015667797,PIB_Real_Regional,Quarterly,Miles_de_millones_pesos_encadenados_2018
2023-10-01,01,Tarapaca,1369.8738080583,401588.0,3411142.2852732153,PIB_Real_Regional,Quarterly,Miles_de_millones_pesos_encadenados_2018
2024-01-01,01,Tarapaca,1283.4121042275,406287.0,3158880.5554386433,PIB_Real_Regional,Quarterly,Miles_de_millones_pesos_encadenados_2018
2024-04-01,01,Tarapaca,1276.0450083381,406287.0,3140747.817031064,PIB_Real_Regional,Quarterly,Miles_de_millones_pesos_encadenados_2018
2024-07-01,01,Tarapaca,1292.7771592211,406287.0,3181930.8991454314,PIB_Real_Regional,Quarterly,Miles_de_millones_pesos_encadenados_2018
2024-10-01,01,Tarapaca,1328.5771846746,406287.0,3270046.0134697882,PIB_Real_Regional,Quarterly,Miles_de_millones_pesos_encadenados_2018
2025-01-01,01,Tarapaca,1078.7622975045,410903.0,2625345.3917457405,PIB_Real_Regional,Quarterly,Miles_de_millones_pesos_encadenados_2018
2025-04-01,01,Tarapaca,1234.0208028173,410903.0,3003192.4878068543,PIB_Real_Regional,Quarterly,Miles_de_millones_pesos_encadenados_2018
2025-07-01,01,Tarapaca,1175.9168415511,410903.0,2861786.9461919237,PIB_Real_Regional,Quarterly,Miles_de_millones_pesos_encadenados_2018
2025-10-01,01,Tarapaca,1259.5501979765,410903.0,3065322.4677758496,PIB_Real_Regional,Quarterly,Miles_de_millones_pesos_encadenados_2018
2026-01-01,01,Tarapaca,1137.6485807586,415447.0,2738372.357385178,PIB_Real_Regional,Quarterly,Miles_de_millones_pesos_encadenados_2018
2013-01-01,02,Antofagasta,3685.1189010479,586685.0,6281256.382978771,PIB_Real_Regional,Quarterly,Miles_de_millones_pesos_encadenados_2018
2013-04-01,02,Antofagasta,3869.7920355716,586685.0,6596030.2983229505,PIB_Real_Regional,Quarterly,Miles_de_millones_pesos_encadenados_2018
2013-07-01,02,Antofagasta,3752.1905754364,586685.0,6395579.528088157,PIB_Real_Regional,Quarterly,Miles_de_millones_pesos_encadenados_2018
2013-10-01,02,Antofagasta,4057.679834899,586685.0,6916283.584715819,PIB_Real_Regional,Quarterly,Miles_de_millones_pesos_encadenados_2018
2014-01-01,02,Antofagasta,3762.9250333834,596155.0,6311991.065047514,PIB_Real_Regional,Quarterly,Miles_de_millones_pesos_encadenados_2018
2014-04-01,02,Antofagasta,4156.2340624138,596155.0,6971733.965854182,PIB_Real_Regional,Quarterly,Miles_de_millones_pesos_encadenados_2018
2014-07-01,02,Antofagasta,3844.8321647261,596155.0,6449383.406540413,PIB_Real_Regional,Quarterly,Miles_de_millones_pesos_encadenados_2018
2014-10-01,02,Antofagasta,4295.8296628718,596155.0,7205893.874700036,PIB_Real_Regional,Quarterly,Miles_de_millones_pesos_encadenados_2018
2015-01-01,02,Antofagasta,4038.6514372301,604877.0,6676814.356026267,PIB_Real_Regional,Quarterly,Miles_de_millones_pesos_encadenados_2018
2015-04-01,02,Antofagasta,4135.8607557255,604877.0,6837523.588639509,PIB_Real_Regional,Quarterly,Miles_de_millones_pesos_encadenados_2018
2015-07-01,02,Antofagasta,3839.8297218129,604877.0,6348116.595296068,PIB_Real_Regional,Quarterly,Miles_de_millones_pesos_encadenados_2018
2015-10-01,02,Antofagasta,4049.8606637305,604877.0,6695345.770678171,PIB_Real_Regional,Quarterly,Miles_de_millones_pesos_encadenados_2018
2016-01-01,02,Antofagasta,3821.6244382145,613640.0,6227795.512376149,PIB_Real_Regional,Quarterly,Miles_de_millones_pesos_encadenados_2018
2016-04-01,02,Antofagasta,3894.8484242745,613640.0,6347122.782534548,PIB_Real_Regional,Quarterly,Miles_de_millones_pesos_encadenados_2018
2016-07-01,02,Antofagasta,3689.9155365536,613640.0,6013160.055657388,PIB_Real_Regional,Quarterly,Miles_de_millones_pesos_encadenados_2018
2016-10-01,02,Antofagasta,3936.0410782602,613640.0,6414251.154194967,PIB_Real_Regional,Quarterly,Miles_de_millones_pesos_encadenados_2018
2017-01-01,02,Antofagasta,3226.3882239608,623851.0,5171728.864682112,PIB_Real_Regional,Quarterly,Miles_de_millones_pesos_encadenados_2018
2017-04-01,02,Antofagasta,3627.7413455278,623851.0,5815076.589646887,PIB_Real_Regional,Quarterly,Miles_de_millones_pesos_encadenados_2018
2017-07-01,02,Antofagasta,3858.929561046,623851.0,6185659.013203473,PIB_Real_Regional,Quarterly,Miles_de_millones_pesos_encadenados_2018
2017-10-01,02,Antofagasta,4163.8627608226,623851.0,6674450.727533657,PIB_Real_Regional,Quarterly,Miles_de_millones_pesos_encadenados_2018
2018-01-01,02,Antofagasta,3921.9308992553,645022.0,6080305.631831628,PIB_Real_Regional,Quarterly,Miles_de_millones_pesos_encadenados_2018
2018-04-01,02,Antofagasta,3907.6407832228,645022.0,6058151.168832691,PIB_Real_Regional,Quarterly,Miles_de_millones_pesos_encadenados_2018
2018-07-01,02,Antofagasta,3872.6964801846,645022.0,6003975.802661925,PIB_Real_Regional,Quarterly,Miles_de_millones_pesos_encadenados_2018
2018-10-01,02,Antofagasta,4271.891064157,645022.0,6622861.025138677,PIB_Real_Regional,Quarterly,Miles_de_millones_pesos_encadenados_2018
2019-01-01,02,Antofagasta,3741.3783242103,668563.0,5596149.239802831,PIB_Real_Regional,Quarterly,Miles_de_millones_pesos_encadenados_2018
2019-04-01,02,Antofagasta,3936.8514329652,668563.0,5888527.2337314505,PIB_Real_Regional,Quarterly,Miles_de_millones_pesos_encadenados_2018
2019-07-01,02,Antofagasta,4026.4940882632,668563.0,6022609.818765323,PIB_Real_Regional,Quarterly,Miles_de_millones_pesos_encadenados_2018
2019-10-01,02,Antofagasta,4260.8772419825,668563.0,6373187.331608988,PIB_Real_Regional,Quarterly,Miles_de_millones_pesos_encadenados_2018
2020-01-01,02,Antofagasta,3880.4909150714,691854.0,5608829.196725611,PIB_Real_Regional,Quarterly,Miles_de_millones_pesos_encadenados_2018
2020-04-01,02,Antofagasta,3796.4757169702,691854.0,5487394.330263611,PIB_Real_Regional,Quarterly,Miles_de_millones_pesos_encadenados_2018
2020-07-01,02,Antofagasta,3829.9092130852,691854.0,5535718.826638568,PIB_Real_Regional,Quarterly,Miles_de_millones_pesos_encadenados_2018
2020-10-01,02,Antofagasta,4182.2786310809,691854.0,6045030.643865469,PIB_Real_Regional,Quarterly,Miles_de_millones_pesos_encadenados_2018
2021-01-01,02,Antofagasta,3724.4741518175,703746.0,5292355.6962561775,PIB_Real_Regional,Quarterly,Miles_de_millones_pesos_encadenados_2018
2021-04-01,02,Antofagasta,3857.0917606216,703746.0,5480800.971688081,PIB_Real_Regional,Quarterly,Miles_de_millones_pesos_encadenados_2018
2021-07-01,02,Antofagasta,3784.4313910219,703746.0,5377552.96800536,PIB_Real_Regional,Quarterly,Miles_de_millones_pesos_encadenados_2018
2021-10-01,02,Antofagasta,4171.0485206942,703746.0,5926923.237495063,PIB_Real_Regional,Quarterly,Miles_de_millones_pesos_encadenados_2018
2022-01-01,02,Antofagasta,3564.7021245876,709637.0,5023275.455743711,PIB_Real_Regional,Quarterly,Miles_de_millones_pesos_encadenados_2018
2022-04-01,02,Antofagasta,3896.0054315662,709637.0,5490138.523732838,PIB_Real_Regional,Quarterly,Miles_de_millones_pesos_encadenados_2018
2022-07-01,02,Antofagasta,3733.7105320291,709637.0,5261437.230625094,PIB_Real_Regional,Quarterly,Miles_de_millones_pesos_encadenados_2018
2022-10-01,02,Antofagasta,4269.6328408328,709637.0,6016643.496368988,PIB_Real_Regional,Quarterly,Miles_de_millones_pesos_encadenados_2018
2023-01-01,02,Antofagasta,3666.8604349855,714142.0,5134637.698084555,PIB_Real_Regional,Quarterly,Miles_de_millones_pesos_encadenados_2018
2023-04-01,02,Antofagasta,3899.4725135268,714142.0,5460360.1433983715,PIB_Real_Regional,Quarterly,Miles_de_millones_pesos_encadenados_2018
2023-07-01,02,Antofagasta,4101.5764659566,714142.0,5743362.61689776,PIB_Real_Regional,Quarterly,Miles_de_millones_pesos_encadenados_2018
2023-10-01,02,Antofagasta,4439.4322089249,714142.0,6216455.843410553,PIB_Real_Regional,Quarterly,Miles_de_millones_pesos_encadenados_2018
2024-01-01,02,Antofagasta,4039.421128294,718232.0,5624117.455493489,PIB_Real_Regional,Quarterly,Miles_de_millones_pesos_encadenados_2018
2024-04-01,02,Antofagasta,4208.0926824169,718232.0,5858960.172224156,PIB_Real_Regional,Quarterly,Miles_de_millones_pesos_encadenados_2018
2024-07-01,02,Antofagasta,4422.5725434584,718232.0,6157582.1509740595,PIB_Real_Regional,Quarterly,Miles_de_millones_pesos_encadenados_2018
2024-10-01,02,Antofagasta,4948.2896597001,718232.0,6889542.180938888,PIB_Real_Regional,Quarterly,Miles_de_millones_pesos_encadenados_2018
2025-01-01,02,Antofagasta,4230.8783968366,722120.0,5858968.588096992,PIB_Real_Regional,Quarterly,Miles_de_millones_pesos_encadenados_2018
2025-04-01,02,Antofagasta,4465.6375682535,722120.0,6184065.7622742755,PIB_Real_Regional,Quarterly,Miles_de_millones_pesos_encadenados_2018
2025-07-01,02,Antofagasta,4419.6169279123,722120.0,6120335.855415028,PIB_Real_Regional,Quarterly,Miles_de_millones_pesos_encadenados_2018
2025-10-01,02,Antofagasta,4777.119712945,722120.0,6615409.783616296,PIB_Real_Regional,Quarterly,Miles_de_millones_pesos_encadenados_2018
2026-01-01,02,Antofagasta,4006.3234201107,725843.0,5519545.43904219,PIB_Real_Regional,Quarterly,Miles_de_millones_pesos_encadenados_2018
2013-01-01,03,Atacama,882.84778355134,294709.0,2995659.391302403,PIB_Real_Regional,Quarterly,Miles_de_millones_pesos_encadenados_2018
2013-04-01,03,Atacama,851.18665629085,294709.0,2888227.5610546335,PIB_Real_Regional,Quarterly,Miles_de_millones_pesos_encadenados_2018
2013-07-01,03,Atacama,872.35400843442,294709.0,2960052.147828604,PIB_Real_Regional,Quarterly,Miles_de_millones_pesos_encadenados_2018
2013-10-01,03,Atacama,984.61914312471,294709.0,3340987.696760907,PIB_Real_Regional,Quarterly,Miles_de_millones_pesos_encadenados_2018
2014-01-01,03,Atacama,938.1770357688,297546.0,3153048.7244621003,PIB_Real_Regional,Quarterly,Miles_de_millones_pesos_encadenados_2018
2014-04-01,03,Atacama,882.79426568544,297546.0,2966916.9327950636,PIB_Real_Regional,Quarterly,Miles_de_millones_pesos_encadenados_2018
2014-07-01,03,Atacama,926.93123231657,297546.0,3115253.5484145978,PIB_Real_Regional,Quarterly,Miles_de_millones_pesos_encadenados_2018
2014-10-01,03,Atacama,989.36594987209,297546.0,3325085.700604579,PIB_Real_Regional,Quarterly,Miles_de_millones_pesos_encadenados_2018
2015-01-01,03,Atacama,935.34346171491,300065.0,3117136.159548464,PIB_Real_Regional,Quarterly,Miles_de_millones_pesos_encadenados_2018
2015-04-01,03,Atacama,871.92207569114,300065.0,2905777.333881459,PIB_Real_Regional,Quarterly,Miles_de_millones_pesos_encadenados_2018
2015-07-01,03,Atacama,872.5878361492,300065.0,2907996.054685485,PIB_Real_Regional,Quarterly,Miles_de_millones_pesos_encadenados_2018
2015-10-01,03,Atacama,972.68122290685,300065.0,3241568.40320214,PIB_Real_Regional,Quarterly,Miles_de_millones_pesos_encadenados_2018
2016-01-01,03,Atacama,982.28714324555,302402.0,3248282.561773897,PIB_Real_Regional,Quarterly,Miles_de_millones_pesos_encadenados_2018
2016-04-01,03,Atacama,909.41686318526,302402.0,3007311.00715359,PIB_Real_Regional,Quarterly,Miles_de_millones_pesos_encadenados_2018
2016-07-01,03,Atacama,915.88645309517,302402.0,3028705.0121863284,PIB_Real_Regional,Quarterly,Miles_de_millones_pesos_encadenados_2018
2016-10-01,03,Atacama,986.33282618366,302402.0,3261661.0544363465,PIB_Real_Regional,Quarterly,Miles_de_millones_pesos_encadenados_2018
2017-01-01,03,Atacama,959.18747085713,304580.0,3149213.5756028956,PIB_Real_Regional,Quarterly,Miles_de_millones_pesos_encadenados_2018
2017-04-01,03,Atacama,902.17972858394,304580.0,2962045.205147876,PIB_Real_Regional,Quarterly,Miles_de_millones_pesos_encadenados_2018
2017-07-01,03,Atacama,945.51130639031,304580.0,3104311.860234782,PIB_Real_Regional,Quarterly,Miles_de_millones_pesos_encadenados_2018
2017-10-01,03,Atacama,953.44329579719,304580.0,3130354.24452423,PIB_Real_Regional,Quarterly,Miles_de_millones_pesos_encadenados_2018
2018-01-01,03,Atacama,921.72858009432,307835.0,2994229.311463349,PIB_Real_Regional,Quarterly,Miles_de_millones_pesos_encadenados_2018
2018-04-01,03,Atacama,897.5607252153,307835.0,2915720.191710819,PIB_Real_Regional,Quarterly,Miles_de_millones_pesos_encadenados_2018
2018-07-01,03,Atacama,895.84107582351,307835.0,2910133.9218201633,PIB_Real_Regional,Quarterly,Miles_de_millones_pesos_encadenados_2018
2018-10-01,03,Atacama,956.31003013224,307835.0,3106566.927517144,PIB_Real_Regional,Quarterly,Miles_de_millones_pesos_encadenados_2018
2019-01-01,03,Atacama,857.18306619739,311307.0,2753497.5641324804,PIB_Real_Regional,Quarterly,Miles_de_millones_pesos_encadenados_2018
2019-04-01,03,Atacama,856.72625436961,311307.0,2752030.1643381296,PIB_Real_Regional,Quarterly,Miles_de_millones_pesos_encadenados_2018
2019-07-01,03,Atacama,892.6585808296,311307.0,2867454.252007183,PIB_Real_Regional,Quarterly,Miles_de_millones_pesos_encadenados_2018
2019-10-01,03,Atacama,906.10310219032,311307.0,2910641.5923519866,PIB_Real_Regional,Quarterly,Miles_de_millones_pesos_encadenados_2018
2020-01-01,03,Atacama,895.94026241281,314709.0,2846884.7805839996,PIB_Real_Regional,Quarterly,Miles_de_millones_pesos_encadenados_2018
2020-04-01,03,Atacama,859.6920643635,314709.0,2731704.7315567713,PIB_Real_Regional,Quarterly,Miles_de_millones_pesos_encadenados_2018
2020-07-01,03,Atacama,856.24534978907,314709.0,2720752.662901506,PIB_Real_Regional,Quarterly,Miles_de_millones_pesos_encadenados_2018
2020-10-01,03,Atacama,913.29584657996,314709.0,2902032.8194616614,PIB_Real_Regional,Quarterly,Miles_de_millones_pesos_encadenados_2018
2021-01-01,03,Atacama,940.85209811156,316737.0,2970452.1357200453,PIB_Real_Regional,Quarterly,Miles_de_millones_pesos_encadenados_2018
2021-04-01,03,Atacama,973.23631265094,316737.0,3072695.367610794,PIB_Real_Regional,Quarterly,Miles_de_millones_pesos_encadenados_2018
2021-07-01,03,Atacama,954.76162275922,316737.0,3014367.196630706,PIB_Real_Regional,Quarterly,Miles_de_millones_pesos_encadenados_2018
2021-10-01,03,Atacama,1076.7272319527,316737.0,3399436.226120409,PIB_Real_Regional,Quarterly,Miles_de_millones_pesos_encadenados_2018
2022-01-01,03,Atacama,998.47184453922,318004.0,3139809.0732796444,PIB_Real_Regional,Quarterly,Miles_de_millones_pesos_encadenados_2018
2022-04-01,03,Atacama,986.27422523442,318004.0,3101452.262343933,PIB_Real_Regional,Quarterly,Miles_de_millones_pesos_encadenados_2018
2022-07-01,03,Atacama,917.03063938285,318004.0,2883707.87594763,PIB_Real_Regional,Quarterly,Miles_de_millones_pesos_encadenados_2018
2022-10-01,03,Atacama,1062.6333365247,318004.0,3341572.233445806,PIB_Real_Regional,Quarterly,Miles_de_millones_pesos_encadenados_2018
2023-01-01,03,Atacama,974.94865898765,319048.0,3055805.5809397018,PIB_Real_Regional,Quarterly,Miles_de_millones_pesos_encadenados_2018
2023-04-01,03,Atacama,1004.4267390421,319048.0,3148199.4528788775,PIB_Real_Regional,Quarterly,Miles_de_millones_pesos_encadenados_2018
2023-07-01,03,Atacama,968.66002046392,319048.0,3036094.9464153354,PIB_Real_Regional,Quarterly,Miles_de_millones_pesos_encadenados_2018
2023-10-01,03,Atacama,1068.9171340036,319048.0,3350333.285284973,PIB_Real_Regional,Quarterly,Miles_de_millones_pesos_encadenados_2018
2024-01-01,03,Atacama,1019.5471400233,319992.0,3186164.4666844797,PIB_Real_Regional,Quarterly,Miles_de_millones_pesos_encadenados_2018
2024-04-01,03,Atacama,966.53944343152,319992.0,3020511.2735053375,PIB_Real_Regional,Quarterly,Miles_de_millones_pesos_encadenados_2018
2024-07-01,03,Atacama,1019.1385374337,319992.0,3184887.551669104,PIB_Real_Regional,Quarterly,Miles_de_millones_pesos_encadenados_2018
2024-10-01,03,Atacama,1135.231169719,319992.0,3547686.0975243133,PIB_Real_Regional,Quarterly,Miles_de_millones_pesos_encadenados_2018
2025-01-01,03,Atacama,1136.1638555935,320864.0,3540951.4797344045,PIB_Real_Regional,Quarterly,Miles_de_millones_pesos_encadenados_2018
2025-04-01,03,Atacama,1145.4388099822,320864.0,3569857.6654975316,PIB_Real_Regional,Quarterly,Miles_de_millones_pesos_encadenados_2018
2025-07-01,03,Atacama,1147.5741916105,320864.0,3576512.7643191507,PIB_Real_Regional,Quarterly,Miles_de_millones_pesos_encadenados_2018
2025-10-01,03,Atacama,1343.7011921597,320864.0,4187759.275455333,PIB_Real_Regional,Quarterly,Miles_de_millones_pesos_encadenados_2018
2026-01-01,03,Atacama,1255.4303708233,321644.0,3903167.3863753094,PIB_Real_Regional,Quarterly,Miles_de_millones_pesos_encadenados_2018
2013-01-01,04,Coquimbo,1414.0219850271,743026.0,1903058.5538421269,PIB_Real_Regional,Quarterly,Miles_de_millones_pesos_encadenados_2018
2013-04-01,04,Coquimbo,1402.6508954609,743026.0,1887754.7965493808,PIB_Real_Regional,Quarterly,Miles_de_millones_pesos_encadenados_2018
2013-07-01,04,Coquimbo,1336.7193847603,743026.0,1799021.0097093508,PIB_Real_Regional,Quarterly,Miles_de_millones_pesos_encadenados_2018
2013-10-01,04,Coquimbo,1425.5550799429,743026.0,1918580.3456984006,PIB_Real_Regional,Quarterly,Miles_de_millones_pesos_encadenados_2018
2014-01-01,04,Coquimbo,1355.8132538399,755432.0,1794752.2130911849,PIB_Real_Regional,Quarterly,Miles_de_millones_pesos_encadenados_2018
2014-04-01,04,Coquimbo,1349.1200758665,755432.0,1785892.1463037045,PIB_Real_Regional,Quarterly,Miles_de_millones_pesos_encadenados_2018
2014-07-01,04,Coquimbo,1281.6027779899,755432.0,1696516.4011981222,PIB_Real_Regional,Quarterly,Miles_de_millones_pesos_encadenados_2018
2014-10-01,04,Coquimbo,1382.9863847133,755432.0,1830722.5332171523,PIB_Real_Regional,Quarterly,Miles_de_millones_pesos_encadenados_2018
2015-01-01,04,Coquimbo,1328.7157915617,768087.0,1729902.7213866396,PIB_Real_Regional,Quarterly,Miles_de_millones_pesos_encadenados_2018
2015-04-01,04,Coquimbo,1378.3310257491,768087.0,1794498.5734026225,PIB_Real_Regional,Quarterly,Miles_de_millones_pesos_encadenados_2018
2015-07-01,04,Coquimbo,1287.1666171066,768087.0,1675808.361691579,PIB_Real_Regional,Quarterly,Miles_de_millones_pesos_encadenados_2018
2015-10-01,04,Coquimbo,1385.1888948634,768087.0,1803427.079046254,PIB_Real_Regional,Quarterly,Miles_de_millones_pesos_encadenados_2018
2016-01-01,04,Coquimbo,1389.7715160041,780310.0,1781050.5004473864,PIB_Real_Regional,Quarterly,Miles_de_millones_pesos_encadenados_2018
2016-04-01,04,Coquimbo,1359.9485810068,780310.0,1742831.158138176,PIB_Real_Regional,Quarterly,Miles_de_millones_pesos_encadenados_2018
2016-07-01,04,Coquimbo,1300.9467244946,780310.0,1667217.8038146375,PIB_Real_Regional,Quarterly,Miles_de_millones_pesos_encadenados_2018
2016-10-01,04,Coquimbo,1388.7525099721,780310.0,1779744.601468775,PIB_Real_Regional,Quarterly,Miles_de_millones_pesos_encadenados_2018
2017-01-01,04,Coquimbo,1423.0693768607,793049.0,1794428.0578636376,PIB_Real_Regional,Quarterly,Miles_de_millones_pesos_encadenados_2018
2017-04-01,04,Coquimbo,1374.7349982628,793049.0,1733480.5267553455,PIB_Real_Regional,Quarterly,Miles_de_millones_pesos_encadenados_2018
2017-07-01,04,Coquimbo,1320.1659393627,793049.0,1664671.3372852122,PIB_Real_Regional,Quarterly,Miles_de_millones_pesos_encadenados_2018
2017-10-01,04,Coquimbo,1442.0352172877,793049.0,1818343.1506599216,PIB_Real_Regional,Quarterly,Miles_de_millones_pesos_encadenados_2018
2018-01-01,04,Coquimbo,1472.5257361149,807213.0,1824209.6399771806,PIB_Real_Regional,Quarterly,Miles_de_millones_pesos_encadenados_2018
2018-04-01,04,Coquimbo,1459.384366372,807213.0,1807929.711701868,PIB_Real_Regional,Quarterly,Miles_de_millones_pesos_encadenados_2018
2018-07-01,04,Coquimbo,1413.6474933626,807213.0,1751269.4832251216,PIB_Real_Regional,Quarterly,Miles_de_millones_pesos_encadenados_2018
2018-10-01,04,Coquimbo,1531.2306810752,807213.0,1896935.1101570465,PIB_Real_Regional,Quarterly,Miles_de_millones_pesos_encadenados_2018
2019-01-01,04,Coquimbo,1484.8087319923,821726.0,1806938.9699149108,PIB_Real_Regional,Quarterly,Miles_de_millones_pesos_encadenados_2018
2019-04-01,04,Coquimbo,1543.5487854976,821726.0,1878422.716936789,PIB_Real_Regional,Quarterly,Miles_de_millones_pesos_encadenados_2018
2019-07-01,04,Coquimbo,1463.275061708,821726.0,1780733.555598825,PIB_Real_Regional,Quarterly,Miles_de_millones_pesos_encadenados_2018
2019-10-01,04,Coquimbo,1463.2392403808,821726.0,1780689.9628109613,PIB_Real_Regional,Quarterly,Miles_de_millones_pesos_encadenados_2018
2020-01-01,04,Coquimbo,1511.1669911367,836096.0,1807408.4688082468,PIB_Real_Regional,Quarterly,Miles_de_millones_pesos_encadenados_2018
2020-04-01,04,Coquimbo,1335.652333398,836096.0,1597486.8117991237,PIB_Real_Regional,Quarterly,Miles_de_millones_pesos_encadenados_2018
2020-07-01,04,Coquimbo,1322.1633017239,836096.0,1581353.4590811343,PIB_Real_Regional,Quarterly,Miles_de_millones_pesos_encadenados_2018
2020-10-01,04,Coquimbo,1487.3300741131,836096.0,1778898.6840184617,PIB_Real_Regional,Quarterly,Miles_de_millones_pesos_encadenados_2018
2021-01-01,04,Coquimbo,1489.19563524,848079.0,1755963.342141475,PIB_Real_Regional,Quarterly,Miles_de_millones_pesos_encadenados_2018
2021-04-01,04,Coquimbo,1552.1562554559,848079.0,1830202.4404046084,PIB_Real_Regional,Quarterly,Miles_de_millones_pesos_encadenados_2018
2021-07-01,04,Coquimbo,1515.6284242805,848079.0,1787131.1803269507,PIB_Real_Regional,Quarterly,Miles_de_millones_pesos_encadenados_2018
2021-10-01,04,Coquimbo,1605.1687073064,848079.0,1892711.300841549,PIB_Real_Regional,Quarterly,Miles_de_millones_pesos_encadenados_2018
2022-01-01,04,Coquimbo,1477.2111419857,858769.0,1720149.5885222917,PIB_Real_Regional,Quarterly,Miles_de_millones_pesos_encadenados_2018
2022-04-01,04,Coquimbo,1517.9653540585,858769.0,1767606.1362933454,PIB_Real_Regional,Quarterly,Miles_de_millones_pesos_encadenados_2018
2022-07-01,04,Coquimbo,1485.1622948191,858769.0,1729408.3680467042,PIB_Real_Regional,Quarterly,Miles_de_millones_pesos_encadenados_2018
2022-10-01,04,Coquimbo,1622.9390202679,858769.0,1889843.5088689742,PIB_Real_Regional,Quarterly,Miles_de_millones_pesos_encadenados_2018
2023-01-01,04,Coquimbo,1519.0100071031,869103.0,1747790.5462334151,PIB_Real_Regional,Quarterly,Miles_de_millones_pesos_encadenados_2018
2023-04-01,04,Coquimbo,1588.0950127652,869103.0,1827280.5556593407,PIB_Real_Regional,Quarterly,Miles_de_millones_pesos_encadenados_2018
2023-07-01,04,Coquimbo,1551.3763889035,869103.0,1785031.6808289697,PIB_Real_Regional,Quarterly,Miles_de_millones_pesos_encadenados_2018
2023-10-01,04,Coquimbo,1659.1781498219,869103.0,1909069.6382614027,PIB_Real_Regional,Quarterly,Miles_de_millones_pesos_encadenados_2018
2024-01-01,04,Coquimbo,1585.7461404563,879267.0,1803486.4727736854,PIB_Real_Regional,Quarterly,Miles_de_millones_pesos_encadenados_2018
2024-04-01,04,Coquimbo,1581.4283899599,879267.0,1798575.847791285,PIB_Real_Regional,Quarterly,Miles_de_millones_pesos_encadenados_2018
2024-07-01,04,Coquimbo,1557.7068322638,879267.0,1771597.0601237165,PIB_Real_Regional,Quarterly,Miles_de_millones_pesos_encadenados_2018
2024-10-01,04,Coquimbo,1651.5867242152,879267.0,1878367.6906050155,PIB_Real_Regional,Quarterly,Miles_de_millones_pesos_encadenados_2018
2025-01-01,04,Coquimbo,1629.6627204988,889273.0,1832578.6575087737,PIB_Real_Regional,Quarterly,Miles_de_millones_pesos_encadenados_2018
2025-04-01,04,Coquimbo,1642.9713998961,889273.0,1847544.4547356097,PIB_Real_Regional,Quarterly,Miles_de_millones_pesos_encadenados_2018
2025-07-01,04,Coquimbo,1574.71976011,889273.0,1770794.5255394012,PIB_Real_Regional,Quarterly,Miles_de_millones_pesos_encadenados_2018
2025-10-01,04,Coquimbo,1689.8536445881,889273.0,1900264.198494838,PIB_Real_Regional,Quarterly,Miles_de_millones_pesos_encadenados_2018
2026-01-01,04,Coquimbo,1612.923339772,899128.0,1793875.1098531021,PIB_Real_Regional,Quarterly,Miles_de_millones_pesos_encadenados_2018
2013-01-01,05,Valparaiso,3397.0285298005,1805775.0,1881202.5472722237,PIB_Real_Regional,Quarterly,Miles_de_millones_pesos_encadenados_2018
2013-04-01,05,Valparaiso,3441.0710543219,1805775.0,1905592.3657830574,PIB_Real_Regional,Quarterly,Miles_de_millones_pesos_encadenados_2018
2013-07-01,05,Valparaiso,3278.2995777494,1805775.0,1815452.9649316224,PIB_Real_Regional,Quarterly,Miles_de_millones_pesos_encadenados_2018
2013-10-01,05,Valparaiso,3529.767381306,1805775.0,1954710.5155991195,PIB_Real_Regional,Quarterly,Miles_de_millones_pesos_encadenados_2018
2014-01-01,05,Valparaiso,3339.3100515999,1824842.0,1829917.3581054688,PIB_Real_Regional,Quarterly,Miles_de_millones_pesos_encadenados_2018
2014-04-01,05,Valparaiso,3383.6942887323,1824842.0,1854239.5937469106,PIB_Real_Regional,Quarterly,Miles_de_millones_pesos_encadenados_2018
2014-07-01,05,Valparaiso,3227.6572252561,1824842.0,1768732.4301260603,PIB_Real_Regional,Quarterly,Miles_de_millones_pesos_encadenados_2018
2014-10-01,05,Valparaiso,3375.0498031071,1824842.0,1849502.4791774303,PIB_Real_Regional,Quarterly,Miles_de_millones_pesos_encadenados_2018
2015-01-01,05,Valparaiso,3316.5076789732,1844609.0,1797946.165812484,PIB_Real_Regional,Quarterly,Miles_de_millones_pesos_encadenados_2018
2015-04-01,05,Valparaiso,3347.6318336311,1844609.0,1814819.2021350325,PIB_Real_Regional,Quarterly,Miles_de_millones_pesos_encadenados_2018
2015-07-01,05,Valparaiso,3222.4460223117,1844609.0,1746953.431492365,PIB_Real_Regional,Quarterly,Miles_de_millones_pesos_encadenados_2018
2015-10-01,05,Valparaiso,3440.9671670493,1844609.0,1865418.1818744785,PIB_Real_Regional,Quarterly,Miles_de_millones_pesos_encadenados_2018
2016-01-01,05,Valparaiso,3444.8734019069,1864129.0,1847980.1569027146,PIB_Real_Regional,Quarterly,Miles_de_millones_pesos_encadenados_2018
2016-04-01,05,Valparaiso,3401.5504008001,1864129.0,1824739.8118907542,PIB_Real_Regional,Quarterly,Miles_de_millones_pesos_encadenados_2018
2016-07-01,05,Valparaiso,3372.4471568719,1864129.0,1809127.5640644503,PIB_Real_Regional,Quarterly,Miles_de_millones_pesos_encadenados_2018
2016-10-01,05,Valparaiso,3511.1515738819,1864129.0,1883534.6555318327,PIB_Real_Regional,Quarterly,Miles_de_millones_pesos_encadenados_2018
2017-01-01,05,Valparaiso,3484.1779524435,1885948.0,1847441.1555586369,PIB_Real_Regional,Quarterly,Miles_de_millones_pesos_encadenados_2018
2017-04-01,05,Valparaiso,3482.2071930648,1885948.0,1846396.185401082,PIB_Real_Regional,Quarterly,Miles_de_millones_pesos_encadenados_2018
2017-07-01,05,Valparaiso,3391.2262010293,1885948.0,1798154.6686490295,PIB_Real_Regional,Quarterly,Miles_de_millones_pesos_encadenados_2018
2017-10-01,05,Valparaiso,3578.8103520505,1885948.0,1897618.7848501126,PIB_Real_Regional,Quarterly,Miles_de_millones_pesos_encadenados_2018
2018-01-01,05,Valparaiso,3476.967553872,1910385.0,1820034.9949732646,PIB_Real_Regional,Quarterly,Miles_de_millones_pesos_encadenados_2018
2018-04-01,05,Valparaiso,3567.5104916038,1910385.0,1867430.1209461966,PIB_Real_Regional,Quarterly,Miles_de_millones_pesos_encadenados_2018
2018-07-01,05,Valparaiso,3366.2613820186,1910385.0,1762085.3294066903,PIB_Real_Regional,Quarterly,Miles_de_millones_pesos_encadenados_2018
2018-10-01,05,Valparaiso,3577.9384356757,1910385.0,1872888.6772434353,PIB_Real_Regional,Quarterly,Miles_de_millones_pesos_encadenados_2018
2019-01-01,05,Valparaiso,3474.7158634893,1935455.0,1795296.642644391,PIB_Real_Regional,Quarterly,Miles_de_millones_pesos_encadenados_2018
2019-04-01,05,Valparaiso,3530.3725828003,1935455.0,1824053.0432380498,PIB_Real_Regional,Quarterly,Miles_de_millones_pesos_encadenados_2018
2019-07-01,05,Valparaiso,3446.3455462025,1935455.0,1780638.4267278237,PIB_Real_Regional,Quarterly,Miles_de_millones_pesos_encadenados_2018
2019-10-01,05,Valparaiso,3494.5500547391,1935455.0,1805544.4609867446,PIB_Real_Regional,Quarterly,Miles_de_millones_pesos_encadenados_2018
2020-01-01,05,Valparaiso,3451.7865697394,1960170.0,1760962.8602312044,PIB_Real_Regional,Quarterly,Miles_de_millones_pesos_encadenados_2018
2020-04-01,05,Valparaiso,3081.7054890224,1960170.0,1572162.357868144,PIB_Real_Regional,Quarterly,Miles_de_millones_pesos_encadenados_2018
2020-07-01,05,Valparaiso,3083.3500290715,1960170.0,1573001.3361450792,PIB_Real_Regional,Quarterly,Miles_de_millones_pesos_encadenados_2018
2020-10-01,05,Valparaiso,3463.6721894142,1960170.0,1767026.4259805018,PIB_Real_Regional,Quarterly,Miles_de_millones_pesos_encadenados_2018
2021-01-01,05,Valparaiso,3360.5465530509,1979373.0,1697783.365263091,PIB_Real_Regional,Quarterly,Miles_de_millones_pesos_encadenados_2018
2021-04-01,05,Valparaiso,3528.7299261197,1979373.0,1782751.3693071997,PIB_Real_Regional,Quarterly,Miles_de_millones_pesos_encadenados_2018
2021-07-01,05,Valparaiso,3595.3612864827,1979373.0,1816414.2314170701,PIB_Real_Regional,Quarterly,Miles_de_millones_pesos_encadenados_2018
2021-10-01,05,Valparaiso,3918.0470813283,1979373.0,1979438.4794216652,PIB_Real_Regional,Quarterly,Miles_de_millones_pesos_encadenados_2018
2022-01-01,05,Valparaiso,3720.1243919743,1995538.0,1864221.2736486604,PIB_Real_Regional,Quarterly,Miles_de_millones_pesos_encadenados_2018
2022-04-01,05,Valparaiso,3812.5061807036,1995538.0,1910515.4503214671,PIB_Real_Regional,Quarterly,Miles_de_millones_pesos_encadenados_2018
2022-07-01,05,Valparaiso,3725.468756491,1995538.0,1866899.4308757838,PIB_Real_Regional,Quarterly,Miles_de_millones_pesos_encadenados_2018
2022-10-01,05,Valparaiso,3992.1059312815,1995538.0,2000516.1170979957,PIB_Real_Regional,Quarterly,Miles_de_millones_pesos_encadenados_2018
2023-01-01,05,Valparaiso,3725.5423303105,2010849.0,1852721.0796586417,PIB_Real_Regional,Quarterly,Miles_de_millones_pesos_encadenados_2018
2023-04-01,05,Valparaiso,3779.0300858648,2010849.0,1879320.6679690024,PIB_Real_Regional,Quarterly,Miles_de_millones_pesos_encadenados_2018
2023-07-01,05,Valparaiso,3730.1498071216,2010849.0,1855012.388857443,PIB_Real_Regional,Quarterly,Miles_de_millones_pesos_encadenados_2018
2023-10-01,05,Valparaiso,3986.9300945826,2010849.0,1982709.8377762823,PIB_Real_Regional,Quarterly,Miles_de_millones_pesos_encadenados_2018
2024-01-01,05,Valparaiso,3807.5166898646,2025693.0,1879611.9105237564,PIB_Real_Regional,Quarterly,Miles_de_millones_pesos_encadenados_2018
2024-04-01,05,Valparaiso,3808.0477717652,2025693.0,1879874.0834693115,PIB_Real_Regional,Quarterly,Miles_de_millones_pesos_encadenados_2018
2024-07-01,05,Valparaiso,3827.3467970707,2025693.0,1889401.2059432007,PIB_Real_Regional,Quarterly,Miles_de_millones_pesos_encadenados_2018
2024-10-01,05,Valparaiso,4088.3573380905,2025693.0,2018251.2049409756,PIB_Real_Regional,Quarterly,Miles_de_millones_pesos_encadenados_2018
2025-01-01,05,Valparaiso,3914.0903083001,2040166.0,1918515.605249818,PIB_Real_Regional,Quarterly,Miles_de_millones_pesos_encadenados_2018
2025-04-01,05,Valparaiso,3907.965109745,2040166.0,1915513.3012436242,PIB_Real_Regional,Quarterly,Miles_de_millones_pesos_encadenados_2018
2025-07-01,05,Valparaiso,3905.4583372719,2040166.0,1914284.59119106,PIB_Real_Regional,Quarterly,Miles_de_millones_pesos_encadenados_2018
2025-10-01,05,Valparaiso,4266.5083548889,2040166.0,2091255.4933710785,PIB_Real_Regional,Quarterly,Miles_de_millones_pesos_encadenados_2018
2026-01-01,05,Valparaiso,3924.3223100023,2054246.0,1910346.8182497618,PIB_Real_Regional,Quarterly,Miles_de_millones_pesos_encadenados_2018
2013-01-01,06,OHiggins,1970.6726828993,912070.0,2160659.4701056937,PIB_Real_Regional,Quarterly,Miles_de_millones_pesos_encadenados_2018
2013-04-01,06,OHiggins,1720.5648471425,912070.0,1886439.4697144956,PIB_Real_Regional,Quarterly,Miles_de_millones_pesos_encadenados_2018
2013-07-01,06,OHiggins,1500.0893300588,912070.0,1644708.5531360533,PIB_Real_Regional,Quarterly,Miles_de_millones_pesos_encadenados_2018
2013-10-01,06,OHiggins,1707.8691902907,912070.0,1872519.8617328715,PIB_Real_Regional,Quarterly,Miles_de_millones_pesos_encadenados_2018
2014-01-01,06,OHiggins,1982.7340049166,921886.0,2150736.6473908923,PIB_Real_Regional,Quarterly,Miles_de_millones_pesos_encadenados_2018
2014-04-01,06,OHiggins,1713.1555043237,921886.0,1858316.0003771617,PIB_Real_Regional,Quarterly,Miles_de_millones_pesos_encadenados_2018
2014-07-01,06,OHiggins,1561.3213414048,921886.0,1693616.5007439097,PIB_Real_Regional,Quarterly,Miles_de_millones_pesos_encadenados_2018
2014-10-01,06,OHiggins,1805.3194825805,921886.0,1958289.2923642402,PIB_Real_Regional,Quarterly,Miles_de_millones_pesos_encadenados_2018
2015-01-01,06,OHiggins,2205.5800467919,931982.0,2366547.901989416,PIB_Real_Regional,Quarterly,Miles_de_millones_pesos_encadenados_2018
2015-04-01,06,OHiggins,1855.5629813424,931982.0,1990985.8573903786,PIB_Real_Regional,Quarterly,Miles_de_millones_pesos_encadenados_2018
2015-07-01,06,OHiggins,1599.03635023,931982.0,1715737.3750029507,PIB_Real_Regional,Quarterly,Miles_de_millones_pesos_encadenados_2018
2015-10-01,06,OHiggins,1802.4906297432,931982.0,1934040.174320105,PIB_Real_Regional,Quarterly,Miles_de_millones_pesos_encadenados_2018
2016-01-01,06,OHiggins,2363.0055689805,942520.0,2507114.5110772187,PIB_Real_Regional,Quarterly,Miles_de_millones_pesos_encadenados_2018
2016-04-01,06,OHiggins,1799.7881660416,942520.0,1909549.0451572381,PIB_Real_Regional,Quarterly,Miles_de_millones_pesos_encadenados_2018
2016-07-01,06,OHiggins,1597.5789904886,942520.0,1695008.053397912,PIB_Real_Regional,Quarterly,Miles_de_millones_pesos_encadenados_2018
2016-10-01,06,OHiggins,1855.0912033477,942520.0,1968224.7627081652,PIB_Real_Regional,Quarterly,Miles_de_millones_pesos_encadenados_2018
2017-01-01,06,OHiggins,2231.1767547926,954279.0,2338075.9241192564,PIB_Real_Regional,Quarterly,Miles_de_millones_pesos_encadenados_2018
2017-04-01,06,OHiggins,1791.1448705595,954279.0,1876961.4238178772,PIB_Real_Regional,Quarterly,Miles_de_millones_pesos_encadenados_2018
2017-07-01,06,OHiggins,1568.2698024098,954279.0,1643408.0624322654,PIB_Real_Regional,Quarterly,Miles_de_millones_pesos_encadenados_2018
2017-10-01,06,OHiggins,1918.9681635689,954279.0,2010908.9307937198,PIB_Real_Regional,Quarterly,Miles_de_millones_pesos_encadenados_2018
2018-01-01,06,OHiggins,2311.2519841643,966486.0,2391397.2723498326,PIB_Real_Regional,Quarterly,Miles_de_millones_pesos_encadenados_2018
2018-04-01,06,OHiggins,1935.469764579,966486.0,2002584.377403294,PIB_Real_Regional,Quarterly,Miles_de_millones_pesos_encadenados_2018
2018-07-01,06,OHiggins,1679.6466330735,966486.0,1737890.2881919655,PIB_Real_Regional,Quarterly,Miles_de_millones_pesos_encadenados_2018
2018-10-01,06,OHiggins,2013.2427847218,966486.0,2083054.265371459,PIB_Real_Regional,Quarterly,Miles_de_millones_pesos_encadenados_2018
2019-01-01,06,OHiggins,2259.3828572833,978868.0,2308158.870535455,PIB_Real_Regional,Quarterly,Miles_de_millones_pesos_encadenados_2018
2019-04-01,06,OHiggins,1931.8297450415,978868.0,1973534.4755794448,PIB_Real_Regional,Quarterly,Miles_de_millones_pesos_encadenados_2018
2019-07-01,06,OHiggins,1648.5859638284,978868.0,1684175.9704356461,PIB_Real_Regional,Quarterly,Miles_de_millones_pesos_encadenados_2018
2019-10-01,06,OHiggins,2050.7707235089,978868.0,2095043.1759020626,PIB_Real_Regional,Quarterly,Miles_de_millones_pesos_encadenados_2018
2020-01-01,06,OHiggins,2180.2464389209,991063.0,2199907.007850056,PIB_Real_Regional,Quarterly,Miles_de_millones_pesos_encadenados_2018
2020-04-01,06,OHiggins,1659.3438906326,991063.0,1674307.173845255,PIB_Real_Regional,Quarterly,Miles_de_millones_pesos_encadenados_2018
2020-07-01,06,OHiggins,1614.8643273527,991063.0,1629426.5120912595,PIB_Real_Regional,Quarterly,Miles_de_millones_pesos_encadenados_2018
2020-10-01,06,OHiggins,2141.7477249527,991063.0,2161061.1282559233,PIB_Real_Regional,Quarterly,Miles_de_millones_pesos_encadenados_2018
2021-01-01,06,OHiggins,2263.7583246406,1000959.0,2261589.460348126,PIB_Real_Regional,Quarterly,Miles_de_millones_pesos_encadenados_2018
2021-04-01,06,OHiggins,1930.7194101468,1000959.0,1928869.624177214,PIB_Real_Regional,Quarterly,Miles_de_millones_pesos_encadenados_2018
2021-07-01,06,OHiggins,1773.7148696857,1000959.0,1772015.5068146647,PIB_Real_Regional,Quarterly,Miles_de_millones_pesos_encadenados_2018
2021-10-01,06,OHiggins,2348.1112034658,1000959.0,2345861.522265947,PIB_Real_Regional,Quarterly,Miles_de_millones_pesos_encadenados_2018
2022-01-01,06,OHiggins,2241.8703507253,1009552.0,2220658.619590967,PIB_Real_Regional,Quarterly,Miles_de_millones_pesos_encadenados_2018
2022-04-01,06,OHiggins,1943.1260687936,1009552.0,1924740.9433031683,PIB_Real_Regional,Quarterly,Miles_de_millones_pesos_encadenados_2018
2022-07-01,06,OHiggins,1794.1493326556,1009552.0,1777173.7688158706,PIB_Real_Regional,Quarterly,Miles_de_millones_pesos_encadenados_2018
2022-10-01,06,OHiggins,2354.5257883717,1009552.0,2332248.1540046474,PIB_Real_Regional,Quarterly,Miles_de_millones_pesos_encadenados_2018
2023-01-01,06,OHiggins,2232.8077148418,1017701.0,2193972.212704714,PIB_Real_Regional,Quarterly,Miles_de_millones_pesos_encadenados_2018
2023-04-01,06,OHiggins,1933.8348784073,1017701.0,1900199.4479786304,PIB_Real_Regional,Quarterly,Miles_de_millones_pesos_encadenados_2018
2023-07-01,06,OHiggins,1788.3969433518,1017701.0,1757291.1330064528,PIB_Real_Regional,Quarterly,Miles_de_millones_pesos_encadenados_2018
2023-10-01,06,OHiggins,2266.4216065268,1017701.0,2227001.4537932067,PIB_Real_Regional,Quarterly,Miles_de_millones_pesos_encadenados_2018
2024-01-01,06,OHiggins,2338.7502493504,1025586.0,2280403.8367824834,PIB_Real_Regional,Quarterly,Miles_de_millones_pesos_encadenados_2018
2024-04-01,06,OHiggins,1939.0593348782,1025586.0,1890684.2867182274,PIB_Real_Regional,Quarterly,Miles_de_millones_pesos_encadenados_2018
2024-07-01,06,OHiggins,1827.038509181,1025586.0,1781458.121679703,PIB_Real_Regional,Quarterly,Miles_de_millones_pesos_encadenados_2018
2024-10-01,06,OHiggins,2623.8593934818,1025586.0,2558400.166813704,PIB_Real_Regional,Quarterly,Miles_de_millones_pesos_encadenados_2018
2025-01-01,06,OHiggins,2433.3125122999,1033238.0,2355035.831337891,PIB_Real_Regional,Quarterly,Miles_de_millones_pesos_encadenados_2018
2025-04-01,06,OHiggins,2049.1129243602,1033238.0,1983195.4732212713,PIB_Real_Regional,Quarterly,Miles_de_millones_pesos_encadenados_2018
2025-07-01,06,OHiggins,1758.1261588052,1033238.0,1701569.395246013,PIB_Real_Regional,Quarterly,Miles_de_millones_pesos_encadenados_2018
2025-10-01,06,OHiggins,2424.2487778004,1033238.0,2346263.666067644,PIB_Real_Regional,Quarterly,Miles_de_millones_pesos_encadenados_2018
2026-01-01,06,OHiggins,2271.9179274972,1040655.0,2183161.4968430456,PIB_Real_Regional,Quarterly,Miles_de_millones_pesos_encadenados_2018
2013-01-01,07,Maule,1588.794203869,1045513.0,1519631.2277982195,PIB_Real_Regional,Quarterly,Miles_de_millones_pesos_encadenados_2018
2013-04-01,07,Maule,1667.8227465424,1045513.0,1595219.5205056274,PIB_Real_Regional,Quarterly,Miles_de_millones_pesos_encadenados_2018
2013-07-01,07,Maule,1292.4171363629,1045513.0,1236155.9697133368,PIB_Real_Regional,Quarterly,Miles_de_millones_pesos_encadenados_2018
2013-10-01,07,Maule,1477.9131922754,1045513.0,1413577.0595634868,PIB_Real_Regional,Quarterly,Miles_de_millones_pesos_encadenados_2018
2014-01-01,07,Maule,1574.7116970958,1056331.0,1490736.9916208084,PIB_Real_Regional,Quarterly,Miles_de_millones_pesos_encadenados_2018
2014-04-01,07,Maule,1583.9194173493,1056331.0,1499453.6914558976,PIB_Real_Regional,Quarterly,Miles_de_millones_pesos_encadenados_2018
2014-07-01,07,Maule,1310.1128379388,1056331.0,1240248.4050347856,PIB_Real_Regional,Quarterly,Miles_de_millones_pesos_encadenados_2018
2014-10-01,07,Maule,1552.2793821348,1056331.0,1469500.925500435,PIB_Real_Regional,Quarterly,Miles_de_millones_pesos_encadenados_2018
2015-01-01,07,Maule,1685.1801571784,1067995.0,1577891.4294340329,PIB_Real_Regional,Quarterly,Miles_de_millones_pesos_encadenados_2018
2015-04-01,07,Maule,1746.3586308308,1067995.0,1635174.9126454713,PIB_Real_Regional,Quarterly,Miles_de_millones_pesos_encadenados_2018
2015-07-01,07,Maule,1408.5601000614,1067995.0,1318882.6727291793,PIB_Real_Regional,Quarterly,Miles_de_millones_pesos_encadenados_2018
2015-10-01,07,Maule,1666.7116465173,1067995.0,1560598.73549717,PIB_Real_Regional,Quarterly,Miles_de_millones_pesos_encadenados_2018
2016-01-01,07,Maule,1834.0916821776,1079855.0,1698461.073178899,PIB_Real_Regional,Quarterly,Miles_de_millones_pesos_encadenados_2018
2016-04-01,07,Maule,1769.7582950739,1079855.0,1638885.1235340855,PIB_Real_Regional,Quarterly,Miles_de_millones_pesos_encadenados_2018
2016-07-01,07,Maule,1416.9180097,1079855.0,1312137.2866727477,PIB_Real_Regional,Quarterly,Miles_de_millones_pesos_encadenados_2018
2016-10-01,07,Maule,1610.2271986862,1079855.0,1491151.3107650564,PIB_Real_Regional,Quarterly,Miles_de_millones_pesos_encadenados_2018
2017-01-01,07,Maule,1794.6107306842,1092575.0,1642551.5234049836,PIB_Real_Regional,Quarterly,Miles_de_millones_pesos_encadenados_2018
2017-04-01,07,Maule,1715.5464293112,1092575.0,1570186.4213543234,PIB_Real_Regional,Quarterly,Miles_de_millones_pesos_encadenados_2018
2017-07-01,07,Maule,1410.0575795719,1092575.0,1290581.9550803378,PIB_Real_Regional,Quarterly,Miles_de_millones_pesos_encadenados_2018
2017-10-01,07,Maule,1718.0429367574,1092575.0,1572471.3971648628,PIB_Real_Regional,Quarterly,Miles_de_millones_pesos_encadenados_2018
2018-01-01,07,Maule,1888.6019842265,1105731.0,1708012.151442349,PIB_Real_Regional,Quarterly,Miles_de_millones_pesos_encadenados_2018
2018-04-01,07,Maule,1944.6835958831,1105731.0,1758731.188583028,PIB_Real_Regional,Quarterly,Miles_de_millones_pesos_encadenados_2018
2018-07-01,07,Maule,1477.0487128468,1105731.0,1335811.976734667,PIB_Real_Regional,Quarterly,Miles_de_millones_pesos_encadenados_2018
2018-10-01,07,Maule,1866.7656929859,1105731.0,1688263.8661536123,PIB_Real_Regional,Quarterly,Miles_de_millones_pesos_encadenados_2018
2019-01-01,07,Maule,1919.2301696113,1118947.0,1715210.970324153,PIB_Real_Regional,Quarterly,Miles_de_millones_pesos_encadenados_2018
2019-04-01,07,Maule,1909.5637600476,1118947.0,1706572.1254425815,PIB_Real_Regional,Quarterly,Miles_de_millones_pesos_encadenados_2018
2019-07-01,07,Maule,1527.1481812482,1118947.0,1364808.3253703704,PIB_Real_Regional,Quarterly,Miles_de_millones_pesos_encadenados_2018
2019-10-01,07,Maule,1786.1519809099,1118947.0,1596279.342015216,PIB_Real_Regional,Quarterly,Miles_de_millones_pesos_encadenados_2018
2020-01-01,07,Maule,1864.4939304725,1131939.0,1647168.2047111196,PIB_Real_Regional,Quarterly,Miles_de_millones_pesos_encadenados_2018
2020-04-01,07,Maule,1684.4393787392,1131939.0,1488100.8417761028,PIB_Real_Regional,Quarterly,Miles_de_millones_pesos_encadenados_2018
2020-07-01,07,Maule,1480.0322926841,1131939.0,1307519.480010937,PIB_Real_Regional,Quarterly,Miles_de_millones_pesos_encadenados_2018
2020-10-01,07,Maule,2017.9459577343,1131939.0,1782733.8378961235,PIB_Real_Regional,Quarterly,Miles_de_millones_pesos_encadenados_2018
2021-01-01,07,Maule,1955.2207665289,1143012.0,1710586.3862574496,PIB_Real_Regional,Quarterly,Miles_de_millones_pesos_encadenados_2018
2021-04-01,07,Maule,1947.2899152992,1143012.0,1703647.8316056174,PIB_Real_Regional,Quarterly,Miles_de_millones_pesos_encadenados_2018
2021-07-01,07,Maule,1629.5480655585,1143012.0,1425661.3802466642,PIB_Real_Regional,Quarterly,Miles_de_millones_pesos_encadenados_2018
2021-10-01,07,Maule,2118.1382165833,1143012.0,1853119.8417718275,PIB_Real_Regional,Quarterly,Miles_de_millones_pesos_encadenados_2018
2022-01-01,07,Maule,2032.537175998,1153043.0,1762759.2171306708,PIB_Real_Regional,Quarterly,Miles_de_millones_pesos_encadenados_2018
2022-04-01,07,Maule,2012.5902863345,1153043.0,1745459.8712576202,PIB_Real_Regional,Quarterly,Miles_de_millones_pesos_encadenados_2018
2022-07-01,07,Maule,1692.3888534467,1153043.0,1467758.664201335,PIB_Real_Regional,Quarterly,Miles_de_millones_pesos_encadenados_2018
2022-10-01,07,Maule,2169.5594487035,1153043.0,1881594.570803951,PIB_Real_Regional,Quarterly,Miles_de_millones_pesos_encadenados_2018
2023-01-01,07,Maule,1983.9719470887,1162641.0,1706435.5610104064,PIB_Real_Regional,Quarterly,Miles_de_millones_pesos_encadenados_2018
2023-04-01,07,Maule,2030.6129647578,1162641.0,1746552.0007962906,PIB_Real_Regional,Quarterly,Miles_de_millones_pesos_encadenados_2018
2023-07-01,07,Maule,1752.494774021,1162641.0,1507339.5605530855,PIB_Real_Regional,Quarterly,Miles_de_millones_pesos_encadenados_2018
2023-10-01,07,Maule,2266.3373252224,1162641.0,1949301.0527087897,PIB_Real_Regional,Quarterly,Miles_de_millones_pesos_encadenados_2018
2024-01-01,07,Maule,2102.896857435,1171982.0,1794308.1527148029,PIB_Real_Regional,Quarterly,Miles_de_millones_pesos_encadenados_2018
2024-04-01,07,Maule,2046.9978072543,1171982.0,1746611.984872037,PIB_Real_Regional,Quarterly,Miles_de_millones_pesos_encadenados_2018
2024-07-01,07,Maule,1790.2485393277,1171982.0,1527539.2790398658,PIB_Real_Regional,Quarterly,Miles_de_millones_pesos_encadenados_2018
2024-10-01,07,Maule,2531.574658856,1171982.0,2160079.81253637,PIB_Real_Regional,Quarterly,Miles_de_millones_pesos_encadenados_2018
2025-01-01,07,Maule,2250.8679597086,1181074.0,1905780.6366989706,PIB_Real_Regional,Quarterly,Miles_de_millones_pesos_encadenados_2018
2025-04-01,07,Maule,2131.0211159841,1181074.0,1804307.8723129118,PIB_Real_Regional,Quarterly,Miles_de_millones_pesos_encadenados_2018
2025-07-01,07,Maule,1739.1962227423,1181074.0,1472554.829538454,PIB_Real_Regional,Quarterly,Miles_de_millones_pesos_encadenados_2018
2025-10-01,07,Maule,2471.5687977475,1181074.0,2092645.1668121556,PIB_Real_Regional,Quarterly,Miles_de_millones_pesos_encadenados_2018
2026-01-01,07,Maule,2178.7858074273,1189907.0,1831055.542514919,PIB_Real_Regional,Quarterly,Miles_de_millones_pesos_encadenados_2018
2013-01-01,08,Biobio,2313.0710610883,1597164.0,1448236.4122208492,PIB_Real_Regional,Quarterly,Miles_de_millones_pesos_encadenados_2018
2013-04-01,08,Biobio,2496.0303244463,1597164.0,1562788.9962748345,PIB_Real_Regional,Quarterly,Miles_de_millones_pesos_encadenados_2018
2013-07-01,08,Biobio,2430.2980381801,1597164.0,1521633.3690091313,PIB_Real_Regional,Quarterly,Miles_de_millones_pesos_encadenados_2018
2013-10-01,08,Biobio,2548.6770667703,1597164.0,1595751.6365071463,PIB_Real_Regional,Quarterly,Miles_de_millones_pesos_encadenados_2018
2014-01-01,08,Biobio,2405.4610074421,1607016.0,1496849.4448357078,PIB_Real_Regional,Quarterly,Miles_de_millones_pesos_encadenados_2018
2014-04-01,08,Biobio,2627.7704302389,1607016.0,1635186.2272926345,PIB_Real_Regional,Quarterly,Miles_de_millones_pesos_encadenados_2018
2014-07-01,08,Biobio,2498.457455026,1607016.0,1554718.468905101,PIB_Real_Regional,Quarterly,Miles_de_millones_pesos_encadenados_2018
2014-10-01,08,Biobio,2618.5278864661,1607016.0,1629434.8571925233,PIB_Real_Regional,Quarterly,Miles_de_millones_pesos_encadenados_2018
2015-01-01,08,Biobio,2402.7660778207,1617128.0,1485823.062751186,PIB_Real_Regional,Quarterly,Miles_de_millones_pesos_encadenados_2018
2015-04-01,08,Biobio,2655.5301728462,1617128.0,1642127.3843790968,PIB_Real_Regional,Quarterly,Miles_de_millones_pesos_encadenados_2018
2015-07-01,08,Biobio,2589.2541458149,1617128.0,1601143.5989080023,PIB_Real_Regional,Quarterly,Miles_de_millones_pesos_encadenados_2018
2015-10-01,08,Biobio,2747.9426947895,1617128.0,1699273.4618344991,PIB_Real_Regional,Quarterly,Miles_de_millones_pesos_encadenados_2018
2016-01-01,08,Biobio,2522.2931344482,1627020.0,1550253.3063196517,PIB_Real_Regional,Quarterly,Miles_de_millones_pesos_encadenados_2018
2016-04-01,08,Biobio,2730.7170065967,1627020.0,1678354.910570675,PIB_Real_Regional,Quarterly,Miles_de_millones_pesos_encadenados_2018
2016-07-01,08,Biobio,2592.3905408342,1627020.0,1593336.6159200254,PIB_Real_Regional,Quarterly,Miles_de_millones_pesos_encadenados_2018
2016-10-01,08,Biobio,2720.8728948201,1627020.0,1672304.5167361803,PIB_Real_Regional,Quarterly,Miles_de_millones_pesos_encadenados_2018
2017-01-01,08,Biobio,2576.9824280081,1636209.0,1574971.429693945,PIB_Real_Regional,Quarterly,Miles_de_millones_pesos_encadenados_2018
2017-04-01,08,Biobio,2760.5456650853,1636209.0,1687159.565242154,PIB_Real_Regional,Quarterly,Miles_de_millones_pesos_encadenados_2018
2017-07-01,08,Biobio,2663.6735671402,1636209.0,1627954.354938886,PIB_Real_Regional,Quarterly,Miles_de_millones_pesos_encadenados_2018
2017-10-01,08,Biobio,2800.9969007769,1636209.0,1711882.101111105,PIB_Real_Regional,Quarterly,Miles_de_millones_pesos_encadenados_2018
2018-01-01,08,Biobio,2738.8935827672,1645460.0,1664515.444171964,PIB_Real_Regional,Quarterly,Miles_de_millones_pesos_encadenados_2018
2018-04-01,08,Biobio,2944.8040717201,1645460.0,1789654.0005348658,PIB_Real_Regional,Quarterly,Miles_de_millones_pesos_encadenados_2018
2018-07-01,08,Biobio,2726.4435132113,1645460.0,1656949.12863959,PIB_Real_Regional,Quarterly,Miles_de_millones_pesos_encadenados_2018
2018-10-01,08,Biobio,2926.2790012408,1645460.0,1778395.7077296318,PIB_Real_Regional,Quarterly,Miles_de_millones_pesos_encadenados_2018
2019-01-01,08,Biobio,2768.80403937,1654744.0,1673252.2005639542,PIB_Real_Regional,Quarterly,Miles_de_millones_pesos_encadenados_2018
2019-04-01,08,Biobio,3022.7860307231,1654744.0,1826739.3812717255,PIB_Real_Regional,Quarterly,Miles_de_millones_pesos_encadenados_2018
2019-07-01,08,Biobio,2829.7358723636,1654744.0,1710074.7138914536,PIB_Real_Regional,Quarterly,Miles_de_millones_pesos_encadenados_2018
2019-10-01,08,Biobio,2882.1871925679,1654744.0,1741772.257562439,PIB_Real_Regional,Quarterly,Miles_de_millones_pesos_encadenados_2018
2020-01-01,08,Biobio,2776.0122276908,1663696.0,1668581.416130591,PIB_Real_Regional,Quarterly,Miles_de_millones_pesos_encadenados_2018
2020-04-01,08,Biobio,2656.204395263,1663696.0,1596568.3606037402,PIB_Real_Regional,Quarterly,Miles_de_millones_pesos_encadenados_2018
2020-07-01,08,Biobio,2567.2637773185,1663696.0,1543108.7033439402,PIB_Real_Regional,Quarterly,Miles_de_millones_pesos_encadenados_2018
2020-10-01,08,Biobio,2859.0128193279,1663696.0,1718470.6937613003,PIB_Real_Regional,Quarterly,Miles_de_millones_pesos_encadenados_2018
2021-01-01,08,Biobio,2814.8436582502,1670590.0,1684939.846551338,PIB_Real_Regional,Quarterly,Miles_de_millones_pesos_encadenados_2018
2021-04-01,08,Biobio,3075.3642174162,1670590.0,1840885.086955028,PIB_Real_Regional,Quarterly,Miles_de_millones_pesos_encadenados_2018
2021-07-01,08,Biobio,2891.9029780907,1670590.0,1731066.8554766278,PIB_Real_Regional,Quarterly,Miles_de_millones_pesos_encadenados_2018
2021-10-01,08,Biobio,3079.3353807519,1670590.0,1843262.1892576278,PIB_Real_Regional,Quarterly,Miles_de_millones_pesos_encadenados_2018
2022-01-01,08,Biobio,2972.5965824016,1676269.0,1773341.0224740775,PIB_Real_Regional,Quarterly,Miles_de_millones_pesos_encadenados_2018
2022-04-01,08,Biobio,3110.7971084217,1676269.0,1855786.337647299,PIB_Real_Regional,Quarterly,Miles_de_millones_pesos_encadenados_2018
2022-07-01,08,Biobio,2958.0255224615,1676269.0,1764648.4677945485,PIB_Real_Regional,Quarterly,Miles_de_millones_pesos_encadenados_2018
2022-10-01,08,Biobio,3161.3316761762,1676269.0,1885933.3890778865,PIB_Real_Regional,Quarterly,Miles_de_millones_pesos_encadenados_2018
2023-01-01,08,Biobio,3072.5132333843,1681430.0,1827321.5259536821,PIB_Real_Regional,Quarterly,Miles_de_millones_pesos_encadenados_2018
2023-04-01,08,Biobio,3343.7218249526,1681430.0,1988617.9174587107,PIB_Real_Regional,Quarterly,Miles_de_millones_pesos_encadenados_2018
2023-07-01,08,Biobio,3202.9739501818,1681430.0,1904910.6713819783,PIB_Real_Regional,Quarterly,Miles_de_millones_pesos_encadenados_2018
2023-10-01,08,Biobio,3288.2066098884,1681430.0,1955601.2500600086,PIB_Real_Regional,Quarterly,Miles_de_millones_pesos_encadenados_2018
2024-01-01,08,Biobio,3248.2726294742,1686225.0,1926357.769262228,PIB_Real_Regional,Quarterly,Miles_de_millones_pesos_encadenados_2018
2024-04-01,08,Biobio,3295.5384246956,1686225.0,1954388.3080227135,PIB_Real_Regional,Quarterly,Miles_de_millones_pesos_encadenados_2018
2024-07-01,08,Biobio,3286.2234290973,1686225.0,1948864.136812881,PIB_Real_Regional,Quarterly,Miles_de_millones_pesos_encadenados_2018
2024-10-01,08,Biobio,3338.9899333412,1686225.0,1980156.8197252443,PIB_Real_Regional,Quarterly,Miles_de_millones_pesos_encadenados_2018
2025-01-01,08,Biobio,3381.1941442914,1690616.0,1999977.608334122,PIB_Real_Regional,Quarterly,Miles_de_millones_pesos_encadenados_2018
2025-04-01,08,Biobio,3397.9033559814,1690616.0,2009861.1133346665,PIB_Real_Regional,Quarterly,Miles_de_millones_pesos_encadenados_2018
2025-07-01,08,Biobio,3146.79196647,1690616.0,1861328.631972015,PIB_Real_Regional,Quarterly,Miles_de_millones_pesos_encadenados_2018
2025-10-01,08,Biobio,3354.8639162815,1690616.0,1984403.268560986,PIB_Real_Regional,Quarterly,Miles_de_millones_pesos_encadenados_2018
2026-01-01,08,Biobio,3204.585639001,1694602.0,1891055.0318015676,PIB_Real_Regional,Quarterly,Miles_de_millones_pesos_encadenados_2018
2013-01-01,09,Araucania,1195.7327767297,969263.0,1233651.523610929,PIB_Real_Regional,Quarterly,Miles_de_millones_pesos_encadenados_2018
2013-04-01,09,Araucania,1086.0959846504,969263.0,1120537.9599246024,PIB_Real_Regional,Quarterly,Miles_de_millones_pesos_encadenados_2018
2013-07-01,09,Araucania,1023.3475526101,969263.0,1055799.666973876,PIB_Real_Regional,Quarterly,Miles_de_millones_pesos_encadenados_2018
2013-10-01,09,Araucania,1102.1098571518,969263.0,1137059.6599187218,PIB_Real_Regional,Quarterly,Miles_de_millones_pesos_encadenados_2018
2014-01-01,09,Araucania,1195.8662904373,975378.0,1226054.1968726998,PIB_Real_Regional,Quarterly,Miles_de_millones_pesos_encadenados_2018
2014-04-01,09,Araucania,1107.1243293218,975378.0,1135072.073926006,PIB_Real_Regional,Quarterly,Miles_de_millones_pesos_encadenados_2018
2014-07-01,09,Araucania,1042.8938902299,975378.0,1069220.2307514625,PIB_Real_Regional,Quarterly,Miles_de_millones_pesos_encadenados_2018
2014-10-01,09,Araucania,1128.7813275172,975378.0,1157275.7715646653,PIB_Real_Regional,Quarterly,Miles_de_millones_pesos_encadenados_2018
2015-01-01,09,Araucania,1243.5776221312,982034.0,1266328.479595615,PIB_Real_Regional,Quarterly,Miles_de_millones_pesos_encadenados_2018
2015-04-01,09,Araucania,1156.5077844208,982034.0,1177665.7268697417,PIB_Real_Regional,Quarterly,Miles_de_millones_pesos_encadenados_2018
2015-07-01,09,Araucania,1093.3621403212,982034.0,1113364.8532751412,PIB_Real_Regional,Quarterly,Miles_de_millones_pesos_encadenados_2018
2015-10-01,09,Araucania,1182.2717601571,982034.0,1203901.0463559309,PIB_Real_Regional,Quarterly,Miles_de_millones_pesos_encadenados_2018
2016-01-01,09,Araucania,1336.5213972493,988403.0,1352202.894213494,PIB_Real_Regional,Quarterly,Miles_de_millones_pesos_encadenados_2018
2016-04-01,09,Araucania,1210.0822887102,988403.0,1224280.266966207,PIB_Real_Regional,Quarterly,Miles_de_millones_pesos_encadenados_2018
2016-07-01,09,Araucania,1156.3902806231,988403.0,1169958.286876001,PIB_Real_Regional,Quarterly,Miles_de_millones_pesos_encadenados_2018
2016-10-01,09,Araucania,1246.6907606863,988403.0,1261318.2686478086,PIB_Real_Regional,Quarterly,Miles_de_millones_pesos_encadenados_2018
2017-01-01,09,Araucania,1362.7671580348,994888.0,1369769.4193062938,PIB_Real_Regional,Quarterly,Miles_de_millones_pesos_encadenados_2018
2017-04-01,09,Araucania,1232.8639906785,994888.0,1239198.7748153561,PIB_Real_Regional,Quarterly,Miles_de_millones_pesos_encadenados_2018
2017-07-01,09,Araucania,1174.1911952704,994888.0,1180224.5029293748,PIB_Real_Regional,Quarterly,Miles_de_millones_pesos_encadenados_2018
2017-10-01,09,Araucania,1272.859823235,994888.0,1279400.1166312187,PIB_Real_Regional,Quarterly,Miles_de_millones_pesos_encadenados_2018
2018-01-01,09,Araucania,1417.3397226295,1001420.0,1415329.9540946856,PIB_Real_Regional,Quarterly,Miles_de_millones_pesos_encadenados_2018
2018-04-01,09,Araucania,1297.5313134888,1001420.0,1295691.4316558484,PIB_Real_Regional,Quarterly,Miles_de_millones_pesos_encadenados_2018
2018-07-01,09,Araucania,1217.7767764913,1001420.0,1216049.9855118732,PIB_Real_Regional,Quarterly,Miles_de_millones_pesos_encadenados_2018
2018-10-01,09,Araucania,1313.9147527014,1001420.0,1312051.6393734897,PIB_Real_Regional,Quarterly,Miles_de_millones_pesos_encadenados_2018
2019-01-01,09,Araucania,1412.1880124269,1007965.0,1401028.8178923873,PIB_Real_Regional,Quarterly,Miles_de_millones_pesos_encadenados_2018
2019-04-01,09,Araucania,1335.0094005856,1007965.0,1324460.0760796256,PIB_Real_Regional,Quarterly,Miles_de_millones_pesos_encadenados_2018
2019-07-01,09,Araucania,1265.0992253906,1007965.0,1255102.335290015,PIB_Real_Regional,Quarterly,Miles_de_millones_pesos_encadenados_2018
2019-10-01,09,Araucania,1315.4696560742,1007965.0,1305074.735803525,PIB_Real_Regional,Quarterly,Miles_de_millones_pesos_encadenados_2018
2020-01-01,09,Araucania,1418.8892880479,1014343.0,1398825.927765953,PIB_Real_Regional,Quarterly,Miles_de_millones_pesos_encadenados_2018
2020-04-01,09,Araucania,1145.7323147151,1014343.0,1129531.4451966446,PIB_Real_Regional,Quarterly,Miles_de_millones_pesos_encadenados_2018
2020-07-01,09,Araucania,1212.83958553,1014343.0,1195689.8066334564,PIB_Real_Regional,Quarterly,Miles_de_millones_pesos_encadenados_2018
2020-10-01,09,Araucania,1305.9498848016,1014343.0,1287483.5088343886,PIB_Real_Regional,Quarterly,Miles_de_millones_pesos_encadenados_2018
2021-01-01,09,Araucania,1412.6684931752,1019548.0,1385583.114453856,PIB_Real_Regional,Quarterly,Miles_de_millones_pesos_encadenados_2018
2021-04-01,09,Araucania,1389.035907857,1019548.0,1362403.6414734765,PIB_Real_Regional,Quarterly,Miles_de_millones_pesos_encadenados_2018
2021-07-01,09,Araucania,1387.2096258988,1019548.0,1360612.3751886128,PIB_Real_Regional,Quarterly,Miles_de_millones_pesos_encadenados_2018
2021-10-01,09,Araucania,1530.8669376664,1019548.0,1501515.3162640699,PIB_Real_Regional,Quarterly,Miles_de_millones_pesos_encadenados_2018
2022-01-01,09,Araucania,1539.3414160585,1024029.0,1503220.5299444646,PIB_Real_Regional,Quarterly,Miles_de_millones_pesos_encadenados_2018
2022-04-01,09,Araucania,1499.1743982879,1024029.0,1463996.0375027463,PIB_Real_Regional,Quarterly,Miles_de_millones_pesos_encadenados_2018
2022-07-01,09,Araucania,1411.7867091783,1024029.0,1378658.9141306547,PIB_Real_Regional,Quarterly,Miles_de_millones_pesos_encadenados_2018
2022-10-01,09,Araucania,1512.860359629,1024029.0,1477360.8556290886,PIB_Real_Regional,Quarterly,Miles_de_millones_pesos_encadenados_2018
2023-01-01,09,Araucania,1568.5267498465,1028201.0,1525505.9563708848,PIB_Real_Regional,Quarterly,Miles_de_millones_pesos_encadenados_2018
2023-04-01,09,Araucania,1502.3947115168,1028201.0,1461187.755620545,PIB_Real_Regional,Quarterly,Miles_de_millones_pesos_encadenados_2018
2023-07-01,09,Araucania,1440.5598419121,1028201.0,1401048.862928649,PIB_Real_Regional,Quarterly,Miles_de_millones_pesos_encadenados_2018
2023-10-01,09,Araucania,1558.8551615743,1028201.0,1516099.63574661,PIB_Real_Regional,Quarterly,Miles_de_millones_pesos_encadenados_2018
2024-01-01,09,Araucania,1628.3879246322,1032164.0,1577644.5648484158,PIB_Real_Regional,Quarterly,Miles_de_millones_pesos_encadenados_2018
2024-04-01,09,Araucania,1528.4943671563,1032164.0,1480863.8619020814,PIB_Real_Regional,Quarterly,Miles_de_millones_pesos_encadenados_2018
2024-07-01,09,Araucania,1489.5750588763,1032164.0,1443157.3459995699,PIB_Real_Regional,Quarterly,Miles_de_millones_pesos_encadenados_2018
2024-10-01,09,Araucania,1605.493779411,1032164.0,1555463.840446867,PIB_Real_Regional,Quarterly,Miles_de_millones_pesos_encadenados_2018
2025-01-01,09,Araucania,1711.1773999061,1035918.0,1651846.381572769,PIB_Real_Regional,Quarterly,Miles_de_millones_pesos_encadenados_2018
2025-04-01,09,Araucania,1577.7857294665,1035918.0,1523079.7509711194,PIB_Real_Regional,Quarterly,Miles_de_millones_pesos_encadenados_2018
2025-07-01,09,Araucania,1505.947500916,1035918.0,1453732.3426332972,PIB_Real_Regional,Quarterly,Miles_de_millones_pesos_encadenados_2018
2025-10-01,09,Araucania,1616.5389141179,1035918.0,1560489.2608468046,PIB_Real_Regional,Quarterly,Miles_de_millones_pesos_encadenados_2018
2026-01-01,09,Araucania,1669.3392167894,1039468.0,1605955.3702368906,PIB_Real_Regional,Quarterly,Miles_de_millones_pesos_encadenados_2018
2013-01-01,10,Los_Lagos,1227.3440172824,841878.0,1457864.46169445,PIB_Real_Regional,Quarterly,Miles_de_millones_pesos_encadenados_2018
2013-04-01,10,Los_Lagos,1258.039342222,841878.0,1494324.999847959,PIB_Real_Regional,Quarterly,Miles_de_millones_pesos_encadenados_2018
2013-07-01,10,Los_Lagos,1167.4408452729,841878.0,1386710.2421881794,PIB_Real_Regional,Quarterly,Miles_de_millones_pesos_encadenados_2018
2013-10-01,10,Los_Lagos,1335.971090253,841878.0,1586893.9326755183,PIB_Real_Regional,Quarterly,Miles_de_millones_pesos_encadenados_2018
2014-01-01,10,Los_Lagos,1296.3489884174,849087.0,1526756.372924565,PIB_Real_Regional,Quarterly,Miles_de_millones_pesos_encadenados_2018
2014-04-01,10,Los_Lagos,1355.3364651268,849087.0,1596228.0250749334,PIB_Real_Regional,Quarterly,Miles_de_millones_pesos_encadenados_2018
2014-07-01,10,Los_Lagos,1265.550102212,849087.0,1490483.4277429758,PIB_Real_Regional,Quarterly,Miles_de_millones_pesos_encadenados_2018
2014-10-01,10,Los_Lagos,1420.0714298207,849087.0,1672468.6985205284,PIB_Real_Regional,Quarterly,Miles_de_millones_pesos_encadenados_2018
2015-01-01,10,Los_Lagos,1323.2239640337,856176.0,1545504.6205846695,PIB_Real_Regional,Quarterly,Miles_de_millones_pesos_encadenados_2018
2015-04-01,10,Los_Lagos,1363.8725326461,856176.0,1592981.5045575907,PIB_Real_Regional,Quarterly,Miles_de_millones_pesos_encadenados_2018
2015-07-01,10,Los_Lagos,1298.4527005109,856176.0,1516572.177345429,PIB_Real_Regional,Quarterly,Miles_de_millones_pesos_encadenados_2018
2015-10-01,10,Los_Lagos,1424.7880486911,856176.0,1664129.8619572376,PIB_Real_Regional,Quarterly,Miles_de_millones_pesos_encadenados_2018
2016-01-01,10,Los_Lagos,1395.4163111549,863290.0,1616393.4612411822,PIB_Real_Regional,Quarterly,Miles_de_millones_pesos_encadenados_2018
2016-04-01,10,Los_Lagos,1373.1638344499,863290.0,1590617.097904412,PIB_Real_Regional,Quarterly,Miles_de_millones_pesos_encadenados_2018
2016-07-01,10,Los_Lagos,1323.4295248805,863290.0,1533006.897891207,PIB_Real_Regional,Quarterly,Miles_de_millones_pesos_encadenados_2018
2016-10-01,10,Los_Lagos,1500.4841775657,863290.0,1738099.8014174842,PIB_Real_Regional,Quarterly,Miles_de_millones_pesos_encadenados_2018
2017-01-01,10,Los_Lagos,1457.6103492331,870227.0,1674977.1602502563,PIB_Real_Regional,Quarterly,Miles_de_millones_pesos_encadenados_2018
2017-04-01,10,Los_Lagos,1531.7545037981,870227.0,1760178.0958279849,PIB_Real_Regional,Quarterly,Miles_de_millones_pesos_encadenados_2018
2017-07-01,10,Los_Lagos,1440.1812474946,870227.0,1654948.935731252,PIB_Real_Regional,Quarterly,Miles_de_millones_pesos_encadenados_2018
2017-10-01,10,Los_Lagos,1593.7876848824,870227.0,1831462.0034570291,PIB_Real_Regional,Quarterly,Miles_de_millones_pesos_encadenados_2018
2018-01-01,10,Los_Lagos,1530.3902213093,877348.0,1744336.5931298642,PIB_Real_Regional,Quarterly,Miles_de_millones_pesos_encadenados_2018
2018-04-01,10,Los_Lagos,1649.45850839,877348.0,1880050.4570478306,PIB_Real_Regional,Quarterly,Miles_de_millones_pesos_encadenados_2018
2018-07-01,10,Los_Lagos,1535.2090999541,877348.0,1749829.1441413215,PIB_Real_Regional,Quarterly,Miles_de_millones_pesos_encadenados_2018
2018-10-01,10,Los_Lagos,1702.1250695333,877348.0,1940079.7283783627,PIB_Real_Regional,Quarterly,Miles_de_millones_pesos_encadenados_2018
2019-01-01,10,Los_Lagos,1634.5962733095,884464.0,1848120.7525795284,PIB_Real_Regional,Quarterly,Miles_de_millones_pesos_encadenados_2018
2019-04-01,10,Los_Lagos,1659.0418637329,884464.0,1875759.6281283356,PIB_Real_Regional,Quarterly,Miles_de_millones_pesos_encadenados_2018
2019-07-01,10,Los_Lagos,1603.0663104015,884464.0,1812472.0852420223,PIB_Real_Regional,Quarterly,Miles_de_millones_pesos_encadenados_2018
2019-10-01,10,Los_Lagos,1663.7128872368,884464.0,1881040.819340075,PIB_Real_Regional,Quarterly,Miles_de_millones_pesos_encadenados_2018
2020-01-01,10,Los_Lagos,1647.4903215312,891440.0,1848122.5001471776,PIB_Real_Regional,Quarterly,Miles_de_millones_pesos_encadenados_2018
2020-04-01,10,Los_Lagos,1498.8940777848,891440.0,1681430.1330261151,PIB_Real_Regional,Quarterly,Miles_de_millones_pesos_encadenados_2018
2020-07-01,10,Los_Lagos,1462.0636043933,891440.0,1640114.4265382977,PIB_Real_Regional,Quarterly,Miles_de_millones_pesos_encadenados_2018
2020-10-01,10,Los_Lagos,1622.8305791302,891440.0,1820459.682233465,PIB_Real_Regional,Quarterly,Miles_de_millones_pesos_encadenados_2018
2021-01-01,10,Los_Lagos,1564.1781312395,897303.0,1743199.4891797977,PIB_Real_Regional,Quarterly,Miles_de_millones_pesos_encadenados_2018
2021-04-01,10,Los_Lagos,1684.1049398751,897303.0,1876852.010831458,PIB_Real_Regional,Quarterly,Miles_de_millones_pesos_encadenados_2018
2021-07-01,10,Los_Lagos,1657.7499783903,897303.0,1847480.704277485,PIB_Real_Regional,Quarterly,Miles_de_millones_pesos_encadenados_2018
2021-10-01,10,Los_Lagos,1823.0893683804,897303.0,2031743.3112119318,PIB_Real_Regional,Quarterly,Miles_de_millones_pesos_encadenados_2018
2022-01-01,10,Los_Lagos,1686.545320453,902510.0,1868727.5713875745,PIB_Real_Regional,Quarterly,Miles_de_millones_pesos_encadenados_2018
2022-04-01,10,Los_Lagos,1781.2638709426,902510.0,1973677.7109866927,PIB_Real_Regional,Quarterly,Miles_de_millones_pesos_encadenados_2018
2022-07-01,10,Los_Lagos,1683.7168700076,902510.0,1865593.5889991245,PIB_Real_Regional,Quarterly,Miles_de_millones_pesos_encadenados_2018
2022-10-01,10,Los_Lagos,1812.0735536901,902510.0,2007815.4853576135,PIB_Real_Regional,Quarterly,Miles_de_millones_pesos_encadenados_2018
2023-01-01,10,Los_Lagos,1748.76845742,907429.0,1927168.3596402584,PIB_Real_Regional,Quarterly,Miles_de_millones_pesos_encadenados_2018
2023-04-01,10,Los_Lagos,1776.7364305087,907429.0,1957989.4741172038,PIB_Real_Regional,Quarterly,Miles_de_millones_pesos_encadenados_2018
2023-07-01,10,Los_Lagos,1704.3273096812,907429.0,1878193.5663078874,PIB_Real_Regional,Quarterly,Miles_de_millones_pesos_encadenados_2018
2023-10-01,10,Los_Lagos,1824.9863682755,907429.0,2011161.6096416358,PIB_Real_Regional,Quarterly,Miles_de_millones_pesos_encadenados_2018
2024-01-01,10,Los_Lagos,1768.770658436,912171.0,1939077.9343302955,PIB_Real_Regional,Quarterly,Miles_de_millones_pesos_encadenados_2018
2024-04-01,10,Los_Lagos,1790.5145416999,912171.0,1962915.4420606445,PIB_Real_Regional,Quarterly,Miles_de_millones_pesos_encadenados_2018
2024-07-01,10,Los_Lagos,1726.1223489878,912171.0,1892323.2036403262,PIB_Real_Regional,Quarterly,Miles_de_millones_pesos_encadenados_2018
2024-10-01,10,Los_Lagos,1880.6656229071,912171.0,2061746.7809293433,PIB_Real_Regional,Quarterly,Miles_de_millones_pesos_encadenados_2018
2025-01-01,10,Los_Lagos,1862.416988872,916721.0,2031607.2053241935,PIB_Real_Regional,Quarterly,Miles_de_millones_pesos_encadenados_2018
2025-04-01,10,Los_Lagos,1891.5109188558,916721.0,2063344.156898118,PIB_Real_Regional,Quarterly,Miles_de_millones_pesos_encadenados_2018
2025-07-01,10,Los_Lagos,1815.9759319928,916721.0,1980947.236937738,PIB_Real_Regional,Quarterly,Miles_de_millones_pesos_encadenados_2018
2025-10-01,10,Los_Lagos,1975.8631495678,916721.0,2155359.3182307375,PIB_Real_Regional,Quarterly,Miles_de_millones_pesos_encadenados_2018
2026-01-01,10,Los_Lagos,1884.6468693282,921079.0,2046129.4517931687,PIB_Real_Regional,Quarterly,Miles_de_millones_pesos_encadenados_2018
2013-01-01,11,Aysen,282.30159838876,102772.0,2746872.673381466,PIB_Real_Regional,Quarterly,Miles_de_millones_pesos_encadenados_2018
2013-04-01,11,Aysen,272.41708682966,102772.0,2650693.64057973,PIB_Real_Regional,Quarterly,Miles_de_millones_pesos_encadenados_2018
2013-07-01,11,Aysen,266.41517956949,102772.0,2592293.4220360606,PIB_Real_Regional,Quarterly,Miles_de_millones_pesos_encadenados_2018
2013-10-01,11,Aysen,281.13295811368,102772.0,2735501.4801082006,PIB_Real_Regional,Quarterly,Miles_de_millones_pesos_encadenados_2018
2014-01-01,11,Aysen,276.99373559923,103446.0,2677665.0194229838,PIB_Real_Regional,Quarterly,Miles_de_millones_pesos_encadenados_2018
2014-04-01,11,Aysen,290.48261375286,103446.0,2808060.3769392725,PIB_Real_Regional,Quarterly,Miles_de_millones_pesos_encadenados_2018
2014-07-01,11,Aysen,273.7550908282,103446.0,2646357.4312027534,PIB_Real_Regional,Quarterly,Miles_de_millones_pesos_encadenados_2018
2014-10-01,11,Aysen,300.91745133283,103446.0,2908932.6927365973,PIB_Real_Regional,Quarterly,Miles_de_millones_pesos_encadenados_2018
2015-01-01,11,Aysen,282.78278857048,104097.0,2716531.5866017276,PIB_Real_Regional,Quarterly,Miles_de_millones_pesos_encadenados_2018
2015-04-01,11,Aysen,267.35712156914,104097.0,2568346.0769199883,PIB_Real_Regional,Quarterly,Miles_de_millones_pesos_encadenados_2018
2015-07-01,11,Aysen,255.44001494808,104097.0,2453865.2886065883,PIB_Real_Regional,Quarterly,Miles_de_millones_pesos_encadenados_2018
2015-10-01,11,Aysen,280.168486194,104097.0,2691417.4874780253,PIB_Real_Regional,Quarterly,Miles_de_millones_pesos_encadenados_2018
2016-01-01,11,Aysen,269.44610088838,104704.0,2573407.9012108417,PIB_Real_Regional,Quarterly,Miles_de_millones_pesos_encadenados_2018
2016-04-01,11,Aysen,261.58127257997,104704.0,2498293.0220428063,PIB_Real_Regional,Quarterly,Miles_de_millones_pesos_encadenados_2018
2016-07-01,11,Aysen,270.20621140674,104704.0,2580667.5141994576,PIB_Real_Regional,Quarterly,Miles_de_millones_pesos_encadenados_2018
2016-10-01,11,Aysen,287.51455703221,104704.0,2745974.9105307343,PIB_Real_Regional,Quarterly,Miles_de_millones_pesos_encadenados_2018
2017-01-01,11,Aysen,268.88467674754,105382.0,2551523.75877797,PIB_Real_Regional,Quarterly,Miles_de_millones_pesos_encadenados_2018
2017-04-01,11,Aysen,297.72569152629,105382.0,2825204.4137166687,PIB_Real_Regional,Quarterly,Miles_de_millones_pesos_encadenados_2018
2017-07-01,11,Aysen,309.03392307743,105382.0,2932511.4637929625,PIB_Real_Regional,Quarterly,Miles_de_millones_pesos_encadenados_2018
2017-10-01,11,Aysen,323.90374193749,105382.0,3073615.436578258,PIB_Real_Regional,Quarterly,Miles_de_millones_pesos_encadenados_2018
2018-01-01,11,Aysen,285.87504356033,106023.0,2696349.316283542,PIB_Real_Regional,Quarterly,Miles_de_millones_pesos_encadenados_2018
2018-04-01,11,Aysen,307.12392289029,106023.0,2896766.9551917035,PIB_Real_Regional,Quarterly,Miles_de_millones_pesos_encadenados_2018
2018-07-01,11,Aysen,318.94447299377,106023.0,3008257.387489224,PIB_Real_Regional,Quarterly,Miles_de_millones_pesos_encadenados_2018
2018-10-01,11,Aysen,316.52916084419,106023.0,2985476.366865586,PIB_Real_Regional,Quarterly,Miles_de_millones_pesos_encadenados_2018
2019-01-01,11,Aysen,300.43249089702,106680.0,2816202.5768374573,PIB_Real_Regional,Quarterly,Miles_de_millones_pesos_encadenados_2018
2019-04-01,11,Aysen,311.1652243204,106680.0,2916809.376831646,PIB_Real_Regional,Quarterly,Miles_de_millones_pesos_encadenados_2018
2019-07-01,11,Aysen,316.04103525634,106680.0,2962514.391229284,PIB_Real_Regional,Quarterly,Miles_de_millones_pesos_encadenados_2018
2019-10-01,11,Aysen,316.79790244461,106680.0,2969609.134276434,PIB_Real_Regional,Quarterly,Miles_de_millones_pesos_encadenados_2018
2020-01-01,11,Aysen,273.15248996032,107297.0,2545760.738513845,PIB_Real_Regional,Quarterly,Miles_de_millones_pesos_encadenados_2018
2020-04-01,11,Aysen,263.60126466663,107297.0,2456744.0344709544,PIB_Real_Regional,Quarterly,Miles_de_millones_pesos_encadenados_2018
2020-07-01,11,Aysen,306.47371048323,107297.0,2856312.016955087,PIB_Real_Regional,Quarterly,Miles_de_millones_pesos_encadenados_2018
2020-10-01,11,Aysen,276.83206557865,107297.0,2580054.107557993,PIB_Real_Regional,Quarterly,Miles_de_millones_pesos_encadenados_2018
2021-01-01,11,Aysen,279.87456004495,107737.0,2597757.1312079416,PIB_Real_Regional,Quarterly,Miles_de_millones_pesos_encadenados_2018
2021-04-01,11,Aysen,296.58480057495,107737.0,2752859.2830220815,PIB_Real_Regional,Quarterly,Miles_de_millones_pesos_encadenados_2018
2021-07-01,11,Aysen,315.85450399548,107737.0,2931718.0169809815,PIB_Real_Regional,Quarterly,Miles_de_millones_pesos_encadenados_2018
2021-10-01,11,Aysen,304.91941594247,107737.0,2830220.035294003,PIB_Real_Regional,Quarterly,Miles_de_millones_pesos_encadenados_2018
2022-01-01,11,Aysen,278.80811164618,108047.0,2580433.622832471,PIB_Real_Regional,Quarterly,Miles_de_millones_pesos_encadenados_2018
2022-04-01,11,Aysen,303.67030923376,108047.0,2810539.0175919738,PIB_Real_Regional,Quarterly,Miles_de_millones_pesos_encadenados_2018
2022-07-01,11,Aysen,320.08463643739,108047.0,2962457.416100308,PIB_Real_Regional,Quarterly,Miles_de_millones_pesos_encadenados_2018
2022-10-01,11,Aysen,313.02606658596,108047.0,2897128.717927939,PIB_Real_Regional,Quarterly,Miles_de_millones_pesos_encadenados_2018
2023-01-01,11,Aysen,306.79670036006,108306.0,2832684.2498112754,PIB_Real_Regional,Quarterly,Miles_de_millones_pesos_encadenados_2018
2023-04-01,11,Aysen,342.92696062155,108306.0,3166278.5129314163,PIB_Real_Regional,Quarterly,Miles_de_millones_pesos_encadenados_2018
2023-07-01,11,Aysen,341.6788494511,108306.0,3154754.5791655127,PIB_Real_Regional,Quarterly,Miles_de_millones_pesos_encadenados_2018
2023-10-01,11,Aysen,313.11887592274,108306.0,2891057.5214922535,PIB_Real_Regional,Quarterly,Miles_de_millones_pesos_encadenados_2018
2024-01-01,11,Aysen,303.74708762349,108538.0,2798532.1972349775,PIB_Real_Regional,Quarterly,Miles_de_millones_pesos_encadenados_2018
2024-04-01,11,Aysen,326.46321302478,108538.0,3007824.1079140943,PIB_Real_Regional,Quarterly,Miles_de_millones_pesos_encadenados_2018
2024-07-01,11,Aysen,342.14426753299,108538.0,3152299.3562898706,PIB_Real_Regional,Quarterly,Miles_de_millones_pesos_encadenados_2018
2024-10-01,11,Aysen,346.2712930415,108538.0,3190323.1406650203,PIB_Real_Regional,Quarterly,Miles_de_millones_pesos_encadenados_2018
2025-01-01,11,Aysen,337.13978436992,108744.0,3100306.9996498195,PIB_Real_Regional,Quarterly,Miles_de_millones_pesos_encadenados_2018
2025-04-01,11,Aysen,362.64877690201,108744.0,3334885.390476808,PIB_Real_Regional,Quarterly,Miles_de_millones_pesos_encadenados_2018
2025-07-01,11,Aysen,363.5570797154,108744.0,3343238.0610921057,PIB_Real_Regional,Quarterly,Miles_de_millones_pesos_encadenados_2018
2025-10-01,11,Aysen,367.1819692007,108744.0,3376572.2173241745,PIB_Real_Regional,Quarterly,Miles_de_millones_pesos_encadenados_2018
2026-01-01,11,Aysen,328.22095879137,108920.0,3013413.136167554,PIB_Real_Regional,Quarterly,Miles_de_millones_pesos_encadenados_2018
2013-01-01,12,Magallanes,387.45874502311,165142.0,2346215.650913214,PIB_Real_Regional,Quarterly,Miles_de_millones_pesos_encadenados_2018
2013-04-01,12,Magallanes,388.91633240369,165142.0,2355041.91788697,PIB_Real_Regional,Quarterly,Miles_de_millones_pesos_encadenados_2018
2013-07-01,12,Magallanes,382.79883007458,165142.0,2317998.0263929227,PIB_Real_Regional,Quarterly,Miles_de_millones_pesos_encadenados_2018
2013-10-01,12,Magallanes,435.8269076855,165142.0,2639103.969223456,PIB_Real_Regional,Quarterly,Miles_de_millones_pesos_encadenados_2018
2014-01-01,12,Magallanes,438.34450374793,166475.0,2633095.081831686,PIB_Real_Regional,Quarterly,Miles_de_millones_pesos_encadenados_2018
2014-04-01,12,Magallanes,415.40396888406,166475.0,2495293.4007151825,PIB_Real_Regional,Quarterly,Miles_de_millones_pesos_encadenados_2018
2014-07-01,12,Magallanes,400.4269256946,166475.0,2405327.681000751,PIB_Real_Regional,Quarterly,Miles_de_millones_pesos_encadenados_2018
2014-10-01,12,Magallanes,436.61777208323,166475.0,2622722.7636776096,PIB_Real_Regional,Quarterly,Miles_de_millones_pesos_encadenados_2018
2015-01-01,12,Magallanes,438.63157776365,167961.0,2611508.491635856,PIB_Real_Regional,Quarterly,Miles_de_millones_pesos_encadenados_2018
2015-04-01,12,Magallanes,414.66369039702,167961.0,2468809.368823834,PIB_Real_Regional,Quarterly,Miles_de_millones_pesos_encadenados_2018
2015-07-01,12,Magallanes,403.24466247848,167961.0,2400823.1820391635,PIB_Real_Regional,Quarterly,Miles_de_millones_pesos_encadenados_2018
2015-10-01,12,Magallanes,468.91901293141,167961.0,2791832.7048029606,PIB_Real_Regional,Quarterly,Miles_de_millones_pesos_encadenados_2018
2016-01-01,12,Magallanes,458.17893243387,169530.0,2702642.201580074,PIB_Real_Regional,Quarterly,Miles_de_millones_pesos_encadenados_2018
2016-04-01,12,Magallanes,443.32214876384,169530.0,2615007.071101516,PIB_Real_Regional,Quarterly,Miles_de_millones_pesos_encadenados_2018
2016-07-01,12,Magallanes,433.44697774918,169530.0,2556756.784929983,PIB_Real_Regional,Quarterly,Miles_de_millones_pesos_encadenados_2018
2016-10-01,12,Magallanes,484.25944466,169530.0,2856482.3020114433,PIB_Real_Regional,Quarterly,Miles_de_millones_pesos_encadenados_2018
2017-01-01,12,Magallanes,481.23585536613,171293.0,2809430.9479437573,PIB_Real_Regional,Quarterly,Miles_de_millones_pesos_encadenados_2018
2017-04-01,12,Magallanes,451.47665591094,171293.0,2635698.224159423,PIB_Real_Regional,Quarterly,Miles_de_millones_pesos_encadenados_2018
2017-07-01,12,Magallanes,430.93880545607,171293.0,2515799.2764215115,PIB_Real_Regional,Quarterly,Miles_de_millones_pesos_encadenados_2018
2017-10-01,12,Magallanes,498.2392182526,171293.0,2908695.73334929,PIB_Real_Regional,Quarterly,Miles_de_millones_pesos_encadenados_2018
2018-01-01,12,Magallanes,464.73225015888,173567.0,2677538.0697879205,PIB_Real_Regional,Quarterly,Miles_de_millones_pesos_encadenados_2018
2018-04-01,12,Magallanes,454.41743557958,173567.0,2618109.6382352635,PIB_Real_Regional,Quarterly,Miles_de_millones_pesos_encadenados_2018
2018-07-01,12,Magallanes,433.60590150749,173567.0,2498204.736542603,PIB_Real_Regional,Quarterly,Miles_de_millones_pesos_encadenados_2018
2018-10-01,12,Magallanes,488.09926674494,173567.0,2812166.29166224,PIB_Real_Regional,Quarterly,Miles_de_millones_pesos_encadenados_2018
2019-01-01,12,Magallanes,490.33460810245,175984.0,2786245.386526332,PIB_Real_Regional,Quarterly,Miles_de_millones_pesos_encadenados_2018
2019-04-01,12,Magallanes,482.78118020565,175984.0,2743324.280648525,PIB_Real_Regional,Quarterly,Miles_de_millones_pesos_encadenados_2018
2019-07-01,12,Magallanes,454.50140004964,175984.0,2582629.102927766,PIB_Real_Regional,Quarterly,Miles_de_millones_pesos_encadenados_2018
2019-10-01,12,Magallanes,503.04494914509,175984.0,2858469.799215213,PIB_Real_Regional,Quarterly,Miles_de_millones_pesos_encadenados_2018
2020-01-01,12,Magallanes,502.01641137764,178362.0,2814592.858218903,PIB_Real_Regional,Quarterly,Miles_de_millones_pesos_encadenados_2018
2020-04-01,12,Magallanes,395.84806476623,178362.0,2219352.0187384645,PIB_Real_Regional,Quarterly,Miles_de_millones_pesos_encadenados_2018
2020-07-01,12,Magallanes,376.28600577128,178362.0,2109675.8601679727,PIB_Real_Regional,Quarterly,Miles_de_millones_pesos_encadenados_2018
2020-10-01,12,Magallanes,411.36820055437,178362.0,2306366.83012284,PIB_Real_Regional,Quarterly,Miles_de_millones_pesos_encadenados_2018
2021-01-01,12,Magallanes,426.38021934083,179949.0,2369450.340601115,PIB_Real_Regional,Quarterly,Miles_de_millones_pesos_encadenados_2018
2021-04-01,12,Magallanes,438.69353883882,179949.0,2437877.058715636,PIB_Real_Regional,Quarterly,Miles_de_millones_pesos_encadenados_2018
2021-07-01,12,Magallanes,443.20109727959,179949.0,2462926.147295011,PIB_Real_Regional,Quarterly,Miles_de_millones_pesos_encadenados_2018
2021-10-01,12,Magallanes,498.73935693977,179949.0,2771559.4804070597,PIB_Real_Regional,Quarterly,Miles_de_millones_pesos_encadenados_2018
2022-01-01,12,Magallanes,472.34630563204,181143.0,2607587.958861452,PIB_Real_Regional,Quarterly,Miles_de_millones_pesos_encadenados_2018
2022-04-01,12,Magallanes,474.63994155591,181143.0,2620249.976846525,PIB_Real_Regional,Quarterly,Miles_de_millones_pesos_encadenados_2018
2022-07-01,12,Magallanes,456.85997687425,181143.0,2522095.675097851,PIB_Real_Regional,Quarterly,Miles_de_millones_pesos_encadenados_2018
2022-10-01,12,Magallanes,503.24784773534,181143.0,2778179.9337282698,PIB_Real_Regional,Quarterly,Miles_de_millones_pesos_encadenados_2018
2023-01-01,12,Magallanes,479.30730655443,182217.0,2630420.3589919163,PIB_Real_Regional,Quarterly,Miles_de_millones_pesos_encadenados_2018
2023-04-01,12,Magallanes,469.56209389213,182217.0,2576939.0007086606,PIB_Real_Regional,Quarterly,Miles_de_millones_pesos_encadenados_2018
2023-07-01,12,Magallanes,461.92054314717,182217.0,2535002.459414709,PIB_Real_Regional,Quarterly,Miles_de_millones_pesos_encadenados_2018
2023-10-01,12,Magallanes,518.10770819963,182217.0,2843355.494820077,PIB_Real_Regional,Quarterly,Miles_de_millones_pesos_encadenados_2018
2024-01-01,12,Magallanes,519.56594009149,183235.0,2835516.90502082,PIB_Real_Regional,Quarterly,Miles_de_millones_pesos_encadenados_2018
2024-04-01,12,Magallanes,488.7426164951,183235.0,2667299.4596834662,PIB_Real_Regional,Quarterly,Miles_de_millones_pesos_encadenados_2018
2024-07-01,12,Magallanes,474.059431914,183235.0,2587166.3814991675,PIB_Real_Regional,Quarterly,Miles_de_millones_pesos_encadenados_2018
2024-10-01,12,Magallanes,553.52329303123,183235.0,3020838.229766311,PIB_Real_Regional,Quarterly,Miles_de_millones_pesos_encadenados_2018
2025-01-01,12,Magallanes,557.51899013633,184216.0,3026441.732185749,PIB_Real_Regional,Quarterly,Miles_de_millones_pesos_encadenados_2018
2025-04-01,12,Magallanes,528.90770070538,184216.0,2871127.9188853297,PIB_Real_Regional,Quarterly,Miles_de_millones_pesos_encadenados_2018
2025-07-01,12,Magallanes,500.17902362646,184216.0,2715176.8772878577,PIB_Real_Regional,Quarterly,Miles_de_millones_pesos_encadenados_2018
2025-10-01,12,Magallanes,539.48916271447,184216.0,2928568.4344165004,PIB_Real_Regional,Quarterly,Miles_de_millones_pesos_encadenados_2018
2026-01-01,12,Magallanes,550.19055713231,185163.0,2971384.9804351307,PIB_Real_Regional,Quarterly,Miles_de_millones_pesos_encadenados_2018
2013-01-01,13,Metropolitana,16775.53026276,7131650.0,2352264.94047801,PIB_Real_Regional,Quarterly,Miles_de_millones_pesos_encadenados_2018
2013-04-01,13,Metropolitana,17736.86746827,7131650.0,2487063.6484221746,PIB_Real_Regional,Quarterly,Miles_de_millones_pesos_encadenados_2018
2013-07-01,13,Metropolitana,17051.800880901,7131650.0,2391003.6079870714,PIB_Real_Regional,Quarterly,Miles_de_millones_pesos_encadenados_2018
2013-10-01,13,Metropolitana,18711.491483285,7131650.0,2623725.432864064,PIB_Real_Regional,Quarterly,Miles_de_millones_pesos_encadenados_2018
2014-01-01,13,Metropolitana,17228.381046032,7202595.0,2391968.5954898195,PIB_Real_Regional,Quarterly,Miles_de_millones_pesos_encadenados_2018
2014-04-01,13,Metropolitana,17922.363425872,7202595.0,2488320.3103703596,PIB_Real_Regional,Quarterly,Miles_de_millones_pesos_encadenados_2018
2014-07-01,13,Metropolitana,17346.304167153,7202595.0,2408340.905903081,PIB_Real_Regional,Quarterly,Miles_de_millones_pesos_encadenados_2018
2014-10-01,13,Metropolitana,18984.291346201,7202595.0,2635757.160606837,PIB_Real_Regional,Quarterly,Miles_de_millones_pesos_encadenados_2018
2015-01-01,13,Metropolitana,17532.212235097,7279754.0,2408352.292549583,PIB_Real_Regional,Quarterly,Miles_de_millones_pesos_encadenados_2018
2015-04-01,13,Metropolitana,18344.096283955,7279754.0,2519878.595341958,PIB_Real_Regional,Quarterly,Miles_de_millones_pesos_encadenados_2018
2015-07-01,13,Metropolitana,17910.560386122,7279754.0,2460324.948634528,PIB_Real_Regional,Quarterly,Miles_de_millones_pesos_encadenados_2018
2015-10-01,13,Metropolitana,19507.518426004,7279754.0,2679694.7295202557,PIB_Real_Regional,Quarterly,Miles_de_millones_pesos_encadenados_2018
2016-01-01,13,Metropolitana,18046.219680391,7369532.0,2448760.6106318557,PIB_Real_Regional,Quarterly,Miles_de_millones_pesos_encadenados_2018
2016-04-01,13,Metropolitana,18799.854792949,7369532.0,2551024.2431878983,PIB_Real_Regional,Quarterly,Miles_de_millones_pesos_encadenados_2018
2016-07-01,13,Metropolitana,18301.54606779,7369532.0,2483406.8252624455,PIB_Real_Regional,Quarterly,Miles_de_millones_pesos_encadenados_2018
2016-10-01,13,Metropolitana,19709.529104703,7369532.0,2674461.4318389553,PIB_Real_Regional,Quarterly,Miles_de_millones_pesos_encadenados_2018
2017-01-01,13,Metropolitana,18160.535111127,7508690.0,2418602.327586703,PIB_Real_Regional,Quarterly,Miles_de_millones_pesos_encadenados_2018
2017-04-01,13,Metropolitana,18925.819914637,7508690.0,2520522.2102173613,PIB_Real_Regional,Quarterly,Miles_de_millones_pesos_encadenados_2018
2017-07-01,13,Metropolitana,18531.834173152,7508690.0,2468051.5739965294,PIB_Real_Regional,Quarterly,Miles_de_millones_pesos_encadenados_2018
2017-10-01,13,Metropolitana,20100.072400796,7508690.0,2676908.009359289,PIB_Real_Regional,Quarterly,Miles_de_millones_pesos_encadenados_2018
2018-01-01,13,Metropolitana,18759.416047794,7702891.0,2435373.426391987,PIB_Real_Regional,Quarterly,Miles_de_millones_pesos_encadenados_2018
2018-04-01,13,Metropolitana,19729.676237386,7702891.0,2561333.950770691,PIB_Real_Regional,Quarterly,Miles_de_millones_pesos_encadenados_2018
2018-07-01,13,Metropolitana,18936.509007222,7702891.0,2458363.8801616174,PIB_Real_Regional,Quarterly,Miles_de_millones_pesos_encadenados_2018
2018-10-01,13,Metropolitana,20805.941123657,7702891.0,2701056.1519898176,PIB_Real_Regional,Quarterly,Miles_de_millones_pesos_encadenados_2018
2019-01-01,13,Metropolitana,19332.20380201,7915199.0,2442415.38361954,PIB_Real_Regional,Quarterly,Miles_de_millones_pesos_encadenados_2018
2019-04-01,13,Metropolitana,20184.323971852,7915199.0,2550071.5739240414,PIB_Real_Regional,Quarterly,Miles_de_millones_pesos_encadenados_2018
2019-07-01,13,Metropolitana,19466.013231889,7915199.0,2459320.7614728324,PIB_Real_Regional,Quarterly,Miles_de_millones_pesos_encadenados_2018
2019-10-01,13,Metropolitana,19989.298973384,7915199.0,2525432.2694077557,PIB_Real_Regional,Quarterly,Miles_de_millones_pesos_encadenados_2018
2020-01-01,13,Metropolitana,19040.888339982,8125072.0,2343473.1827585036,PIB_Real_Regional,Quarterly,Miles_de_millones_pesos_encadenados_2018
2020-04-01,13,Metropolitana,16381.378519289,8125072.0,2016151.7977057926,PIB_Real_Regional,Quarterly,Miles_de_millones_pesos_encadenados_2018
2020-07-01,13,Metropolitana,17052.661188545,8125072.0,2098770.4710241337,PIB_Real_Regional,Quarterly,Miles_de_millones_pesos_encadenados_2018
2020-10-01,13,Metropolitana,19755.671315931,8125072.0,2431445.692534294,PIB_Real_Regional,Quarterly,Miles_de_millones_pesos_encadenados_2018
2021-01-01,13,Metropolitana,19150.024322922,8242459.0,2323338.7418635627,PIB_Real_Regional,Quarterly,Miles_de_millones_pesos_encadenados_2018
2021-04-01,13,Metropolitana,19849.641533575,8242459.0,2408218.4131671144,PIB_Real_Regional,Quarterly,Miles_de_millones_pesos_encadenados_2018
2021-07-01,13,Metropolitana,20657.448160527,8242459.0,2506223.9509504386,PIB_Real_Regional,Quarterly,Miles_de_millones_pesos_encadenados_2018
2021-10-01,13,Metropolitana,22369.842646716,8242459.0,2713976.8176846253,PIB_Real_Regional,Quarterly,Miles_de_millones_pesos_encadenados_2018
2022-01-01,13,Metropolitana,20567.817006992,8310984.0,2474775.1899163807,PIB_Real_Regional,Quarterly,Miles_de_millones_pesos_encadenados_2018
2022-04-01,13,Metropolitana,21217.166960214,8310984.0,2552906.726834512,PIB_Real_Regional,Quarterly,Miles_de_millones_pesos_encadenados_2018
2022-07-01,13,Metropolitana,20794.954356876,8310984.0,2502104.968181385,PIB_Real_Regional,Quarterly,Miles_de_millones_pesos_encadenados_2018
2022-10-01,13,Metropolitana,21615.792982232,8310984.0,2600870.4844374624,PIB_Real_Regional,Quarterly,Miles_de_millones_pesos_encadenados_2018
2023-01-01,13,Metropolitana,20823.452548126,8367790.0,2488524.753623836,PIB_Real_Regional,Quarterly,Miles_de_millones_pesos_encadenados_2018
2023-04-01,13,Metropolitana,21184.672323862,8367790.0,2531692.636151481,PIB_Real_Regional,Quarterly,Miles_de_millones_pesos_encadenados_2018
2023-07-01,13,Metropolitana,20588.769651629,8367790.0,2460478.770574907,PIB_Real_Regional,Quarterly,Miles_de_millones_pesos_encadenados_2018
2023-10-01,13,Metropolitana,22046.685688859,8367790.0,2634708.2908221884,PIB_Real_Regional,Quarterly,Miles_de_millones_pesos_encadenados_2018
2024-01-01,13,Metropolitana,21057.486092908,8420729.0,2500672.5775058195,PIB_Real_Regional,Quarterly,Miles_de_millones_pesos_encadenados_2018
2024-04-01,13,Metropolitana,21266.663930866,8420729.0,2525513.400427208,PIB_Real_Regional,Quarterly,Miles_de_millones_pesos_encadenados_2018
2024-07-01,13,Metropolitana,21005.096559426,8420729.0,2494451.0813049558,PIB_Real_Regional,Quarterly,Miles_de_millones_pesos_encadenados_2018
2024-10-01,13,Metropolitana,22670.553914421,8420729.0,2692231.7431686735,PIB_Real_Regional,Quarterly,Miles_de_millones_pesos_encadenados_2018
2025-01-01,13,Metropolitana,21571.016165022,8471244.0,2546381.164917691,PIB_Real_Regional,Quarterly,Miles_de_millones_pesos_encadenados_2018
2025-04-01,13,Metropolitana,21831.747419947,8471244.0,2577159.5553081697,PIB_Real_Regional,Quarterly,Miles_de_millones_pesos_encadenados_2018
2025-07-01,13,Metropolitana,21711.436726679,8471244.0,2562957.309065705,PIB_Real_Regional,Quarterly,Miles_de_millones_pesos_encadenados_2018
2025-10-01,13,Metropolitana,23336.209149745,8471244.0,2754755.871716716,PIB_Real_Regional,Quarterly,Miles_de_millones_pesos_encadenados_2018
2026-01-01,13,Metropolitana,21793.731630918,8519527.0,2558091.738064566,PIB_Real_Regional,Quarterly,Miles_de_millones_pesos_encadenados_2018
2013-01-01,14,Los_Rios,532.69746496754,389393.0,1368020.136385451,PIB_Real_Regional,Quarterly,Miles_de_millones_pesos_encadenados_2018
2013-04-01,14,Los_Rios,529.97059191597,389393.0,1361017.2548452849,PIB_Real_Regional,Quarterly,Miles_de_millones_pesos_encadenados_2018
2013-07-01,14,Los_Rios,504.69654717936,389393.0,1296110.9911563895,PIB_Real_Regional,Quarterly,Miles_de_millones_pesos_encadenados_2018
2013-10-01,14,Los_Rios,542.36902511673,389393.0,1392857.6659486175,PIB_Real_Regional,Quarterly,Miles_de_millones_pesos_encadenados_2018
2014-01-01,14,Los_Rios,550.49800069363,391641.0,1405618.9231812553,PIB_Real_Regional,Quarterly,Miles_de_millones_pesos_encadenados_2018
2014-04-01,14,Los_Rios,546.96901015387,391641.0,1396608.1440754929,PIB_Real_Regional,Quarterly,Miles_de_millones_pesos_encadenados_2018
2014-07-01,14,Los_Rios,520.75335401222,391641.0,1329670.1673528054,PIB_Real_Regional,Quarterly,Miles_de_millones_pesos_encadenados_2018
2014-10-01,14,Los_Rios,573.77076400042,391641.0,1465042.6385399383,PIB_Real_Regional,Quarterly,Miles_de_millones_pesos_encadenados_2018
2015-01-01,14,Los_Rios,574.91834877139,393791.0,1459958.0710869217,PIB_Real_Regional,Quarterly,Miles_de_millones_pesos_encadenados_2018
2015-04-01,14,Los_Rios,566.10969752998,393791.0,1437589.2225316986,PIB_Real_Regional,Quarterly,Miles_de_millones_pesos_encadenados_2018
2015-07-01,14,Los_Rios,542.04441903399,393791.0,1376477.418310703,PIB_Real_Regional,Quarterly,Miles_de_millones_pesos_encadenados_2018
2015-10-01,14,Los_Rios,588.60040297665,393791.0,1494702.5274235571,PIB_Real_Regional,Quarterly,Miles_de_millones_pesos_encadenados_2018
2016-01-01,14,Los_Rios,593.39215259711,396155.0,1497878.740889576,PIB_Real_Regional,Quarterly,Miles_de_millones_pesos_encadenados_2018
2016-04-01,14,Los_Rios,588.56524413303,396155.0,1485694.3472454723,PIB_Real_Regional,Quarterly,Miles_de_millones_pesos_encadenados_2018
2016-07-01,14,Los_Rios,556.62188905033,396155.0,1405060.8702410166,PIB_Real_Regional,Quarterly,Miles_de_millones_pesos_encadenados_2018
2016-10-01,14,Los_Rios,607.72223910712,396155.0,1534051.6694402948,PIB_Real_Regional,Quarterly,Miles_de_millones_pesos_encadenados_2018
2017-01-01,14,Los_Rios,598.63555594955,398493.0,1502248.6115177684,PIB_Real_Regional,Quarterly,Miles_de_millones_pesos_encadenados_2018
2017-04-01,14,Los_Rios,591.49134933845,398493.0,1484320.551022101,PIB_Real_Regional,Quarterly,Miles_de_millones_pesos_encadenados_2018
2017-07-01,14,Los_Rios,568.53372971987,398493.0,1426709.4521606904,PIB_Real_Regional,Quarterly,Miles_de_millones_pesos_encadenados_2018
2017-10-01,14,Los_Rios,625.57890356618,398493.0,1569861.7129188718,PIB_Real_Regional,Quarterly,Miles_de_millones_pesos_encadenados_2018
2018-01-01,14,Los_Rios,634.40183240853,400935.0,1582305.9408845075,PIB_Real_Regional,Quarterly,Miles_de_millones_pesos_encadenados_2018
2018-04-01,14,Los_Rios,626.92715382329,400935.0,1563662.8227101401,PIB_Real_Regional,Quarterly,Miles_de_millones_pesos_encadenados_2018
2018-07-01,14,Los_Rios,586.81646747893,400935.0,1463619.957047726,PIB_Real_Regional,Quarterly,Miles_de_millones_pesos_encadenados_2018
2018-10-01,14,Los_Rios,652.35933766726,400935.0,1627095.0095832492,PIB_Real_Regional,Quarterly,Miles_de_millones_pesos_encadenados_2018
2019-01-01,14,Los_Rios,642.35641984056,403413.0,1592304.7096661732,PIB_Real_Regional,Quarterly,Miles_de_millones_pesos_encadenados_2018
2019-04-01,14,Los_Rios,635.34874113238,403413.0,1574933.7307731283,PIB_Real_Regional,Quarterly,Miles_de_millones_pesos_encadenados_2018
2019-07-01,14,Los_Rios,603.49700563884,403413.0,1495978.0811199443,PIB_Real_Regional,Quarterly,Miles_de_millones_pesos_encadenados_2018
2019-10-01,14,Los_Rios,625.54942189906,403413.0,1550642.6959445036,PIB_Real_Regional,Quarterly,Miles_de_millones_pesos_encadenados_2018
2020-01-01,14,Los_Rios,635.71402437621,405835.0,1566434.6948296968,PIB_Real_Regional,Quarterly,Miles_de_millones_pesos_encadenados_2018
2020-04-01,14,Los_Rios,557.60199385015,405835.0,1373962.3094364705,PIB_Real_Regional,Quarterly,Miles_de_millones_pesos_encadenados_2018
2020-07-01,14,Los_Rios,567.66639752163,405835.0,1398761.5595540798,PIB_Real_Regional,Quarterly,Miles_de_millones_pesos_encadenados_2018
2020-10-01,14,Los_Rios,642.16774144863,405835.0,1582337.0124524252,PIB_Real_Regional,Quarterly,Miles_de_millones_pesos_encadenados_2018
2021-01-01,14,Los_Rios,631.11984844082,407818.0,1547552.7035119096,PIB_Real_Regional,Quarterly,Miles_de_millones_pesos_encadenados_2018
2021-04-01,14,Los_Rios,649.45207499401,407818.0,1592504.6834470525,PIB_Real_Regional,Quarterly,Miles_de_millones_pesos_encadenados_2018
2021-07-01,14,Los_Rios,629.89525721322,407818.0,1544549.9149454413,PIB_Real_Regional,Quarterly,Miles_de_millones_pesos_encadenados_2018
2021-10-01,14,Los_Rios,728.58744700791,407818.0,1786550.4882273711,PIB_Real_Regional,Quarterly,Miles_de_millones_pesos_encadenados_2018
2022-01-01,14,Los_Rios,680.34039130071,409559.0,1661153.5610271294,PIB_Real_Regional,Quarterly,Miles_de_millones_pesos_encadenados_2018
2022-04-01,14,Los_Rios,677.74365479061,409559.0,1654813.237630256,PIB_Real_Regional,Quarterly,Miles_de_millones_pesos_encadenados_2018
2022-07-01,14,Los_Rios,629.51587688286,409559.0,1537057.8521845692,PIB_Real_Regional,Quarterly,Miles_de_millones_pesos_encadenados_2018
2022-10-01,14,Los_Rios,720.53083495285,409559.0,1759284.5840351451,PIB_Real_Regional,Quarterly,Miles_de_millones_pesos_encadenados_2018
2023-01-01,14,Los_Rios,667.34960981881,411205.0,1622912.1966386838,PIB_Real_Regional,Quarterly,Miles_de_millones_pesos_encadenados_2018
2023-04-01,14,Los_Rios,658.77317277658,411205.0,1602055.3562738295,PIB_Real_Regional,Quarterly,Miles_de_millones_pesos_encadenados_2018
2023-07-01,14,Los_Rios,645.35685079398,411205.0,1569428.510825452,PIB_Real_Regional,Quarterly,Miles_de_millones_pesos_encadenados_2018
2023-10-01,14,Los_Rios,730.20514162819,411205.0,1775769.1215529721,PIB_Real_Regional,Quarterly,Miles_de_millones_pesos_encadenados_2018
2024-01-01,14,Los_Rios,711.06274917742,412786.0,1722594.1509097207,PIB_Real_Regional,Quarterly,Miles_de_millones_pesos_encadenados_2018
2024-04-01,14,Los_Rios,686.64255656735,412786.0,1663434.7011946868,PIB_Real_Regional,Quarterly,Miles_de_millones_pesos_encadenados_2018
2024-07-01,14,Los_Rios,666.36214500819,412786.0,1614304.1309738946,PIB_Real_Regional,Quarterly,Miles_de_millones_pesos_encadenados_2018
2024-10-01,14,Los_Rios,757.80250979343,412786.0,1835824.1553575702,PIB_Real_Regional,Quarterly,Miles_de_millones_pesos_encadenados_2018
2025-01-01,14,Los_Rios,723.00110474913,414293.0,1745144.3899586282,PIB_Real_Regional,Quarterly,Miles_de_millones_pesos_encadenados_2018
2025-04-01,14,Los_Rios,724.8913578236,414293.0,1749706.9895547354,PIB_Real_Regional,Quarterly,Miles_de_millones_pesos_encadenados_2018
2025-07-01,14,Los_Rios,682.79362916414,414293.0,1648093.5694403236,PIB_Real_Regional,Quarterly,Miles_de_millones_pesos_encadenados_2018
2025-10-01,14,Los_Rios,764.66218384411,414293.0,1845703.846900889,PIB_Real_Regional,Quarterly,Miles_de_millones_pesos_encadenados_2018
2026-01-01,14,Los_Rios,739.21002708512,415720.0,1778144.0081908978,PIB_Real_Regional,Quarterly,Miles_de_millones_pesos_encadenados_2018
2013-01-01,15,Arica_y_Parinacota,285.36872786345,225025.0,1268164.5499986666,PIB_Real_Regional,Quarterly,Miles_de_millones_pesos_encadenados_2018
2013-04-01,15,Arica_y_Parinacota,317.00816096204,225025.0,1408768.629983513,PIB_Real_Regional,Quarterly,Miles_de_millones_pesos_encadenados_2018
2013-07-01,15,Arica_y_Parinacota,344.37511268088,225025.0,1530386.0134690811,PIB_Real_Regional,Quarterly,Miles_de_millones_pesos_encadenados_2018
2013-10-01,15,Arica_y_Parinacota,333.59351612795,225025.0,1482473.1302208644,PIB_Real_Regional,Quarterly,Miles_de_millones_pesos_encadenados_2018
2014-01-01,15,Arica_y_Parinacota,293.19947794208,227956.0,1286210.8386797453,PIB_Real_Regional,Quarterly,Miles_de_millones_pesos_encadenados_2018
2014-04-01,15,Arica_y_Parinacota,339.65746364637,227956.0,1490013.2641666373,PIB_Real_Regional,Quarterly,Miles_de_millones_pesos_encadenados_2018
2014-07-01,15,Arica_y_Parinacota,329.01293986334,227956.0,1443317.7449303376,PIB_Real_Regional,Quarterly,Miles_de_millones_pesos_encadenados_2018
2014-10-01,15,Arica_y_Parinacota,343.54949708098,227956.0,1507086.8811568024,PIB_Real_Regional,Quarterly,Miles_de_millones_pesos_encadenados_2018
2015-01-01,15,Arica_y_Parinacota,296.65582427351,230986.0,1284302.1840003724,PIB_Real_Regional,Quarterly,Miles_de_millones_pesos_encadenados_2018
2015-04-01,15,Arica_y_Parinacota,328.82448199809,230986.0,1423568.8829543348,PIB_Real_Regional,Quarterly,Miles_de_millones_pesos_encadenados_2018
2015-07-01,15,Arica_y_Parinacota,353.85682802502,230986.0,1531940.5852520065,PIB_Real_Regional,Quarterly,Miles_de_millones_pesos_encadenados_2018
2015-10-01,15,Arica_y_Parinacota,358.12627744052,230986.0,1550424.1704714573,PIB_Real_Regional,Quarterly,Miles_de_millones_pesos_encadenados_2018
2016-01-01,15,Arica_y_Parinacota,303.44013032785,233922.0,1297185.08873834,PIB_Real_Regional,Quarterly,Miles_de_millones_pesos_encadenados_2018
2016-04-01,15,Arica_y_Parinacota,327.89312416209,233922.0,1401719.9073284683,PIB_Real_Regional,Quarterly,Miles_de_millones_pesos_encadenados_2018
2016-07-01,15,Arica_y_Parinacota,361.35890813385,233922.0,1544783.7661008798,PIB_Real_Regional,Quarterly,Miles_de_millones_pesos_encadenados_2018
2016-10-01,15,Arica_y_Parinacota,360.84700652329,233922.0,1542595.4229328153,PIB_Real_Regional,Quarterly,Miles_de_millones_pesos_encadenados_2018
2017-01-01,15,Arica_y_Parinacota,319.00417887312,237082.0,1345543.6468104706,PIB_Real_Regional,Quarterly,Miles_de_millones_pesos_encadenados_2018
2017-04-01,15,Arica_y_Parinacota,352.5001944605,237082.0,1486828.1626631292,PIB_Real_Regional,Quarterly,Miles_de_millones_pesos_encadenados_2018
2017-07-01,15,Arica_y_Parinacota,369.32076307995,237082.0,1557776.4785177703,PIB_Real_Regional,Quarterly,Miles_de_millones_pesos_encadenados_2018
2017-10-01,15,Arica_y_Parinacota,367.92577015922,237082.0,1551892.468256637,PIB_Real_Regional,Quarterly,Miles_de_millones_pesos_encadenados_2018
2018-01-01,15,Arica_y_Parinacota,331.17797273256,241901.0,1369064.091229718,PIB_Real_Regional,Quarterly,Miles_de_millones_pesos_encadenados_2018
2018-04-01,15,Arica_y_Parinacota,346.83194978311,241901.0,1433776.420035924,PIB_Real_Regional,Quarterly,Miles_de_millones_pesos_encadenados_2018
2018-07-01,15,Arica_y_Parinacota,360.59420872408,241901.0,1490668.5326810554,PIB_Real_Regional,Quarterly,Miles_de_millones_pesos_encadenados_2018
2018-10-01,15,Arica_y_Parinacota,393.06103421658,241901.0,1624883.8748768298,PIB_Real_Regional,Quarterly,Miles_de_millones_pesos_encadenados_2018
2019-01-01,15,Arica_y_Parinacota,313.80365081759,247036.0,1270274.9834744327,PIB_Real_Regional,Quarterly,Miles_de_millones_pesos_encadenados_2018
2019-04-01,15,Arica_y_Parinacota,357.22737762119,247036.0,1446053.9258293933,PIB_Real_Regional,Quarterly,Miles_de_millones_pesos_encadenados_2018
2019-07-01,15,Arica_y_Parinacota,365.84886403718,247036.0,1480953.6425346103,PIB_Real_Regional,Quarterly,Miles_de_millones_pesos_encadenados_2018
2019-10-01,15,Arica_y_Parinacota,382.08162152872,247036.0,1546663.731313331,PIB_Real_Regional,Quarterly,Miles_de_millones_pesos_encadenados_2018
2020-01-01,15,Arica_y_Parinacota,323.65119181535,252110.0,1283769.7505666176,PIB_Real_Regional,Quarterly,Miles_de_millones_pesos_encadenados_2018
2020-04-01,15,Arica_y_Parinacota,305.18438901224,252110.0,1210520.760827575,PIB_Real_Regional,Quarterly,Miles_de_millones_pesos_encadenados_2018
2020-07-01,15,Arica_y_Parinacota,313.3602169399,252110.0,1242950.366664948,PIB_Real_Regional,Quarterly,Miles_de_millones_pesos_encadenados_2018
2020-10-01,15,Arica_y_Parinacota,386.30965773196,252110.0,1532305.9685532504,PIB_Real_Regional,Quarterly,Miles_de_millones_pesos_encadenados_2018
2021-01-01,15,Arica_y_Parinacota,332.31051058683,255380.0,1301239.371081643,PIB_Real_Regional,Quarterly,Miles_de_millones_pesos_encadenados_2018
2021-04-01,15,Arica_y_Parinacota,385.31937459273,255380.0,1508807.951259809,PIB_Real_Regional,Quarterly,Miles_de_millones_pesos_encadenados_2018
2021-07-01,15,Arica_y_Parinacota,392.18549763668,255380.0,1535693.858707338,PIB_Real_Regional,Quarterly,Miles_de_millones_pesos_encadenados_2018
2021-10-01,15,Arica_y_Parinacota,443.02005590745,255380.0,1734748.4372599656,PIB_Real_Regional,Quarterly,Miles_de_millones_pesos_encadenados_2018
2022-01-01,15,Arica_y_Parinacota,369.64489048637,257722.0,1434277.5955734085,PIB_Real_Regional,Quarterly,Miles_de_millones_pesos_encadenados_2018
2022-04-01,15,Arica_y_Parinacota,425.611261794,257722.0,1651435.5072287193,PIB_Real_Regional,Quarterly,Miles_de_millones_pesos_encadenados_2018
2022-07-01,15,Arica_y_Parinacota,427.86413439816,257722.0,1660176.9907037816,PIB_Real_Regional,Quarterly,Miles_de_millones_pesos_encadenados_2018
2022-10-01,15,Arica_y_Parinacota,440.23893197388,257722.0,1708193.0606385176,PIB_Real_Regional,Quarterly,Miles_de_millones_pesos_encadenados_2018
2023-01-01,15,Arica_y_Parinacota,372.30230836046,259802.0,1433023.2575594492,PIB_Real_Regional,Quarterly,Miles_de_millones_pesos_encadenados_2018
2023-04-01,15,Arica_y_Parinacota,405.81244945489,259802.0,1562006.6414226603,PIB_Real_Regional,Quarterly,Miles_de_millones_pesos_encadenados_2018
2023-07-01,15,Arica_y_Parinacota,431.11417685884,259802.0,1659395.1426811186,PIB_Real_Regional,Quarterly,Miles_de_millones_pesos_encadenados_2018
2023-10-01,15,Arica_y_Parinacota,475.28907043838,259802.0,1829428.0661364424,PIB_Real_Regional,Quarterly,Miles_de_millones_pesos_encadenados_2018
2024-01-01,15,Arica_y_Parinacota,402.4234506104,261779.0,1537264.0685860973,PIB_Real_Regional,Quarterly,Miles_de_millones_pesos_encadenados_2018
2024-04-01,15,Arica_y_Parinacota,434.60973064337,261779.0,1660216.1771699414,PIB_Real_Regional,Quarterly,Miles_de_millones_pesos_encadenados_2018
2024-07-01,15,Arica_y_Parinacota,449.57560463843,261779.0,1717386.0570879634,PIB_Real_Regional,Quarterly,Miles_de_millones_pesos_encadenados_2018
2024-10-01,15,Arica_y_Parinacota,476.91739447809,261779.0,1821832.1350379135,PIB_Real_Regional,Quarterly,Miles_de_millones_pesos_encadenados_2018
2025-01-01,15,Arica_y_Parinacota,417.07365640571,263687.0,1581699.7288668382,PIB_Real_Regional,Quarterly,Miles_de_millones_pesos_encadenados_2018
2025-04-01,15,Arica_y_Parinacota,461.28073989891,263687.0,1749349.569371679,PIB_Real_Regional,Quarterly,Miles_de_millones_pesos_encadenados_2018
2025-07-01,15,Arica_y_Parinacota,482.63569972072,263687.0,1830335.5862091042,PIB_Real_Regional,Quarterly,Miles_de_millones_pesos_encadenados_2018
2025-10-01,15,Arica_y_Parinacota,495.70664475868,263687.0,1879905.5120604353,PIB_Real_Regional,Quarterly,Miles_de_millones_pesos_encadenados_2018
2026-01-01,15,Arica_y_Parinacota,409.229661472,265533.0,1541163.1001495107,PIB_Real_Regional,Quarterly,Miles_de_millones_pesos_encadenados_2018
2013-01-01,16,Nuble,601.76516729281,487019.0,1235609.2211860523,PIB_Real_Regional,Quarterly,Miles_de_millones_pesos_encadenados_2018
2013-04-01,16,Nuble,627.71502330845,487019.0,1288892.2676701525,PIB_Real_Regional,Quarterly,Miles_de_millones_pesos_encadenados_2018
2013-07-01,16,Nuble,544.48284018555,487019.0,1117990.9617192552,PIB_Real_Regional,Quarterly,Miles_de_millones_pesos_encadenados_2018
2013-10-01,16,Nuble,571.52780924665,487019.0,1173522.6125605984,PIB_Real_Regional,Quarterly,Miles_de_millones_pesos_encadenados_2018
2014-01-01,16,Nuble,607.24342421499,490153.0,1238885.4586526859,PIB_Real_Regional,Quarterly,Miles_de_millones_pesos_encadenados_2018
2014-04-01,16,Nuble,620.59901141481,490153.0,1266133.251076317,PIB_Real_Regional,Quarterly,Miles_de_millones_pesos_encadenados_2018
2014-07-01,16,Nuble,550.66506193977,490153.0,1123455.455622571,PIB_Real_Regional,Quarterly,Miles_de_millones_pesos_encadenados_2018
2014-10-01,16,Nuble,596.64535998745,490153.0,1217263.5074914363,PIB_Real_Regional,Quarterly,Miles_de_millones_pesos_encadenados_2018
2015-01-01,16,Nuble,629.70249273912,493464.0,1276085.9814274597,PIB_Real_Regional,Quarterly,Miles_de_millones_pesos_encadenados_2018
2015-04-01,16,Nuble,652.97172858764,493464.0,1323240.8617196798,PIB_Real_Regional,Quarterly,Miles_de_millones_pesos_encadenados_2018
2015-07-01,16,Nuble,579.26434846842,493464.0,1173873.5722736006,PIB_Real_Regional,Quarterly,Miles_de_millones_pesos_encadenados_2018
2015-10-01,16,Nuble,632.48838549709,493464.0,1281731.5660252622,PIB_Real_Regional,Quarterly,Miles_de_millones_pesos_encadenados_2018
2016-01-01,16,Nuble,700.90608296596,496870.0,1410642.7897960432,PIB_Real_Regional,Quarterly,Miles_de_millones_pesos_encadenados_2018
2016-04-01,16,Nuble,662.90605498128,496870.0,1334163.9764551695,PIB_Real_Regional,Quarterly,Miles_de_millones_pesos_encadenados_2018
2016-07-01,16,Nuble,611.09707370222,496870.0,1229893.279333065,PIB_Real_Regional,Quarterly,Miles_de_millones_pesos_encadenados_2018
2016-10-01,16,Nuble,660.45867028031,496870.0,1329238.3727741865,PIB_Real_Regional,Quarterly,Miles_de_millones_pesos_encadenados_2018
2017-01-01,16,Nuble,673.15463307045,500517.0,1344918.620287523,PIB_Real_Regional,Quarterly,Miles_de_millones_pesos_encadenados_2018
2017-04-01,16,Nuble,658.46917948187,500517.0,1315578.0512587384,PIB_Real_Regional,Quarterly,Miles_de_millones_pesos_encadenados_2018
2017-07-01,16,Nuble,609.85947576892,500517.0,1218459.0648647698,PIB_Real_Regional,Quarterly,Miles_de_millones_pesos_encadenados_2018
2017-10-01,16,Nuble,659.09353646508,500517.0,1316825.4753886082,PIB_Real_Regional,Quarterly,Miles_de_millones_pesos_encadenados_2018
2018-01-01,16,Nuble,736.94170337992,504248.0,1461466.7849548636,PIB_Real_Regional,Quarterly,Miles_de_millones_pesos_encadenados_2018
2018-04-01,16,Nuble,716.05315946551,504248.0,1420041.6451141303,PIB_Real_Regional,Quarterly,Miles_de_millones_pesos_encadenados_2018
2018-07-01,16,Nuble,635.32852510894,504248.0,1259952.4938302976,PIB_Real_Regional,Quarterly,Miles_de_millones_pesos_encadenados_2018
2018-10-01,16,Nuble,697.04951945414,504248.0,1382354.554612294,PIB_Real_Regional,Quarterly,Miles_de_millones_pesos_encadenados_2018
2019-01-01,16,Nuble,723.92202022144,507959.0,1425158.3695169098,PIB_Real_Regional,Quarterly,Miles_de_millones_pesos_encadenados_2018
2019-04-01,16,Nuble,724.86132747541,507959.0,1427007.5487891936,PIB_Real_Regional,Quarterly,Miles_de_millones_pesos_encadenados_2018
2019-07-01,16,Nuble,651.80719268887,507959.0,1283188.589411488,PIB_Real_Regional,Quarterly,Miles_de_millones_pesos_encadenados_2018
2019-10-01,16,Nuble,692.06585622216,507959.0,1362444.3236996687,PIB_Real_Regional,Quarterly,Miles_de_millones_pesos_encadenados_2018
2020-01-01,16,Nuble,738.94152900885,511551.0,1444511.9431080185,PIB_Real_Regional,Quarterly,Miles_de_millones_pesos_encadenados_2018
2020-04-01,16,Nuble,624.11819197684,511551.0,1220050.7710410887,PIB_Real_Regional,Quarterly,Miles_de_millones_pesos_encadenados_2018
2020-07-01,16,Nuble,621.02576654256,511551.0,1214005.576262308,PIB_Real_Regional,Quarterly,Miles_de_millones_pesos_encadenados_2018
2020-10-01,16,Nuble,714.00807457579,511551.0,1395771.0464367971,PIB_Real_Regional,Quarterly,Miles_de_millones_pesos_encadenados_2018
2021-01-01,16,Nuble,740.74256560068,514508.0,1439710.4915777403,PIB_Real_Regional,Quarterly,Miles_de_millones_pesos_encadenados_2018
2021-04-01,16,Nuble,751.86784563689,514508.0,1461333.6345341376,PIB_Real_Regional,Quarterly,Miles_de_millones_pesos_encadenados_2018
2021-07-01,16,Nuble,711.16126603294,514508.0,1382216.1483066154,PIB_Real_Regional,Quarterly,Miles_de_millones_pesos_encadenados_2018
2021-10-01,16,Nuble,813.78636599969,514508.0,1581678.7416321808,PIB_Real_Regional,Quarterly,Miles_de_millones_pesos_encadenados_2018
2022-01-01,16,Nuble,809.95870173061,517060.0,1566469.465305013,PIB_Real_Regional,Quarterly,Miles_de_millones_pesos_encadenados_2018
2022-04-01,16,Nuble,790.33748151409,517060.0,1528521.7992381735,PIB_Real_Regional,Quarterly,Miles_de_millones_pesos_encadenados_2018
2022-07-01,16,Nuble,727.1576773351,517060.0,1406331.3297008083,PIB_Real_Regional,Quarterly,Miles_de_millones_pesos_encadenados_2018
2022-10-01,16,Nuble,796.08134009424,517060.0,1539630.4879399682,PIB_Real_Regional,Quarterly,Miles_de_millones_pesos_encadenados_2018
2023-01-01,16,Nuble,778.46843994672,519437.0,1498677.2985881253,PIB_Real_Regional,Quarterly,Miles_de_millones_pesos_encadenados_2018
2023-04-01,16,Nuble,760.12126551712,519437.0,1463356.0287717665,PIB_Real_Regional,Quarterly,Miles_de_millones_pesos_encadenados_2018
2023-07-01,16,Nuble,713.45676452758,519437.0,1373519.3382981576,PIB_Real_Regional,Quarterly,Miles_de_millones_pesos_encadenados_2018
2023-10-01,16,Nuble,800.88576873626,519437.0,1541834.2719834358,PIB_Real_Regional,Quarterly,Miles_de_millones_pesos_encadenados_2018
2024-01-01,16,Nuble,826.47139856517,521711.0,1584155.592972297,PIB_Real_Regional,Quarterly,Miles_de_millones_pesos_encadenados_2018
2024-04-01,16,Nuble,782.03983939414,521711.0,1498990.5127439138,PIB_Real_Regional,Quarterly,Miles_de_millones_pesos_encadenados_2018
2024-07-01,16,Nuble,732.3559927163,521711.0,1403758.005325362,PIB_Real_Regional,Quarterly,Miles_de_millones_pesos_encadenados_2018
2024-10-01,16,Nuble,848.12026473789,521711.0,1625651.4904571497,PIB_Real_Regional,Quarterly,Miles_de_millones_pesos_encadenados_2018
2025-01-01,16,Nuble,861.98827359116,523876.0,1645405.1599828205,PIB_Real_Regional,Quarterly,Miles_de_millones_pesos_encadenados_2018
2025-04-01,16,Nuble,815.38748109823,523876.0,1556451.2997316732,PIB_Real_Regional,Quarterly,Miles_de_millones_pesos_encadenados_2018
2025-07-01,16,Nuble,741.1588028528,523876.0,1414759.9868152007,PIB_Real_Regional,Quarterly,Miles_de_millones_pesos_encadenados_2018
2025-10-01,16,Nuble,850.89897154793,523876.0,1624237.3606500968,PIB_Real_Regional,Quarterly,Miles_de_millones_pesos_encadenados_2018
2026-01-01,16,Nuble,837.34932127944,525925.0,1592145.878745905,PIB_Real_Regional,Quarterly,Miles_de_millones_pesos_encadenados_2018
