date,region_id,region_display,mnemonico,indicador,unidad,eje_espacial,valor,suma_12m
2013-05-01,01,Tarapacá,CEYS,empresas_constituidas,unidades,False,30.0,
2013-06-01,01,Tarapacá,CEYS,empresas_constituidas,unidades,False,33.0,
2013-07-01,01,Tarapacá,CEYS,empresas_constituidas,unidades,False,28.0,
2013-08-01,01,Tarapacá,CEYS,empresas_constituidas,unidades,False,32.0,
2013-09-01,01,Tarapacá,CEYS,empresas_constituidas,unidades,False,30.0,
2013-10-01,01,Tarapacá,CEYS,empresas_constituidas,unidades,False,68.0,
2013-11-01,01,Tarapacá,CEYS,empresas_constituidas,unidades,False,60.0,
2013-12-01,01,Tarapacá,CEYS,empresas_constituidas,unidades,False,66.0,
2014-01-01,01,Tarapacá,CEYS,empresas_constituidas,unidades,False,63.0,
2014-02-01,01,Tarapacá,CEYS,empresas_constituidas,unidades,False,53.0,
2014-03-01,01,Tarapacá,CEYS,empresas_constituidas,unidades,False,63.0,
2014-04-01,01,Tarapacá,CEYS,empresas_constituidas,unidades,False,61.0,587.0
2014-05-01,01,Tarapacá,CEYS,empresas_constituidas,unidades,False,77.0,634.0
2014-06-01,01,Tarapacá,CEYS,empresas_constituidas,unidades,False,72.0,673.0
2014-07-01,01,Tarapacá,CEYS,empresas_constituidas,unidades,False,81.0,726.0
2014-08-01,01,Tarapacá,CEYS,empresas_constituidas,unidades,False,98.0,792.0
2014-09-01,01,Tarapacá,CEYS,empresas_constituidas,unidades,False,84.0,846.0
2014-10-01,01,Tarapacá,CEYS,empresas_constituidas,unidades,False,104.0,882.0
2014-11-01,01,Tarapacá,CEYS,empresas_constituidas,unidades,False,88.0,910.0
2014-12-01,01,Tarapacá,CEYS,empresas_constituidas,unidades,False,54.0,898.0
2015-01-01,01,Tarapacá,CEYS,empresas_constituidas,unidades,False,97.0,932.0
2015-02-01,01,Tarapacá,CEYS,empresas_constituidas,unidades,False,89.0,968.0
2015-03-01,01,Tarapacá,CEYS,empresas_constituidas,unidades,False,89.0,994.0
2015-04-01,01,Tarapacá,CEYS,empresas_constituidas,unidades,False,104.0,1037.0
2015-05-01,01,Tarapacá,CEYS,empresas_constituidas,unidades,False,95.0,1055.0
2015-06-01,01,Tarapacá,CEYS,empresas_constituidas,unidades,False,89.0,1072.0
2015-07-01,01,Tarapacá,CEYS,empresas_constituidas,unidades,False,95.0,1086.0
2015-08-01,01,Tarapacá,CEYS,empresas_constituidas,unidades,False,118.0,1106.0
2015-09-01,01,Tarapacá,CEYS,empresas_constituidas,unidades,False,106.0,1128.0
2015-10-01,01,Tarapacá,CEYS,empresas_constituidas,unidades,False,127.0,1151.0
2015-11-01,01,Tarapacá,CEYS,empresas_constituidas,unidades,False,100.0,1163.0
2015-12-01,01,Tarapacá,CEYS,empresas_constituidas,unidades,False,79.0,1188.0
2016-01-01,01,Tarapacá,CEYS,empresas_constituidas,unidades,False,96.0,1187.0
2016-02-01,01,Tarapacá,CEYS,empresas_constituidas,unidades,False,109.0,1207.0
2016-03-01,01,Tarapacá,CEYS,empresas_constituidas,unidades,False,156.0,1274.0
2016-04-01,01,Tarapacá,CEYS,empresas_constituidas,unidades,False,121.0,1291.0
2016-05-01,01,Tarapacá,CEYS,empresas_constituidas,unidades,False,135.0,1331.0
2016-06-01,01,Tarapacá,CEYS,empresas_constituidas,unidades,False,133.0,1375.0
2016-07-01,01,Tarapacá,CEYS,empresas_constituidas,unidades,False,132.0,1412.0
2016-08-01,01,Tarapacá,CEYS,empresas_constituidas,unidades,False,135.0,1429.0
2016-09-01,01,Tarapacá,CEYS,empresas_constituidas,unidades,False,140.0,1463.0
2016-10-01,01,Tarapacá,CEYS,empresas_constituidas,unidades,False,136.0,1472.0
2016-11-01,01,Tarapacá,CEYS,empresas_constituidas,unidades,False,132.0,1504.0
2016-12-01,01,Tarapacá,CEYS,empresas_constituidas,unidades,False,119.0,1544.0
2017-01-01,01,Tarapacá,CEYS,empresas_constituidas,unidades,False,145.0,1593.0
2017-02-01,01,Tarapacá,CEYS,empresas_constituidas,unidades,False,118.0,1602.0
2017-03-01,01,Tarapacá,CEYS,empresas_constituidas,unidades,False,191.0,1637.0
2017-04-01,01,Tarapacá,CEYS,empresas_constituidas,unidades,False,145.0,1661.0
2017-05-01,01,Tarapacá,CEYS,empresas_constituidas,unidades,False,158.0,1684.0
2017-06-01,01,Tarapacá,CEYS,empresas_constituidas,unidades,False,183.0,1734.0
2017-07-01,01,Tarapacá,CEYS,empresas_constituidas,unidades,False,146.0,1748.0
2017-08-01,01,Tarapacá,CEYS,empresas_constituidas,unidades,False,215.0,1828.0
2017-09-01,01,Tarapacá,CEYS,empresas_constituidas,unidades,False,140.0,1828.0
2017-10-01,01,Tarapacá,CEYS,empresas_constituidas,unidades,False,186.0,1878.0
2017-11-01,01,Tarapacá,CEYS,empresas_constituidas,unidades,False,175.0,1921.0
2017-12-01,01,Tarapacá,CEYS,empresas_constituidas,unidades,False,118.0,1920.0
2018-01-01,01,Tarapacá,CEYS,empresas_constituidas,unidades,False,174.0,1949.0
2018-02-01,01,Tarapacá,CEYS,empresas_constituidas,unidades,False,182.0,2013.0
2018-03-01,01,Tarapacá,CEYS,empresas_constituidas,unidades,False,175.0,1997.0
2018-04-01,01,Tarapacá,CEYS,empresas_constituidas,unidades,False,155.0,2007.0
2018-05-01,01,Tarapacá,CEYS,empresas_constituidas,unidades,False,187.0,2036.0
2018-06-01,01,Tarapacá,CEYS,empresas_constituidas,unidades,False,168.0,2021.0
2018-07-01,01,Tarapacá,CEYS,empresas_constituidas,unidades,False,218.0,2093.0
2018-08-01,01,Tarapacá,CEYS,empresas_constituidas,unidades,False,199.0,2077.0
2018-09-01,01,Tarapacá,CEYS,empresas_constituidas,unidades,False,149.0,2086.0
2018-10-01,01,Tarapacá,CEYS,empresas_constituidas,unidades,False,212.0,2112.0
2018-11-01,01,Tarapacá,CEYS,empresas_constituidas,unidades,False,198.0,2135.0
2018-12-01,01,Tarapacá,CEYS,empresas_constituidas,unidades,False,151.0,2168.0
2019-01-01,01,Tarapacá,CEYS,empresas_constituidas,unidades,False,206.0,2200.0
2019-02-01,01,Tarapacá,CEYS,empresas_constituidas,unidades,False,151.0,2169.0
2019-03-01,01,Tarapacá,CEYS,empresas_constituidas,unidades,False,199.0,2193.0
2019-04-01,01,Tarapacá,CEYS,empresas_constituidas,unidades,False,186.0,2224.0
2019-05-01,01,Tarapacá,CEYS,empresas_constituidas,unidades,False,195.0,2232.0
2019-06-01,01,Tarapacá,CEYS,empresas_constituidas,unidades,False,196.0,2260.0
2019-07-01,01,Tarapacá,CEYS,empresas_constituidas,unidades,False,236.0,2278.0
2019-08-01,01,Tarapacá,CEYS,empresas_constituidas,unidades,False,241.0,2320.0
2019-09-01,01,Tarapacá,CEYS,empresas_constituidas,unidades,False,161.0,2332.0
2019-10-01,01,Tarapacá,CEYS,empresas_constituidas,unidades,False,165.0,2285.0
2019-11-01,01,Tarapacá,CEYS,empresas_constituidas,unidades,False,143.0,2230.0
2019-12-01,01,Tarapacá,CEYS,empresas_constituidas,unidades,False,159.0,2238.0
2020-01-01,01,Tarapacá,CEYS,empresas_constituidas,unidades,False,212.0,2244.0
2020-02-01,01,Tarapacá,CEYS,empresas_constituidas,unidades,False,174.0,2267.0
2020-03-01,01,Tarapacá,CEYS,empresas_constituidas,unidades,False,145.0,2213.0
2020-04-01,01,Tarapacá,CEYS,empresas_constituidas,unidades,False,133.0,2160.0
2020-05-01,01,Tarapacá,CEYS,empresas_constituidas,unidades,False,174.0,2139.0
2020-06-01,01,Tarapacá,CEYS,empresas_constituidas,unidades,False,206.0,2149.0
2020-07-01,01,Tarapacá,CEYS,empresas_constituidas,unidades,False,224.0,2137.0
2020-08-01,01,Tarapacá,CEYS,empresas_constituidas,unidades,False,258.0,2154.0
2020-09-01,01,Tarapacá,CEYS,empresas_constituidas,unidades,False,249.0,2242.0
2020-10-01,01,Tarapacá,CEYS,empresas_constituidas,unidades,False,276.0,2353.0
2020-11-01,01,Tarapacá,CEYS,empresas_constituidas,unidades,False,312.0,2522.0
2020-12-01,01,Tarapacá,CEYS,empresas_constituidas,unidades,False,199.0,2562.0
2021-01-01,01,Tarapacá,CEYS,empresas_constituidas,unidades,False,296.0,2646.0
2021-02-01,01,Tarapacá,CEYS,empresas_constituidas,unidades,False,267.0,2739.0
2021-03-01,01,Tarapacá,CEYS,empresas_constituidas,unidades,False,289.0,2883.0
2021-04-01,01,Tarapacá,CEYS,empresas_constituidas,unidades,False,261.0,3011.0
2021-05-01,01,Tarapacá,CEYS,empresas_constituidas,unidades,False,227.0,3064.0
2021-06-01,01,Tarapacá,CEYS,empresas_constituidas,unidades,False,287.0,3145.0
2021-07-01,01,Tarapacá,CEYS,empresas_constituidas,unidades,False,264.0,3185.0
2021-08-01,01,Tarapacá,CEYS,empresas_constituidas,unidades,False,301.0,3228.0
2021-09-01,01,Tarapacá,CEYS,empresas_constituidas,unidades,False,252.0,3231.0
2021-10-01,01,Tarapacá,CEYS,empresas_constituidas,unidades,False,309.0,3264.0
2021-11-01,01,Tarapacá,CEYS,empresas_constituidas,unidades,False,235.0,3187.0
2021-12-01,01,Tarapacá,CEYS,empresas_constituidas,unidades,False,167.0,3155.0
2022-01-01,01,Tarapacá,CEYS,empresas_constituidas,unidades,False,185.0,3044.0
2022-02-01,01,Tarapacá,CEYS,empresas_constituidas,unidades,False,202.0,2979.0
2022-03-01,01,Tarapacá,CEYS,empresas_constituidas,unidades,False,246.0,2936.0
2022-04-01,01,Tarapacá,CEYS,empresas_constituidas,unidades,False,224.0,2899.0
2022-05-01,01,Tarapacá,CEYS,empresas_constituidas,unidades,False,223.0,2895.0
2022-06-01,01,Tarapacá,CEYS,empresas_constituidas,unidades,False,230.0,2838.0
2022-07-01,01,Tarapacá,CEYS,empresas_constituidas,unidades,False,243.0,2817.0
2022-08-01,01,Tarapacá,CEYS,empresas_constituidas,unidades,False,356.0,2872.0
2022-09-01,01,Tarapacá,CEYS,empresas_constituidas,unidades,False,303.0,2923.0
2022-10-01,01,Tarapacá,CEYS,empresas_constituidas,unidades,False,237.0,2851.0
2022-11-01,01,Tarapacá,CEYS,empresas_constituidas,unidades,False,225.0,2841.0
2022-12-01,01,Tarapacá,CEYS,empresas_constituidas,unidades,False,181.0,2855.0
2023-01-01,01,Tarapacá,CEYS,empresas_constituidas,unidades,False,217.0,2887.0
2023-02-01,01,Tarapacá,CEYS,empresas_constituidas,unidades,False,203.0,2888.0
2023-03-01,01,Tarapacá,CEYS,empresas_constituidas,unidades,False,240.0,2882.0
2023-04-01,01,Tarapacá,CEYS,empresas_constituidas,unidades,False,232.0,2890.0
2023-05-01,01,Tarapacá,CEYS,empresas_constituidas,unidades,False,204.0,2871.0
2023-06-01,01,Tarapacá,CEYS,empresas_constituidas,unidades,False,223.0,2864.0
2023-07-01,01,Tarapacá,CEYS,empresas_constituidas,unidades,False,258.0,2879.0
2023-08-01,01,Tarapacá,CEYS,empresas_constituidas,unidades,False,394.0,2917.0
2023-09-01,01,Tarapacá,CEYS,empresas_constituidas,unidades,False,264.0,2878.0
2023-10-01,01,Tarapacá,CEYS,empresas_constituidas,unidades,False,269.0,2910.0
2023-11-01,01,Tarapacá,CEYS,empresas_constituidas,unidades,False,222.0,2907.0
2023-12-01,01,Tarapacá,CEYS,empresas_constituidas,unidades,False,197.0,2923.0
2024-01-01,01,Tarapacá,CEYS,empresas_constituidas,unidades,False,227.0,2933.0
2024-02-01,01,Tarapacá,CEYS,empresas_constituidas,unidades,False,219.0,2949.0
2024-03-01,01,Tarapacá,CEYS,empresas_constituidas,unidades,False,274.0,2983.0
2024-04-01,01,Tarapacá,CEYS,empresas_constituidas,unidades,False,237.0,2988.0
2024-05-01,01,Tarapacá,CEYS,empresas_constituidas,unidades,False,232.0,3016.0
2024-06-01,01,Tarapacá,CEYS,empresas_constituidas,unidades,False,204.0,2997.0
2024-07-01,01,Tarapacá,CEYS,empresas_constituidas,unidades,False,271.0,3010.0
2024-08-01,01,Tarapacá,CEYS,empresas_constituidas,unidades,False,325.0,2941.0
2024-09-01,01,Tarapacá,CEYS,empresas_constituidas,unidades,False,240.0,2917.0
2024-10-01,01,Tarapacá,CEYS,empresas_constituidas,unidades,False,341.0,2989.0
2024-11-01,01,Tarapacá,CEYS,empresas_constituidas,unidades,False,347.0,3114.0
2024-12-01,01,Tarapacá,CEYS,empresas_constituidas,unidades,False,249.0,3166.0
2025-01-01,01,Tarapacá,CEYS,empresas_constituidas,unidades,False,317.0,3256.0
2025-02-01,01,Tarapacá,CEYS,empresas_constituidas,unidades,False,264.0,3301.0
2025-03-01,01,Tarapacá,CEYS,empresas_constituidas,unidades,False,349.0,3376.0
2025-04-01,01,Tarapacá,CEYS,empresas_constituidas,unidades,False,349.0,3488.0
2025-05-01,01,Tarapacá,CEYS,empresas_constituidas,unidades,False,320.0,3576.0
2025-06-01,01,Tarapacá,CEYS,empresas_constituidas,unidades,False,291.0,3663.0
2025-07-01,01,Tarapacá,CEYS,empresas_constituidas,unidades,False,314.0,3706.0
2025-08-01,01,Tarapacá,CEYS,empresas_constituidas,unidades,False,356.0,3737.0
2025-09-01,01,Tarapacá,CEYS,empresas_constituidas,unidades,False,329.0,3826.0
2025-10-01,01,Tarapacá,CEYS,empresas_constituidas,unidades,False,386.0,3871.0
2025-11-01,01,Tarapacá,CEYS,empresas_constituidas,unidades,False,314.0,3838.0
2025-12-01,01,Tarapacá,CEYS,empresas_constituidas,unidades,False,288.0,3877.0
2026-01-01,01,Tarapacá,CEYS,empresas_constituidas,unidades,False,342.0,3902.0
2026-02-01,01,Tarapacá,CEYS,empresas_constituidas,unidades,False,285.0,3923.0
2026-03-01,01,Tarapacá,CEYS,empresas_constituidas,unidades,False,331.0,3905.0
2026-04-01,01,Tarapacá,CEYS,empresas_constituidas,unidades,False,347.0,3903.0
2026-05-01,01,Tarapacá,CEYS,empresas_constituidas,unidades,False,316.0,3899.0
2026-06-01,01,Tarapacá,CEYS,empresas_constituidas,unidades,False,345.0,3953.0
2013-05-01,02,Antofagasta,CEYS,empresas_constituidas,unidades,False,58.0,
2013-06-01,02,Antofagasta,CEYS,empresas_constituidas,unidades,False,59.0,
2013-07-01,02,Antofagasta,CEYS,empresas_constituidas,unidades,False,90.0,
2013-08-01,02,Antofagasta,CEYS,empresas_constituidas,unidades,False,65.0,
2013-09-01,02,Antofagasta,CEYS,empresas_constituidas,unidades,False,37.0,
2013-10-01,02,Antofagasta,CEYS,empresas_constituidas,unidades,False,120.0,
2013-11-01,02,Antofagasta,CEYS,empresas_constituidas,unidades,False,133.0,
2013-12-01,02,Antofagasta,CEYS,empresas_constituidas,unidades,False,93.0,
2014-01-01,02,Antofagasta,CEYS,empresas_constituidas,unidades,False,126.0,
2014-02-01,02,Antofagasta,CEYS,empresas_constituidas,unidades,False,105.0,
2014-03-01,02,Antofagasta,CEYS,empresas_constituidas,unidades,False,149.0,
2014-04-01,02,Antofagasta,CEYS,empresas_constituidas,unidades,False,139.0,1174.0
2014-05-01,02,Antofagasta,CEYS,empresas_constituidas,unidades,False,148.0,1264.0
2014-06-01,02,Antofagasta,CEYS,empresas_constituidas,unidades,False,145.0,1350.0
2014-07-01,02,Antofagasta,CEYS,empresas_constituidas,unidades,False,185.0,1445.0
2014-08-01,02,Antofagasta,CEYS,empresas_constituidas,unidades,False,186.0,1566.0
2014-09-01,02,Antofagasta,CEYS,empresas_constituidas,unidades,False,167.0,1696.0
2014-10-01,02,Antofagasta,CEYS,empresas_constituidas,unidades,False,204.0,1780.0
2014-11-01,02,Antofagasta,CEYS,empresas_constituidas,unidades,False,159.0,1806.0
2014-12-01,02,Antofagasta,CEYS,empresas_constituidas,unidades,False,151.0,1864.0
2015-01-01,02,Antofagasta,CEYS,empresas_constituidas,unidades,False,182.0,1920.0
2015-02-01,02,Antofagasta,CEYS,empresas_constituidas,unidades,False,150.0,1965.0
2015-03-01,02,Antofagasta,CEYS,empresas_constituidas,unidades,False,200.0,2016.0
2015-04-01,02,Antofagasta,CEYS,empresas_constituidas,unidades,False,204.0,2081.0
2015-05-01,02,Antofagasta,CEYS,empresas_constituidas,unidades,False,201.0,2134.0
2015-06-01,02,Antofagasta,CEYS,empresas_constituidas,unidades,False,216.0,2205.0
2015-07-01,02,Antofagasta,CEYS,empresas_constituidas,unidades,False,219.0,2239.0
2015-08-01,02,Antofagasta,CEYS,empresas_constituidas,unidades,False,227.0,2280.0
2015-09-01,02,Antofagasta,CEYS,empresas_constituidas,unidades,False,220.0,2333.0
2015-10-01,02,Antofagasta,CEYS,empresas_constituidas,unidades,False,240.0,2369.0
2015-11-01,02,Antofagasta,CEYS,empresas_constituidas,unidades,False,211.0,2421.0
2015-12-01,02,Antofagasta,CEYS,empresas_constituidas,unidades,False,175.0,2445.0
2016-01-01,02,Antofagasta,CEYS,empresas_constituidas,unidades,False,192.0,2455.0
2016-02-01,02,Antofagasta,CEYS,empresas_constituidas,unidades,False,235.0,2540.0
2016-03-01,02,Antofagasta,CEYS,empresas_constituidas,unidades,False,267.0,2607.0
2016-04-01,02,Antofagasta,CEYS,empresas_constituidas,unidades,False,262.0,2665.0
2016-05-01,02,Antofagasta,CEYS,empresas_constituidas,unidades,False,290.0,2754.0
2016-06-01,02,Antofagasta,CEYS,empresas_constituidas,unidades,False,278.0,2816.0
2016-07-01,02,Antofagasta,CEYS,empresas_constituidas,unidades,False,265.0,2862.0
2016-08-01,02,Antofagasta,CEYS,empresas_constituidas,unidades,False,323.0,2958.0
2016-09-01,02,Antofagasta,CEYS,empresas_constituidas,unidades,False,255.0,2993.0
2016-10-01,02,Antofagasta,CEYS,empresas_constituidas,unidades,False,224.0,2977.0
2016-11-01,02,Antofagasta,CEYS,empresas_constituidas,unidades,False,233.0,2999.0
2016-12-01,02,Antofagasta,CEYS,empresas_constituidas,unidades,False,225.0,3049.0
2017-01-01,02,Antofagasta,CEYS,empresas_constituidas,unidades,False,243.0,3100.0
2017-02-01,02,Antofagasta,CEYS,empresas_constituidas,unidades,False,269.0,3134.0
2017-03-01,02,Antofagasta,CEYS,empresas_constituidas,unidades,False,314.0,3181.0
2017-04-01,02,Antofagasta,CEYS,empresas_constituidas,unidades,False,255.0,3174.0
2017-05-01,02,Antofagasta,CEYS,empresas_constituidas,unidades,False,308.0,3192.0
2017-06-01,02,Antofagasta,CEYS,empresas_constituidas,unidades,False,259.0,3173.0
2017-07-01,02,Antofagasta,CEYS,empresas_constituidas,unidades,False,330.0,3238.0
2017-08-01,02,Antofagasta,CEYS,empresas_constituidas,unidades,False,371.0,3286.0
2017-09-01,02,Antofagasta,CEYS,empresas_constituidas,unidades,False,292.0,3323.0
2017-10-01,02,Antofagasta,CEYS,empresas_constituidas,unidades,False,325.0,3424.0
2017-11-01,02,Antofagasta,CEYS,empresas_constituidas,unidades,False,316.0,3507.0
2017-12-01,02,Antofagasta,CEYS,empresas_constituidas,unidades,False,278.0,3560.0
2018-01-01,02,Antofagasta,CEYS,empresas_constituidas,unidades,False,265.0,3582.0
2018-02-01,02,Antofagasta,CEYS,empresas_constituidas,unidades,False,283.0,3596.0
2018-03-01,02,Antofagasta,CEYS,empresas_constituidas,unidades,False,308.0,3590.0
2018-04-01,02,Antofagasta,CEYS,empresas_constituidas,unidades,False,306.0,3641.0
2018-05-01,02,Antofagasta,CEYS,empresas_constituidas,unidades,False,285.0,3618.0
2018-06-01,02,Antofagasta,CEYS,empresas_constituidas,unidades,False,339.0,3698.0
2018-07-01,02,Antofagasta,CEYS,empresas_constituidas,unidades,False,302.0,3670.0
2018-08-01,02,Antofagasta,CEYS,empresas_constituidas,unidades,False,371.0,3670.0
2018-09-01,02,Antofagasta,CEYS,empresas_constituidas,unidades,False,278.0,3656.0
2018-10-01,02,Antofagasta,CEYS,empresas_constituidas,unidades,False,393.0,3724.0
2018-11-01,02,Antofagasta,CEYS,empresas_constituidas,unidades,False,315.0,3723.0
2018-12-01,02,Antofagasta,CEYS,empresas_constituidas,unidades,False,265.0,3710.0
2019-01-01,02,Antofagasta,CEYS,empresas_constituidas,unidades,False,333.0,3778.0
2019-02-01,02,Antofagasta,CEYS,empresas_constituidas,unidades,False,281.0,3776.0
2019-03-01,02,Antofagasta,CEYS,empresas_constituidas,unidades,False,303.0,3771.0
2019-04-01,02,Antofagasta,CEYS,empresas_constituidas,unidades,False,349.0,3814.0
2019-05-01,02,Antofagasta,CEYS,empresas_constituidas,unidades,False,375.0,3904.0
2019-06-01,02,Antofagasta,CEYS,empresas_constituidas,unidades,False,339.0,3904.0
2019-07-01,02,Antofagasta,CEYS,empresas_constituidas,unidades,False,336.0,3938.0
2019-08-01,02,Antofagasta,CEYS,empresas_constituidas,unidades,False,354.0,3921.0
2019-09-01,02,Antofagasta,CEYS,empresas_constituidas,unidades,False,288.0,3931.0
2019-10-01,02,Antofagasta,CEYS,empresas_constituidas,unidades,False,277.0,3815.0
2019-11-01,02,Antofagasta,CEYS,empresas_constituidas,unidades,False,309.0,3809.0
2019-12-01,02,Antofagasta,CEYS,empresas_constituidas,unidades,False,314.0,3858.0
2020-01-01,02,Antofagasta,CEYS,empresas_constituidas,unidades,False,348.0,3873.0
2020-02-01,02,Antofagasta,CEYS,empresas_constituidas,unidades,False,304.0,3896.0
2020-03-01,02,Antofagasta,CEYS,empresas_constituidas,unidades,False,261.0,3854.0
2020-04-01,02,Antofagasta,CEYS,empresas_constituidas,unidades,False,259.0,3764.0
2020-05-01,02,Antofagasta,CEYS,empresas_constituidas,unidades,False,329.0,3718.0
2020-06-01,02,Antofagasta,CEYS,empresas_constituidas,unidades,False,404.0,3783.0
2020-07-01,02,Antofagasta,CEYS,empresas_constituidas,unidades,False,454.0,3901.0
2020-08-01,02,Antofagasta,CEYS,empresas_constituidas,unidades,False,457.0,4004.0
2020-09-01,02,Antofagasta,CEYS,empresas_constituidas,unidades,False,618.0,4334.0
2020-10-01,02,Antofagasta,CEYS,empresas_constituidas,unidades,False,475.0,4532.0
2020-11-01,02,Antofagasta,CEYS,empresas_constituidas,unidades,False,472.0,4695.0
2020-12-01,02,Antofagasta,CEYS,empresas_constituidas,unidades,False,342.0,4723.0
2021-01-01,02,Antofagasta,CEYS,empresas_constituidas,unidades,False,433.0,4808.0
2021-02-01,02,Antofagasta,CEYS,empresas_constituidas,unidades,False,487.0,4991.0
2021-03-01,02,Antofagasta,CEYS,empresas_constituidas,unidades,False,498.0,5228.0
2021-04-01,02,Antofagasta,CEYS,empresas_constituidas,unidades,False,502.0,5471.0
2021-05-01,02,Antofagasta,CEYS,empresas_constituidas,unidades,False,443.0,5585.0
2021-06-01,02,Antofagasta,CEYS,empresas_constituidas,unidades,False,537.0,5718.0
2021-07-01,02,Antofagasta,CEYS,empresas_constituidas,unidades,False,487.0,5751.0
2021-08-01,02,Antofagasta,CEYS,empresas_constituidas,unidades,False,512.0,5806.0
2021-09-01,02,Antofagasta,CEYS,empresas_constituidas,unidades,False,460.0,5648.0
2021-10-01,02,Antofagasta,CEYS,empresas_constituidas,unidades,False,482.0,5655.0
2021-11-01,02,Antofagasta,CEYS,empresas_constituidas,unidades,False,420.0,5603.0
2021-12-01,02,Antofagasta,CEYS,empresas_constituidas,unidades,False,337.0,5598.0
2022-01-01,02,Antofagasta,CEYS,empresas_constituidas,unidades,False,383.0,5548.0
2022-02-01,02,Antofagasta,CEYS,empresas_constituidas,unidades,False,366.0,5427.0
2022-03-01,02,Antofagasta,CEYS,empresas_constituidas,unidades,False,464.0,5393.0
2022-04-01,02,Antofagasta,CEYS,empresas_constituidas,unidades,False,381.0,5272.0
2022-05-01,02,Antofagasta,CEYS,empresas_constituidas,unidades,False,433.0,5262.0
2022-06-01,02,Antofagasta,CEYS,empresas_constituidas,unidades,False,403.0,5128.0
2022-07-01,02,Antofagasta,CEYS,empresas_constituidas,unidades,False,404.0,5045.0
2022-08-01,02,Antofagasta,CEYS,empresas_constituidas,unidades,False,478.0,5011.0
2022-09-01,02,Antofagasta,CEYS,empresas_constituidas,unidades,False,347.0,4898.0
2022-10-01,02,Antofagasta,CEYS,empresas_constituidas,unidades,False,386.0,4802.0
2022-11-01,02,Antofagasta,CEYS,empresas_constituidas,unidades,False,395.0,4777.0
2022-12-01,02,Antofagasta,CEYS,empresas_constituidas,unidades,False,318.0,4758.0
2023-01-01,02,Antofagasta,CEYS,empresas_constituidas,unidades,False,393.0,4768.0
2023-02-01,02,Antofagasta,CEYS,empresas_constituidas,unidades,False,361.0,4763.0
2023-03-01,02,Antofagasta,CEYS,empresas_constituidas,unidades,False,456.0,4755.0
2023-04-01,02,Antofagasta,CEYS,empresas_constituidas,unidades,False,349.0,4723.0
2023-05-01,02,Antofagasta,CEYS,empresas_constituidas,unidades,False,421.0,4711.0
2023-06-01,02,Antofagasta,CEYS,empresas_constituidas,unidades,False,458.0,4766.0
2023-07-01,02,Antofagasta,CEYS,empresas_constituidas,unidades,False,450.0,4812.0
2023-08-01,02,Antofagasta,CEYS,empresas_constituidas,unidades,False,448.0,4782.0
2023-09-01,02,Antofagasta,CEYS,empresas_constituidas,unidades,False,396.0,4831.0
2023-10-01,02,Antofagasta,CEYS,empresas_constituidas,unidades,False,408.0,4853.0
2023-11-01,02,Antofagasta,CEYS,empresas_constituidas,unidades,False,432.0,4890.0
2023-12-01,02,Antofagasta,CEYS,empresas_constituidas,unidades,False,280.0,4852.0
2024-01-01,02,Antofagasta,CEYS,empresas_constituidas,unidades,False,422.0,4881.0
2024-02-01,02,Antofagasta,CEYS,empresas_constituidas,unidades,False,354.0,4874.0
2024-03-01,02,Antofagasta,CEYS,empresas_constituidas,unidades,False,441.0,4859.0
2024-04-01,02,Antofagasta,CEYS,empresas_constituidas,unidades,False,427.0,4937.0
2024-05-01,02,Antofagasta,CEYS,empresas_constituidas,unidades,False,412.0,4928.0
2024-06-01,02,Antofagasta,CEYS,empresas_constituidas,unidades,False,417.0,4887.0
2024-07-01,02,Antofagasta,CEYS,empresas_constituidas,unidades,False,458.0,4895.0
2024-08-01,02,Antofagasta,CEYS,empresas_constituidas,unidades,False,469.0,4916.0
2024-09-01,02,Antofagasta,CEYS,empresas_constituidas,unidades,False,435.0,4955.0
2024-10-01,02,Antofagasta,CEYS,empresas_constituidas,unidades,False,557.0,5104.0
2024-11-01,02,Antofagasta,CEYS,empresas_constituidas,unidades,False,528.0,5200.0
2024-12-01,02,Antofagasta,CEYS,empresas_constituidas,unidades,False,394.0,5314.0
2025-01-01,02,Antofagasta,CEYS,empresas_constituidas,unidades,False,500.0,5392.0
2025-02-01,02,Antofagasta,CEYS,empresas_constituidas,unidades,False,453.0,5491.0
2025-03-01,02,Antofagasta,CEYS,empresas_constituidas,unidades,False,527.0,5577.0
2025-04-01,02,Antofagasta,CEYS,empresas_constituidas,unidades,False,510.0,5660.0
2025-05-01,02,Antofagasta,CEYS,empresas_constituidas,unidades,False,537.0,5785.0
2025-06-01,02,Antofagasta,CEYS,empresas_constituidas,unidades,False,524.0,5892.0
2025-07-01,02,Antofagasta,CEYS,empresas_constituidas,unidades,False,588.0,6022.0
2025-08-01,02,Antofagasta,CEYS,empresas_constituidas,unidades,False,616.0,6169.0
2025-09-01,02,Antofagasta,CEYS,empresas_constituidas,unidades,False,508.0,6242.0
2025-10-01,02,Antofagasta,CEYS,empresas_constituidas,unidades,False,605.0,6290.0
2025-11-01,02,Antofagasta,CEYS,empresas_constituidas,unidades,False,608.0,6370.0
2025-12-01,02,Antofagasta,CEYS,empresas_constituidas,unidades,False,463.0,6439.0
2026-01-01,02,Antofagasta,CEYS,empresas_constituidas,unidades,False,557.0,6496.0
2026-02-01,02,Antofagasta,CEYS,empresas_constituidas,unidades,False,499.0,6542.0
2026-03-01,02,Antofagasta,CEYS,empresas_constituidas,unidades,False,670.0,6685.0
2026-04-01,02,Antofagasta,CEYS,empresas_constituidas,unidades,False,615.0,6790.0
2026-05-01,02,Antofagasta,CEYS,empresas_constituidas,unidades,False,587.0,6840.0
2026-06-01,02,Antofagasta,CEYS,empresas_constituidas,unidades,False,648.0,6964.0
2013-05-01,03,Atacama,CEYS,empresas_constituidas,unidades,False,26.0,
2013-06-01,03,Atacama,CEYS,empresas_constituidas,unidades,False,43.0,
2013-07-01,03,Atacama,CEYS,empresas_constituidas,unidades,False,51.0,
2013-08-01,03,Atacama,CEYS,empresas_constituidas,unidades,False,44.0,
2013-09-01,03,Atacama,CEYS,empresas_constituidas,unidades,False,36.0,
2013-10-01,03,Atacama,CEYS,empresas_constituidas,unidades,False,73.0,
2013-11-01,03,Atacama,CEYS,empresas_constituidas,unidades,False,64.0,
2013-12-01,03,Atacama,CEYS,empresas_constituidas,unidades,False,64.0,
2014-01-01,03,Atacama,CEYS,empresas_constituidas,unidades,False,52.0,
2014-02-01,03,Atacama,CEYS,empresas_constituidas,unidades,False,57.0,
2014-03-01,03,Atacama,CEYS,empresas_constituidas,unidades,False,88.0,
2014-04-01,03,Atacama,CEYS,empresas_constituidas,unidades,False,58.0,656.0
2014-05-01,03,Atacama,CEYS,empresas_constituidas,unidades,False,62.0,692.0
2014-06-01,03,Atacama,CEYS,empresas_constituidas,unidades,False,66.0,715.0
2014-07-01,03,Atacama,CEYS,empresas_constituidas,unidades,False,83.0,747.0
2014-08-01,03,Atacama,CEYS,empresas_constituidas,unidades,False,95.0,798.0
2014-09-01,03,Atacama,CEYS,empresas_constituidas,unidades,False,75.0,837.0
2014-10-01,03,Atacama,CEYS,empresas_constituidas,unidades,False,77.0,841.0
2014-11-01,03,Atacama,CEYS,empresas_constituidas,unidades,False,85.0,862.0
2014-12-01,03,Atacama,CEYS,empresas_constituidas,unidades,False,60.0,858.0
2015-01-01,03,Atacama,CEYS,empresas_constituidas,unidades,False,84.0,890.0
2015-02-01,03,Atacama,CEYS,empresas_constituidas,unidades,False,62.0,895.0
2015-03-01,03,Atacama,CEYS,empresas_constituidas,unidades,False,86.0,893.0
2015-04-01,03,Atacama,CEYS,empresas_constituidas,unidades,False,48.0,883.0
2015-05-01,03,Atacama,CEYS,empresas_constituidas,unidades,False,80.0,901.0
2015-06-01,03,Atacama,CEYS,empresas_constituidas,unidades,False,79.0,914.0
2015-07-01,03,Atacama,CEYS,empresas_constituidas,unidades,False,81.0,912.0
2015-08-01,03,Atacama,CEYS,empresas_constituidas,unidades,False,64.0,881.0
2015-09-01,03,Atacama,CEYS,empresas_constituidas,unidades,False,73.0,879.0
2015-10-01,03,Atacama,CEYS,empresas_constituidas,unidades,False,75.0,877.0
2015-11-01,03,Atacama,CEYS,empresas_constituidas,unidades,False,69.0,861.0
2015-12-01,03,Atacama,CEYS,empresas_constituidas,unidades,False,69.0,870.0
2016-01-01,03,Atacama,CEYS,empresas_constituidas,unidades,False,88.0,874.0
2016-02-01,03,Atacama,CEYS,empresas_constituidas,unidades,False,103.0,915.0
2016-03-01,03,Atacama,CEYS,empresas_constituidas,unidades,False,92.0,921.0
2016-04-01,03,Atacama,CEYS,empresas_constituidas,unidades,False,84.0,957.0
2016-05-01,03,Atacama,CEYS,empresas_constituidas,unidades,False,93.0,970.0
2016-06-01,03,Atacama,CEYS,empresas_constituidas,unidades,False,76.0,967.0
2016-07-01,03,Atacama,CEYS,empresas_constituidas,unidades,False,77.0,963.0
2016-08-01,03,Atacama,CEYS,empresas_constituidas,unidades,False,97.0,996.0
2016-09-01,03,Atacama,CEYS,empresas_constituidas,unidades,False,84.0,1007.0
2016-10-01,03,Atacama,CEYS,empresas_constituidas,unidades,False,83.0,1015.0
2016-11-01,03,Atacama,CEYS,empresas_constituidas,unidades,False,80.0,1026.0
2016-12-01,03,Atacama,CEYS,empresas_constituidas,unidades,False,74.0,1031.0
2017-01-01,03,Atacama,CEYS,empresas_constituidas,unidades,False,72.0,1015.0
2017-02-01,03,Atacama,CEYS,empresas_constituidas,unidades,False,72.0,984.0
2017-03-01,03,Atacama,CEYS,empresas_constituidas,unidades,False,78.0,970.0
2017-04-01,03,Atacama,CEYS,empresas_constituidas,unidades,False,67.0,953.0
2017-05-01,03,Atacama,CEYS,empresas_constituidas,unidades,False,84.0,944.0
2017-06-01,03,Atacama,CEYS,empresas_constituidas,unidades,False,89.0,957.0
2017-07-01,03,Atacama,CEYS,empresas_constituidas,unidades,False,82.0,962.0
2017-08-01,03,Atacama,CEYS,empresas_constituidas,unidades,False,115.0,980.0
2017-09-01,03,Atacama,CEYS,empresas_constituidas,unidades,False,89.0,985.0
2017-10-01,03,Atacama,CEYS,empresas_constituidas,unidades,False,98.0,1000.0
2017-11-01,03,Atacama,CEYS,empresas_constituidas,unidades,False,96.0,1016.0
2017-12-01,03,Atacama,CEYS,empresas_constituidas,unidades,False,72.0,1014.0
2018-01-01,03,Atacama,CEYS,empresas_constituidas,unidades,False,89.0,1031.0
2018-02-01,03,Atacama,CEYS,empresas_constituidas,unidades,False,81.0,1040.0
2018-03-01,03,Atacama,CEYS,empresas_constituidas,unidades,False,101.0,1063.0
2018-04-01,03,Atacama,CEYS,empresas_constituidas,unidades,False,129.0,1125.0
2018-05-01,03,Atacama,CEYS,empresas_constituidas,unidades,False,110.0,1151.0
2018-06-01,03,Atacama,CEYS,empresas_constituidas,unidades,False,92.0,1154.0
2018-07-01,03,Atacama,CEYS,empresas_constituidas,unidades,False,108.0,1180.0
2018-08-01,03,Atacama,CEYS,empresas_constituidas,unidades,False,141.0,1206.0
2018-09-01,03,Atacama,CEYS,empresas_constituidas,unidades,False,103.0,1220.0
2018-10-01,03,Atacama,CEYS,empresas_constituidas,unidades,False,124.0,1246.0
2018-11-01,03,Atacama,CEYS,empresas_constituidas,unidades,False,136.0,1286.0
2018-12-01,03,Atacama,CEYS,empresas_constituidas,unidades,False,92.0,1306.0
2019-01-01,03,Atacama,CEYS,empresas_constituidas,unidades,False,127.0,1344.0
2019-02-01,03,Atacama,CEYS,empresas_constituidas,unidades,False,79.0,1342.0
2019-03-01,03,Atacama,CEYS,empresas_constituidas,unidades,False,134.0,1375.0
2019-04-01,03,Atacama,CEYS,empresas_constituidas,unidades,False,103.0,1349.0
2019-05-01,03,Atacama,CEYS,empresas_constituidas,unidades,False,113.0,1352.0
2019-06-01,03,Atacama,CEYS,empresas_constituidas,unidades,False,118.0,1378.0
2019-07-01,03,Atacama,CEYS,empresas_constituidas,unidades,False,120.0,1390.0
2019-08-01,03,Atacama,CEYS,empresas_constituidas,unidades,False,141.0,1390.0
2019-09-01,03,Atacama,CEYS,empresas_constituidas,unidades,False,103.0,1390.0
2019-10-01,03,Atacama,CEYS,empresas_constituidas,unidades,False,108.0,1374.0
2019-11-01,03,Atacama,CEYS,empresas_constituidas,unidades,False,89.0,1327.0
2019-12-01,03,Atacama,CEYS,empresas_constituidas,unidades,False,108.0,1343.0
2020-01-01,03,Atacama,CEYS,empresas_constituidas,unidades,False,130.0,1346.0
2020-02-01,03,Atacama,CEYS,empresas_constituidas,unidades,False,101.0,1368.0
2020-03-01,03,Atacama,CEYS,empresas_constituidas,unidades,False,95.0,1329.0
2020-04-01,03,Atacama,CEYS,empresas_constituidas,unidades,False,73.0,1299.0
2020-05-01,03,Atacama,CEYS,empresas_constituidas,unidades,False,125.0,1311.0
2020-06-01,03,Atacama,CEYS,empresas_constituidas,unidades,False,161.0,1354.0
2020-07-01,03,Atacama,CEYS,empresas_constituidas,unidades,False,185.0,1419.0
2020-08-01,03,Atacama,CEYS,empresas_constituidas,unidades,False,147.0,1425.0
2020-09-01,03,Atacama,CEYS,empresas_constituidas,unidades,False,162.0,1484.0
2020-10-01,03,Atacama,CEYS,empresas_constituidas,unidades,False,152.0,1528.0
2020-11-01,03,Atacama,CEYS,empresas_constituidas,unidades,False,175.0,1614.0
2020-12-01,03,Atacama,CEYS,empresas_constituidas,unidades,False,110.0,1616.0
2021-01-01,03,Atacama,CEYS,empresas_constituidas,unidades,False,170.0,1656.0
2021-02-01,03,Atacama,CEYS,empresas_constituidas,unidades,False,169.0,1724.0
2021-03-01,03,Atacama,CEYS,empresas_constituidas,unidades,False,187.0,1816.0
2021-04-01,03,Atacama,CEYS,empresas_constituidas,unidades,False,180.0,1923.0
2021-05-01,03,Atacama,CEYS,empresas_constituidas,unidades,False,165.0,1963.0
2021-06-01,03,Atacama,CEYS,empresas_constituidas,unidades,False,188.0,1990.0
2021-07-01,03,Atacama,CEYS,empresas_constituidas,unidades,False,174.0,1979.0
2021-08-01,03,Atacama,CEYS,empresas_constituidas,unidades,False,229.0,2061.0
2021-09-01,03,Atacama,CEYS,empresas_constituidas,unidades,False,167.0,2066.0
2021-10-01,03,Atacama,CEYS,empresas_constituidas,unidades,False,193.0,2107.0
2021-11-01,03,Atacama,CEYS,empresas_constituidas,unidades,False,176.0,2108.0
2021-12-01,03,Atacama,CEYS,empresas_constituidas,unidades,False,110.0,2108.0
2022-01-01,03,Atacama,CEYS,empresas_constituidas,unidades,False,154.0,2092.0
2022-02-01,03,Atacama,CEYS,empresas_constituidas,unidades,False,136.0,2059.0
2022-03-01,03,Atacama,CEYS,empresas_constituidas,unidades,False,180.0,2052.0
2022-04-01,03,Atacama,CEYS,empresas_constituidas,unidades,False,143.0,2015.0
2022-05-01,03,Atacama,CEYS,empresas_constituidas,unidades,False,149.0,1999.0
2022-06-01,03,Atacama,CEYS,empresas_constituidas,unidades,False,119.0,1930.0
2022-07-01,03,Atacama,CEYS,empresas_constituidas,unidades,False,146.0,1902.0
2022-08-01,03,Atacama,CEYS,empresas_constituidas,unidades,False,162.0,1835.0
2022-09-01,03,Atacama,CEYS,empresas_constituidas,unidades,False,158.0,1826.0
2022-10-01,03,Atacama,CEYS,empresas_constituidas,unidades,False,154.0,1787.0
2022-11-01,03,Atacama,CEYS,empresas_constituidas,unidades,False,147.0,1758.0
2022-12-01,03,Atacama,CEYS,empresas_constituidas,unidades,False,120.0,1768.0
2023-01-01,03,Atacama,CEYS,empresas_constituidas,unidades,False,145.0,1759.0
2023-02-01,03,Atacama,CEYS,empresas_constituidas,unidades,False,138.0,1761.0
2023-03-01,03,Atacama,CEYS,empresas_constituidas,unidades,False,166.0,1747.0
2023-04-01,03,Atacama,CEYS,empresas_constituidas,unidades,False,145.0,1749.0
2023-05-01,03,Atacama,CEYS,empresas_constituidas,unidades,False,165.0,1765.0
2023-06-01,03,Atacama,CEYS,empresas_constituidas,unidades,False,132.0,1778.0
2023-07-01,03,Atacama,CEYS,empresas_constituidas,unidades,False,187.0,1819.0
2023-08-01,03,Atacama,CEYS,empresas_constituidas,unidades,False,204.0,1861.0
2023-09-01,03,Atacama,CEYS,empresas_constituidas,unidades,False,164.0,1867.0
2023-10-01,03,Atacama,CEYS,empresas_constituidas,unidades,False,155.0,1868.0
2023-11-01,03,Atacama,CEYS,empresas_constituidas,unidades,False,163.0,1884.0
2023-12-01,03,Atacama,CEYS,empresas_constituidas,unidades,False,118.0,1882.0
2024-01-01,03,Atacama,CEYS,empresas_constituidas,unidades,False,144.0,1881.0
2024-02-01,03,Atacama,CEYS,empresas_constituidas,unidades,False,123.0,1866.0
2024-03-01,03,Atacama,CEYS,empresas_constituidas,unidades,False,131.0,1831.0
2024-04-01,03,Atacama,CEYS,empresas_constituidas,unidades,False,147.0,1833.0
2024-05-01,03,Atacama,CEYS,empresas_constituidas,unidades,False,152.0,1820.0
2024-06-01,03,Atacama,CEYS,empresas_constituidas,unidades,False,122.0,1810.0
2024-07-01,03,Atacama,CEYS,empresas_constituidas,unidades,False,210.0,1833.0
2024-08-01,03,Atacama,CEYS,empresas_constituidas,unidades,False,173.0,1802.0
2024-09-01,03,Atacama,CEYS,empresas_constituidas,unidades,False,160.0,1798.0
2024-10-01,03,Atacama,CEYS,empresas_constituidas,unidades,False,221.0,1864.0
2024-11-01,03,Atacama,CEYS,empresas_constituidas,unidades,False,196.0,1897.0
2024-12-01,03,Atacama,CEYS,empresas_constituidas,unidades,False,155.0,1934.0
2025-01-01,03,Atacama,CEYS,empresas_constituidas,unidades,False,207.0,1997.0
2025-02-01,03,Atacama,CEYS,empresas_constituidas,unidades,False,152.0,2026.0
2025-03-01,03,Atacama,CEYS,empresas_constituidas,unidades,False,202.0,2097.0
2025-04-01,03,Atacama,CEYS,empresas_constituidas,unidades,False,212.0,2162.0
2025-05-01,03,Atacama,CEYS,empresas_constituidas,unidades,False,204.0,2214.0
2025-06-01,03,Atacama,CEYS,empresas_constituidas,unidades,False,220.0,2312.0
2025-07-01,03,Atacama,CEYS,empresas_constituidas,unidades,False,230.0,2332.0
2025-08-01,03,Atacama,CEYS,empresas_constituidas,unidades,False,224.0,2383.0
2025-09-01,03,Atacama,CEYS,empresas_constituidas,unidades,False,200.0,2423.0
2025-10-01,03,Atacama,CEYS,empresas_constituidas,unidades,False,276.0,2478.0
2025-11-01,03,Atacama,CEYS,empresas_constituidas,unidades,False,220.0,2502.0
2025-12-01,03,Atacama,CEYS,empresas_constituidas,unidades,False,197.0,2544.0
2026-01-01,03,Atacama,CEYS,empresas_constituidas,unidades,False,221.0,2558.0
2026-02-01,03,Atacama,CEYS,empresas_constituidas,unidades,False,210.0,2616.0
2026-03-01,03,Atacama,CEYS,empresas_constituidas,unidades,False,267.0,2681.0
2026-04-01,03,Atacama,CEYS,empresas_constituidas,unidades,False,257.0,2726.0
2026-05-01,03,Atacama,CEYS,empresas_constituidas,unidades,False,207.0,2729.0
2026-06-01,03,Atacama,CEYS,empresas_constituidas,unidades,False,251.0,2760.0
2013-05-01,04,Coquimbo,CEYS,empresas_constituidas,unidades,False,51.0,
2013-06-01,04,Coquimbo,CEYS,empresas_constituidas,unidades,False,70.0,
2013-07-01,04,Coquimbo,CEYS,empresas_constituidas,unidades,False,84.0,
2013-08-01,04,Coquimbo,CEYS,empresas_constituidas,unidades,False,79.0,
2013-09-01,04,Coquimbo,CEYS,empresas_constituidas,unidades,False,74.0,
2013-10-01,04,Coquimbo,CEYS,empresas_constituidas,unidades,False,140.0,
2013-11-01,04,Coquimbo,CEYS,empresas_constituidas,unidades,False,149.0,
2013-12-01,04,Coquimbo,CEYS,empresas_constituidas,unidades,False,147.0,
2014-01-01,04,Coquimbo,CEYS,empresas_constituidas,unidades,False,147.0,
2014-02-01,04,Coquimbo,CEYS,empresas_constituidas,unidades,False,141.0,
2014-03-01,04,Coquimbo,CEYS,empresas_constituidas,unidades,False,176.0,
2014-04-01,04,Coquimbo,CEYS,empresas_constituidas,unidades,False,175.0,1433.0
2014-05-01,04,Coquimbo,CEYS,empresas_constituidas,unidades,False,152.0,1534.0
2014-06-01,04,Coquimbo,CEYS,empresas_constituidas,unidades,False,175.0,1639.0
2014-07-01,04,Coquimbo,CEYS,empresas_constituidas,unidades,False,170.0,1725.0
2014-08-01,04,Coquimbo,CEYS,empresas_constituidas,unidades,False,209.0,1855.0
2014-09-01,04,Coquimbo,CEYS,empresas_constituidas,unidades,False,184.0,1965.0
2014-10-01,04,Coquimbo,CEYS,empresas_constituidas,unidades,False,228.0,2053.0
2014-11-01,04,Coquimbo,CEYS,empresas_constituidas,unidades,False,178.0,2082.0
2014-12-01,04,Coquimbo,CEYS,empresas_constituidas,unidades,False,204.0,2139.0
2015-01-01,04,Coquimbo,CEYS,empresas_constituidas,unidades,False,186.0,2178.0
2015-02-01,04,Coquimbo,CEYS,empresas_constituidas,unidades,False,171.0,2208.0
2015-03-01,04,Coquimbo,CEYS,empresas_constituidas,unidades,False,230.0,2262.0
2015-04-01,04,Coquimbo,CEYS,empresas_constituidas,unidades,False,199.0,2286.0
2015-05-01,04,Coquimbo,CEYS,empresas_constituidas,unidades,False,179.0,2313.0
2015-06-01,04,Coquimbo,CEYS,empresas_constituidas,unidades,False,184.0,2322.0
2015-07-01,04,Coquimbo,CEYS,empresas_constituidas,unidades,False,214.0,2366.0
2015-08-01,04,Coquimbo,CEYS,empresas_constituidas,unidades,False,222.0,2379.0
2015-09-01,04,Coquimbo,CEYS,empresas_constituidas,unidades,False,212.0,2407.0
2015-10-01,04,Coquimbo,CEYS,empresas_constituidas,unidades,False,244.0,2423.0
2015-11-01,04,Coquimbo,CEYS,empresas_constituidas,unidades,False,221.0,2466.0
2015-12-01,04,Coquimbo,CEYS,empresas_constituidas,unidades,False,198.0,2460.0
2016-01-01,04,Coquimbo,CEYS,empresas_constituidas,unidades,False,211.0,2485.0
2016-02-01,04,Coquimbo,CEYS,empresas_constituidas,unidades,False,220.0,2534.0
2016-03-01,04,Coquimbo,CEYS,empresas_constituidas,unidades,False,274.0,2578.0
2016-04-01,04,Coquimbo,CEYS,empresas_constituidas,unidades,False,251.0,2630.0
2016-05-01,04,Coquimbo,CEYS,empresas_constituidas,unidades,False,257.0,2708.0
2016-06-01,04,Coquimbo,CEYS,empresas_constituidas,unidades,False,267.0,2791.0
2016-07-01,04,Coquimbo,CEYS,empresas_constituidas,unidades,False,305.0,2882.0
2016-08-01,04,Coquimbo,CEYS,empresas_constituidas,unidades,False,305.0,2965.0
2016-09-01,04,Coquimbo,CEYS,empresas_constituidas,unidades,False,237.0,2990.0
2016-10-01,04,Coquimbo,CEYS,empresas_constituidas,unidades,False,279.0,3025.0
2016-11-01,04,Coquimbo,CEYS,empresas_constituidas,unidades,False,254.0,3058.0
2016-12-01,04,Coquimbo,CEYS,empresas_constituidas,unidades,False,269.0,3129.0
2017-01-01,04,Coquimbo,CEYS,empresas_constituidas,unidades,False,264.0,3182.0
2017-02-01,04,Coquimbo,CEYS,empresas_constituidas,unidades,False,253.0,3215.0
2017-03-01,04,Coquimbo,CEYS,empresas_constituidas,unidades,False,296.0,3237.0
2017-04-01,04,Coquimbo,CEYS,empresas_constituidas,unidades,False,241.0,3227.0
2017-05-01,04,Coquimbo,CEYS,empresas_constituidas,unidades,False,331.0,3301.0
2017-06-01,04,Coquimbo,CEYS,empresas_constituidas,unidades,False,289.0,3323.0
2017-07-01,04,Coquimbo,CEYS,empresas_constituidas,unidades,False,301.0,3319.0
2017-08-01,04,Coquimbo,CEYS,empresas_constituidas,unidades,False,379.0,3393.0
2017-09-01,04,Coquimbo,CEYS,empresas_constituidas,unidades,False,266.0,3422.0
2017-10-01,04,Coquimbo,CEYS,empresas_constituidas,unidades,False,304.0,3447.0
2017-11-01,04,Coquimbo,CEYS,empresas_constituidas,unidades,False,331.0,3524.0
2017-12-01,04,Coquimbo,CEYS,empresas_constituidas,unidades,False,295.0,3550.0
2018-01-01,04,Coquimbo,CEYS,empresas_constituidas,unidades,False,316.0,3602.0
2018-02-01,04,Coquimbo,CEYS,empresas_constituidas,unidades,False,271.0,3620.0
2018-03-01,04,Coquimbo,CEYS,empresas_constituidas,unidades,False,297.0,3621.0
2018-04-01,04,Coquimbo,CEYS,empresas_constituidas,unidades,False,327.0,3707.0
2018-05-01,04,Coquimbo,CEYS,empresas_constituidas,unidades,False,365.0,3741.0
2018-06-01,04,Coquimbo,CEYS,empresas_constituidas,unidades,False,358.0,3810.0
2018-07-01,04,Coquimbo,CEYS,empresas_constituidas,unidades,False,374.0,3883.0
2018-08-01,04,Coquimbo,CEYS,empresas_constituidas,unidades,False,412.0,3916.0
2018-09-01,04,Coquimbo,CEYS,empresas_constituidas,unidades,False,293.0,3943.0
2018-10-01,04,Coquimbo,CEYS,empresas_constituidas,unidades,False,392.0,4031.0
2018-11-01,04,Coquimbo,CEYS,empresas_constituidas,unidades,False,337.0,4037.0
2018-12-01,04,Coquimbo,CEYS,empresas_constituidas,unidades,False,297.0,4039.0
2019-01-01,04,Coquimbo,CEYS,empresas_constituidas,unidades,False,359.0,4082.0
2019-02-01,04,Coquimbo,CEYS,empresas_constituidas,unidades,False,327.0,4138.0
2019-03-01,04,Coquimbo,CEYS,empresas_constituidas,unidades,False,367.0,4208.0
2019-04-01,04,Coquimbo,CEYS,empresas_constituidas,unidades,False,424.0,4305.0
2019-05-01,04,Coquimbo,CEYS,empresas_constituidas,unidades,False,380.0,4320.0
2019-06-01,04,Coquimbo,CEYS,empresas_constituidas,unidades,False,375.0,4337.0
2019-07-01,04,Coquimbo,CEYS,empresas_constituidas,unidades,False,451.0,4414.0
2019-08-01,04,Coquimbo,CEYS,empresas_constituidas,unidades,False,433.0,4435.0
2019-09-01,04,Coquimbo,CEYS,empresas_constituidas,unidades,False,294.0,4436.0
2019-10-01,04,Coquimbo,CEYS,empresas_constituidas,unidades,False,357.0,4401.0
2019-11-01,04,Coquimbo,CEYS,empresas_constituidas,unidades,False,306.0,4370.0
2019-12-01,04,Coquimbo,CEYS,empresas_constituidas,unidades,False,340.0,4413.0
2020-01-01,04,Coquimbo,CEYS,empresas_constituidas,unidades,False,362.0,4416.0
2020-02-01,04,Coquimbo,CEYS,empresas_constituidas,unidades,False,324.0,4413.0
2020-03-01,04,Coquimbo,CEYS,empresas_constituidas,unidades,False,284.0,4330.0
2020-04-01,04,Coquimbo,CEYS,empresas_constituidas,unidades,False,268.0,4174.0
2020-05-01,04,Coquimbo,CEYS,empresas_constituidas,unidades,False,345.0,4139.0
2020-06-01,04,Coquimbo,CEYS,empresas_constituidas,unidades,False,420.0,4184.0
2020-07-01,04,Coquimbo,CEYS,empresas_constituidas,unidades,False,491.0,4224.0
2020-08-01,04,Coquimbo,CEYS,empresas_constituidas,unidades,False,582.0,4373.0
2020-09-01,04,Coquimbo,CEYS,empresas_constituidas,unidades,False,531.0,4610.0
2020-10-01,04,Coquimbo,CEYS,empresas_constituidas,unidades,False,550.0,4803.0
2020-11-01,04,Coquimbo,CEYS,empresas_constituidas,unidades,False,595.0,5092.0
2020-12-01,04,Coquimbo,CEYS,empresas_constituidas,unidades,False,397.0,5149.0
2021-01-01,04,Coquimbo,CEYS,empresas_constituidas,unidades,False,521.0,5308.0
2021-02-01,04,Coquimbo,CEYS,empresas_constituidas,unidades,False,529.0,5513.0
2021-03-01,04,Coquimbo,CEYS,empresas_constituidas,unidades,False,709.0,5938.0
2021-04-01,04,Coquimbo,CEYS,empresas_constituidas,unidades,False,584.0,6254.0
2021-05-01,04,Coquimbo,CEYS,empresas_constituidas,unidades,False,504.0,6413.0
2021-06-01,04,Coquimbo,CEYS,empresas_constituidas,unidades,False,619.0,6612.0
2021-07-01,04,Coquimbo,CEYS,empresas_constituidas,unidades,False,564.0,6685.0
2021-08-01,04,Coquimbo,CEYS,empresas_constituidas,unidades,False,645.0,6748.0
2021-09-01,04,Coquimbo,CEYS,empresas_constituidas,unidades,False,610.0,6827.0
2021-10-01,04,Coquimbo,CEYS,empresas_constituidas,unidades,False,716.0,6993.0
2021-11-01,04,Coquimbo,CEYS,empresas_constituidas,unidades,False,530.0,6928.0
2021-12-01,04,Coquimbo,CEYS,empresas_constituidas,unidades,False,420.0,6951.0
2022-01-01,04,Coquimbo,CEYS,empresas_constituidas,unidades,False,432.0,6862.0
2022-02-01,04,Coquimbo,CEYS,empresas_constituidas,unidades,False,399.0,6732.0
2022-03-01,04,Coquimbo,CEYS,empresas_constituidas,unidades,False,568.0,6591.0
2022-04-01,04,Coquimbo,CEYS,empresas_constituidas,unidades,False,485.0,6492.0
2022-05-01,04,Coquimbo,CEYS,empresas_constituidas,unidades,False,528.0,6516.0
2022-06-01,04,Coquimbo,CEYS,empresas_constituidas,unidades,False,481.0,6378.0
2022-07-01,04,Coquimbo,CEYS,empresas_constituidas,unidades,False,441.0,6255.0
2022-08-01,04,Coquimbo,CEYS,empresas_constituidas,unidades,False,567.0,6177.0
2022-09-01,04,Coquimbo,CEYS,empresas_constituidas,unidades,False,425.0,5992.0
2022-10-01,04,Coquimbo,CEYS,empresas_constituidas,unidades,False,469.0,5745.0
2022-11-01,04,Coquimbo,CEYS,empresas_constituidas,unidades,False,486.0,5701.0
2022-12-01,04,Coquimbo,CEYS,empresas_constituidas,unidades,False,392.0,5673.0
2023-01-01,04,Coquimbo,CEYS,empresas_constituidas,unidades,False,536.0,5777.0
2023-02-01,04,Coquimbo,CEYS,empresas_constituidas,unidades,False,413.0,5791.0
2023-03-01,04,Coquimbo,CEYS,empresas_constituidas,unidades,False,550.0,5773.0
2023-04-01,04,Coquimbo,CEYS,empresas_constituidas,unidades,False,429.0,5717.0
2023-05-01,04,Coquimbo,CEYS,empresas_constituidas,unidades,False,489.0,5678.0
2023-06-01,04,Coquimbo,CEYS,empresas_constituidas,unidades,False,450.0,5647.0
2023-07-01,04,Coquimbo,CEYS,empresas_constituidas,unidades,False,569.0,5775.0
2023-08-01,04,Coquimbo,CEYS,empresas_constituidas,unidades,False,573.0,5781.0
2023-09-01,04,Coquimbo,CEYS,empresas_constituidas,unidades,False,487.0,5843.0
2023-10-01,04,Coquimbo,CEYS,empresas_constituidas,unidades,False,515.0,5889.0
2023-11-01,04,Coquimbo,CEYS,empresas_constituidas,unidades,False,539.0,5942.0
2023-12-01,04,Coquimbo,CEYS,empresas_constituidas,unidades,False,406.0,5956.0
2024-01-01,04,Coquimbo,CEYS,empresas_constituidas,unidades,False,536.0,5956.0
2024-02-01,04,Coquimbo,CEYS,empresas_constituidas,unidades,False,446.0,5989.0
2024-03-01,04,Coquimbo,CEYS,empresas_constituidas,unidades,False,515.0,5954.0
2024-04-01,04,Coquimbo,CEYS,empresas_constituidas,unidades,False,535.0,6060.0
2024-05-01,04,Coquimbo,CEYS,empresas_constituidas,unidades,False,509.0,6080.0
2024-06-01,04,Coquimbo,CEYS,empresas_constituidas,unidades,False,429.0,6059.0
2024-07-01,04,Coquimbo,CEYS,empresas_constituidas,unidades,False,584.0,6074.0
2024-08-01,04,Coquimbo,CEYS,empresas_constituidas,unidades,False,604.0,6105.0
2024-09-01,04,Coquimbo,CEYS,empresas_constituidas,unidades,False,461.0,6079.0
2024-10-01,04,Coquimbo,CEYS,empresas_constituidas,unidades,False,782.0,6346.0
2024-11-01,04,Coquimbo,CEYS,empresas_constituidas,unidades,False,697.0,6504.0
2024-12-01,04,Coquimbo,CEYS,empresas_constituidas,unidades,False,555.0,6653.0
2025-01-01,04,Coquimbo,CEYS,empresas_constituidas,unidades,False,649.0,6766.0
2025-02-01,04,Coquimbo,CEYS,empresas_constituidas,unidades,False,516.0,6836.0
2025-03-01,04,Coquimbo,CEYS,empresas_constituidas,unidades,False,632.0,6953.0
2025-04-01,04,Coquimbo,CEYS,empresas_constituidas,unidades,False,590.0,7008.0
2025-05-01,04,Coquimbo,CEYS,empresas_constituidas,unidades,False,716.0,7215.0
2025-06-01,04,Coquimbo,CEYS,empresas_constituidas,unidades,False,607.0,7393.0
2025-07-01,04,Coquimbo,CEYS,empresas_constituidas,unidades,False,760.0,7569.0
2025-08-01,04,Coquimbo,CEYS,empresas_constituidas,unidades,False,729.0,7694.0
2025-09-01,04,Coquimbo,CEYS,empresas_constituidas,unidades,False,570.0,7803.0
2025-10-01,04,Coquimbo,CEYS,empresas_constituidas,unidades,False,852.0,7873.0
2025-11-01,04,Coquimbo,CEYS,empresas_constituidas,unidades,False,683.0,7859.0
2025-12-01,04,Coquimbo,CEYS,empresas_constituidas,unidades,False,706.0,8010.0
2026-01-01,04,Coquimbo,CEYS,empresas_constituidas,unidades,False,727.0,8088.0
2026-02-01,04,Coquimbo,CEYS,empresas_constituidas,unidades,False,622.0,8194.0
2026-03-01,04,Coquimbo,CEYS,empresas_constituidas,unidades,False,791.0,8353.0
2026-04-01,04,Coquimbo,CEYS,empresas_constituidas,unidades,False,740.0,8503.0
2026-05-01,04,Coquimbo,CEYS,empresas_constituidas,unidades,False,694.0,8481.0
2026-06-01,04,Coquimbo,CEYS,empresas_constituidas,unidades,False,671.0,8545.0
2013-05-01,05,Valparaíso,CEYS,empresas_constituidas,unidades,False,157.0,
2013-06-01,05,Valparaíso,CEYS,empresas_constituidas,unidades,False,196.0,
2013-07-01,05,Valparaíso,CEYS,empresas_constituidas,unidades,False,225.0,
2013-08-01,05,Valparaíso,CEYS,empresas_constituidas,unidades,False,207.0,
2013-09-01,05,Valparaíso,CEYS,empresas_constituidas,unidades,False,152.0,
2013-10-01,05,Valparaíso,CEYS,empresas_constituidas,unidades,False,385.0,
2013-11-01,05,Valparaíso,CEYS,empresas_constituidas,unidades,False,371.0,
2013-12-01,05,Valparaíso,CEYS,empresas_constituidas,unidades,False,306.0,
2014-01-01,05,Valparaíso,CEYS,empresas_constituidas,unidades,False,345.0,
2014-02-01,05,Valparaíso,CEYS,empresas_constituidas,unidades,False,354.0,
2014-03-01,05,Valparaíso,CEYS,empresas_constituidas,unidades,False,418.0,
2014-04-01,05,Valparaíso,CEYS,empresas_constituidas,unidades,False,383.0,3499.0
2014-05-01,05,Valparaíso,CEYS,empresas_constituidas,unidades,False,394.0,3736.0
2014-06-01,05,Valparaíso,CEYS,empresas_constituidas,unidades,False,329.0,3869.0
2014-07-01,05,Valparaíso,CEYS,empresas_constituidas,unidades,False,523.0,4167.0
2014-08-01,05,Valparaíso,CEYS,empresas_constituidas,unidades,False,512.0,4472.0
2014-09-01,05,Valparaíso,CEYS,empresas_constituidas,unidades,False,475.0,4795.0
2014-10-01,05,Valparaíso,CEYS,empresas_constituidas,unidades,False,542.0,4952.0
2014-11-01,05,Valparaíso,CEYS,empresas_constituidas,unidades,False,507.0,5088.0
2014-12-01,05,Valparaíso,CEYS,empresas_constituidas,unidades,False,470.0,5252.0
2015-01-01,05,Valparaíso,CEYS,empresas_constituidas,unidades,False,474.0,5381.0
2015-02-01,05,Valparaíso,CEYS,empresas_constituidas,unidades,False,474.0,5501.0
2015-03-01,05,Valparaíso,CEYS,empresas_constituidas,unidades,False,532.0,5615.0
2015-04-01,05,Valparaíso,CEYS,empresas_constituidas,unidades,False,502.0,5734.0
2015-05-01,05,Valparaíso,CEYS,empresas_constituidas,unidades,False,518.0,5858.0
2015-06-01,05,Valparaíso,CEYS,empresas_constituidas,unidades,False,564.0,6093.0
2015-07-01,05,Valparaíso,CEYS,empresas_constituidas,unidades,False,614.0,6184.0
2015-08-01,05,Valparaíso,CEYS,empresas_constituidas,unidades,False,503.0,6175.0
2015-09-01,05,Valparaíso,CEYS,empresas_constituidas,unidades,False,589.0,6289.0
2015-10-01,05,Valparaíso,CEYS,empresas_constituidas,unidades,False,603.0,6350.0
2015-11-01,05,Valparaíso,CEYS,empresas_constituidas,unidades,False,632.0,6475.0
2015-12-01,05,Valparaíso,CEYS,empresas_constituidas,unidades,False,535.0,6540.0
2016-01-01,05,Valparaíso,CEYS,empresas_constituidas,unidades,False,583.0,6649.0
2016-02-01,05,Valparaíso,CEYS,empresas_constituidas,unidades,False,561.0,6736.0
2016-03-01,05,Valparaíso,CEYS,empresas_constituidas,unidades,False,640.0,6844.0
2016-04-01,05,Valparaíso,CEYS,empresas_constituidas,unidades,False,612.0,6954.0
2016-05-01,05,Valparaíso,CEYS,empresas_constituidas,unidades,False,665.0,7101.0
2016-06-01,05,Valparaíso,CEYS,empresas_constituidas,unidades,False,629.0,7166.0
2016-07-01,05,Valparaíso,CEYS,empresas_constituidas,unidades,False,638.0,7190.0
2016-08-01,05,Valparaíso,CEYS,empresas_constituidas,unidades,False,757.0,7444.0
2016-09-01,05,Valparaíso,CEYS,empresas_constituidas,unidades,False,615.0,7470.0
2016-10-01,05,Valparaíso,CEYS,empresas_constituidas,unidades,False,804.0,7671.0
2016-11-01,05,Valparaíso,CEYS,empresas_constituidas,unidades,False,601.0,7640.0
2016-12-01,05,Valparaíso,CEYS,empresas_constituidas,unidades,False,536.0,7641.0
2017-01-01,05,Valparaíso,CEYS,empresas_constituidas,unidades,False,680.0,7738.0
2017-02-01,05,Valparaíso,CEYS,empresas_constituidas,unidades,False,593.0,7770.0
2017-03-01,05,Valparaíso,CEYS,empresas_constituidas,unidades,False,694.0,7824.0
2017-04-01,05,Valparaíso,CEYS,empresas_constituidas,unidades,False,619.0,7831.0
2017-05-01,05,Valparaíso,CEYS,empresas_constituidas,unidades,False,733.0,7899.0
2017-06-01,05,Valparaíso,CEYS,empresas_constituidas,unidades,False,663.0,7933.0
2017-07-01,05,Valparaíso,CEYS,empresas_constituidas,unidades,False,852.0,8147.0
2017-08-01,05,Valparaíso,CEYS,empresas_constituidas,unidades,False,914.0,8304.0
2017-09-01,05,Valparaíso,CEYS,empresas_constituidas,unidades,False,690.0,8379.0
2017-10-01,05,Valparaíso,CEYS,empresas_constituidas,unidades,False,773.0,8348.0
2017-11-01,05,Valparaíso,CEYS,empresas_constituidas,unidades,False,766.0,8513.0
2017-12-01,05,Valparaíso,CEYS,empresas_constituidas,unidades,False,614.0,8591.0
2018-01-01,05,Valparaíso,CEYS,empresas_constituidas,unidades,False,828.0,8739.0
2018-02-01,05,Valparaíso,CEYS,empresas_constituidas,unidades,False,681.0,8827.0
2018-03-01,05,Valparaíso,CEYS,empresas_constituidas,unidades,False,771.0,8904.0
2018-04-01,05,Valparaíso,CEYS,empresas_constituidas,unidades,False,809.0,9094.0
2018-05-01,05,Valparaíso,CEYS,empresas_constituidas,unidades,False,900.0,9261.0
2018-06-01,05,Valparaíso,CEYS,empresas_constituidas,unidades,False,856.0,9454.0
2018-07-01,05,Valparaíso,CEYS,empresas_constituidas,unidades,False,950.0,9552.0
2018-08-01,05,Valparaíso,CEYS,empresas_constituidas,unidades,False,1007.0,9645.0
2018-09-01,05,Valparaíso,CEYS,empresas_constituidas,unidades,False,681.0,9636.0
2018-10-01,05,Valparaíso,CEYS,empresas_constituidas,unidades,False,1089.0,9952.0
2018-11-01,05,Valparaíso,CEYS,empresas_constituidas,unidades,False,902.0,10088.0
2018-12-01,05,Valparaíso,CEYS,empresas_constituidas,unidades,False,730.0,10204.0
2019-01-01,05,Valparaíso,CEYS,empresas_constituidas,unidades,False,1011.0,10387.0
2019-02-01,05,Valparaíso,CEYS,empresas_constituidas,unidades,False,768.0,10474.0
2019-03-01,05,Valparaíso,CEYS,empresas_constituidas,unidades,False,944.0,10647.0
2019-04-01,05,Valparaíso,CEYS,empresas_constituidas,unidades,False,959.0,10797.0
2019-05-01,05,Valparaíso,CEYS,empresas_constituidas,unidades,False,924.0,10821.0
2019-06-01,05,Valparaíso,CEYS,empresas_constituidas,unidades,False,967.0,10932.0
2019-07-01,05,Valparaíso,CEYS,empresas_constituidas,unidades,False,993.0,10975.0
2019-08-01,05,Valparaíso,CEYS,empresas_constituidas,unidades,False,1121.0,11089.0
2019-09-01,05,Valparaíso,CEYS,empresas_constituidas,unidades,False,866.0,11274.0
2019-10-01,05,Valparaíso,CEYS,empresas_constituidas,unidades,False,878.0,11063.0
2019-11-01,05,Valparaíso,CEYS,empresas_constituidas,unidades,False,777.0,10938.0
2019-12-01,05,Valparaíso,CEYS,empresas_constituidas,unidades,False,818.0,11026.0
2020-01-01,05,Valparaíso,CEYS,empresas_constituidas,unidades,False,951.0,10966.0
2020-02-01,05,Valparaíso,CEYS,empresas_constituidas,unidades,False,833.0,11031.0
2020-03-01,05,Valparaíso,CEYS,empresas_constituidas,unidades,False,721.0,10808.0
2020-04-01,05,Valparaíso,CEYS,empresas_constituidas,unidades,False,660.0,10509.0
2020-05-01,05,Valparaíso,CEYS,empresas_constituidas,unidades,False,1028.0,10613.0
2020-06-01,05,Valparaíso,CEYS,empresas_constituidas,unidades,False,1114.0,10760.0
2020-07-01,05,Valparaíso,CEYS,empresas_constituidas,unidades,False,1165.0,10932.0
2020-08-01,05,Valparaíso,CEYS,empresas_constituidas,unidades,False,1424.0,11235.0
2020-09-01,05,Valparaíso,CEYS,empresas_constituidas,unidades,False,1490.0,11859.0
2020-10-01,05,Valparaíso,CEYS,empresas_constituidas,unidades,False,1414.0,12395.0
2020-11-01,05,Valparaíso,CEYS,empresas_constituidas,unidades,False,1427.0,13045.0
2020-12-01,05,Valparaíso,CEYS,empresas_constituidas,unidades,False,1069.0,13296.0
2021-01-01,05,Valparaíso,CEYS,empresas_constituidas,unidades,False,1458.0,13803.0
2021-02-01,05,Valparaíso,CEYS,empresas_constituidas,unidades,False,1275.0,14245.0
2021-03-01,05,Valparaíso,CEYS,empresas_constituidas,unidades,False,1706.0,15230.0
2021-04-01,05,Valparaíso,CEYS,empresas_constituidas,unidades,False,1471.0,16041.0
2021-05-01,05,Valparaíso,CEYS,empresas_constituidas,unidades,False,1329.0,16342.0
2021-06-01,05,Valparaíso,CEYS,empresas_constituidas,unidades,False,1625.0,16853.0
2021-07-01,05,Valparaíso,CEYS,empresas_constituidas,unidades,False,1479.0,17167.0
2021-08-01,05,Valparaíso,CEYS,empresas_constituidas,unidades,False,1848.0,17591.0
2021-09-01,05,Valparaíso,CEYS,empresas_constituidas,unidades,False,1574.0,17675.0
2021-10-01,05,Valparaíso,CEYS,empresas_constituidas,unidades,False,1564.0,17825.0
2021-11-01,05,Valparaíso,CEYS,empresas_constituidas,unidades,False,1346.0,17744.0
2021-12-01,05,Valparaíso,CEYS,empresas_constituidas,unidades,False,1041.0,17716.0
2022-01-01,05,Valparaíso,CEYS,empresas_constituidas,unidades,False,1245.0,17503.0
2022-02-01,05,Valparaíso,CEYS,empresas_constituidas,unidades,False,1069.0,17297.0
2022-03-01,05,Valparaíso,CEYS,empresas_constituidas,unidades,False,1415.0,17006.0
2022-04-01,05,Valparaíso,CEYS,empresas_constituidas,unidades,False,1190.0,16725.0
2022-05-01,05,Valparaíso,CEYS,empresas_constituidas,unidades,False,1218.0,16614.0
2022-06-01,05,Valparaíso,CEYS,empresas_constituidas,unidades,False,1160.0,16149.0
2022-07-01,05,Valparaíso,CEYS,empresas_constituidas,unidades,False,1221.0,15891.0
2022-08-01,05,Valparaíso,CEYS,empresas_constituidas,unidades,False,1421.0,15464.0
2022-09-01,05,Valparaíso,CEYS,empresas_constituidas,unidades,False,1214.0,15104.0
2022-10-01,05,Valparaíso,CEYS,empresas_constituidas,unidades,False,1147.0,14687.0
2022-11-01,05,Valparaíso,CEYS,empresas_constituidas,unidades,False,1358.0,14699.0
2022-12-01,05,Valparaíso,CEYS,empresas_constituidas,unidades,False,1022.0,14680.0
2023-01-01,05,Valparaíso,CEYS,empresas_constituidas,unidades,False,1234.0,14669.0
2023-02-01,05,Valparaíso,CEYS,empresas_constituidas,unidades,False,1022.0,14622.0
2023-03-01,05,Valparaíso,CEYS,empresas_constituidas,unidades,False,1314.0,14521.0
2023-04-01,05,Valparaíso,CEYS,empresas_constituidas,unidades,False,1031.0,14362.0
2023-05-01,05,Valparaíso,CEYS,empresas_constituidas,unidades,False,1248.0,14392.0
2023-06-01,05,Valparaíso,CEYS,empresas_constituidas,unidades,False,1132.0,14364.0
2023-07-01,05,Valparaíso,CEYS,empresas_constituidas,unidades,False,1303.0,14446.0
2023-08-01,05,Valparaíso,CEYS,empresas_constituidas,unidades,False,1445.0,14470.0
2023-09-01,05,Valparaíso,CEYS,empresas_constituidas,unidades,False,1114.0,14370.0
2023-10-01,05,Valparaíso,CEYS,empresas_constituidas,unidades,False,1428.0,14651.0
2023-11-01,05,Valparaíso,CEYS,empresas_constituidas,unidades,False,1297.0,14590.0
2023-12-01,05,Valparaíso,CEYS,empresas_constituidas,unidades,False,963.0,14531.0
2024-01-01,05,Valparaíso,CEYS,empresas_constituidas,unidades,False,1396.0,14693.0
2024-02-01,05,Valparaíso,CEYS,empresas_constituidas,unidades,False,1092.0,14763.0
2024-03-01,05,Valparaíso,CEYS,empresas_constituidas,unidades,False,1212.0,14661.0
2024-04-01,05,Valparaíso,CEYS,empresas_constituidas,unidades,False,1272.0,14902.0
2024-05-01,05,Valparaíso,CEYS,empresas_constituidas,unidades,False,1212.0,14866.0
2024-06-01,05,Valparaíso,CEYS,empresas_constituidas,unidades,False,1160.0,14894.0
2024-07-01,05,Valparaíso,CEYS,empresas_constituidas,unidades,False,1370.0,14961.0
2024-08-01,05,Valparaíso,CEYS,empresas_constituidas,unidades,False,1450.0,14966.0
2024-09-01,05,Valparaíso,CEYS,empresas_constituidas,unidades,False,1184.0,15036.0
2024-10-01,05,Valparaíso,CEYS,empresas_constituidas,unidades,False,2029.0,15637.0
2024-11-01,05,Valparaíso,CEYS,empresas_constituidas,unidades,False,1708.0,16048.0
2024-12-01,05,Valparaíso,CEYS,empresas_constituidas,unidades,False,1406.0,16491.0
2025-01-01,05,Valparaíso,CEYS,empresas_constituidas,unidades,False,1706.0,16801.0
2025-02-01,05,Valparaíso,CEYS,empresas_constituidas,unidades,False,1365.0,17074.0
2025-03-01,05,Valparaíso,CEYS,empresas_constituidas,unidades,False,1640.0,17502.0
2025-04-01,05,Valparaíso,CEYS,empresas_constituidas,unidades,False,1575.0,17805.0
2025-05-01,05,Valparaíso,CEYS,empresas_constituidas,unidades,False,1581.0,18174.0
2025-06-01,05,Valparaíso,CEYS,empresas_constituidas,unidades,False,1679.0,18693.0
2025-07-01,05,Valparaíso,CEYS,empresas_constituidas,unidades,False,2011.0,19334.0
2025-08-01,05,Valparaíso,CEYS,empresas_constituidas,unidades,False,1821.0,19705.0
2025-09-01,05,Valparaíso,CEYS,empresas_constituidas,unidades,False,1710.0,20231.0
2025-10-01,05,Valparaíso,CEYS,empresas_constituidas,unidades,False,2058.0,20260.0
2025-11-01,05,Valparaíso,CEYS,empresas_constituidas,unidades,False,1805.0,20357.0
2025-12-01,05,Valparaíso,CEYS,empresas_constituidas,unidades,False,1449.0,20400.0
2026-01-01,05,Valparaíso,CEYS,empresas_constituidas,unidades,False,1921.0,20615.0
2026-02-01,05,Valparaíso,CEYS,empresas_constituidas,unidades,False,1565.0,20815.0
2026-03-01,05,Valparaíso,CEYS,empresas_constituidas,unidades,False,1944.0,21119.0
2026-04-01,05,Valparaíso,CEYS,empresas_constituidas,unidades,False,1862.0,21406.0
2026-05-01,05,Valparaíso,CEYS,empresas_constituidas,unidades,False,1779.0,21604.0
2026-06-01,05,Valparaíso,CEYS,empresas_constituidas,unidades,False,1886.0,21811.0
2013-05-01,06,O'Higgins,CEYS,empresas_constituidas,unidades,False,34.0,
2013-06-01,06,O'Higgins,CEYS,empresas_constituidas,unidades,False,70.0,
2013-07-01,06,O'Higgins,CEYS,empresas_constituidas,unidades,False,90.0,
2013-08-01,06,O'Higgins,CEYS,empresas_constituidas,unidades,False,87.0,
2013-09-01,06,O'Higgins,CEYS,empresas_constituidas,unidades,False,38.0,
2013-10-01,06,O'Higgins,CEYS,empresas_constituidas,unidades,False,140.0,
2013-11-01,06,O'Higgins,CEYS,empresas_constituidas,unidades,False,141.0,
2013-12-01,06,O'Higgins,CEYS,empresas_constituidas,unidades,False,106.0,
2014-01-01,06,O'Higgins,CEYS,empresas_constituidas,unidades,False,145.0,
2014-02-01,06,O'Higgins,CEYS,empresas_constituidas,unidades,False,143.0,
2014-03-01,06,O'Higgins,CEYS,empresas_constituidas,unidades,False,182.0,
2014-04-01,06,O'Higgins,CEYS,empresas_constituidas,unidades,False,146.0,1322.0
2014-05-01,06,O'Higgins,CEYS,empresas_constituidas,unidades,False,157.0,1445.0
2014-06-01,06,O'Higgins,CEYS,empresas_constituidas,unidades,False,166.0,1541.0
2014-07-01,06,O'Higgins,CEYS,empresas_constituidas,unidades,False,231.0,1682.0
2014-08-01,06,O'Higgins,CEYS,empresas_constituidas,unidades,False,217.0,1812.0
2014-09-01,06,O'Higgins,CEYS,empresas_constituidas,unidades,False,176.0,1950.0
2014-10-01,06,O'Higgins,CEYS,empresas_constituidas,unidades,False,223.0,2033.0
2014-11-01,06,O'Higgins,CEYS,empresas_constituidas,unidades,False,190.0,2082.0
2014-12-01,06,O'Higgins,CEYS,empresas_constituidas,unidades,False,166.0,2142.0
2015-01-01,06,O'Higgins,CEYS,empresas_constituidas,unidades,False,185.0,2182.0
2015-02-01,06,O'Higgins,CEYS,empresas_constituidas,unidades,False,178.0,2217.0
2015-03-01,06,O'Higgins,CEYS,empresas_constituidas,unidades,False,216.0,2251.0
2015-04-01,06,O'Higgins,CEYS,empresas_constituidas,unidades,False,232.0,2337.0
2015-05-01,06,O'Higgins,CEYS,empresas_constituidas,unidades,False,209.0,2389.0
2015-06-01,06,O'Higgins,CEYS,empresas_constituidas,unidades,False,222.0,2445.0
2015-07-01,06,O'Higgins,CEYS,empresas_constituidas,unidades,False,260.0,2474.0
2015-08-01,06,O'Higgins,CEYS,empresas_constituidas,unidades,False,245.0,2502.0
2015-09-01,06,O'Higgins,CEYS,empresas_constituidas,unidades,False,242.0,2568.0
2015-10-01,06,O'Higgins,CEYS,empresas_constituidas,unidades,False,260.0,2605.0
2015-11-01,06,O'Higgins,CEYS,empresas_constituidas,unidades,False,256.0,2671.0
2015-12-01,06,O'Higgins,CEYS,empresas_constituidas,unidades,False,228.0,2733.0
2016-01-01,06,O'Higgins,CEYS,empresas_constituidas,unidades,False,252.0,2800.0
2016-02-01,06,O'Higgins,CEYS,empresas_constituidas,unidades,False,263.0,2885.0
2016-03-01,06,O'Higgins,CEYS,empresas_constituidas,unidades,False,279.0,2948.0
2016-04-01,06,O'Higgins,CEYS,empresas_constituidas,unidades,False,259.0,2975.0
2016-05-01,06,O'Higgins,CEYS,empresas_constituidas,unidades,False,308.0,3074.0
2016-06-01,06,O'Higgins,CEYS,empresas_constituidas,unidades,False,303.0,3155.0
2016-07-01,06,O'Higgins,CEYS,empresas_constituidas,unidades,False,325.0,3220.0
2016-08-01,06,O'Higgins,CEYS,empresas_constituidas,unidades,False,335.0,3310.0
2016-09-01,06,O'Higgins,CEYS,empresas_constituidas,unidades,False,269.0,3337.0
2016-10-01,06,O'Higgins,CEYS,empresas_constituidas,unidades,False,267.0,3344.0
2016-11-01,06,O'Higgins,CEYS,empresas_constituidas,unidades,False,286.0,3374.0
2016-12-01,06,O'Higgins,CEYS,empresas_constituidas,unidades,False,375.0,3521.0
2017-01-01,06,O'Higgins,CEYS,empresas_constituidas,unidades,False,292.0,3561.0
2017-02-01,06,O'Higgins,CEYS,empresas_constituidas,unidades,False,286.0,3584.0
2017-03-01,06,O'Higgins,CEYS,empresas_constituidas,unidades,False,396.0,3701.0
2017-04-01,06,O'Higgins,CEYS,empresas_constituidas,unidades,False,281.0,3723.0
2017-05-01,06,O'Higgins,CEYS,empresas_constituidas,unidades,False,318.0,3733.0
2017-06-01,06,O'Higgins,CEYS,empresas_constituidas,unidades,False,324.0,3754.0
2017-07-01,06,O'Higgins,CEYS,empresas_constituidas,unidades,False,318.0,3747.0
2017-08-01,06,O'Higgins,CEYS,empresas_constituidas,unidades,False,453.0,3865.0
2017-09-01,06,O'Higgins,CEYS,empresas_constituidas,unidades,False,297.0,3893.0
2017-10-01,06,O'Higgins,CEYS,empresas_constituidas,unidades,False,404.0,4030.0
2017-11-01,06,O'Higgins,CEYS,empresas_constituidas,unidades,False,415.0,4159.0
2017-12-01,06,O'Higgins,CEYS,empresas_constituidas,unidades,False,728.0,4512.0
2018-01-01,06,O'Higgins,CEYS,empresas_constituidas,unidades,False,403.0,4623.0
2018-02-01,06,O'Higgins,CEYS,empresas_constituidas,unidades,False,339.0,4676.0
2018-03-01,06,O'Higgins,CEYS,empresas_constituidas,unidades,False,364.0,4644.0
2018-04-01,06,O'Higgins,CEYS,empresas_constituidas,unidades,False,344.0,4707.0
2018-05-01,06,O'Higgins,CEYS,empresas_constituidas,unidades,False,430.0,4819.0
2018-06-01,06,O'Higgins,CEYS,empresas_constituidas,unidades,False,422.0,4917.0
2018-07-01,06,O'Higgins,CEYS,empresas_constituidas,unidades,False,444.0,5043.0
2018-08-01,06,O'Higgins,CEYS,empresas_constituidas,unidades,False,481.0,5071.0
2018-09-01,06,O'Higgins,CEYS,empresas_constituidas,unidades,False,340.0,5114.0
2018-10-01,06,O'Higgins,CEYS,empresas_constituidas,unidades,False,496.0,5206.0
2018-11-01,06,O'Higgins,CEYS,empresas_constituidas,unidades,False,449.0,5240.0
2018-12-01,06,O'Higgins,CEYS,empresas_constituidas,unidades,False,359.0,4871.0
2019-01-01,06,O'Higgins,CEYS,empresas_constituidas,unidades,False,458.0,4926.0
2019-02-01,06,O'Higgins,CEYS,empresas_constituidas,unidades,False,344.0,4931.0
2019-03-01,06,O'Higgins,CEYS,empresas_constituidas,unidades,False,358.0,4925.0
2019-04-01,06,O'Higgins,CEYS,empresas_constituidas,unidades,False,371.0,4952.0
2019-05-01,06,O'Higgins,CEYS,empresas_constituidas,unidades,False,436.0,4958.0
2019-06-01,06,O'Higgins,CEYS,empresas_constituidas,unidades,False,353.0,4889.0
2019-07-01,06,O'Higgins,CEYS,empresas_constituidas,unidades,False,519.0,4964.0
2019-08-01,06,O'Higgins,CEYS,empresas_constituidas,unidades,False,463.0,4946.0
2019-09-01,06,O'Higgins,CEYS,empresas_constituidas,unidades,False,373.0,4979.0
2019-10-01,06,O'Higgins,CEYS,empresas_constituidas,unidades,False,479.0,4962.0
2019-11-01,06,O'Higgins,CEYS,empresas_constituidas,unidades,False,397.0,4910.0
2019-12-01,06,O'Higgins,CEYS,empresas_constituidas,unidades,False,417.0,4968.0
2020-01-01,06,O'Higgins,CEYS,empresas_constituidas,unidades,False,452.0,4962.0
2020-02-01,06,O'Higgins,CEYS,empresas_constituidas,unidades,False,425.0,5043.0
2020-03-01,06,O'Higgins,CEYS,empresas_constituidas,unidades,False,306.0,4991.0
2020-04-01,06,O'Higgins,CEYS,empresas_constituidas,unidades,False,298.0,4918.0
2020-05-01,06,O'Higgins,CEYS,empresas_constituidas,unidades,False,460.0,4942.0
2020-06-01,06,O'Higgins,CEYS,empresas_constituidas,unidades,False,509.0,5098.0
2020-07-01,06,O'Higgins,CEYS,empresas_constituidas,unidades,False,539.0,5118.0
2020-08-01,06,O'Higgins,CEYS,empresas_constituidas,unidades,False,598.0,5253.0
2020-09-01,06,O'Higgins,CEYS,empresas_constituidas,unidades,False,634.0,5514.0
2020-10-01,06,O'Higgins,CEYS,empresas_constituidas,unidades,False,726.0,5761.0
2020-11-01,06,O'Higgins,CEYS,empresas_constituidas,unidades,False,690.0,6054.0
2020-12-01,06,O'Higgins,CEYS,empresas_constituidas,unidades,False,536.0,6173.0
2021-01-01,06,O'Higgins,CEYS,empresas_constituidas,unidades,False,638.0,6359.0
2021-02-01,06,O'Higgins,CEYS,empresas_constituidas,unidades,False,641.0,6575.0
2021-03-01,06,O'Higgins,CEYS,empresas_constituidas,unidades,False,740.0,7009.0
2021-04-01,06,O'Higgins,CEYS,empresas_constituidas,unidades,False,665.0,7376.0
2021-05-01,06,O'Higgins,CEYS,empresas_constituidas,unidades,False,639.0,7555.0
2021-06-01,06,O'Higgins,CEYS,empresas_constituidas,unidades,False,806.0,7852.0
2021-07-01,06,O'Higgins,CEYS,empresas_constituidas,unidades,False,704.0,8017.0
2021-08-01,06,O'Higgins,CEYS,empresas_constituidas,unidades,False,801.0,8220.0
2021-09-01,06,O'Higgins,CEYS,empresas_constituidas,unidades,False,845.0,8431.0
2021-10-01,06,O'Higgins,CEYS,empresas_constituidas,unidades,False,759.0,8464.0
2021-11-01,06,O'Higgins,CEYS,empresas_constituidas,unidades,False,666.0,8440.0
2021-12-01,06,O'Higgins,CEYS,empresas_constituidas,unidades,False,509.0,8413.0
2022-01-01,06,O'Higgins,CEYS,empresas_constituidas,unidades,False,614.0,8389.0
2022-02-01,06,O'Higgins,CEYS,empresas_constituidas,unidades,False,511.0,8259.0
2022-03-01,06,O'Higgins,CEYS,empresas_constituidas,unidades,False,648.0,8167.0
2022-04-01,06,O'Higgins,CEYS,empresas_constituidas,unidades,False,513.0,8015.0
2022-05-01,06,O'Higgins,CEYS,empresas_constituidas,unidades,False,625.0,8001.0
2022-06-01,06,O'Higgins,CEYS,empresas_constituidas,unidades,False,541.0,7736.0
2022-07-01,06,O'Higgins,CEYS,empresas_constituidas,unidades,False,624.0,7656.0
2022-08-01,06,O'Higgins,CEYS,empresas_constituidas,unidades,False,776.0,7631.0
2022-09-01,06,O'Higgins,CEYS,empresas_constituidas,unidades,False,579.0,7365.0
2022-10-01,06,O'Higgins,CEYS,empresas_constituidas,unidades,False,591.0,7197.0
2022-11-01,06,O'Higgins,CEYS,empresas_constituidas,unidades,False,602.0,7133.0
2022-12-01,06,O'Higgins,CEYS,empresas_constituidas,unidades,False,566.0,7190.0
2023-01-01,06,O'Higgins,CEYS,empresas_constituidas,unidades,False,617.0,7193.0
2023-02-01,06,O'Higgins,CEYS,empresas_constituidas,unidades,False,519.0,7201.0
2023-03-01,06,O'Higgins,CEYS,empresas_constituidas,unidades,False,619.0,7172.0
2023-04-01,06,O'Higgins,CEYS,empresas_constituidas,unidades,False,460.0,7119.0
2023-05-01,06,O'Higgins,CEYS,empresas_constituidas,unidades,False,594.0,7088.0
2023-06-01,06,O'Higgins,CEYS,empresas_constituidas,unidades,False,545.0,7092.0
2023-07-01,06,O'Higgins,CEYS,empresas_constituidas,unidades,False,600.0,7068.0
2023-08-01,06,O'Higgins,CEYS,empresas_constituidas,unidades,False,712.0,7004.0
2023-09-01,06,O'Higgins,CEYS,empresas_constituidas,unidades,False,595.0,7020.0
2023-10-01,06,O'Higgins,CEYS,empresas_constituidas,unidades,False,707.0,7136.0
2023-11-01,06,O'Higgins,CEYS,empresas_constituidas,unidades,False,701.0,7235.0
2023-12-01,06,O'Higgins,CEYS,empresas_constituidas,unidades,False,494.0,7163.0
2024-01-01,06,O'Higgins,CEYS,empresas_constituidas,unidades,False,684.0,7230.0
2024-02-01,06,O'Higgins,CEYS,empresas_constituidas,unidades,False,556.0,7267.0
2024-03-01,06,O'Higgins,CEYS,empresas_constituidas,unidades,False,576.0,7224.0
2024-04-01,06,O'Higgins,CEYS,empresas_constituidas,unidades,False,609.0,7373.0
2024-05-01,06,O'Higgins,CEYS,empresas_constituidas,unidades,False,650.0,7429.0
2024-06-01,06,O'Higgins,CEYS,empresas_constituidas,unidades,False,843.0,7727.0
2024-07-01,06,O'Higgins,CEYS,empresas_constituidas,unidades,False,697.0,7824.0
2024-08-01,06,O'Higgins,CEYS,empresas_constituidas,unidades,False,754.0,7866.0
2024-09-01,06,O'Higgins,CEYS,empresas_constituidas,unidades,False,636.0,7907.0
2024-10-01,06,O'Higgins,CEYS,empresas_constituidas,unidades,False,900.0,8100.0
2024-11-01,06,O'Higgins,CEYS,empresas_constituidas,unidades,False,835.0,8234.0
2024-12-01,06,O'Higgins,CEYS,empresas_constituidas,unidades,False,639.0,8379.0
2025-01-01,06,O'Higgins,CEYS,empresas_constituidas,unidades,False,848.0,8543.0
2025-02-01,06,O'Higgins,CEYS,empresas_constituidas,unidades,False,672.0,8659.0
2025-03-01,06,O'Higgins,CEYS,empresas_constituidas,unidades,False,761.0,8844.0
2025-04-01,06,O'Higgins,CEYS,empresas_constituidas,unidades,False,805.0,9040.0
2025-05-01,06,O'Higgins,CEYS,empresas_constituidas,unidades,False,800.0,9190.0
2025-06-01,06,O'Higgins,CEYS,empresas_constituidas,unidades,False,787.0,9134.0
2025-07-01,06,O'Higgins,CEYS,empresas_constituidas,unidades,False,1002.0,9439.0
2025-08-01,06,O'Higgins,CEYS,empresas_constituidas,unidades,False,923.0,9608.0
2025-09-01,06,O'Higgins,CEYS,empresas_constituidas,unidades,False,959.0,9931.0
2025-10-01,06,O'Higgins,CEYS,empresas_constituidas,unidades,False,1061.0,10092.0
2025-11-01,06,O'Higgins,CEYS,empresas_constituidas,unidades,False,927.0,10184.0
2025-12-01,06,O'Higgins,CEYS,empresas_constituidas,unidades,False,769.0,10314.0
2026-01-01,06,O'Higgins,CEYS,empresas_constituidas,unidades,False,1012.0,10478.0
2026-02-01,06,O'Higgins,CEYS,empresas_constituidas,unidades,False,845.0,10651.0
2026-03-01,06,O'Higgins,CEYS,empresas_constituidas,unidades,False,946.0,10836.0
2026-04-01,06,O'Higgins,CEYS,empresas_constituidas,unidades,False,860.0,10891.0
2026-05-01,06,O'Higgins,CEYS,empresas_constituidas,unidades,False,916.0,11007.0
2026-06-01,06,O'Higgins,CEYS,empresas_constituidas,unidades,False,983.0,11203.0
2013-05-01,07,Maule,CEYS,empresas_constituidas,unidades,False,76.0,
2013-06-01,07,Maule,CEYS,empresas_constituidas,unidades,False,88.0,
2013-07-01,07,Maule,CEYS,empresas_constituidas,unidades,False,85.0,
2013-08-01,07,Maule,CEYS,empresas_constituidas,unidades,False,75.0,
2013-09-01,07,Maule,CEYS,empresas_constituidas,unidades,False,68.0,
2013-10-01,07,Maule,CEYS,empresas_constituidas,unidades,False,137.0,
2013-11-01,07,Maule,CEYS,empresas_constituidas,unidades,False,140.0,
2013-12-01,07,Maule,CEYS,empresas_constituidas,unidades,False,130.0,
2014-01-01,07,Maule,CEYS,empresas_constituidas,unidades,False,125.0,
2014-02-01,07,Maule,CEYS,empresas_constituidas,unidades,False,97.0,
2014-03-01,07,Maule,CEYS,empresas_constituidas,unidades,False,153.0,
2014-04-01,07,Maule,CEYS,empresas_constituidas,unidades,False,139.0,1313.0
2014-05-01,07,Maule,CEYS,empresas_constituidas,unidades,False,151.0,1388.0
2014-06-01,07,Maule,CEYS,empresas_constituidas,unidades,False,148.0,1448.0
2014-07-01,07,Maule,CEYS,empresas_constituidas,unidades,False,180.0,1543.0
2014-08-01,07,Maule,CEYS,empresas_constituidas,unidades,False,217.0,1685.0
2014-09-01,07,Maule,CEYS,empresas_constituidas,unidades,False,221.0,1838.0
2014-10-01,07,Maule,CEYS,empresas_constituidas,unidades,False,225.0,1926.0
2014-11-01,07,Maule,CEYS,empresas_constituidas,unidades,False,193.0,1979.0
2014-12-01,07,Maule,CEYS,empresas_constituidas,unidades,False,177.0,2026.0
2015-01-01,07,Maule,CEYS,empresas_constituidas,unidades,False,190.0,2091.0
2015-02-01,07,Maule,CEYS,empresas_constituidas,unidades,False,174.0,2168.0
2015-03-01,07,Maule,CEYS,empresas_constituidas,unidades,False,207.0,2222.0
2015-04-01,07,Maule,CEYS,empresas_constituidas,unidades,False,224.0,2307.0
2015-05-01,07,Maule,CEYS,empresas_constituidas,unidades,False,186.0,2342.0
2015-06-01,07,Maule,CEYS,empresas_constituidas,unidades,False,233.0,2427.0
2015-07-01,07,Maule,CEYS,empresas_constituidas,unidades,False,257.0,2504.0
2015-08-01,07,Maule,CEYS,empresas_constituidas,unidades,False,225.0,2512.0
2015-09-01,07,Maule,CEYS,empresas_constituidas,unidades,False,209.0,2500.0
2015-10-01,07,Maule,CEYS,empresas_constituidas,unidades,False,275.0,2550.0
2015-11-01,07,Maule,CEYS,empresas_constituidas,unidades,False,237.0,2594.0
2015-12-01,07,Maule,CEYS,empresas_constituidas,unidades,False,193.0,2610.0
2016-01-01,07,Maule,CEYS,empresas_constituidas,unidades,False,236.0,2656.0
2016-02-01,07,Maule,CEYS,empresas_constituidas,unidades,False,232.0,2714.0
2016-03-01,07,Maule,CEYS,empresas_constituidas,unidades,False,305.0,2812.0
2016-04-01,07,Maule,CEYS,empresas_constituidas,unidades,False,323.0,2911.0
2016-05-01,07,Maule,CEYS,empresas_constituidas,unidades,False,268.0,2993.0
2016-06-01,07,Maule,CEYS,empresas_constituidas,unidades,False,283.0,3043.0
2016-07-01,07,Maule,CEYS,empresas_constituidas,unidades,False,278.0,3064.0
2016-08-01,07,Maule,CEYS,empresas_constituidas,unidades,False,348.0,3187.0
2016-09-01,07,Maule,CEYS,empresas_constituidas,unidades,False,267.0,3245.0
2016-10-01,07,Maule,CEYS,empresas_constituidas,unidades,False,301.0,3271.0
2016-11-01,07,Maule,CEYS,empresas_constituidas,unidades,False,291.0,3325.0
2016-12-01,07,Maule,CEYS,empresas_constituidas,unidades,False,280.0,3412.0
2017-01-01,07,Maule,CEYS,empresas_constituidas,unidades,False,291.0,3467.0
2017-02-01,07,Maule,CEYS,empresas_constituidas,unidades,False,254.0,3489.0
2017-03-01,07,Maule,CEYS,empresas_constituidas,unidades,False,379.0,3563.0
2017-04-01,07,Maule,CEYS,empresas_constituidas,unidades,False,326.0,3566.0
2017-05-01,07,Maule,CEYS,empresas_constituidas,unidades,False,340.0,3638.0
2017-06-01,07,Maule,CEYS,empresas_constituidas,unidades,False,280.0,3635.0
2017-07-01,07,Maule,CEYS,empresas_constituidas,unidades,False,438.0,3795.0
2017-08-01,07,Maule,CEYS,empresas_constituidas,unidades,False,393.0,3840.0
2017-09-01,07,Maule,CEYS,empresas_constituidas,unidades,False,297.0,3870.0
2017-10-01,07,Maule,CEYS,empresas_constituidas,unidades,False,395.0,3964.0
2017-11-01,07,Maule,CEYS,empresas_constituidas,unidades,False,369.0,4042.0
2017-12-01,07,Maule,CEYS,empresas_constituidas,unidades,False,274.0,4036.0
2018-01-01,07,Maule,CEYS,empresas_constituidas,unidades,False,398.0,4143.0
2018-02-01,07,Maule,CEYS,empresas_constituidas,unidades,False,286.0,4175.0
2018-03-01,07,Maule,CEYS,empresas_constituidas,unidades,False,370.0,4166.0
2018-04-01,07,Maule,CEYS,empresas_constituidas,unidades,False,430.0,4270.0
2018-05-01,07,Maule,CEYS,empresas_constituidas,unidades,False,403.0,4333.0
2018-06-01,07,Maule,CEYS,empresas_constituidas,unidades,False,372.0,4425.0
2018-07-01,07,Maule,CEYS,empresas_constituidas,unidades,False,418.0,4405.0
2018-08-01,07,Maule,CEYS,empresas_constituidas,unidades,False,467.0,4479.0
2018-09-01,07,Maule,CEYS,empresas_constituidas,unidades,False,334.0,4516.0
2018-10-01,07,Maule,CEYS,empresas_constituidas,unidades,False,440.0,4561.0
2018-11-01,07,Maule,CEYS,empresas_constituidas,unidades,False,454.0,4646.0
2018-12-01,07,Maule,CEYS,empresas_constituidas,unidades,False,341.0,4713.0
2019-01-01,07,Maule,CEYS,empresas_constituidas,unidades,False,430.0,4745.0
2019-02-01,07,Maule,CEYS,empresas_constituidas,unidades,False,382.0,4841.0
2019-03-01,07,Maule,CEYS,empresas_constituidas,unidades,False,483.0,4954.0
2019-04-01,07,Maule,CEYS,empresas_constituidas,unidades,False,429.0,4953.0
2019-05-01,07,Maule,CEYS,empresas_constituidas,unidades,False,485.0,5035.0
2019-06-01,07,Maule,CEYS,empresas_constituidas,unidades,False,476.0,5139.0
2019-07-01,07,Maule,CEYS,empresas_constituidas,unidades,False,563.0,5284.0
2019-08-01,07,Maule,CEYS,empresas_constituidas,unidades,False,575.0,5392.0
2019-09-01,07,Maule,CEYS,empresas_constituidas,unidades,False,385.0,5443.0
2019-10-01,07,Maule,CEYS,empresas_constituidas,unidades,False,459.0,5462.0
2019-11-01,07,Maule,CEYS,empresas_constituidas,unidades,False,395.0,5403.0
2019-12-01,07,Maule,CEYS,empresas_constituidas,unidades,False,372.0,5434.0
2020-01-01,07,Maule,CEYS,empresas_constituidas,unidades,False,516.0,5520.0
2020-02-01,07,Maule,CEYS,empresas_constituidas,unidades,False,441.0,5579.0
2020-03-01,07,Maule,CEYS,empresas_constituidas,unidades,False,382.0,5478.0
2020-04-01,07,Maule,CEYS,empresas_constituidas,unidades,False,340.0,5389.0
2020-05-01,07,Maule,CEYS,empresas_constituidas,unidades,False,496.0,5400.0
2020-06-01,07,Maule,CEYS,empresas_constituidas,unidades,False,557.0,5481.0
2020-07-01,07,Maule,CEYS,empresas_constituidas,unidades,False,615.0,5533.0
2020-08-01,07,Maule,CEYS,empresas_constituidas,unidades,False,727.0,5685.0
2020-09-01,07,Maule,CEYS,empresas_constituidas,unidades,False,722.0,6022.0
2020-10-01,07,Maule,CEYS,empresas_constituidas,unidades,False,732.0,6295.0
2020-11-01,07,Maule,CEYS,empresas_constituidas,unidades,False,681.0,6581.0
2020-12-01,07,Maule,CEYS,empresas_constituidas,unidades,False,542.0,6751.0
2021-01-01,07,Maule,CEYS,empresas_constituidas,unidades,False,773.0,7008.0
2021-02-01,07,Maule,CEYS,empresas_constituidas,unidades,False,726.0,7293.0
2021-03-01,07,Maule,CEYS,empresas_constituidas,unidades,False,794.0,7705.0
2021-04-01,07,Maule,CEYS,empresas_constituidas,unidades,False,728.0,8093.0
2021-05-01,07,Maule,CEYS,empresas_constituidas,unidades,False,662.0,8259.0
2021-06-01,07,Maule,CEYS,empresas_constituidas,unidades,False,823.0,8525.0
2021-07-01,07,Maule,CEYS,empresas_constituidas,unidades,False,775.0,8685.0
2021-08-01,07,Maule,CEYS,empresas_constituidas,unidades,False,961.0,8919.0
2021-09-01,07,Maule,CEYS,empresas_constituidas,unidades,False,740.0,8937.0
2021-10-01,07,Maule,CEYS,empresas_constituidas,unidades,False,1025.0,9230.0
2021-11-01,07,Maule,CEYS,empresas_constituidas,unidades,False,716.0,9265.0
2021-12-01,07,Maule,CEYS,empresas_constituidas,unidades,False,556.0,9279.0
2022-01-01,07,Maule,CEYS,empresas_constituidas,unidades,False,657.0,9163.0
2022-02-01,07,Maule,CEYS,empresas_constituidas,unidades,False,590.0,9027.0
2022-03-01,07,Maule,CEYS,empresas_constituidas,unidades,False,774.0,9007.0
2022-04-01,07,Maule,CEYS,empresas_constituidas,unidades,False,616.0,8895.0
2022-05-01,07,Maule,CEYS,empresas_constituidas,unidades,False,689.0,8922.0
2022-06-01,07,Maule,CEYS,empresas_constituidas,unidades,False,640.0,8739.0
2022-07-01,07,Maule,CEYS,empresas_constituidas,unidades,False,714.0,8678.0
2022-08-01,07,Maule,CEYS,empresas_constituidas,unidades,False,827.0,8544.0
2022-09-01,07,Maule,CEYS,empresas_constituidas,unidades,False,637.0,8441.0
2022-10-01,07,Maule,CEYS,empresas_constituidas,unidades,False,641.0,8057.0
2022-11-01,07,Maule,CEYS,empresas_constituidas,unidades,False,747.0,8088.0
2022-12-01,07,Maule,CEYS,empresas_constituidas,unidades,False,520.0,8052.0
2023-01-01,07,Maule,CEYS,empresas_constituidas,unidades,False,663.0,8058.0
2023-02-01,07,Maule,CEYS,empresas_constituidas,unidades,False,560.0,8028.0
2023-03-01,07,Maule,CEYS,empresas_constituidas,unidades,False,698.0,7952.0
2023-04-01,07,Maule,CEYS,empresas_constituidas,unidades,False,531.0,7867.0
2023-05-01,07,Maule,CEYS,empresas_constituidas,unidades,False,708.0,7886.0
2023-06-01,07,Maule,CEYS,empresas_constituidas,unidades,False,638.0,7884.0
2023-07-01,07,Maule,CEYS,empresas_constituidas,unidades,False,821.0,7991.0
2023-08-01,07,Maule,CEYS,empresas_constituidas,unidades,False,779.0,7943.0
2023-09-01,07,Maule,CEYS,empresas_constituidas,unidades,False,664.0,7970.0
2023-10-01,07,Maule,CEYS,empresas_constituidas,unidades,False,648.0,7977.0
2023-11-01,07,Maule,CEYS,empresas_constituidas,unidades,False,686.0,7916.0
2023-12-01,07,Maule,CEYS,empresas_constituidas,unidades,False,479.0,7875.0
2024-01-01,07,Maule,CEYS,empresas_constituidas,unidades,False,695.0,7907.0
2024-02-01,07,Maule,CEYS,empresas_constituidas,unidades,False,710.0,8057.0
2024-03-01,07,Maule,CEYS,empresas_constituidas,unidades,False,682.0,8041.0
2024-04-01,07,Maule,CEYS,empresas_constituidas,unidades,False,770.0,8280.0
2024-05-01,07,Maule,CEYS,empresas_constituidas,unidades,False,751.0,8323.0
2024-06-01,07,Maule,CEYS,empresas_constituidas,unidades,False,641.0,8326.0
2024-07-01,07,Maule,CEYS,empresas_constituidas,unidades,False,761.0,8266.0
2024-08-01,07,Maule,CEYS,empresas_constituidas,unidades,False,790.0,8277.0
2024-09-01,07,Maule,CEYS,empresas_constituidas,unidades,False,611.0,8224.0
2024-10-01,07,Maule,CEYS,empresas_constituidas,unidades,False,1138.0,8714.0
2024-11-01,07,Maule,CEYS,empresas_constituidas,unidades,False,1011.0,9039.0
2024-12-01,07,Maule,CEYS,empresas_constituidas,unidades,False,723.0,9283.0
2025-01-01,07,Maule,CEYS,empresas_constituidas,unidades,False,1035.0,9623.0
2025-02-01,07,Maule,CEYS,empresas_constituidas,unidades,False,754.0,9667.0
2025-03-01,07,Maule,CEYS,empresas_constituidas,unidades,False,869.0,9854.0
2025-04-01,07,Maule,CEYS,empresas_constituidas,unidades,False,882.0,9966.0
2025-05-01,07,Maule,CEYS,empresas_constituidas,unidades,False,927.0,10142.0
2025-06-01,07,Maule,CEYS,empresas_constituidas,unidades,False,827.0,10328.0
2025-07-01,07,Maule,CEYS,empresas_constituidas,unidades,False,1006.0,10573.0
2025-08-01,07,Maule,CEYS,empresas_constituidas,unidades,False,1114.0,10897.0
2025-09-01,07,Maule,CEYS,empresas_constituidas,unidades,False,971.0,11257.0
2025-10-01,07,Maule,CEYS,empresas_constituidas,unidades,False,1142.0,11261.0
2025-11-01,07,Maule,CEYS,empresas_constituidas,unidades,False,973.0,11223.0
2025-12-01,07,Maule,CEYS,empresas_constituidas,unidades,False,817.0,11317.0
2026-01-01,07,Maule,CEYS,empresas_constituidas,unidades,False,1053.0,11335.0
2026-02-01,07,Maule,CEYS,empresas_constituidas,unidades,False,911.0,11492.0
2026-03-01,07,Maule,CEYS,empresas_constituidas,unidades,False,1056.0,11679.0
2026-04-01,07,Maule,CEYS,empresas_constituidas,unidades,False,979.0,11776.0
2026-05-01,07,Maule,CEYS,empresas_constituidas,unidades,False,997.0,11846.0
2026-06-01,07,Maule,CEYS,empresas_constituidas,unidades,False,1032.0,12051.0
2013-05-01,08,Biobío,CEYS,empresas_constituidas,unidades,False,104.0,
2013-06-01,08,Biobío,CEYS,empresas_constituidas,unidades,False,142.0,
2013-07-01,08,Biobío,CEYS,empresas_constituidas,unidades,False,158.0,
2013-08-01,08,Biobío,CEYS,empresas_constituidas,unidades,False,178.0,
2013-09-01,08,Biobío,CEYS,empresas_constituidas,unidades,False,124.0,
2013-10-01,08,Biobío,CEYS,empresas_constituidas,unidades,False,308.0,
2013-11-01,08,Biobío,CEYS,empresas_constituidas,unidades,False,289.0,
2013-12-01,08,Biobío,CEYS,empresas_constituidas,unidades,False,287.0,
2014-01-01,08,Biobío,CEYS,empresas_constituidas,unidades,False,317.0,
2014-02-01,08,Biobío,CEYS,empresas_constituidas,unidades,False,265.0,
2014-03-01,08,Biobío,CEYS,empresas_constituidas,unidades,False,388.0,
2014-04-01,08,Biobío,CEYS,empresas_constituidas,unidades,False,321.0,2881.0
2014-05-01,08,Biobío,CEYS,empresas_constituidas,unidades,False,319.0,3096.0
2014-06-01,08,Biobío,CEYS,empresas_constituidas,unidades,False,310.0,3264.0
2014-07-01,08,Biobío,CEYS,empresas_constituidas,unidades,False,427.0,3533.0
2014-08-01,08,Biobío,CEYS,empresas_constituidas,unidades,False,388.0,3743.0
2014-09-01,08,Biobío,CEYS,empresas_constituidas,unidades,False,389.0,4008.0
2014-10-01,08,Biobío,CEYS,empresas_constituidas,unidades,False,432.0,4132.0
2014-11-01,08,Biobío,CEYS,empresas_constituidas,unidades,False,391.0,4234.0
2014-12-01,08,Biobío,CEYS,empresas_constituidas,unidades,False,396.0,4343.0
2015-01-01,08,Biobío,CEYS,empresas_constituidas,unidades,False,354.0,4380.0
2015-02-01,08,Biobío,CEYS,empresas_constituidas,unidades,False,378.0,4493.0
2015-03-01,08,Biobío,CEYS,empresas_constituidas,unidades,False,469.0,4574.0
2015-04-01,08,Biobío,CEYS,empresas_constituidas,unidades,False,472.0,4725.0
2015-05-01,08,Biobío,CEYS,empresas_constituidas,unidades,False,460.0,4866.0
2015-06-01,08,Biobío,CEYS,empresas_constituidas,unidades,False,510.0,5066.0
2015-07-01,08,Biobío,CEYS,empresas_constituidas,unidades,False,464.0,5103.0
2015-08-01,08,Biobío,CEYS,empresas_constituidas,unidades,False,555.0,5270.0
2015-09-01,08,Biobío,CEYS,empresas_constituidas,unidades,False,523.0,5404.0
2015-10-01,08,Biobío,CEYS,empresas_constituidas,unidades,False,484.0,5456.0
2015-11-01,08,Biobío,CEYS,empresas_constituidas,unidades,False,509.0,5574.0
2015-12-01,08,Biobío,CEYS,empresas_constituidas,unidades,False,468.0,5646.0
2016-01-01,08,Biobío,CEYS,empresas_constituidas,unidades,False,483.0,5775.0
2016-02-01,08,Biobío,CEYS,empresas_constituidas,unidades,False,442.0,5839.0
2016-03-01,08,Biobío,CEYS,empresas_constituidas,unidades,False,599.0,5969.0
2016-04-01,08,Biobío,CEYS,empresas_constituidas,unidades,False,535.0,6032.0
2016-05-01,08,Biobío,CEYS,empresas_constituidas,unidades,False,633.0,6205.0
2016-06-01,08,Biobío,CEYS,empresas_constituidas,unidades,False,590.0,6285.0
2016-07-01,08,Biobío,CEYS,empresas_constituidas,unidades,False,587.0,6408.0
2016-08-01,08,Biobío,CEYS,empresas_constituidas,unidades,False,696.0,6549.0
2016-09-01,08,Biobío,CEYS,empresas_constituidas,unidades,False,554.0,6580.0
2016-10-01,08,Biobío,CEYS,empresas_constituidas,unidades,False,545.0,6641.0
2016-11-01,08,Biobío,CEYS,empresas_constituidas,unidades,False,502.0,6634.0
2016-12-01,08,Biobío,CEYS,empresas_constituidas,unidades,False,475.0,6641.0
2017-01-01,08,Biobío,CEYS,empresas_constituidas,unidades,False,544.0,6702.0
2017-02-01,08,Biobío,CEYS,empresas_constituidas,unidades,False,518.0,6778.0
2017-03-01,08,Biobío,CEYS,empresas_constituidas,unidades,False,718.0,6897.0
2017-04-01,08,Biobío,CEYS,empresas_constituidas,unidades,False,622.0,6984.0
2017-05-01,08,Biobío,CEYS,empresas_constituidas,unidades,False,727.0,7078.0
2017-06-01,08,Biobío,CEYS,empresas_constituidas,unidades,False,649.0,7137.0
2017-07-01,08,Biobío,CEYS,empresas_constituidas,unidades,False,696.0,7246.0
2017-08-01,08,Biobío,CEYS,empresas_constituidas,unidades,False,821.0,7371.0
2017-09-01,08,Biobío,CEYS,empresas_constituidas,unidades,False,595.0,7412.0
2017-10-01,08,Biobío,CEYS,empresas_constituidas,unidades,False,739.0,7606.0
2017-11-01,08,Biobío,CEYS,empresas_constituidas,unidades,False,738.0,7842.0
2017-12-01,08,Biobío,CEYS,empresas_constituidas,unidades,False,554.0,7921.0
2018-01-01,08,Biobío,CEYS,empresas_constituidas,unidades,False,786.0,8163.0
2018-02-01,08,Biobío,CEYS,empresas_constituidas,unidades,False,667.0,8312.0
2018-03-01,08,Biobío,CEYS,empresas_constituidas,unidades,False,739.0,8333.0
2018-04-01,08,Biobío,CEYS,empresas_constituidas,unidades,False,771.0,8482.0
2018-05-01,08,Biobío,CEYS,empresas_constituidas,unidades,False,788.0,8543.0
2018-06-01,08,Biobío,CEYS,empresas_constituidas,unidades,False,799.0,8693.0
2018-07-01,08,Biobío,CEYS,empresas_constituidas,unidades,False,742.0,8739.0
2018-08-01,08,Biobío,CEYS,empresas_constituidas,unidades,False,874.0,8792.0
2018-09-01,08,Biobío,CEYS,empresas_constituidas,unidades,False,502.0,8699.0
2018-10-01,08,Biobío,CEYS,empresas_constituidas,unidades,False,739.0,8699.0
2018-11-01,08,Biobío,CEYS,empresas_constituidas,unidades,False,664.0,8625.0
2018-12-01,08,Biobío,CEYS,empresas_constituidas,unidades,False,565.0,8636.0
2019-01-01,08,Biobío,CEYS,empresas_constituidas,unidades,False,710.0,8560.0
2019-02-01,08,Biobío,CEYS,empresas_constituidas,unidades,False,561.0,8454.0
2019-03-01,08,Biobío,CEYS,empresas_constituidas,unidades,False,723.0,8438.0
2019-04-01,08,Biobío,CEYS,empresas_constituidas,unidades,False,689.0,8356.0
2019-05-01,08,Biobío,CEYS,empresas_constituidas,unidades,False,679.0,8247.0
2019-06-01,08,Biobío,CEYS,empresas_constituidas,unidades,False,674.0,8122.0
2019-07-01,08,Biobío,CEYS,empresas_constituidas,unidades,False,728.0,8108.0
2019-08-01,08,Biobío,CEYS,empresas_constituidas,unidades,False,729.0,7963.0
2019-09-01,08,Biobío,CEYS,empresas_constituidas,unidades,False,603.0,8064.0
2019-10-01,08,Biobío,CEYS,empresas_constituidas,unidades,False,650.0,7975.0
2019-11-01,08,Biobío,CEYS,empresas_constituidas,unidades,False,606.0,7917.0
2019-12-01,08,Biobío,CEYS,empresas_constituidas,unidades,False,561.0,7913.0
2020-01-01,08,Biobío,CEYS,empresas_constituidas,unidades,False,671.0,7874.0
2020-02-01,08,Biobío,CEYS,empresas_constituidas,unidades,False,590.0,7903.0
2020-03-01,08,Biobío,CEYS,empresas_constituidas,unidades,False,561.0,7741.0
2020-04-01,08,Biobío,CEYS,empresas_constituidas,unidades,False,489.0,7541.0
2020-05-01,08,Biobío,CEYS,empresas_constituidas,unidades,False,734.0,7596.0
2020-06-01,08,Biobío,CEYS,empresas_constituidas,unidades,False,855.0,7777.0
2020-07-01,08,Biobío,CEYS,empresas_constituidas,unidades,False,907.0,7956.0
2020-08-01,08,Biobío,CEYS,empresas_constituidas,unidades,False,1019.0,8246.0
2020-09-01,08,Biobío,CEYS,empresas_constituidas,unidades,False,897.0,8540.0
2020-10-01,08,Biobío,CEYS,empresas_constituidas,unidades,False,1026.0,8916.0
2020-11-01,08,Biobío,CEYS,empresas_constituidas,unidades,False,965.0,9275.0
2020-12-01,08,Biobío,CEYS,empresas_constituidas,unidades,False,743.0,9457.0
2021-01-01,08,Biobío,CEYS,empresas_constituidas,unidades,False,1158.0,9944.0
2021-02-01,08,Biobío,CEYS,empresas_constituidas,unidades,False,968.0,10322.0
2021-03-01,08,Biobío,CEYS,empresas_constituidas,unidades,False,1155.0,10916.0
2021-04-01,08,Biobío,CEYS,empresas_constituidas,unidades,False,1034.0,11461.0
2021-05-01,08,Biobío,CEYS,empresas_constituidas,unidades,False,941.0,11668.0
2021-06-01,08,Biobío,CEYS,empresas_constituidas,unidades,False,1009.0,11822.0
2021-07-01,08,Biobío,CEYS,empresas_constituidas,unidades,False,1182.0,12097.0
2021-08-01,08,Biobío,CEYS,empresas_constituidas,unidades,False,1095.0,12173.0
2021-09-01,08,Biobío,CEYS,empresas_constituidas,unidades,False,1226.0,12502.0
2021-10-01,08,Biobío,CEYS,empresas_constituidas,unidades,False,1152.0,12628.0
2021-11-01,08,Biobío,CEYS,empresas_constituidas,unidades,False,928.0,12591.0
2021-12-01,08,Biobío,CEYS,empresas_constituidas,unidades,False,816.0,12664.0
2022-01-01,08,Biobío,CEYS,empresas_constituidas,unidades,False,948.0,12454.0
2022-02-01,08,Biobío,CEYS,empresas_constituidas,unidades,False,826.0,12312.0
2022-03-01,08,Biobío,CEYS,empresas_constituidas,unidades,False,1029.0,12186.0
2022-04-01,08,Biobío,CEYS,empresas_constituidas,unidades,False,867.0,12019.0
2022-05-01,08,Biobío,CEYS,empresas_constituidas,unidades,False,864.0,11942.0
2022-06-01,08,Biobío,CEYS,empresas_constituidas,unidades,False,868.0,11801.0
2022-07-01,08,Biobío,CEYS,empresas_constituidas,unidades,False,825.0,11444.0
2022-08-01,08,Biobío,CEYS,empresas_constituidas,unidades,False,1060.0,11409.0
2022-09-01,08,Biobío,CEYS,empresas_constituidas,unidades,False,848.0,11031.0
2022-10-01,08,Biobío,CEYS,empresas_constituidas,unidades,False,868.0,10747.0
2022-11-01,08,Biobío,CEYS,empresas_constituidas,unidades,False,876.0,10695.0
2022-12-01,08,Biobío,CEYS,empresas_constituidas,unidades,False,753.0,10632.0
2023-01-01,08,Biobío,CEYS,empresas_constituidas,unidades,False,903.0,10587.0
2023-02-01,08,Biobío,CEYS,empresas_constituidas,unidades,False,720.0,10481.0
2023-03-01,08,Biobío,CEYS,empresas_constituidas,unidades,False,953.0,10405.0
2023-04-01,08,Biobío,CEYS,empresas_constituidas,unidades,False,769.0,10307.0
2023-05-01,08,Biobío,CEYS,empresas_constituidas,unidades,False,978.0,10421.0
2023-06-01,08,Biobío,CEYS,empresas_constituidas,unidades,False,863.0,10416.0
2023-07-01,08,Biobío,CEYS,empresas_constituidas,unidades,False,955.0,10546.0
2023-08-01,08,Biobío,CEYS,empresas_constituidas,unidades,False,1140.0,10626.0
2023-09-01,08,Biobío,CEYS,empresas_constituidas,unidades,False,940.0,10718.0
2023-10-01,08,Biobío,CEYS,empresas_constituidas,unidades,False,952.0,10802.0
2023-11-01,08,Biobío,CEYS,empresas_constituidas,unidades,False,976.0,10902.0
2023-12-01,08,Biobío,CEYS,empresas_constituidas,unidades,False,749.0,10898.0
2024-01-01,08,Biobío,CEYS,empresas_constituidas,unidades,False,1029.0,11024.0
2024-02-01,08,Biobío,CEYS,empresas_constituidas,unidades,False,833.0,11137.0
2024-03-01,08,Biobío,CEYS,empresas_constituidas,unidades,False,944.0,11128.0
2024-04-01,08,Biobío,CEYS,empresas_constituidas,unidades,False,937.0,11296.0
2024-05-01,08,Biobío,CEYS,empresas_constituidas,unidades,False,975.0,11293.0
2024-06-01,08,Biobío,CEYS,empresas_constituidas,unidades,False,884.0,11314.0
2024-07-01,08,Biobío,CEYS,empresas_constituidas,unidades,False,1080.0,11439.0
2024-08-01,08,Biobío,CEYS,empresas_constituidas,unidades,False,1204.0,11503.0
2024-09-01,08,Biobío,CEYS,empresas_constituidas,unidades,False,869.0,11432.0
2024-10-01,08,Biobío,CEYS,empresas_constituidas,unidades,False,1335.0,11815.0
2024-11-01,08,Biobío,CEYS,empresas_constituidas,unidades,False,1327.0,12166.0
2024-12-01,08,Biobío,CEYS,empresas_constituidas,unidades,False,946.0,12363.0
2025-01-01,08,Biobío,CEYS,empresas_constituidas,unidades,False,1275.0,12609.0
2025-02-01,08,Biobío,CEYS,empresas_constituidas,unidades,False,1016.0,12792.0
2025-03-01,08,Biobío,CEYS,empresas_constituidas,unidades,False,1194.0,13042.0
2025-04-01,08,Biobío,CEYS,empresas_constituidas,unidades,False,1132.0,13237.0
2025-05-01,08,Biobío,CEYS,empresas_constituidas,unidades,False,1201.0,13463.0
2025-06-01,08,Biobío,CEYS,empresas_constituidas,unidades,False,1273.0,13852.0
2025-07-01,08,Biobío,CEYS,empresas_constituidas,unidades,False,1353.0,14125.0
2025-08-01,08,Biobío,CEYS,empresas_constituidas,unidades,False,1421.0,14342.0
2025-09-01,08,Biobío,CEYS,empresas_constituidas,unidades,False,1239.0,14712.0
2025-10-01,08,Biobío,CEYS,empresas_constituidas,unidades,False,1541.0,14918.0
2025-11-01,08,Biobío,CEYS,empresas_constituidas,unidades,False,1287.0,14878.0
2025-12-01,08,Biobío,CEYS,empresas_constituidas,unidades,False,1072.0,15004.0
2026-01-01,08,Biobío,CEYS,empresas_constituidas,unidades,False,1296.0,15025.0
2026-02-01,08,Biobío,CEYS,empresas_constituidas,unidades,False,1262.0,15271.0
2026-03-01,08,Biobío,CEYS,empresas_constituidas,unidades,False,1503.0,15580.0
2026-04-01,08,Biobío,CEYS,empresas_constituidas,unidades,False,1351.0,15799.0
2026-05-01,08,Biobío,CEYS,empresas_constituidas,unidades,False,1374.0,15972.0
2026-06-01,08,Biobío,CEYS,empresas_constituidas,unidades,False,1415.0,16114.0
2013-05-01,09,La Araucanía,CEYS,empresas_constituidas,unidades,False,71.0,
2013-06-01,09,La Araucanía,CEYS,empresas_constituidas,unidades,False,77.0,
2013-07-01,09,La Araucanía,CEYS,empresas_constituidas,unidades,False,111.0,
2013-08-01,09,La Araucanía,CEYS,empresas_constituidas,unidades,False,94.0,
2013-09-01,09,La Araucanía,CEYS,empresas_constituidas,unidades,False,77.0,
2013-10-01,09,La Araucanía,CEYS,empresas_constituidas,unidades,False,212.0,
2013-11-01,09,La Araucanía,CEYS,empresas_constituidas,unidades,False,188.0,
2013-12-01,09,La Araucanía,CEYS,empresas_constituidas,unidades,False,171.0,
2014-01-01,09,La Araucanía,CEYS,empresas_constituidas,unidades,False,181.0,
2014-02-01,09,La Araucanía,CEYS,empresas_constituidas,unidades,False,178.0,
2014-03-01,09,La Araucanía,CEYS,empresas_constituidas,unidades,False,179.0,
2014-04-01,09,La Araucanía,CEYS,empresas_constituidas,unidades,False,169.0,1708.0
2014-05-01,09,La Araucanía,CEYS,empresas_constituidas,unidades,False,154.0,1791.0
2014-06-01,09,La Araucanía,CEYS,empresas_constituidas,unidades,False,178.0,1892.0
2014-07-01,09,La Araucanía,CEYS,empresas_constituidas,unidades,False,248.0,2029.0
2014-08-01,09,La Araucanía,CEYS,empresas_constituidas,unidades,False,242.0,2177.0
2014-09-01,09,La Araucanía,CEYS,empresas_constituidas,unidades,False,237.0,2337.0
2014-10-01,09,La Araucanía,CEYS,empresas_constituidas,unidades,False,244.0,2369.0
2014-11-01,09,La Araucanía,CEYS,empresas_constituidas,unidades,False,257.0,2438.0
2014-12-01,09,La Araucanía,CEYS,empresas_constituidas,unidades,False,229.0,2496.0
2015-01-01,09,La Araucanía,CEYS,empresas_constituidas,unidades,False,191.0,2506.0
2015-02-01,09,La Araucanía,CEYS,empresas_constituidas,unidades,False,231.0,2559.0
2015-03-01,09,La Araucanía,CEYS,empresas_constituidas,unidades,False,253.0,2633.0
2015-04-01,09,La Araucanía,CEYS,empresas_constituidas,unidades,False,257.0,2721.0
2015-05-01,09,La Araucanía,CEYS,empresas_constituidas,unidades,False,245.0,2812.0
2015-06-01,09,La Araucanía,CEYS,empresas_constituidas,unidades,False,250.0,2884.0
2015-07-01,09,La Araucanía,CEYS,empresas_constituidas,unidades,False,265.0,2901.0
2015-08-01,09,La Araucanía,CEYS,empresas_constituidas,unidades,False,266.0,2925.0
2015-09-01,09,La Araucanía,CEYS,empresas_constituidas,unidades,False,281.0,2969.0
2015-10-01,09,La Araucanía,CEYS,empresas_constituidas,unidades,False,317.0,3042.0
2015-11-01,09,La Araucanía,CEYS,empresas_constituidas,unidades,False,250.0,3035.0
2015-12-01,09,La Araucanía,CEYS,empresas_constituidas,unidades,False,241.0,3047.0
2016-01-01,09,La Araucanía,CEYS,empresas_constituidas,unidades,False,257.0,3113.0
2016-02-01,09,La Araucanía,CEYS,empresas_constituidas,unidades,False,261.0,3143.0
2016-03-01,09,La Araucanía,CEYS,empresas_constituidas,unidades,False,309.0,3199.0
2016-04-01,09,La Araucanía,CEYS,empresas_constituidas,unidades,False,270.0,3212.0
2016-05-01,09,La Araucanía,CEYS,empresas_constituidas,unidades,False,324.0,3291.0
2016-06-01,09,La Araucanía,CEYS,empresas_constituidas,unidades,False,258.0,3299.0
2016-07-01,09,La Araucanía,CEYS,empresas_constituidas,unidades,False,308.0,3342.0
2016-08-01,09,La Araucanía,CEYS,empresas_constituidas,unidades,False,342.0,3418.0
2016-09-01,09,La Araucanía,CEYS,empresas_constituidas,unidades,False,337.0,3474.0
2016-10-01,09,La Araucanía,CEYS,empresas_constituidas,unidades,False,278.0,3435.0
2016-11-01,09,La Araucanía,CEYS,empresas_constituidas,unidades,False,299.0,3484.0
2016-12-01,09,La Araucanía,CEYS,empresas_constituidas,unidades,False,282.0,3525.0
2017-01-01,09,La Araucanía,CEYS,empresas_constituidas,unidades,False,303.0,3571.0
2017-02-01,09,La Araucanía,CEYS,empresas_constituidas,unidades,False,291.0,3601.0
2017-03-01,09,La Araucanía,CEYS,empresas_constituidas,unidades,False,340.0,3632.0
2017-04-01,09,La Araucanía,CEYS,empresas_constituidas,unidades,False,293.0,3655.0
2017-05-01,09,La Araucanía,CEYS,empresas_constituidas,unidades,False,383.0,3714.0
2017-06-01,09,La Araucanía,CEYS,empresas_constituidas,unidades,False,356.0,3812.0
2017-07-01,09,La Araucanía,CEYS,empresas_constituidas,unidades,False,362.0,3866.0
2017-08-01,09,La Araucanía,CEYS,empresas_constituidas,unidades,False,440.0,3964.0
2017-09-01,09,La Araucanía,CEYS,empresas_constituidas,unidades,False,304.0,3931.0
2017-10-01,09,La Araucanía,CEYS,empresas_constituidas,unidades,False,374.0,4027.0
2017-11-01,09,La Araucanía,CEYS,empresas_constituidas,unidades,False,385.0,4113.0
2017-12-01,09,La Araucanía,CEYS,empresas_constituidas,unidades,False,331.0,4162.0
2018-01-01,09,La Araucanía,CEYS,empresas_constituidas,unidades,False,412.0,4271.0
2018-02-01,09,La Araucanía,CEYS,empresas_constituidas,unidades,False,295.0,4275.0
2018-03-01,09,La Araucanía,CEYS,empresas_constituidas,unidades,False,386.0,4321.0
2018-04-01,09,La Araucanía,CEYS,empresas_constituidas,unidades,False,360.0,4388.0
2018-05-01,09,La Araucanía,CEYS,empresas_constituidas,unidades,False,397.0,4402.0
2018-06-01,09,La Araucanía,CEYS,empresas_constituidas,unidades,False,376.0,4422.0
2018-07-01,09,La Araucanía,CEYS,empresas_constituidas,unidades,False,468.0,4528.0
2018-08-01,09,La Araucanía,CEYS,empresas_constituidas,unidades,False,460.0,4548.0
2018-09-01,09,La Araucanía,CEYS,empresas_constituidas,unidades,False,335.0,4579.0
2018-10-01,09,La Araucanía,CEYS,empresas_constituidas,unidades,False,494.0,4699.0
2018-11-01,09,La Araucanía,CEYS,empresas_constituidas,unidades,False,420.0,4734.0
2018-12-01,09,La Araucanía,CEYS,empresas_constituidas,unidades,False,335.0,4738.0
2019-01-01,09,La Araucanía,CEYS,empresas_constituidas,unidades,False,464.0,4790.0
2019-02-01,09,La Araucanía,CEYS,empresas_constituidas,unidades,False,334.0,4829.0
2019-03-01,09,La Araucanía,CEYS,empresas_constituidas,unidades,False,459.0,4902.0
2019-04-01,09,La Araucanía,CEYS,empresas_constituidas,unidades,False,443.0,4985.0
2019-05-01,09,La Araucanía,CEYS,empresas_constituidas,unidades,False,445.0,5033.0
2019-06-01,09,La Araucanía,CEYS,empresas_constituidas,unidades,False,414.0,5071.0
2019-07-01,09,La Araucanía,CEYS,empresas_constituidas,unidades,False,448.0,5051.0
2019-08-01,09,La Araucanía,CEYS,empresas_constituidas,unidades,False,562.0,5153.0
2019-09-01,09,La Araucanía,CEYS,empresas_constituidas,unidades,False,407.0,5225.0
2019-10-01,09,La Araucanía,CEYS,empresas_constituidas,unidades,False,405.0,5136.0
2019-11-01,09,La Araucanía,CEYS,empresas_constituidas,unidades,False,403.0,5119.0
2019-12-01,09,La Araucanía,CEYS,empresas_constituidas,unidades,False,375.0,5159.0
2020-01-01,09,La Araucanía,CEYS,empresas_constituidas,unidades,False,461.0,5156.0
2020-02-01,09,La Araucanía,CEYS,empresas_constituidas,unidades,False,368.0,5190.0
2020-03-01,09,La Araucanía,CEYS,empresas_constituidas,unidades,False,369.0,5100.0
2020-04-01,09,La Araucanía,CEYS,empresas_constituidas,unidades,False,267.0,4924.0
2020-05-01,09,La Araucanía,CEYS,empresas_constituidas,unidades,False,503.0,4982.0
2020-06-01,09,La Araucanía,CEYS,empresas_constituidas,unidades,False,565.0,5133.0
2020-07-01,09,La Araucanía,CEYS,empresas_constituidas,unidades,False,614.0,5299.0
2020-08-01,09,La Araucanía,CEYS,empresas_constituidas,unidades,False,614.0,5351.0
2020-09-01,09,La Araucanía,CEYS,empresas_constituidas,unidades,False,610.0,5554.0
2020-10-01,09,La Araucanía,CEYS,empresas_constituidas,unidades,False,711.0,5860.0
2020-11-01,09,La Araucanía,CEYS,empresas_constituidas,unidades,False,644.0,6101.0
2020-12-01,09,La Araucanía,CEYS,empresas_constituidas,unidades,False,556.0,6282.0
2021-01-01,09,La Araucanía,CEYS,empresas_constituidas,unidades,False,583.0,6404.0
2021-02-01,09,La Araucanía,CEYS,empresas_constituidas,unidades,False,562.0,6598.0
2021-03-01,09,La Araucanía,CEYS,empresas_constituidas,unidades,False,719.0,6948.0
2021-04-01,09,La Araucanía,CEYS,empresas_constituidas,unidades,False,685.0,7366.0
2021-05-01,09,La Araucanía,CEYS,empresas_constituidas,unidades,False,619.0,7482.0
2021-06-01,09,La Araucanía,CEYS,empresas_constituidas,unidades,False,674.0,7591.0
2021-07-01,09,La Araucanía,CEYS,empresas_constituidas,unidades,False,709.0,7686.0
2021-08-01,09,La Araucanía,CEYS,empresas_constituidas,unidades,False,890.0,7962.0
2021-09-01,09,La Araucanía,CEYS,empresas_constituidas,unidades,False,846.0,8198.0
2021-10-01,09,La Araucanía,CEYS,empresas_constituidas,unidades,False,631.0,8118.0
2021-11-01,09,La Araucanía,CEYS,empresas_constituidas,unidades,False,583.0,8057.0
2021-12-01,09,La Araucanía,CEYS,empresas_constituidas,unidades,False,547.0,8048.0
2022-01-01,09,La Araucanía,CEYS,empresas_constituidas,unidades,False,560.0,8025.0
2022-02-01,09,La Araucanía,CEYS,empresas_constituidas,unidades,False,506.0,7969.0
2022-03-01,09,La Araucanía,CEYS,empresas_constituidas,unidades,False,738.0,7988.0
2022-04-01,09,La Araucanía,CEYS,empresas_constituidas,unidades,False,609.0,7912.0
2022-05-01,09,La Araucanía,CEYS,empresas_constituidas,unidades,False,716.0,8009.0
2022-06-01,09,La Araucanía,CEYS,empresas_constituidas,unidades,False,555.0,7890.0
2022-07-01,09,La Araucanía,CEYS,empresas_constituidas,unidades,False,529.0,7710.0
2022-08-01,09,La Araucanía,CEYS,empresas_constituidas,unidades,False,775.0,7595.0
2022-09-01,09,La Araucanía,CEYS,empresas_constituidas,unidades,False,534.0,7283.0
2022-10-01,09,La Araucanía,CEYS,empresas_constituidas,unidades,False,584.0,7236.0
2022-11-01,09,La Araucanía,CEYS,empresas_constituidas,unidades,False,719.0,7372.0
2022-12-01,09,La Araucanía,CEYS,empresas_constituidas,unidades,False,578.0,7403.0
2023-01-01,09,La Araucanía,CEYS,empresas_constituidas,unidades,False,618.0,7461.0
2023-02-01,09,La Araucanía,CEYS,empresas_constituidas,unidades,False,532.0,7487.0
2023-03-01,09,La Araucanía,CEYS,empresas_constituidas,unidades,False,701.0,7450.0
2023-04-01,09,La Araucanía,CEYS,empresas_constituidas,unidades,False,536.0,7377.0
2023-05-01,09,La Araucanía,CEYS,empresas_constituidas,unidades,False,655.0,7316.0
2023-06-01,09,La Araucanía,CEYS,empresas_constituidas,unidades,False,626.0,7387.0
2023-07-01,09,La Araucanía,CEYS,empresas_constituidas,unidades,False,706.0,7564.0
2023-08-01,09,La Araucanía,CEYS,empresas_constituidas,unidades,False,741.0,7530.0
2023-09-01,09,La Araucanía,CEYS,empresas_constituidas,unidades,False,671.0,7667.0
2023-10-01,09,La Araucanía,CEYS,empresas_constituidas,unidades,False,649.0,7732.0
2023-11-01,09,La Araucanía,CEYS,empresas_constituidas,unidades,False,654.0,7667.0
2023-12-01,09,La Araucanía,CEYS,empresas_constituidas,unidades,False,544.0,7633.0
2024-01-01,09,La Araucanía,CEYS,empresas_constituidas,unidades,False,660.0,7675.0
2024-02-01,09,La Araucanía,CEYS,empresas_constituidas,unidades,False,522.0,7665.0
2024-03-01,09,La Araucanía,CEYS,empresas_constituidas,unidades,False,625.0,7589.0
2024-04-01,09,La Araucanía,CEYS,empresas_constituidas,unidades,False,676.0,7729.0
2024-05-01,09,La Araucanía,CEYS,empresas_constituidas,unidades,False,632.0,7706.0
2024-06-01,09,La Araucanía,CEYS,empresas_constituidas,unidades,False,567.0,7647.0
2024-07-01,09,La Araucanía,CEYS,empresas_constituidas,unidades,False,746.0,7687.0
2024-08-01,09,La Araucanía,CEYS,empresas_constituidas,unidades,False,747.0,7693.0
2024-09-01,09,La Araucanía,CEYS,empresas_constituidas,unidades,False,620.0,7642.0
2024-10-01,09,La Araucanía,CEYS,empresas_constituidas,unidades,False,994.0,7987.0
2024-11-01,09,La Araucanía,CEYS,empresas_constituidas,unidades,False,917.0,8250.0
2024-12-01,09,La Araucanía,CEYS,empresas_constituidas,unidades,False,686.0,8392.0
2025-01-01,09,La Araucanía,CEYS,empresas_constituidas,unidades,False,832.0,8564.0
2025-02-01,09,La Araucanía,CEYS,empresas_constituidas,unidades,False,674.0,8716.0
2025-03-01,09,La Araucanía,CEYS,empresas_constituidas,unidades,False,805.0,8896.0
2025-04-01,09,La Araucanía,CEYS,empresas_constituidas,unidades,False,776.0,8996.0
2025-05-01,09,La Araucanía,CEYS,empresas_constituidas,unidades,False,815.0,9179.0
2025-06-01,09,La Araucanía,CEYS,empresas_constituidas,unidades,False,799.0,9411.0
2025-07-01,09,La Araucanía,CEYS,empresas_constituidas,unidades,False,977.0,9642.0
2025-08-01,09,La Araucanía,CEYS,empresas_constituidas,unidades,False,1011.0,9906.0
2025-09-01,09,La Araucanía,CEYS,empresas_constituidas,unidades,False,884.0,10170.0
2025-10-01,09,La Araucanía,CEYS,empresas_constituidas,unidades,False,1051.0,10227.0
2025-11-01,09,La Araucanía,CEYS,empresas_constituidas,unidades,False,983.0,10293.0
2025-12-01,09,La Araucanía,CEYS,empresas_constituidas,unidades,False,782.0,10389.0
2026-01-01,09,La Araucanía,CEYS,empresas_constituidas,unidades,False,1013.0,10570.0
2026-02-01,09,La Araucanía,CEYS,empresas_constituidas,unidades,False,809.0,10705.0
2026-03-01,09,La Araucanía,CEYS,empresas_constituidas,unidades,False,987.0,10887.0
2026-04-01,09,La Araucanía,CEYS,empresas_constituidas,unidades,False,1038.0,11149.0
2026-05-01,09,La Araucanía,CEYS,empresas_constituidas,unidades,False,906.0,11240.0
2026-06-01,09,La Araucanía,CEYS,empresas_constituidas,unidades,False,968.0,11409.0
2013-05-01,10,Los Lagos,CEYS,empresas_constituidas,unidades,False,72.0,
2013-06-01,10,Los Lagos,CEYS,empresas_constituidas,unidades,False,80.0,
2013-07-01,10,Los Lagos,CEYS,empresas_constituidas,unidades,False,91.0,
2013-08-01,10,Los Lagos,CEYS,empresas_constituidas,unidades,False,99.0,
2013-09-01,10,Los Lagos,CEYS,empresas_constituidas,unidades,False,80.0,
2013-10-01,10,Los Lagos,CEYS,empresas_constituidas,unidades,False,223.0,
2013-11-01,10,Los Lagos,CEYS,empresas_constituidas,unidades,False,167.0,
2013-12-01,10,Los Lagos,CEYS,empresas_constituidas,unidades,False,161.0,
2014-01-01,10,Los Lagos,CEYS,empresas_constituidas,unidades,False,177.0,
2014-02-01,10,Los Lagos,CEYS,empresas_constituidas,unidades,False,167.0,
2014-03-01,10,Los Lagos,CEYS,empresas_constituidas,unidades,False,214.0,
2014-04-01,10,Los Lagos,CEYS,empresas_constituidas,unidades,False,181.0,1712.0
2014-05-01,10,Los Lagos,CEYS,empresas_constituidas,unidades,False,193.0,1833.0
2014-06-01,10,Los Lagos,CEYS,empresas_constituidas,unidades,False,202.0,1955.0
2014-07-01,10,Los Lagos,CEYS,empresas_constituidas,unidades,False,261.0,2125.0
2014-08-01,10,Los Lagos,CEYS,empresas_constituidas,unidades,False,272.0,2298.0
2014-09-01,10,Los Lagos,CEYS,empresas_constituidas,unidades,False,256.0,2474.0
2014-10-01,10,Los Lagos,CEYS,empresas_constituidas,unidades,False,318.0,2569.0
2014-11-01,10,Los Lagos,CEYS,empresas_constituidas,unidades,False,272.0,2674.0
2014-12-01,10,Los Lagos,CEYS,empresas_constituidas,unidades,False,235.0,2748.0
2015-01-01,10,Los Lagos,CEYS,empresas_constituidas,unidades,False,276.0,2847.0
2015-02-01,10,Los Lagos,CEYS,empresas_constituidas,unidades,False,232.0,2912.0
2015-03-01,10,Los Lagos,CEYS,empresas_constituidas,unidades,False,290.0,2988.0
2015-04-01,10,Los Lagos,CEYS,empresas_constituidas,unidades,False,227.0,3034.0
2015-05-01,10,Los Lagos,CEYS,empresas_constituidas,unidades,False,261.0,3102.0
2015-06-01,10,Los Lagos,CEYS,empresas_constituidas,unidades,False,295.0,3195.0
2015-07-01,10,Los Lagos,CEYS,empresas_constituidas,unidades,False,300.0,3234.0
2015-08-01,10,Los Lagos,CEYS,empresas_constituidas,unidades,False,264.0,3226.0
2015-09-01,10,Los Lagos,CEYS,empresas_constituidas,unidades,False,305.0,3275.0
2015-10-01,10,Los Lagos,CEYS,empresas_constituidas,unidades,False,359.0,3316.0
2015-11-01,10,Los Lagos,CEYS,empresas_constituidas,unidades,False,271.0,3315.0
2015-12-01,10,Los Lagos,CEYS,empresas_constituidas,unidades,False,268.0,3348.0
2016-01-01,10,Los Lagos,CEYS,empresas_constituidas,unidades,False,267.0,3339.0
2016-02-01,10,Los Lagos,CEYS,empresas_constituidas,unidades,False,265.0,3372.0
2016-03-01,10,Los Lagos,CEYS,empresas_constituidas,unidades,False,346.0,3428.0
2016-04-01,10,Los Lagos,CEYS,empresas_constituidas,unidades,False,328.0,3529.0
2016-05-01,10,Los Lagos,CEYS,empresas_constituidas,unidades,False,340.0,3608.0
2016-06-01,10,Los Lagos,CEYS,empresas_constituidas,unidades,False,288.0,3601.0
2016-07-01,10,Los Lagos,CEYS,empresas_constituidas,unidades,False,328.0,3629.0
2016-08-01,10,Los Lagos,CEYS,empresas_constituidas,unidades,False,374.0,3739.0
2016-09-01,10,Los Lagos,CEYS,empresas_constituidas,unidades,False,314.0,3748.0
2016-10-01,10,Los Lagos,CEYS,empresas_constituidas,unidades,False,285.0,3674.0
2016-11-01,10,Los Lagos,CEYS,empresas_constituidas,unidades,False,276.0,3679.0
2016-12-01,10,Los Lagos,CEYS,empresas_constituidas,unidades,False,311.0,3722.0
2017-01-01,10,Los Lagos,CEYS,empresas_constituidas,unidades,False,358.0,3813.0
2017-02-01,10,Los Lagos,CEYS,empresas_constituidas,unidades,False,320.0,3868.0
2017-03-01,10,Los Lagos,CEYS,empresas_constituidas,unidades,False,347.0,3869.0
2017-04-01,10,Los Lagos,CEYS,empresas_constituidas,unidades,False,288.0,3829.0
2017-05-01,10,Los Lagos,CEYS,empresas_constituidas,unidades,False,341.0,3830.0
2017-06-01,10,Los Lagos,CEYS,empresas_constituidas,unidades,False,357.0,3899.0
2017-07-01,10,Los Lagos,CEYS,empresas_constituidas,unidades,False,324.0,3895.0
2017-08-01,10,Los Lagos,CEYS,empresas_constituidas,unidades,False,457.0,3978.0
2017-09-01,10,Los Lagos,CEYS,empresas_constituidas,unidades,False,347.0,4011.0
2017-10-01,10,Los Lagos,CEYS,empresas_constituidas,unidades,False,340.0,4066.0
2017-11-01,10,Los Lagos,CEYS,empresas_constituidas,unidades,False,412.0,4202.0
2017-12-01,10,Los Lagos,CEYS,empresas_constituidas,unidades,False,318.0,4209.0
2018-01-01,10,Los Lagos,CEYS,empresas_constituidas,unidades,False,423.0,4274.0
2018-02-01,10,Los Lagos,CEYS,empresas_constituidas,unidades,False,290.0,4244.0
2018-03-01,10,Los Lagos,CEYS,empresas_constituidas,unidades,False,383.0,4280.0
2018-04-01,10,Los Lagos,CEYS,empresas_constituidas,unidades,False,387.0,4379.0
2018-05-01,10,Los Lagos,CEYS,empresas_constituidas,unidades,False,470.0,4508.0
2018-06-01,10,Los Lagos,CEYS,empresas_constituidas,unidades,False,416.0,4567.0
2018-07-01,10,Los Lagos,CEYS,empresas_constituidas,unidades,False,388.0,4631.0
2018-08-01,10,Los Lagos,CEYS,empresas_constituidas,unidades,False,491.0,4665.0
2018-09-01,10,Los Lagos,CEYS,empresas_constituidas,unidades,False,356.0,4674.0
2018-10-01,10,Los Lagos,CEYS,empresas_constituidas,unidades,False,544.0,4878.0
2018-11-01,10,Los Lagos,CEYS,empresas_constituidas,unidades,False,406.0,4872.0
2018-12-01,10,Los Lagos,CEYS,empresas_constituidas,unidades,False,351.0,4905.0
2019-01-01,10,Los Lagos,CEYS,empresas_constituidas,unidades,False,462.0,4944.0
2019-02-01,10,Los Lagos,CEYS,empresas_constituidas,unidades,False,377.0,5031.0
2019-03-01,10,Los Lagos,CEYS,empresas_constituidas,unidades,False,455.0,5103.0
2019-04-01,10,Los Lagos,CEYS,empresas_constituidas,unidades,False,397.0,5113.0
2019-05-01,10,Los Lagos,CEYS,empresas_constituidas,unidades,False,462.0,5105.0
2019-06-01,10,Los Lagos,CEYS,empresas_constituidas,unidades,False,434.0,5123.0
2019-07-01,10,Los Lagos,CEYS,empresas_constituidas,unidades,False,498.0,5233.0
2019-08-01,10,Los Lagos,CEYS,empresas_constituidas,unidades,False,482.0,5224.0
2019-09-01,10,Los Lagos,CEYS,empresas_constituidas,unidades,False,407.0,5275.0
2019-10-01,10,Los Lagos,CEYS,empresas_constituidas,unidades,False,478.0,5209.0
2019-11-01,10,Los Lagos,CEYS,empresas_constituidas,unidades,False,436.0,5239.0
2019-12-01,10,Los Lagos,CEYS,empresas_constituidas,unidades,False,401.0,5289.0
2020-01-01,10,Los Lagos,CEYS,empresas_constituidas,unidades,False,519.0,5346.0
2020-02-01,10,Los Lagos,CEYS,empresas_constituidas,unidades,False,457.0,5426.0
2020-03-01,10,Los Lagos,CEYS,empresas_constituidas,unidades,False,356.0,5327.0
2020-04-01,10,Los Lagos,CEYS,empresas_constituidas,unidades,False,287.0,5217.0
2020-05-01,10,Los Lagos,CEYS,empresas_constituidas,unidades,False,482.0,5237.0
2020-06-01,10,Los Lagos,CEYS,empresas_constituidas,unidades,False,604.0,5407.0
2020-07-01,10,Los Lagos,CEYS,empresas_constituidas,unidades,False,634.0,5543.0
2020-08-01,10,Los Lagos,CEYS,empresas_constituidas,unidades,False,636.0,5697.0
2020-09-01,10,Los Lagos,CEYS,empresas_constituidas,unidades,False,673.0,5963.0
2020-10-01,10,Los Lagos,CEYS,empresas_constituidas,unidades,False,742.0,6227.0
2020-11-01,10,Los Lagos,CEYS,empresas_constituidas,unidades,False,797.0,6588.0
2020-12-01,10,Los Lagos,CEYS,empresas_constituidas,unidades,False,538.0,6725.0
2021-01-01,10,Los Lagos,CEYS,empresas_constituidas,unidades,False,737.0,6943.0
2021-02-01,10,Los Lagos,CEYS,empresas_constituidas,unidades,False,679.0,7165.0
2021-03-01,10,Los Lagos,CEYS,empresas_constituidas,unidades,False,704.0,7513.0
2021-04-01,10,Los Lagos,CEYS,empresas_constituidas,unidades,False,688.0,7914.0
2021-05-01,10,Los Lagos,CEYS,empresas_constituidas,unidades,False,709.0,8141.0
2021-06-01,10,Los Lagos,CEYS,empresas_constituidas,unidades,False,783.0,8320.0
2021-07-01,10,Los Lagos,CEYS,empresas_constituidas,unidades,False,660.0,8346.0
2021-08-01,10,Los Lagos,CEYS,empresas_constituidas,unidades,False,889.0,8599.0
2021-09-01,10,Los Lagos,CEYS,empresas_constituidas,unidades,False,656.0,8582.0
2021-10-01,10,Los Lagos,CEYS,empresas_constituidas,unidades,False,725.0,8565.0
2021-11-01,10,Los Lagos,CEYS,empresas_constituidas,unidades,False,667.0,8435.0
2021-12-01,10,Los Lagos,CEYS,empresas_constituidas,unidades,False,544.0,8441.0
2022-01-01,10,Los Lagos,CEYS,empresas_constituidas,unidades,False,601.0,8305.0
2022-02-01,10,Los Lagos,CEYS,empresas_constituidas,unidades,False,525.0,8151.0
2022-03-01,10,Los Lagos,CEYS,empresas_constituidas,unidades,False,708.0,8155.0
2022-04-01,10,Los Lagos,CEYS,empresas_constituidas,unidades,False,595.0,8062.0
2022-05-01,10,Los Lagos,CEYS,empresas_constituidas,unidades,False,602.0,7955.0
2022-06-01,10,Los Lagos,CEYS,empresas_constituidas,unidades,False,579.0,7751.0
2022-07-01,10,Los Lagos,CEYS,empresas_constituidas,unidades,False,582.0,7673.0
2022-08-01,10,Los Lagos,CEYS,empresas_constituidas,unidades,False,731.0,7515.0
2022-09-01,10,Los Lagos,CEYS,empresas_constituidas,unidades,False,604.0,7463.0
2022-10-01,10,Los Lagos,CEYS,empresas_constituidas,unidades,False,634.0,7372.0
2022-11-01,10,Los Lagos,CEYS,empresas_constituidas,unidades,False,702.0,7407.0
2022-12-01,10,Los Lagos,CEYS,empresas_constituidas,unidades,False,578.0,7441.0
2023-01-01,10,Los Lagos,CEYS,empresas_constituidas,unidades,False,604.0,7444.0
2023-02-01,10,Los Lagos,CEYS,empresas_constituidas,unidades,False,525.0,7444.0
2023-03-01,10,Los Lagos,CEYS,empresas_constituidas,unidades,False,659.0,7395.0
2023-04-01,10,Los Lagos,CEYS,empresas_constituidas,unidades,False,570.0,7370.0
2023-05-01,10,Los Lagos,CEYS,empresas_constituidas,unidades,False,670.0,7438.0
2023-06-01,10,Los Lagos,CEYS,empresas_constituidas,unidades,False,615.0,7474.0
2023-07-01,10,Los Lagos,CEYS,empresas_constituidas,unidades,False,709.0,7601.0
2023-08-01,10,Los Lagos,CEYS,empresas_constituidas,unidades,False,703.0,7573.0
2023-09-01,10,Los Lagos,CEYS,empresas_constituidas,unidades,False,622.0,7591.0
2023-10-01,10,Los Lagos,CEYS,empresas_constituidas,unidades,False,645.0,7602.0
2023-11-01,10,Los Lagos,CEYS,empresas_constituidas,unidades,False,623.0,7523.0
2023-12-01,10,Los Lagos,CEYS,empresas_constituidas,unidades,False,453.0,7398.0
2024-01-01,10,Los Lagos,CEYS,empresas_constituidas,unidades,False,622.0,7416.0
2024-02-01,10,Los Lagos,CEYS,empresas_constituidas,unidades,False,598.0,7489.0
2024-03-01,10,Los Lagos,CEYS,empresas_constituidas,unidades,False,651.0,7481.0
2024-04-01,10,Los Lagos,CEYS,empresas_constituidas,unidades,False,664.0,7575.0
2024-05-01,10,Los Lagos,CEYS,empresas_constituidas,unidades,False,619.0,7524.0
2024-06-01,10,Los Lagos,CEYS,empresas_constituidas,unidades,False,584.0,7493.0
2024-07-01,10,Los Lagos,CEYS,empresas_constituidas,unidades,False,703.0,7487.0
2024-08-01,10,Los Lagos,CEYS,empresas_constituidas,unidades,False,788.0,7572.0
2024-09-01,10,Los Lagos,CEYS,empresas_constituidas,unidades,False,646.0,7596.0
2024-10-01,10,Los Lagos,CEYS,empresas_constituidas,unidades,False,896.0,7847.0
2024-11-01,10,Los Lagos,CEYS,empresas_constituidas,unidades,False,859.0,8083.0
2024-12-01,10,Los Lagos,CEYS,empresas_constituidas,unidades,False,651.0,8281.0
2025-01-01,10,Los Lagos,CEYS,empresas_constituidas,unidades,False,824.0,8483.0
2025-02-01,10,Los Lagos,CEYS,empresas_constituidas,unidades,False,678.0,8563.0
2025-03-01,10,Los Lagos,CEYS,empresas_constituidas,unidades,False,818.0,8730.0
2025-04-01,10,Los Lagos,CEYS,empresas_constituidas,unidades,False,806.0,8872.0
2025-05-01,10,Los Lagos,CEYS,empresas_constituidas,unidades,False,775.0,9028.0
2025-06-01,10,Los Lagos,CEYS,empresas_constituidas,unidades,False,785.0,9229.0
2025-07-01,10,Los Lagos,CEYS,empresas_constituidas,unidades,False,1030.0,9556.0
2025-08-01,10,Los Lagos,CEYS,empresas_constituidas,unidades,False,980.0,9748.0
2025-09-01,10,Los Lagos,CEYS,empresas_constituidas,unidades,False,922.0,10024.0
2025-10-01,10,Los Lagos,CEYS,empresas_constituidas,unidades,False,1032.0,10160.0
2025-11-01,10,Los Lagos,CEYS,empresas_constituidas,unidades,False,855.0,10156.0
2025-12-01,10,Los Lagos,CEYS,empresas_constituidas,unidades,False,797.0,10302.0
2026-01-01,10,Los Lagos,CEYS,empresas_constituidas,unidades,False,1049.0,10527.0
2026-02-01,10,Los Lagos,CEYS,empresas_constituidas,unidades,False,884.0,10733.0
2026-03-01,10,Los Lagos,CEYS,empresas_constituidas,unidades,False,934.0,10849.0
2026-04-01,10,Los Lagos,CEYS,empresas_constituidas,unidades,False,1002.0,11045.0
2026-05-01,10,Los Lagos,CEYS,empresas_constituidas,unidades,False,905.0,11175.0
2026-06-01,10,Los Lagos,CEYS,empresas_constituidas,unidades,False,1069.0,11459.0
2013-05-01,11,Aysén,CEYS,empresas_constituidas,unidades,False,9.0,
2013-06-01,11,Aysén,CEYS,empresas_constituidas,unidades,False,24.0,
2013-07-01,11,Aysén,CEYS,empresas_constituidas,unidades,False,11.0,
2013-08-01,11,Aysén,CEYS,empresas_constituidas,unidades,False,20.0,
2013-09-01,11,Aysén,CEYS,empresas_constituidas,unidades,False,12.0,
2013-10-01,11,Aysén,CEYS,empresas_constituidas,unidades,False,45.0,
2013-11-01,11,Aysén,CEYS,empresas_constituidas,unidades,False,43.0,
2013-12-01,11,Aysén,CEYS,empresas_constituidas,unidades,False,35.0,
2014-01-01,11,Aysén,CEYS,empresas_constituidas,unidades,False,45.0,
2014-02-01,11,Aysén,CEYS,empresas_constituidas,unidades,False,32.0,
2014-03-01,11,Aysén,CEYS,empresas_constituidas,unidades,False,38.0,
2014-04-01,11,Aysén,CEYS,empresas_constituidas,unidades,False,43.0,357.0
2014-05-01,11,Aysén,CEYS,empresas_constituidas,unidades,False,56.0,404.0
2014-06-01,11,Aysén,CEYS,empresas_constituidas,unidades,False,50.0,430.0
2014-07-01,11,Aysén,CEYS,empresas_constituidas,unidades,False,52.0,471.0
2014-08-01,11,Aysén,CEYS,empresas_constituidas,unidades,False,50.0,501.0
2014-09-01,11,Aysén,CEYS,empresas_constituidas,unidades,False,54.0,543.0
2014-10-01,11,Aysén,CEYS,empresas_constituidas,unidades,False,50.0,548.0
2014-11-01,11,Aysén,CEYS,empresas_constituidas,unidades,False,56.0,561.0
2014-12-01,11,Aysén,CEYS,empresas_constituidas,unidades,False,29.0,555.0
2015-01-01,11,Aysén,CEYS,empresas_constituidas,unidades,False,43.0,553.0
2015-02-01,11,Aysén,CEYS,empresas_constituidas,unidades,False,32.0,553.0
2015-03-01,11,Aysén,CEYS,empresas_constituidas,unidades,False,65.0,580.0
2015-04-01,11,Aysén,CEYS,empresas_constituidas,unidades,False,40.0,577.0
2015-05-01,11,Aysén,CEYS,empresas_constituidas,unidades,False,48.0,569.0
2015-06-01,11,Aysén,CEYS,empresas_constituidas,unidades,False,43.0,562.0
2015-07-01,11,Aysén,CEYS,empresas_constituidas,unidades,False,48.0,558.0
2015-08-01,11,Aysén,CEYS,empresas_constituidas,unidades,False,56.0,564.0
2015-09-01,11,Aysén,CEYS,empresas_constituidas,unidades,False,59.0,569.0
2015-10-01,11,Aysén,CEYS,empresas_constituidas,unidades,False,67.0,586.0
2015-11-01,11,Aysén,CEYS,empresas_constituidas,unidades,False,44.0,574.0
2015-12-01,11,Aysén,CEYS,empresas_constituidas,unidades,False,38.0,583.0
2016-01-01,11,Aysén,CEYS,empresas_constituidas,unidades,False,31.0,571.0
2016-02-01,11,Aysén,CEYS,empresas_constituidas,unidades,False,32.0,571.0
2016-03-01,11,Aysén,CEYS,empresas_constituidas,unidades,False,55.0,561.0
2016-04-01,11,Aysén,CEYS,empresas_constituidas,unidades,False,58.0,579.0
2016-05-01,11,Aysén,CEYS,empresas_constituidas,unidades,False,61.0,592.0
2016-06-01,11,Aysén,CEYS,empresas_constituidas,unidades,False,43.0,592.0
2016-07-01,11,Aysén,CEYS,empresas_constituidas,unidades,False,64.0,608.0
2016-08-01,11,Aysén,CEYS,empresas_constituidas,unidades,False,71.0,623.0
2016-09-01,11,Aysén,CEYS,empresas_constituidas,unidades,False,61.0,625.0
2016-10-01,11,Aysén,CEYS,empresas_constituidas,unidades,False,61.0,619.0
2016-11-01,11,Aysén,CEYS,empresas_constituidas,unidades,False,66.0,641.0
2016-12-01,11,Aysén,CEYS,empresas_constituidas,unidades,False,48.0,651.0
2017-01-01,11,Aysén,CEYS,empresas_constituidas,unidades,False,53.0,673.0
2017-02-01,11,Aysén,CEYS,empresas_constituidas,unidades,False,44.0,685.0
2017-03-01,11,Aysén,CEYS,empresas_constituidas,unidades,False,45.0,675.0
2017-04-01,11,Aysén,CEYS,empresas_constituidas,unidades,False,44.0,661.0
2017-05-01,11,Aysén,CEYS,empresas_constituidas,unidades,False,52.0,652.0
2017-06-01,11,Aysén,CEYS,empresas_constituidas,unidades,False,47.0,656.0
2017-07-01,11,Aysén,CEYS,empresas_constituidas,unidades,False,59.0,651.0
2017-08-01,11,Aysén,CEYS,empresas_constituidas,unidades,False,65.0,645.0
2017-09-01,11,Aysén,CEYS,empresas_constituidas,unidades,False,82.0,666.0
2017-10-01,11,Aysén,CEYS,empresas_constituidas,unidades,False,85.0,690.0
2017-11-01,11,Aysén,CEYS,empresas_constituidas,unidades,False,59.0,683.0
2017-12-01,11,Aysén,CEYS,empresas_constituidas,unidades,False,46.0,681.0
2018-01-01,11,Aysén,CEYS,empresas_constituidas,unidades,False,47.0,675.0
2018-02-01,11,Aysén,CEYS,empresas_constituidas,unidades,False,62.0,693.0
2018-03-01,11,Aysén,CEYS,empresas_constituidas,unidades,False,73.0,721.0
2018-04-01,11,Aysén,CEYS,empresas_constituidas,unidades,False,56.0,733.0
2018-05-01,11,Aysén,CEYS,empresas_constituidas,unidades,False,63.0,744.0
2018-06-01,11,Aysén,CEYS,empresas_constituidas,unidades,False,46.0,743.0
2018-07-01,11,Aysén,CEYS,empresas_constituidas,unidades,False,85.0,769.0
2018-08-01,11,Aysén,CEYS,empresas_constituidas,unidades,False,76.0,780.0
2018-09-01,11,Aysén,CEYS,empresas_constituidas,unidades,False,58.0,756.0
2018-10-01,11,Aysén,CEYS,empresas_constituidas,unidades,False,69.0,740.0
2018-11-01,11,Aysén,CEYS,empresas_constituidas,unidades,False,51.0,732.0
2018-12-01,11,Aysén,CEYS,empresas_constituidas,unidades,False,53.0,739.0
2019-01-01,11,Aysén,CEYS,empresas_constituidas,unidades,False,91.0,783.0
2019-02-01,11,Aysén,CEYS,empresas_constituidas,unidades,False,58.0,779.0
2019-03-01,11,Aysén,CEYS,empresas_constituidas,unidades,False,61.0,767.0
2019-04-01,11,Aysén,CEYS,empresas_constituidas,unidades,False,67.0,778.0
2019-05-01,11,Aysén,CEYS,empresas_constituidas,unidades,False,58.0,773.0
2019-06-01,11,Aysén,CEYS,empresas_constituidas,unidades,False,76.0,803.0
2019-07-01,11,Aysén,CEYS,empresas_constituidas,unidades,False,89.0,807.0
2019-08-01,11,Aysén,CEYS,empresas_constituidas,unidades,False,81.0,812.0
2019-09-01,11,Aysén,CEYS,empresas_constituidas,unidades,False,72.0,826.0
2019-10-01,11,Aysén,CEYS,empresas_constituidas,unidades,False,91.0,848.0
2019-11-01,11,Aysén,CEYS,empresas_constituidas,unidades,False,75.0,872.0
2019-12-01,11,Aysén,CEYS,empresas_constituidas,unidades,False,71.0,890.0
2020-01-01,11,Aysén,CEYS,empresas_constituidas,unidades,False,73.0,872.0
2020-02-01,11,Aysén,CEYS,empresas_constituidas,unidades,False,49.0,863.0
2020-03-01,11,Aysén,CEYS,empresas_constituidas,unidades,False,45.0,847.0
2020-04-01,11,Aysén,CEYS,empresas_constituidas,unidades,False,44.0,824.0
2020-05-01,11,Aysén,CEYS,empresas_constituidas,unidades,False,55.0,821.0
2020-06-01,11,Aysén,CEYS,empresas_constituidas,unidades,False,76.0,821.0
2020-07-01,11,Aysén,CEYS,empresas_constituidas,unidades,False,79.0,811.0
2020-08-01,11,Aysén,CEYS,empresas_constituidas,unidades,False,90.0,820.0
2020-09-01,11,Aysén,CEYS,empresas_constituidas,unidades,False,111.0,859.0
2020-10-01,11,Aysén,CEYS,empresas_constituidas,unidades,False,101.0,869.0
2020-11-01,11,Aysén,CEYS,empresas_constituidas,unidades,False,104.0,898.0
2020-12-01,11,Aysén,CEYS,empresas_constituidas,unidades,False,68.0,895.0
2021-01-01,11,Aysén,CEYS,empresas_constituidas,unidades,False,87.0,909.0
2021-02-01,11,Aysén,CEYS,empresas_constituidas,unidades,False,97.0,957.0
2021-03-01,11,Aysén,CEYS,empresas_constituidas,unidades,False,98.0,1010.0
2021-04-01,11,Aysén,CEYS,empresas_constituidas,unidades,False,92.0,1058.0
2021-05-01,11,Aysén,CEYS,empresas_constituidas,unidades,False,88.0,1091.0
2021-06-01,11,Aysén,CEYS,empresas_constituidas,unidades,False,114.0,1129.0
2021-07-01,11,Aysén,CEYS,empresas_constituidas,unidades,False,122.0,1172.0
2021-08-01,11,Aysén,CEYS,empresas_constituidas,unidades,False,153.0,1235.0
2021-09-01,11,Aysén,CEYS,empresas_constituidas,unidades,False,106.0,1230.0
2021-10-01,11,Aysén,CEYS,empresas_constituidas,unidades,False,114.0,1243.0
2021-11-01,11,Aysén,CEYS,empresas_constituidas,unidades,False,101.0,1240.0
2021-12-01,11,Aysén,CEYS,empresas_constituidas,unidades,False,80.0,1252.0
2022-01-01,11,Aysén,CEYS,empresas_constituidas,unidades,False,101.0,1266.0
2022-02-01,11,Aysén,CEYS,empresas_constituidas,unidades,False,80.0,1249.0
2022-03-01,11,Aysén,CEYS,empresas_constituidas,unidades,False,91.0,1242.0
2022-04-01,11,Aysén,CEYS,empresas_constituidas,unidades,False,153.0,1303.0
2022-05-01,11,Aysén,CEYS,empresas_constituidas,unidades,False,101.0,1316.0
2022-06-01,11,Aysén,CEYS,empresas_constituidas,unidades,False,91.0,1293.0
2022-07-01,11,Aysén,CEYS,empresas_constituidas,unidades,False,83.0,1254.0
2022-08-01,11,Aysén,CEYS,empresas_constituidas,unidades,False,101.0,1202.0
2022-09-01,11,Aysén,CEYS,empresas_constituidas,unidades,False,120.0,1216.0
2022-10-01,11,Aysén,CEYS,empresas_constituidas,unidades,False,112.0,1214.0
2022-11-01,11,Aysén,CEYS,empresas_constituidas,unidades,False,104.0,1217.0
2022-12-01,11,Aysén,CEYS,empresas_constituidas,unidades,False,72.0,1209.0
2023-01-01,11,Aysén,CEYS,empresas_constituidas,unidades,False,95.0,1203.0
2023-02-01,11,Aysén,CEYS,empresas_constituidas,unidades,False,76.0,1199.0
2023-03-01,11,Aysén,CEYS,empresas_constituidas,unidades,False,103.0,1211.0
2023-04-01,11,Aysén,CEYS,empresas_constituidas,unidades,False,72.0,1130.0
2023-05-01,11,Aysén,CEYS,empresas_constituidas,unidades,False,91.0,1120.0
2023-06-01,11,Aysén,CEYS,empresas_constituidas,unidades,False,76.0,1105.0
2023-07-01,11,Aysén,CEYS,empresas_constituidas,unidades,False,115.0,1137.0
2023-08-01,11,Aysén,CEYS,empresas_constituidas,unidades,False,122.0,1158.0
2023-09-01,11,Aysén,CEYS,empresas_constituidas,unidades,False,135.0,1173.0
2023-10-01,11,Aysén,CEYS,empresas_constituidas,unidades,False,89.0,1150.0
2023-11-01,11,Aysén,CEYS,empresas_constituidas,unidades,False,96.0,1142.0
2023-12-01,11,Aysén,CEYS,empresas_constituidas,unidades,False,70.0,1140.0
2024-01-01,11,Aysén,CEYS,empresas_constituidas,unidades,False,95.0,1140.0
2024-02-01,11,Aysén,CEYS,empresas_constituidas,unidades,False,82.0,1146.0
2024-03-01,11,Aysén,CEYS,empresas_constituidas,unidades,False,86.0,1129.0
2024-04-01,11,Aysén,CEYS,empresas_constituidas,unidades,False,298.0,1355.0
2024-05-01,11,Aysén,CEYS,empresas_constituidas,unidades,False,101.0,1365.0
2024-06-01,11,Aysén,CEYS,empresas_constituidas,unidades,False,72.0,1361.0
2024-07-01,11,Aysén,CEYS,empresas_constituidas,unidades,False,95.0,1341.0
2024-08-01,11,Aysén,CEYS,empresas_constituidas,unidades,False,105.0,1324.0
2024-09-01,11,Aysén,CEYS,empresas_constituidas,unidades,False,119.0,1308.0
2024-10-01,11,Aysén,CEYS,empresas_constituidas,unidades,False,152.0,1371.0
2024-11-01,11,Aysén,CEYS,empresas_constituidas,unidades,False,143.0,1418.0
2024-12-01,11,Aysén,CEYS,empresas_constituidas,unidades,False,78.0,1426.0
2025-01-01,11,Aysén,CEYS,empresas_constituidas,unidades,False,128.0,1459.0
2025-02-01,11,Aysén,CEYS,empresas_constituidas,unidades,False,98.0,1475.0
2025-03-01,11,Aysén,CEYS,empresas_constituidas,unidades,False,109.0,1498.0
2025-04-01,11,Aysén,CEYS,empresas_constituidas,unidades,False,90.0,1290.0
2025-05-01,11,Aysén,CEYS,empresas_constituidas,unidades,False,111.0,1300.0
2025-06-01,11,Aysén,CEYS,empresas_constituidas,unidades,False,98.0,1326.0
2025-07-01,11,Aysén,CEYS,empresas_constituidas,unidades,False,116.0,1347.0
2025-08-01,11,Aysén,CEYS,empresas_constituidas,unidades,False,143.0,1385.0
2025-09-01,11,Aysén,CEYS,empresas_constituidas,unidades,False,173.0,1439.0
2025-10-01,11,Aysén,CEYS,empresas_constituidas,unidades,False,117.0,1404.0
2025-11-01,11,Aysén,CEYS,empresas_constituidas,unidades,False,152.0,1413.0
2025-12-01,11,Aysén,CEYS,empresas_constituidas,unidades,False,98.0,1433.0
2026-01-01,11,Aysén,CEYS,empresas_constituidas,unidades,False,129.0,1434.0
2026-02-01,11,Aysén,CEYS,empresas_constituidas,unidades,False,130.0,1466.0
2026-03-01,11,Aysén,CEYS,empresas_constituidas,unidades,False,111.0,1468.0
2026-04-01,11,Aysén,CEYS,empresas_constituidas,unidades,False,116.0,1494.0
2026-05-01,11,Aysén,CEYS,empresas_constituidas,unidades,False,105.0,1488.0
2026-06-01,11,Aysén,CEYS,empresas_constituidas,unidades,False,112.0,1502.0
2013-05-01,12,Magallanes,CEYS,empresas_constituidas,unidades,False,11.0,
2013-06-01,12,Magallanes,CEYS,empresas_constituidas,unidades,False,22.0,
2013-07-01,12,Magallanes,CEYS,empresas_constituidas,unidades,False,34.0,
2013-08-01,12,Magallanes,CEYS,empresas_constituidas,unidades,False,27.0,
2013-09-01,12,Magallanes,CEYS,empresas_constituidas,unidades,False,18.0,
2013-10-01,12,Magallanes,CEYS,empresas_constituidas,unidades,False,36.0,
2013-11-01,12,Magallanes,CEYS,empresas_constituidas,unidades,False,38.0,
2013-12-01,12,Magallanes,CEYS,empresas_constituidas,unidades,False,29.0,
2014-01-01,12,Magallanes,CEYS,empresas_constituidas,unidades,False,42.0,
2014-02-01,12,Magallanes,CEYS,empresas_constituidas,unidades,False,29.0,
2014-03-01,12,Magallanes,CEYS,empresas_constituidas,unidades,False,48.0,
2014-04-01,12,Magallanes,CEYS,empresas_constituidas,unidades,False,55.0,389.0
2014-05-01,12,Magallanes,CEYS,empresas_constituidas,unidades,False,53.0,431.0
2014-06-01,12,Magallanes,CEYS,empresas_constituidas,unidades,False,67.0,476.0
2014-07-01,12,Magallanes,CEYS,empresas_constituidas,unidades,False,69.0,511.0
2014-08-01,12,Magallanes,CEYS,empresas_constituidas,unidades,False,48.0,532.0
2014-09-01,12,Magallanes,CEYS,empresas_constituidas,unidades,False,50.0,564.0
2014-10-01,12,Magallanes,CEYS,empresas_constituidas,unidades,False,81.0,609.0
2014-11-01,12,Magallanes,CEYS,empresas_constituidas,unidades,False,55.0,626.0
2014-12-01,12,Magallanes,CEYS,empresas_constituidas,unidades,False,52.0,649.0
2015-01-01,12,Magallanes,CEYS,empresas_constituidas,unidades,False,57.0,664.0
2015-02-01,12,Magallanes,CEYS,empresas_constituidas,unidades,False,44.0,679.0
2015-03-01,12,Magallanes,CEYS,empresas_constituidas,unidades,False,83.0,714.0
2015-04-01,12,Magallanes,CEYS,empresas_constituidas,unidades,False,54.0,713.0
2015-05-01,12,Magallanes,CEYS,empresas_constituidas,unidades,False,48.0,708.0
2015-06-01,12,Magallanes,CEYS,empresas_constituidas,unidades,False,61.0,702.0
2015-07-01,12,Magallanes,CEYS,empresas_constituidas,unidades,False,60.0,693.0
2015-08-01,12,Magallanes,CEYS,empresas_constituidas,unidades,False,68.0,713.0
2015-09-01,12,Magallanes,CEYS,empresas_constituidas,unidades,False,67.0,730.0
2015-10-01,12,Magallanes,CEYS,empresas_constituidas,unidades,False,70.0,719.0
2015-11-01,12,Magallanes,CEYS,empresas_constituidas,unidades,False,48.0,712.0
2015-12-01,12,Magallanes,CEYS,empresas_constituidas,unidades,False,66.0,726.0
2016-01-01,12,Magallanes,CEYS,empresas_constituidas,unidades,False,61.0,730.0
2016-02-01,12,Magallanes,CEYS,empresas_constituidas,unidades,False,59.0,745.0
2016-03-01,12,Magallanes,CEYS,empresas_constituidas,unidades,False,72.0,734.0
2016-04-01,12,Magallanes,CEYS,empresas_constituidas,unidades,False,62.0,742.0
2016-05-01,12,Magallanes,CEYS,empresas_constituidas,unidades,False,87.0,781.0
2016-06-01,12,Magallanes,CEYS,empresas_constituidas,unidades,False,72.0,792.0
2016-07-01,12,Magallanes,CEYS,empresas_constituidas,unidades,False,81.0,813.0
2016-08-01,12,Magallanes,CEYS,empresas_constituidas,unidades,False,82.0,827.0
2016-09-01,12,Magallanes,CEYS,empresas_constituidas,unidades,False,90.0,850.0
2016-10-01,12,Magallanes,CEYS,empresas_constituidas,unidades,False,88.0,868.0
2016-11-01,12,Magallanes,CEYS,empresas_constituidas,unidades,False,84.0,904.0
2016-12-01,12,Magallanes,CEYS,empresas_constituidas,unidades,False,72.0,910.0
2017-01-01,12,Magallanes,CEYS,empresas_constituidas,unidades,False,88.0,937.0
2017-02-01,12,Magallanes,CEYS,empresas_constituidas,unidades,False,66.0,944.0
2017-03-01,12,Magallanes,CEYS,empresas_constituidas,unidades,False,80.0,952.0
2017-04-01,12,Magallanes,CEYS,empresas_constituidas,unidades,False,56.0,946.0
2017-05-01,12,Magallanes,CEYS,empresas_constituidas,unidades,False,78.0,937.0
2017-06-01,12,Magallanes,CEYS,empresas_constituidas,unidades,False,97.0,962.0
2017-07-01,12,Magallanes,CEYS,empresas_constituidas,unidades,False,69.0,950.0
2017-08-01,12,Magallanes,CEYS,empresas_constituidas,unidades,False,161.0,1029.0
2017-09-01,12,Magallanes,CEYS,empresas_constituidas,unidades,False,74.0,1013.0
2017-10-01,12,Magallanes,CEYS,empresas_constituidas,unidades,False,82.0,1007.0
2017-11-01,12,Magallanes,CEYS,empresas_constituidas,unidades,False,97.0,1020.0
2017-12-01,12,Magallanes,CEYS,empresas_constituidas,unidades,False,80.0,1028.0
2018-01-01,12,Magallanes,CEYS,empresas_constituidas,unidades,False,103.0,1043.0
2018-02-01,12,Magallanes,CEYS,empresas_constituidas,unidades,False,86.0,1063.0
2018-03-01,12,Magallanes,CEYS,empresas_constituidas,unidades,False,90.0,1073.0
2018-04-01,12,Magallanes,CEYS,empresas_constituidas,unidades,False,78.0,1095.0
2018-05-01,12,Magallanes,CEYS,empresas_constituidas,unidades,False,106.0,1123.0
2018-06-01,12,Magallanes,CEYS,empresas_constituidas,unidades,False,93.0,1119.0
2018-07-01,12,Magallanes,CEYS,empresas_constituidas,unidades,False,128.0,1178.0
2018-08-01,12,Magallanes,CEYS,empresas_constituidas,unidades,False,115.0,1132.0
2018-09-01,12,Magallanes,CEYS,empresas_constituidas,unidades,False,85.0,1143.0
2018-10-01,12,Magallanes,CEYS,empresas_constituidas,unidades,False,117.0,1178.0
2018-11-01,12,Magallanes,CEYS,empresas_constituidas,unidades,False,102.0,1183.0
2018-12-01,12,Magallanes,CEYS,empresas_constituidas,unidades,False,86.0,1189.0
2019-01-01,12,Magallanes,CEYS,empresas_constituidas,unidades,False,109.0,1195.0
2019-02-01,12,Magallanes,CEYS,empresas_constituidas,unidades,False,80.0,1189.0
2019-03-01,12,Magallanes,CEYS,empresas_constituidas,unidades,False,89.0,1188.0
2019-04-01,12,Magallanes,CEYS,empresas_constituidas,unidades,False,111.0,1221.0
2019-05-01,12,Magallanes,CEYS,empresas_constituidas,unidades,False,96.0,1211.0
2019-06-01,12,Magallanes,CEYS,empresas_constituidas,unidades,False,97.0,1215.0
2019-07-01,12,Magallanes,CEYS,empresas_constituidas,unidades,False,118.0,1205.0
2019-08-01,12,Magallanes,CEYS,empresas_constituidas,unidades,False,149.0,1239.0
2019-09-01,12,Magallanes,CEYS,empresas_constituidas,unidades,False,131.0,1285.0
2019-10-01,12,Magallanes,CEYS,empresas_constituidas,unidades,False,118.0,1286.0
2019-11-01,12,Magallanes,CEYS,empresas_constituidas,unidades,False,93.0,1277.0
2019-12-01,12,Magallanes,CEYS,empresas_constituidas,unidades,False,89.0,1280.0
2020-01-01,12,Magallanes,CEYS,empresas_constituidas,unidades,False,123.0,1294.0
2020-02-01,12,Magallanes,CEYS,empresas_constituidas,unidades,False,105.0,1319.0
2020-03-01,12,Magallanes,CEYS,empresas_constituidas,unidades,False,81.0,1311.0
2020-04-01,12,Magallanes,CEYS,empresas_constituidas,unidades,False,53.0,1253.0
2020-05-01,12,Magallanes,CEYS,empresas_constituidas,unidades,False,128.0,1285.0
2020-06-01,12,Magallanes,CEYS,empresas_constituidas,unidades,False,131.0,1319.0
2020-07-01,12,Magallanes,CEYS,empresas_constituidas,unidades,False,154.0,1355.0
2020-08-01,12,Magallanes,CEYS,empresas_constituidas,unidades,False,138.0,1344.0
2020-09-01,12,Magallanes,CEYS,empresas_constituidas,unidades,False,150.0,1363.0
2020-10-01,12,Magallanes,CEYS,empresas_constituidas,unidades,False,175.0,1420.0
2020-11-01,12,Magallanes,CEYS,empresas_constituidas,unidades,False,149.0,1476.0
2020-12-01,12,Magallanes,CEYS,empresas_constituidas,unidades,False,115.0,1502.0
2021-01-01,12,Magallanes,CEYS,empresas_constituidas,unidades,False,125.0,1504.0
2021-02-01,12,Magallanes,CEYS,empresas_constituidas,unidades,False,130.0,1529.0
2021-03-01,12,Magallanes,CEYS,empresas_constituidas,unidades,False,148.0,1596.0
2021-04-01,12,Magallanes,CEYS,empresas_constituidas,unidades,False,118.0,1661.0
2021-05-01,12,Magallanes,CEYS,empresas_constituidas,unidades,False,141.0,1674.0
2021-06-01,12,Magallanes,CEYS,empresas_constituidas,unidades,False,198.0,1741.0
2021-07-01,12,Magallanes,CEYS,empresas_constituidas,unidades,False,158.0,1745.0
2021-08-01,12,Magallanes,CEYS,empresas_constituidas,unidades,False,217.0,1824.0
2021-09-01,12,Magallanes,CEYS,empresas_constituidas,unidades,False,321.0,1995.0
2021-10-01,12,Magallanes,CEYS,empresas_constituidas,unidades,False,193.0,2013.0
2021-11-01,12,Magallanes,CEYS,empresas_constituidas,unidades,False,165.0,2029.0
2021-12-01,12,Magallanes,CEYS,empresas_constituidas,unidades,False,132.0,2046.0
2022-01-01,12,Magallanes,CEYS,empresas_constituidas,unidades,False,110.0,2031.0
2022-02-01,12,Magallanes,CEYS,empresas_constituidas,unidades,False,135.0,2036.0
2022-03-01,12,Magallanes,CEYS,empresas_constituidas,unidades,False,118.0,2006.0
2022-04-01,12,Magallanes,CEYS,empresas_constituidas,unidades,False,108.0,1996.0
2022-05-01,12,Magallanes,CEYS,empresas_constituidas,unidades,False,136.0,1991.0
2022-06-01,12,Magallanes,CEYS,empresas_constituidas,unidades,False,108.0,1901.0
2022-07-01,12,Magallanes,CEYS,empresas_constituidas,unidades,False,108.0,1851.0
2022-08-01,12,Magallanes,CEYS,empresas_constituidas,unidades,False,180.0,1814.0
2022-09-01,12,Magallanes,CEYS,empresas_constituidas,unidades,False,132.0,1625.0
2022-10-01,12,Magallanes,CEYS,empresas_constituidas,unidades,False,124.0,1556.0
2022-11-01,12,Magallanes,CEYS,empresas_constituidas,unidades,False,114.0,1505.0
2022-12-01,12,Magallanes,CEYS,empresas_constituidas,unidades,False,113.0,1486.0
2023-01-01,12,Magallanes,CEYS,empresas_constituidas,unidades,False,131.0,1507.0
2023-02-01,12,Magallanes,CEYS,empresas_constituidas,unidades,False,93.0,1465.0
2023-03-01,12,Magallanes,CEYS,empresas_constituidas,unidades,False,125.0,1472.0
2023-04-01,12,Magallanes,CEYS,empresas_constituidas,unidades,False,119.0,1483.0
2023-05-01,12,Magallanes,CEYS,empresas_constituidas,unidades,False,135.0,1482.0
2023-06-01,12,Magallanes,CEYS,empresas_constituidas,unidades,False,132.0,1506.0
2023-07-01,12,Magallanes,CEYS,empresas_constituidas,unidades,False,146.0,1544.0
2023-08-01,12,Magallanes,CEYS,empresas_constituidas,unidades,False,160.0,1524.0
2023-09-01,12,Magallanes,CEYS,empresas_constituidas,unidades,False,136.0,1528.0
2023-10-01,12,Magallanes,CEYS,empresas_constituidas,unidades,False,112.0,1516.0
2023-11-01,12,Magallanes,CEYS,empresas_constituidas,unidades,False,113.0,1515.0
2023-12-01,12,Magallanes,CEYS,empresas_constituidas,unidades,False,76.0,1478.0
2024-01-01,12,Magallanes,CEYS,empresas_constituidas,unidades,False,133.0,1480.0
2024-02-01,12,Magallanes,CEYS,empresas_constituidas,unidades,False,102.0,1489.0
2024-03-01,12,Magallanes,CEYS,empresas_constituidas,unidades,False,109.0,1473.0
2024-04-01,12,Magallanes,CEYS,empresas_constituidas,unidades,False,119.0,1473.0
2024-05-01,12,Magallanes,CEYS,empresas_constituidas,unidades,False,117.0,1455.0
2024-06-01,12,Magallanes,CEYS,empresas_constituidas,unidades,False,115.0,1438.0
2024-07-01,12,Magallanes,CEYS,empresas_constituidas,unidades,False,113.0,1405.0
2024-08-01,12,Magallanes,CEYS,empresas_constituidas,unidades,False,159.0,1404.0
2024-09-01,12,Magallanes,CEYS,empresas_constituidas,unidades,False,178.0,1446.0
2024-10-01,12,Magallanes,CEYS,empresas_constituidas,unidades,False,145.0,1479.0
2024-11-01,12,Magallanes,CEYS,empresas_constituidas,unidades,False,166.0,1532.0
2024-12-01,12,Magallanes,CEYS,empresas_constituidas,unidades,False,123.0,1579.0
2025-01-01,12,Magallanes,CEYS,empresas_constituidas,unidades,False,173.0,1619.0
2025-02-01,12,Magallanes,CEYS,empresas_constituidas,unidades,False,126.0,1643.0
2025-03-01,12,Magallanes,CEYS,empresas_constituidas,unidades,False,159.0,1693.0
2025-04-01,12,Magallanes,CEYS,empresas_constituidas,unidades,False,148.0,1722.0
2025-05-01,12,Magallanes,CEYS,empresas_constituidas,unidades,False,149.0,1754.0
2025-06-01,12,Magallanes,CEYS,empresas_constituidas,unidades,False,158.0,1797.0
2025-07-01,12,Magallanes,CEYS,empresas_constituidas,unidades,False,173.0,1857.0
2025-08-01,12,Magallanes,CEYS,empresas_constituidas,unidades,False,177.0,1875.0
2025-09-01,12,Magallanes,CEYS,empresas_constituidas,unidades,False,176.0,1873.0
2025-10-01,12,Magallanes,CEYS,empresas_constituidas,unidades,False,218.0,1946.0
2025-11-01,12,Magallanes,CEYS,empresas_constituidas,unidades,False,170.0,1950.0
2025-12-01,12,Magallanes,CEYS,empresas_constituidas,unidades,False,134.0,1961.0
2026-01-01,12,Magallanes,CEYS,empresas_constituidas,unidades,False,153.0,1941.0
2026-02-01,12,Magallanes,CEYS,empresas_constituidas,unidades,False,148.0,1963.0
2026-03-01,12,Magallanes,CEYS,empresas_constituidas,unidades,False,194.0,1998.0
2026-04-01,12,Magallanes,CEYS,empresas_constituidas,unidades,False,179.0,2029.0
2026-05-01,12,Magallanes,CEYS,empresas_constituidas,unidades,False,161.0,2041.0
2026-06-01,12,Magallanes,CEYS,empresas_constituidas,unidades,False,161.0,2044.0
2013-05-01,13,Metropolitana de Santiago,CEYS,empresas_constituidas,unidades,False,1004.0,
2013-06-01,13,Metropolitana de Santiago,CEYS,empresas_constituidas,unidades,False,1131.0,
2013-07-01,13,Metropolitana de Santiago,CEYS,empresas_constituidas,unidades,False,1266.0,
2013-08-01,13,Metropolitana de Santiago,CEYS,empresas_constituidas,unidades,False,1189.0,
2013-09-01,13,Metropolitana de Santiago,CEYS,empresas_constituidas,unidades,False,780.0,
2013-10-01,13,Metropolitana de Santiago,CEYS,empresas_constituidas,unidades,False,1787.0,
2013-11-01,13,Metropolitana de Santiago,CEYS,empresas_constituidas,unidades,False,1787.0,
2013-12-01,13,Metropolitana de Santiago,CEYS,empresas_constituidas,unidades,False,1445.0,
2014-01-01,13,Metropolitana de Santiago,CEYS,empresas_constituidas,unidades,False,1689.0,
2014-02-01,13,Metropolitana de Santiago,CEYS,empresas_constituidas,unidades,False,1491.0,
2014-03-01,13,Metropolitana de Santiago,CEYS,empresas_constituidas,unidades,False,1960.0,
2014-04-01,13,Metropolitana de Santiago,CEYS,empresas_constituidas,unidades,False,1803.0,17332.0
2014-05-01,13,Metropolitana de Santiago,CEYS,empresas_constituidas,unidades,False,1842.0,18170.0
2014-06-01,13,Metropolitana de Santiago,CEYS,empresas_constituidas,unidades,False,1638.0,18677.0
2014-07-01,13,Metropolitana de Santiago,CEYS,empresas_constituidas,unidades,False,2245.0,19656.0
2014-08-01,13,Metropolitana de Santiago,CEYS,empresas_constituidas,unidades,False,2367.0,20834.0
2014-09-01,13,Metropolitana de Santiago,CEYS,empresas_constituidas,unidades,False,2191.0,22245.0
2014-10-01,13,Metropolitana de Santiago,CEYS,empresas_constituidas,unidades,False,2483.0,22941.0
2014-11-01,13,Metropolitana de Santiago,CEYS,empresas_constituidas,unidades,False,2226.0,23380.0
2014-12-01,13,Metropolitana de Santiago,CEYS,empresas_constituidas,unidades,False,1943.0,23878.0
2015-01-01,13,Metropolitana de Santiago,CEYS,empresas_constituidas,unidades,False,2328.0,24517.0
2015-02-01,13,Metropolitana de Santiago,CEYS,empresas_constituidas,unidades,False,2093.0,25119.0
2015-03-01,13,Metropolitana de Santiago,CEYS,empresas_constituidas,unidades,False,2657.0,25816.0
2015-04-01,13,Metropolitana de Santiago,CEYS,empresas_constituidas,unidades,False,2591.0,26604.0
2015-05-01,13,Metropolitana de Santiago,CEYS,empresas_constituidas,unidades,False,2475.0,27237.0
2015-06-01,13,Metropolitana de Santiago,CEYS,empresas_constituidas,unidades,False,2568.0,28167.0
2015-07-01,13,Metropolitana de Santiago,CEYS,empresas_constituidas,unidades,False,2789.0,28711.0
2015-08-01,13,Metropolitana de Santiago,CEYS,empresas_constituidas,unidades,False,2403.0,28747.0
2015-09-01,13,Metropolitana de Santiago,CEYS,empresas_constituidas,unidades,False,2805.0,29361.0
2015-10-01,13,Metropolitana de Santiago,CEYS,empresas_constituidas,unidades,False,2897.0,29775.0
2015-11-01,13,Metropolitana de Santiago,CEYS,empresas_constituidas,unidades,False,2572.0,30121.0
2015-12-01,13,Metropolitana de Santiago,CEYS,empresas_constituidas,unidades,False,2337.0,30515.0
2016-01-01,13,Metropolitana de Santiago,CEYS,empresas_constituidas,unidades,False,2709.0,30896.0
2016-02-01,13,Metropolitana de Santiago,CEYS,empresas_constituidas,unidades,False,2564.0,31367.0
2016-03-01,13,Metropolitana de Santiago,CEYS,empresas_constituidas,unidades,False,3183.0,31893.0
2016-04-01,13,Metropolitana de Santiago,CEYS,empresas_constituidas,unidades,False,2865.0,32167.0
2016-05-01,13,Metropolitana de Santiago,CEYS,empresas_constituidas,unidades,False,3327.0,33019.0
2016-06-01,13,Metropolitana de Santiago,CEYS,empresas_constituidas,unidades,False,3097.0,33548.0
2016-07-01,13,Metropolitana de Santiago,CEYS,empresas_constituidas,unidades,False,3046.0,33805.0
2016-08-01,13,Metropolitana de Santiago,CEYS,empresas_constituidas,unidades,False,3611.0,35013.0
2016-09-01,13,Metropolitana de Santiago,CEYS,empresas_constituidas,unidades,False,2772.0,34980.0
2016-10-01,13,Metropolitana de Santiago,CEYS,empresas_constituidas,unidades,False,2837.0,34920.0
2016-11-01,13,Metropolitana de Santiago,CEYS,empresas_constituidas,unidades,False,2602.0,34950.0
2016-12-01,13,Metropolitana de Santiago,CEYS,empresas_constituidas,unidades,False,2540.0,35153.0
2017-01-01,13,Metropolitana de Santiago,CEYS,empresas_constituidas,unidades,False,2975.0,35419.0
2017-02-01,13,Metropolitana de Santiago,CEYS,empresas_constituidas,unidades,False,2638.0,35493.0
2017-03-01,13,Metropolitana de Santiago,CEYS,empresas_constituidas,unidades,False,3539.0,35849.0
2017-04-01,13,Metropolitana de Santiago,CEYS,empresas_constituidas,unidades,False,2892.0,35876.0
2017-05-01,13,Metropolitana de Santiago,CEYS,empresas_constituidas,unidades,False,3634.0,36183.0
2017-06-01,13,Metropolitana de Santiago,CEYS,empresas_constituidas,unidades,False,3317.0,36403.0
2017-07-01,13,Metropolitana de Santiago,CEYS,empresas_constituidas,unidades,False,3391.0,36748.0
2017-08-01,13,Metropolitana de Santiago,CEYS,empresas_constituidas,unidades,False,4217.0,37354.0
2017-09-01,13,Metropolitana de Santiago,CEYS,empresas_constituidas,unidades,False,3091.0,37673.0
2017-10-01,13,Metropolitana de Santiago,CEYS,empresas_constituidas,unidades,False,3607.0,38443.0
2017-11-01,13,Metropolitana de Santiago,CEYS,empresas_constituidas,unidades,False,3711.0,39552.0
2017-12-01,13,Metropolitana de Santiago,CEYS,empresas_constituidas,unidades,False,2704.0,39716.0
2018-01-01,13,Metropolitana de Santiago,CEYS,empresas_constituidas,unidades,False,3644.0,40385.0
2018-02-01,13,Metropolitana de Santiago,CEYS,empresas_constituidas,unidades,False,3218.0,40965.0
2018-03-01,13,Metropolitana de Santiago,CEYS,empresas_constituidas,unidades,False,3643.0,41069.0
2018-04-01,13,Metropolitana de Santiago,CEYS,empresas_constituidas,unidades,False,3874.0,42051.0
2018-05-01,13,Metropolitana de Santiago,CEYS,empresas_constituidas,unidades,False,3856.0,42273.0
2018-06-01,13,Metropolitana de Santiago,CEYS,empresas_constituidas,unidades,False,4174.0,43130.0
2018-07-01,13,Metropolitana de Santiago,CEYS,empresas_constituidas,unidades,False,4196.0,43935.0
2018-08-01,13,Metropolitana de Santiago,CEYS,empresas_constituidas,unidades,False,4787.0,44505.0
2018-09-01,13,Metropolitana de Santiago,CEYS,empresas_constituidas,unidades,False,3299.0,44713.0
2018-10-01,13,Metropolitana de Santiago,CEYS,empresas_constituidas,unidades,False,4875.0,45981.0
2018-11-01,13,Metropolitana de Santiago,CEYS,empresas_constituidas,unidades,False,4138.0,46408.0
2018-12-01,13,Metropolitana de Santiago,CEYS,empresas_constituidas,unidades,False,3385.0,47089.0
2019-01-01,13,Metropolitana de Santiago,CEYS,empresas_constituidas,unidades,False,4499.0,47944.0
2019-02-01,13,Metropolitana de Santiago,CEYS,empresas_constituidas,unidades,False,3670.0,48396.0
2019-03-01,13,Metropolitana de Santiago,CEYS,empresas_constituidas,unidades,False,4629.0,49382.0
2019-04-01,13,Metropolitana de Santiago,CEYS,empresas_constituidas,unidades,False,4573.0,50081.0
2019-05-01,13,Metropolitana de Santiago,CEYS,empresas_constituidas,unidades,False,4497.0,50722.0
2019-06-01,13,Metropolitana de Santiago,CEYS,empresas_constituidas,unidades,False,4234.0,50782.0
2019-07-01,13,Metropolitana de Santiago,CEYS,empresas_constituidas,unidades,False,4698.0,51284.0
2019-08-01,13,Metropolitana de Santiago,CEYS,empresas_constituidas,unidades,False,5066.0,51563.0
2019-09-01,13,Metropolitana de Santiago,CEYS,empresas_constituidas,unidades,False,3870.0,52134.0
2019-10-01,13,Metropolitana de Santiago,CEYS,empresas_constituidas,unidades,False,3862.0,51121.0
2019-11-01,13,Metropolitana de Santiago,CEYS,empresas_constituidas,unidades,False,3270.0,50253.0
2019-12-01,13,Metropolitana de Santiago,CEYS,empresas_constituidas,unidades,False,3196.0,50064.0
2020-01-01,13,Metropolitana de Santiago,CEYS,empresas_constituidas,unidades,False,4285.0,49850.0
2020-02-01,13,Metropolitana de Santiago,CEYS,empresas_constituidas,unidades,False,3719.0,49899.0
2020-03-01,13,Metropolitana de Santiago,CEYS,empresas_constituidas,unidades,False,3236.0,48506.0
2020-04-01,13,Metropolitana de Santiago,CEYS,empresas_constituidas,unidades,False,3115.0,47048.0
2020-05-01,13,Metropolitana de Santiago,CEYS,empresas_constituidas,unidades,False,4923.0,47474.0
2020-06-01,13,Metropolitana de Santiago,CEYS,empresas_constituidas,unidades,False,5567.0,48807.0
2020-07-01,13,Metropolitana de Santiago,CEYS,empresas_constituidas,unidades,False,6300.0,50409.0
2020-08-01,13,Metropolitana de Santiago,CEYS,empresas_constituidas,unidades,False,6763.0,52106.0
2020-09-01,13,Metropolitana de Santiago,CEYS,empresas_constituidas,unidades,False,6849.0,55085.0
2020-10-01,13,Metropolitana de Santiago,CEYS,empresas_constituidas,unidades,False,6995.0,58218.0
2020-11-01,13,Metropolitana de Santiago,CEYS,empresas_constituidas,unidades,False,6392.0,61340.0
2020-12-01,13,Metropolitana de Santiago,CEYS,empresas_constituidas,unidades,False,4962.0,63106.0
2021-01-01,13,Metropolitana de Santiago,CEYS,empresas_constituidas,unidades,False,6134.0,64955.0
2021-02-01,13,Metropolitana de Santiago,CEYS,empresas_constituidas,unidades,False,5929.0,67165.0
2021-03-01,13,Metropolitana de Santiago,CEYS,empresas_constituidas,unidades,False,7463.0,71392.0
2021-04-01,13,Metropolitana de Santiago,CEYS,empresas_constituidas,unidades,False,6647.0,74924.0
2021-05-01,13,Metropolitana de Santiago,CEYS,empresas_constituidas,unidades,False,6378.0,76379.0
2021-06-01,13,Metropolitana de Santiago,CEYS,empresas_constituidas,unidades,False,7082.0,77894.0
2021-07-01,13,Metropolitana de Santiago,CEYS,empresas_constituidas,unidades,False,6807.0,78401.0
2021-08-01,13,Metropolitana de Santiago,CEYS,empresas_constituidas,unidades,False,7183.0,78821.0
2021-09-01,13,Metropolitana de Santiago,CEYS,empresas_constituidas,unidades,False,6211.0,78183.0
2021-10-01,13,Metropolitana de Santiago,CEYS,empresas_constituidas,unidades,False,7258.0,78446.0
2021-11-01,13,Metropolitana de Santiago,CEYS,empresas_constituidas,unidades,False,5924.0,77978.0
2021-12-01,13,Metropolitana de Santiago,CEYS,empresas_constituidas,unidades,False,4463.0,77479.0
2022-01-01,13,Metropolitana de Santiago,CEYS,empresas_constituidas,unidades,False,5673.0,77018.0
2022-02-01,13,Metropolitana de Santiago,CEYS,empresas_constituidas,unidades,False,4920.0,76009.0
2022-03-01,13,Metropolitana de Santiago,CEYS,empresas_constituidas,unidades,False,6422.0,74968.0
2022-04-01,13,Metropolitana de Santiago,CEYS,empresas_constituidas,unidades,False,5280.0,73601.0
2022-05-01,13,Metropolitana de Santiago,CEYS,empresas_constituidas,unidades,False,5755.0,72978.0
2022-06-01,13,Metropolitana de Santiago,CEYS,empresas_constituidas,unidades,False,5119.0,71015.0
2022-07-01,13,Metropolitana de Santiago,CEYS,empresas_constituidas,unidades,False,5107.0,69315.0
2022-08-01,13,Metropolitana de Santiago,CEYS,empresas_constituidas,unidades,False,6298.0,68430.0
2022-09-01,13,Metropolitana de Santiago,CEYS,empresas_constituidas,unidades,False,5024.0,67243.0
2022-10-01,13,Metropolitana de Santiago,CEYS,empresas_constituidas,unidades,False,5084.0,65069.0
2022-11-01,13,Metropolitana de Santiago,CEYS,empresas_constituidas,unidades,False,5429.0,64574.0
2022-12-01,13,Metropolitana de Santiago,CEYS,empresas_constituidas,unidades,False,4876.0,64987.0
2023-01-01,13,Metropolitana de Santiago,CEYS,empresas_constituidas,unidades,False,5749.0,65063.0
2023-02-01,13,Metropolitana de Santiago,CEYS,empresas_constituidas,unidades,False,4935.0,65078.0
2023-03-01,13,Metropolitana de Santiago,CEYS,empresas_constituidas,unidades,False,6220.0,64876.0
2023-04-01,13,Metropolitana de Santiago,CEYS,empresas_constituidas,unidades,False,5201.0,64797.0
2023-05-01,13,Metropolitana de Santiago,CEYS,empresas_constituidas,unidades,False,6133.0,65175.0
2023-06-01,13,Metropolitana de Santiago,CEYS,empresas_constituidas,unidades,False,5466.0,65522.0
2023-07-01,13,Metropolitana de Santiago,CEYS,empresas_constituidas,unidades,False,6035.0,66450.0
2023-08-01,13,Metropolitana de Santiago,CEYS,empresas_constituidas,unidades,False,6311.0,66463.0
2023-09-01,13,Metropolitana de Santiago,CEYS,empresas_constituidas,unidades,False,5273.0,66712.0
2023-10-01,13,Metropolitana de Santiago,CEYS,empresas_constituidas,unidades,False,5340.0,66968.0
2023-11-01,13,Metropolitana de Santiago,CEYS,empresas_constituidas,unidades,False,5476.0,67015.0
2023-12-01,13,Metropolitana de Santiago,CEYS,empresas_constituidas,unidades,False,4289.0,66428.0
2024-01-01,13,Metropolitana de Santiago,CEYS,empresas_constituidas,unidades,False,6022.0,66701.0
2024-02-01,13,Metropolitana de Santiago,CEYS,empresas_constituidas,unidades,False,5225.0,66991.0
2024-03-01,13,Metropolitana de Santiago,CEYS,empresas_constituidas,unidades,False,5758.0,66529.0
2024-04-01,13,Metropolitana de Santiago,CEYS,empresas_constituidas,unidades,False,5951.0,67279.0
2024-05-01,13,Metropolitana de Santiago,CEYS,empresas_constituidas,unidades,False,5819.0,66965.0
2024-06-01,13,Metropolitana de Santiago,CEYS,empresas_constituidas,unidades,False,5271.0,66770.0
2024-07-01,13,Metropolitana de Santiago,CEYS,empresas_constituidas,unidades,False,6636.0,67371.0
2024-08-01,13,Metropolitana de Santiago,CEYS,empresas_constituidas,unidades,False,6659.0,67719.0
2024-09-01,13,Metropolitana de Santiago,CEYS,empresas_constituidas,unidades,False,5011.0,67457.0
2024-10-01,13,Metropolitana de Santiago,CEYS,empresas_constituidas,unidades,False,7913.0,70030.0
2024-11-01,13,Metropolitana de Santiago,CEYS,empresas_constituidas,unidades,False,7648.0,72202.0
2024-12-01,13,Metropolitana de Santiago,CEYS,empresas_constituidas,unidades,False,5740.0,73653.0
2025-01-01,13,Metropolitana de Santiago,CEYS,empresas_constituidas,unidades,False,7339.0,74970.0
2025-02-01,13,Metropolitana de Santiago,CEYS,empresas_constituidas,unidades,False,5934.0,75679.0
2025-03-01,13,Metropolitana de Santiago,CEYS,empresas_constituidas,unidades,False,7597.0,77518.0
2025-04-01,13,Metropolitana de Santiago,CEYS,empresas_constituidas,unidades,False,7219.0,78786.0
2025-05-01,13,Metropolitana de Santiago,CEYS,empresas_constituidas,unidades,False,7450.0,80417.0
2025-06-01,13,Metropolitana de Santiago,CEYS,empresas_constituidas,unidades,False,7253.0,82399.0
2025-07-01,13,Metropolitana de Santiago,CEYS,empresas_constituidas,unidades,False,8656.0,84419.0
2025-08-01,13,Metropolitana de Santiago,CEYS,empresas_constituidas,unidades,False,8245.0,86005.0
2025-09-01,13,Metropolitana de Santiago,CEYS,empresas_constituidas,unidades,False,7316.0,88310.0
2025-10-01,13,Metropolitana de Santiago,CEYS,empresas_constituidas,unidades,False,8313.0,88710.0
2025-11-01,13,Metropolitana de Santiago,CEYS,empresas_constituidas,unidades,False,7988.0,89050.0
2025-12-01,13,Metropolitana de Santiago,CEYS,empresas_constituidas,unidades,False,6405.0,89715.0
2026-01-01,13,Metropolitana de Santiago,CEYS,empresas_constituidas,unidades,False,8172.0,90548.0
2026-02-01,13,Metropolitana de Santiago,CEYS,empresas_constituidas,unidades,False,7373.0,91987.0
2026-03-01,13,Metropolitana de Santiago,CEYS,empresas_constituidas,unidades,False,9056.0,93446.0
2026-04-01,13,Metropolitana de Santiago,CEYS,empresas_constituidas,unidades,False,8648.0,94875.0
2026-05-01,13,Metropolitana de Santiago,CEYS,empresas_constituidas,unidades,False,8352.0,95777.0
2026-06-01,13,Metropolitana de Santiago,CEYS,empresas_constituidas,unidades,False,8334.0,96858.0
2013-05-01,14,Los Ríos,CEYS,empresas_constituidas,unidades,False,20.0,
2013-06-01,14,Los Ríos,CEYS,empresas_constituidas,unidades,False,33.0,
2013-07-01,14,Los Ríos,CEYS,empresas_constituidas,unidades,False,28.0,
2013-08-01,14,Los Ríos,CEYS,empresas_constituidas,unidades,False,38.0,
2013-09-01,14,Los Ríos,CEYS,empresas_constituidas,unidades,False,38.0,
2013-10-01,14,Los Ríos,CEYS,empresas_constituidas,unidades,False,94.0,
2013-11-01,14,Los Ríos,CEYS,empresas_constituidas,unidades,False,74.0,
2013-12-01,14,Los Ríos,CEYS,empresas_constituidas,unidades,False,66.0,
2014-01-01,14,Los Ríos,CEYS,empresas_constituidas,unidades,False,94.0,
2014-02-01,14,Los Ríos,CEYS,empresas_constituidas,unidades,False,83.0,
2014-03-01,14,Los Ríos,CEYS,empresas_constituidas,unidades,False,76.0,
2014-04-01,14,Los Ríos,CEYS,empresas_constituidas,unidades,False,76.0,720.0
2014-05-01,14,Los Ríos,CEYS,empresas_constituidas,unidades,False,68.0,768.0
2014-06-01,14,Los Ríos,CEYS,empresas_constituidas,unidades,False,83.0,818.0
2014-07-01,14,Los Ríos,CEYS,empresas_constituidas,unidades,False,84.0,874.0
2014-08-01,14,Los Ríos,CEYS,empresas_constituidas,unidades,False,102.0,938.0
2014-09-01,14,Los Ríos,CEYS,empresas_constituidas,unidades,False,127.0,1027.0
2014-10-01,14,Los Ríos,CEYS,empresas_constituidas,unidades,False,118.0,1051.0
2014-11-01,14,Los Ríos,CEYS,empresas_constituidas,unidades,False,109.0,1086.0
2014-12-01,14,Los Ríos,CEYS,empresas_constituidas,unidades,False,68.0,1088.0
2015-01-01,14,Los Ríos,CEYS,empresas_constituidas,unidades,False,99.0,1093.0
2015-02-01,14,Los Ríos,CEYS,empresas_constituidas,unidades,False,85.0,1095.0
2015-03-01,14,Los Ríos,CEYS,empresas_constituidas,unidades,False,123.0,1142.0
2015-04-01,14,Los Ríos,CEYS,empresas_constituidas,unidades,False,88.0,1154.0
2015-05-01,14,Los Ríos,CEYS,empresas_constituidas,unidades,False,78.0,1164.0
2015-06-01,14,Los Ríos,CEYS,empresas_constituidas,unidades,False,111.0,1192.0
2015-07-01,14,Los Ríos,CEYS,empresas_constituidas,unidades,False,136.0,1244.0
2015-08-01,14,Los Ríos,CEYS,empresas_constituidas,unidades,False,107.0,1249.0
2015-09-01,14,Los Ríos,CEYS,empresas_constituidas,unidades,False,107.0,1229.0
2015-10-01,14,Los Ríos,CEYS,empresas_constituidas,unidades,False,157.0,1268.0
2015-11-01,14,Los Ríos,CEYS,empresas_constituidas,unidades,False,139.0,1298.0
2015-12-01,14,Los Ríos,CEYS,empresas_constituidas,unidades,False,100.0,1330.0
2016-01-01,14,Los Ríos,CEYS,empresas_constituidas,unidades,False,112.0,1343.0
2016-02-01,14,Los Ríos,CEYS,empresas_constituidas,unidades,False,109.0,1367.0
2016-03-01,14,Los Ríos,CEYS,empresas_constituidas,unidades,False,127.0,1371.0
2016-04-01,14,Los Ríos,CEYS,empresas_constituidas,unidades,False,92.0,1375.0
2016-05-01,14,Los Ríos,CEYS,empresas_constituidas,unidades,False,113.0,1410.0
2016-06-01,14,Los Ríos,CEYS,empresas_constituidas,unidades,False,135.0,1434.0
2016-07-01,14,Los Ríos,CEYS,empresas_constituidas,unidades,False,110.0,1408.0
2016-08-01,14,Los Ríos,CEYS,empresas_constituidas,unidades,False,133.0,1434.0
2016-09-01,14,Los Ríos,CEYS,empresas_constituidas,unidades,False,120.0,1447.0
2016-10-01,14,Los Ríos,CEYS,empresas_constituidas,unidades,False,117.0,1407.0
2016-11-01,14,Los Ríos,CEYS,empresas_constituidas,unidades,False,138.0,1406.0
2016-12-01,14,Los Ríos,CEYS,empresas_constituidas,unidades,False,98.0,1404.0
2017-01-01,14,Los Ríos,CEYS,empresas_constituidas,unidades,False,136.0,1428.0
2017-02-01,14,Los Ríos,CEYS,empresas_constituidas,unidades,False,121.0,1440.0
2017-03-01,14,Los Ríos,CEYS,empresas_constituidas,unidades,False,123.0,1436.0
2017-04-01,14,Los Ríos,CEYS,empresas_constituidas,unidades,False,110.0,1454.0
2017-05-01,14,Los Ríos,CEYS,empresas_constituidas,unidades,False,146.0,1487.0
2017-06-01,14,Los Ríos,CEYS,empresas_constituidas,unidades,False,165.0,1517.0
2017-07-01,14,Los Ríos,CEYS,empresas_constituidas,unidades,False,146.0,1553.0
2017-08-01,14,Los Ríos,CEYS,empresas_constituidas,unidades,False,180.0,1600.0
2017-09-01,14,Los Ríos,CEYS,empresas_constituidas,unidades,False,116.0,1596.0
2017-10-01,14,Los Ríos,CEYS,empresas_constituidas,unidades,False,204.0,1683.0
2017-11-01,14,Los Ríos,CEYS,empresas_constituidas,unidades,False,152.0,1697.0
2017-12-01,14,Los Ríos,CEYS,empresas_constituidas,unidades,False,118.0,1717.0
2018-01-01,14,Los Ríos,CEYS,empresas_constituidas,unidades,False,175.0,1756.0
2018-02-01,14,Los Ríos,CEYS,empresas_constituidas,unidades,False,132.0,1767.0
2018-03-01,14,Los Ríos,CEYS,empresas_constituidas,unidades,False,186.0,1830.0
2018-04-01,14,Los Ríos,CEYS,empresas_constituidas,unidades,False,133.0,1853.0
2018-05-01,14,Los Ríos,CEYS,empresas_constituidas,unidades,False,171.0,1878.0
2018-06-01,14,Los Ríos,CEYS,empresas_constituidas,unidades,False,152.0,1865.0
2018-07-01,14,Los Ríos,CEYS,empresas_constituidas,unidades,False,136.0,1855.0
2018-08-01,14,Los Ríos,CEYS,empresas_constituidas,unidades,False,187.0,1862.0
2018-09-01,14,Los Ríos,CEYS,empresas_constituidas,unidades,False,141.0,1887.0
2018-10-01,14,Los Ríos,CEYS,empresas_constituidas,unidades,False,232.0,1915.0
2018-11-01,14,Los Ríos,CEYS,empresas_constituidas,unidades,False,201.0,1964.0
2018-12-01,14,Los Ríos,CEYS,empresas_constituidas,unidades,False,154.0,2000.0
2019-01-01,14,Los Ríos,CEYS,empresas_constituidas,unidades,False,171.0,1996.0
2019-02-01,14,Los Ríos,CEYS,empresas_constituidas,unidades,False,130.0,1994.0
2019-03-01,14,Los Ríos,CEYS,empresas_constituidas,unidades,False,175.0,1983.0
2019-04-01,14,Los Ríos,CEYS,empresas_constituidas,unidades,False,171.0,2021.0
2019-05-01,14,Los Ríos,CEYS,empresas_constituidas,unidades,False,175.0,2025.0
2019-06-01,14,Los Ríos,CEYS,empresas_constituidas,unidades,False,180.0,2053.0
2019-07-01,14,Los Ríos,CEYS,empresas_constituidas,unidades,False,190.0,2107.0
2019-08-01,14,Los Ríos,CEYS,empresas_constituidas,unidades,False,173.0,2093.0
2019-09-01,14,Los Ríos,CEYS,empresas_constituidas,unidades,False,185.0,2137.0
2019-10-01,14,Los Ríos,CEYS,empresas_constituidas,unidades,False,213.0,2118.0
2019-11-01,14,Los Ríos,CEYS,empresas_constituidas,unidades,False,157.0,2074.0
2019-12-01,14,Los Ríos,CEYS,empresas_constituidas,unidades,False,172.0,2092.0
2020-01-01,14,Los Ríos,CEYS,empresas_constituidas,unidades,False,185.0,2106.0
2020-02-01,14,Los Ríos,CEYS,empresas_constituidas,unidades,False,122.0,2098.0
2020-03-01,14,Los Ríos,CEYS,empresas_constituidas,unidades,False,133.0,2056.0
2020-04-01,14,Los Ríos,CEYS,empresas_constituidas,unidades,False,78.0,1963.0
2020-05-01,14,Los Ríos,CEYS,empresas_constituidas,unidades,False,175.0,1963.0
2020-06-01,14,Los Ríos,CEYS,empresas_constituidas,unidades,False,213.0,1996.0
2020-07-01,14,Los Ríos,CEYS,empresas_constituidas,unidades,False,236.0,2042.0
2020-08-01,14,Los Ríos,CEYS,empresas_constituidas,unidades,False,260.0,2129.0
2020-09-01,14,Los Ríos,CEYS,empresas_constituidas,unidades,False,255.0,2199.0
2020-10-01,14,Los Ríos,CEYS,empresas_constituidas,unidades,False,296.0,2282.0
2020-11-01,14,Los Ríos,CEYS,empresas_constituidas,unidades,False,324.0,2449.0
2020-12-01,14,Los Ríos,CEYS,empresas_constituidas,unidades,False,258.0,2535.0
2021-01-01,14,Los Ríos,CEYS,empresas_constituidas,unidades,False,321.0,2671.0
2021-02-01,14,Los Ríos,CEYS,empresas_constituidas,unidades,False,229.0,2778.0
2021-03-01,14,Los Ríos,CEYS,empresas_constituidas,unidades,False,337.0,2982.0
2021-04-01,14,Los Ríos,CEYS,empresas_constituidas,unidades,False,282.0,3186.0
2021-05-01,14,Los Ríos,CEYS,empresas_constituidas,unidades,False,261.0,3272.0
2021-06-01,14,Los Ríos,CEYS,empresas_constituidas,unidades,False,311.0,3370.0
2021-07-01,14,Los Ríos,CEYS,empresas_constituidas,unidades,False,248.0,3382.0
2021-08-01,14,Los Ríos,CEYS,empresas_constituidas,unidades,False,315.0,3437.0
2021-09-01,14,Los Ríos,CEYS,empresas_constituidas,unidades,False,367.0,3549.0
2021-10-01,14,Los Ríos,CEYS,empresas_constituidas,unidades,False,392.0,3645.0
2021-11-01,14,Los Ríos,CEYS,empresas_constituidas,unidades,False,259.0,3580.0
2021-12-01,14,Los Ríos,CEYS,empresas_constituidas,unidades,False,221.0,3543.0
2022-01-01,14,Los Ríos,CEYS,empresas_constituidas,unidades,False,237.0,3459.0
2022-02-01,14,Los Ríos,CEYS,empresas_constituidas,unidades,False,201.0,3431.0
2022-03-01,14,Los Ríos,CEYS,empresas_constituidas,unidades,False,254.0,3348.0
2022-04-01,14,Los Ríos,CEYS,empresas_constituidas,unidades,False,230.0,3296.0
2022-05-01,14,Los Ríos,CEYS,empresas_constituidas,unidades,False,225.0,3260.0
2022-06-01,14,Los Ríos,CEYS,empresas_constituidas,unidades,False,255.0,3204.0
2022-07-01,14,Los Ríos,CEYS,empresas_constituidas,unidades,False,256.0,3212.0
2022-08-01,14,Los Ríos,CEYS,empresas_constituidas,unidades,False,337.0,3234.0
2022-09-01,14,Los Ríos,CEYS,empresas_constituidas,unidades,False,191.0,3058.0
2022-10-01,14,Los Ríos,CEYS,empresas_constituidas,unidades,False,254.0,2920.0
2022-11-01,14,Los Ríos,CEYS,empresas_constituidas,unidades,False,272.0,2933.0
2022-12-01,14,Los Ríos,CEYS,empresas_constituidas,unidades,False,194.0,2906.0
2023-01-01,14,Los Ríos,CEYS,empresas_constituidas,unidades,False,261.0,2930.0
2023-02-01,14,Los Ríos,CEYS,empresas_constituidas,unidades,False,212.0,2941.0
2023-03-01,14,Los Ríos,CEYS,empresas_constituidas,unidades,False,213.0,2900.0
2023-04-01,14,Los Ríos,CEYS,empresas_constituidas,unidades,False,211.0,2881.0
2023-05-01,14,Los Ríos,CEYS,empresas_constituidas,unidades,False,298.0,2954.0
2023-06-01,14,Los Ríos,CEYS,empresas_constituidas,unidades,False,246.0,2945.0
2023-07-01,14,Los Ríos,CEYS,empresas_constituidas,unidades,False,286.0,2975.0
2023-08-01,14,Los Ríos,CEYS,empresas_constituidas,unidades,False,309.0,2947.0
2023-09-01,14,Los Ríos,CEYS,empresas_constituidas,unidades,False,263.0,3019.0
2023-10-01,14,Los Ríos,CEYS,empresas_constituidas,unidades,False,246.0,3011.0
2023-11-01,14,Los Ríos,CEYS,empresas_constituidas,unidades,False,293.0,3032.0
2023-12-01,14,Los Ríos,CEYS,empresas_constituidas,unidades,False,187.0,3025.0
2024-01-01,14,Los Ríos,CEYS,empresas_constituidas,unidades,False,264.0,3028.0
2024-02-01,14,Los Ríos,CEYS,empresas_constituidas,unidades,False,261.0,3077.0
2024-03-01,14,Los Ríos,CEYS,empresas_constituidas,unidades,False,245.0,3109.0
2024-04-01,14,Los Ríos,CEYS,empresas_constituidas,unidades,False,271.0,3169.0
2024-05-01,14,Los Ríos,CEYS,empresas_constituidas,unidades,False,241.0,3112.0
2024-06-01,14,Los Ríos,CEYS,empresas_constituidas,unidades,False,231.0,3097.0
2024-07-01,14,Los Ríos,CEYS,empresas_constituidas,unidades,False,287.0,3098.0
2024-08-01,14,Los Ríos,CEYS,empresas_constituidas,unidades,False,300.0,3089.0
2024-09-01,14,Los Ríos,CEYS,empresas_constituidas,unidades,False,281.0,3107.0
2024-10-01,14,Los Ríos,CEYS,empresas_constituidas,unidades,False,352.0,3213.0
2024-11-01,14,Los Ríos,CEYS,empresas_constituidas,unidades,False,343.0,3263.0
2024-12-01,14,Los Ríos,CEYS,empresas_constituidas,unidades,False,270.0,3346.0
2025-01-01,14,Los Ríos,CEYS,empresas_constituidas,unidades,False,367.0,3449.0
2025-02-01,14,Los Ríos,CEYS,empresas_constituidas,unidades,False,278.0,3466.0
2025-03-01,14,Los Ríos,CEYS,empresas_constituidas,unidades,False,316.0,3537.0
2025-04-01,14,Los Ríos,CEYS,empresas_constituidas,unidades,False,290.0,3556.0
2025-05-01,14,Los Ríos,CEYS,empresas_constituidas,unidades,False,298.0,3613.0
2025-06-01,14,Los Ríos,CEYS,empresas_constituidas,unidades,False,311.0,3693.0
2025-07-01,14,Los Ríos,CEYS,empresas_constituidas,unidades,False,380.0,3786.0
2025-08-01,14,Los Ríos,CEYS,empresas_constituidas,unidades,False,449.0,3935.0
2025-09-01,14,Los Ríos,CEYS,empresas_constituidas,unidades,False,383.0,4037.0
2025-10-01,14,Los Ríos,CEYS,empresas_constituidas,unidades,False,512.0,4197.0
2025-11-01,14,Los Ríos,CEYS,empresas_constituidas,unidades,False,407.0,4261.0
2025-12-01,14,Los Ríos,CEYS,empresas_constituidas,unidades,False,319.0,4310.0
2026-01-01,14,Los Ríos,CEYS,empresas_constituidas,unidades,False,408.0,4351.0
2026-02-01,14,Los Ríos,CEYS,empresas_constituidas,unidades,False,325.0,4398.0
2026-03-01,14,Los Ríos,CEYS,empresas_constituidas,unidades,False,402.0,4484.0
2026-04-01,14,Los Ríos,CEYS,empresas_constituidas,unidades,False,358.0,4552.0
2026-05-01,14,Los Ríos,CEYS,empresas_constituidas,unidades,False,405.0,4659.0
2026-06-01,14,Los Ríos,CEYS,empresas_constituidas,unidades,False,405.0,4753.0
2013-05-01,15,Arica y Parinacota,CEYS,empresas_constituidas,unidades,False,6.0,
2013-06-01,15,Arica y Parinacota,CEYS,empresas_constituidas,unidades,False,16.0,
2013-07-01,15,Arica y Parinacota,CEYS,empresas_constituidas,unidades,False,30.0,
2013-08-01,15,Arica y Parinacota,CEYS,empresas_constituidas,unidades,False,18.0,
2013-09-01,15,Arica y Parinacota,CEYS,empresas_constituidas,unidades,False,17.0,
2013-10-01,15,Arica y Parinacota,CEYS,empresas_constituidas,unidades,False,51.0,
2013-11-01,15,Arica y Parinacota,CEYS,empresas_constituidas,unidades,False,35.0,
2013-12-01,15,Arica y Parinacota,CEYS,empresas_constituidas,unidades,False,39.0,
2014-01-01,15,Arica y Parinacota,CEYS,empresas_constituidas,unidades,False,37.0,
2014-02-01,15,Arica y Parinacota,CEYS,empresas_constituidas,unidades,False,42.0,
2014-03-01,15,Arica y Parinacota,CEYS,empresas_constituidas,unidades,False,58.0,
2014-04-01,15,Arica y Parinacota,CEYS,empresas_constituidas,unidades,False,47.0,396.0
2014-05-01,15,Arica y Parinacota,CEYS,empresas_constituidas,unidades,False,45.0,435.0
2014-06-01,15,Arica y Parinacota,CEYS,empresas_constituidas,unidades,False,58.0,477.0
2014-07-01,15,Arica y Parinacota,CEYS,empresas_constituidas,unidades,False,69.0,516.0
2014-08-01,15,Arica y Parinacota,CEYS,empresas_constituidas,unidades,False,53.0,551.0
2014-09-01,15,Arica y Parinacota,CEYS,empresas_constituidas,unidades,False,60.0,594.0
2014-10-01,15,Arica y Parinacota,CEYS,empresas_constituidas,unidades,False,51.0,594.0
2014-11-01,15,Arica y Parinacota,CEYS,empresas_constituidas,unidades,False,50.0,609.0
2014-12-01,15,Arica y Parinacota,CEYS,empresas_constituidas,unidades,False,41.0,611.0
2015-01-01,15,Arica y Parinacota,CEYS,empresas_constituidas,unidades,False,58.0,632.0
2015-02-01,15,Arica y Parinacota,CEYS,empresas_constituidas,unidades,False,44.0,634.0
2015-03-01,15,Arica y Parinacota,CEYS,empresas_constituidas,unidades,False,60.0,636.0
2015-04-01,15,Arica y Parinacota,CEYS,empresas_constituidas,unidades,False,65.0,654.0
2015-05-01,15,Arica y Parinacota,CEYS,empresas_constituidas,unidades,False,60.0,669.0
2015-06-01,15,Arica y Parinacota,CEYS,empresas_constituidas,unidades,False,69.0,680.0
2015-07-01,15,Arica y Parinacota,CEYS,empresas_constituidas,unidades,False,79.0,690.0
2015-08-01,15,Arica y Parinacota,CEYS,empresas_constituidas,unidades,False,44.0,681.0
2015-09-01,15,Arica y Parinacota,CEYS,empresas_constituidas,unidades,False,68.0,689.0
2015-10-01,15,Arica y Parinacota,CEYS,empresas_constituidas,unidades,False,62.0,700.0
2015-11-01,15,Arica y Parinacota,CEYS,empresas_constituidas,unidades,False,66.0,716.0
2015-12-01,15,Arica y Parinacota,CEYS,empresas_constituidas,unidades,False,65.0,740.0
2016-01-01,15,Arica y Parinacota,CEYS,empresas_constituidas,unidades,False,46.0,728.0
2016-02-01,15,Arica y Parinacota,CEYS,empresas_constituidas,unidades,False,58.0,742.0
2016-03-01,15,Arica y Parinacota,CEYS,empresas_constituidas,unidades,False,77.0,759.0
2016-04-01,15,Arica y Parinacota,CEYS,empresas_constituidas,unidades,False,64.0,758.0
2016-05-01,15,Arica y Parinacota,CEYS,empresas_constituidas,unidades,False,81.0,779.0
2016-06-01,15,Arica y Parinacota,CEYS,empresas_constituidas,unidades,False,62.0,772.0
2016-07-01,15,Arica y Parinacota,CEYS,empresas_constituidas,unidades,False,84.0,777.0
2016-08-01,15,Arica y Parinacota,CEYS,empresas_constituidas,unidades,False,82.0,815.0
2016-09-01,15,Arica y Parinacota,CEYS,empresas_constituidas,unidades,False,60.0,807.0
2016-10-01,15,Arica y Parinacota,CEYS,empresas_constituidas,unidades,False,68.0,813.0
2016-11-01,15,Arica y Parinacota,CEYS,empresas_constituidas,unidades,False,85.0,832.0
2016-12-01,15,Arica y Parinacota,CEYS,empresas_constituidas,unidades,False,74.0,841.0
2017-01-01,15,Arica y Parinacota,CEYS,empresas_constituidas,unidades,False,80.0,875.0
2017-02-01,15,Arica y Parinacota,CEYS,empresas_constituidas,unidades,False,84.0,901.0
2017-03-01,15,Arica y Parinacota,CEYS,empresas_constituidas,unidades,False,82.0,906.0
2017-04-01,15,Arica y Parinacota,CEYS,empresas_constituidas,unidades,False,73.0,915.0
2017-05-01,15,Arica y Parinacota,CEYS,empresas_constituidas,unidades,False,103.0,937.0
2017-06-01,15,Arica y Parinacota,CEYS,empresas_constituidas,unidades,False,73.0,948.0
2017-07-01,15,Arica y Parinacota,CEYS,empresas_constituidas,unidades,False,92.0,956.0
2017-08-01,15,Arica y Parinacota,CEYS,empresas_constituidas,unidades,False,95.0,969.0
2017-09-01,15,Arica y Parinacota,CEYS,empresas_constituidas,unidades,False,70.0,979.0
2017-10-01,15,Arica y Parinacota,CEYS,empresas_constituidas,unidades,False,65.0,976.0
2017-11-01,15,Arica y Parinacota,CEYS,empresas_constituidas,unidades,False,73.0,964.0
2017-12-01,15,Arica y Parinacota,CEYS,empresas_constituidas,unidades,False,47.0,937.0
2018-01-01,15,Arica y Parinacota,CEYS,empresas_constituidas,unidades,False,87.0,944.0
2018-02-01,15,Arica y Parinacota,CEYS,empresas_constituidas,unidades,False,82.0,942.0
2018-03-01,15,Arica y Parinacota,CEYS,empresas_constituidas,unidades,False,77.0,937.0
2018-04-01,15,Arica y Parinacota,CEYS,empresas_constituidas,unidades,False,85.0,949.0
2018-05-01,15,Arica y Parinacota,CEYS,empresas_constituidas,unidades,False,69.0,915.0
2018-06-01,15,Arica y Parinacota,CEYS,empresas_constituidas,unidades,False,84.0,926.0
2018-07-01,15,Arica y Parinacota,CEYS,empresas_constituidas,unidades,False,106.0,940.0
2018-08-01,15,Arica y Parinacota,CEYS,empresas_constituidas,unidades,False,115.0,960.0
2018-09-01,15,Arica y Parinacota,CEYS,empresas_constituidas,unidades,False,72.0,962.0
2018-10-01,15,Arica y Parinacota,CEYS,empresas_constituidas,unidades,False,112.0,1009.0
2018-11-01,15,Arica y Parinacota,CEYS,empresas_constituidas,unidades,False,84.0,1020.0
2018-12-01,15,Arica y Parinacota,CEYS,empresas_constituidas,unidades,False,80.0,1053.0
2019-01-01,15,Arica y Parinacota,CEYS,empresas_constituidas,unidades,False,111.0,1077.0
2019-02-01,15,Arica y Parinacota,CEYS,empresas_constituidas,unidades,False,72.0,1067.0
2019-03-01,15,Arica y Parinacota,CEYS,empresas_constituidas,unidades,False,101.0,1091.0
2019-04-01,15,Arica y Parinacota,CEYS,empresas_constituidas,unidades,False,118.0,1124.0
2019-05-01,15,Arica y Parinacota,CEYS,empresas_constituidas,unidades,False,100.0,1155.0
2019-06-01,15,Arica y Parinacota,CEYS,empresas_constituidas,unidades,False,95.0,1166.0
2019-07-01,15,Arica y Parinacota,CEYS,empresas_constituidas,unidades,False,103.0,1163.0
2019-08-01,15,Arica y Parinacota,CEYS,empresas_constituidas,unidades,False,127.0,1175.0
2019-09-01,15,Arica y Parinacota,CEYS,empresas_constituidas,unidades,False,92.0,1195.0
2019-10-01,15,Arica y Parinacota,CEYS,empresas_constituidas,unidades,False,77.0,1160.0
2019-11-01,15,Arica y Parinacota,CEYS,empresas_constituidas,unidades,False,71.0,1147.0
2019-12-01,15,Arica y Parinacota,CEYS,empresas_constituidas,unidades,False,62.0,1129.0
2020-01-01,15,Arica y Parinacota,CEYS,empresas_constituidas,unidades,False,89.0,1107.0
2020-02-01,15,Arica y Parinacota,CEYS,empresas_constituidas,unidades,False,79.0,1114.0
2020-03-01,15,Arica y Parinacota,CEYS,empresas_constituidas,unidades,False,81.0,1094.0
2020-04-01,15,Arica y Parinacota,CEYS,empresas_constituidas,unidades,False,66.0,1042.0
2020-05-01,15,Arica y Parinacota,CEYS,empresas_constituidas,unidades,False,119.0,1061.0
2020-06-01,15,Arica y Parinacota,CEYS,empresas_constituidas,unidades,False,124.0,1090.0
2020-07-01,15,Arica y Parinacota,CEYS,empresas_constituidas,unidades,False,163.0,1150.0
2020-08-01,15,Arica y Parinacota,CEYS,empresas_constituidas,unidades,False,140.0,1163.0
2020-09-01,15,Arica y Parinacota,CEYS,empresas_constituidas,unidades,False,150.0,1221.0
2020-10-01,15,Arica y Parinacota,CEYS,empresas_constituidas,unidades,False,160.0,1304.0
2020-11-01,15,Arica y Parinacota,CEYS,empresas_constituidas,unidades,False,101.0,1334.0
2020-12-01,15,Arica y Parinacota,CEYS,empresas_constituidas,unidades,False,107.0,1379.0
2021-01-01,15,Arica y Parinacota,CEYS,empresas_constituidas,unidades,False,125.0,1415.0
2021-02-01,15,Arica y Parinacota,CEYS,empresas_constituidas,unidades,False,149.0,1485.0
2021-03-01,15,Arica y Parinacota,CEYS,empresas_constituidas,unidades,False,144.0,1548.0
2021-04-01,15,Arica y Parinacota,CEYS,empresas_constituidas,unidades,False,155.0,1637.0
2021-05-01,15,Arica y Parinacota,CEYS,empresas_constituidas,unidades,False,135.0,1653.0
2021-06-01,15,Arica y Parinacota,CEYS,empresas_constituidas,unidades,False,169.0,1698.0
2021-07-01,15,Arica y Parinacota,CEYS,empresas_constituidas,unidades,False,152.0,1687.0
2021-08-01,15,Arica y Parinacota,CEYS,empresas_constituidas,unidades,False,201.0,1748.0
2021-09-01,15,Arica y Parinacota,CEYS,empresas_constituidas,unidades,False,160.0,1758.0
2021-10-01,15,Arica y Parinacota,CEYS,empresas_constituidas,unidades,False,175.0,1773.0
2021-11-01,15,Arica y Parinacota,CEYS,empresas_constituidas,unidades,False,126.0,1798.0
2021-12-01,15,Arica y Parinacota,CEYS,empresas_constituidas,unidades,False,105.0,1796.0
2022-01-01,15,Arica y Parinacota,CEYS,empresas_constituidas,unidades,False,106.0,1777.0
2022-02-01,15,Arica y Parinacota,CEYS,empresas_constituidas,unidades,False,113.0,1741.0
2022-03-01,15,Arica y Parinacota,CEYS,empresas_constituidas,unidades,False,140.0,1737.0
2022-04-01,15,Arica y Parinacota,CEYS,empresas_constituidas,unidades,False,134.0,1716.0
2022-05-01,15,Arica y Parinacota,CEYS,empresas_constituidas,unidades,False,125.0,1706.0
2022-06-01,15,Arica y Parinacota,CEYS,empresas_constituidas,unidades,False,117.0,1654.0
2022-07-01,15,Arica y Parinacota,CEYS,empresas_constituidas,unidades,False,125.0,1627.0
2022-08-01,15,Arica y Parinacota,CEYS,empresas_constituidas,unidades,False,148.0,1574.0
2022-09-01,15,Arica y Parinacota,CEYS,empresas_constituidas,unidades,False,109.0,1523.0
2022-10-01,15,Arica y Parinacota,CEYS,empresas_constituidas,unidades,False,135.0,1483.0
2022-11-01,15,Arica y Parinacota,CEYS,empresas_constituidas,unidades,False,125.0,1482.0
2022-12-01,15,Arica y Parinacota,CEYS,empresas_constituidas,unidades,False,113.0,1490.0
2023-01-01,15,Arica y Parinacota,CEYS,empresas_constituidas,unidades,False,142.0,1526.0
2023-02-01,15,Arica y Parinacota,CEYS,empresas_constituidas,unidades,False,85.0,1498.0
2023-03-01,15,Arica y Parinacota,CEYS,empresas_constituidas,unidades,False,148.0,1506.0
2023-04-01,15,Arica y Parinacota,CEYS,empresas_constituidas,unidades,False,98.0,1470.0
2023-05-01,15,Arica y Parinacota,CEYS,empresas_constituidas,unidades,False,132.0,1477.0
2023-06-01,15,Arica y Parinacota,CEYS,empresas_constituidas,unidades,False,119.0,1479.0
2023-07-01,15,Arica y Parinacota,CEYS,empresas_constituidas,unidades,False,120.0,1474.0
2023-08-01,15,Arica y Parinacota,CEYS,empresas_constituidas,unidades,False,154.0,1480.0
2023-09-01,15,Arica y Parinacota,CEYS,empresas_constituidas,unidades,False,106.0,1477.0
2023-10-01,15,Arica y Parinacota,CEYS,empresas_constituidas,unidades,False,130.0,1472.0
2023-11-01,15,Arica y Parinacota,CEYS,empresas_constituidas,unidades,False,126.0,1473.0
2023-12-01,15,Arica y Parinacota,CEYS,empresas_constituidas,unidades,False,105.0,1465.0
2024-01-01,15,Arica y Parinacota,CEYS,empresas_constituidas,unidades,False,96.0,1419.0
2024-02-01,15,Arica y Parinacota,CEYS,empresas_constituidas,unidades,False,97.0,1431.0
2024-03-01,15,Arica y Parinacota,CEYS,empresas_constituidas,unidades,False,118.0,1401.0
2024-04-01,15,Arica y Parinacota,CEYS,empresas_constituidas,unidades,False,134.0,1437.0
2024-05-01,15,Arica y Parinacota,CEYS,empresas_constituidas,unidades,False,95.0,1400.0
2024-06-01,15,Arica y Parinacota,CEYS,empresas_constituidas,unidades,False,98.0,1379.0
2024-07-01,15,Arica y Parinacota,CEYS,empresas_constituidas,unidades,False,119.0,1378.0
2024-08-01,15,Arica y Parinacota,CEYS,empresas_constituidas,unidades,False,134.0,1358.0
2024-09-01,15,Arica y Parinacota,CEYS,empresas_constituidas,unidades,False,135.0,1387.0
2024-10-01,15,Arica y Parinacota,CEYS,empresas_constituidas,unidades,False,158.0,1415.0
2024-11-01,15,Arica y Parinacota,CEYS,empresas_constituidas,unidades,False,159.0,1448.0
2024-12-01,15,Arica y Parinacota,CEYS,empresas_constituidas,unidades,False,120.0,1463.0
2025-01-01,15,Arica y Parinacota,CEYS,empresas_constituidas,unidades,False,146.0,1513.0
2025-02-01,15,Arica y Parinacota,CEYS,empresas_constituidas,unidades,False,111.0,1527.0
2025-03-01,15,Arica y Parinacota,CEYS,empresas_constituidas,unidades,False,155.0,1564.0
2025-04-01,15,Arica y Parinacota,CEYS,empresas_constituidas,unidades,False,130.0,1560.0
2025-05-01,15,Arica y Parinacota,CEYS,empresas_constituidas,unidades,False,144.0,1609.0
2025-06-01,15,Arica y Parinacota,CEYS,empresas_constituidas,unidades,False,189.0,1700.0
2025-07-01,15,Arica y Parinacota,CEYS,empresas_constituidas,unidades,False,159.0,1740.0
2025-08-01,15,Arica y Parinacota,CEYS,empresas_constituidas,unidades,False,184.0,1790.0
2025-09-01,15,Arica y Parinacota,CEYS,empresas_constituidas,unidades,False,175.0,1830.0
2025-10-01,15,Arica y Parinacota,CEYS,empresas_constituidas,unidades,False,164.0,1836.0
2025-11-01,15,Arica y Parinacota,CEYS,empresas_constituidas,unidades,False,177.0,1854.0
2025-12-01,15,Arica y Parinacota,CEYS,empresas_constituidas,unidades,False,139.0,1873.0
2026-01-01,15,Arica y Parinacota,CEYS,empresas_constituidas,unidades,False,170.0,1897.0
2026-02-01,15,Arica y Parinacota,CEYS,empresas_constituidas,unidades,False,134.0,1920.0
2026-03-01,15,Arica y Parinacota,CEYS,empresas_constituidas,unidades,False,189.0,1954.0
2026-04-01,15,Arica y Parinacota,CEYS,empresas_constituidas,unidades,False,152.0,1976.0
2026-05-01,15,Arica y Parinacota,CEYS,empresas_constituidas,unidades,False,151.0,1983.0
2026-06-01,15,Arica y Parinacota,CEYS,empresas_constituidas,unidades,False,153.0,1947.0
2018-09-01,16,Ñuble,CEYS,empresas_constituidas,unidades,False,112.0,
2018-10-01,16,Ñuble,CEYS,empresas_constituidas,unidades,False,212.0,
2018-11-01,16,Ñuble,CEYS,empresas_constituidas,unidades,False,177.0,
2018-12-01,16,Ñuble,CEYS,empresas_constituidas,unidades,False,137.0,
2019-01-01,16,Ñuble,CEYS,empresas_constituidas,unidades,False,201.0,
2019-02-01,16,Ñuble,CEYS,empresas_constituidas,unidades,False,153.0,
2019-03-01,16,Ñuble,CEYS,empresas_constituidas,unidades,False,186.0,
2019-04-01,16,Ñuble,CEYS,empresas_constituidas,unidades,False,201.0,
2019-05-01,16,Ñuble,CEYS,empresas_constituidas,unidades,False,207.0,
2019-06-01,16,Ñuble,CEYS,empresas_constituidas,unidades,False,191.0,
2019-07-01,16,Ñuble,CEYS,empresas_constituidas,unidades,False,226.0,
2019-08-01,16,Ñuble,CEYS,empresas_constituidas,unidades,False,266.0,2269.0
2019-09-01,16,Ñuble,CEYS,empresas_constituidas,unidades,False,164.0,2321.0
2019-10-01,16,Ñuble,CEYS,empresas_constituidas,unidades,False,226.0,2335.0
2019-11-01,16,Ñuble,CEYS,empresas_constituidas,unidades,False,163.0,2321.0
2019-12-01,16,Ñuble,CEYS,empresas_constituidas,unidades,False,142.0,2326.0
2020-01-01,16,Ñuble,CEYS,empresas_constituidas,unidades,False,189.0,2314.0
2020-02-01,16,Ñuble,CEYS,empresas_constituidas,unidades,False,178.0,2339.0
2020-03-01,16,Ñuble,CEYS,empresas_constituidas,unidades,False,135.0,2288.0
2020-04-01,16,Ñuble,CEYS,empresas_constituidas,unidades,False,124.0,2211.0
2020-05-01,16,Ñuble,CEYS,empresas_constituidas,unidades,False,239.0,2243.0
2020-06-01,16,Ñuble,CEYS,empresas_constituidas,unidades,False,241.0,2293.0
2020-07-01,16,Ñuble,CEYS,empresas_constituidas,unidades,False,201.0,2268.0
2020-08-01,16,Ñuble,CEYS,empresas_constituidas,unidades,False,299.0,2301.0
2020-09-01,16,Ñuble,CEYS,empresas_constituidas,unidades,False,248.0,2385.0
2020-10-01,16,Ñuble,CEYS,empresas_constituidas,unidades,False,269.0,2428.0
2020-11-01,16,Ñuble,CEYS,empresas_constituidas,unidades,False,269.0,2534.0
2020-12-01,16,Ñuble,CEYS,empresas_constituidas,unidades,False,226.0,2618.0
2021-01-01,16,Ñuble,CEYS,empresas_constituidas,unidades,False,253.0,2682.0
2021-02-01,16,Ñuble,CEYS,empresas_constituidas,unidades,False,280.0,2784.0
2021-03-01,16,Ñuble,CEYS,empresas_constituidas,unidades,False,303.0,2952.0
2021-04-01,16,Ñuble,CEYS,empresas_constituidas,unidades,False,277.0,3105.0
2021-05-01,16,Ñuble,CEYS,empresas_constituidas,unidades,False,276.0,3142.0
2021-06-01,16,Ñuble,CEYS,empresas_constituidas,unidades,False,302.0,3203.0
2021-07-01,16,Ñuble,CEYS,empresas_constituidas,unidades,False,332.0,3334.0
2021-08-01,16,Ñuble,CEYS,empresas_constituidas,unidades,False,362.0,3397.0
2021-09-01,16,Ñuble,CEYS,empresas_constituidas,unidades,False,302.0,3451.0
2021-10-01,16,Ñuble,CEYS,empresas_constituidas,unidades,False,351.0,3533.0
2021-11-01,16,Ñuble,CEYS,empresas_constituidas,unidades,False,289.0,3553.0
2021-12-01,16,Ñuble,CEYS,empresas_constituidas,unidades,False,248.0,3575.0
2022-01-01,16,Ñuble,CEYS,empresas_constituidas,unidades,False,251.0,3573.0
2022-02-01,16,Ñuble,CEYS,empresas_constituidas,unidades,False,232.0,3525.0
2022-03-01,16,Ñuble,CEYS,empresas_constituidas,unidades,False,283.0,3505.0
2022-04-01,16,Ñuble,CEYS,empresas_constituidas,unidades,False,262.0,3490.0
2022-05-01,16,Ñuble,CEYS,empresas_constituidas,unidades,False,253.0,3467.0
2022-06-01,16,Ñuble,CEYS,empresas_constituidas,unidades,False,248.0,3413.0
2022-07-01,16,Ñuble,CEYS,empresas_constituidas,unidades,False,257.0,3338.0
2022-08-01,16,Ñuble,CEYS,empresas_constituidas,unidades,False,285.0,3261.0
2022-09-01,16,Ñuble,CEYS,empresas_constituidas,unidades,False,238.0,3197.0
2022-10-01,16,Ñuble,CEYS,empresas_constituidas,unidades,False,306.0,3152.0
2022-11-01,16,Ñuble,CEYS,empresas_constituidas,unidades,False,257.0,3120.0
2022-12-01,16,Ñuble,CEYS,empresas_constituidas,unidades,False,203.0,3075.0
2023-01-01,16,Ñuble,CEYS,empresas_constituidas,unidades,False,260.0,3084.0
2023-02-01,16,Ñuble,CEYS,empresas_constituidas,unidades,False,218.0,3070.0
2023-03-01,16,Ñuble,CEYS,empresas_constituidas,unidades,False,302.0,3089.0
2023-04-01,16,Ñuble,CEYS,empresas_constituidas,unidades,False,226.0,3053.0
2023-05-01,16,Ñuble,CEYS,empresas_constituidas,unidades,False,285.0,3085.0
2023-06-01,16,Ñuble,CEYS,empresas_constituidas,unidades,False,267.0,3104.0
2023-07-01,16,Ñuble,CEYS,empresas_constituidas,unidades,False,300.0,3147.0
2023-08-01,16,Ñuble,CEYS,empresas_constituidas,unidades,False,302.0,3164.0
2023-09-01,16,Ñuble,CEYS,empresas_constituidas,unidades,False,240.0,3166.0
2023-10-01,16,Ñuble,CEYS,empresas_constituidas,unidades,False,262.0,3122.0
2023-11-01,16,Ñuble,CEYS,empresas_constituidas,unidades,False,265.0,3130.0
2023-12-01,16,Ñuble,CEYS,empresas_constituidas,unidades,False,214.0,3141.0
2024-01-01,16,Ñuble,CEYS,empresas_constituidas,unidades,False,278.0,3159.0
2024-02-01,16,Ñuble,CEYS,empresas_constituidas,unidades,False,215.0,3156.0
2024-03-01,16,Ñuble,CEYS,empresas_constituidas,unidades,False,278.0,3132.0
2024-04-01,16,Ñuble,CEYS,empresas_constituidas,unidades,False,256.0,3162.0
2024-05-01,16,Ñuble,CEYS,empresas_constituidas,unidades,False,258.0,3135.0
2024-06-01,16,Ñuble,CEYS,empresas_constituidas,unidades,False,250.0,3118.0
2024-07-01,16,Ñuble,CEYS,empresas_constituidas,unidades,False,357.0,3175.0
2024-08-01,16,Ñuble,CEYS,empresas_constituidas,unidades,False,277.0,3150.0
2024-09-01,16,Ñuble,CEYS,empresas_constituidas,unidades,False,281.0,3191.0
2024-10-01,16,Ñuble,CEYS,empresas_constituidas,unidades,False,423.0,3352.0
2024-11-01,16,Ñuble,CEYS,empresas_constituidas,unidades,False,361.0,3448.0
2024-12-01,16,Ñuble,CEYS,empresas_constituidas,unidades,False,301.0,3535.0
2025-01-01,16,Ñuble,CEYS,empresas_constituidas,unidades,False,362.0,3619.0
2025-02-01,16,Ñuble,CEYS,empresas_constituidas,unidades,False,294.0,3698.0
2025-03-01,16,Ñuble,CEYS,empresas_constituidas,unidades,False,414.0,3834.0
2025-04-01,16,Ñuble,CEYS,empresas_constituidas,unidades,False,323.0,3901.0
2025-05-01,16,Ñuble,CEYS,empresas_constituidas,unidades,False,339.0,3982.0
2025-06-01,16,Ñuble,CEYS,empresas_constituidas,unidades,False,477.0,4209.0
2025-07-01,16,Ñuble,CEYS,empresas_constituidas,unidades,False,400.0,4252.0
2025-08-01,16,Ñuble,CEYS,empresas_constituidas,unidades,False,418.0,4393.0
2025-09-01,16,Ñuble,CEYS,empresas_constituidas,unidades,False,362.0,4474.0
2025-10-01,16,Ñuble,CEYS,empresas_constituidas,unidades,False,479.0,4530.0
2025-11-01,16,Ñuble,CEYS,empresas_constituidas,unidades,False,346.0,4515.0
2025-12-01,16,Ñuble,CEYS,empresas_constituidas,unidades,False,304.0,4518.0
2026-01-01,16,Ñuble,CEYS,empresas_constituidas,unidades,False,375.0,4531.0
2026-02-01,16,Ñuble,CEYS,empresas_constituidas,unidades,False,403.0,4640.0
2026-03-01,16,Ñuble,CEYS,empresas_constituidas,unidades,False,428.0,4654.0
2026-04-01,16,Ñuble,CEYS,empresas_constituidas,unidades,False,487.0,4818.0
2026-05-01,16,Ñuble,CEYS,empresas_constituidas,unidades,False,429.0,4908.0
2026-06-01,16,Ñuble,CEYS,empresas_constituidas,unidades,False,431.0,4862.0
2014-01-01,01,Tarapacá,SAH,superficie_habitacional,m2,True,41562.0,
2014-02-01,01,Tarapacá,SAH,superficie_habitacional,m2,True,10031.0,
2014-03-01,01,Tarapacá,SAH,superficie_habitacional,m2,True,2637.0,
2014-04-01,01,Tarapacá,SAH,superficie_habitacional,m2,True,35214.0,
2014-05-01,01,Tarapacá,SAH,superficie_habitacional,m2,True,40827.0,
2014-06-01,01,Tarapacá,SAH,superficie_habitacional,m2,True,24792.0,
2014-07-01,01,Tarapacá,SAH,superficie_habitacional,m2,True,52297.0,
2014-08-01,01,Tarapacá,SAH,superficie_habitacional,m2,True,10363.0,
2014-09-01,01,Tarapacá,SAH,superficie_habitacional,m2,True,4725.0,
2014-10-01,01,Tarapacá,SAH,superficie_habitacional,m2,True,4005.0,
2014-11-01,01,Tarapacá,SAH,superficie_habitacional,m2,True,1747.0,
2014-12-01,01,Tarapacá,SAH,superficie_habitacional,m2,True,9685.0,237885.0
2015-01-01,01,Tarapacá,SAH,superficie_habitacional,m2,True,19098.0,215421.0
2015-02-01,01,Tarapacá,SAH,superficie_habitacional,m2,True,26886.0,232276.0
2015-03-01,01,Tarapacá,SAH,superficie_habitacional,m2,True,9064.0,238703.0
2015-04-01,01,Tarapacá,SAH,superficie_habitacional,m2,True,3264.0,206753.0
2015-05-01,01,Tarapacá,SAH,superficie_habitacional,m2,True,23298.0,189224.0
2015-06-01,01,Tarapacá,SAH,superficie_habitacional,m2,True,6138.0,170570.0
2015-07-01,01,Tarapacá,SAH,superficie_habitacional,m2,True,110702.0,228975.0
2015-08-01,01,Tarapacá,SAH,superficie_habitacional,m2,True,40418.0,259030.0
2015-09-01,01,Tarapacá,SAH,superficie_habitacional,m2,True,10244.0,264549.0
2015-10-01,01,Tarapacá,SAH,superficie_habitacional,m2,True,38997.0,299541.0
2015-11-01,01,Tarapacá,SAH,superficie_habitacional,m2,True,4856.0,302650.0
2015-12-01,01,Tarapacá,SAH,superficie_habitacional,m2,True,105175.0,398140.0
2016-01-01,01,Tarapacá,SAH,superficie_habitacional,m2,True,2404.0,381446.0
2016-02-01,01,Tarapacá,SAH,superficie_habitacional,m2,True,38532.0,393092.0
2016-03-01,01,Tarapacá,SAH,superficie_habitacional,m2,True,34782.0,418810.0
2016-04-01,01,Tarapacá,SAH,superficie_habitacional,m2,True,22901.0,438447.0
2016-05-01,01,Tarapacá,SAH,superficie_habitacional,m2,True,1789.0,416938.0
2016-06-01,01,Tarapacá,SAH,superficie_habitacional,m2,True,36200.0,447000.0
2016-07-01,01,Tarapacá,SAH,superficie_habitacional,m2,True,9524.0,345822.0
2016-08-01,01,Tarapacá,SAH,superficie_habitacional,m2,True,10367.0,315771.0
2016-09-01,01,Tarapacá,SAH,superficie_habitacional,m2,True,44609.0,350136.0
2016-10-01,01,Tarapacá,SAH,superficie_habitacional,m2,True,21947.0,333086.0
2016-11-01,01,Tarapacá,SAH,superficie_habitacional,m2,True,2620.0,330850.0
2016-12-01,01,Tarapacá,SAH,superficie_habitacional,m2,True,23409.0,249084.0
2017-01-01,01,Tarapacá,SAH,superficie_habitacional,m2,True,2315.0,248995.0
2017-02-01,01,Tarapacá,SAH,superficie_habitacional,m2,True,9843.0,220306.0
2017-03-01,01,Tarapacá,SAH,superficie_habitacional,m2,True,5435.0,190959.0
2017-04-01,01,Tarapacá,SAH,superficie_habitacional,m2,True,2349.0,170407.0
2017-05-01,01,Tarapacá,SAH,superficie_habitacional,m2,True,3401.0,172019.0
2017-06-01,01,Tarapacá,SAH,superficie_habitacional,m2,True,20934.0,156753.0
2017-07-01,01,Tarapacá,SAH,superficie_habitacional,m2,True,7067.0,154296.0
2017-08-01,01,Tarapacá,SAH,superficie_habitacional,m2,True,16978.0,160907.0
2017-09-01,01,Tarapacá,SAH,superficie_habitacional,m2,True,2798.0,119096.0
2017-10-01,01,Tarapacá,SAH,superficie_habitacional,m2,True,2955.0,100104.0
2017-11-01,01,Tarapacá,SAH,superficie_habitacional,m2,True,41972.0,139456.0
2017-12-01,01,Tarapacá,SAH,superficie_habitacional,m2,True,4577.0,120624.0
2018-01-01,01,Tarapacá,SAH,superficie_habitacional,m2,True,3203.0,121512.0
2018-02-01,01,Tarapacá,SAH,superficie_habitacional,m2,True,36992.0,148661.0
2018-03-01,01,Tarapacá,SAH,superficie_habitacional,m2,True,14060.0,157286.0
2018-04-01,01,Tarapacá,SAH,superficie_habitacional,m2,True,2297.0,157234.0
2018-05-01,01,Tarapacá,SAH,superficie_habitacional,m2,True,3748.0,157581.0
2018-06-01,01,Tarapacá,SAH,superficie_habitacional,m2,True,3717.0,140364.0
2018-07-01,01,Tarapacá,SAH,superficie_habitacional,m2,True,1526.0,134823.0
2018-08-01,01,Tarapacá,SAH,superficie_habitacional,m2,True,39293.0,157138.0
2018-09-01,01,Tarapacá,SAH,superficie_habitacional,m2,True,3583.0,157923.0
2018-10-01,01,Tarapacá,SAH,superficie_habitacional,m2,True,3457.0,158425.0
2018-11-01,01,Tarapacá,SAH,superficie_habitacional,m2,True,22090.0,138543.0
2018-12-01,01,Tarapacá,SAH,superficie_habitacional,m2,True,38805.0,172771.0
2019-01-01,01,Tarapacá,SAH,superficie_habitacional,m2,True,1407.0,170975.0
2019-02-01,01,Tarapacá,SAH,superficie_habitacional,m2,True,48571.0,182554.0
2019-03-01,01,Tarapacá,SAH,superficie_habitacional,m2,True,8085.0,176579.0
2019-04-01,01,Tarapacá,SAH,superficie_habitacional,m2,True,1886.0,176168.0
2019-05-01,01,Tarapacá,SAH,superficie_habitacional,m2,True,1476.0,173896.0
2019-06-01,01,Tarapacá,SAH,superficie_habitacional,m2,True,27106.0,197285.0
2019-07-01,01,Tarapacá,SAH,superficie_habitacional,m2,True,39825.0,235584.0
2019-08-01,01,Tarapacá,SAH,superficie_habitacional,m2,True,1674.0,197965.0
2019-09-01,01,Tarapacá,SAH,superficie_habitacional,m2,True,2117.0,196499.0
2019-10-01,01,Tarapacá,SAH,superficie_habitacional,m2,True,2989.0,196031.0
2019-11-01,01,Tarapacá,SAH,superficie_habitacional,m2,True,1705.0,175646.0
2019-12-01,01,Tarapacá,SAH,superficie_habitacional,m2,True,6731.0,143572.0
2020-01-01,01,Tarapacá,SAH,superficie_habitacional,m2,True,30738.0,172903.0
2020-02-01,01,Tarapacá,SAH,superficie_habitacional,m2,True,21357.0,145689.0
2020-03-01,01,Tarapacá,SAH,superficie_habitacional,m2,True,791.0,138395.0
2020-04-01,01,Tarapacá,SAH,superficie_habitacional,m2,True,1123.0,137632.0
2020-05-01,01,Tarapacá,SAH,superficie_habitacional,m2,True,695.0,136851.0
2020-06-01,01,Tarapacá,SAH,superficie_habitacional,m2,True,50689.0,160434.0
2020-07-01,01,Tarapacá,SAH,superficie_habitacional,m2,True,14806.0,135415.0
2020-08-01,01,Tarapacá,SAH,superficie_habitacional,m2,True,1842.0,135583.0
2020-09-01,01,Tarapacá,SAH,superficie_habitacional,m2,True,56745.0,190211.0
2020-10-01,01,Tarapacá,SAH,superficie_habitacional,m2,True,21360.0,208582.0
2020-11-01,01,Tarapacá,SAH,superficie_habitacional,m2,True,39150.0,246027.0
2020-12-01,01,Tarapacá,SAH,superficie_habitacional,m2,True,2231.0,241527.0
2021-01-01,01,Tarapacá,SAH,superficie_habitacional,m2,True,1512.0,212301.0
2021-02-01,01,Tarapacá,SAH,superficie_habitacional,m2,True,328.0,191272.0
2021-03-01,01,Tarapacá,SAH,superficie_habitacional,m2,True,50067.0,240548.0
2021-04-01,01,Tarapacá,SAH,superficie_habitacional,m2,True,29352.0,268777.0
2021-05-01,01,Tarapacá,SAH,superficie_habitacional,m2,True,38628.0,306710.0
2021-06-01,01,Tarapacá,SAH,superficie_habitacional,m2,True,16934.0,272955.0
2021-07-01,01,Tarapacá,SAH,superficie_habitacional,m2,True,32192.0,290341.0
2021-08-01,01,Tarapacá,SAH,superficie_habitacional,m2,True,1830.0,290329.0
2021-09-01,01,Tarapacá,SAH,superficie_habitacional,m2,True,23397.0,256981.0
2021-10-01,01,Tarapacá,SAH,superficie_habitacional,m2,True,1861.0,237482.0
2021-11-01,01,Tarapacá,SAH,superficie_habitacional,m2,True,44409.0,242741.0
2021-12-01,01,Tarapacá,SAH,superficie_habitacional,m2,True,6344.0,246854.0
2022-01-01,01,Tarapacá,SAH,superficie_habitacional,m2,True,1676.0,247018.0
2022-02-01,01,Tarapacá,SAH,superficie_habitacional,m2,True,1496.0,248186.0
2022-03-01,01,Tarapacá,SAH,superficie_habitacional,m2,True,22239.0,220358.0
2022-04-01,01,Tarapacá,SAH,superficie_habitacional,m2,True,39021.0,230027.0
2022-05-01,01,Tarapacá,SAH,superficie_habitacional,m2,True,699.0,192098.0
2022-06-01,01,Tarapacá,SAH,superficie_habitacional,m2,True,1456.0,176620.0
2022-07-01,01,Tarapacá,SAH,superficie_habitacional,m2,True,1787.0,146215.0
2022-08-01,01,Tarapacá,SAH,superficie_habitacional,m2,True,2249.0,146634.0
2022-09-01,01,Tarapacá,SAH,superficie_habitacional,m2,True,42057.0,165294.0
2022-10-01,01,Tarapacá,SAH,superficie_habitacional,m2,True,4914.0,168347.0
2022-11-01,01,Tarapacá,SAH,superficie_habitacional,m2,True,494.0,124432.0
2022-12-01,01,Tarapacá,SAH,superficie_habitacional,m2,True,44558.0,162646.0
2023-01-01,01,Tarapacá,SAH,superficie_habitacional,m2,True,40999.0,201969.0
2023-02-01,01,Tarapacá,SAH,superficie_habitacional,m2,True,988.0,201461.0
2023-03-01,01,Tarapacá,SAH,superficie_habitacional,m2,True,1262.0,180484.0
2023-04-01,01,Tarapacá,SAH,superficie_habitacional,m2,True,23374.0,164837.0
2023-05-01,01,Tarapacá,SAH,superficie_habitacional,m2,True,2942.0,167080.0
2023-06-01,01,Tarapacá,SAH,superficie_habitacional,m2,True,10570.0,176194.0
2023-07-01,01,Tarapacá,SAH,superficie_habitacional,m2,True,32015.0,206422.0
2023-08-01,01,Tarapacá,SAH,superficie_habitacional,m2,True,2848.0,207021.0
2023-09-01,01,Tarapacá,SAH,superficie_habitacional,m2,True,3130.0,168094.0
2023-10-01,01,Tarapacá,SAH,superficie_habitacional,m2,True,1615.0,164795.0
2023-11-01,01,Tarapacá,SAH,superficie_habitacional,m2,True,1243.0,165544.0
2023-12-01,01,Tarapacá,SAH,superficie_habitacional,m2,True,6144.0,127130.0
2024-01-01,01,Tarapacá,SAH,superficie_habitacional,m2,True,3245.0,89376.0
2024-02-01,01,Tarapacá,SAH,superficie_habitacional,m2,True,1599.0,89987.0
2024-03-01,01,Tarapacá,SAH,superficie_habitacional,m2,True,7402.0,96127.0
2024-04-01,01,Tarapacá,SAH,superficie_habitacional,m2,True,12742.0,85495.0
2024-05-01,01,Tarapacá,SAH,superficie_habitacional,m2,True,3083.0,85636.0
2024-06-01,01,Tarapacá,SAH,superficie_habitacional,m2,True,2338.0,77404.0
2024-07-01,01,Tarapacá,SAH,superficie_habitacional,m2,True,2007.0,47396.0
2024-08-01,01,Tarapacá,SAH,superficie_habitacional,m2,True,3288.0,47836.0
2024-09-01,01,Tarapacá,SAH,superficie_habitacional,m2,True,751.0,45457.0
2024-10-01,01,Tarapacá,SAH,superficie_habitacional,m2,True,11782.0,55624.0
2024-11-01,01,Tarapacá,SAH,superficie_habitacional,m2,True,119158.0,173539.0
2024-12-01,01,Tarapacá,SAH,superficie_habitacional,m2,True,36167.0,203562.0
2025-01-01,01,Tarapacá,SAH,superficie_habitacional,m2,True,10814.0,211131.0
2025-02-01,01,Tarapacá,SAH,superficie_habitacional,m2,True,30910.0,240442.0
2025-03-01,01,Tarapacá,SAH,superficie_habitacional,m2,True,14595.0,247635.0
2025-04-01,01,Tarapacá,SAH,superficie_habitacional,m2,True,8466.0,243359.0
2025-05-01,01,Tarapacá,SAH,superficie_habitacional,m2,True,18540.0,258816.0
2025-06-01,01,Tarapacá,SAH,superficie_habitacional,m2,True,11077.0,267555.0
2025-07-01,01,Tarapacá,SAH,superficie_habitacional,m2,True,933.0,266481.0
2025-08-01,01,Tarapacá,SAH,superficie_habitacional,m2,True,8717.0,271910.0
2025-09-01,01,Tarapacá,SAH,superficie_habitacional,m2,True,1781.0,272940.0
2025-10-01,01,Tarapacá,SAH,superficie_habitacional,m2,True,8035.0,269193.0
2025-11-01,01,Tarapacá,SAH,superficie_habitacional,m2,True,32448.0,182483.0
2025-12-01,01,Tarapacá,SAH,superficie_habitacional,m2,True,1215.0,147531.0
2026-01-01,01,Tarapacá,SAH,superficie_habitacional,m2,True,853.0,137570.0
2026-02-01,01,Tarapacá,SAH,superficie_habitacional,m2,True,71844.0,178504.0
2026-03-01,01,Tarapacá,SAH,superficie_habitacional,m2,True,1434.0,165343.0
2026-04-01,01,Tarapacá,SAH,superficie_habitacional,m2,True,4209.0,161086.0
2026-05-01,01,Tarapacá,SAH,superficie_habitacional,m2,True,12439.0,154985.0
2014-01-01,02,Antofagasta,SAH,superficie_habitacional,m2,True,103038.0,
2014-02-01,02,Antofagasta,SAH,superficie_habitacional,m2,True,52344.0,
2014-03-01,02,Antofagasta,SAH,superficie_habitacional,m2,True,6724.0,
2014-04-01,02,Antofagasta,SAH,superficie_habitacional,m2,True,5876.0,
2014-05-01,02,Antofagasta,SAH,superficie_habitacional,m2,True,3626.0,
2014-06-01,02,Antofagasta,SAH,superficie_habitacional,m2,True,57158.0,
2014-07-01,02,Antofagasta,SAH,superficie_habitacional,m2,True,38051.0,
2014-08-01,02,Antofagasta,SAH,superficie_habitacional,m2,True,76918.0,
2014-09-01,02,Antofagasta,SAH,superficie_habitacional,m2,True,104158.0,
2014-10-01,02,Antofagasta,SAH,superficie_habitacional,m2,True,31350.0,
2014-11-01,02,Antofagasta,SAH,superficie_habitacional,m2,True,29691.0,
2014-12-01,02,Antofagasta,SAH,superficie_habitacional,m2,True,114847.0,623781.0
2015-01-01,02,Antofagasta,SAH,superficie_habitacional,m2,True,37012.0,557755.0
2015-02-01,02,Antofagasta,SAH,superficie_habitacional,m2,True,17539.0,522950.0
2015-03-01,02,Antofagasta,SAH,superficie_habitacional,m2,True,8651.0,524877.0
2015-04-01,02,Antofagasta,SAH,superficie_habitacional,m2,True,43368.0,562369.0
2015-05-01,02,Antofagasta,SAH,superficie_habitacional,m2,True,2246.0,560989.0
2015-06-01,02,Antofagasta,SAH,superficie_habitacional,m2,True,1615.0,505446.0
2015-07-01,02,Antofagasta,SAH,superficie_habitacional,m2,True,30021.0,497416.0
2015-08-01,02,Antofagasta,SAH,superficie_habitacional,m2,True,31496.0,451994.0
2015-09-01,02,Antofagasta,SAH,superficie_habitacional,m2,True,11244.0,359080.0
2015-10-01,02,Antofagasta,SAH,superficie_habitacional,m2,True,45573.0,373303.0
2015-11-01,02,Antofagasta,SAH,superficie_habitacional,m2,True,39501.0,383113.0
2015-12-01,02,Antofagasta,SAH,superficie_habitacional,m2,True,95585.0,363851.0
2016-01-01,02,Antofagasta,SAH,superficie_habitacional,m2,True,18914.0,345753.0
2016-02-01,02,Antofagasta,SAH,superficie_habitacional,m2,True,4236.0,332450.0
2016-03-01,02,Antofagasta,SAH,superficie_habitacional,m2,True,29719.0,353518.0
2016-04-01,02,Antofagasta,SAH,superficie_habitacional,m2,True,1580.0,311730.0
2016-05-01,02,Antofagasta,SAH,superficie_habitacional,m2,True,37832.0,347316.0
2016-06-01,02,Antofagasta,SAH,superficie_habitacional,m2,True,3844.0,349545.0
2016-07-01,02,Antofagasta,SAH,superficie_habitacional,m2,True,3225.0,322749.0
2016-08-01,02,Antofagasta,SAH,superficie_habitacional,m2,True,5236.0,296489.0
2016-09-01,02,Antofagasta,SAH,superficie_habitacional,m2,True,22899.0,308144.0
2016-10-01,02,Antofagasta,SAH,superficie_habitacional,m2,True,16291.0,278862.0
2016-11-01,02,Antofagasta,SAH,superficie_habitacional,m2,True,16331.0,255692.0
2016-12-01,02,Antofagasta,SAH,superficie_habitacional,m2,True,10535.0,170642.0
2017-01-01,02,Antofagasta,SAH,superficie_habitacional,m2,True,15485.0,167213.0
2017-02-01,02,Antofagasta,SAH,superficie_habitacional,m2,True,3374.0,166351.0
2017-03-01,02,Antofagasta,SAH,superficie_habitacional,m2,True,12243.0,148875.0
2017-04-01,02,Antofagasta,SAH,superficie_habitacional,m2,True,20187.0,167482.0
2017-05-01,02,Antofagasta,SAH,superficie_habitacional,m2,True,40220.0,169870.0
2017-06-01,02,Antofagasta,SAH,superficie_habitacional,m2,True,32745.0,198771.0
2017-07-01,02,Antofagasta,SAH,superficie_habitacional,m2,True,3886.0,199432.0
2017-08-01,02,Antofagasta,SAH,superficie_habitacional,m2,True,4614.0,198810.0
2017-09-01,02,Antofagasta,SAH,superficie_habitacional,m2,True,22119.0,198030.0
2017-10-01,02,Antofagasta,SAH,superficie_habitacional,m2,True,12837.0,194576.0
2017-11-01,02,Antofagasta,SAH,superficie_habitacional,m2,True,72790.0,251035.0
2017-12-01,02,Antofagasta,SAH,superficie_habitacional,m2,True,4945.0,245445.0
2018-01-01,02,Antofagasta,SAH,superficie_habitacional,m2,True,8071.0,238031.0
2018-02-01,02,Antofagasta,SAH,superficie_habitacional,m2,True,13445.0,248102.0
2018-03-01,02,Antofagasta,SAH,superficie_habitacional,m2,True,20500.0,256359.0
2018-04-01,02,Antofagasta,SAH,superficie_habitacional,m2,True,27161.0,263333.0
2018-05-01,02,Antofagasta,SAH,superficie_habitacional,m2,True,26971.0,250084.0
2018-06-01,02,Antofagasta,SAH,superficie_habitacional,m2,True,3029.0,220368.0
2018-07-01,02,Antofagasta,SAH,superficie_habitacional,m2,True,13826.0,230308.0
2018-08-01,02,Antofagasta,SAH,superficie_habitacional,m2,True,64963.0,290657.0
2018-09-01,02,Antofagasta,SAH,superficie_habitacional,m2,True,37634.0,306172.0
2018-10-01,02,Antofagasta,SAH,superficie_habitacional,m2,True,4123.0,297458.0
2018-11-01,02,Antofagasta,SAH,superficie_habitacional,m2,True,4128.0,228796.0
2018-12-01,02,Antofagasta,SAH,superficie_habitacional,m2,True,17576.0,241427.0
2019-01-01,02,Antofagasta,SAH,superficie_habitacional,m2,True,38601.0,271957.0
2019-02-01,02,Antofagasta,SAH,superficie_habitacional,m2,True,36458.0,294970.0
2019-03-01,02,Antofagasta,SAH,superficie_habitacional,m2,True,3091.0,277561.0
2019-04-01,02,Antofagasta,SAH,superficie_habitacional,m2,True,16895.0,267295.0
2019-05-01,02,Antofagasta,SAH,superficie_habitacional,m2,True,298056.0,538380.0
2019-06-01,02,Antofagasta,SAH,superficie_habitacional,m2,True,40427.0,575778.0
2019-07-01,02,Antofagasta,SAH,superficie_habitacional,m2,True,3757.0,565709.0
2019-08-01,02,Antofagasta,SAH,superficie_habitacional,m2,True,25470.0,526216.0
2019-09-01,02,Antofagasta,SAH,superficie_habitacional,m2,True,21864.0,510446.0
2019-10-01,02,Antofagasta,SAH,superficie_habitacional,m2,True,15637.0,521960.0
2019-11-01,02,Antofagasta,SAH,superficie_habitacional,m2,True,36668.0,554500.0
2019-12-01,02,Antofagasta,SAH,superficie_habitacional,m2,True,5558.0,542482.0
2020-01-01,02,Antofagasta,SAH,superficie_habitacional,m2,True,3494.0,507375.0
2020-02-01,02,Antofagasta,SAH,superficie_habitacional,m2,True,1495.0,472412.0
2020-03-01,02,Antofagasta,SAH,superficie_habitacional,m2,True,5228.0,474549.0
2020-04-01,02,Antofagasta,SAH,superficie_habitacional,m2,True,14745.0,472399.0
2020-05-01,02,Antofagasta,SAH,superficie_habitacional,m2,True,1025.0,175368.0
2020-06-01,02,Antofagasta,SAH,superficie_habitacional,m2,True,692.0,135633.0
2020-07-01,02,Antofagasta,SAH,superficie_habitacional,m2,True,1358.0,133234.0
2020-08-01,02,Antofagasta,SAH,superficie_habitacional,m2,True,9484.0,117248.0
2020-09-01,02,Antofagasta,SAH,superficie_habitacional,m2,True,2886.0,98270.0
2020-10-01,02,Antofagasta,SAH,superficie_habitacional,m2,True,1296.0,83929.0
2020-11-01,02,Antofagasta,SAH,superficie_habitacional,m2,True,32988.0,80249.0
2020-12-01,02,Antofagasta,SAH,superficie_habitacional,m2,True,102581.0,177272.0
2021-01-01,02,Antofagasta,SAH,superficie_habitacional,m2,True,31892.0,205670.0
2021-02-01,02,Antofagasta,SAH,superficie_habitacional,m2,True,12162.0,216337.0
2021-03-01,02,Antofagasta,SAH,superficie_habitacional,m2,True,40960.0,252069.0
2021-04-01,02,Antofagasta,SAH,superficie_habitacional,m2,True,69360.0,306684.0
2021-05-01,02,Antofagasta,SAH,superficie_habitacional,m2,True,45782.0,351441.0
2021-06-01,02,Antofagasta,SAH,superficie_habitacional,m2,True,59265.0,410014.0
2021-07-01,02,Antofagasta,SAH,superficie_habitacional,m2,True,29293.0,437949.0
2021-08-01,02,Antofagasta,SAH,superficie_habitacional,m2,True,44589.0,473054.0
2021-09-01,02,Antofagasta,SAH,superficie_habitacional,m2,True,47411.0,517579.0
2021-10-01,02,Antofagasta,SAH,superficie_habitacional,m2,True,4050.0,520333.0
2021-11-01,02,Antofagasta,SAH,superficie_habitacional,m2,True,51622.0,538967.0
2021-12-01,02,Antofagasta,SAH,superficie_habitacional,m2,True,26039.0,462425.0
2022-01-01,02,Antofagasta,SAH,superficie_habitacional,m2,True,22279.0,452812.0
2022-02-01,02,Antofagasta,SAH,superficie_habitacional,m2,True,29615.0,470265.0
2022-03-01,02,Antofagasta,SAH,superficie_habitacional,m2,True,5073.0,434378.0
2022-04-01,02,Antofagasta,SAH,superficie_habitacional,m2,True,69255.0,434273.0
2022-05-01,02,Antofagasta,SAH,superficie_habitacional,m2,True,6032.0,394523.0
2022-06-01,02,Antofagasta,SAH,superficie_habitacional,m2,True,15173.0,350431.0
2022-07-01,02,Antofagasta,SAH,superficie_habitacional,m2,True,4146.0,325284.0
2022-08-01,02,Antofagasta,SAH,superficie_habitacional,m2,True,57327.0,338022.0
2022-09-01,02,Antofagasta,SAH,superficie_habitacional,m2,True,3832.0,294443.0
2022-10-01,02,Antofagasta,SAH,superficie_habitacional,m2,True,4457.0,294850.0
2022-11-01,02,Antofagasta,SAH,superficie_habitacional,m2,True,55044.0,298272.0
2022-12-01,02,Antofagasta,SAH,superficie_habitacional,m2,True,89412.0,361645.0
2023-01-01,02,Antofagasta,SAH,superficie_habitacional,m2,True,14966.0,354332.0
2023-02-01,02,Antofagasta,SAH,superficie_habitacional,m2,True,10238.0,334955.0
2023-03-01,02,Antofagasta,SAH,superficie_habitacional,m2,True,23361.0,353243.0
2023-04-01,02,Antofagasta,SAH,superficie_habitacional,m2,True,4960.0,288948.0
2023-05-01,02,Antofagasta,SAH,superficie_habitacional,m2,True,5893.0,288809.0
2023-06-01,02,Antofagasta,SAH,superficie_habitacional,m2,True,56066.0,329702.0
2023-07-01,02,Antofagasta,SAH,superficie_habitacional,m2,True,56632.0,382188.0
2023-08-01,02,Antofagasta,SAH,superficie_habitacional,m2,True,20893.0,345754.0
2023-09-01,02,Antofagasta,SAH,superficie_habitacional,m2,True,16213.0,358135.0
2023-10-01,02,Antofagasta,SAH,superficie_habitacional,m2,True,3964.0,357642.0
2023-11-01,02,Antofagasta,SAH,superficie_habitacional,m2,True,3107.0,305705.0
2023-12-01,02,Antofagasta,SAH,superficie_habitacional,m2,True,9456.0,225749.0
2024-01-01,02,Antofagasta,SAH,superficie_habitacional,m2,True,7835.0,218618.0
2024-02-01,02,Antofagasta,SAH,superficie_habitacional,m2,True,23856.0,232236.0
2024-03-01,02,Antofagasta,SAH,superficie_habitacional,m2,True,4512.0,213387.0
2024-04-01,02,Antofagasta,SAH,superficie_habitacional,m2,True,3862.0,212289.0
2024-05-01,02,Antofagasta,SAH,superficie_habitacional,m2,True,3593.0,209989.0
2024-06-01,02,Antofagasta,SAH,superficie_habitacional,m2,True,2433.0,156356.0
2024-07-01,02,Antofagasta,SAH,superficie_habitacional,m2,True,3924.0,103648.0
2024-08-01,02,Antofagasta,SAH,superficie_habitacional,m2,True,4459.0,87214.0
2024-09-01,02,Antofagasta,SAH,superficie_habitacional,m2,True,2798.0,73799.0
2024-10-01,02,Antofagasta,SAH,superficie_habitacional,m2,True,3099.0,72934.0
2024-11-01,02,Antofagasta,SAH,superficie_habitacional,m2,True,40430.0,110257.0
2024-12-01,02,Antofagasta,SAH,superficie_habitacional,m2,True,113666.0,214467.0
2025-01-01,02,Antofagasta,SAH,superficie_habitacional,m2,True,19323.0,225955.0
2025-02-01,02,Antofagasta,SAH,superficie_habitacional,m2,True,3397.0,205496.0
2025-03-01,02,Antofagasta,SAH,superficie_habitacional,m2,True,3348.0,204332.0
2025-04-01,02,Antofagasta,SAH,superficie_habitacional,m2,True,130452.0,330922.0
2025-05-01,02,Antofagasta,SAH,superficie_habitacional,m2,True,5008.0,332337.0
2025-06-01,02,Antofagasta,SAH,superficie_habitacional,m2,True,3643.0,333547.0
2025-07-01,02,Antofagasta,SAH,superficie_habitacional,m2,True,33017.0,362640.0
2025-08-01,02,Antofagasta,SAH,superficie_habitacional,m2,True,2408.0,360589.0
2025-09-01,02,Antofagasta,SAH,superficie_habitacional,m2,True,2532.0,360323.0
2025-10-01,02,Antofagasta,SAH,superficie_habitacional,m2,True,1430.0,358654.0
2025-11-01,02,Antofagasta,SAH,superficie_habitacional,m2,True,3130.0,321354.0
2025-12-01,02,Antofagasta,SAH,superficie_habitacional,m2,True,4117.0,211805.0
2026-01-01,02,Antofagasta,SAH,superficie_habitacional,m2,True,2364.0,194846.0
2026-02-01,02,Antofagasta,SAH,superficie_habitacional,m2,True,577.0,192026.0
2026-03-01,02,Antofagasta,SAH,superficie_habitacional,m2,True,21274.0,209952.0
2026-04-01,02,Antofagasta,SAH,superficie_habitacional,m2,True,23341.0,102841.0
2026-05-01,02,Antofagasta,SAH,superficie_habitacional,m2,True,15127.0,112960.0
2014-01-01,03,Atacama,SAH,superficie_habitacional,m2,True,4481.0,
2014-02-01,03,Atacama,SAH,superficie_habitacional,m2,True,35055.0,
2014-03-01,03,Atacama,SAH,superficie_habitacional,m2,True,3736.0,
2014-04-01,03,Atacama,SAH,superficie_habitacional,m2,True,12219.0,
2014-05-01,03,Atacama,SAH,superficie_habitacional,m2,True,2910.0,
2014-06-01,03,Atacama,SAH,superficie_habitacional,m2,True,2686.0,
2014-07-01,03,Atacama,SAH,superficie_habitacional,m2,True,6696.0,
2014-08-01,03,Atacama,SAH,superficie_habitacional,m2,True,10780.0,
2014-09-01,03,Atacama,SAH,superficie_habitacional,m2,True,4128.0,
2014-10-01,03,Atacama,SAH,superficie_habitacional,m2,True,26743.0,
2014-11-01,03,Atacama,SAH,superficie_habitacional,m2,True,5432.0,
2014-12-01,03,Atacama,SAH,superficie_habitacional,m2,True,2863.0,117729.0
2015-01-01,03,Atacama,SAH,superficie_habitacional,m2,True,3028.0,116276.0
2015-02-01,03,Atacama,SAH,superficie_habitacional,m2,True,5126.0,86347.0
2015-03-01,03,Atacama,SAH,superficie_habitacional,m2,True,28262.0,110873.0
2015-04-01,03,Atacama,SAH,superficie_habitacional,m2,True,2715.0,101369.0
2015-05-01,03,Atacama,SAH,superficie_habitacional,m2,True,11342.0,109801.0
2015-06-01,03,Atacama,SAH,superficie_habitacional,m2,True,12772.0,119887.0
2015-07-01,03,Atacama,SAH,superficie_habitacional,m2,True,3203.0,116394.0
2015-08-01,03,Atacama,SAH,superficie_habitacional,m2,True,7364.0,112978.0
2015-09-01,03,Atacama,SAH,superficie_habitacional,m2,True,4617.0,113467.0
2015-10-01,03,Atacama,SAH,superficie_habitacional,m2,True,4305.0,91029.0
2015-11-01,03,Atacama,SAH,superficie_habitacional,m2,True,66304.0,151901.0
2015-12-01,03,Atacama,SAH,superficie_habitacional,m2,True,55569.0,204607.0
2016-01-01,03,Atacama,SAH,superficie_habitacional,m2,True,3625.0,205204.0
2016-02-01,03,Atacama,SAH,superficie_habitacional,m2,True,2308.0,202386.0
2016-03-01,03,Atacama,SAH,superficie_habitacional,m2,True,3657.0,177781.0
2016-04-01,03,Atacama,SAH,superficie_habitacional,m2,True,1938.0,177004.0
2016-05-01,03,Atacama,SAH,superficie_habitacional,m2,True,1826.0,167488.0
2016-06-01,03,Atacama,SAH,superficie_habitacional,m2,True,3607.0,158323.0
2016-07-01,03,Atacama,SAH,superficie_habitacional,m2,True,3371.0,158491.0
2016-08-01,03,Atacama,SAH,superficie_habitacional,m2,True,5127.0,156254.0
2016-09-01,03,Atacama,SAH,superficie_habitacional,m2,True,4493.0,156130.0
2016-10-01,03,Atacama,SAH,superficie_habitacional,m2,True,3823.0,155648.0
2016-11-01,03,Atacama,SAH,superficie_habitacional,m2,True,8842.0,98186.0
2016-12-01,03,Atacama,SAH,superficie_habitacional,m2,True,14960.0,57577.0
2017-01-01,03,Atacama,SAH,superficie_habitacional,m2,True,16298.0,70250.0
2017-02-01,03,Atacama,SAH,superficie_habitacional,m2,True,22475.0,90417.0
2017-03-01,03,Atacama,SAH,superficie_habitacional,m2,True,18288.0,105048.0
2017-04-01,03,Atacama,SAH,superficie_habitacional,m2,True,3775.0,106885.0
2017-05-01,03,Atacama,SAH,superficie_habitacional,m2,True,6164.0,111223.0
2017-06-01,03,Atacama,SAH,superficie_habitacional,m2,True,16017.0,123633.0
2017-07-01,03,Atacama,SAH,superficie_habitacional,m2,True,15600.0,135862.0
2017-08-01,03,Atacama,SAH,superficie_habitacional,m2,True,14230.0,144965.0
2017-09-01,03,Atacama,SAH,superficie_habitacional,m2,True,3234.0,143706.0
2017-10-01,03,Atacama,SAH,superficie_habitacional,m2,True,16216.0,156099.0
2017-11-01,03,Atacama,SAH,superficie_habitacional,m2,True,5495.0,152752.0
2017-12-01,03,Atacama,SAH,superficie_habitacional,m2,True,18941.0,156733.0
2018-01-01,03,Atacama,SAH,superficie_habitacional,m2,True,11360.0,151795.0
2018-02-01,03,Atacama,SAH,superficie_habitacional,m2,True,10306.0,139626.0
2018-03-01,03,Atacama,SAH,superficie_habitacional,m2,True,4646.0,125984.0
2018-04-01,03,Atacama,SAH,superficie_habitacional,m2,True,7979.0,130188.0
2018-05-01,03,Atacama,SAH,superficie_habitacional,m2,True,11163.0,135187.0
2018-06-01,03,Atacama,SAH,superficie_habitacional,m2,True,9965.0,129135.0
2018-07-01,03,Atacama,SAH,superficie_habitacional,m2,True,14810.0,128345.0
2018-08-01,03,Atacama,SAH,superficie_habitacional,m2,True,4441.0,118556.0
2018-09-01,03,Atacama,SAH,superficie_habitacional,m2,True,4794.0,120116.0
2018-10-01,03,Atacama,SAH,superficie_habitacional,m2,True,6324.0,110224.0
2018-11-01,03,Atacama,SAH,superficie_habitacional,m2,True,3417.0,108146.0
2018-12-01,03,Atacama,SAH,superficie_habitacional,m2,True,25399.0,114604.0
2019-01-01,03,Atacama,SAH,superficie_habitacional,m2,True,5984.0,109228.0
2019-02-01,03,Atacama,SAH,superficie_habitacional,m2,True,8906.0,107828.0
2019-03-01,03,Atacama,SAH,superficie_habitacional,m2,True,6641.0,109823.0
2019-04-01,03,Atacama,SAH,superficie_habitacional,m2,True,4679.0,106523.0
2019-05-01,03,Atacama,SAH,superficie_habitacional,m2,True,18710.0,114070.0
2019-06-01,03,Atacama,SAH,superficie_habitacional,m2,True,3824.0,107929.0
2019-07-01,03,Atacama,SAH,superficie_habitacional,m2,True,7807.0,100926.0
2019-08-01,03,Atacama,SAH,superficie_habitacional,m2,True,2352.0,98837.0
2019-09-01,03,Atacama,SAH,superficie_habitacional,m2,True,2849.0,96892.0
2019-10-01,03,Atacama,SAH,superficie_habitacional,m2,True,12927.0,103495.0
2019-11-01,03,Atacama,SAH,superficie_habitacional,m2,True,12938.0,113016.0
2019-12-01,03,Atacama,SAH,superficie_habitacional,m2,True,9229.0,96846.0
2020-01-01,03,Atacama,SAH,superficie_habitacional,m2,True,16207.0,107069.0
2020-02-01,03,Atacama,SAH,superficie_habitacional,m2,True,2988.0,101151.0
2020-03-01,03,Atacama,SAH,superficie_habitacional,m2,True,8216.0,102726.0
2020-04-01,03,Atacama,SAH,superficie_habitacional,m2,True,1503.0,99550.0
2020-05-01,03,Atacama,SAH,superficie_habitacional,m2,True,10223.0,91063.0
2020-06-01,03,Atacama,SAH,superficie_habitacional,m2,True,9488.0,96727.0
2020-07-01,03,Atacama,SAH,superficie_habitacional,m2,True,2090.0,91010.0
2020-08-01,03,Atacama,SAH,superficie_habitacional,m2,True,8631.0,97289.0
2020-09-01,03,Atacama,SAH,superficie_habitacional,m2,True,9555.0,103995.0
2020-10-01,03,Atacama,SAH,superficie_habitacional,m2,True,2416.0,93484.0
2020-11-01,03,Atacama,SAH,superficie_habitacional,m2,True,23814.0,104360.0
2020-12-01,03,Atacama,SAH,superficie_habitacional,m2,True,25319.0,120450.0
2021-01-01,03,Atacama,SAH,superficie_habitacional,m2,True,2394.0,106637.0
2021-02-01,03,Atacama,SAH,superficie_habitacional,m2,True,27704.0,131353.0
2021-03-01,03,Atacama,SAH,superficie_habitacional,m2,True,3208.0,126345.0
2021-04-01,03,Atacama,SAH,superficie_habitacional,m2,True,18985.0,143827.0
2021-05-01,03,Atacama,SAH,superficie_habitacional,m2,True,14418.0,148022.0
2021-06-01,03,Atacama,SAH,superficie_habitacional,m2,True,4169.0,142703.0
2021-07-01,03,Atacama,SAH,superficie_habitacional,m2,True,2662.0,143275.0
2021-08-01,03,Atacama,SAH,superficie_habitacional,m2,True,2960.0,137604.0
2021-09-01,03,Atacama,SAH,superficie_habitacional,m2,True,19253.0,147302.0
2021-10-01,03,Atacama,SAH,superficie_habitacional,m2,True,14907.0,159793.0
2021-11-01,03,Atacama,SAH,superficie_habitacional,m2,True,3695.0,139674.0
2021-12-01,03,Atacama,SAH,superficie_habitacional,m2,True,45637.0,159992.0
2022-01-01,03,Atacama,SAH,superficie_habitacional,m2,True,1842.0,159440.0
2022-02-01,03,Atacama,SAH,superficie_habitacional,m2,True,2223.0,133959.0
2022-03-01,03,Atacama,SAH,superficie_habitacional,m2,True,21930.0,152681.0
2022-04-01,03,Atacama,SAH,superficie_habitacional,m2,True,5385.0,139081.0
2022-05-01,03,Atacama,SAH,superficie_habitacional,m2,True,11162.0,135825.0
2022-06-01,03,Atacama,SAH,superficie_habitacional,m2,True,1597.0,133253.0
2022-07-01,03,Atacama,SAH,superficie_habitacional,m2,True,13872.0,144463.0
2022-08-01,03,Atacama,SAH,superficie_habitacional,m2,True,7577.0,149080.0
2022-09-01,03,Atacama,SAH,superficie_habitacional,m2,True,4616.0,134443.0
2022-10-01,03,Atacama,SAH,superficie_habitacional,m2,True,2258.0,121794.0
2022-11-01,03,Atacama,SAH,superficie_habitacional,m2,True,9321.0,127420.0
2022-12-01,03,Atacama,SAH,superficie_habitacional,m2,True,41790.0,123573.0
2023-01-01,03,Atacama,SAH,superficie_habitacional,m2,True,3816.0,125547.0
2023-02-01,03,Atacama,SAH,superficie_habitacional,m2,True,3645.0,126969.0
2023-03-01,03,Atacama,SAH,superficie_habitacional,m2,True,4141.0,109180.0
2023-04-01,03,Atacama,SAH,superficie_habitacional,m2,True,19153.0,122948.0
2023-05-01,03,Atacama,SAH,superficie_habitacional,m2,True,13637.0,125423.0
2023-06-01,03,Atacama,SAH,superficie_habitacional,m2,True,3217.0,127043.0
2023-07-01,03,Atacama,SAH,superficie_habitacional,m2,True,29377.0,142548.0
2023-08-01,03,Atacama,SAH,superficie_habitacional,m2,True,1796.0,136767.0
2023-09-01,03,Atacama,SAH,superficie_habitacional,m2,True,1077.0,133228.0
2023-10-01,03,Atacama,SAH,superficie_habitacional,m2,True,1900.0,132870.0
2023-11-01,03,Atacama,SAH,superficie_habitacional,m2,True,17063.0,140612.0
2023-12-01,03,Atacama,SAH,superficie_habitacional,m2,True,1469.0,100291.0
2024-01-01,03,Atacama,SAH,superficie_habitacional,m2,True,8048.0,104523.0
2024-02-01,03,Atacama,SAH,superficie_habitacional,m2,True,2234.0,103112.0
2024-03-01,03,Atacama,SAH,superficie_habitacional,m2,True,20421.0,119392.0
2024-04-01,03,Atacama,SAH,superficie_habitacional,m2,True,59634.0,159873.0
2024-05-01,03,Atacama,SAH,superficie_habitacional,m2,True,23496.0,169732.0
2024-06-01,03,Atacama,SAH,superficie_habitacional,m2,True,2087.0,168602.0
2024-07-01,03,Atacama,SAH,superficie_habitacional,m2,True,2614.0,141839.0
2024-08-01,03,Atacama,SAH,superficie_habitacional,m2,True,1933.0,141976.0
2024-09-01,03,Atacama,SAH,superficie_habitacional,m2,True,13804.0,154703.0
2024-10-01,03,Atacama,SAH,superficie_habitacional,m2,True,2472.0,155275.0
2024-11-01,03,Atacama,SAH,superficie_habitacional,m2,True,754.0,138966.0
2024-12-01,03,Atacama,SAH,superficie_habitacional,m2,True,22606.0,160103.0
2025-01-01,03,Atacama,SAH,superficie_habitacional,m2,True,22023.0,174078.0
2025-02-01,03,Atacama,SAH,superficie_habitacional,m2,True,3308.0,175152.0
2025-03-01,03,Atacama,SAH,superficie_habitacional,m2,True,2564.0,157295.0
2025-04-01,03,Atacama,SAH,superficie_habitacional,m2,True,2383.0,100044.0
2025-05-01,03,Atacama,SAH,superficie_habitacional,m2,True,2048.0,78596.0
2025-06-01,03,Atacama,SAH,superficie_habitacional,m2,True,4688.0,81197.0
2025-07-01,03,Atacama,SAH,superficie_habitacional,m2,True,7515.0,86098.0
2025-08-01,03,Atacama,SAH,superficie_habitacional,m2,True,9776.0,93941.0
2025-09-01,03,Atacama,SAH,superficie_habitacional,m2,True,1981.0,82118.0
2025-10-01,03,Atacama,SAH,superficie_habitacional,m2,True,12853.0,92499.0
2025-11-01,03,Atacama,SAH,superficie_habitacional,m2,True,2538.0,94283.0
2025-12-01,03,Atacama,SAH,superficie_habitacional,m2,True,3657.0,75334.0
2026-01-01,03,Atacama,SAH,superficie_habitacional,m2,True,8843.0,62154.0
2026-02-01,03,Atacama,SAH,superficie_habitacional,m2,True,4901.0,63747.0
2026-03-01,03,Atacama,SAH,superficie_habitacional,m2,True,25843.0,87026.0
2026-04-01,03,Atacama,SAH,superficie_habitacional,m2,True,4244.0,88887.0
2026-05-01,03,Atacama,SAH,superficie_habitacional,m2,True,1937.0,88776.0
2014-01-01,04,Coquimbo,SAH,superficie_habitacional,m2,True,36590.0,
2014-02-01,04,Coquimbo,SAH,superficie_habitacional,m2,True,49836.0,
2014-03-01,04,Coquimbo,SAH,superficie_habitacional,m2,True,32729.0,
2014-04-01,04,Coquimbo,SAH,superficie_habitacional,m2,True,72675.0,
2014-05-01,04,Coquimbo,SAH,superficie_habitacional,m2,True,111229.0,
2014-06-01,04,Coquimbo,SAH,superficie_habitacional,m2,True,12544.0,
2014-07-01,04,Coquimbo,SAH,superficie_habitacional,m2,True,97743.0,
2014-08-01,04,Coquimbo,SAH,superficie_habitacional,m2,True,15272.0,
2014-09-01,04,Coquimbo,SAH,superficie_habitacional,m2,True,47622.0,
2014-10-01,04,Coquimbo,SAH,superficie_habitacional,m2,True,83654.0,
2014-11-01,04,Coquimbo,SAH,superficie_habitacional,m2,True,28230.0,
2014-12-01,04,Coquimbo,SAH,superficie_habitacional,m2,True,48541.0,636665.0
2015-01-01,04,Coquimbo,SAH,superficie_habitacional,m2,True,30021.0,630096.0
2015-02-01,04,Coquimbo,SAH,superficie_habitacional,m2,True,41095.0,621355.0
2015-03-01,04,Coquimbo,SAH,superficie_habitacional,m2,True,50414.0,639040.0
2015-04-01,04,Coquimbo,SAH,superficie_habitacional,m2,True,42874.0,609239.0
2015-05-01,04,Coquimbo,SAH,superficie_habitacional,m2,True,61400.0,559410.0
2015-06-01,04,Coquimbo,SAH,superficie_habitacional,m2,True,36879.0,583745.0
2015-07-01,04,Coquimbo,SAH,superficie_habitacional,m2,True,59183.0,545185.0
2015-08-01,04,Coquimbo,SAH,superficie_habitacional,m2,True,30232.0,560145.0
2015-09-01,04,Coquimbo,SAH,superficie_habitacional,m2,True,17363.0,529886.0
2015-10-01,04,Coquimbo,SAH,superficie_habitacional,m2,True,27647.0,473879.0
2015-11-01,04,Coquimbo,SAH,superficie_habitacional,m2,True,67448.0,513097.0
2015-12-01,04,Coquimbo,SAH,superficie_habitacional,m2,True,154383.0,618939.0
2016-01-01,04,Coquimbo,SAH,superficie_habitacional,m2,True,86799.0,675717.0
2016-02-01,04,Coquimbo,SAH,superficie_habitacional,m2,True,16754.0,651376.0
2016-03-01,04,Coquimbo,SAH,superficie_habitacional,m2,True,20294.0,621256.0
2016-04-01,04,Coquimbo,SAH,superficie_habitacional,m2,True,28987.0,607369.0
2016-05-01,04,Coquimbo,SAH,superficie_habitacional,m2,True,29856.0,575825.0
2016-06-01,04,Coquimbo,SAH,superficie_habitacional,m2,True,31017.0,569963.0
2016-07-01,04,Coquimbo,SAH,superficie_habitacional,m2,True,49898.0,560678.0
2016-08-01,04,Coquimbo,SAH,superficie_habitacional,m2,True,43171.0,573617.0
2016-09-01,04,Coquimbo,SAH,superficie_habitacional,m2,True,31279.0,587533.0
2016-10-01,04,Coquimbo,SAH,superficie_habitacional,m2,True,54558.0,614444.0
2016-11-01,04,Coquimbo,SAH,superficie_habitacional,m2,True,49630.0,596626.0
2016-12-01,04,Coquimbo,SAH,superficie_habitacional,m2,True,44230.0,486473.0
2017-01-01,04,Coquimbo,SAH,superficie_habitacional,m2,True,91014.0,490688.0
2017-02-01,04,Coquimbo,SAH,superficie_habitacional,m2,True,38929.0,512863.0
2017-03-01,04,Coquimbo,SAH,superficie_habitacional,m2,True,113645.0,606214.0
2017-04-01,04,Coquimbo,SAH,superficie_habitacional,m2,True,27841.0,605068.0
2017-05-01,04,Coquimbo,SAH,superficie_habitacional,m2,True,18145.0,593357.0
2017-06-01,04,Coquimbo,SAH,superficie_habitacional,m2,True,37865.0,600205.0
2017-07-01,04,Coquimbo,SAH,superficie_habitacional,m2,True,32626.0,582933.0
2017-08-01,04,Coquimbo,SAH,superficie_habitacional,m2,True,45627.0,585389.0
2017-09-01,04,Coquimbo,SAH,superficie_habitacional,m2,True,38317.0,592427.0
2017-10-01,04,Coquimbo,SAH,superficie_habitacional,m2,True,41720.0,579589.0
2017-11-01,04,Coquimbo,SAH,superficie_habitacional,m2,True,74819.0,604778.0
2017-12-01,04,Coquimbo,SAH,superficie_habitacional,m2,True,56899.0,617447.0
2018-01-01,04,Coquimbo,SAH,superficie_habitacional,m2,True,25226.0,551659.0
2018-02-01,04,Coquimbo,SAH,superficie_habitacional,m2,True,38811.0,551541.0
2018-03-01,04,Coquimbo,SAH,superficie_habitacional,m2,True,62806.0,500702.0
2018-04-01,04,Coquimbo,SAH,superficie_habitacional,m2,True,24437.0,497298.0
2018-05-01,04,Coquimbo,SAH,superficie_habitacional,m2,True,59836.0,538989.0
2018-06-01,04,Coquimbo,SAH,superficie_habitacional,m2,True,27761.0,528885.0
2018-07-01,04,Coquimbo,SAH,superficie_habitacional,m2,True,29839.0,526098.0
2018-08-01,04,Coquimbo,SAH,superficie_habitacional,m2,True,70318.0,550789.0
2018-09-01,04,Coquimbo,SAH,superficie_habitacional,m2,True,31719.0,544191.0
2018-10-01,04,Coquimbo,SAH,superficie_habitacional,m2,True,22302.0,524773.0
2018-11-01,04,Coquimbo,SAH,superficie_habitacional,m2,True,51485.0,501439.0
2018-12-01,04,Coquimbo,SAH,superficie_habitacional,m2,True,65967.0,510507.0
2019-01-01,04,Coquimbo,SAH,superficie_habitacional,m2,True,41314.0,526595.0
2019-02-01,04,Coquimbo,SAH,superficie_habitacional,m2,True,35874.0,523658.0
2019-03-01,04,Coquimbo,SAH,superficie_habitacional,m2,True,17746.0,478598.0
2019-04-01,04,Coquimbo,SAH,superficie_habitacional,m2,True,66255.0,520416.0
2019-05-01,04,Coquimbo,SAH,superficie_habitacional,m2,True,36843.0,497423.0
2019-06-01,04,Coquimbo,SAH,superficie_habitacional,m2,True,62012.0,531674.0
2019-07-01,04,Coquimbo,SAH,superficie_habitacional,m2,True,31705.0,533540.0
2019-08-01,04,Coquimbo,SAH,superficie_habitacional,m2,True,38722.0,501944.0
2019-09-01,04,Coquimbo,SAH,superficie_habitacional,m2,True,41752.0,511977.0
2019-10-01,04,Coquimbo,SAH,superficie_habitacional,m2,True,161220.0,650895.0
2019-11-01,04,Coquimbo,SAH,superficie_habitacional,m2,True,41062.0,640472.0
2019-12-01,04,Coquimbo,SAH,superficie_habitacional,m2,True,36647.0,611152.0
2020-01-01,04,Coquimbo,SAH,superficie_habitacional,m2,True,17092.0,586930.0
2020-02-01,04,Coquimbo,SAH,superficie_habitacional,m2,True,17721.0,568777.0
2020-03-01,04,Coquimbo,SAH,superficie_habitacional,m2,True,11469.0,562500.0
2020-04-01,04,Coquimbo,SAH,superficie_habitacional,m2,True,40212.0,536457.0
2020-05-01,04,Coquimbo,SAH,superficie_habitacional,m2,True,13888.0,513502.0
2020-06-01,04,Coquimbo,SAH,superficie_habitacional,m2,True,46614.0,498104.0
2020-07-01,04,Coquimbo,SAH,superficie_habitacional,m2,True,14609.0,481008.0
2020-08-01,04,Coquimbo,SAH,superficie_habitacional,m2,True,22005.0,464291.0
2020-09-01,04,Coquimbo,SAH,superficie_habitacional,m2,True,107212.0,529751.0
2020-10-01,04,Coquimbo,SAH,superficie_habitacional,m2,True,53834.0,422365.0
2020-11-01,04,Coquimbo,SAH,superficie_habitacional,m2,True,27672.0,408975.0
2020-12-01,04,Coquimbo,SAH,superficie_habitacional,m2,True,102084.0,474412.0
2021-01-01,04,Coquimbo,SAH,superficie_habitacional,m2,True,14637.0,471957.0
2021-02-01,04,Coquimbo,SAH,superficie_habitacional,m2,True,39457.0,493693.0
2021-03-01,04,Coquimbo,SAH,superficie_habitacional,m2,True,35874.0,518098.0
2021-04-01,04,Coquimbo,SAH,superficie_habitacional,m2,True,34047.0,511933.0
2021-05-01,04,Coquimbo,SAH,superficie_habitacional,m2,True,79155.0,577200.0
2021-06-01,04,Coquimbo,SAH,superficie_habitacional,m2,True,29730.0,560316.0
2021-07-01,04,Coquimbo,SAH,superficie_habitacional,m2,True,73355.0,619062.0
2021-08-01,04,Coquimbo,SAH,superficie_habitacional,m2,True,24821.0,621878.0
2021-09-01,04,Coquimbo,SAH,superficie_habitacional,m2,True,23539.0,538205.0
2021-10-01,04,Coquimbo,SAH,superficie_habitacional,m2,True,52654.0,537025.0
2021-11-01,04,Coquimbo,SAH,superficie_habitacional,m2,True,33920.0,543273.0
2021-12-01,04,Coquimbo,SAH,superficie_habitacional,m2,True,58322.0,499511.0
2022-01-01,04,Coquimbo,SAH,superficie_habitacional,m2,True,43228.0,528102.0
2022-02-01,04,Coquimbo,SAH,superficie_habitacional,m2,True,50297.0,538942.0
2022-03-01,04,Coquimbo,SAH,superficie_habitacional,m2,True,39442.0,542510.0
2022-04-01,04,Coquimbo,SAH,superficie_habitacional,m2,True,78721.0,587184.0
2022-05-01,04,Coquimbo,SAH,superficie_habitacional,m2,True,17937.0,525966.0
2022-06-01,04,Coquimbo,SAH,superficie_habitacional,m2,True,24115.0,520351.0
2022-07-01,04,Coquimbo,SAH,superficie_habitacional,m2,True,20593.0,467589.0
2022-08-01,04,Coquimbo,SAH,superficie_habitacional,m2,True,37872.0,480640.0
2022-09-01,04,Coquimbo,SAH,superficie_habitacional,m2,True,29982.0,487083.0
2022-10-01,04,Coquimbo,SAH,superficie_habitacional,m2,True,47178.0,481607.0
2022-11-01,04,Coquimbo,SAH,superficie_habitacional,m2,True,15176.0,462863.0
2022-12-01,04,Coquimbo,SAH,superficie_habitacional,m2,True,95861.0,500402.0
2023-01-01,04,Coquimbo,SAH,superficie_habitacional,m2,True,5195.0,462369.0
2023-02-01,04,Coquimbo,SAH,superficie_habitacional,m2,True,22739.0,434811.0
2023-03-01,04,Coquimbo,SAH,superficie_habitacional,m2,True,20026.0,415395.0
2023-04-01,04,Coquimbo,SAH,superficie_habitacional,m2,True,28534.0,365208.0
2023-05-01,04,Coquimbo,SAH,superficie_habitacional,m2,True,37397.0,384668.0
2023-06-01,04,Coquimbo,SAH,superficie_habitacional,m2,True,67061.0,427614.0
2023-07-01,04,Coquimbo,SAH,superficie_habitacional,m2,True,81954.0,488975.0
2023-08-01,04,Coquimbo,SAH,superficie_habitacional,m2,True,19433.0,470536.0
2023-09-01,04,Coquimbo,SAH,superficie_habitacional,m2,True,38622.0,479176.0
2023-10-01,04,Coquimbo,SAH,superficie_habitacional,m2,True,41775.0,473773.0
2023-11-01,04,Coquimbo,SAH,superficie_habitacional,m2,True,58330.0,516927.0
2023-12-01,04,Coquimbo,SAH,superficie_habitacional,m2,True,22299.0,443365.0
2024-01-01,04,Coquimbo,SAH,superficie_habitacional,m2,True,35760.0,473930.0
2024-02-01,04,Coquimbo,SAH,superficie_habitacional,m2,True,21520.0,472711.0
2024-03-01,04,Coquimbo,SAH,superficie_habitacional,m2,True,36679.0,489364.0
2024-04-01,04,Coquimbo,SAH,superficie_habitacional,m2,True,23162.0,483992.0
2024-05-01,04,Coquimbo,SAH,superficie_habitacional,m2,True,18302.0,464897.0
2024-06-01,04,Coquimbo,SAH,superficie_habitacional,m2,True,9674.0,407510.0
2024-07-01,04,Coquimbo,SAH,superficie_habitacional,m2,True,17388.0,342944.0
2024-08-01,04,Coquimbo,SAH,superficie_habitacional,m2,True,36466.0,359977.0
2024-09-01,04,Coquimbo,SAH,superficie_habitacional,m2,True,45995.0,367350.0
2024-10-01,04,Coquimbo,SAH,superficie_habitacional,m2,True,34997.0,360572.0
2024-11-01,04,Coquimbo,SAH,superficie_habitacional,m2,True,27943.0,330185.0
2024-12-01,04,Coquimbo,SAH,superficie_habitacional,m2,True,102267.0,410153.0
2025-01-01,04,Coquimbo,SAH,superficie_habitacional,m2,True,6390.0,380783.0
2025-02-01,04,Coquimbo,SAH,superficie_habitacional,m2,True,11572.0,370835.0
2025-03-01,04,Coquimbo,SAH,superficie_habitacional,m2,True,6518.0,340674.0
2025-04-01,04,Coquimbo,SAH,superficie_habitacional,m2,True,5439.0,322951.0
2025-05-01,04,Coquimbo,SAH,superficie_habitacional,m2,True,16142.0,320791.0
2025-06-01,04,Coquimbo,SAH,superficie_habitacional,m2,True,33794.0,344911.0
2025-07-01,04,Coquimbo,SAH,superficie_habitacional,m2,True,7813.0,335336.0
2025-08-01,04,Coquimbo,SAH,superficie_habitacional,m2,True,42118.0,340988.0
2025-09-01,04,Coquimbo,SAH,superficie_habitacional,m2,True,27430.0,322423.0
2025-10-01,04,Coquimbo,SAH,superficie_habitacional,m2,True,43035.0,330461.0
2025-11-01,04,Coquimbo,SAH,superficie_habitacional,m2,True,25902.0,328420.0
2025-12-01,04,Coquimbo,SAH,superficie_habitacional,m2,True,43744.0,269897.0
2026-01-01,04,Coquimbo,SAH,superficie_habitacional,m2,True,15279.0,278786.0
2026-02-01,04,Coquimbo,SAH,superficie_habitacional,m2,True,25635.0,292849.0
2026-03-01,04,Coquimbo,SAH,superficie_habitacional,m2,True,14037.0,300368.0
2026-04-01,04,Coquimbo,SAH,superficie_habitacional,m2,True,11053.0,305982.0
2026-05-01,04,Coquimbo,SAH,superficie_habitacional,m2,True,7351.0,297191.0
2014-01-01,05,Valparaíso,SAH,superficie_habitacional,m2,True,101404.0,
2014-02-01,05,Valparaíso,SAH,superficie_habitacional,m2,True,71829.0,
2014-03-01,05,Valparaíso,SAH,superficie_habitacional,m2,True,89242.0,
2014-04-01,05,Valparaíso,SAH,superficie_habitacional,m2,True,112831.0,
2014-05-01,05,Valparaíso,SAH,superficie_habitacional,m2,True,110263.0,
2014-06-01,05,Valparaíso,SAH,superficie_habitacional,m2,True,111142.0,
2014-07-01,05,Valparaíso,SAH,superficie_habitacional,m2,True,96106.0,
2014-08-01,05,Valparaíso,SAH,superficie_habitacional,m2,True,208288.0,
2014-09-01,05,Valparaíso,SAH,superficie_habitacional,m2,True,124062.0,
2014-10-01,05,Valparaíso,SAH,superficie_habitacional,m2,True,132939.0,
2014-11-01,05,Valparaíso,SAH,superficie_habitacional,m2,True,154738.0,
2014-12-01,05,Valparaíso,SAH,superficie_habitacional,m2,True,111456.0,1424300.0
2015-01-01,05,Valparaíso,SAH,superficie_habitacional,m2,True,133981.0,1456877.0
2015-02-01,05,Valparaíso,SAH,superficie_habitacional,m2,True,175042.0,1560090.0
2015-03-01,05,Valparaíso,SAH,superficie_habitacional,m2,True,197498.0,1668346.0
2015-04-01,05,Valparaíso,SAH,superficie_habitacional,m2,True,89681.0,1645196.0
2015-05-01,05,Valparaíso,SAH,superficie_habitacional,m2,True,90627.0,1625560.0
2015-06-01,05,Valparaíso,SAH,superficie_habitacional,m2,True,97786.0,1612204.0
2015-07-01,05,Valparaíso,SAH,superficie_habitacional,m2,True,186178.0,1702276.0
2015-08-01,05,Valparaíso,SAH,superficie_habitacional,m2,True,125063.0,1619051.0
2015-09-01,05,Valparaíso,SAH,superficie_habitacional,m2,True,97787.0,1592776.0
2015-10-01,05,Valparaíso,SAH,superficie_habitacional,m2,True,179991.0,1639828.0
2015-11-01,05,Valparaíso,SAH,superficie_habitacional,m2,True,247714.0,1732804.0
2015-12-01,05,Valparaíso,SAH,superficie_habitacional,m2,True,364901.0,1986249.0
2016-01-01,05,Valparaíso,SAH,superficie_habitacional,m2,True,49692.0,1901960.0
2016-02-01,05,Valparaíso,SAH,superficie_habitacional,m2,True,90550.0,1817468.0
2016-03-01,05,Valparaíso,SAH,superficie_habitacional,m2,True,195398.0,1815368.0
2016-04-01,05,Valparaíso,SAH,superficie_habitacional,m2,True,168270.0,1893957.0
2016-05-01,05,Valparaíso,SAH,superficie_habitacional,m2,True,81285.0,1884615.0
2016-06-01,05,Valparaíso,SAH,superficie_habitacional,m2,True,87169.0,1873998.0
2016-07-01,05,Valparaíso,SAH,superficie_habitacional,m2,True,72236.0,1760056.0
2016-08-01,05,Valparaíso,SAH,superficie_habitacional,m2,True,79474.0,1714467.0
2016-09-01,05,Valparaíso,SAH,superficie_habitacional,m2,True,117040.0,1733720.0
2016-10-01,05,Valparaíso,SAH,superficie_habitacional,m2,True,79927.0,1633656.0
2016-11-01,05,Valparaíso,SAH,superficie_habitacional,m2,True,78457.0,1464399.0
2016-12-01,05,Valparaíso,SAH,superficie_habitacional,m2,True,212425.0,1311923.0
2017-01-01,05,Valparaíso,SAH,superficie_habitacional,m2,True,110225.0,1372456.0
2017-02-01,05,Valparaíso,SAH,superficie_habitacional,m2,True,68852.0,1350758.0
2017-03-01,05,Valparaíso,SAH,superficie_habitacional,m2,True,174913.0,1330273.0
2017-04-01,05,Valparaíso,SAH,superficie_habitacional,m2,True,87268.0,1249271.0
2017-05-01,05,Valparaíso,SAH,superficie_habitacional,m2,True,218638.0,1386624.0
2017-06-01,05,Valparaíso,SAH,superficie_habitacional,m2,True,76621.0,1376076.0
2017-07-01,05,Valparaíso,SAH,superficie_habitacional,m2,True,176976.0,1480816.0
2017-08-01,05,Valparaíso,SAH,superficie_habitacional,m2,True,79022.0,1480364.0
2017-09-01,05,Valparaíso,SAH,superficie_habitacional,m2,True,116100.0,1479424.0
2017-10-01,05,Valparaíso,SAH,superficie_habitacional,m2,True,62039.0,1461536.0
2017-11-01,05,Valparaíso,SAH,superficie_habitacional,m2,True,46524.0,1429603.0
2017-12-01,05,Valparaíso,SAH,superficie_habitacional,m2,True,162204.0,1379382.0
2018-01-01,05,Valparaíso,SAH,superficie_habitacional,m2,True,173347.0,1442504.0
2018-02-01,05,Valparaíso,SAH,superficie_habitacional,m2,True,97084.0,1470736.0
2018-03-01,05,Valparaíso,SAH,superficie_habitacional,m2,True,97172.0,1392995.0
2018-04-01,05,Valparaíso,SAH,superficie_habitacional,m2,True,194892.0,1500619.0
2018-05-01,05,Valparaíso,SAH,superficie_habitacional,m2,True,224550.0,1506531.0
2018-06-01,05,Valparaíso,SAH,superficie_habitacional,m2,True,235215.0,1665125.0
2018-07-01,05,Valparaíso,SAH,superficie_habitacional,m2,True,47928.0,1536077.0
2018-08-01,05,Valparaíso,SAH,superficie_habitacional,m2,True,84306.0,1541361.0
2018-09-01,05,Valparaíso,SAH,superficie_habitacional,m2,True,98620.0,1523881.0
2018-10-01,05,Valparaíso,SAH,superficie_habitacional,m2,True,172725.0,1634567.0
2018-11-01,05,Valparaíso,SAH,superficie_habitacional,m2,True,148877.0,1736920.0
2018-12-01,05,Valparaíso,SAH,superficie_habitacional,m2,True,83950.0,1658666.0
2019-01-01,05,Valparaíso,SAH,superficie_habitacional,m2,True,138122.0,1623441.0
2019-02-01,05,Valparaíso,SAH,superficie_habitacional,m2,True,139196.0,1665553.0
2019-03-01,05,Valparaíso,SAH,superficie_habitacional,m2,True,151082.0,1719463.0
2019-04-01,05,Valparaíso,SAH,superficie_habitacional,m2,True,83063.0,1607634.0
2019-05-01,05,Valparaíso,SAH,superficie_habitacional,m2,True,118090.0,1501174.0
2019-06-01,05,Valparaíso,SAH,superficie_habitacional,m2,True,124171.0,1390130.0
2019-07-01,05,Valparaíso,SAH,superficie_habitacional,m2,True,28635.0,1370837.0
2019-08-01,05,Valparaíso,SAH,superficie_habitacional,m2,True,80849.0,1367380.0
2019-09-01,05,Valparaíso,SAH,superficie_habitacional,m2,True,82297.0,1351057.0
2019-10-01,05,Valparaíso,SAH,superficie_habitacional,m2,True,121151.0,1299483.0
2019-11-01,05,Valparaíso,SAH,superficie_habitacional,m2,True,88910.0,1239516.0
2019-12-01,05,Valparaíso,SAH,superficie_habitacional,m2,True,129557.0,1285123.0
2020-01-01,05,Valparaíso,SAH,superficie_habitacional,m2,True,117111.0,1264112.0
2020-02-01,05,Valparaíso,SAH,superficie_habitacional,m2,True,59166.0,1184082.0
2020-03-01,05,Valparaíso,SAH,superficie_habitacional,m2,True,36310.0,1069310.0
2020-04-01,05,Valparaíso,SAH,superficie_habitacional,m2,True,59651.0,1045898.0
2020-05-01,05,Valparaíso,SAH,superficie_habitacional,m2,True,131045.0,1058853.0
2020-06-01,05,Valparaíso,SAH,superficie_habitacional,m2,True,51602.0,986284.0
2020-07-01,05,Valparaíso,SAH,superficie_habitacional,m2,True,106852.0,1064501.0
2020-08-01,05,Valparaíso,SAH,superficie_habitacional,m2,True,115127.0,1098779.0
2020-09-01,05,Valparaíso,SAH,superficie_habitacional,m2,True,91797.0,1108279.0
2020-10-01,05,Valparaíso,SAH,superficie_habitacional,m2,True,125322.0,1112450.0
2020-11-01,05,Valparaíso,SAH,superficie_habitacional,m2,True,76368.0,1099908.0
2020-12-01,05,Valparaíso,SAH,superficie_habitacional,m2,True,67233.0,1037584.0
2021-01-01,05,Valparaíso,SAH,superficie_habitacional,m2,True,55912.0,976385.0
2021-02-01,05,Valparaíso,SAH,superficie_habitacional,m2,True,20585.0,937804.0
2021-03-01,05,Valparaíso,SAH,superficie_habitacional,m2,True,99490.0,1000984.0
2021-04-01,05,Valparaíso,SAH,superficie_habitacional,m2,True,54510.0,995843.0
2021-05-01,05,Valparaíso,SAH,superficie_habitacional,m2,True,63653.0,928451.0
2021-06-01,05,Valparaíso,SAH,superficie_habitacional,m2,True,111938.0,988787.0
2021-07-01,05,Valparaíso,SAH,superficie_habitacional,m2,True,160283.0,1042218.0
2021-08-01,05,Valparaíso,SAH,superficie_habitacional,m2,True,67469.0,994560.0
2021-09-01,05,Valparaíso,SAH,superficie_habitacional,m2,True,53864.0,956627.0
2021-10-01,05,Valparaíso,SAH,superficie_habitacional,m2,True,72432.0,903737.0
2021-11-01,05,Valparaíso,SAH,superficie_habitacional,m2,True,106969.0,934338.0
2021-12-01,05,Valparaíso,SAH,superficie_habitacional,m2,True,88848.0,955953.0
2022-01-01,05,Valparaíso,SAH,superficie_habitacional,m2,True,38380.0,938421.0
2022-02-01,05,Valparaíso,SAH,superficie_habitacional,m2,True,47602.0,965438.0
2022-03-01,05,Valparaíso,SAH,superficie_habitacional,m2,True,95073.0,961021.0
2022-04-01,05,Valparaíso,SAH,superficie_habitacional,m2,True,78013.0,984524.0
2022-05-01,05,Valparaíso,SAH,superficie_habitacional,m2,True,54310.0,975181.0
2022-06-01,05,Valparaíso,SAH,superficie_habitacional,m2,True,47929.0,911172.0
2022-07-01,05,Valparaíso,SAH,superficie_habitacional,m2,True,29713.0,780602.0
2022-08-01,05,Valparaíso,SAH,superficie_habitacional,m2,True,51340.0,764473.0
2022-09-01,05,Valparaíso,SAH,superficie_habitacional,m2,True,31201.0,741810.0
2022-10-01,05,Valparaíso,SAH,superficie_habitacional,m2,True,53024.0,722402.0
2022-11-01,05,Valparaíso,SAH,superficie_habitacional,m2,True,88417.0,703850.0
2022-12-01,05,Valparaíso,SAH,superficie_habitacional,m2,True,132511.0,747513.0
2023-01-01,05,Valparaíso,SAH,superficie_habitacional,m2,True,43547.0,752680.0
2023-02-01,05,Valparaíso,SAH,superficie_habitacional,m2,True,23402.0,728480.0
2023-03-01,05,Valparaíso,SAH,superficie_habitacional,m2,True,59218.0,692625.0
2023-04-01,05,Valparaíso,SAH,superficie_habitacional,m2,True,59472.0,674084.0
2023-05-01,05,Valparaíso,SAH,superficie_habitacional,m2,True,65557.0,685331.0
2023-06-01,05,Valparaíso,SAH,superficie_habitacional,m2,True,49846.0,687248.0
2023-07-01,05,Valparaíso,SAH,superficie_habitacional,m2,True,75435.0,732970.0
2023-08-01,05,Valparaíso,SAH,superficie_habitacional,m2,True,60323.0,741953.0
2023-09-01,05,Valparaíso,SAH,superficie_habitacional,m2,True,57677.0,768429.0
2023-10-01,05,Valparaíso,SAH,superficie_habitacional,m2,True,98048.0,813453.0
2023-11-01,05,Valparaíso,SAH,superficie_habitacional,m2,True,41152.0,766188.0
2023-12-01,05,Valparaíso,SAH,superficie_habitacional,m2,True,89833.0,723510.0
2024-01-01,05,Valparaíso,SAH,superficie_habitacional,m2,True,92638.0,772601.0
2024-02-01,05,Valparaíso,SAH,superficie_habitacional,m2,True,28495.0,777694.0
2024-03-01,05,Valparaíso,SAH,superficie_habitacional,m2,True,77756.0,796232.0
2024-04-01,05,Valparaíso,SAH,superficie_habitacional,m2,True,48971.0,785731.0
2024-05-01,05,Valparaíso,SAH,superficie_habitacional,m2,True,63538.0,783712.0
2024-06-01,05,Valparaíso,SAH,superficie_habitacional,m2,True,40074.0,773940.0
2024-07-01,05,Valparaíso,SAH,superficie_habitacional,m2,True,41812.0,740317.0
2024-08-01,05,Valparaíso,SAH,superficie_habitacional,m2,True,48265.0,728259.0
2024-09-01,05,Valparaíso,SAH,superficie_habitacional,m2,True,65178.0,735760.0
2024-10-01,05,Valparaíso,SAH,superficie_habitacional,m2,True,71523.0,709235.0
2024-11-01,05,Valparaíso,SAH,superficie_habitacional,m2,True,43240.0,711323.0
2024-12-01,05,Valparaíso,SAH,superficie_habitacional,m2,True,126232.0,747722.0
2025-01-01,05,Valparaíso,SAH,superficie_habitacional,m2,True,54331.0,709415.0
2025-02-01,05,Valparaíso,SAH,superficie_habitacional,m2,True,32595.0,713515.0
2025-03-01,05,Valparaíso,SAH,superficie_habitacional,m2,True,33309.0,669068.0
2025-04-01,05,Valparaíso,SAH,superficie_habitacional,m2,True,103018.0,723115.0
2025-05-01,05,Valparaíso,SAH,superficie_habitacional,m2,True,63454.0,723031.0
2025-06-01,05,Valparaíso,SAH,superficie_habitacional,m2,True,79718.0,762675.0
2025-07-01,05,Valparaíso,SAH,superficie_habitacional,m2,True,87241.0,808104.0
2025-08-01,05,Valparaíso,SAH,superficie_habitacional,m2,True,58410.0,818249.0
2025-09-01,05,Valparaíso,SAH,superficie_habitacional,m2,True,58837.0,811908.0
2025-10-01,05,Valparaíso,SAH,superficie_habitacional,m2,True,68086.0,808471.0
2025-11-01,05,Valparaíso,SAH,superficie_habitacional,m2,True,69853.0,835084.0
2025-12-01,05,Valparaíso,SAH,superficie_habitacional,m2,True,51507.0,760359.0
2026-01-01,05,Valparaíso,SAH,superficie_habitacional,m2,True,76557.0,782585.0
2026-02-01,05,Valparaíso,SAH,superficie_habitacional,m2,True,39063.0,789053.0
2026-03-01,05,Valparaíso,SAH,superficie_habitacional,m2,True,67585.0,823329.0
2026-04-01,05,Valparaíso,SAH,superficie_habitacional,m2,True,62003.0,782314.0
2026-05-01,05,Valparaíso,SAH,superficie_habitacional,m2,True,87166.0,806026.0
2014-01-01,06,O'Higgins,SAH,superficie_habitacional,m2,True,118837.0,
2014-02-01,06,O'Higgins,SAH,superficie_habitacional,m2,True,21911.0,
2014-03-01,06,O'Higgins,SAH,superficie_habitacional,m2,True,52479.0,
2014-04-01,06,O'Higgins,SAH,superficie_habitacional,m2,True,23575.0,
2014-05-01,06,O'Higgins,SAH,superficie_habitacional,m2,True,43214.0,
2014-06-01,06,O'Higgins,SAH,superficie_habitacional,m2,True,58542.0,
2014-07-01,06,O'Higgins,SAH,superficie_habitacional,m2,True,62681.0,
2014-08-01,06,O'Higgins,SAH,superficie_habitacional,m2,True,27604.0,
2014-09-01,06,O'Higgins,SAH,superficie_habitacional,m2,True,32724.0,
2014-10-01,06,O'Higgins,SAH,superficie_habitacional,m2,True,122748.0,
2014-11-01,06,O'Higgins,SAH,superficie_habitacional,m2,True,24240.0,
2014-12-01,06,O'Higgins,SAH,superficie_habitacional,m2,True,31912.0,620467.0
2015-01-01,06,O'Higgins,SAH,superficie_habitacional,m2,True,69207.0,570837.0
2015-02-01,06,O'Higgins,SAH,superficie_habitacional,m2,True,45797.0,594723.0
2015-03-01,06,O'Higgins,SAH,superficie_habitacional,m2,True,41951.0,584195.0
2015-04-01,06,O'Higgins,SAH,superficie_habitacional,m2,True,27180.0,587800.0
2015-05-01,06,O'Higgins,SAH,superficie_habitacional,m2,True,46742.0,591328.0
2015-06-01,06,O'Higgins,SAH,superficie_habitacional,m2,True,65863.0,598649.0
2015-07-01,06,O'Higgins,SAH,superficie_habitacional,m2,True,76771.0,612739.0
2015-08-01,06,O'Higgins,SAH,superficie_habitacional,m2,True,53205.0,638340.0
2015-09-01,06,O'Higgins,SAH,superficie_habitacional,m2,True,32360.0,637976.0
2015-10-01,06,O'Higgins,SAH,superficie_habitacional,m2,True,40366.0,555594.0
2015-11-01,06,O'Higgins,SAH,superficie_habitacional,m2,True,38310.0,569664.0
2015-12-01,06,O'Higgins,SAH,superficie_habitacional,m2,True,116479.0,654231.0
2016-01-01,06,O'Higgins,SAH,superficie_habitacional,m2,True,25213.0,610237.0
2016-02-01,06,O'Higgins,SAH,superficie_habitacional,m2,True,42042.0,606482.0
2016-03-01,06,O'Higgins,SAH,superficie_habitacional,m2,True,32906.0,597437.0
2016-04-01,06,O'Higgins,SAH,superficie_habitacional,m2,True,25610.0,595867.0
2016-05-01,06,O'Higgins,SAH,superficie_habitacional,m2,True,21253.0,570378.0
2016-06-01,06,O'Higgins,SAH,superficie_habitacional,m2,True,18625.0,523140.0
2016-07-01,06,O'Higgins,SAH,superficie_habitacional,m2,True,23723.0,470092.0
2016-08-01,06,O'Higgins,SAH,superficie_habitacional,m2,True,38239.0,455126.0
2016-09-01,06,O'Higgins,SAH,superficie_habitacional,m2,True,35297.0,458063.0
2016-10-01,06,O'Higgins,SAH,superficie_habitacional,m2,True,45912.0,463609.0
2016-11-01,06,O'Higgins,SAH,superficie_habitacional,m2,True,17014.0,442313.0
2016-12-01,06,O'Higgins,SAH,superficie_habitacional,m2,True,44694.0,370528.0
2017-01-01,06,O'Higgins,SAH,superficie_habitacional,m2,True,70355.0,415670.0
2017-02-01,06,O'Higgins,SAH,superficie_habitacional,m2,True,27910.0,401538.0
2017-03-01,06,O'Higgins,SAH,superficie_habitacional,m2,True,64681.0,433313.0
2017-04-01,06,O'Higgins,SAH,superficie_habitacional,m2,True,61939.0,469642.0
2017-05-01,06,O'Higgins,SAH,superficie_habitacional,m2,True,44187.0,492576.0
2017-06-01,06,O'Higgins,SAH,superficie_habitacional,m2,True,69297.0,543248.0
2017-07-01,06,O'Higgins,SAH,superficie_habitacional,m2,True,72174.0,591699.0
2017-08-01,06,O'Higgins,SAH,superficie_habitacional,m2,True,43736.0,597196.0
2017-09-01,06,O'Higgins,SAH,superficie_habitacional,m2,True,36606.0,598505.0
2017-10-01,06,O'Higgins,SAH,superficie_habitacional,m2,True,35762.0,588355.0
2017-11-01,06,O'Higgins,SAH,superficie_habitacional,m2,True,38252.0,609593.0
2017-12-01,06,O'Higgins,SAH,superficie_habitacional,m2,True,41467.0,606366.0
2018-01-01,06,O'Higgins,SAH,superficie_habitacional,m2,True,29232.0,565243.0
2018-02-01,06,O'Higgins,SAH,superficie_habitacional,m2,True,29624.0,566957.0
2018-03-01,06,O'Higgins,SAH,superficie_habitacional,m2,True,31862.0,534138.0
2018-04-01,06,O'Higgins,SAH,superficie_habitacional,m2,True,82976.0,555175.0
2018-05-01,06,O'Higgins,SAH,superficie_habitacional,m2,True,144962.0,655950.0
2018-06-01,06,O'Higgins,SAH,superficie_habitacional,m2,True,26324.0,612977.0
2018-07-01,06,O'Higgins,SAH,superficie_habitacional,m2,True,30345.0,571148.0
2018-08-01,06,O'Higgins,SAH,superficie_habitacional,m2,True,26193.0,553605.0
2018-09-01,06,O'Higgins,SAH,superficie_habitacional,m2,True,14371.0,531370.0
2018-10-01,06,O'Higgins,SAH,superficie_habitacional,m2,True,41412.0,537020.0
2018-11-01,06,O'Higgins,SAH,superficie_habitacional,m2,True,43689.0,542457.0
2018-12-01,06,O'Higgins,SAH,superficie_habitacional,m2,True,36218.0,537208.0
2019-01-01,06,O'Higgins,SAH,superficie_habitacional,m2,True,47825.0,555801.0
2019-02-01,06,O'Higgins,SAH,superficie_habitacional,m2,True,29447.0,555624.0
2019-03-01,06,O'Higgins,SAH,superficie_habitacional,m2,True,56024.0,579786.0
2019-04-01,06,O'Higgins,SAH,superficie_habitacional,m2,True,65678.0,562488.0
2019-05-01,06,O'Higgins,SAH,superficie_habitacional,m2,True,61333.0,478859.0
2019-06-01,06,O'Higgins,SAH,superficie_habitacional,m2,True,51901.0,504436.0
2019-07-01,06,O'Higgins,SAH,superficie_habitacional,m2,True,87151.0,561242.0
2019-08-01,06,O'Higgins,SAH,superficie_habitacional,m2,True,35529.0,570578.0
2019-09-01,06,O'Higgins,SAH,superficie_habitacional,m2,True,18692.0,574899.0
2019-10-01,06,O'Higgins,SAH,superficie_habitacional,m2,True,55362.0,588849.0
2019-11-01,06,O'Higgins,SAH,superficie_habitacional,m2,True,35016.0,580176.0
2019-12-01,06,O'Higgins,SAH,superficie_habitacional,m2,True,82656.0,626614.0
2020-01-01,06,O'Higgins,SAH,superficie_habitacional,m2,True,66452.0,645241.0
2020-02-01,06,O'Higgins,SAH,superficie_habitacional,m2,True,37163.0,652957.0
2020-03-01,06,O'Higgins,SAH,superficie_habitacional,m2,True,9870.0,606803.0
2020-04-01,06,O'Higgins,SAH,superficie_habitacional,m2,True,38403.0,579528.0
2020-05-01,06,O'Higgins,SAH,superficie_habitacional,m2,True,41783.0,559978.0
2020-06-01,06,O'Higgins,SAH,superficie_habitacional,m2,True,15081.0,523158.0
2020-07-01,06,O'Higgins,SAH,superficie_habitacional,m2,True,29574.0,465581.0
2020-08-01,06,O'Higgins,SAH,superficie_habitacional,m2,True,33827.0,463879.0
2020-09-01,06,O'Higgins,SAH,superficie_habitacional,m2,True,60978.0,506165.0
2020-10-01,06,O'Higgins,SAH,superficie_habitacional,m2,True,25617.0,476420.0
2020-11-01,06,O'Higgins,SAH,superficie_habitacional,m2,True,36366.0,477770.0
2020-12-01,06,O'Higgins,SAH,superficie_habitacional,m2,True,78424.0,473538.0
2021-01-01,06,O'Higgins,SAH,superficie_habitacional,m2,True,68124.0,475210.0
2021-02-01,06,O'Higgins,SAH,superficie_habitacional,m2,True,44139.0,482186.0
2021-03-01,06,O'Higgins,SAH,superficie_habitacional,m2,True,35714.0,508030.0
2021-04-01,06,O'Higgins,SAH,superficie_habitacional,m2,True,69794.0,539421.0
2021-05-01,06,O'Higgins,SAH,superficie_habitacional,m2,True,63766.0,561404.0
2021-06-01,06,O'Higgins,SAH,superficie_habitacional,m2,True,29136.0,575459.0
2021-07-01,06,O'Higgins,SAH,superficie_habitacional,m2,True,36066.0,581951.0
2021-08-01,06,O'Higgins,SAH,superficie_habitacional,m2,True,65305.0,613429.0
2021-09-01,06,O'Higgins,SAH,superficie_habitacional,m2,True,14048.0,566499.0
2021-10-01,06,O'Higgins,SAH,superficie_habitacional,m2,True,37752.0,578634.0
2021-11-01,06,O'Higgins,SAH,superficie_habitacional,m2,True,27771.0,570039.0
2021-12-01,06,O'Higgins,SAH,superficie_habitacional,m2,True,43768.0,535383.0
2022-01-01,06,O'Higgins,SAH,superficie_habitacional,m2,True,48020.0,515279.0
2022-02-01,06,O'Higgins,SAH,superficie_habitacional,m2,True,18248.0,489388.0
2022-03-01,06,O'Higgins,SAH,superficie_habitacional,m2,True,39724.0,493398.0
2022-04-01,06,O'Higgins,SAH,superficie_habitacional,m2,True,21355.0,444959.0
2022-05-01,06,O'Higgins,SAH,superficie_habitacional,m2,True,45328.0,426521.0
2022-06-01,06,O'Higgins,SAH,superficie_habitacional,m2,True,16295.0,413680.0
2022-07-01,06,O'Higgins,SAH,superficie_habitacional,m2,True,16344.0,393958.0
2022-08-01,06,O'Higgins,SAH,superficie_habitacional,m2,True,54702.0,383355.0
2022-09-01,06,O'Higgins,SAH,superficie_habitacional,m2,True,16188.0,385495.0
2022-10-01,06,O'Higgins,SAH,superficie_habitacional,m2,True,29745.0,377488.0
2022-11-01,06,O'Higgins,SAH,superficie_habitacional,m2,True,65282.0,414999.0
2022-12-01,06,O'Higgins,SAH,superficie_habitacional,m2,True,103193.0,474424.0
2023-01-01,06,O'Higgins,SAH,superficie_habitacional,m2,True,25959.0,452363.0
2023-02-01,06,O'Higgins,SAH,superficie_habitacional,m2,True,18657.0,452772.0
2023-03-01,06,O'Higgins,SAH,superficie_habitacional,m2,True,24033.0,437081.0
2023-04-01,06,O'Higgins,SAH,superficie_habitacional,m2,True,18928.0,434654.0
2023-05-01,06,O'Higgins,SAH,superficie_habitacional,m2,True,98254.0,487580.0
2023-06-01,06,O'Higgins,SAH,superficie_habitacional,m2,True,16285.0,487570.0
2023-07-01,06,O'Higgins,SAH,superficie_habitacional,m2,True,17818.0,489044.0
2023-08-01,06,O'Higgins,SAH,superficie_habitacional,m2,True,43249.0,477591.0
2023-09-01,06,O'Higgins,SAH,superficie_habitacional,m2,True,26159.0,487562.0
2023-10-01,06,O'Higgins,SAH,superficie_habitacional,m2,True,29728.0,487545.0
2023-11-01,06,O'Higgins,SAH,superficie_habitacional,m2,True,67278.0,489541.0
2023-12-01,06,O'Higgins,SAH,superficie_habitacional,m2,True,64856.0,451204.0
2024-01-01,06,O'Higgins,SAH,superficie_habitacional,m2,True,43455.0,468700.0
2024-02-01,06,O'Higgins,SAH,superficie_habitacional,m2,True,28605.0,478648.0
2024-03-01,06,O'Higgins,SAH,superficie_habitacional,m2,True,22060.0,476675.0
2024-04-01,06,O'Higgins,SAH,superficie_habitacional,m2,True,43345.0,501092.0
2024-05-01,06,O'Higgins,SAH,superficie_habitacional,m2,True,53768.0,456606.0
2024-06-01,06,O'Higgins,SAH,superficie_habitacional,m2,True,77105.0,517426.0
2024-07-01,06,O'Higgins,SAH,superficie_habitacional,m2,True,19702.0,519310.0
2024-08-01,06,O'Higgins,SAH,superficie_habitacional,m2,True,62572.0,538633.0
2024-09-01,06,O'Higgins,SAH,superficie_habitacional,m2,True,29974.0,542448.0
2024-10-01,06,O'Higgins,SAH,superficie_habitacional,m2,True,42269.0,554989.0
2024-11-01,06,O'Higgins,SAH,superficie_habitacional,m2,True,14368.0,502079.0
2024-12-01,06,O'Higgins,SAH,superficie_habitacional,m2,True,80165.0,517388.0
2025-01-01,06,O'Higgins,SAH,superficie_habitacional,m2,True,19918.0,493851.0
2025-02-01,06,O'Higgins,SAH,superficie_habitacional,m2,True,34134.0,499380.0
2025-03-01,06,O'Higgins,SAH,superficie_habitacional,m2,True,22574.0,499894.0
2025-04-01,06,O'Higgins,SAH,superficie_habitacional,m2,True,16569.0,473118.0
2025-05-01,06,O'Higgins,SAH,superficie_habitacional,m2,True,19961.0,439311.0
2025-06-01,06,O'Higgins,SAH,superficie_habitacional,m2,True,19861.0,382067.0
2025-07-01,06,O'Higgins,SAH,superficie_habitacional,m2,True,109513.0,471878.0
2025-08-01,06,O'Higgins,SAH,superficie_habitacional,m2,True,25469.0,434775.0
2025-09-01,06,O'Higgins,SAH,superficie_habitacional,m2,True,61074.0,465875.0
2025-10-01,06,O'Higgins,SAH,superficie_habitacional,m2,True,118106.0,541712.0
2025-11-01,06,O'Higgins,SAH,superficie_habitacional,m2,True,61584.0,588928.0
2025-12-01,06,O'Higgins,SAH,superficie_habitacional,m2,True,39462.0,548225.0
2026-01-01,06,O'Higgins,SAH,superficie_habitacional,m2,True,21298.0,549605.0
2026-02-01,06,O'Higgins,SAH,superficie_habitacional,m2,True,42881.0,558352.0
2026-03-01,06,O'Higgins,SAH,superficie_habitacional,m2,True,55239.0,591017.0
2026-04-01,06,O'Higgins,SAH,superficie_habitacional,m2,True,27722.0,602170.0
2026-05-01,06,O'Higgins,SAH,superficie_habitacional,m2,True,58421.0,640630.0
2014-01-01,07,Maule,SAH,superficie_habitacional,m2,True,77098.0,
2014-02-01,07,Maule,SAH,superficie_habitacional,m2,True,53189.0,
2014-03-01,07,Maule,SAH,superficie_habitacional,m2,True,66432.0,
2014-04-01,07,Maule,SAH,superficie_habitacional,m2,True,57994.0,
2014-05-01,07,Maule,SAH,superficie_habitacional,m2,True,38365.0,
2014-06-01,07,Maule,SAH,superficie_habitacional,m2,True,80099.0,
2014-07-01,07,Maule,SAH,superficie_habitacional,m2,True,59023.0,
2014-08-01,07,Maule,SAH,superficie_habitacional,m2,True,69233.0,
2014-09-01,07,Maule,SAH,superficie_habitacional,m2,True,57700.0,
2014-10-01,07,Maule,SAH,superficie_habitacional,m2,True,72984.0,
2014-11-01,07,Maule,SAH,superficie_habitacional,m2,True,42702.0,
2014-12-01,07,Maule,SAH,superficie_habitacional,m2,True,64440.0,739259.0
2015-01-01,07,Maule,SAH,superficie_habitacional,m2,True,44323.0,706484.0
2015-02-01,07,Maule,SAH,superficie_habitacional,m2,True,29929.0,683224.0
2015-03-01,07,Maule,SAH,superficie_habitacional,m2,True,47117.0,663909.0
2015-04-01,07,Maule,SAH,superficie_habitacional,m2,True,50242.0,656157.0
2015-05-01,07,Maule,SAH,superficie_habitacional,m2,True,90443.0,708235.0
2015-06-01,07,Maule,SAH,superficie_habitacional,m2,True,53671.0,681807.0
2015-07-01,07,Maule,SAH,superficie_habitacional,m2,True,47953.0,670737.0
2015-08-01,07,Maule,SAH,superficie_habitacional,m2,True,69840.0,671344.0
2015-09-01,07,Maule,SAH,superficie_habitacional,m2,True,87061.0,700705.0
2015-10-01,07,Maule,SAH,superficie_habitacional,m2,True,36152.0,663873.0
2015-11-01,07,Maule,SAH,superficie_habitacional,m2,True,69051.0,690222.0
2015-12-01,07,Maule,SAH,superficie_habitacional,m2,True,138966.0,764748.0
2016-01-01,07,Maule,SAH,superficie_habitacional,m2,True,26215.0,746640.0
2016-02-01,07,Maule,SAH,superficie_habitacional,m2,True,35616.0,752327.0
2016-03-01,07,Maule,SAH,superficie_habitacional,m2,True,47791.0,753001.0
2016-04-01,07,Maule,SAH,superficie_habitacional,m2,True,49032.0,751791.0
2016-05-01,07,Maule,SAH,superficie_habitacional,m2,True,60112.0,721460.0
2016-06-01,07,Maule,SAH,superficie_habitacional,m2,True,44361.0,712150.0
2016-07-01,07,Maule,SAH,superficie_habitacional,m2,True,62746.0,726943.0
2016-08-01,07,Maule,SAH,superficie_habitacional,m2,True,51035.0,708138.0
2016-09-01,07,Maule,SAH,superficie_habitacional,m2,True,46492.0,667569.0
2016-10-01,07,Maule,SAH,superficie_habitacional,m2,True,73739.0,705156.0
2016-11-01,07,Maule,SAH,superficie_habitacional,m2,True,18270.0,654375.0
2016-12-01,07,Maule,SAH,superficie_habitacional,m2,True,61793.0,577202.0
2017-01-01,07,Maule,SAH,superficie_habitacional,m2,True,39854.0,590841.0
2017-02-01,07,Maule,SAH,superficie_habitacional,m2,True,65947.0,621172.0
2017-03-01,07,Maule,SAH,superficie_habitacional,m2,True,50435.0,623816.0
2017-04-01,07,Maule,SAH,superficie_habitacional,m2,True,39197.0,613981.0
2017-05-01,07,Maule,SAH,superficie_habitacional,m2,True,49627.0,603496.0
2017-06-01,07,Maule,SAH,superficie_habitacional,m2,True,32502.0,591637.0
2017-07-01,07,Maule,SAH,superficie_habitacional,m2,True,78126.0,607017.0
2017-08-01,07,Maule,SAH,superficie_habitacional,m2,True,89231.0,645213.0
2017-09-01,07,Maule,SAH,superficie_habitacional,m2,True,37898.0,636619.0
2017-10-01,07,Maule,SAH,superficie_habitacional,m2,True,42188.0,605068.0
2017-11-01,07,Maule,SAH,superficie_habitacional,m2,True,55981.0,642779.0
2017-12-01,07,Maule,SAH,superficie_habitacional,m2,True,48507.0,629493.0
2018-01-01,07,Maule,SAH,superficie_habitacional,m2,True,54337.0,643976.0
2018-02-01,07,Maule,SAH,superficie_habitacional,m2,True,55580.0,633609.0
2018-03-01,07,Maule,SAH,superficie_habitacional,m2,True,93875.0,677049.0
2018-04-01,07,Maule,SAH,superficie_habitacional,m2,True,107810.0,745662.0
2018-05-01,07,Maule,SAH,superficie_habitacional,m2,True,119863.0,815898.0
2018-06-01,07,Maule,SAH,superficie_habitacional,m2,True,90778.0,874174.0
2018-07-01,07,Maule,SAH,superficie_habitacional,m2,True,58661.0,854709.0
2018-08-01,07,Maule,SAH,superficie_habitacional,m2,True,44557.0,810035.0
2018-09-01,07,Maule,SAH,superficie_habitacional,m2,True,50483.0,822620.0
2018-10-01,07,Maule,SAH,superficie_habitacional,m2,True,114925.0,895357.0
2018-11-01,07,Maule,SAH,superficie_habitacional,m2,True,60962.0,900338.0
2018-12-01,07,Maule,SAH,superficie_habitacional,m2,True,59754.0,911585.0
2019-01-01,07,Maule,SAH,superficie_habitacional,m2,True,174403.0,1031651.0
2019-02-01,07,Maule,SAH,superficie_habitacional,m2,True,56212.0,1032283.0
2019-03-01,07,Maule,SAH,superficie_habitacional,m2,True,75437.0,1013845.0
2019-04-01,07,Maule,SAH,superficie_habitacional,m2,True,55150.0,961185.0
2019-05-01,07,Maule,SAH,superficie_habitacional,m2,True,82041.0,923363.0
2019-06-01,07,Maule,SAH,superficie_habitacional,m2,True,66697.0,899282.0
2019-07-01,07,Maule,SAH,superficie_habitacional,m2,True,123426.0,964047.0
2019-08-01,07,Maule,SAH,superficie_habitacional,m2,True,38267.0,957757.0
2019-09-01,07,Maule,SAH,superficie_habitacional,m2,True,60386.0,967660.0
2019-10-01,07,Maule,SAH,superficie_habitacional,m2,True,61229.0,913964.0
2019-11-01,07,Maule,SAH,superficie_habitacional,m2,True,71249.0,924251.0
2019-12-01,07,Maule,SAH,superficie_habitacional,m2,True,129618.0,994115.0
2020-01-01,07,Maule,SAH,superficie_habitacional,m2,True,173634.0,993346.0
2020-02-01,07,Maule,SAH,superficie_habitacional,m2,True,154197.0,1091331.0
2020-03-01,07,Maule,SAH,superficie_habitacional,m2,True,45382.0,1061276.0
2020-04-01,07,Maule,SAH,superficie_habitacional,m2,True,27751.0,1033877.0
2020-05-01,07,Maule,SAH,superficie_habitacional,m2,True,79710.0,1031546.0
2020-06-01,07,Maule,SAH,superficie_habitacional,m2,True,42333.0,1007182.0
2020-07-01,07,Maule,SAH,superficie_habitacional,m2,True,48426.0,932182.0
2020-08-01,07,Maule,SAH,superficie_habitacional,m2,True,37288.0,931203.0
2020-09-01,07,Maule,SAH,superficie_habitacional,m2,True,63605.0,934422.0
2020-10-01,07,Maule,SAH,superficie_habitacional,m2,True,16975.0,890168.0
2020-11-01,07,Maule,SAH,superficie_habitacional,m2,True,72910.0,891829.0
2020-12-01,07,Maule,SAH,superficie_habitacional,m2,True,73310.0,835521.0
2021-01-01,07,Maule,SAH,superficie_habitacional,m2,True,49189.0,711076.0
2021-02-01,07,Maule,SAH,superficie_habitacional,m2,True,18344.0,575223.0
2021-03-01,07,Maule,SAH,superficie_habitacional,m2,True,53490.0,583331.0
2021-04-01,07,Maule,SAH,superficie_habitacional,m2,True,63773.0,619353.0
2021-05-01,07,Maule,SAH,superficie_habitacional,m2,True,45309.0,584952.0
2021-06-01,07,Maule,SAH,superficie_habitacional,m2,True,79052.0,621671.0
2021-07-01,07,Maule,SAH,superficie_habitacional,m2,True,93622.0,666867.0
2021-08-01,07,Maule,SAH,superficie_habitacional,m2,True,79025.0,708604.0
2021-09-01,07,Maule,SAH,superficie_habitacional,m2,True,22658.0,667657.0
2021-10-01,07,Maule,SAH,superficie_habitacional,m2,True,35930.0,686612.0
2021-11-01,07,Maule,SAH,superficie_habitacional,m2,True,29189.0,642891.0
2021-12-01,07,Maule,SAH,superficie_habitacional,m2,True,62523.0,632104.0
2022-01-01,07,Maule,SAH,superficie_habitacional,m2,True,43930.0,626845.0
2022-02-01,07,Maule,SAH,superficie_habitacional,m2,True,41477.0,649978.0
2022-03-01,07,Maule,SAH,superficie_habitacional,m2,True,54197.0,650685.0
2022-04-01,07,Maule,SAH,superficie_habitacional,m2,True,52059.0,638971.0
2022-05-01,07,Maule,SAH,superficie_habitacional,m2,True,39426.0,633088.0
2022-06-01,07,Maule,SAH,superficie_habitacional,m2,True,37123.0,591159.0
2022-07-01,07,Maule,SAH,superficie_habitacional,m2,True,29420.0,526957.0
2022-08-01,07,Maule,SAH,superficie_habitacional,m2,True,41196.0,489128.0
2022-09-01,07,Maule,SAH,superficie_habitacional,m2,True,35437.0,501907.0
2022-10-01,07,Maule,SAH,superficie_habitacional,m2,True,64365.0,530342.0
2022-11-01,07,Maule,SAH,superficie_habitacional,m2,True,43172.0,544325.0
2022-12-01,07,Maule,SAH,superficie_habitacional,m2,True,120037.0,601839.0
2023-01-01,07,Maule,SAH,superficie_habitacional,m2,True,23006.0,580915.0
2023-02-01,07,Maule,SAH,superficie_habitacional,m2,True,88022.0,627460.0
2023-03-01,07,Maule,SAH,superficie_habitacional,m2,True,81364.0,654627.0
2023-04-01,07,Maule,SAH,superficie_habitacional,m2,True,34733.0,637301.0
2023-05-01,07,Maule,SAH,superficie_habitacional,m2,True,62868.0,660743.0
2023-06-01,07,Maule,SAH,superficie_habitacional,m2,True,57323.0,680943.0
2023-07-01,07,Maule,SAH,superficie_habitacional,m2,True,86935.0,738458.0
2023-08-01,07,Maule,SAH,superficie_habitacional,m2,True,65294.0,762556.0
2023-09-01,07,Maule,SAH,superficie_habitacional,m2,True,34220.0,761339.0
2023-10-01,07,Maule,SAH,superficie_habitacional,m2,True,42101.0,739075.0
2023-11-01,07,Maule,SAH,superficie_habitacional,m2,True,62267.0,758170.0
2023-12-01,07,Maule,SAH,superficie_habitacional,m2,True,61513.0,699646.0
2024-01-01,07,Maule,SAH,superficie_habitacional,m2,True,32754.0,709394.0
2024-02-01,07,Maule,SAH,superficie_habitacional,m2,True,20149.0,641521.0
2024-03-01,07,Maule,SAH,superficie_habitacional,m2,True,23268.0,583425.0
2024-04-01,07,Maule,SAH,superficie_habitacional,m2,True,53116.0,601808.0
2024-05-01,07,Maule,SAH,superficie_habitacional,m2,True,57899.0,596839.0
2024-06-01,07,Maule,SAH,superficie_habitacional,m2,True,42658.0,582174.0
2024-07-01,07,Maule,SAH,superficie_habitacional,m2,True,59960.0,555199.0
2024-08-01,07,Maule,SAH,superficie_habitacional,m2,True,38031.0,527936.0
2024-09-01,07,Maule,SAH,superficie_habitacional,m2,True,45110.0,538826.0
2024-10-01,07,Maule,SAH,superficie_habitacional,m2,True,36986.0,533711.0
2024-11-01,07,Maule,SAH,superficie_habitacional,m2,True,39434.0,510878.0
2024-12-01,07,Maule,SAH,superficie_habitacional,m2,True,84122.0,533487.0
2025-01-01,07,Maule,SAH,superficie_habitacional,m2,True,33285.0,534018.0
2025-02-01,07,Maule,SAH,superficie_habitacional,m2,True,34382.0,548251.0
2025-03-01,07,Maule,SAH,superficie_habitacional,m2,True,40076.0,565059.0
2025-04-01,07,Maule,SAH,superficie_habitacional,m2,True,49120.0,561063.0
2025-05-01,07,Maule,SAH,superficie_habitacional,m2,True,56069.0,559233.0
2025-06-01,07,Maule,SAH,superficie_habitacional,m2,True,35629.0,552204.0
2025-07-01,07,Maule,SAH,superficie_habitacional,m2,True,128929.0,621173.0
2025-08-01,07,Maule,SAH,superficie_habitacional,m2,True,29164.0,612306.0
2025-09-01,07,Maule,SAH,superficie_habitacional,m2,True,30934.0,598130.0
2025-10-01,07,Maule,SAH,superficie_habitacional,m2,True,35971.0,597115.0
2025-11-01,07,Maule,SAH,superficie_habitacional,m2,True,70504.0,628185.0
2025-12-01,07,Maule,SAH,superficie_habitacional,m2,True,49486.0,593549.0
2026-01-01,07,Maule,SAH,superficie_habitacional,m2,True,57024.0,617288.0
2026-02-01,07,Maule,SAH,superficie_habitacional,m2,True,47822.0,630728.0
2026-03-01,07,Maule,SAH,superficie_habitacional,m2,True,36068.0,626720.0
2026-04-01,07,Maule,SAH,superficie_habitacional,m2,True,55949.0,633549.0
2026-05-01,07,Maule,SAH,superficie_habitacional,m2,True,73505.0,650985.0
2014-01-01,08,Biobío,SAH,superficie_habitacional,m2,True,139139.0,
2014-02-01,08,Biobío,SAH,superficie_habitacional,m2,True,120824.0,
2014-03-01,08,Biobío,SAH,superficie_habitacional,m2,True,84023.0,
2014-04-01,08,Biobío,SAH,superficie_habitacional,m2,True,111282.0,
2014-05-01,08,Biobío,SAH,superficie_habitacional,m2,True,120281.0,
2014-06-01,08,Biobío,SAH,superficie_habitacional,m2,True,180848.0,
2014-07-01,08,Biobío,SAH,superficie_habitacional,m2,True,132142.0,
2014-08-01,08,Biobío,SAH,superficie_habitacional,m2,True,97586.0,
2014-09-01,08,Biobío,SAH,superficie_habitacional,m2,True,159761.0,
2014-10-01,08,Biobío,SAH,superficie_habitacional,m2,True,128930.0,
2014-11-01,08,Biobío,SAH,superficie_habitacional,m2,True,103444.0,
2014-12-01,08,Biobío,SAH,superficie_habitacional,m2,True,153252.0,1531512.0
2015-01-01,08,Biobío,SAH,superficie_habitacional,m2,True,89890.0,1482263.0
2015-02-01,08,Biobío,SAH,superficie_habitacional,m2,True,119926.0,1481365.0
2015-03-01,08,Biobío,SAH,superficie_habitacional,m2,True,132402.0,1529744.0
2015-04-01,08,Biobío,SAH,superficie_habitacional,m2,True,132612.0,1551074.0
2015-05-01,08,Biobío,SAH,superficie_habitacional,m2,True,110123.0,1540916.0
2015-06-01,08,Biobío,SAH,superficie_habitacional,m2,True,111981.0,1472049.0
2015-07-01,08,Biobío,SAH,superficie_habitacional,m2,True,106764.0,1446671.0
2015-08-01,08,Biobío,SAH,superficie_habitacional,m2,True,111690.0,1460775.0
2015-09-01,08,Biobío,SAH,superficie_habitacional,m2,True,158307.0,1459321.0
2015-10-01,08,Biobío,SAH,superficie_habitacional,m2,True,145524.0,1475915.0
2015-11-01,08,Biobío,SAH,superficie_habitacional,m2,True,202547.0,1575018.0
2015-12-01,08,Biobío,SAH,superficie_habitacional,m2,True,263872.0,1685638.0
2016-01-01,08,Biobío,SAH,superficie_habitacional,m2,True,72797.0,1668545.0
2016-02-01,08,Biobío,SAH,superficie_habitacional,m2,True,139212.0,1687831.0
2016-03-01,08,Biobío,SAH,superficie_habitacional,m2,True,128602.0,1684031.0
2016-04-01,08,Biobío,SAH,superficie_habitacional,m2,True,79200.0,1630619.0
2016-05-01,08,Biobío,SAH,superficie_habitacional,m2,True,73885.0,1594381.0
2016-06-01,08,Biobío,SAH,superficie_habitacional,m2,True,67491.0,1549891.0
2016-07-01,08,Biobío,SAH,superficie_habitacional,m2,True,64705.0,1507832.0
2016-08-01,08,Biobío,SAH,superficie_habitacional,m2,True,134013.0,1530155.0
2016-09-01,08,Biobío,SAH,superficie_habitacional,m2,True,93420.0,1465268.0
2016-10-01,08,Biobío,SAH,superficie_habitacional,m2,True,86814.0,1406558.0
2016-11-01,08,Biobío,SAH,superficie_habitacional,m2,True,80602.0,1284613.0
2016-12-01,08,Biobío,SAH,superficie_habitacional,m2,True,107085.0,1127826.0
2017-01-01,08,Biobío,SAH,superficie_habitacional,m2,True,134935.0,1189964.0
2017-02-01,08,Biobío,SAH,superficie_habitacional,m2,True,115096.0,1165848.0
2017-03-01,08,Biobío,SAH,superficie_habitacional,m2,True,173052.0,1210298.0
2017-04-01,08,Biobío,SAH,superficie_habitacional,m2,True,118328.0,1249426.0
2017-05-01,08,Biobío,SAH,superficie_habitacional,m2,True,77485.0,1253026.0
2017-06-01,08,Biobío,SAH,superficie_habitacional,m2,True,229726.0,1415261.0
2017-07-01,08,Biobío,SAH,superficie_habitacional,m2,True,66827.0,1417383.0
2017-08-01,08,Biobío,SAH,superficie_habitacional,m2,True,111711.0,1395081.0
2017-09-01,08,Biobío,SAH,superficie_habitacional,m2,True,77851.0,1379512.0
2017-10-01,08,Biobío,SAH,superficie_habitacional,m2,True,73588.0,1366286.0
2017-11-01,08,Biobío,SAH,superficie_habitacional,m2,True,136295.0,1421979.0
2017-12-01,08,Biobío,SAH,superficie_habitacional,m2,True,104762.0,1419656.0
2018-01-01,08,Biobío,SAH,superficie_habitacional,m2,True,109676.0,1394397.0
2018-02-01,08,Biobío,SAH,superficie_habitacional,m2,True,153490.0,1432791.0
2018-03-01,08,Biobío,SAH,superficie_habitacional,m2,True,181996.0,1441735.0
2018-04-01,08,Biobío,SAH,superficie_habitacional,m2,True,156782.0,1480189.0
2018-05-01,08,Biobío,SAH,superficie_habitacional,m2,True,94532.0,1497236.0
2018-06-01,08,Biobío,SAH,superficie_habitacional,m2,True,241148.0,1508658.0
2018-07-01,08,Biobío,SAH,superficie_habitacional,m2,True,132697.0,1574528.0
2018-08-01,08,Biobío,SAH,superficie_habitacional,m2,True,77441.0,1540258.0
2018-09-01,08,Biobío,SAH,superficie_habitacional,m2,True,83085.0,1545492.0
2018-10-01,08,Biobío,SAH,superficie_habitacional,m2,True,82721.0,1554625.0
2018-11-01,08,Biobío,SAH,superficie_habitacional,m2,True,62053.0,1480383.0
2018-12-01,08,Biobío,SAH,superficie_habitacional,m2,True,82606.0,1458227.0
2019-01-01,08,Biobío,SAH,superficie_habitacional,m2,True,71137.0,1419688.0
2019-02-01,08,Biobío,SAH,superficie_habitacional,m2,True,85957.0,1352155.0
2019-03-01,08,Biobío,SAH,superficie_habitacional,m2,True,80330.0,1250489.0
2019-04-01,08,Biobío,SAH,superficie_habitacional,m2,True,158273.0,1251980.0
2019-05-01,08,Biobío,SAH,superficie_habitacional,m2,True,133186.0,1290634.0
2019-06-01,08,Biobío,SAH,superficie_habitacional,m2,True,135146.0,1184632.0
2019-07-01,08,Biobío,SAH,superficie_habitacional,m2,True,154771.0,1206706.0
2019-08-01,08,Biobío,SAH,superficie_habitacional,m2,True,54544.0,1183809.0
2019-09-01,08,Biobío,SAH,superficie_habitacional,m2,True,115121.0,1215845.0
2019-10-01,08,Biobío,SAH,superficie_habitacional,m2,True,92163.0,1225287.0
2019-11-01,08,Biobío,SAH,superficie_habitacional,m2,True,39369.0,1202603.0
2019-12-01,08,Biobío,SAH,superficie_habitacional,m2,True,115473.0,1235470.0
2020-01-01,08,Biobío,SAH,superficie_habitacional,m2,True,157090.0,1321423.0
2020-02-01,08,Biobío,SAH,superficie_habitacional,m2,True,24434.0,1259900.0
2020-03-01,08,Biobío,SAH,superficie_habitacional,m2,True,89818.0,1269388.0
2020-04-01,08,Biobío,SAH,superficie_habitacional,m2,True,45051.0,1156166.0
2020-05-01,08,Biobío,SAH,superficie_habitacional,m2,True,135491.0,1158471.0
2020-06-01,08,Biobío,SAH,superficie_habitacional,m2,True,52742.0,1076067.0
2020-07-01,08,Biobío,SAH,superficie_habitacional,m2,True,46403.0,967699.0
2020-08-01,08,Biobío,SAH,superficie_habitacional,m2,True,33981.0,947136.0
2020-09-01,08,Biobío,SAH,superficie_habitacional,m2,True,123209.0,955224.0
2020-10-01,08,Biobío,SAH,superficie_habitacional,m2,True,84899.0,947960.0
2020-11-01,08,Biobío,SAH,superficie_habitacional,m2,True,89151.0,997742.0
2020-12-01,08,Biobío,SAH,superficie_habitacional,m2,True,67119.0,949388.0
2021-01-01,08,Biobío,SAH,superficie_habitacional,m2,True,94034.0,886332.0
2021-02-01,08,Biobío,SAH,superficie_habitacional,m2,True,122274.0,984172.0
2021-03-01,08,Biobío,SAH,superficie_habitacional,m2,True,145332.0,1039686.0
2021-04-01,08,Biobío,SAH,superficie_habitacional,m2,True,85933.0,1080568.0
2021-05-01,08,Biobío,SAH,superficie_habitacional,m2,True,79653.0,1024730.0
2021-06-01,08,Biobío,SAH,superficie_habitacional,m2,True,66623.0,1038611.0
2021-07-01,08,Biobío,SAH,superficie_habitacional,m2,True,27151.0,1019359.0
2021-08-01,08,Biobío,SAH,superficie_habitacional,m2,True,98438.0,1083816.0
2021-09-01,08,Biobío,SAH,superficie_habitacional,m2,True,53570.0,1014177.0
2021-10-01,08,Biobío,SAH,superficie_habitacional,m2,True,77089.0,1006367.0
2021-11-01,08,Biobío,SAH,superficie_habitacional,m2,True,53345.0,970561.0
2021-12-01,08,Biobío,SAH,superficie_habitacional,m2,True,135281.0,1038723.0
2022-01-01,08,Biobío,SAH,superficie_habitacional,m2,True,51306.0,995995.0
2022-02-01,08,Biobío,SAH,superficie_habitacional,m2,True,46712.0,920433.0
2022-03-01,08,Biobío,SAH,superficie_habitacional,m2,True,145167.0,920268.0
2022-04-01,08,Biobío,SAH,superficie_habitacional,m2,True,95853.0,930188.0
2022-05-01,08,Biobío,SAH,superficie_habitacional,m2,True,128757.0,979292.0
2022-06-01,08,Biobío,SAH,superficie_habitacional,m2,True,89958.0,1002627.0
2022-07-01,08,Biobío,SAH,superficie_habitacional,m2,True,43197.0,1018673.0
2022-08-01,08,Biobío,SAH,superficie_habitacional,m2,True,81715.0,1001950.0
2022-09-01,08,Biobío,SAH,superficie_habitacional,m2,True,87471.0,1035851.0
2022-10-01,08,Biobío,SAH,superficie_habitacional,m2,True,123573.0,1082335.0
2022-11-01,08,Biobío,SAH,superficie_habitacional,m2,True,86131.0,1115121.0
2022-12-01,08,Biobío,SAH,superficie_habitacional,m2,True,151864.0,1131704.0
2023-01-01,08,Biobío,SAH,superficie_habitacional,m2,True,21395.0,1101793.0
2023-02-01,08,Biobío,SAH,superficie_habitacional,m2,True,44418.0,1099499.0
2023-03-01,08,Biobío,SAH,superficie_habitacional,m2,True,52655.0,1006987.0
2023-04-01,08,Biobío,SAH,superficie_habitacional,m2,True,61213.0,972347.0
2023-05-01,08,Biobío,SAH,superficie_habitacional,m2,True,32770.0,876360.0
2023-06-01,08,Biobío,SAH,superficie_habitacional,m2,True,75952.0,862354.0
2023-07-01,08,Biobío,SAH,superficie_habitacional,m2,True,31277.0,850434.0
2023-08-01,08,Biobío,SAH,superficie_habitacional,m2,True,69051.0,837770.0
2023-09-01,08,Biobío,SAH,superficie_habitacional,m2,True,51712.0,802011.0
2023-10-01,08,Biobío,SAH,superficie_habitacional,m2,True,35724.0,714162.0
2023-11-01,08,Biobío,SAH,superficie_habitacional,m2,True,112131.0,740162.0
2023-12-01,08,Biobío,SAH,superficie_habitacional,m2,True,87363.0,675661.0
2024-01-01,08,Biobío,SAH,superficie_habitacional,m2,True,55629.0,709895.0
2024-02-01,08,Biobío,SAH,superficie_habitacional,m2,True,30580.0,696057.0
2024-03-01,08,Biobío,SAH,superficie_habitacional,m2,True,69534.0,712936.0
2024-04-01,08,Biobío,SAH,superficie_habitacional,m2,True,53820.0,705543.0
2024-05-01,08,Biobío,SAH,superficie_habitacional,m2,True,40183.0,712956.0
2024-06-01,08,Biobío,SAH,superficie_habitacional,m2,True,37087.0,674091.0
2024-07-01,08,Biobío,SAH,superficie_habitacional,m2,True,26613.0,669427.0
2024-08-01,08,Biobío,SAH,superficie_habitacional,m2,True,27204.0,627580.0
2024-09-01,08,Biobío,SAH,superficie_habitacional,m2,True,27847.0,603715.0
2024-10-01,08,Biobío,SAH,superficie_habitacional,m2,True,47041.0,615032.0
2024-11-01,08,Biobío,SAH,superficie_habitacional,m2,True,47179.0,550080.0
2024-12-01,08,Biobío,SAH,superficie_habitacional,m2,True,268051.0,730768.0
2025-01-01,08,Biobío,SAH,superficie_habitacional,m2,True,49973.0,725112.0
2025-02-01,08,Biobío,SAH,superficie_habitacional,m2,True,55566.0,750098.0
2025-03-01,08,Biobío,SAH,superficie_habitacional,m2,True,40380.0,720944.0
2025-04-01,08,Biobío,SAH,superficie_habitacional,m2,True,49608.0,716732.0
2025-05-01,08,Biobío,SAH,superficie_habitacional,m2,True,30671.0,707220.0
2025-06-01,08,Biobío,SAH,superficie_habitacional,m2,True,34272.0,704405.0
2025-07-01,08,Biobío,SAH,superficie_habitacional,m2,True,37302.0,715094.0
2025-08-01,08,Biobío,SAH,superficie_habitacional,m2,True,34144.0,722034.0
2025-09-01,08,Biobío,SAH,superficie_habitacional,m2,True,47635.0,741822.0
2025-10-01,08,Biobío,SAH,superficie_habitacional,m2,True,30402.0,725183.0
2025-11-01,08,Biobío,SAH,superficie_habitacional,m2,True,29447.0,707451.0
2025-12-01,08,Biobío,SAH,superficie_habitacional,m2,True,40992.0,480392.0
2026-01-01,08,Biobío,SAH,superficie_habitacional,m2,True,47420.0,477839.0
2026-02-01,08,Biobío,SAH,superficie_habitacional,m2,True,50346.0,472619.0
2026-03-01,08,Biobío,SAH,superficie_habitacional,m2,True,43261.0,475500.0
2026-04-01,08,Biobío,SAH,superficie_habitacional,m2,True,102979.0,528871.0
2026-05-01,08,Biobío,SAH,superficie_habitacional,m2,True,78382.0,576582.0
2014-01-01,09,La Araucanía,SAH,superficie_habitacional,m2,True,58430.0,
2014-02-01,09,La Araucanía,SAH,superficie_habitacional,m2,True,15535.0,
2014-03-01,09,La Araucanía,SAH,superficie_habitacional,m2,True,38978.0,
2014-04-01,09,La Araucanía,SAH,superficie_habitacional,m2,True,24880.0,
2014-05-01,09,La Araucanía,SAH,superficie_habitacional,m2,True,48407.0,
2014-06-01,09,La Araucanía,SAH,superficie_habitacional,m2,True,37090.0,
2014-07-01,09,La Araucanía,SAH,superficie_habitacional,m2,True,46386.0,
2014-08-01,09,La Araucanía,SAH,superficie_habitacional,m2,True,40711.0,
2014-09-01,09,La Araucanía,SAH,superficie_habitacional,m2,True,87882.0,
2014-10-01,09,La Araucanía,SAH,superficie_habitacional,m2,True,84908.0,
2014-11-01,09,La Araucanía,SAH,superficie_habitacional,m2,True,89739.0,
2014-12-01,09,La Araucanía,SAH,superficie_habitacional,m2,True,37665.0,610611.0
2015-01-01,09,La Araucanía,SAH,superficie_habitacional,m2,True,52070.0,604251.0
2015-02-01,09,La Araucanía,SAH,superficie_habitacional,m2,True,43639.0,632355.0
2015-03-01,09,La Araucanía,SAH,superficie_habitacional,m2,True,53412.0,646789.0
2015-04-01,09,La Araucanía,SAH,superficie_habitacional,m2,True,55860.0,677769.0
2015-05-01,09,La Araucanía,SAH,superficie_habitacional,m2,True,77144.0,706506.0
2015-06-01,09,La Araucanía,SAH,superficie_habitacional,m2,True,51712.0,721128.0
2015-07-01,09,La Araucanía,SAH,superficie_habitacional,m2,True,119452.0,794194.0
2015-08-01,09,La Araucanía,SAH,superficie_habitacional,m2,True,50391.0,803874.0
2015-09-01,09,La Araucanía,SAH,superficie_habitacional,m2,True,45363.0,761355.0
2015-10-01,09,La Araucanía,SAH,superficie_habitacional,m2,True,84473.0,760920.0
2015-11-01,09,La Araucanía,SAH,superficie_habitacional,m2,True,88702.0,759883.0
2015-12-01,09,La Araucanía,SAH,superficie_habitacional,m2,True,106454.0,828672.0
2016-01-01,09,La Araucanía,SAH,superficie_habitacional,m2,True,50092.0,826694.0
2016-02-01,09,La Araucanía,SAH,superficie_habitacional,m2,True,31265.0,814320.0
2016-03-01,09,La Araucanía,SAH,superficie_habitacional,m2,True,59674.0,820582.0
2016-04-01,09,La Araucanía,SAH,superficie_habitacional,m2,True,37944.0,802666.0
2016-05-01,09,La Araucanía,SAH,superficie_habitacional,m2,True,34416.0,759938.0
2016-06-01,09,La Araucanía,SAH,superficie_habitacional,m2,True,42688.0,750914.0
2016-07-01,09,La Araucanía,SAH,superficie_habitacional,m2,True,17154.0,648616.0
2016-08-01,09,La Araucanía,SAH,superficie_habitacional,m2,True,34054.0,632279.0
2016-09-01,09,La Araucanía,SAH,superficie_habitacional,m2,True,49861.0,636777.0
2016-10-01,09,La Araucanía,SAH,superficie_habitacional,m2,True,25752.0,578056.0
2016-11-01,09,La Araucanía,SAH,superficie_habitacional,m2,True,60033.0,549387.0
2016-12-01,09,La Araucanía,SAH,superficie_habitacional,m2,True,96967.0,539900.0
2017-01-01,09,La Araucanía,SAH,superficie_habitacional,m2,True,118508.0,608316.0
2017-02-01,09,La Araucanía,SAH,superficie_habitacional,m2,True,71730.0,648781.0
2017-03-01,09,La Araucanía,SAH,superficie_habitacional,m2,True,101660.0,690767.0
2017-04-01,09,La Araucanía,SAH,superficie_habitacional,m2,True,33179.0,686002.0
2017-05-01,09,La Araucanía,SAH,superficie_habitacional,m2,True,68635.0,720221.0
2017-06-01,09,La Araucanía,SAH,superficie_habitacional,m2,True,92266.0,769799.0
2017-07-01,09,La Araucanía,SAH,superficie_habitacional,m2,True,52170.0,804815.0
2017-08-01,09,La Araucanía,SAH,superficie_habitacional,m2,True,55975.0,826736.0
2017-09-01,09,La Araucanía,SAH,superficie_habitacional,m2,True,48083.0,824958.0
2017-10-01,09,La Araucanía,SAH,superficie_habitacional,m2,True,43092.0,842298.0
2017-11-01,09,La Araucanía,SAH,superficie_habitacional,m2,True,44289.0,826554.0
2017-12-01,09,La Araucanía,SAH,superficie_habitacional,m2,True,50760.0,780347.0
2018-01-01,09,La Araucanía,SAH,superficie_habitacional,m2,True,49725.0,711564.0
2018-02-01,09,La Araucanía,SAH,superficie_habitacional,m2,True,76364.0,716198.0
2018-03-01,09,La Araucanía,SAH,superficie_habitacional,m2,True,88554.0,703092.0
2018-04-01,09,La Araucanía,SAH,superficie_habitacional,m2,True,111902.0,781815.0
2018-05-01,09,La Araucanía,SAH,superficie_habitacional,m2,True,142925.0,856105.0
2018-06-01,09,La Araucanía,SAH,superficie_habitacional,m2,True,46721.0,810560.0
2018-07-01,09,La Araucanía,SAH,superficie_habitacional,m2,True,45017.0,803407.0
2018-08-01,09,La Araucanía,SAH,superficie_habitacional,m2,True,86432.0,833864.0
2018-09-01,09,La Araucanía,SAH,superficie_habitacional,m2,True,98649.0,884430.0
2018-10-01,09,La Araucanía,SAH,superficie_habitacional,m2,True,71010.0,912348.0
2018-11-01,09,La Araucanía,SAH,superficie_habitacional,m2,True,39200.0,907259.0
2018-12-01,09,La Araucanía,SAH,superficie_habitacional,m2,True,97082.0,953581.0
2019-01-01,09,La Araucanía,SAH,superficie_habitacional,m2,True,83299.0,987155.0
2019-02-01,09,La Araucanía,SAH,superficie_habitacional,m2,True,71972.0,982763.0
2019-03-01,09,La Araucanía,SAH,superficie_habitacional,m2,True,99536.0,993745.0
2019-04-01,09,La Araucanía,SAH,superficie_habitacional,m2,True,132193.0,1014036.0
2019-05-01,09,La Araucanía,SAH,superficie_habitacional,m2,True,123547.0,994658.0
2019-06-01,09,La Araucanía,SAH,superficie_habitacional,m2,True,78283.0,1026220.0
2019-07-01,09,La Araucanía,SAH,superficie_habitacional,m2,True,71131.0,1052334.0
2019-08-01,09,La Araucanía,SAH,superficie_habitacional,m2,True,61156.0,1027058.0
2019-09-01,09,La Araucanía,SAH,superficie_habitacional,m2,True,38497.0,966906.0
2019-10-01,09,La Araucanía,SAH,superficie_habitacional,m2,True,72755.0,968651.0
2019-11-01,09,La Araucanía,SAH,superficie_habitacional,m2,True,74259.0,1003710.0
2019-12-01,09,La Araucanía,SAH,superficie_habitacional,m2,True,54236.0,960864.0
2020-01-01,09,La Araucanía,SAH,superficie_habitacional,m2,True,124685.0,1002250.0
2020-02-01,09,La Araucanía,SAH,superficie_habitacional,m2,True,90400.0,1020678.0
2020-03-01,09,La Araucanía,SAH,superficie_habitacional,m2,True,39196.0,960338.0
2020-04-01,09,La Araucanía,SAH,superficie_habitacional,m2,True,41235.0,869380.0
2020-05-01,09,La Araucanía,SAH,superficie_habitacional,m2,True,38581.0,784414.0
2020-06-01,09,La Araucanía,SAH,superficie_habitacional,m2,True,67751.0,773882.0
2020-07-01,09,La Araucanía,SAH,superficie_habitacional,m2,True,40515.0,743266.0
2020-08-01,09,La Araucanía,SAH,superficie_habitacional,m2,True,50889.0,732999.0
2020-09-01,09,La Araucanía,SAH,superficie_habitacional,m2,True,27311.0,721813.0
2020-10-01,09,La Araucanía,SAH,superficie_habitacional,m2,True,30380.0,679438.0
2020-11-01,09,La Araucanía,SAH,superficie_habitacional,m2,True,34498.0,639677.0
2020-12-01,09,La Araucanía,SAH,superficie_habitacional,m2,True,53152.0,638593.0
2021-01-01,09,La Araucanía,SAH,superficie_habitacional,m2,True,55411.0,569319.0
2021-02-01,09,La Araucanía,SAH,superficie_habitacional,m2,True,36766.0,515685.0
2021-03-01,09,La Araucanía,SAH,superficie_habitacional,m2,True,48394.0,524883.0
2021-04-01,09,La Araucanía,SAH,superficie_habitacional,m2,True,54509.0,538157.0
2021-05-01,09,La Araucanía,SAH,superficie_habitacional,m2,True,43987.0,543563.0
2021-06-01,09,La Araucanía,SAH,superficie_habitacional,m2,True,37306.0,513118.0
2021-07-01,09,La Araucanía,SAH,superficie_habitacional,m2,True,86095.0,558698.0
2021-08-01,09,La Araucanía,SAH,superficie_habitacional,m2,True,39166.0,546975.0
2021-09-01,09,La Araucanía,SAH,superficie_habitacional,m2,True,87186.0,606850.0
2021-10-01,09,La Araucanía,SAH,superficie_habitacional,m2,True,36526.0,612996.0
2021-11-01,09,La Araucanía,SAH,superficie_habitacional,m2,True,38764.0,617262.0
2021-12-01,09,La Araucanía,SAH,superficie_habitacional,m2,True,104172.0,668282.0
2022-01-01,09,La Araucanía,SAH,superficie_habitacional,m2,True,39795.0,652666.0
2022-02-01,09,La Araucanía,SAH,superficie_habitacional,m2,True,16587.0,632487.0
2022-03-01,09,La Araucanía,SAH,superficie_habitacional,m2,True,31363.0,615456.0
2022-04-01,09,La Araucanía,SAH,superficie_habitacional,m2,True,52764.0,613711.0
2022-05-01,09,La Araucanía,SAH,superficie_habitacional,m2,True,22276.0,592000.0
2022-06-01,09,La Araucanía,SAH,superficie_habitacional,m2,True,33773.0,588467.0
2022-07-01,09,La Araucanía,SAH,superficie_habitacional,m2,True,44911.0,547283.0
2022-08-01,09,La Araucanía,SAH,superficie_habitacional,m2,True,22691.0,530808.0
2022-09-01,09,La Araucanía,SAH,superficie_habitacional,m2,True,56253.0,499875.0
2022-10-01,09,La Araucanía,SAH,superficie_habitacional,m2,True,77936.0,541285.0
2022-11-01,09,La Araucanía,SAH,superficie_habitacional,m2,True,45860.0,548381.0
2022-12-01,09,La Araucanía,SAH,superficie_habitacional,m2,True,77094.0,521303.0
2023-01-01,09,La Araucanía,SAH,superficie_habitacional,m2,True,26314.0,507822.0
2023-02-01,09,La Araucanía,SAH,superficie_habitacional,m2,True,18066.0,509301.0
2023-03-01,09,La Araucanía,SAH,superficie_habitacional,m2,True,52661.0,530599.0
2023-04-01,09,La Araucanía,SAH,superficie_habitacional,m2,True,57836.0,535671.0
2023-05-01,09,La Araucanía,SAH,superficie_habitacional,m2,True,77903.0,591298.0
2023-06-01,09,La Araucanía,SAH,superficie_habitacional,m2,True,51292.0,608817.0
2023-07-01,09,La Araucanía,SAH,superficie_habitacional,m2,True,38270.0,602176.0
2023-08-01,09,La Araucanía,SAH,superficie_habitacional,m2,True,106120.0,685605.0
2023-09-01,09,La Araucanía,SAH,superficie_habitacional,m2,True,64347.0,693699.0
2023-10-01,09,La Araucanía,SAH,superficie_habitacional,m2,True,127183.0,742946.0
2023-11-01,09,La Araucanía,SAH,superficie_habitacional,m2,True,72859.0,769945.0
2023-12-01,09,La Araucanía,SAH,superficie_habitacional,m2,True,36946.0,729797.0
2024-01-01,09,La Araucanía,SAH,superficie_habitacional,m2,True,21753.0,725236.0
2024-02-01,09,La Araucanía,SAH,superficie_habitacional,m2,True,34441.0,741611.0
2024-03-01,09,La Araucanía,SAH,superficie_habitacional,m2,True,32400.0,721350.0
2024-04-01,09,La Araucanía,SAH,superficie_habitacional,m2,True,23780.0,687294.0
2024-05-01,09,La Araucanía,SAH,superficie_habitacional,m2,True,36226.0,645617.0
2024-06-01,09,La Araucanía,SAH,superficie_habitacional,m2,True,33627.0,627952.0
2024-07-01,09,La Araucanía,SAH,superficie_habitacional,m2,True,32090.0,621772.0
2024-08-01,09,La Araucanía,SAH,superficie_habitacional,m2,True,49941.0,565593.0
2024-09-01,09,La Araucanía,SAH,superficie_habitacional,m2,True,26711.0,527957.0
2024-10-01,09,La Araucanía,SAH,superficie_habitacional,m2,True,24273.0,425047.0
2024-11-01,09,La Araucanía,SAH,superficie_habitacional,m2,True,25045.0,377233.0
2024-12-01,09,La Araucanía,SAH,superficie_habitacional,m2,True,99387.0,439674.0
2025-01-01,09,La Araucanía,SAH,superficie_habitacional,m2,True,41375.0,459296.0
2025-02-01,09,La Araucanía,SAH,superficie_habitacional,m2,True,28802.0,453657.0
2025-03-01,09,La Araucanía,SAH,superficie_habitacional,m2,True,27881.0,449138.0
2025-04-01,09,La Araucanía,SAH,superficie_habitacional,m2,True,43675.0,469033.0
2025-05-01,09,La Araucanía,SAH,superficie_habitacional,m2,True,70098.0,502905.0
2025-06-01,09,La Araucanía,SAH,superficie_habitacional,m2,True,32036.0,501314.0
2025-07-01,09,La Araucanía,SAH,superficie_habitacional,m2,True,34415.0,503639.0
2025-08-01,09,La Araucanía,SAH,superficie_habitacional,m2,True,98506.0,552204.0
2025-09-01,09,La Araucanía,SAH,superficie_habitacional,m2,True,109256.0,634749.0
2025-10-01,09,La Araucanía,SAH,superficie_habitacional,m2,True,50874.0,661350.0
2025-11-01,09,La Araucanía,SAH,superficie_habitacional,m2,True,41356.0,677661.0
2025-12-01,09,La Araucanía,SAH,superficie_habitacional,m2,True,31112.0,609386.0
2026-01-01,09,La Araucanía,SAH,superficie_habitacional,m2,True,35651.0,603662.0
2026-02-01,09,La Araucanía,SAH,superficie_habitacional,m2,True,30672.0,605532.0
2026-03-01,09,La Araucanía,SAH,superficie_habitacional,m2,True,35993.0,613644.0
2026-04-01,09,La Araucanía,SAH,superficie_habitacional,m2,True,51134.0,621103.0
2026-05-01,09,La Araucanía,SAH,superficie_habitacional,m2,True,26708.0,577713.0
2014-01-01,10,Los Lagos,SAH,superficie_habitacional,m2,True,25848.0,
2014-02-01,10,Los Lagos,SAH,superficie_habitacional,m2,True,38654.0,
2014-03-01,10,Los Lagos,SAH,superficie_habitacional,m2,True,15174.0,
2014-04-01,10,Los Lagos,SAH,superficie_habitacional,m2,True,114193.0,
2014-05-01,10,Los Lagos,SAH,superficie_habitacional,m2,True,16676.0,
2014-06-01,10,Los Lagos,SAH,superficie_habitacional,m2,True,82896.0,
2014-07-01,10,Los Lagos,SAH,superficie_habitacional,m2,True,23503.0,
2014-08-01,10,Los Lagos,SAH,superficie_habitacional,m2,True,14638.0,
2014-09-01,10,Los Lagos,SAH,superficie_habitacional,m2,True,27112.0,
2014-10-01,10,Los Lagos,SAH,superficie_habitacional,m2,True,22774.0,
2014-11-01,10,Los Lagos,SAH,superficie_habitacional,m2,True,51552.0,
2014-12-01,10,Los Lagos,SAH,superficie_habitacional,m2,True,32760.0,465780.0
2015-01-01,10,Los Lagos,SAH,superficie_habitacional,m2,True,46572.0,486504.0
2015-02-01,10,Los Lagos,SAH,superficie_habitacional,m2,True,49266.0,497116.0
2015-03-01,10,Los Lagos,SAH,superficie_habitacional,m2,True,21385.0,503327.0
2015-04-01,10,Los Lagos,SAH,superficie_habitacional,m2,True,19659.0,408793.0
2015-05-01,10,Los Lagos,SAH,superficie_habitacional,m2,True,66826.0,458943.0
2015-06-01,10,Los Lagos,SAH,superficie_habitacional,m2,True,44403.0,420450.0
2015-07-01,10,Los Lagos,SAH,superficie_habitacional,m2,True,45672.0,442619.0
2015-08-01,10,Los Lagos,SAH,superficie_habitacional,m2,True,44463.0,472444.0
2015-09-01,10,Los Lagos,SAH,superficie_habitacional,m2,True,21137.0,466469.0
2015-10-01,10,Los Lagos,SAH,superficie_habitacional,m2,True,27602.0,471297.0
2015-11-01,10,Los Lagos,SAH,superficie_habitacional,m2,True,19452.0,439197.0
2015-12-01,10,Los Lagos,SAH,superficie_habitacional,m2,True,96824.0,503261.0
2016-01-01,10,Los Lagos,SAH,superficie_habitacional,m2,True,25747.0,482436.0
2016-02-01,10,Los Lagos,SAH,superficie_habitacional,m2,True,15511.0,448681.0
2016-03-01,10,Los Lagos,SAH,superficie_habitacional,m2,True,38636.0,465932.0
2016-04-01,10,Los Lagos,SAH,superficie_habitacional,m2,True,18597.0,464870.0
2016-05-01,10,Los Lagos,SAH,superficie_habitacional,m2,True,34982.0,433026.0
2016-06-01,10,Los Lagos,SAH,superficie_habitacional,m2,True,14954.0,403577.0
2016-07-01,10,Los Lagos,SAH,superficie_habitacional,m2,True,37267.0,395172.0
2016-08-01,10,Los Lagos,SAH,superficie_habitacional,m2,True,34788.0,385497.0
2016-09-01,10,Los Lagos,SAH,superficie_habitacional,m2,True,33018.0,397378.0
2016-10-01,10,Los Lagos,SAH,superficie_habitacional,m2,True,16768.0,386544.0
2016-11-01,10,Los Lagos,SAH,superficie_habitacional,m2,True,21351.0,388443.0
2016-12-01,10,Los Lagos,SAH,superficie_habitacional,m2,True,81806.0,373425.0
2017-01-01,10,Los Lagos,SAH,superficie_habitacional,m2,True,52097.0,399775.0
2017-02-01,10,Los Lagos,SAH,superficie_habitacional,m2,True,49823.0,434087.0
2017-03-01,10,Los Lagos,SAH,superficie_habitacional,m2,True,58960.0,454411.0
2017-04-01,10,Los Lagos,SAH,superficie_habitacional,m2,True,35184.0,470998.0
2017-05-01,10,Los Lagos,SAH,superficie_habitacional,m2,True,77262.0,513278.0
2017-06-01,10,Los Lagos,SAH,superficie_habitacional,m2,True,54089.0,552413.0
2017-07-01,10,Los Lagos,SAH,superficie_habitacional,m2,True,30848.0,545994.0
2017-08-01,10,Los Lagos,SAH,superficie_habitacional,m2,True,34828.0,546034.0
2017-09-01,10,Los Lagos,SAH,superficie_habitacional,m2,True,21412.0,534428.0
2017-10-01,10,Los Lagos,SAH,superficie_habitacional,m2,True,24015.0,541675.0
2017-11-01,10,Los Lagos,SAH,superficie_habitacional,m2,True,39246.0,559570.0
2017-12-01,10,Los Lagos,SAH,superficie_habitacional,m2,True,23380.0,501144.0
2018-01-01,10,Los Lagos,SAH,superficie_habitacional,m2,True,28460.0,477507.0
2018-02-01,10,Los Lagos,SAH,superficie_habitacional,m2,True,52640.0,480324.0
2018-03-01,10,Los Lagos,SAH,superficie_habitacional,m2,True,51428.0,472792.0
2018-04-01,10,Los Lagos,SAH,superficie_habitacional,m2,True,71895.0,509503.0
2018-05-01,10,Los Lagos,SAH,superficie_habitacional,m2,True,42633.0,474874.0
2018-06-01,10,Los Lagos,SAH,superficie_habitacional,m2,True,83488.0,504273.0
2018-07-01,10,Los Lagos,SAH,superficie_habitacional,m2,True,22117.0,495542.0
2018-08-01,10,Los Lagos,SAH,superficie_habitacional,m2,True,45193.0,505907.0
2018-09-01,10,Los Lagos,SAH,superficie_habitacional,m2,True,31809.0,516304.0
2018-10-01,10,Los Lagos,SAH,superficie_habitacional,m2,True,21459.0,513748.0
2018-11-01,10,Los Lagos,SAH,superficie_habitacional,m2,True,36890.0,511392.0
2018-12-01,10,Los Lagos,SAH,superficie_habitacional,m2,True,24969.0,512981.0
2019-01-01,10,Los Lagos,SAH,superficie_habitacional,m2,True,60106.0,544627.0
2019-02-01,10,Los Lagos,SAH,superficie_habitacional,m2,True,28598.0,520585.0
2019-03-01,10,Los Lagos,SAH,superficie_habitacional,m2,True,35176.0,504333.0
2019-04-01,10,Los Lagos,SAH,superficie_habitacional,m2,True,57283.0,489721.0
2019-05-01,10,Los Lagos,SAH,superficie_habitacional,m2,True,31015.0,478103.0
2019-06-01,10,Los Lagos,SAH,superficie_habitacional,m2,True,58186.0,452801.0
2019-07-01,10,Los Lagos,SAH,superficie_habitacional,m2,True,43573.0,474257.0
2019-08-01,10,Los Lagos,SAH,superficie_habitacional,m2,True,50345.0,479409.0
2019-09-01,10,Los Lagos,SAH,superficie_habitacional,m2,True,77840.0,525440.0
2019-10-01,10,Los Lagos,SAH,superficie_habitacional,m2,True,48763.0,552744.0
2019-11-01,10,Los Lagos,SAH,superficie_habitacional,m2,True,25487.0,541341.0
2019-12-01,10,Los Lagos,SAH,superficie_habitacional,m2,True,75978.0,592350.0
2020-01-01,10,Los Lagos,SAH,superficie_habitacional,m2,True,33184.0,565428.0
2020-02-01,10,Los Lagos,SAH,superficie_habitacional,m2,True,27875.0,564705.0
2020-03-01,10,Los Lagos,SAH,superficie_habitacional,m2,True,19956.0,549485.0
2020-04-01,10,Los Lagos,SAH,superficie_habitacional,m2,True,8354.0,500556.0
2020-05-01,10,Los Lagos,SAH,superficie_habitacional,m2,True,16613.0,486154.0
2020-06-01,10,Los Lagos,SAH,superficie_habitacional,m2,True,26092.0,454060.0
2020-07-01,10,Los Lagos,SAH,superficie_habitacional,m2,True,32010.0,442497.0
2020-08-01,10,Los Lagos,SAH,superficie_habitacional,m2,True,33461.0,425613.0
2020-09-01,10,Los Lagos,SAH,superficie_habitacional,m2,True,26827.0,374600.0
2020-10-01,10,Los Lagos,SAH,superficie_habitacional,m2,True,26684.0,352521.0
2020-11-01,10,Los Lagos,SAH,superficie_habitacional,m2,True,26212.0,353246.0
2020-12-01,10,Los Lagos,SAH,superficie_habitacional,m2,True,15619.0,292887.0
2021-01-01,10,Los Lagos,SAH,superficie_habitacional,m2,True,24310.0,284013.0
2021-02-01,10,Los Lagos,SAH,superficie_habitacional,m2,True,42207.0,298345.0
2021-03-01,10,Los Lagos,SAH,superficie_habitacional,m2,True,45558.0,323947.0
2021-04-01,10,Los Lagos,SAH,superficie_habitacional,m2,True,25539.0,341132.0
2021-05-01,10,Los Lagos,SAH,superficie_habitacional,m2,True,87843.0,412362.0
2021-06-01,10,Los Lagos,SAH,superficie_habitacional,m2,True,29181.0,415451.0
2021-07-01,10,Los Lagos,SAH,superficie_habitacional,m2,True,76733.0,460174.0
2021-08-01,10,Los Lagos,SAH,superficie_habitacional,m2,True,26393.0,453106.0
2021-09-01,10,Los Lagos,SAH,superficie_habitacional,m2,True,13812.0,440091.0
2021-10-01,10,Los Lagos,SAH,superficie_habitacional,m2,True,18285.0,431692.0
2021-11-01,10,Los Lagos,SAH,superficie_habitacional,m2,True,48318.0,453798.0
2021-12-01,10,Los Lagos,SAH,superficie_habitacional,m2,True,16330.0,454509.0
2022-01-01,10,Los Lagos,SAH,superficie_habitacional,m2,True,16515.0,446714.0
2022-02-01,10,Los Lagos,SAH,superficie_habitacional,m2,True,14910.0,419417.0
2022-03-01,10,Los Lagos,SAH,superficie_habitacional,m2,True,33856.0,407715.0
2022-04-01,10,Los Lagos,SAH,superficie_habitacional,m2,True,27889.0,410065.0
2022-05-01,10,Los Lagos,SAH,superficie_habitacional,m2,True,20151.0,342373.0
2022-06-01,10,Los Lagos,SAH,superficie_habitacional,m2,True,23448.0,336640.0
2022-07-01,10,Los Lagos,SAH,superficie_habitacional,m2,True,23840.0,283747.0
2022-08-01,10,Los Lagos,SAH,superficie_habitacional,m2,True,21680.0,279034.0
2022-09-01,10,Los Lagos,SAH,superficie_habitacional,m2,True,19940.0,285162.0
2022-10-01,10,Los Lagos,SAH,superficie_habitacional,m2,True,40263.0,307140.0
2022-11-01,10,Los Lagos,SAH,superficie_habitacional,m2,True,32137.0,290959.0
2022-12-01,10,Los Lagos,SAH,superficie_habitacional,m2,True,36772.0,311401.0
2023-01-01,10,Los Lagos,SAH,superficie_habitacional,m2,True,34223.0,329109.0
2023-02-01,10,Los Lagos,SAH,superficie_habitacional,m2,True,34844.0,349043.0
2023-03-01,10,Los Lagos,SAH,superficie_habitacional,m2,True,46034.0,361221.0
2023-04-01,10,Los Lagos,SAH,superficie_habitacional,m2,True,24698.0,358030.0
2023-05-01,10,Los Lagos,SAH,superficie_habitacional,m2,True,49500.0,387379.0
2023-06-01,10,Los Lagos,SAH,superficie_habitacional,m2,True,39182.0,403113.0
2023-07-01,10,Los Lagos,SAH,superficie_habitacional,m2,True,72203.0,451476.0
2023-08-01,10,Los Lagos,SAH,superficie_habitacional,m2,True,61787.0,491583.0
2023-09-01,10,Los Lagos,SAH,superficie_habitacional,m2,True,19033.0,490676.0
2023-10-01,10,Los Lagos,SAH,superficie_habitacional,m2,True,49389.0,499802.0
2023-11-01,10,Los Lagos,SAH,superficie_habitacional,m2,True,68119.0,535784.0
2023-12-01,10,Los Lagos,SAH,superficie_habitacional,m2,True,74366.0,573378.0
2024-01-01,10,Los Lagos,SAH,superficie_habitacional,m2,True,31456.0,570611.0
2024-02-01,10,Los Lagos,SAH,superficie_habitacional,m2,True,13932.0,549699.0
2024-03-01,10,Los Lagos,SAH,superficie_habitacional,m2,True,17439.0,521104.0
2024-04-01,10,Los Lagos,SAH,superficie_habitacional,m2,True,40288.0,536694.0
2024-05-01,10,Los Lagos,SAH,superficie_habitacional,m2,True,91363.0,578557.0
2024-06-01,10,Los Lagos,SAH,superficie_habitacional,m2,True,20553.0,559928.0
2024-07-01,10,Los Lagos,SAH,superficie_habitacional,m2,True,32830.0,520555.0
2024-08-01,10,Los Lagos,SAH,superficie_habitacional,m2,True,39329.0,498097.0
2024-09-01,10,Los Lagos,SAH,superficie_habitacional,m2,True,27820.0,506884.0
2024-10-01,10,Los Lagos,SAH,superficie_habitacional,m2,True,44521.0,502016.0
2024-11-01,10,Los Lagos,SAH,superficie_habitacional,m2,True,73827.0,507724.0
2024-12-01,10,Los Lagos,SAH,superficie_habitacional,m2,True,74705.0,508063.0
2025-01-01,10,Los Lagos,SAH,superficie_habitacional,m2,True,29668.0,506275.0
2025-02-01,10,Los Lagos,SAH,superficie_habitacional,m2,True,20610.0,512953.0
2025-03-01,10,Los Lagos,SAH,superficie_habitacional,m2,True,24164.0,519678.0
2025-04-01,10,Los Lagos,SAH,superficie_habitacional,m2,True,36293.0,515683.0
2025-05-01,10,Los Lagos,SAH,superficie_habitacional,m2,True,40550.0,464870.0
2025-06-01,10,Los Lagos,SAH,superficie_habitacional,m2,True,61538.0,505855.0
2025-07-01,10,Los Lagos,SAH,superficie_habitacional,m2,True,88570.0,561595.0
2025-08-01,10,Los Lagos,SAH,superficie_habitacional,m2,True,39401.0,561667.0
2025-09-01,10,Los Lagos,SAH,superficie_habitacional,m2,True,42278.0,576125.0
2025-10-01,10,Los Lagos,SAH,superficie_habitacional,m2,True,74012.0,605616.0
2025-11-01,10,Los Lagos,SAH,superficie_habitacional,m2,True,29806.0,561595.0
2025-12-01,10,Los Lagos,SAH,superficie_habitacional,m2,True,48726.0,535616.0
2026-01-01,10,Los Lagos,SAH,superficie_habitacional,m2,True,32642.0,538590.0
2026-02-01,10,Los Lagos,SAH,superficie_habitacional,m2,True,26330.0,544310.0
2026-03-01,10,Los Lagos,SAH,superficie_habitacional,m2,True,94174.0,614320.0
2026-04-01,10,Los Lagos,SAH,superficie_habitacional,m2,True,52373.0,630400.0
2026-05-01,10,Los Lagos,SAH,superficie_habitacional,m2,True,70984.0,660834.0
2014-01-01,11,Aysén,SAH,superficie_habitacional,m2,True,10003.0,
2014-02-01,11,Aysén,SAH,superficie_habitacional,m2,True,3411.0,
2014-03-01,11,Aysén,SAH,superficie_habitacional,m2,True,20616.0,
2014-04-01,11,Aysén,SAH,superficie_habitacional,m2,True,8731.0,
2014-05-01,11,Aysén,SAH,superficie_habitacional,m2,True,2541.0,
2014-06-01,11,Aysén,SAH,superficie_habitacional,m2,True,3195.0,
2014-07-01,11,Aysén,SAH,superficie_habitacional,m2,True,2907.0,
2014-08-01,11,Aysén,SAH,superficie_habitacional,m2,True,4212.0,
2014-09-01,11,Aysén,SAH,superficie_habitacional,m2,True,3235.0,
2014-10-01,11,Aysén,SAH,superficie_habitacional,m2,True,4591.0,
2014-11-01,11,Aysén,SAH,superficie_habitacional,m2,True,2183.0,
2014-12-01,11,Aysén,SAH,superficie_habitacional,m2,True,3157.0,68782.0
2015-01-01,11,Aysén,SAH,superficie_habitacional,m2,True,3412.0,62191.0
2015-02-01,11,Aysén,SAH,superficie_habitacional,m2,True,3531.0,62311.0
2015-03-01,11,Aysén,SAH,superficie_habitacional,m2,True,3204.0,44899.0
2015-04-01,11,Aysén,SAH,superficie_habitacional,m2,True,4792.0,40960.0
2015-05-01,11,Aysén,SAH,superficie_habitacional,m2,True,6865.0,45284.0
2015-06-01,11,Aysén,SAH,superficie_habitacional,m2,True,4049.0,46138.0
2015-07-01,11,Aysén,SAH,superficie_habitacional,m2,True,3483.0,46714.0
2015-08-01,11,Aysén,SAH,superficie_habitacional,m2,True,2072.0,44574.0
2015-09-01,11,Aysén,SAH,superficie_habitacional,m2,True,2075.0,43414.0
2015-10-01,11,Aysén,SAH,superficie_habitacional,m2,True,2363.0,41186.0
2015-11-01,11,Aysén,SAH,superficie_habitacional,m2,True,3130.0,42133.0
2015-12-01,11,Aysén,SAH,superficie_habitacional,m2,True,12272.0,51248.0
2016-01-01,11,Aysén,SAH,superficie_habitacional,m2,True,9132.0,56968.0
2016-02-01,11,Aysén,SAH,superficie_habitacional,m2,True,1617.0,55054.0
2016-03-01,11,Aysén,SAH,superficie_habitacional,m2,True,2102.0,53952.0
2016-04-01,11,Aysén,SAH,superficie_habitacional,m2,True,3733.0,52893.0
2016-05-01,11,Aysén,SAH,superficie_habitacional,m2,True,3581.0,49609.0
2016-06-01,11,Aysén,SAH,superficie_habitacional,m2,True,10482.0,56042.0
2016-07-01,11,Aysén,SAH,superficie_habitacional,m2,True,2802.0,55361.0
2016-08-01,11,Aysén,SAH,superficie_habitacional,m2,True,4112.0,57401.0
2016-09-01,11,Aysén,SAH,superficie_habitacional,m2,True,2839.0,58165.0
2016-10-01,11,Aysén,SAH,superficie_habitacional,m2,True,3422.0,59224.0
2016-11-01,11,Aysén,SAH,superficie_habitacional,m2,True,3148.0,59242.0
2016-12-01,11,Aysén,SAH,superficie_habitacional,m2,True,5155.0,52125.0
2017-01-01,11,Aysén,SAH,superficie_habitacional,m2,True,1751.0,44744.0
2017-02-01,11,Aysén,SAH,superficie_habitacional,m2,True,3014.0,46141.0
2017-03-01,11,Aysén,SAH,superficie_habitacional,m2,True,7849.0,51888.0
2017-04-01,11,Aysén,SAH,superficie_habitacional,m2,True,14473.0,62628.0
2017-05-01,11,Aysén,SAH,superficie_habitacional,m2,True,2889.0,61936.0
2017-06-01,11,Aysén,SAH,superficie_habitacional,m2,True,3698.0,55152.0
2017-07-01,11,Aysén,SAH,superficie_habitacional,m2,True,3682.0,56032.0
2017-08-01,11,Aysén,SAH,superficie_habitacional,m2,True,2193.0,54113.0
2017-09-01,11,Aysén,SAH,superficie_habitacional,m2,True,12435.0,63709.0
2017-10-01,11,Aysén,SAH,superficie_habitacional,m2,True,8370.0,68657.0
2017-11-01,11,Aysén,SAH,superficie_habitacional,m2,True,4678.0,70187.0
2017-12-01,11,Aysén,SAH,superficie_habitacional,m2,True,5549.0,70581.0
2018-01-01,11,Aysén,SAH,superficie_habitacional,m2,True,2667.0,71497.0
2018-02-01,11,Aysén,SAH,superficie_habitacional,m2,True,2060.0,70543.0
2018-03-01,11,Aysén,SAH,superficie_habitacional,m2,True,3347.0,66041.0
2018-04-01,11,Aysén,SAH,superficie_habitacional,m2,True,4130.0,55698.0
2018-05-01,11,Aysén,SAH,superficie_habitacional,m2,True,15181.0,67990.0
2018-06-01,11,Aysén,SAH,superficie_habitacional,m2,True,3418.0,67710.0
2018-07-01,11,Aysén,SAH,superficie_habitacional,m2,True,5315.0,69343.0
2018-08-01,11,Aysén,SAH,superficie_habitacional,m2,True,3873.0,71023.0
2018-09-01,11,Aysén,SAH,superficie_habitacional,m2,True,4335.0,62923.0
2018-10-01,11,Aysén,SAH,superficie_habitacional,m2,True,3045.0,57598.0
2018-11-01,11,Aysén,SAH,superficie_habitacional,m2,True,2797.0,55717.0
2018-12-01,11,Aysén,SAH,superficie_habitacional,m2,True,4515.0,54683.0
2019-01-01,11,Aysén,SAH,superficie_habitacional,m2,True,4206.0,56222.0
2019-02-01,11,Aysén,SAH,superficie_habitacional,m2,True,2637.0,56799.0
2019-03-01,11,Aysén,SAH,superficie_habitacional,m2,True,6579.0,60031.0
2019-04-01,11,Aysén,SAH,superficie_habitacional,m2,True,3113.0,59014.0
2019-05-01,11,Aysén,SAH,superficie_habitacional,m2,True,4236.0,48069.0
2019-06-01,11,Aysén,SAH,superficie_habitacional,m2,True,4029.0,48680.0
2019-07-01,11,Aysén,SAH,superficie_habitacional,m2,True,3871.0,47236.0
2019-08-01,11,Aysén,SAH,superficie_habitacional,m2,True,4823.0,48186.0
2019-09-01,11,Aysén,SAH,superficie_habitacional,m2,True,2761.0,46612.0
2019-10-01,11,Aysén,SAH,superficie_habitacional,m2,True,3497.0,47064.0
2019-11-01,11,Aysén,SAH,superficie_habitacional,m2,True,7567.0,51834.0
2019-12-01,11,Aysén,SAH,superficie_habitacional,m2,True,4204.0,51523.0
2020-01-01,11,Aysén,SAH,superficie_habitacional,m2,True,2934.0,50251.0
2020-02-01,11,Aysén,SAH,superficie_habitacional,m2,True,2481.0,50095.0
2020-03-01,11,Aysén,SAH,superficie_habitacional,m2,True,1104.0,44620.0
2020-04-01,11,Aysén,SAH,superficie_habitacional,m2,True,1224.0,42731.0
2020-05-01,11,Aysén,SAH,superficie_habitacional,m2,True,7332.0,45827.0
2020-06-01,11,Aysén,SAH,superficie_habitacional,m2,True,2625.0,44423.0
2020-07-01,11,Aysén,SAH,superficie_habitacional,m2,True,20037.0,60589.0
2020-08-01,11,Aysén,SAH,superficie_habitacional,m2,True,5721.0,61487.0
2020-09-01,11,Aysén,SAH,superficie_habitacional,m2,True,5468.0,64194.0
2020-10-01,11,Aysén,SAH,superficie_habitacional,m2,True,2797.0,63494.0
2020-11-01,11,Aysén,SAH,superficie_habitacional,m2,True,15767.0,71694.0
2020-12-01,11,Aysén,SAH,superficie_habitacional,m2,True,2054.0,69544.0
2021-01-01,11,Aysén,SAH,superficie_habitacional,m2,True,1638.0,68248.0
2021-02-01,11,Aysén,SAH,superficie_habitacional,m2,True,2102.0,67869.0
2021-03-01,11,Aysén,SAH,superficie_habitacional,m2,True,2647.0,69412.0
2021-04-01,11,Aysén,SAH,superficie_habitacional,m2,True,1894.0,70082.0
2021-05-01,11,Aysén,SAH,superficie_habitacional,m2,True,2837.0,65587.0
2021-06-01,11,Aysén,SAH,superficie_habitacional,m2,True,3423.0,66385.0
2021-07-01,11,Aysén,SAH,superficie_habitacional,m2,True,2831.0,49179.0
2021-08-01,11,Aysén,SAH,superficie_habitacional,m2,True,3504.0,46962.0
2021-09-01,11,Aysén,SAH,superficie_habitacional,m2,True,2192.0,43686.0
2021-10-01,11,Aysén,SAH,superficie_habitacional,m2,True,3355.0,44244.0
2021-11-01,11,Aysén,SAH,superficie_habitacional,m2,True,2354.0,30831.0
2021-12-01,11,Aysén,SAH,superficie_habitacional,m2,True,3398.0,32175.0
2022-01-01,11,Aysén,SAH,superficie_habitacional,m2,True,1704.0,32241.0
2022-02-01,11,Aysén,SAH,superficie_habitacional,m2,True,881.0,31020.0
2022-03-01,11,Aysén,SAH,superficie_habitacional,m2,True,3314.0,31687.0
2022-04-01,11,Aysén,SAH,superficie_habitacional,m2,True,1247.0,31040.0
2022-05-01,11,Aysén,SAH,superficie_habitacional,m2,True,9789.0,37992.0
2022-06-01,11,Aysén,SAH,superficie_habitacional,m2,True,21101.0,55670.0
2022-07-01,11,Aysén,SAH,superficie_habitacional,m2,True,2032.0,54871.0
2022-08-01,11,Aysén,SAH,superficie_habitacional,m2,True,2497.0,53864.0
2022-09-01,11,Aysén,SAH,superficie_habitacional,m2,True,13088.0,64760.0
2022-10-01,11,Aysén,SAH,superficie_habitacional,m2,True,2728.0,64133.0
2022-11-01,11,Aysén,SAH,superficie_habitacional,m2,True,5293.0,67072.0
2022-12-01,11,Aysén,SAH,superficie_habitacional,m2,True,3577.0,67251.0
2023-01-01,11,Aysén,SAH,superficie_habitacional,m2,True,1168.0,66715.0
2023-02-01,11,Aysén,SAH,superficie_habitacional,m2,True,1769.0,67603.0
2023-03-01,11,Aysén,SAH,superficie_habitacional,m2,True,6116.0,70405.0
2023-04-01,11,Aysén,SAH,superficie_habitacional,m2,True,1581.0,70739.0
2023-05-01,11,Aysén,SAH,superficie_habitacional,m2,True,6547.0,67497.0
2023-06-01,11,Aysén,SAH,superficie_habitacional,m2,True,3103.0,49499.0
2023-07-01,11,Aysén,SAH,superficie_habitacional,m2,True,2648.0,50115.0
2023-08-01,11,Aysén,SAH,superficie_habitacional,m2,True,3159.0,50777.0
2023-09-01,11,Aysén,SAH,superficie_habitacional,m2,True,2145.0,39834.0
2023-10-01,11,Aysén,SAH,superficie_habitacional,m2,True,4606.0,41712.0
2023-11-01,11,Aysén,SAH,superficie_habitacional,m2,True,1406.0,37825.0
2023-12-01,11,Aysén,SAH,superficie_habitacional,m2,True,2112.0,36360.0
2024-01-01,11,Aysén,SAH,superficie_habitacional,m2,True,2404.0,37596.0
2024-02-01,11,Aysén,SAH,superficie_habitacional,m2,True,1527.0,37354.0
2024-03-01,11,Aysén,SAH,superficie_habitacional,m2,True,1343.0,32581.0
2024-04-01,11,Aysén,SAH,superficie_habitacional,m2,True,1113.0,32113.0
2024-05-01,11,Aysén,SAH,superficie_habitacional,m2,True,1825.0,27391.0
2024-06-01,11,Aysén,SAH,superficie_habitacional,m2,True,1350.0,25638.0
2024-07-01,11,Aysén,SAH,superficie_habitacional,m2,True,2502.0,25492.0
2024-08-01,11,Aysén,SAH,superficie_habitacional,m2,True,6492.0,28825.0
2024-09-01,11,Aysén,SAH,superficie_habitacional,m2,True,1334.0,28014.0
2024-10-01,11,Aysén,SAH,superficie_habitacional,m2,True,2109.0,25517.0
2024-11-01,11,Aysén,SAH,superficie_habitacional,m2,True,1752.0,25863.0
2024-12-01,11,Aysén,SAH,superficie_habitacional,m2,True,66800.0,90551.0
2025-01-01,11,Aysén,SAH,superficie_habitacional,m2,True,1217.0,89364.0
2025-02-01,11,Aysén,SAH,superficie_habitacional,m2,True,10211.0,98048.0
2025-03-01,11,Aysén,SAH,superficie_habitacional,m2,True,8807.0,105512.0
2025-04-01,11,Aysén,SAH,superficie_habitacional,m2,True,4529.0,108928.0
2025-05-01,11,Aysén,SAH,superficie_habitacional,m2,True,3597.0,110700.0
2025-06-01,11,Aysén,SAH,superficie_habitacional,m2,True,7253.0,116603.0
2025-07-01,11,Aysén,SAH,superficie_habitacional,m2,True,3083.0,117184.0
2025-08-01,11,Aysén,SAH,superficie_habitacional,m2,True,8918.0,119610.0
2025-09-01,11,Aysén,SAH,superficie_habitacional,m2,True,4903.0,123179.0
2025-10-01,11,Aysén,SAH,superficie_habitacional,m2,True,2471.0,123541.0
2025-11-01,11,Aysén,SAH,superficie_habitacional,m2,True,2782.0,124571.0
2025-12-01,11,Aysén,SAH,superficie_habitacional,m2,True,2655.0,60426.0
2026-01-01,11,Aysén,SAH,superficie_habitacional,m2,True,4197.0,63406.0
2026-02-01,11,Aysén,SAH,superficie_habitacional,m2,True,2224.0,55419.0
2026-03-01,11,Aysén,SAH,superficie_habitacional,m2,True,3353.0,49965.0
2026-04-01,11,Aysén,SAH,superficie_habitacional,m2,True,5943.0,51379.0
2026-05-01,11,Aysén,SAH,superficie_habitacional,m2,True,3875.0,51657.0
2014-01-01,12,Magallanes,SAH,superficie_habitacional,m2,True,4456.0,
2014-02-01,12,Magallanes,SAH,superficie_habitacional,m2,True,5147.0,
2014-03-01,12,Magallanes,SAH,superficie_habitacional,m2,True,4141.0,
2014-04-01,12,Magallanes,SAH,superficie_habitacional,m2,True,3276.0,
2014-05-01,12,Magallanes,SAH,superficie_habitacional,m2,True,18199.0,
2014-06-01,12,Magallanes,SAH,superficie_habitacional,m2,True,3519.0,
2014-07-01,12,Magallanes,SAH,superficie_habitacional,m2,True,4415.0,
2014-08-01,12,Magallanes,SAH,superficie_habitacional,m2,True,11931.0,
2014-09-01,12,Magallanes,SAH,superficie_habitacional,m2,True,4160.0,
2014-10-01,12,Magallanes,SAH,superficie_habitacional,m2,True,13809.0,
2014-11-01,12,Magallanes,SAH,superficie_habitacional,m2,True,2889.0,
2014-12-01,12,Magallanes,SAH,superficie_habitacional,m2,True,3424.0,79366.0
2015-01-01,12,Magallanes,SAH,superficie_habitacional,m2,True,6811.0,81721.0
2015-02-01,12,Magallanes,SAH,superficie_habitacional,m2,True,6696.0,83270.0
2015-03-01,12,Magallanes,SAH,superficie_habitacional,m2,True,5034.0,84163.0
2015-04-01,12,Magallanes,SAH,superficie_habitacional,m2,True,3813.0,84700.0
2015-05-01,12,Magallanes,SAH,superficie_habitacional,m2,True,13092.0,79593.0
2015-06-01,12,Magallanes,SAH,superficie_habitacional,m2,True,4758.0,80832.0
2015-07-01,12,Magallanes,SAH,superficie_habitacional,m2,True,9744.0,86161.0
2015-08-01,12,Magallanes,SAH,superficie_habitacional,m2,True,7020.0,81250.0
2015-09-01,12,Magallanes,SAH,superficie_habitacional,m2,True,2672.0,79762.0
2015-10-01,12,Magallanes,SAH,superficie_habitacional,m2,True,2643.0,68596.0
2015-11-01,12,Magallanes,SAH,superficie_habitacional,m2,True,3602.0,69309.0
2015-12-01,12,Magallanes,SAH,superficie_habitacional,m2,True,5343.0,71228.0
2016-01-01,12,Magallanes,SAH,superficie_habitacional,m2,True,2508.0,66925.0
2016-02-01,12,Magallanes,SAH,superficie_habitacional,m2,True,9923.0,70152.0
2016-03-01,12,Magallanes,SAH,superficie_habitacional,m2,True,3181.0,68299.0
2016-04-01,12,Magallanes,SAH,superficie_habitacional,m2,True,3696.0,68182.0
2016-05-01,12,Magallanes,SAH,superficie_habitacional,m2,True,3818.0,58908.0
2016-06-01,12,Magallanes,SAH,superficie_habitacional,m2,True,4995.0,59145.0
2016-07-01,12,Magallanes,SAH,superficie_habitacional,m2,True,6043.0,55444.0
2016-08-01,12,Magallanes,SAH,superficie_habitacional,m2,True,4236.0,52660.0
2016-09-01,12,Magallanes,SAH,superficie_habitacional,m2,True,15903.0,65891.0
2016-10-01,12,Magallanes,SAH,superficie_habitacional,m2,True,7022.0,70270.0
2016-11-01,12,Magallanes,SAH,superficie_habitacional,m2,True,3520.0,70188.0
2016-12-01,12,Magallanes,SAH,superficie_habitacional,m2,True,9888.0,74733.0
2017-01-01,12,Magallanes,SAH,superficie_habitacional,m2,True,18809.0,91034.0
2017-02-01,12,Magallanes,SAH,superficie_habitacional,m2,True,8022.0,89133.0
2017-03-01,12,Magallanes,SAH,superficie_habitacional,m2,True,5240.0,91192.0
2017-04-01,12,Magallanes,SAH,superficie_habitacional,m2,True,7916.0,95412.0
2017-05-01,12,Magallanes,SAH,superficie_habitacional,m2,True,6847.0,98441.0
2017-06-01,12,Magallanes,SAH,superficie_habitacional,m2,True,12029.0,105475.0
2017-07-01,12,Magallanes,SAH,superficie_habitacional,m2,True,6924.0,106356.0
2017-08-01,12,Magallanes,SAH,superficie_habitacional,m2,True,16931.0,119051.0
2017-09-01,12,Magallanes,SAH,superficie_habitacional,m2,True,4046.0,107194.0
2017-10-01,12,Magallanes,SAH,superficie_habitacional,m2,True,7169.0,107341.0
2017-11-01,12,Magallanes,SAH,superficie_habitacional,m2,True,6134.0,109955.0
2017-12-01,12,Magallanes,SAH,superficie_habitacional,m2,True,8700.0,108767.0
2018-01-01,12,Magallanes,SAH,superficie_habitacional,m2,True,11357.0,101315.0
2018-02-01,12,Magallanes,SAH,superficie_habitacional,m2,True,7471.0,100764.0
2018-03-01,12,Magallanes,SAH,superficie_habitacional,m2,True,6636.0,102160.0
2018-04-01,12,Magallanes,SAH,superficie_habitacional,m2,True,23775.0,118019.0
2018-05-01,12,Magallanes,SAH,superficie_habitacional,m2,True,24236.0,135408.0
2018-06-01,12,Magallanes,SAH,superficie_habitacional,m2,True,19437.0,142816.0
2018-07-01,12,Magallanes,SAH,superficie_habitacional,m2,True,7149.0,143041.0
2018-08-01,12,Magallanes,SAH,superficie_habitacional,m2,True,29421.0,155531.0
2018-09-01,12,Magallanes,SAH,superficie_habitacional,m2,True,3917.0,155402.0
2018-10-01,12,Magallanes,SAH,superficie_habitacional,m2,True,25174.0,173407.0
2018-11-01,12,Magallanes,SAH,superficie_habitacional,m2,True,4478.0,171751.0
2018-12-01,12,Magallanes,SAH,superficie_habitacional,m2,True,12003.0,175054.0
2019-01-01,12,Magallanes,SAH,superficie_habitacional,m2,True,14375.0,178072.0
2019-02-01,12,Magallanes,SAH,superficie_habitacional,m2,True,10115.0,180716.0
2019-03-01,12,Magallanes,SAH,superficie_habitacional,m2,True,8459.0,182539.0
2019-04-01,12,Magallanes,SAH,superficie_habitacional,m2,True,5542.0,164306.0
2019-05-01,12,Magallanes,SAH,superficie_habitacional,m2,True,8047.0,148117.0
2019-06-01,12,Magallanes,SAH,superficie_habitacional,m2,True,23370.0,152050.0
2019-07-01,12,Magallanes,SAH,superficie_habitacional,m2,True,4955.0,149856.0
2019-08-01,12,Magallanes,SAH,superficie_habitacional,m2,True,6866.0,127301.0
2019-09-01,12,Magallanes,SAH,superficie_habitacional,m2,True,5422.0,128806.0
2019-10-01,12,Magallanes,SAH,superficie_habitacional,m2,True,2890.0,106522.0
2019-11-01,12,Magallanes,SAH,superficie_habitacional,m2,True,3540.0,105584.0
2019-12-01,12,Magallanes,SAH,superficie_habitacional,m2,True,4790.0,98371.0
2020-01-01,12,Magallanes,SAH,superficie_habitacional,m2,True,2450.0,86446.0
2020-02-01,12,Magallanes,SAH,superficie_habitacional,m2,True,2151.0,78482.0
2020-03-01,12,Magallanes,SAH,superficie_habitacional,m2,True,4784.0,74807.0
2020-04-01,12,Magallanes,SAH,superficie_habitacional,m2,True,895.0,70160.0
2020-05-01,12,Magallanes,SAH,superficie_habitacional,m2,True,2078.0,64191.0
2020-06-01,12,Magallanes,SAH,superficie_habitacional,m2,True,4224.0,45045.0
2020-07-01,12,Magallanes,SAH,superficie_habitacional,m2,True,2522.0,42612.0
2020-08-01,12,Magallanes,SAH,superficie_habitacional,m2,True,4125.0,39871.0
2020-09-01,12,Magallanes,SAH,superficie_habitacional,m2,True,3910.0,38359.0
2020-10-01,12,Magallanes,SAH,superficie_habitacional,m2,True,8212.0,43681.0
2020-11-01,12,Magallanes,SAH,superficie_habitacional,m2,True,6406.0,46547.0
2020-12-01,12,Magallanes,SAH,superficie_habitacional,m2,True,5570.0,47327.0
2021-01-01,12,Magallanes,SAH,superficie_habitacional,m2,True,2973.0,47850.0
2021-02-01,12,Magallanes,SAH,superficie_habitacional,m2,True,3138.0,48837.0
2021-03-01,12,Magallanes,SAH,superficie_habitacional,m2,True,3512.0,47565.0
2021-04-01,12,Magallanes,SAH,superficie_habitacional,m2,True,3530.0,50200.0
2021-05-01,12,Magallanes,SAH,superficie_habitacional,m2,True,2893.0,51015.0
2021-06-01,12,Magallanes,SAH,superficie_habitacional,m2,True,4587.0,51378.0
2021-07-01,12,Magallanes,SAH,superficie_habitacional,m2,True,2238.0,51094.0
2021-08-01,12,Magallanes,SAH,superficie_habitacional,m2,True,20869.0,67838.0
2021-09-01,12,Magallanes,SAH,superficie_habitacional,m2,True,2650.0,66578.0
2021-10-01,12,Magallanes,SAH,superficie_habitacional,m2,True,3090.0,61456.0
2021-11-01,12,Magallanes,SAH,superficie_habitacional,m2,True,3631.0,58681.0
2021-12-01,12,Magallanes,SAH,superficie_habitacional,m2,True,11271.0,64382.0
2022-01-01,12,Magallanes,SAH,superficie_habitacional,m2,True,2631.0,64040.0
2022-02-01,12,Magallanes,SAH,superficie_habitacional,m2,True,3802.0,64704.0
2022-03-01,12,Magallanes,SAH,superficie_habitacional,m2,True,6415.0,67607.0
2022-04-01,12,Magallanes,SAH,superficie_habitacional,m2,True,4411.0,68488.0
2022-05-01,12,Magallanes,SAH,superficie_habitacional,m2,True,3586.0,69181.0
2022-06-01,12,Magallanes,SAH,superficie_habitacional,m2,True,3640.0,68234.0
2022-07-01,12,Magallanes,SAH,superficie_habitacional,m2,True,3593.0,69589.0
2022-08-01,12,Magallanes,SAH,superficie_habitacional,m2,True,19584.0,68304.0
2022-09-01,12,Magallanes,SAH,superficie_habitacional,m2,True,2681.0,68335.0
2022-10-01,12,Magallanes,SAH,superficie_habitacional,m2,True,1786.0,67031.0
2022-11-01,12,Magallanes,SAH,superficie_habitacional,m2,True,4024.0,67424.0
2022-12-01,12,Magallanes,SAH,superficie_habitacional,m2,True,2969.0,59122.0
2023-01-01,12,Magallanes,SAH,superficie_habitacional,m2,True,4299.0,60790.0
2023-02-01,12,Magallanes,SAH,superficie_habitacional,m2,True,4476.0,61464.0
2023-03-01,12,Magallanes,SAH,superficie_habitacional,m2,True,8564.0,63613.0
2023-04-01,12,Magallanes,SAH,superficie_habitacional,m2,True,2979.0,62181.0
2023-05-01,12,Magallanes,SAH,superficie_habitacional,m2,True,2151.0,60746.0
2023-06-01,12,Magallanes,SAH,superficie_habitacional,m2,True,1977.0,59083.0
2023-07-01,12,Magallanes,SAH,superficie_habitacional,m2,True,1837.0,57327.0
2023-08-01,12,Magallanes,SAH,superficie_habitacional,m2,True,2549.0,40292.0
2023-09-01,12,Magallanes,SAH,superficie_habitacional,m2,True,1836.0,39447.0
2023-10-01,12,Magallanes,SAH,superficie_habitacional,m2,True,2829.0,40490.0
2023-11-01,12,Magallanes,SAH,superficie_habitacional,m2,True,2792.0,39258.0
2023-12-01,12,Magallanes,SAH,superficie_habitacional,m2,True,1954.0,38243.0
2024-01-01,12,Magallanes,SAH,superficie_habitacional,m2,True,3245.0,37189.0
2024-02-01,12,Magallanes,SAH,superficie_habitacional,m2,True,2745.0,35458.0
2024-03-01,12,Magallanes,SAH,superficie_habitacional,m2,True,2452.0,29346.0
2024-04-01,12,Magallanes,SAH,superficie_habitacional,m2,True,7078.0,33445.0
2024-05-01,12,Magallanes,SAH,superficie_habitacional,m2,True,2225.0,33519.0
2024-06-01,12,Magallanes,SAH,superficie_habitacional,m2,True,1824.0,33366.0
2024-07-01,12,Magallanes,SAH,superficie_habitacional,m2,True,3659.0,35188.0
2024-08-01,12,Magallanes,SAH,superficie_habitacional,m2,True,4873.0,37512.0
2024-09-01,12,Magallanes,SAH,superficie_habitacional,m2,True,2736.0,38412.0
2024-10-01,12,Magallanes,SAH,superficie_habitacional,m2,True,5830.0,41413.0
2024-11-01,12,Magallanes,SAH,superficie_habitacional,m2,True,5458.0,44079.0
2024-12-01,12,Magallanes,SAH,superficie_habitacional,m2,True,20510.0,62635.0
2025-01-01,12,Magallanes,SAH,superficie_habitacional,m2,True,2855.0,62245.0
2025-02-01,12,Magallanes,SAH,superficie_habitacional,m2,True,1627.0,61127.0
2025-03-01,12,Magallanes,SAH,superficie_habitacional,m2,True,3096.0,61771.0
2025-04-01,12,Magallanes,SAH,superficie_habitacional,m2,True,13370.0,68063.0
2025-05-01,12,Magallanes,SAH,superficie_habitacional,m2,True,3104.0,68942.0
2025-06-01,12,Magallanes,SAH,superficie_habitacional,m2,True,1820.0,68938.0
2025-07-01,12,Magallanes,SAH,superficie_habitacional,m2,True,1528.0,66807.0
2025-08-01,12,Magallanes,SAH,superficie_habitacional,m2,True,2175.0,64109.0
2025-09-01,12,Magallanes,SAH,superficie_habitacional,m2,True,2786.0,64159.0
2025-10-01,12,Magallanes,SAH,superficie_habitacional,m2,True,1834.0,60163.0
2025-11-01,12,Magallanes,SAH,superficie_habitacional,m2,True,2133.0,56838.0
2025-12-01,12,Magallanes,SAH,superficie_habitacional,m2,True,3251.0,39579.0
2026-01-01,12,Magallanes,SAH,superficie_habitacional,m2,True,5388.0,42112.0
2026-02-01,12,Magallanes,SAH,superficie_habitacional,m2,True,940.0,41425.0
2026-03-01,12,Magallanes,SAH,superficie_habitacional,m2,True,961.0,39290.0
2026-04-01,12,Magallanes,SAH,superficie_habitacional,m2,True,5328.0,31248.0
2026-05-01,12,Magallanes,SAH,superficie_habitacional,m2,True,1385.0,29529.0
2014-01-01,13,Metropolitana de Santiago,SAH,superficie_habitacional,m2,True,482421.0,
2014-02-01,13,Metropolitana de Santiago,SAH,superficie_habitacional,m2,True,379497.0,
2014-03-01,13,Metropolitana de Santiago,SAH,superficie_habitacional,m2,True,491200.0,
2014-04-01,13,Metropolitana de Santiago,SAH,superficie_habitacional,m2,True,563540.0,
2014-05-01,13,Metropolitana de Santiago,SAH,superficie_habitacional,m2,True,473867.0,
2014-06-01,13,Metropolitana de Santiago,SAH,superficie_habitacional,m2,True,621483.0,
2014-07-01,13,Metropolitana de Santiago,SAH,superficie_habitacional,m2,True,356451.0,
2014-08-01,13,Metropolitana de Santiago,SAH,superficie_habitacional,m2,True,561550.0,
2014-09-01,13,Metropolitana de Santiago,SAH,superficie_habitacional,m2,True,480749.0,
2014-10-01,13,Metropolitana de Santiago,SAH,superficie_habitacional,m2,True,412066.0,
2014-11-01,13,Metropolitana de Santiago,SAH,superficie_habitacional,m2,True,414254.0,
2014-12-01,13,Metropolitana de Santiago,SAH,superficie_habitacional,m2,True,648733.0,5885811.0
2015-01-01,13,Metropolitana de Santiago,SAH,superficie_habitacional,m2,True,354779.0,5758169.0
2015-02-01,13,Metropolitana de Santiago,SAH,superficie_habitacional,m2,True,339298.0,5717970.0
2015-03-01,13,Metropolitana de Santiago,SAH,superficie_habitacional,m2,True,339579.0,5566349.0
2015-04-01,13,Metropolitana de Santiago,SAH,superficie_habitacional,m2,True,417383.0,5420192.0
2015-05-01,13,Metropolitana de Santiago,SAH,superficie_habitacional,m2,True,497952.0,5444277.0
2015-06-01,13,Metropolitana de Santiago,SAH,superficie_habitacional,m2,True,489645.0,5312439.0
2015-07-01,13,Metropolitana de Santiago,SAH,superficie_habitacional,m2,True,565112.0,5521100.0
2015-08-01,13,Metropolitana de Santiago,SAH,superficie_habitacional,m2,True,619998.0,5579548.0
2015-09-01,13,Metropolitana de Santiago,SAH,superficie_habitacional,m2,True,575355.0,5674154.0
2015-10-01,13,Metropolitana de Santiago,SAH,superficie_habitacional,m2,True,613395.0,5875483.0
2015-11-01,13,Metropolitana de Santiago,SAH,superficie_habitacional,m2,True,618500.0,6079729.0
2015-12-01,13,Metropolitana de Santiago,SAH,superficie_habitacional,m2,True,1523618.0,6954614.0
2016-01-01,13,Metropolitana de Santiago,SAH,superficie_habitacional,m2,True,460025.0,7059860.0
2016-02-01,13,Metropolitana de Santiago,SAH,superficie_habitacional,m2,True,267062.0,6987624.0
2016-03-01,13,Metropolitana de Santiago,SAH,superficie_habitacional,m2,True,574367.0,7222412.0
2016-04-01,13,Metropolitana de Santiago,SAH,superficie_habitacional,m2,True,388669.0,7193698.0
2016-05-01,13,Metropolitana de Santiago,SAH,superficie_habitacional,m2,True,482629.0,7178375.0
2016-06-01,13,Metropolitana de Santiago,SAH,superficie_habitacional,m2,True,497917.0,7186647.0
2016-07-01,13,Metropolitana de Santiago,SAH,superficie_habitacional,m2,True,151715.0,6773250.0
2016-08-01,13,Metropolitana de Santiago,SAH,superficie_habitacional,m2,True,330964.0,6484216.0
2016-09-01,13,Metropolitana de Santiago,SAH,superficie_habitacional,m2,True,294082.0,6202943.0
2016-10-01,13,Metropolitana de Santiago,SAH,superficie_habitacional,m2,True,494341.0,6083889.0
2016-11-01,13,Metropolitana de Santiago,SAH,superficie_habitacional,m2,True,540993.0,6006382.0
2016-12-01,13,Metropolitana de Santiago,SAH,superficie_habitacional,m2,True,692604.0,5175368.0
2017-01-01,13,Metropolitana de Santiago,SAH,superficie_habitacional,m2,True,295317.0,5010660.0
2017-02-01,13,Metropolitana de Santiago,SAH,superficie_habitacional,m2,True,290268.0,5033866.0
2017-03-01,13,Metropolitana de Santiago,SAH,superficie_habitacional,m2,True,323421.0,4782920.0
2017-04-01,13,Metropolitana de Santiago,SAH,superficie_habitacional,m2,True,392708.0,4786959.0
2017-05-01,13,Metropolitana de Santiago,SAH,superficie_habitacional,m2,True,609309.0,4913639.0
2017-06-01,13,Metropolitana de Santiago,SAH,superficie_habitacional,m2,True,563770.0,4979492.0
2017-07-01,13,Metropolitana de Santiago,SAH,superficie_habitacional,m2,True,274081.0,5101858.0
2017-08-01,13,Metropolitana de Santiago,SAH,superficie_habitacional,m2,True,422141.0,5193035.0
2017-09-01,13,Metropolitana de Santiago,SAH,superficie_habitacional,m2,True,289664.0,5188617.0
2017-10-01,13,Metropolitana de Santiago,SAH,superficie_habitacional,m2,True,348415.0,5042691.0
2017-11-01,13,Metropolitana de Santiago,SAH,superficie_habitacional,m2,True,394360.0,4896058.0
2017-12-01,13,Metropolitana de Santiago,SAH,superficie_habitacional,m2,True,399440.0,4602894.0
2018-01-01,13,Metropolitana de Santiago,SAH,superficie_habitacional,m2,True,434972.0,4742549.0
2018-02-01,13,Metropolitana de Santiago,SAH,superficie_habitacional,m2,True,722340.0,5174621.0
2018-03-01,13,Metropolitana de Santiago,SAH,superficie_habitacional,m2,True,544316.0,5395516.0
2018-04-01,13,Metropolitana de Santiago,SAH,superficie_habitacional,m2,True,471664.0,5474472.0
2018-05-01,13,Metropolitana de Santiago,SAH,superficie_habitacional,m2,True,468587.0,5333750.0
2018-06-01,13,Metropolitana de Santiago,SAH,superficie_habitacional,m2,True,380775.0,5150755.0
2018-07-01,13,Metropolitana de Santiago,SAH,superficie_habitacional,m2,True,288245.0,5164919.0
2018-08-01,13,Metropolitana de Santiago,SAH,superficie_habitacional,m2,True,334550.0,5077328.0
2018-09-01,13,Metropolitana de Santiago,SAH,superficie_habitacional,m2,True,343040.0,5130704.0
2018-10-01,13,Metropolitana de Santiago,SAH,superficie_habitacional,m2,True,800628.0,5582917.0
2018-11-01,13,Metropolitana de Santiago,SAH,superficie_habitacional,m2,True,346013.0,5534570.0
2018-12-01,13,Metropolitana de Santiago,SAH,superficie_habitacional,m2,True,419191.0,5554321.0
2019-01-01,13,Metropolitana de Santiago,SAH,superficie_habitacional,m2,True,566413.0,5685762.0
2019-02-01,13,Metropolitana de Santiago,SAH,superficie_habitacional,m2,True,342328.0,5305750.0
2019-03-01,13,Metropolitana de Santiago,SAH,superficie_habitacional,m2,True,479856.0,5241290.0
2019-04-01,13,Metropolitana de Santiago,SAH,superficie_habitacional,m2,True,351705.0,5121331.0
2019-05-01,13,Metropolitana de Santiago,SAH,superficie_habitacional,m2,True,619100.0,5271844.0
2019-06-01,13,Metropolitana de Santiago,SAH,superficie_habitacional,m2,True,474176.0,5365245.0
2019-07-01,13,Metropolitana de Santiago,SAH,superficie_habitacional,m2,True,396436.0,5473436.0
2019-08-01,13,Metropolitana de Santiago,SAH,superficie_habitacional,m2,True,407904.0,5546790.0
2019-09-01,13,Metropolitana de Santiago,SAH,superficie_habitacional,m2,True,607983.0,5811733.0
2019-10-01,13,Metropolitana de Santiago,SAH,superficie_habitacional,m2,True,340084.0,5351189.0
2019-11-01,13,Metropolitana de Santiago,SAH,superficie_habitacional,m2,True,815857.0,5821033.0
2019-12-01,13,Metropolitana de Santiago,SAH,superficie_habitacional,m2,True,678674.0,6080516.0
2020-01-01,13,Metropolitana de Santiago,SAH,superficie_habitacional,m2,True,388196.0,5902299.0
2020-02-01,13,Metropolitana de Santiago,SAH,superficie_habitacional,m2,True,403632.0,5963603.0
2020-03-01,13,Metropolitana de Santiago,SAH,superficie_habitacional,m2,True,283984.0,5767731.0
2020-04-01,13,Metropolitana de Santiago,SAH,superficie_habitacional,m2,True,243757.0,5659783.0
2020-05-01,13,Metropolitana de Santiago,SAH,superficie_habitacional,m2,True,438599.0,5479282.0
2020-06-01,13,Metropolitana de Santiago,SAH,superficie_habitacional,m2,True,249641.0,5254747.0
2020-07-01,13,Metropolitana de Santiago,SAH,superficie_habitacional,m2,True,165222.0,5023533.0
2020-08-01,13,Metropolitana de Santiago,SAH,superficie_habitacional,m2,True,559754.0,5175383.0
2020-09-01,13,Metropolitana de Santiago,SAH,superficie_habitacional,m2,True,505855.0,5073255.0
2020-10-01,13,Metropolitana de Santiago,SAH,superficie_habitacional,m2,True,248350.0,4981521.0
2020-11-01,13,Metropolitana de Santiago,SAH,superficie_habitacional,m2,True,416800.0,4582464.0
2020-12-01,13,Metropolitana de Santiago,SAH,superficie_habitacional,m2,True,436786.0,4340576.0
2021-01-01,13,Metropolitana de Santiago,SAH,superficie_habitacional,m2,True,329070.0,4281450.0
2021-02-01,13,Metropolitana de Santiago,SAH,superficie_habitacional,m2,True,186425.0,4064243.0
2021-03-01,13,Metropolitana de Santiago,SAH,superficie_habitacional,m2,True,585948.0,4366207.0
2021-04-01,13,Metropolitana de Santiago,SAH,superficie_habitacional,m2,True,487877.0,4610327.0
2021-05-01,13,Metropolitana de Santiago,SAH,superficie_habitacional,m2,True,672500.0,4844228.0
2021-06-01,13,Metropolitana de Santiago,SAH,superficie_habitacional,m2,True,398811.0,4993398.0
2021-07-01,13,Metropolitana de Santiago,SAH,superficie_habitacional,m2,True,502797.0,5330973.0
2021-08-01,13,Metropolitana de Santiago,SAH,superficie_habitacional,m2,True,690090.0,5461309.0
2021-09-01,13,Metropolitana de Santiago,SAH,superficie_habitacional,m2,True,326915.0,5282369.0
2021-10-01,13,Metropolitana de Santiago,SAH,superficie_habitacional,m2,True,517853.0,5551872.0
2021-11-01,13,Metropolitana de Santiago,SAH,superficie_habitacional,m2,True,490921.0,5625993.0
2021-12-01,13,Metropolitana de Santiago,SAH,superficie_habitacional,m2,True,664131.0,5853338.0
2022-01-01,13,Metropolitana de Santiago,SAH,superficie_habitacional,m2,True,298919.0,5823187.0
2022-02-01,13,Metropolitana de Santiago,SAH,superficie_habitacional,m2,True,312982.0,5949744.0
2022-03-01,13,Metropolitana de Santiago,SAH,superficie_habitacional,m2,True,392540.0,5756336.0
2022-04-01,13,Metropolitana de Santiago,SAH,superficie_habitacional,m2,True,315987.0,5584446.0
2022-05-01,13,Metropolitana de Santiago,SAH,superficie_habitacional,m2,True,402930.0,5314876.0
2022-06-01,13,Metropolitana de Santiago,SAH,superficie_habitacional,m2,True,431640.0,5347705.0
2022-07-01,13,Metropolitana de Santiago,SAH,superficie_habitacional,m2,True,300515.0,5145423.0
2022-08-01,13,Metropolitana de Santiago,SAH,superficie_habitacional,m2,True,313292.0,4768625.0
2022-09-01,13,Metropolitana de Santiago,SAH,superficie_habitacional,m2,True,191876.0,4633586.0
2022-10-01,13,Metropolitana de Santiago,SAH,superficie_habitacional,m2,True,298126.0,4413859.0
2022-11-01,13,Metropolitana de Santiago,SAH,superficie_habitacional,m2,True,269826.0,4192764.0
2022-12-01,13,Metropolitana de Santiago,SAH,superficie_habitacional,m2,True,972475.0,4501108.0
2023-01-01,13,Metropolitana de Santiago,SAH,superficie_habitacional,m2,True,151500.0,4353689.0
2023-02-01,13,Metropolitana de Santiago,SAH,superficie_habitacional,m2,True,91370.0,4132077.0
2023-03-01,13,Metropolitana de Santiago,SAH,superficie_habitacional,m2,True,191530.0,3931067.0
2023-04-01,13,Metropolitana de Santiago,SAH,superficie_habitacional,m2,True,232434.0,3847514.0
2023-05-01,13,Metropolitana de Santiago,SAH,superficie_habitacional,m2,True,209902.0,3654486.0
2023-06-01,13,Metropolitana de Santiago,SAH,superficie_habitacional,m2,True,164171.0,3387017.0
2023-07-01,13,Metropolitana de Santiago,SAH,superficie_habitacional,m2,True,457740.0,3544242.0
2023-08-01,13,Metropolitana de Santiago,SAH,superficie_habitacional,m2,True,162722.0,3393672.0
2023-09-01,13,Metropolitana de Santiago,SAH,superficie_habitacional,m2,True,156076.0,3357872.0
2023-10-01,13,Metropolitana de Santiago,SAH,superficie_habitacional,m2,True,168700.0,3228446.0
2023-11-01,13,Metropolitana de Santiago,SAH,superficie_habitacional,m2,True,209386.0,3168006.0
2023-12-01,13,Metropolitana de Santiago,SAH,superficie_habitacional,m2,True,333722.0,2529253.0
2024-01-01,13,Metropolitana de Santiago,SAH,superficie_habitacional,m2,True,138287.0,2516040.0
2024-02-01,13,Metropolitana de Santiago,SAH,superficie_habitacional,m2,True,138612.0,2563282.0
2024-03-01,13,Metropolitana de Santiago,SAH,superficie_habitacional,m2,True,175104.0,2546856.0
2024-04-01,13,Metropolitana de Santiago,SAH,superficie_habitacional,m2,True,223377.0,2537799.0
2024-05-01,13,Metropolitana de Santiago,SAH,superficie_habitacional,m2,True,94543.0,2422440.0
2024-06-01,13,Metropolitana de Santiago,SAH,superficie_habitacional,m2,True,218812.0,2477081.0
2024-07-01,13,Metropolitana de Santiago,SAH,superficie_habitacional,m2,True,132628.0,2151969.0
2024-08-01,13,Metropolitana de Santiago,SAH,superficie_habitacional,m2,True,91877.0,2081124.0
2024-09-01,13,Metropolitana de Santiago,SAH,superficie_habitacional,m2,True,169930.0,2094978.0
2024-10-01,13,Metropolitana de Santiago,SAH,superficie_habitacional,m2,True,149456.0,2075734.0
2024-11-01,13,Metropolitana de Santiago,SAH,superficie_habitacional,m2,True,149275.0,2015623.0
2024-12-01,13,Metropolitana de Santiago,SAH,superficie_habitacional,m2,True,564180.0,2246081.0
2025-01-01,13,Metropolitana de Santiago,SAH,superficie_habitacional,m2,True,352391.0,2460185.0
2025-02-01,13,Metropolitana de Santiago,SAH,superficie_habitacional,m2,True,88535.0,2410108.0
2025-03-01,13,Metropolitana de Santiago,SAH,superficie_habitacional,m2,True,145220.0,2380224.0
2025-04-01,13,Metropolitana de Santiago,SAH,superficie_habitacional,m2,True,111874.0,2268721.0
2025-05-01,13,Metropolitana de Santiago,SAH,superficie_habitacional,m2,True,99219.0,2273397.0
2025-06-01,13,Metropolitana de Santiago,SAH,superficie_habitacional,m2,True,153145.0,2207730.0
2025-07-01,13,Metropolitana de Santiago,SAH,superficie_habitacional,m2,True,120182.0,2195284.0
2025-08-01,13,Metropolitana de Santiago,SAH,superficie_habitacional,m2,True,226494.0,2329901.0
2025-09-01,13,Metropolitana de Santiago,SAH,superficie_habitacional,m2,True,246925.0,2406896.0
2025-10-01,13,Metropolitana de Santiago,SAH,superficie_habitacional,m2,True,178111.0,2435551.0
2025-11-01,13,Metropolitana de Santiago,SAH,superficie_habitacional,m2,True,203267.0,2489543.0
2025-12-01,13,Metropolitana de Santiago,SAH,superficie_habitacional,m2,True,151098.0,2076461.0
2026-01-01,13,Metropolitana de Santiago,SAH,superficie_habitacional,m2,True,235131.0,1959201.0
2026-02-01,13,Metropolitana de Santiago,SAH,superficie_habitacional,m2,True,158769.0,2029435.0
2026-03-01,13,Metropolitana de Santiago,SAH,superficie_habitacional,m2,True,181923.0,2066138.0
2026-04-01,13,Metropolitana de Santiago,SAH,superficie_habitacional,m2,True,169038.0,2123302.0
2026-05-01,13,Metropolitana de Santiago,SAH,superficie_habitacional,m2,True,56218.0,2080301.0
2014-01-01,14,Los Ríos,SAH,superficie_habitacional,m2,True,13153.0,
2014-02-01,14,Los Ríos,SAH,superficie_habitacional,m2,True,6136.0,
2014-03-01,14,Los Ríos,SAH,superficie_habitacional,m2,True,28417.0,
2014-04-01,14,Los Ríos,SAH,superficie_habitacional,m2,True,17773.0,
2014-05-01,14,Los Ríos,SAH,superficie_habitacional,m2,True,8740.0,
2014-06-01,14,Los Ríos,SAH,superficie_habitacional,m2,True,15110.0,
2014-07-01,14,Los Ríos,SAH,superficie_habitacional,m2,True,11664.0,
2014-08-01,14,Los Ríos,SAH,superficie_habitacional,m2,True,19026.0,
2014-09-01,14,Los Ríos,SAH,superficie_habitacional,m2,True,14805.0,
2014-10-01,14,Los Ríos,SAH,superficie_habitacional,m2,True,23262.0,
2014-11-01,14,Los Ríos,SAH,superficie_habitacional,m2,True,27846.0,
2014-12-01,14,Los Ríos,SAH,superficie_habitacional,m2,True,13969.0,199901.0
2015-01-01,14,Los Ríos,SAH,superficie_habitacional,m2,True,6798.0,193546.0
2015-02-01,14,Los Ríos,SAH,superficie_habitacional,m2,True,47341.0,234751.0
2015-03-01,14,Los Ríos,SAH,superficie_habitacional,m2,True,14402.0,220736.0
2015-04-01,14,Los Ríos,SAH,superficie_habitacional,m2,True,16280.0,219243.0
2015-05-01,14,Los Ríos,SAH,superficie_habitacional,m2,True,8757.0,219260.0
2015-06-01,14,Los Ríos,SAH,superficie_habitacional,m2,True,15739.0,219889.0
2015-07-01,14,Los Ríos,SAH,superficie_habitacional,m2,True,9835.0,218060.0
2015-08-01,14,Los Ríos,SAH,superficie_habitacional,m2,True,24092.0,223126.0
2015-09-01,14,Los Ríos,SAH,superficie_habitacional,m2,True,22207.0,230528.0
2015-10-01,14,Los Ríos,SAH,superficie_habitacional,m2,True,7086.0,214352.0
2015-11-01,14,Los Ríos,SAH,superficie_habitacional,m2,True,30849.0,217355.0
2015-12-01,14,Los Ríos,SAH,superficie_habitacional,m2,True,14852.0,218238.0
2016-01-01,14,Los Ríos,SAH,superficie_habitacional,m2,True,10979.0,222419.0
2016-02-01,14,Los Ríos,SAH,superficie_habitacional,m2,True,24902.0,199980.0
2016-03-01,14,Los Ríos,SAH,superficie_habitacional,m2,True,22311.0,207889.0
2016-04-01,14,Los Ríos,SAH,superficie_habitacional,m2,True,10206.0,201815.0
2016-05-01,14,Los Ríos,SAH,superficie_habitacional,m2,True,14633.0,207691.0
2016-06-01,14,Los Ríos,SAH,superficie_habitacional,m2,True,20380.0,212332.0
2016-07-01,14,Los Ríos,SAH,superficie_habitacional,m2,True,24306.0,226803.0
2016-08-01,14,Los Ríos,SAH,superficie_habitacional,m2,True,20220.0,222931.0
2016-09-01,14,Los Ríos,SAH,superficie_habitacional,m2,True,15941.0,216665.0
2016-10-01,14,Los Ríos,SAH,superficie_habitacional,m2,True,18444.0,228023.0
2016-11-01,14,Los Ríos,SAH,superficie_habitacional,m2,True,25339.0,222513.0
2016-12-01,14,Los Ríos,SAH,superficie_habitacional,m2,True,36532.0,244193.0
2017-01-01,14,Los Ríos,SAH,superficie_habitacional,m2,True,16378.0,249592.0
2017-02-01,14,Los Ríos,SAH,superficie_habitacional,m2,True,13442.0,238132.0
2017-03-01,14,Los Ríos,SAH,superficie_habitacional,m2,True,19318.0,235139.0
2017-04-01,14,Los Ríos,SAH,superficie_habitacional,m2,True,24128.0,249061.0
2017-05-01,14,Los Ríos,SAH,superficie_habitacional,m2,True,26166.0,260594.0
2017-06-01,14,Los Ríos,SAH,superficie_habitacional,m2,True,29282.0,269496.0
2017-07-01,14,Los Ríos,SAH,superficie_habitacional,m2,True,45953.0,291143.0
2017-08-01,14,Los Ríos,SAH,superficie_habitacional,m2,True,40785.0,311708.0
2017-09-01,14,Los Ríos,SAH,superficie_habitacional,m2,True,13959.0,309726.0
2017-10-01,14,Los Ríos,SAH,superficie_habitacional,m2,True,21608.0,312890.0
2017-11-01,14,Los Ríos,SAH,superficie_habitacional,m2,True,24690.0,312241.0
2017-12-01,14,Los Ríos,SAH,superficie_habitacional,m2,True,25553.0,301262.0
2018-01-01,14,Los Ríos,SAH,superficie_habitacional,m2,True,20726.0,305610.0
2018-02-01,14,Los Ríos,SAH,superficie_habitacional,m2,True,28651.0,320819.0
2018-03-01,14,Los Ríos,SAH,superficie_habitacional,m2,True,19648.0,321149.0
2018-04-01,14,Los Ríos,SAH,superficie_habitacional,m2,True,25260.0,322281.0
2018-05-01,14,Los Ríos,SAH,superficie_habitacional,m2,True,73522.0,369637.0
2018-06-01,14,Los Ríos,SAH,superficie_habitacional,m2,True,37023.0,377378.0
2018-07-01,14,Los Ríos,SAH,superficie_habitacional,m2,True,15726.0,347151.0
2018-08-01,14,Los Ríos,SAH,superficie_habitacional,m2,True,33855.0,340221.0
2018-09-01,14,Los Ríos,SAH,superficie_habitacional,m2,True,22426.0,348688.0
2018-10-01,14,Los Ríos,SAH,superficie_habitacional,m2,True,41547.0,368627.0
2018-11-01,14,Los Ríos,SAH,superficie_habitacional,m2,True,40037.0,383974.0
2018-12-01,14,Los Ríos,SAH,superficie_habitacional,m2,True,29337.0,387758.0
2019-01-01,14,Los Ríos,SAH,superficie_habitacional,m2,True,23228.0,390260.0
2019-02-01,14,Los Ríos,SAH,superficie_habitacional,m2,True,11685.0,373294.0
2019-03-01,14,Los Ríos,SAH,superficie_habitacional,m2,True,18915.0,372561.0
2019-04-01,14,Los Ríos,SAH,superficie_habitacional,m2,True,27322.0,374623.0
2019-05-01,14,Los Ríos,SAH,superficie_habitacional,m2,True,21937.0,323038.0
2019-06-01,14,Los Ríos,SAH,superficie_habitacional,m2,True,17452.0,303467.0
2019-07-01,14,Los Ríos,SAH,superficie_habitacional,m2,True,23931.0,311672.0
2019-08-01,14,Los Ríos,SAH,superficie_habitacional,m2,True,29456.0,307273.0
2019-09-01,14,Los Ríos,SAH,superficie_habitacional,m2,True,15066.0,299913.0
2019-10-01,14,Los Ríos,SAH,superficie_habitacional,m2,True,24677.0,283043.0
2019-11-01,14,Los Ríos,SAH,superficie_habitacional,m2,True,20911.0,263917.0
2019-12-01,14,Los Ríos,SAH,superficie_habitacional,m2,True,12011.0,246591.0
2020-01-01,14,Los Ríos,SAH,superficie_habitacional,m2,True,12288.0,235651.0
2020-02-01,14,Los Ríos,SAH,superficie_habitacional,m2,True,18326.0,242292.0
2020-03-01,14,Los Ríos,SAH,superficie_habitacional,m2,True,13772.0,237149.0
2020-04-01,14,Los Ríos,SAH,superficie_habitacional,m2,True,16238.0,226065.0
2020-05-01,14,Los Ríos,SAH,superficie_habitacional,m2,True,13560.0,217688.0
2020-06-01,14,Los Ríos,SAH,superficie_habitacional,m2,True,4171.0,204407.0
2020-07-01,14,Los Ríos,SAH,superficie_habitacional,m2,True,19745.0,200221.0
2020-08-01,14,Los Ríos,SAH,superficie_habitacional,m2,True,12396.0,183161.0
2020-09-01,14,Los Ríos,SAH,superficie_habitacional,m2,True,15958.0,184053.0
2020-10-01,14,Los Ríos,SAH,superficie_habitacional,m2,True,2158.0,161534.0
2020-11-01,14,Los Ríos,SAH,superficie_habitacional,m2,True,17783.0,158406.0
2020-12-01,14,Los Ríos,SAH,superficie_habitacional,m2,True,35137.0,181532.0
2021-01-01,14,Los Ríos,SAH,superficie_habitacional,m2,True,16109.0,185353.0
2021-02-01,14,Los Ríos,SAH,superficie_habitacional,m2,True,20333.0,187360.0
2021-03-01,14,Los Ríos,SAH,superficie_habitacional,m2,True,31762.0,205350.0
2021-04-01,14,Los Ríos,SAH,superficie_habitacional,m2,True,7018.0,196130.0
2021-05-01,14,Los Ríos,SAH,superficie_habitacional,m2,True,39489.0,222059.0
2021-06-01,14,Los Ríos,SAH,superficie_habitacional,m2,True,17635.0,235523.0
2021-07-01,14,Los Ríos,SAH,superficie_habitacional,m2,True,14082.0,229860.0
2021-08-01,14,Los Ríos,SAH,superficie_habitacional,m2,True,31482.0,248946.0
2021-09-01,14,Los Ríos,SAH,superficie_habitacional,m2,True,11917.0,244905.0
2021-10-01,14,Los Ríos,SAH,superficie_habitacional,m2,True,10555.0,253302.0
2021-11-01,14,Los Ríos,SAH,superficie_habitacional,m2,True,13055.0,248574.0
2021-12-01,14,Los Ríos,SAH,superficie_habitacional,m2,True,16339.0,229776.0
2022-01-01,14,Los Ríos,SAH,superficie_habitacional,m2,True,18203.0,231870.0
2022-02-01,14,Los Ríos,SAH,superficie_habitacional,m2,True,10038.0,221575.0
2022-03-01,14,Los Ríos,SAH,superficie_habitacional,m2,True,13437.0,203250.0
2022-04-01,14,Los Ríos,SAH,superficie_habitacional,m2,True,19890.0,216122.0
2022-05-01,14,Los Ríos,SAH,superficie_habitacional,m2,True,12089.0,188722.0
2022-06-01,14,Los Ríos,SAH,superficie_habitacional,m2,True,18517.0,189604.0
2022-07-01,14,Los Ríos,SAH,superficie_habitacional,m2,True,10720.0,186242.0
2022-08-01,14,Los Ríos,SAH,superficie_habitacional,m2,True,7902.0,162662.0
2022-09-01,14,Los Ríos,SAH,superficie_habitacional,m2,True,7721.0,158466.0
2022-10-01,14,Los Ríos,SAH,superficie_habitacional,m2,True,7072.0,154983.0
2022-11-01,14,Los Ríos,SAH,superficie_habitacional,m2,True,12884.0,154812.0
2022-12-01,14,Los Ríos,SAH,superficie_habitacional,m2,True,34628.0,173101.0
2023-01-01,14,Los Ríos,SAH,superficie_habitacional,m2,True,6146.0,161044.0
2023-02-01,14,Los Ríos,SAH,superficie_habitacional,m2,True,5164.0,156170.0
2023-03-01,14,Los Ríos,SAH,superficie_habitacional,m2,True,9906.0,152639.0
2023-04-01,14,Los Ríos,SAH,superficie_habitacional,m2,True,14869.0,147618.0
2023-05-01,14,Los Ríos,SAH,superficie_habitacional,m2,True,11628.0,147157.0
2023-06-01,14,Los Ríos,SAH,superficie_habitacional,m2,True,5529.0,134169.0
2023-07-01,14,Los Ríos,SAH,superficie_habitacional,m2,True,14590.0,138039.0
2023-08-01,14,Los Ríos,SAH,superficie_habitacional,m2,True,14209.0,144346.0
2023-09-01,14,Los Ríos,SAH,superficie_habitacional,m2,True,9417.0,146042.0
2023-10-01,14,Los Ríos,SAH,superficie_habitacional,m2,True,7295.0,146265.0
2023-11-01,14,Los Ríos,SAH,superficie_habitacional,m2,True,5284.0,138665.0
2023-12-01,14,Los Ríos,SAH,superficie_habitacional,m2,True,9587.0,113624.0
2024-01-01,14,Los Ríos,SAH,superficie_habitacional,m2,True,11714.0,119192.0
2024-02-01,14,Los Ríos,SAH,superficie_habitacional,m2,True,6076.0,120104.0
2024-03-01,14,Los Ríos,SAH,superficie_habitacional,m2,True,19598.0,129796.0
2024-04-01,14,Los Ríos,SAH,superficie_habitacional,m2,True,12745.0,127672.0
2024-05-01,14,Los Ríos,SAH,superficie_habitacional,m2,True,9608.0,125652.0
2024-06-01,14,Los Ríos,SAH,superficie_habitacional,m2,True,9759.0,129882.0
2024-07-01,14,Los Ríos,SAH,superficie_habitacional,m2,True,6505.0,121797.0
2024-08-01,14,Los Ríos,SAH,superficie_habitacional,m2,True,6851.0,114439.0
2024-09-01,14,Los Ríos,SAH,superficie_habitacional,m2,True,11123.0,116145.0
2024-10-01,14,Los Ríos,SAH,superficie_habitacional,m2,True,11539.0,120389.0
2024-11-01,14,Los Ríos,SAH,superficie_habitacional,m2,True,9032.0,124137.0
2024-12-01,14,Los Ríos,SAH,superficie_habitacional,m2,True,7488.0,122038.0
2025-01-01,14,Los Ríos,SAH,superficie_habitacional,m2,True,9335.0,119659.0
2025-02-01,14,Los Ríos,SAH,superficie_habitacional,m2,True,10666.0,124249.0
2025-03-01,14,Los Ríos,SAH,superficie_habitacional,m2,True,24766.0,129417.0
2025-04-01,14,Los Ríos,SAH,superficie_habitacional,m2,True,8575.0,125247.0
2025-05-01,14,Los Ríos,SAH,superficie_habitacional,m2,True,11923.0,127562.0
2025-06-01,14,Los Ríos,SAH,superficie_habitacional,m2,True,12219.0,130022.0
2025-07-01,14,Los Ríos,SAH,superficie_habitacional,m2,True,17391.0,140908.0
2025-08-01,14,Los Ríos,SAH,superficie_habitacional,m2,True,20330.0,154387.0
2025-09-01,14,Los Ríos,SAH,superficie_habitacional,m2,True,13559.0,156823.0
2025-10-01,14,Los Ríos,SAH,superficie_habitacional,m2,True,19796.0,165080.0
2025-11-01,14,Los Ríos,SAH,superficie_habitacional,m2,True,16336.0,172384.0
2025-12-01,14,Los Ríos,SAH,superficie_habitacional,m2,True,18428.0,183324.0
2026-01-01,14,Los Ríos,SAH,superficie_habitacional,m2,True,26319.0,200308.0
2026-02-01,14,Los Ríos,SAH,superficie_habitacional,m2,True,12007.0,201649.0
2026-03-01,14,Los Ríos,SAH,superficie_habitacional,m2,True,13030.0,189913.0
2026-04-01,14,Los Ríos,SAH,superficie_habitacional,m2,True,12927.0,194265.0
2026-05-01,14,Los Ríos,SAH,superficie_habitacional,m2,True,9025.0,191367.0
2014-01-01,15,Arica y Parinacota,SAH,superficie_habitacional,m2,True,1452.0,
2014-02-01,15,Arica y Parinacota,SAH,superficie_habitacional,m2,True,436.0,
2014-03-01,15,Arica y Parinacota,SAH,superficie_habitacional,m2,True,20508.0,
2014-04-01,15,Arica y Parinacota,SAH,superficie_habitacional,m2,True,9078.0,
2014-05-01,15,Arica y Parinacota,SAH,superficie_habitacional,m2,True,1031.0,
2014-06-01,15,Arica y Parinacota,SAH,superficie_habitacional,m2,True,3717.0,
2014-07-01,15,Arica y Parinacota,SAH,superficie_habitacional,m2,True,1256.0,
2014-08-01,15,Arica y Parinacota,SAH,superficie_habitacional,m2,True,1203.0,
2014-09-01,15,Arica y Parinacota,SAH,superficie_habitacional,m2,True,15056.0,
2014-10-01,15,Arica y Parinacota,SAH,superficie_habitacional,m2,True,5365.0,
2014-11-01,15,Arica y Parinacota,SAH,superficie_habitacional,m2,True,6394.0,
2014-12-01,15,Arica y Parinacota,SAH,superficie_habitacional,m2,True,15230.0,80726.0
2015-01-01,15,Arica y Parinacota,SAH,superficie_habitacional,m2,True,24790.0,104064.0
2015-02-01,15,Arica y Parinacota,SAH,superficie_habitacional,m2,True,10353.0,113981.0
2015-03-01,15,Arica y Parinacota,SAH,superficie_habitacional,m2,True,3066.0,96539.0
2015-04-01,15,Arica y Parinacota,SAH,superficie_habitacional,m2,True,14620.0,102081.0
2015-05-01,15,Arica y Parinacota,SAH,superficie_habitacional,m2,True,35922.0,136972.0
2015-06-01,15,Arica y Parinacota,SAH,superficie_habitacional,m2,True,2574.0,135829.0
2015-07-01,15,Arica y Parinacota,SAH,superficie_habitacional,m2,True,3066.0,137639.0
2015-08-01,15,Arica y Parinacota,SAH,superficie_habitacional,m2,True,804.0,137240.0
2015-09-01,15,Arica y Parinacota,SAH,superficie_habitacional,m2,True,31482.0,153666.0
2015-10-01,15,Arica y Parinacota,SAH,superficie_habitacional,m2,True,23352.0,171653.0
2015-11-01,15,Arica y Parinacota,SAH,superficie_habitacional,m2,True,549.0,165808.0
2015-12-01,15,Arica y Parinacota,SAH,superficie_habitacional,m2,True,11230.0,161808.0
2016-01-01,15,Arica y Parinacota,SAH,superficie_habitacional,m2,True,9963.0,146981.0
2016-02-01,15,Arica y Parinacota,SAH,superficie_habitacional,m2,True,1593.0,138221.0
2016-03-01,15,Arica y Parinacota,SAH,superficie_habitacional,m2,True,2075.0,137230.0
2016-04-01,15,Arica y Parinacota,SAH,superficie_habitacional,m2,True,2243.0,124853.0
2016-05-01,15,Arica y Parinacota,SAH,superficie_habitacional,m2,True,11046.0,99977.0
2016-06-01,15,Arica y Parinacota,SAH,superficie_habitacional,m2,True,926.0,98329.0
2016-07-01,15,Arica y Parinacota,SAH,superficie_habitacional,m2,True,15722.0,110985.0
2016-08-01,15,Arica y Parinacota,SAH,superficie_habitacional,m2,True,13346.0,123527.0
2016-09-01,15,Arica y Parinacota,SAH,superficie_habitacional,m2,True,2019.0,94064.0
2016-10-01,15,Arica y Parinacota,SAH,superficie_habitacional,m2,True,1888.0,72600.0
2016-11-01,15,Arica y Parinacota,SAH,superficie_habitacional,m2,True,46003.0,118054.0
2016-12-01,15,Arica y Parinacota,SAH,superficie_habitacional,m2,True,10395.0,117219.0
2017-01-01,15,Arica y Parinacota,SAH,superficie_habitacional,m2,True,1536.0,108792.0
2017-02-01,15,Arica y Parinacota,SAH,superficie_habitacional,m2,True,1898.0,109097.0
2017-03-01,15,Arica y Parinacota,SAH,superficie_habitacional,m2,True,33155.0,140177.0
2017-04-01,15,Arica y Parinacota,SAH,superficie_habitacional,m2,True,1289.0,139223.0
2017-05-01,15,Arica y Parinacota,SAH,superficie_habitacional,m2,True,1622.0,129799.0
2017-06-01,15,Arica y Parinacota,SAH,superficie_habitacional,m2,True,3351.0,132224.0
2017-07-01,15,Arica y Parinacota,SAH,superficie_habitacional,m2,True,912.0,117414.0
2017-08-01,15,Arica y Parinacota,SAH,superficie_habitacional,m2,True,16136.0,120204.0
2017-09-01,15,Arica y Parinacota,SAH,superficie_habitacional,m2,True,2140.0,120325.0
2017-10-01,15,Arica y Parinacota,SAH,superficie_habitacional,m2,True,6597.0,125034.0
2017-11-01,15,Arica y Parinacota,SAH,superficie_habitacional,m2,True,2408.0,81439.0
2017-12-01,15,Arica y Parinacota,SAH,superficie_habitacional,m2,True,49177.0,120221.0
2018-01-01,15,Arica y Parinacota,SAH,superficie_habitacional,m2,True,2430.0,121115.0
2018-02-01,15,Arica y Parinacota,SAH,superficie_habitacional,m2,True,42665.0,161882.0
2018-03-01,15,Arica y Parinacota,SAH,superficie_habitacional,m2,True,5297.0,134024.0
2018-04-01,15,Arica y Parinacota,SAH,superficie_habitacional,m2,True,34877.0,167612.0
2018-05-01,15,Arica y Parinacota,SAH,superficie_habitacional,m2,True,27321.0,193311.0
2018-06-01,15,Arica y Parinacota,SAH,superficie_habitacional,m2,True,12811.0,202771.0
2018-07-01,15,Arica y Parinacota,SAH,superficie_habitacional,m2,True,1837.0,203696.0
2018-08-01,15,Arica y Parinacota,SAH,superficie_habitacional,m2,True,4348.0,191908.0
2018-09-01,15,Arica y Parinacota,SAH,superficie_habitacional,m2,True,5035.0,194803.0
2018-10-01,15,Arica y Parinacota,SAH,superficie_habitacional,m2,True,2901.0,191107.0
2018-11-01,15,Arica y Parinacota,SAH,superficie_habitacional,m2,True,5354.0,194053.0
2018-12-01,15,Arica y Parinacota,SAH,superficie_habitacional,m2,True,1531.0,146407.0
2019-01-01,15,Arica y Parinacota,SAH,superficie_habitacional,m2,True,11833.0,155810.0
2019-02-01,15,Arica y Parinacota,SAH,superficie_habitacional,m2,True,2514.0,115659.0
2019-03-01,15,Arica y Parinacota,SAH,superficie_habitacional,m2,True,4068.0,114430.0
2019-04-01,15,Arica y Parinacota,SAH,superficie_habitacional,m2,True,2564.0,82117.0
2019-05-01,15,Arica y Parinacota,SAH,superficie_habitacional,m2,True,1753.0,56549.0
2019-06-01,15,Arica y Parinacota,SAH,superficie_habitacional,m2,True,941.0,44679.0
2019-07-01,15,Arica y Parinacota,SAH,superficie_habitacional,m2,True,59704.0,102546.0
2019-08-01,15,Arica y Parinacota,SAH,superficie_habitacional,m2,True,12161.0,110359.0
2019-09-01,15,Arica y Parinacota,SAH,superficie_habitacional,m2,True,1455.0,106779.0
2019-10-01,15,Arica y Parinacota,SAH,superficie_habitacional,m2,True,6751.0,110629.0
2019-11-01,15,Arica y Parinacota,SAH,superficie_habitacional,m2,True,14973.0,120248.0
2019-12-01,15,Arica y Parinacota,SAH,superficie_habitacional,m2,True,18664.0,137381.0
2020-01-01,15,Arica y Parinacota,SAH,superficie_habitacional,m2,True,5687.0,131235.0
2020-02-01,15,Arica y Parinacota,SAH,superficie_habitacional,m2,True,32979.0,161700.0
2020-03-01,15,Arica y Parinacota,SAH,superficie_habitacional,m2,True,758.0,158390.0
2020-04-01,15,Arica y Parinacota,SAH,superficie_habitacional,m2,True,1466.0,157292.0
2020-05-01,15,Arica y Parinacota,SAH,superficie_habitacional,m2,True,900.0,156439.0
2020-06-01,15,Arica y Parinacota,SAH,superficie_habitacional,m2,True,47568.0,203066.0
2020-07-01,15,Arica y Parinacota,SAH,superficie_habitacional,m2,True,2248.0,145610.0
2020-08-01,15,Arica y Parinacota,SAH,superficie_habitacional,m2,True,106382.0,239831.0
2020-09-01,15,Arica y Parinacota,SAH,superficie_habitacional,m2,True,1420.0,239796.0
2020-10-01,15,Arica y Parinacota,SAH,superficie_habitacional,m2,True,293.0,233338.0
2020-11-01,15,Arica y Parinacota,SAH,superficie_habitacional,m2,True,10666.0,229031.0
2020-12-01,15,Arica y Parinacota,SAH,superficie_habitacional,m2,True,17599.0,227966.0
2021-01-01,15,Arica y Parinacota,SAH,superficie_habitacional,m2,True,1168.0,223447.0
2021-02-01,15,Arica y Parinacota,SAH,superficie_habitacional,m2,True,5520.0,195988.0
2021-03-01,15,Arica y Parinacota,SAH,superficie_habitacional,m2,True,15259.0,210489.0
2021-04-01,15,Arica y Parinacota,SAH,superficie_habitacional,m2,True,647.0,209670.0
2021-05-01,15,Arica y Parinacota,SAH,superficie_habitacional,m2,True,17688.0,226458.0
2021-06-01,15,Arica y Parinacota,SAH,superficie_habitacional,m2,True,10819.0,189709.0
2021-07-01,15,Arica y Parinacota,SAH,superficie_habitacional,m2,True,16167.0,203628.0
2021-08-01,15,Arica y Parinacota,SAH,superficie_habitacional,m2,True,42948.0,140194.0
2021-09-01,15,Arica y Parinacota,SAH,superficie_habitacional,m2,True,329.0,139103.0
2021-10-01,15,Arica y Parinacota,SAH,superficie_habitacional,m2,True,12997.0,151807.0
2021-11-01,15,Arica y Parinacota,SAH,superficie_habitacional,m2,True,1957.0,143098.0
2021-12-01,15,Arica y Parinacota,SAH,superficie_habitacional,m2,True,2765.0,128264.0
2022-01-01,15,Arica y Parinacota,SAH,superficie_habitacional,m2,True,7991.0,135087.0
2022-02-01,15,Arica y Parinacota,SAH,superficie_habitacional,m2,True,18822.0,148389.0
2022-03-01,15,Arica y Parinacota,SAH,superficie_habitacional,m2,True,1142.0,134272.0
2022-04-01,15,Arica y Parinacota,SAH,superficie_habitacional,m2,True,37277.0,170902.0
2022-05-01,15,Arica y Parinacota,SAH,superficie_habitacional,m2,True,854.0,154068.0
2022-06-01,15,Arica y Parinacota,SAH,superficie_habitacional,m2,True,1534.0,144783.0
2022-07-01,15,Arica y Parinacota,SAH,superficie_habitacional,m2,True,2717.0,131333.0
2022-08-01,15,Arica y Parinacota,SAH,superficie_habitacional,m2,True,356.0,88741.0
2022-09-01,15,Arica y Parinacota,SAH,superficie_habitacional,m2,True,1951.0,90363.0
2022-10-01,15,Arica y Parinacota,SAH,superficie_habitacional,m2,True,1991.0,79357.0
2022-11-01,15,Arica y Parinacota,SAH,superficie_habitacional,m2,True,1658.0,79058.0
2022-12-01,15,Arica y Parinacota,SAH,superficie_habitacional,m2,True,14003.0,90296.0
2023-01-01,15,Arica y Parinacota,SAH,superficie_habitacional,m2,True,2314.0,84619.0
2023-02-01,15,Arica y Parinacota,SAH,superficie_habitacional,m2,True,1386.0,67183.0
2023-03-01,15,Arica y Parinacota,SAH,superficie_habitacional,m2,True,3464.0,69505.0
2023-04-01,15,Arica y Parinacota,SAH,superficie_habitacional,m2,True,3647.0,35875.0
2023-05-01,15,Arica y Parinacota,SAH,superficie_habitacional,m2,True,3344.0,38365.0
2023-06-01,15,Arica y Parinacota,SAH,superficie_habitacional,m2,True,1040.0,37871.0
2023-07-01,15,Arica y Parinacota,SAH,superficie_habitacional,m2,True,2535.0,37689.0
2023-08-01,15,Arica y Parinacota,SAH,superficie_habitacional,m2,True,919.0,38252.0
2023-09-01,15,Arica y Parinacota,SAH,superficie_habitacional,m2,True,19783.0,56084.0
2023-10-01,15,Arica y Parinacota,SAH,superficie_habitacional,m2,True,421.0,54514.0
2023-11-01,15,Arica y Parinacota,SAH,superficie_habitacional,m2,True,14424.0,67280.0
2023-12-01,15,Arica y Parinacota,SAH,superficie_habitacional,m2,True,211.0,53488.0
2024-01-01,15,Arica y Parinacota,SAH,superficie_habitacional,m2,True,6870.0,58044.0
2024-02-01,15,Arica y Parinacota,SAH,superficie_habitacional,m2,True,2858.0,59516.0
2024-03-01,15,Arica y Parinacota,SAH,superficie_habitacional,m2,True,2469.0,58521.0
2024-04-01,15,Arica y Parinacota,SAH,superficie_habitacional,m2,True,1955.0,56829.0
2024-05-01,15,Arica y Parinacota,SAH,superficie_habitacional,m2,True,60292.0,113777.0
2024-06-01,15,Arica y Parinacota,SAH,superficie_habitacional,m2,True,12229.0,124966.0
2024-07-01,15,Arica y Parinacota,SAH,superficie_habitacional,m2,True,31591.0,154022.0
2024-08-01,15,Arica y Parinacota,SAH,superficie_habitacional,m2,True,1940.0,155043.0
2024-09-01,15,Arica y Parinacota,SAH,superficie_habitacional,m2,True,1584.0,136844.0
2024-10-01,15,Arica y Parinacota,SAH,superficie_habitacional,m2,True,1481.0,137904.0
2024-11-01,15,Arica y Parinacota,SAH,superficie_habitacional,m2,True,14004.0,137484.0
2024-12-01,15,Arica y Parinacota,SAH,superficie_habitacional,m2,True,42218.0,179491.0
2025-01-01,15,Arica y Parinacota,SAH,superficie_habitacional,m2,True,3384.0,176005.0
2025-02-01,15,Arica y Parinacota,SAH,superficie_habitacional,m2,True,4860.0,178007.0
2025-03-01,15,Arica y Parinacota,SAH,superficie_habitacional,m2,True,1945.0,177483.0
2025-04-01,15,Arica y Parinacota,SAH,superficie_habitacional,m2,True,1809.0,177337.0
2025-05-01,15,Arica y Parinacota,SAH,superficie_habitacional,m2,True,15603.0,132648.0
2025-06-01,15,Arica y Parinacota,SAH,superficie_habitacional,m2,True,5800.0,126219.0
2025-07-01,15,Arica y Parinacota,SAH,superficie_habitacional,m2,True,1957.0,96585.0
2025-08-01,15,Arica y Parinacota,SAH,superficie_habitacional,m2,True,4642.0,99287.0
2025-09-01,15,Arica y Parinacota,SAH,superficie_habitacional,m2,True,1659.0,99362.0
2025-10-01,15,Arica y Parinacota,SAH,superficie_habitacional,m2,True,97673.0,195554.0
2025-11-01,15,Arica y Parinacota,SAH,superficie_habitacional,m2,True,8632.0,190182.0
2025-12-01,15,Arica y Parinacota,SAH,superficie_habitacional,m2,True,1598.0,149562.0
2026-01-01,15,Arica y Parinacota,SAH,superficie_habitacional,m2,True,2736.0,148914.0
2026-02-01,15,Arica y Parinacota,SAH,superficie_habitacional,m2,True,1735.0,145789.0
2026-03-01,15,Arica y Parinacota,SAH,superficie_habitacional,m2,True,5265.0,149109.0
2026-04-01,15,Arica y Parinacota,SAH,superficie_habitacional,m2,True,20349.0,167649.0
2026-05-01,15,Arica y Parinacota,SAH,superficie_habitacional,m2,True,19302.0,171348.0
2018-09-01,16,Ñuble,SAH,superficie_habitacional,m2,True,0.0,
2018-10-01,16,Ñuble,SAH,superficie_habitacional,m2,True,12537.0,
2018-11-01,16,Ñuble,SAH,superficie_habitacional,m2,True,18424.0,
2018-12-01,16,Ñuble,SAH,superficie_habitacional,m2,True,15606.0,
2019-01-01,16,Ñuble,SAH,superficie_habitacional,m2,True,16829.0,
2019-02-01,16,Ñuble,SAH,superficie_habitacional,m2,True,15502.0,
2019-03-01,16,Ñuble,SAH,superficie_habitacional,m2,True,38903.0,
2019-04-01,16,Ñuble,SAH,superficie_habitacional,m2,True,21355.0,
2019-05-01,16,Ñuble,SAH,superficie_habitacional,m2,True,18963.0,
2019-06-01,16,Ñuble,SAH,superficie_habitacional,m2,True,40636.0,
2019-07-01,16,Ñuble,SAH,superficie_habitacional,m2,True,54411.0,
2019-08-01,16,Ñuble,SAH,superficie_habitacional,m2,True,39820.0,292986.0
2019-09-01,16,Ñuble,SAH,superficie_habitacional,m2,True,41548.0,334534.0
2019-10-01,16,Ñuble,SAH,superficie_habitacional,m2,True,29360.0,351357.0
2019-11-01,16,Ñuble,SAH,superficie_habitacional,m2,True,30514.0,363447.0
2019-12-01,16,Ñuble,SAH,superficie_habitacional,m2,True,34798.0,382639.0
2020-01-01,16,Ñuble,SAH,superficie_habitacional,m2,True,30270.0,396080.0
2020-02-01,16,Ñuble,SAH,superficie_habitacional,m2,True,10643.0,391221.0
2020-03-01,16,Ñuble,SAH,superficie_habitacional,m2,True,15667.0,367985.0
2020-04-01,16,Ñuble,SAH,superficie_habitacional,m2,True,13102.0,359732.0
2020-05-01,16,Ñuble,SAH,superficie_habitacional,m2,True,26615.0,367384.0
2020-06-01,16,Ñuble,SAH,superficie_habitacional,m2,True,31263.0,358011.0
2020-07-01,16,Ñuble,SAH,superficie_habitacional,m2,True,20954.0,324554.0
2020-08-01,16,Ñuble,SAH,superficie_habitacional,m2,True,18268.0,303002.0
2020-09-01,16,Ñuble,SAH,superficie_habitacional,m2,True,21486.0,282940.0
2020-10-01,16,Ñuble,SAH,superficie_habitacional,m2,True,17916.0,271496.0
2020-11-01,16,Ñuble,SAH,superficie_habitacional,m2,True,35386.0,276368.0
2020-12-01,16,Ñuble,SAH,superficie_habitacional,m2,True,31468.0,273038.0
2021-01-01,16,Ñuble,SAH,superficie_habitacional,m2,True,33607.0,276375.0
2021-02-01,16,Ñuble,SAH,superficie_habitacional,m2,True,10138.0,275870.0
2021-03-01,16,Ñuble,SAH,superficie_habitacional,m2,True,16712.0,276915.0
2021-04-01,16,Ñuble,SAH,superficie_habitacional,m2,True,31544.0,295357.0
2021-05-01,16,Ñuble,SAH,superficie_habitacional,m2,True,51668.0,320410.0
2021-06-01,16,Ñuble,SAH,superficie_habitacional,m2,True,10775.0,299922.0
2021-07-01,16,Ñuble,SAH,superficie_habitacional,m2,True,14997.0,293965.0
2021-08-01,16,Ñuble,SAH,superficie_habitacional,m2,True,53922.0,329619.0
2021-09-01,16,Ñuble,SAH,superficie_habitacional,m2,True,27757.0,335890.0
2021-10-01,16,Ñuble,SAH,superficie_habitacional,m2,True,13419.0,331393.0
2021-11-01,16,Ñuble,SAH,superficie_habitacional,m2,True,29705.0,325712.0
2021-12-01,16,Ñuble,SAH,superficie_habitacional,m2,True,29982.0,324226.0
2022-01-01,16,Ñuble,SAH,superficie_habitacional,m2,True,36330.0,326949.0
2022-02-01,16,Ñuble,SAH,superficie_habitacional,m2,True,13907.0,330718.0
2022-03-01,16,Ñuble,SAH,superficie_habitacional,m2,True,28348.0,342354.0
2022-04-01,16,Ñuble,SAH,superficie_habitacional,m2,True,64245.0,375055.0
2022-05-01,16,Ñuble,SAH,superficie_habitacional,m2,True,20014.0,343401.0
2022-06-01,16,Ñuble,SAH,superficie_habitacional,m2,True,24818.0,357444.0
2022-07-01,16,Ñuble,SAH,superficie_habitacional,m2,True,14652.0,357099.0
2022-08-01,16,Ñuble,SAH,superficie_habitacional,m2,True,29328.0,332505.0
2022-09-01,16,Ñuble,SAH,superficie_habitacional,m2,True,12408.0,317156.0
2022-10-01,16,Ñuble,SAH,superficie_habitacional,m2,True,27463.0,331200.0
2022-11-01,16,Ñuble,SAH,superficie_habitacional,m2,True,53889.0,355384.0
2022-12-01,16,Ñuble,SAH,superficie_habitacional,m2,True,35440.0,360842.0
2023-01-01,16,Ñuble,SAH,superficie_habitacional,m2,True,14926.0,339438.0
2023-02-01,16,Ñuble,SAH,superficie_habitacional,m2,True,20486.0,346017.0
2023-03-01,16,Ñuble,SAH,superficie_habitacional,m2,True,37478.0,355147.0
2023-04-01,16,Ñuble,SAH,superficie_habitacional,m2,True,27118.0,318020.0
2023-05-01,16,Ñuble,SAH,superficie_habitacional,m2,True,41302.0,339308.0
2023-06-01,16,Ñuble,SAH,superficie_habitacional,m2,True,18920.0,333410.0
2023-07-01,16,Ñuble,SAH,superficie_habitacional,m2,True,73003.0,391761.0
2023-08-01,16,Ñuble,SAH,superficie_habitacional,m2,True,22377.0,384810.0
2023-09-01,16,Ñuble,SAH,superficie_habitacional,m2,True,55462.0,427864.0
2023-10-01,16,Ñuble,SAH,superficie_habitacional,m2,True,12290.0,412691.0
2023-11-01,16,Ñuble,SAH,superficie_habitacional,m2,True,16458.0,375260.0
2023-12-01,16,Ñuble,SAH,superficie_habitacional,m2,True,20157.0,359977.0
2024-01-01,16,Ñuble,SAH,superficie_habitacional,m2,True,26623.0,371674.0
2024-02-01,16,Ñuble,SAH,superficie_habitacional,m2,True,14603.0,365791.0
2024-03-01,16,Ñuble,SAH,superficie_habitacional,m2,True,63805.0,392118.0
2024-04-01,16,Ñuble,SAH,superficie_habitacional,m2,True,56306.0,421306.0
2024-05-01,16,Ñuble,SAH,superficie_habitacional,m2,True,21512.0,401516.0
2024-06-01,16,Ñuble,SAH,superficie_habitacional,m2,True,18532.0,401128.0
2024-07-01,16,Ñuble,SAH,superficie_habitacional,m2,True,19899.0,348024.0
2024-08-01,16,Ñuble,SAH,superficie_habitacional,m2,True,12819.0,338466.0
2024-09-01,16,Ñuble,SAH,superficie_habitacional,m2,True,46016.0,329020.0
2024-10-01,16,Ñuble,SAH,superficie_habitacional,m2,True,22107.0,338837.0
2024-11-01,16,Ñuble,SAH,superficie_habitacional,m2,True,24067.0,346446.0
2024-12-01,16,Ñuble,SAH,superficie_habitacional,m2,True,90343.0,416632.0
2025-01-01,16,Ñuble,SAH,superficie_habitacional,m2,True,19150.0,409159.0
2025-02-01,16,Ñuble,SAH,superficie_habitacional,m2,True,17255.0,411811.0
2025-03-01,16,Ñuble,SAH,superficie_habitacional,m2,True,33112.0,381118.0
2025-04-01,16,Ñuble,SAH,superficie_habitacional,m2,True,65846.0,390658.0
2025-05-01,16,Ñuble,SAH,superficie_habitacional,m2,True,33937.0,403083.0
2025-06-01,16,Ñuble,SAH,superficie_habitacional,m2,True,28059.0,412610.0
2025-07-01,16,Ñuble,SAH,superficie_habitacional,m2,True,42828.0,435539.0
2025-08-01,16,Ñuble,SAH,superficie_habitacional,m2,True,27072.0,449792.0
2025-09-01,16,Ñuble,SAH,superficie_habitacional,m2,True,49121.0,452897.0
2025-10-01,16,Ñuble,SAH,superficie_habitacional,m2,True,32450.0,463240.0
2025-11-01,16,Ñuble,SAH,superficie_habitacional,m2,True,53581.0,492754.0
2025-12-01,16,Ñuble,SAH,superficie_habitacional,m2,True,33055.0,435466.0
2026-01-01,16,Ñuble,SAH,superficie_habitacional,m2,True,11412.0,427728.0
2026-02-01,16,Ñuble,SAH,superficie_habitacional,m2,True,41123.0,451596.0
2026-03-01,16,Ñuble,SAH,superficie_habitacional,m2,True,15358.0,433842.0
2026-04-01,16,Ñuble,SAH,superficie_habitacional,m2,True,18429.0,386425.0
2026-05-01,16,Ñuble,SAH,superficie_habitacional,m2,True,12585.0,365073.0
2014-01-01,01,Tarapacá,SANH,superficie_no_habitacional,m2,True,4836.0,
2014-02-01,01,Tarapacá,SANH,superficie_no_habitacional,m2,True,9290.0,
2014-03-01,01,Tarapacá,SANH,superficie_no_habitacional,m2,True,11108.0,
2014-04-01,01,Tarapacá,SANH,superficie_no_habitacional,m2,True,13293.0,
2014-05-01,01,Tarapacá,SANH,superficie_no_habitacional,m2,True,6856.0,
2014-06-01,01,Tarapacá,SANH,superficie_no_habitacional,m2,True,6877.0,
2014-07-01,01,Tarapacá,SANH,superficie_no_habitacional,m2,True,11147.0,
2014-08-01,01,Tarapacá,SANH,superficie_no_habitacional,m2,True,6771.0,
2014-09-01,01,Tarapacá,SANH,superficie_no_habitacional,m2,True,23173.0,
2014-10-01,01,Tarapacá,SANH,superficie_no_habitacional,m2,True,26383.0,
2014-11-01,01,Tarapacá,SANH,superficie_no_habitacional,m2,True,4675.0,
2014-12-01,01,Tarapacá,SANH,superficie_no_habitacional,m2,True,11997.0,136406.0
2015-01-01,01,Tarapacá,SANH,superficie_no_habitacional,m2,True,30687.0,162257.0
2015-02-01,01,Tarapacá,SANH,superficie_no_habitacional,m2,True,28345.0,181312.0
2015-03-01,01,Tarapacá,SANH,superficie_no_habitacional,m2,True,8905.0,179109.0
2015-04-01,01,Tarapacá,SANH,superficie_no_habitacional,m2,True,14848.0,180664.0
2015-05-01,01,Tarapacá,SANH,superficie_no_habitacional,m2,True,5455.0,179263.0
2015-06-01,01,Tarapacá,SANH,superficie_no_habitacional,m2,True,7670.0,180056.0
2015-07-01,01,Tarapacá,SANH,superficie_no_habitacional,m2,True,13303.0,182212.0
2015-08-01,01,Tarapacá,SANH,superficie_no_habitacional,m2,True,23743.0,199184.0
2015-09-01,01,Tarapacá,SANH,superficie_no_habitacional,m2,True,5426.0,181437.0
2015-10-01,01,Tarapacá,SANH,superficie_no_habitacional,m2,True,11397.0,166451.0
2015-11-01,01,Tarapacá,SANH,superficie_no_habitacional,m2,True,4681.0,166457.0
2015-12-01,01,Tarapacá,SANH,superficie_no_habitacional,m2,True,8913.0,163373.0
2016-01-01,01,Tarapacá,SANH,superficie_no_habitacional,m2,True,3615.0,136301.0
2016-02-01,01,Tarapacá,SANH,superficie_no_habitacional,m2,True,17096.0,125052.0
2016-03-01,01,Tarapacá,SANH,superficie_no_habitacional,m2,True,8645.0,124792.0
2016-04-01,01,Tarapacá,SANH,superficie_no_habitacional,m2,True,14690.0,124634.0
2016-05-01,01,Tarapacá,SANH,superficie_no_habitacional,m2,True,35599.0,154778.0
2016-06-01,01,Tarapacá,SANH,superficie_no_habitacional,m2,True,12492.0,159600.0
2016-07-01,01,Tarapacá,SANH,superficie_no_habitacional,m2,True,9863.0,156160.0
2016-08-01,01,Tarapacá,SANH,superficie_no_habitacional,m2,True,6209.0,138626.0
2016-09-01,01,Tarapacá,SANH,superficie_no_habitacional,m2,True,14216.0,147416.0
2016-10-01,01,Tarapacá,SANH,superficie_no_habitacional,m2,True,5309.0,141328.0
2016-11-01,01,Tarapacá,SANH,superficie_no_habitacional,m2,True,14894.0,151541.0
2016-12-01,01,Tarapacá,SANH,superficie_no_habitacional,m2,True,14267.0,156895.0
2017-01-01,01,Tarapacá,SANH,superficie_no_habitacional,m2,True,7294.0,160574.0
2017-02-01,01,Tarapacá,SANH,superficie_no_habitacional,m2,True,14366.0,157844.0
2017-03-01,01,Tarapacá,SANH,superficie_no_habitacional,m2,True,13432.0,162631.0
2017-04-01,01,Tarapacá,SANH,superficie_no_habitacional,m2,True,11183.0,159124.0
2017-05-01,01,Tarapacá,SANH,superficie_no_habitacional,m2,True,12341.0,135866.0
2017-06-01,01,Tarapacá,SANH,superficie_no_habitacional,m2,True,4271.0,127645.0
2017-07-01,01,Tarapacá,SANH,superficie_no_habitacional,m2,True,6481.0,124263.0
2017-08-01,01,Tarapacá,SANH,superficie_no_habitacional,m2,True,11052.0,129106.0
2017-09-01,01,Tarapacá,SANH,superficie_no_habitacional,m2,True,7919.0,122809.0
2017-10-01,01,Tarapacá,SANH,superficie_no_habitacional,m2,True,4218.0,121718.0
2017-11-01,01,Tarapacá,SANH,superficie_no_habitacional,m2,True,14223.0,121047.0
2017-12-01,01,Tarapacá,SANH,superficie_no_habitacional,m2,True,6861.0,113641.0
2018-01-01,01,Tarapacá,SANH,superficie_no_habitacional,m2,True,11281.0,117628.0
2018-02-01,01,Tarapacá,SANH,superficie_no_habitacional,m2,True,4163.0,107425.0
2018-03-01,01,Tarapacá,SANH,superficie_no_habitacional,m2,True,7894.0,101887.0
2018-04-01,01,Tarapacá,SANH,superficie_no_habitacional,m2,True,13571.0,104275.0
2018-05-01,01,Tarapacá,SANH,superficie_no_habitacional,m2,True,11617.0,103551.0
2018-06-01,01,Tarapacá,SANH,superficie_no_habitacional,m2,True,16835.0,116115.0
2018-07-01,01,Tarapacá,SANH,superficie_no_habitacional,m2,True,4948.0,114582.0
2018-08-01,01,Tarapacá,SANH,superficie_no_habitacional,m2,True,4738.0,108268.0
2018-09-01,01,Tarapacá,SANH,superficie_no_habitacional,m2,True,7549.0,107898.0
2018-10-01,01,Tarapacá,SANH,superficie_no_habitacional,m2,True,6271.0,109951.0
2018-11-01,01,Tarapacá,SANH,superficie_no_habitacional,m2,True,67292.0,163020.0
2018-12-01,01,Tarapacá,SANH,superficie_no_habitacional,m2,True,51348.0,207507.0
2019-01-01,01,Tarapacá,SANH,superficie_no_habitacional,m2,True,62561.0,258787.0
2019-02-01,01,Tarapacá,SANH,superficie_no_habitacional,m2,True,6495.0,261119.0
2019-03-01,01,Tarapacá,SANH,superficie_no_habitacional,m2,True,9100.0,262325.0
2019-04-01,01,Tarapacá,SANH,superficie_no_habitacional,m2,True,5619.0,254373.0
2019-05-01,01,Tarapacá,SANH,superficie_no_habitacional,m2,True,5884.0,248640.0
2019-06-01,01,Tarapacá,SANH,superficie_no_habitacional,m2,True,3659.0,235464.0
2019-07-01,01,Tarapacá,SANH,superficie_no_habitacional,m2,True,4617.0,235133.0
2019-08-01,01,Tarapacá,SANH,superficie_no_habitacional,m2,True,19142.0,249537.0
2019-09-01,01,Tarapacá,SANH,superficie_no_habitacional,m2,True,7449.0,249437.0
2019-10-01,01,Tarapacá,SANH,superficie_no_habitacional,m2,True,4955.0,248121.0
2019-11-01,01,Tarapacá,SANH,superficie_no_habitacional,m2,True,2487.0,183316.0
2019-12-01,01,Tarapacá,SANH,superficie_no_habitacional,m2,True,6048.0,138016.0
2020-01-01,01,Tarapacá,SANH,superficie_no_habitacional,m2,True,3250.0,78705.0
2020-02-01,01,Tarapacá,SANH,superficie_no_habitacional,m2,True,3883.0,76093.0
2020-03-01,01,Tarapacá,SANH,superficie_no_habitacional,m2,True,2383.0,69376.0
2020-04-01,01,Tarapacá,SANH,superficie_no_habitacional,m2,True,3627.0,67384.0
2020-05-01,01,Tarapacá,SANH,superficie_no_habitacional,m2,True,305.0,61805.0
2020-06-01,01,Tarapacá,SANH,superficie_no_habitacional,m2,True,1005.0,59151.0
2020-07-01,01,Tarapacá,SANH,superficie_no_habitacional,m2,True,1848.0,56382.0
2020-08-01,01,Tarapacá,SANH,superficie_no_habitacional,m2,True,13795.0,51035.0
2020-09-01,01,Tarapacá,SANH,superficie_no_habitacional,m2,True,5650.0,49236.0
2020-10-01,01,Tarapacá,SANH,superficie_no_habitacional,m2,True,11533.0,55814.0
2020-11-01,01,Tarapacá,SANH,superficie_no_habitacional,m2,True,4630.0,57957.0
2020-12-01,01,Tarapacá,SANH,superficie_no_habitacional,m2,True,60153.0,112062.0
2021-01-01,01,Tarapacá,SANH,superficie_no_habitacional,m2,True,19869.0,128681.0
2021-02-01,01,Tarapacá,SANH,superficie_no_habitacional,m2,True,4903.0,129701.0
2021-03-01,01,Tarapacá,SANH,superficie_no_habitacional,m2,True,19727.0,147045.0
2021-04-01,01,Tarapacá,SANH,superficie_no_habitacional,m2,True,5760.0,149178.0
2021-05-01,01,Tarapacá,SANH,superficie_no_habitacional,m2,True,9852.0,158725.0
2021-06-01,01,Tarapacá,SANH,superficie_no_habitacional,m2,True,4150.0,161870.0
2021-07-01,01,Tarapacá,SANH,superficie_no_habitacional,m2,True,2955.0,162977.0
2021-08-01,01,Tarapacá,SANH,superficie_no_habitacional,m2,True,1256.0,150438.0
2021-09-01,01,Tarapacá,SANH,superficie_no_habitacional,m2,True,1223.0,146011.0
2021-10-01,01,Tarapacá,SANH,superficie_no_habitacional,m2,True,2474.0,136952.0
2021-11-01,01,Tarapacá,SANH,superficie_no_habitacional,m2,True,19479.0,151801.0
2021-12-01,01,Tarapacá,SANH,superficie_no_habitacional,m2,True,3600.0,95248.0
2022-01-01,01,Tarapacá,SANH,superficie_no_habitacional,m2,True,3213.0,78592.0
2022-02-01,01,Tarapacá,SANH,superficie_no_habitacional,m2,True,12514.0,86203.0
2022-03-01,01,Tarapacá,SANH,superficie_no_habitacional,m2,True,1839.0,68315.0
2022-04-01,01,Tarapacá,SANH,superficie_no_habitacional,m2,True,3056.0,65611.0
2022-05-01,01,Tarapacá,SANH,superficie_no_habitacional,m2,True,3786.0,59545.0
2022-06-01,01,Tarapacá,SANH,superficie_no_habitacional,m2,True,2030.0,57425.0
2022-07-01,01,Tarapacá,SANH,superficie_no_habitacional,m2,True,861.0,55331.0
2022-08-01,01,Tarapacá,SANH,superficie_no_habitacional,m2,True,1481.0,55556.0
2022-09-01,01,Tarapacá,SANH,superficie_no_habitacional,m2,True,24337.0,78670.0
2022-10-01,01,Tarapacá,SANH,superficie_no_habitacional,m2,True,38671.0,114867.0
2022-11-01,01,Tarapacá,SANH,superficie_no_habitacional,m2,True,13965.0,109353.0
2022-12-01,01,Tarapacá,SANH,superficie_no_habitacional,m2,True,6676.0,112429.0
2023-01-01,01,Tarapacá,SANH,superficie_no_habitacional,m2,True,1055.0,110271.0
2023-02-01,01,Tarapacá,SANH,superficie_no_habitacional,m2,True,23906.0,121663.0
2023-03-01,01,Tarapacá,SANH,superficie_no_habitacional,m2,True,1080.0,120904.0
2023-04-01,01,Tarapacá,SANH,superficie_no_habitacional,m2,True,20833.0,138681.0
2023-05-01,01,Tarapacá,SANH,superficie_no_habitacional,m2,True,4175.0,139070.0
2023-06-01,01,Tarapacá,SANH,superficie_no_habitacional,m2,True,5095.0,142135.0
2023-07-01,01,Tarapacá,SANH,superficie_no_habitacional,m2,True,4592.0,145866.0
2023-08-01,01,Tarapacá,SANH,superficie_no_habitacional,m2,True,12238.0,156623.0
2023-09-01,01,Tarapacá,SANH,superficie_no_habitacional,m2,True,8716.0,141002.0
2023-10-01,01,Tarapacá,SANH,superficie_no_habitacional,m2,True,3547.0,105878.0
2023-11-01,01,Tarapacá,SANH,superficie_no_habitacional,m2,True,9629.0,101542.0
2023-12-01,01,Tarapacá,SANH,superficie_no_habitacional,m2,True,3395.0,98261.0
2024-01-01,01,Tarapacá,SANH,superficie_no_habitacional,m2,True,22957.0,120163.0
2024-02-01,01,Tarapacá,SANH,superficie_no_habitacional,m2,True,1763.0,98020.0
2024-03-01,01,Tarapacá,SANH,superficie_no_habitacional,m2,True,6879.0,103819.0
2024-04-01,01,Tarapacá,SANH,superficie_no_habitacional,m2,True,6283.0,89269.0
2024-05-01,01,Tarapacá,SANH,superficie_no_habitacional,m2,True,2418.0,87512.0
2024-06-01,01,Tarapacá,SANH,superficie_no_habitacional,m2,True,10370.0,92787.0
2024-07-01,01,Tarapacá,SANH,superficie_no_habitacional,m2,True,24379.0,112574.0
2024-08-01,01,Tarapacá,SANH,superficie_no_habitacional,m2,True,448.0,100784.0
2024-09-01,01,Tarapacá,SANH,superficie_no_habitacional,m2,True,14830.0,106898.0
2024-10-01,01,Tarapacá,SANH,superficie_no_habitacional,m2,True,7191.0,110542.0
2024-11-01,01,Tarapacá,SANH,superficie_no_habitacional,m2,True,28032.0,128945.0
2024-12-01,01,Tarapacá,SANH,superficie_no_habitacional,m2,True,10076.0,135626.0
2025-01-01,01,Tarapacá,SANH,superficie_no_habitacional,m2,True,2838.0,115507.0
2025-02-01,01,Tarapacá,SANH,superficie_no_habitacional,m2,True,10381.0,124125.0
2025-03-01,01,Tarapacá,SANH,superficie_no_habitacional,m2,True,7695.0,124941.0
2025-04-01,01,Tarapacá,SANH,superficie_no_habitacional,m2,True,8269.0,126927.0
2025-05-01,01,Tarapacá,SANH,superficie_no_habitacional,m2,True,5225.0,129734.0
2025-06-01,01,Tarapacá,SANH,superficie_no_habitacional,m2,True,1530.0,120894.0
2025-07-01,01,Tarapacá,SANH,superficie_no_habitacional,m2,True,2041.0,98556.0
2025-08-01,01,Tarapacá,SANH,superficie_no_habitacional,m2,True,4379.0,102487.0
2025-09-01,01,Tarapacá,SANH,superficie_no_habitacional,m2,True,5179.0,92836.0
2025-10-01,01,Tarapacá,SANH,superficie_no_habitacional,m2,True,64038.0,149683.0
2025-11-01,01,Tarapacá,SANH,superficie_no_habitacional,m2,True,4576.0,126227.0
2025-12-01,01,Tarapacá,SANH,superficie_no_habitacional,m2,True,13829.0,129980.0
2026-01-01,01,Tarapacá,SANH,superficie_no_habitacional,m2,True,1638.0,128780.0
2026-02-01,01,Tarapacá,SANH,superficie_no_habitacional,m2,True,6512.0,124911.0
2026-03-01,01,Tarapacá,SANH,superficie_no_habitacional,m2,True,6198.0,123414.0
2026-04-01,01,Tarapacá,SANH,superficie_no_habitacional,m2,True,726.0,115871.0
2026-05-01,01,Tarapacá,SANH,superficie_no_habitacional,m2,True,20271.0,130917.0
2014-01-01,02,Antofagasta,SANH,superficie_no_habitacional,m2,True,51140.0,
2014-02-01,02,Antofagasta,SANH,superficie_no_habitacional,m2,True,28989.0,
2014-03-01,02,Antofagasta,SANH,superficie_no_habitacional,m2,True,147773.0,
2014-04-01,02,Antofagasta,SANH,superficie_no_habitacional,m2,True,41516.0,
2014-05-01,02,Antofagasta,SANH,superficie_no_habitacional,m2,True,71496.0,
2014-06-01,02,Antofagasta,SANH,superficie_no_habitacional,m2,True,8527.0,
2014-07-01,02,Antofagasta,SANH,superficie_no_habitacional,m2,True,12231.0,
2014-08-01,02,Antofagasta,SANH,superficie_no_habitacional,m2,True,22747.0,
2014-09-01,02,Antofagasta,SANH,superficie_no_habitacional,m2,True,53348.0,
2014-10-01,02,Antofagasta,SANH,superficie_no_habitacional,m2,True,164825.0,
2014-11-01,02,Antofagasta,SANH,superficie_no_habitacional,m2,True,23608.0,
2014-12-01,02,Antofagasta,SANH,superficie_no_habitacional,m2,True,30623.0,656823.0
2015-01-01,02,Antofagasta,SANH,superficie_no_habitacional,m2,True,25215.0,630898.0
2015-02-01,02,Antofagasta,SANH,superficie_no_habitacional,m2,True,48367.0,650276.0
2015-03-01,02,Antofagasta,SANH,superficie_no_habitacional,m2,True,16735.0,519238.0
2015-04-01,02,Antofagasta,SANH,superficie_no_habitacional,m2,True,110740.0,588462.0
2015-05-01,02,Antofagasta,SANH,superficie_no_habitacional,m2,True,18556.0,535522.0
2015-06-01,02,Antofagasta,SANH,superficie_no_habitacional,m2,True,22315.0,549310.0
2015-07-01,02,Antofagasta,SANH,superficie_no_habitacional,m2,True,35953.0,573032.0
2015-08-01,02,Antofagasta,SANH,superficie_no_habitacional,m2,True,20329.0,570614.0
2015-09-01,02,Antofagasta,SANH,superficie_no_habitacional,m2,True,18566.0,535832.0
2015-10-01,02,Antofagasta,SANH,superficie_no_habitacional,m2,True,38165.0,409172.0
2015-11-01,02,Antofagasta,SANH,superficie_no_habitacional,m2,True,21917.0,407481.0
2015-12-01,02,Antofagasta,SANH,superficie_no_habitacional,m2,True,29456.0,406314.0
2016-01-01,02,Antofagasta,SANH,superficie_no_habitacional,m2,True,35518.0,416617.0
2016-02-01,02,Antofagasta,SANH,superficie_no_habitacional,m2,True,13560.0,381810.0
2016-03-01,02,Antofagasta,SANH,superficie_no_habitacional,m2,True,31380.0,396455.0
2016-04-01,02,Antofagasta,SANH,superficie_no_habitacional,m2,True,26117.0,311832.0
2016-05-01,02,Antofagasta,SANH,superficie_no_habitacional,m2,True,13455.0,306731.0
2016-06-01,02,Antofagasta,SANH,superficie_no_habitacional,m2,True,17154.0,301570.0
2016-07-01,02,Antofagasta,SANH,superficie_no_habitacional,m2,True,13409.0,279026.0
2016-08-01,02,Antofagasta,SANH,superficie_no_habitacional,m2,True,55232.0,313929.0
2016-09-01,02,Antofagasta,SANH,superficie_no_habitacional,m2,True,24947.0,320310.0
2016-10-01,02,Antofagasta,SANH,superficie_no_habitacional,m2,True,11946.0,294091.0
2016-11-01,02,Antofagasta,SANH,superficie_no_habitacional,m2,True,21586.0,293760.0
2016-12-01,02,Antofagasta,SANH,superficie_no_habitacional,m2,True,19479.0,283783.0
2017-01-01,02,Antofagasta,SANH,superficie_no_habitacional,m2,True,6606.0,254871.0
2017-02-01,02,Antofagasta,SANH,superficie_no_habitacional,m2,True,9529.0,250840.0
2017-03-01,02,Antofagasta,SANH,superficie_no_habitacional,m2,True,11823.0,231283.0
2017-04-01,02,Antofagasta,SANH,superficie_no_habitacional,m2,True,7988.0,213154.0
2017-05-01,02,Antofagasta,SANH,superficie_no_habitacional,m2,True,62617.0,262316.0
2017-06-01,02,Antofagasta,SANH,superficie_no_habitacional,m2,True,14706.0,259868.0
2017-07-01,02,Antofagasta,SANH,superficie_no_habitacional,m2,True,12076.0,258535.0
2017-08-01,02,Antofagasta,SANH,superficie_no_habitacional,m2,True,22528.0,225831.0
2017-09-01,02,Antofagasta,SANH,superficie_no_habitacional,m2,True,14026.0,214910.0
2017-10-01,02,Antofagasta,SANH,superficie_no_habitacional,m2,True,39479.0,242443.0
2017-11-01,02,Antofagasta,SANH,superficie_no_habitacional,m2,True,78792.0,299649.0
2017-12-01,02,Antofagasta,SANH,superficie_no_habitacional,m2,True,23574.0,303744.0
2018-01-01,02,Antofagasta,SANH,superficie_no_habitacional,m2,True,15438.0,312576.0
2018-02-01,02,Antofagasta,SANH,superficie_no_habitacional,m2,True,23176.0,326223.0
2018-03-01,02,Antofagasta,SANH,superficie_no_habitacional,m2,True,16561.0,330961.0
2018-04-01,02,Antofagasta,SANH,superficie_no_habitacional,m2,True,10633.0,333606.0
2018-05-01,02,Antofagasta,SANH,superficie_no_habitacional,m2,True,40947.0,311936.0
2018-06-01,02,Antofagasta,SANH,superficie_no_habitacional,m2,True,14324.0,311554.0
2018-07-01,02,Antofagasta,SANH,superficie_no_habitacional,m2,True,11669.0,311147.0
2018-08-01,02,Antofagasta,SANH,superficie_no_habitacional,m2,True,22900.0,311519.0
2018-09-01,02,Antofagasta,SANH,superficie_no_habitacional,m2,True,8714.0,306207.0
2018-10-01,02,Antofagasta,SANH,superficie_no_habitacional,m2,True,86226.0,352954.0
2018-11-01,02,Antofagasta,SANH,superficie_no_habitacional,m2,True,11422.0,285584.0
2018-12-01,02,Antofagasta,SANH,superficie_no_habitacional,m2,True,42024.0,304034.0
2019-01-01,02,Antofagasta,SANH,superficie_no_habitacional,m2,True,30780.0,319376.0
2019-02-01,02,Antofagasta,SANH,superficie_no_habitacional,m2,True,6943.0,303143.0
2019-03-01,02,Antofagasta,SANH,superficie_no_habitacional,m2,True,7785.0,294367.0
2019-04-01,02,Antofagasta,SANH,superficie_no_habitacional,m2,True,51352.0,335086.0
2019-05-01,02,Antofagasta,SANH,superficie_no_habitacional,m2,True,26152.0,320291.0
2019-06-01,02,Antofagasta,SANH,superficie_no_habitacional,m2,True,16003.0,321970.0
2019-07-01,02,Antofagasta,SANH,superficie_no_habitacional,m2,True,10360.0,320661.0
2019-08-01,02,Antofagasta,SANH,superficie_no_habitacional,m2,True,18048.0,315809.0
2019-09-01,02,Antofagasta,SANH,superficie_no_habitacional,m2,True,36630.0,343725.0
2019-10-01,02,Antofagasta,SANH,superficie_no_habitacional,m2,True,17429.0,274928.0
2019-11-01,02,Antofagasta,SANH,superficie_no_habitacional,m2,True,12513.0,276019.0
2019-12-01,02,Antofagasta,SANH,superficie_no_habitacional,m2,True,36324.0,270319.0
2020-01-01,02,Antofagasta,SANH,superficie_no_habitacional,m2,True,28666.0,268205.0
2020-02-01,02,Antofagasta,SANH,superficie_no_habitacional,m2,True,7237.0,268499.0
2020-03-01,02,Antofagasta,SANH,superficie_no_habitacional,m2,True,5363.0,266077.0
2020-04-01,02,Antofagasta,SANH,superficie_no_habitacional,m2,True,22904.0,237629.0
2020-05-01,02,Antofagasta,SANH,superficie_no_habitacional,m2,True,14232.0,225709.0
2020-06-01,02,Antofagasta,SANH,superficie_no_habitacional,m2,True,23325.0,233031.0
2020-07-01,02,Antofagasta,SANH,superficie_no_habitacional,m2,True,16161.0,238832.0
2020-08-01,02,Antofagasta,SANH,superficie_no_habitacional,m2,True,31529.0,252313.0
2020-09-01,02,Antofagasta,SANH,superficie_no_habitacional,m2,True,10383.0,226066.0
2020-10-01,02,Antofagasta,SANH,superficie_no_habitacional,m2,True,10725.0,219362.0
2020-11-01,02,Antofagasta,SANH,superficie_no_habitacional,m2,True,6858.0,213707.0
2020-12-01,02,Antofagasta,SANH,superficie_no_habitacional,m2,True,12290.0,189673.0
2021-01-01,02,Antofagasta,SANH,superficie_no_habitacional,m2,True,5333.0,166340.0
2021-02-01,02,Antofagasta,SANH,superficie_no_habitacional,m2,True,24613.0,183716.0
2021-03-01,02,Antofagasta,SANH,superficie_no_habitacional,m2,True,16806.0,195159.0
2021-04-01,02,Antofagasta,SANH,superficie_no_habitacional,m2,True,19233.0,191488.0
2021-05-01,02,Antofagasta,SANH,superficie_no_habitacional,m2,True,5211.0,182467.0
2021-06-01,02,Antofagasta,SANH,superficie_no_habitacional,m2,True,2599.0,161741.0
2021-07-01,02,Antofagasta,SANH,superficie_no_habitacional,m2,True,12547.0,158127.0
2021-08-01,02,Antofagasta,SANH,superficie_no_habitacional,m2,True,104710.0,231308.0
2021-09-01,02,Antofagasta,SANH,superficie_no_habitacional,m2,True,12548.0,233473.0
2021-10-01,02,Antofagasta,SANH,superficie_no_habitacional,m2,True,4867.0,227615.0
2021-11-01,02,Antofagasta,SANH,superficie_no_habitacional,m2,True,22721.0,243478.0
2021-12-01,02,Antofagasta,SANH,superficie_no_habitacional,m2,True,37380.0,268568.0
2022-01-01,02,Antofagasta,SANH,superficie_no_habitacional,m2,True,7769.0,271004.0
2022-02-01,02,Antofagasta,SANH,superficie_no_habitacional,m2,True,5811.0,252202.0
2022-03-01,02,Antofagasta,SANH,superficie_no_habitacional,m2,True,6574.0,241970.0
2022-04-01,02,Antofagasta,SANH,superficie_no_habitacional,m2,True,38483.0,261220.0
2022-05-01,02,Antofagasta,SANH,superficie_no_habitacional,m2,True,15870.0,271879.0
2022-06-01,02,Antofagasta,SANH,superficie_no_habitacional,m2,True,12814.0,282094.0
2022-07-01,02,Antofagasta,SANH,superficie_no_habitacional,m2,True,19358.0,288905.0
2022-08-01,02,Antofagasta,SANH,superficie_no_habitacional,m2,True,10135.0,194330.0
2022-09-01,02,Antofagasta,SANH,superficie_no_habitacional,m2,True,4293.0,186075.0
2022-10-01,02,Antofagasta,SANH,superficie_no_habitacional,m2,True,10208.0,191416.0
2022-11-01,02,Antofagasta,SANH,superficie_no_habitacional,m2,True,18147.0,186842.0
2022-12-01,02,Antofagasta,SANH,superficie_no_habitacional,m2,True,14681.0,164143.0
2023-01-01,02,Antofagasta,SANH,superficie_no_habitacional,m2,True,22047.0,178421.0
2023-02-01,02,Antofagasta,SANH,superficie_no_habitacional,m2,True,9526.0,182136.0
2023-03-01,02,Antofagasta,SANH,superficie_no_habitacional,m2,True,11057.0,186619.0
2023-04-01,02,Antofagasta,SANH,superficie_no_habitacional,m2,True,5979.0,154115.0
2023-05-01,02,Antofagasta,SANH,superficie_no_habitacional,m2,True,8656.0,146901.0
2023-06-01,02,Antofagasta,SANH,superficie_no_habitacional,m2,True,12833.0,146920.0
2023-07-01,02,Antofagasta,SANH,superficie_no_habitacional,m2,True,7932.0,135494.0
2023-08-01,02,Antofagasta,SANH,superficie_no_habitacional,m2,True,19465.0,144824.0
2023-09-01,02,Antofagasta,SANH,superficie_no_habitacional,m2,True,8175.0,148706.0
2023-10-01,02,Antofagasta,SANH,superficie_no_habitacional,m2,True,12958.0,151456.0
2023-11-01,02,Antofagasta,SANH,superficie_no_habitacional,m2,True,37110.0,170419.0
2023-12-01,02,Antofagasta,SANH,superficie_no_habitacional,m2,True,10953.0,166691.0
2024-01-01,02,Antofagasta,SANH,superficie_no_habitacional,m2,True,4253.0,148897.0
2024-02-01,02,Antofagasta,SANH,superficie_no_habitacional,m2,True,14972.0,154343.0
2024-03-01,02,Antofagasta,SANH,superficie_no_habitacional,m2,True,36700.0,179986.0
2024-04-01,02,Antofagasta,SANH,superficie_no_habitacional,m2,True,16899.0,190906.0
2024-05-01,02,Antofagasta,SANH,superficie_no_habitacional,m2,True,18436.0,200686.0
2024-06-01,02,Antofagasta,SANH,superficie_no_habitacional,m2,True,45844.0,233697.0
2024-07-01,02,Antofagasta,SANH,superficie_no_habitacional,m2,True,7277.0,233042.0
2024-08-01,02,Antofagasta,SANH,superficie_no_habitacional,m2,True,9304.0,222881.0
2024-09-01,02,Antofagasta,SANH,superficie_no_habitacional,m2,True,16404.0,231110.0
2024-10-01,02,Antofagasta,SANH,superficie_no_habitacional,m2,True,23584.0,241736.0
2024-11-01,02,Antofagasta,SANH,superficie_no_habitacional,m2,True,10995.0,215621.0
2024-12-01,02,Antofagasta,SANH,superficie_no_habitacional,m2,True,13130.0,217798.0
2025-01-01,02,Antofagasta,SANH,superficie_no_habitacional,m2,True,11450.0,224995.0
2025-02-01,02,Antofagasta,SANH,superficie_no_habitacional,m2,True,30967.0,240990.0
2025-03-01,02,Antofagasta,SANH,superficie_no_habitacional,m2,True,14831.0,219121.0
2025-04-01,02,Antofagasta,SANH,superficie_no_habitacional,m2,True,24267.0,226489.0
2025-05-01,02,Antofagasta,SANH,superficie_no_habitacional,m2,True,106949.0,315002.0
2025-06-01,02,Antofagasta,SANH,superficie_no_habitacional,m2,True,12120.0,281278.0
2025-07-01,02,Antofagasta,SANH,superficie_no_habitacional,m2,True,27919.0,301920.0
2025-08-01,02,Antofagasta,SANH,superficie_no_habitacional,m2,True,25709.0,318325.0
2025-09-01,02,Antofagasta,SANH,superficie_no_habitacional,m2,True,22973.0,324894.0
2025-10-01,02,Antofagasta,SANH,superficie_no_habitacional,m2,True,18210.0,319520.0
2025-11-01,02,Antofagasta,SANH,superficie_no_habitacional,m2,True,15982.0,324507.0
2025-12-01,02,Antofagasta,SANH,superficie_no_habitacional,m2,True,34417.0,345794.0
2026-01-01,02,Antofagasta,SANH,superficie_no_habitacional,m2,True,10723.0,345067.0
2026-02-01,02,Antofagasta,SANH,superficie_no_habitacional,m2,True,3453.0,317553.0
2026-03-01,02,Antofagasta,SANH,superficie_no_habitacional,m2,True,7468.0,310190.0
2026-04-01,02,Antofagasta,SANH,superficie_no_habitacional,m2,True,30802.0,316725.0
2026-05-01,02,Antofagasta,SANH,superficie_no_habitacional,m2,True,4994.0,214770.0
2014-01-01,03,Atacama,SANH,superficie_no_habitacional,m2,True,5880.0,
2014-02-01,03,Atacama,SANH,superficie_no_habitacional,m2,True,26074.0,
2014-03-01,03,Atacama,SANH,superficie_no_habitacional,m2,True,13417.0,
2014-04-01,03,Atacama,SANH,superficie_no_habitacional,m2,True,9440.0,
2014-05-01,03,Atacama,SANH,superficie_no_habitacional,m2,True,7667.0,
2014-06-01,03,Atacama,SANH,superficie_no_habitacional,m2,True,46232.0,
2014-07-01,03,Atacama,SANH,superficie_no_habitacional,m2,True,12785.0,
2014-08-01,03,Atacama,SANH,superficie_no_habitacional,m2,True,17846.0,
2014-09-01,03,Atacama,SANH,superficie_no_habitacional,m2,True,10685.0,
2014-10-01,03,Atacama,SANH,superficie_no_habitacional,m2,True,27829.0,
2014-11-01,03,Atacama,SANH,superficie_no_habitacional,m2,True,12667.0,
2014-12-01,03,Atacama,SANH,superficie_no_habitacional,m2,True,10734.0,201256.0
2015-01-01,03,Atacama,SANH,superficie_no_habitacional,m2,True,2651.0,198027.0
2015-02-01,03,Atacama,SANH,superficie_no_habitacional,m2,True,16508.0,188461.0
2015-03-01,03,Atacama,SANH,superficie_no_habitacional,m2,True,10528.0,185572.0
2015-04-01,03,Atacama,SANH,superficie_no_habitacional,m2,True,2677.0,178809.0
2015-05-01,03,Atacama,SANH,superficie_no_habitacional,m2,True,4534.0,175676.0
2015-06-01,03,Atacama,SANH,superficie_no_habitacional,m2,True,4545.0,133989.0
2015-07-01,03,Atacama,SANH,superficie_no_habitacional,m2,True,7274.0,128478.0
2015-08-01,03,Atacama,SANH,superficie_no_habitacional,m2,True,8491.0,119123.0
2015-09-01,03,Atacama,SANH,superficie_no_habitacional,m2,True,3295.0,111733.0
2015-10-01,03,Atacama,SANH,superficie_no_habitacional,m2,True,7989.0,91893.0
2015-11-01,03,Atacama,SANH,superficie_no_habitacional,m2,True,2878.0,82104.0
2015-12-01,03,Atacama,SANH,superficie_no_habitacional,m2,True,5606.0,76976.0
2016-01-01,03,Atacama,SANH,superficie_no_habitacional,m2,True,16969.0,91294.0
2016-02-01,03,Atacama,SANH,superficie_no_habitacional,m2,True,4637.0,79423.0
2016-03-01,03,Atacama,SANH,superficie_no_habitacional,m2,True,1014.0,69909.0
2016-04-01,03,Atacama,SANH,superficie_no_habitacional,m2,True,5264.0,72496.0
2016-05-01,03,Atacama,SANH,superficie_no_habitacional,m2,True,12438.0,80400.0
2016-06-01,03,Atacama,SANH,superficie_no_habitacional,m2,True,11098.0,86953.0
2016-07-01,03,Atacama,SANH,superficie_no_habitacional,m2,True,8865.0,88544.0
2016-08-01,03,Atacama,SANH,superficie_no_habitacional,m2,True,3441.0,83494.0
2016-09-01,03,Atacama,SANH,superficie_no_habitacional,m2,True,4075.0,84274.0
2016-10-01,03,Atacama,SANH,superficie_no_habitacional,m2,True,1386.0,77671.0
2016-11-01,03,Atacama,SANH,superficie_no_habitacional,m2,True,8737.0,83530.0
2016-12-01,03,Atacama,SANH,superficie_no_habitacional,m2,True,11384.0,89308.0
2017-01-01,03,Atacama,SANH,superficie_no_habitacional,m2,True,18580.0,90919.0
2017-02-01,03,Atacama,SANH,superficie_no_habitacional,m2,True,2463.0,88745.0
2017-03-01,03,Atacama,SANH,superficie_no_habitacional,m2,True,5672.0,93403.0
2017-04-01,03,Atacama,SANH,superficie_no_habitacional,m2,True,1291.0,89430.0
2017-05-01,03,Atacama,SANH,superficie_no_habitacional,m2,True,3801.0,80793.0
2017-06-01,03,Atacama,SANH,superficie_no_habitacional,m2,True,13810.0,83505.0
2017-07-01,03,Atacama,SANH,superficie_no_habitacional,m2,True,4700.0,79340.0
2017-08-01,03,Atacama,SANH,superficie_no_habitacional,m2,True,12487.0,88386.0
2017-09-01,03,Atacama,SANH,superficie_no_habitacional,m2,True,10231.0,94542.0
2017-10-01,03,Atacama,SANH,superficie_no_habitacional,m2,True,1881.0,95037.0
2017-11-01,03,Atacama,SANH,superficie_no_habitacional,m2,True,9880.0,96180.0
2017-12-01,03,Atacama,SANH,superficie_no_habitacional,m2,True,4116.0,88912.0
2018-01-01,03,Atacama,SANH,superficie_no_habitacional,m2,True,9162.0,79494.0
2018-02-01,03,Atacama,SANH,superficie_no_habitacional,m2,True,3040.0,80071.0
2018-03-01,03,Atacama,SANH,superficie_no_habitacional,m2,True,3749.0,78148.0
2018-04-01,03,Atacama,SANH,superficie_no_habitacional,m2,True,11742.0,88599.0
2018-05-01,03,Atacama,SANH,superficie_no_habitacional,m2,True,1823.0,86621.0
2018-06-01,03,Atacama,SANH,superficie_no_habitacional,m2,True,23894.0,96705.0
2018-07-01,03,Atacama,SANH,superficie_no_habitacional,m2,True,21805.0,113810.0
2018-08-01,03,Atacama,SANH,superficie_no_habitacional,m2,True,11495.0,112818.0
2018-09-01,03,Atacama,SANH,superficie_no_habitacional,m2,True,1292.0,103879.0
2018-10-01,03,Atacama,SANH,superficie_no_habitacional,m2,True,1594.0,103592.0
2018-11-01,03,Atacama,SANH,superficie_no_habitacional,m2,True,13513.0,107225.0
2018-12-01,03,Atacama,SANH,superficie_no_habitacional,m2,True,17486.0,120595.0
2019-01-01,03,Atacama,SANH,superficie_no_habitacional,m2,True,5240.0,116673.0
2019-02-01,03,Atacama,SANH,superficie_no_habitacional,m2,True,8121.0,121754.0
2019-03-01,03,Atacama,SANH,superficie_no_habitacional,m2,True,18864.0,136869.0
2019-04-01,03,Atacama,SANH,superficie_no_habitacional,m2,True,8286.0,133413.0
2019-05-01,03,Atacama,SANH,superficie_no_habitacional,m2,True,5397.0,136987.0
2019-06-01,03,Atacama,SANH,superficie_no_habitacional,m2,True,8192.0,121285.0
2019-07-01,03,Atacama,SANH,superficie_no_habitacional,m2,True,5143.0,104623.0
2019-08-01,03,Atacama,SANH,superficie_no_habitacional,m2,True,7906.0,101034.0
2019-09-01,03,Atacama,SANH,superficie_no_habitacional,m2,True,1379.0,101121.0
2019-10-01,03,Atacama,SANH,superficie_no_habitacional,m2,True,16818.0,116345.0
2019-11-01,03,Atacama,SANH,superficie_no_habitacional,m2,True,29534.0,132366.0
2019-12-01,03,Atacama,SANH,superficie_no_habitacional,m2,True,6965.0,121845.0
2020-01-01,03,Atacama,SANH,superficie_no_habitacional,m2,True,3701.0,120306.0
2020-02-01,03,Atacama,SANH,superficie_no_habitacional,m2,True,2589.0,114774.0
2020-03-01,03,Atacama,SANH,superficie_no_habitacional,m2,True,9265.0,105175.0
2020-04-01,03,Atacama,SANH,superficie_no_habitacional,m2,True,369.0,97258.0
2020-05-01,03,Atacama,SANH,superficie_no_habitacional,m2,True,1677.0,93538.0
2020-06-01,03,Atacama,SANH,superficie_no_habitacional,m2,True,7359.0,92705.0
2020-07-01,03,Atacama,SANH,superficie_no_habitacional,m2,True,6280.0,93842.0
2020-08-01,03,Atacama,SANH,superficie_no_habitacional,m2,True,1615.0,87551.0
2020-09-01,03,Atacama,SANH,superficie_no_habitacional,m2,True,6767.0,92939.0
2020-10-01,03,Atacama,SANH,superficie_no_habitacional,m2,True,5535.0,81656.0
2020-11-01,03,Atacama,SANH,superficie_no_habitacional,m2,True,4189.0,56311.0
2020-12-01,03,Atacama,SANH,superficie_no_habitacional,m2,True,1952.0,51298.0
2021-01-01,03,Atacama,SANH,superficie_no_habitacional,m2,True,2364.0,49961.0
2021-02-01,03,Atacama,SANH,superficie_no_habitacional,m2,True,15023.0,62395.0
2021-03-01,03,Atacama,SANH,superficie_no_habitacional,m2,True,2451.0,55581.0
2021-04-01,03,Atacama,SANH,superficie_no_habitacional,m2,True,4203.0,59415.0
2021-05-01,03,Atacama,SANH,superficie_no_habitacional,m2,True,5112.0,62850.0
2021-06-01,03,Atacama,SANH,superficie_no_habitacional,m2,True,5200.0,60691.0
2021-07-01,03,Atacama,SANH,superficie_no_habitacional,m2,True,2480.0,56891.0
2021-08-01,03,Atacama,SANH,superficie_no_habitacional,m2,True,5493.0,60769.0
2021-09-01,03,Atacama,SANH,superficie_no_habitacional,m2,True,16213.0,70215.0
2021-10-01,03,Atacama,SANH,superficie_no_habitacional,m2,True,4019.0,68699.0
2021-11-01,03,Atacama,SANH,superficie_no_habitacional,m2,True,1314.0,65824.0
2021-12-01,03,Atacama,SANH,superficie_no_habitacional,m2,True,24358.0,88230.0
2022-01-01,03,Atacama,SANH,superficie_no_habitacional,m2,True,7785.0,93651.0
2022-02-01,03,Atacama,SANH,superficie_no_habitacional,m2,True,3949.0,82577.0
2022-03-01,03,Atacama,SANH,superficie_no_habitacional,m2,True,3866.0,83992.0
2022-04-01,03,Atacama,SANH,superficie_no_habitacional,m2,True,20312.0,100101.0
2022-05-01,03,Atacama,SANH,superficie_no_habitacional,m2,True,4013.0,99002.0
2022-06-01,03,Atacama,SANH,superficie_no_habitacional,m2,True,11244.0,105046.0
2022-07-01,03,Atacama,SANH,superficie_no_habitacional,m2,True,4470.0,107036.0
2022-08-01,03,Atacama,SANH,superficie_no_habitacional,m2,True,1549.0,103092.0
2022-09-01,03,Atacama,SANH,superficie_no_habitacional,m2,True,7102.0,93981.0
2022-10-01,03,Atacama,SANH,superficie_no_habitacional,m2,True,1807.0,91769.0
2022-11-01,03,Atacama,SANH,superficie_no_habitacional,m2,True,2425.0,92880.0
2022-12-01,03,Atacama,SANH,superficie_no_habitacional,m2,True,2726.0,71248.0
2023-01-01,03,Atacama,SANH,superficie_no_habitacional,m2,True,3743.0,67206.0
2023-02-01,03,Atacama,SANH,superficie_no_habitacional,m2,True,6113.0,69370.0
2023-03-01,03,Atacama,SANH,superficie_no_habitacional,m2,True,7875.0,73379.0
2023-04-01,03,Atacama,SANH,superficie_no_habitacional,m2,True,2506.0,55573.0
2023-05-01,03,Atacama,SANH,superficie_no_habitacional,m2,True,5924.0,57484.0
2023-06-01,03,Atacama,SANH,superficie_no_habitacional,m2,True,3942.0,50182.0
2023-07-01,03,Atacama,SANH,superficie_no_habitacional,m2,True,2630.0,48342.0
2023-08-01,03,Atacama,SANH,superficie_no_habitacional,m2,True,2060.0,48853.0
2023-09-01,03,Atacama,SANH,superficie_no_habitacional,m2,True,4884.0,46635.0
2023-10-01,03,Atacama,SANH,superficie_no_habitacional,m2,True,5288.0,50116.0
2023-11-01,03,Atacama,SANH,superficie_no_habitacional,m2,True,3011.0,50702.0
2023-12-01,03,Atacama,SANH,superficie_no_habitacional,m2,True,8849.0,56825.0
2024-01-01,03,Atacama,SANH,superficie_no_habitacional,m2,True,4314.0,57396.0
2024-02-01,03,Atacama,SANH,superficie_no_habitacional,m2,True,1097.0,52380.0
2024-03-01,03,Atacama,SANH,superficie_no_habitacional,m2,True,6284.0,50789.0
2024-04-01,03,Atacama,SANH,superficie_no_habitacional,m2,True,6686.0,54969.0
2024-05-01,03,Atacama,SANH,superficie_no_habitacional,m2,True,12824.0,61869.0
2024-06-01,03,Atacama,SANH,superficie_no_habitacional,m2,True,3384.0,61311.0
2024-07-01,03,Atacama,SANH,superficie_no_habitacional,m2,True,2134.0,60815.0
2024-08-01,03,Atacama,SANH,superficie_no_habitacional,m2,True,7992.0,66747.0
2024-09-01,03,Atacama,SANH,superficie_no_habitacional,m2,True,12453.0,74316.0
2024-10-01,03,Atacama,SANH,superficie_no_habitacional,m2,True,2779.0,71807.0
2024-11-01,03,Atacama,SANH,superficie_no_habitacional,m2,True,2410.0,71206.0
2024-12-01,03,Atacama,SANH,superficie_no_habitacional,m2,True,1127.0,63484.0
2025-01-01,03,Atacama,SANH,superficie_no_habitacional,m2,True,4513.0,63683.0
2025-02-01,03,Atacama,SANH,superficie_no_habitacional,m2,True,11697.0,74283.0
2025-03-01,03,Atacama,SANH,superficie_no_habitacional,m2,True,1751.0,69750.0
2025-04-01,03,Atacama,SANH,superficie_no_habitacional,m2,True,3858.0,66922.0
2025-05-01,03,Atacama,SANH,superficie_no_habitacional,m2,True,1225.0,55323.0
2025-06-01,03,Atacama,SANH,superficie_no_habitacional,m2,True,3128.0,55067.0
2025-07-01,03,Atacama,SANH,superficie_no_habitacional,m2,True,6167.0,59100.0
2025-08-01,03,Atacama,SANH,superficie_no_habitacional,m2,True,2293.0,53401.0
2025-09-01,03,Atacama,SANH,superficie_no_habitacional,m2,True,8866.0,49814.0
2025-10-01,03,Atacama,SANH,superficie_no_habitacional,m2,True,2505.0,49540.0
2025-11-01,03,Atacama,SANH,superficie_no_habitacional,m2,True,2896.0,50026.0
2025-12-01,03,Atacama,SANH,superficie_no_habitacional,m2,True,5639.0,54538.0
2026-01-01,03,Atacama,SANH,superficie_no_habitacional,m2,True,4276.0,54301.0
2026-02-01,03,Atacama,SANH,superficie_no_habitacional,m2,True,4369.0,46973.0
2026-03-01,03,Atacama,SANH,superficie_no_habitacional,m2,True,2400.0,47622.0
2026-04-01,03,Atacama,SANH,superficie_no_habitacional,m2,True,5010.0,48774.0
2026-05-01,03,Atacama,SANH,superficie_no_habitacional,m2,True,5511.0,53060.0
2014-01-01,04,Coquimbo,SANH,superficie_no_habitacional,m2,True,18137.0,
2014-02-01,04,Coquimbo,SANH,superficie_no_habitacional,m2,True,2962.0,
2014-03-01,04,Coquimbo,SANH,superficie_no_habitacional,m2,True,24413.0,
2014-04-01,04,Coquimbo,SANH,superficie_no_habitacional,m2,True,13568.0,
2014-05-01,04,Coquimbo,SANH,superficie_no_habitacional,m2,True,32644.0,
2014-06-01,04,Coquimbo,SANH,superficie_no_habitacional,m2,True,15154.0,
2014-07-01,04,Coquimbo,SANH,superficie_no_habitacional,m2,True,43902.0,
2014-08-01,04,Coquimbo,SANH,superficie_no_habitacional,m2,True,12040.0,
2014-09-01,04,Coquimbo,SANH,superficie_no_habitacional,m2,True,7316.0,
2014-10-01,04,Coquimbo,SANH,superficie_no_habitacional,m2,True,14853.0,
2014-11-01,04,Coquimbo,SANH,superficie_no_habitacional,m2,True,96048.0,
2014-12-01,04,Coquimbo,SANH,superficie_no_habitacional,m2,True,92086.0,373123.0
2015-01-01,04,Coquimbo,SANH,superficie_no_habitacional,m2,True,16375.0,371361.0
2015-02-01,04,Coquimbo,SANH,superficie_no_habitacional,m2,True,7785.0,376184.0
2015-03-01,04,Coquimbo,SANH,superficie_no_habitacional,m2,True,22829.0,374600.0
2015-04-01,04,Coquimbo,SANH,superficie_no_habitacional,m2,True,17422.0,378454.0
2015-05-01,04,Coquimbo,SANH,superficie_no_habitacional,m2,True,12190.0,358000.0
2015-06-01,04,Coquimbo,SANH,superficie_no_habitacional,m2,True,50761.0,393607.0
2015-07-01,04,Coquimbo,SANH,superficie_no_habitacional,m2,True,10012.0,359717.0
2015-08-01,04,Coquimbo,SANH,superficie_no_habitacional,m2,True,18912.0,366589.0
2015-09-01,04,Coquimbo,SANH,superficie_no_habitacional,m2,True,5196.0,364469.0
2015-10-01,04,Coquimbo,SANH,superficie_no_habitacional,m2,True,15921.0,365537.0
2015-11-01,04,Coquimbo,SANH,superficie_no_habitacional,m2,True,14693.0,284182.0
2015-12-01,04,Coquimbo,SANH,superficie_no_habitacional,m2,True,30043.0,222139.0
2016-01-01,04,Coquimbo,SANH,superficie_no_habitacional,m2,True,19367.0,225131.0
2016-02-01,04,Coquimbo,SANH,superficie_no_habitacional,m2,True,22074.0,239420.0
2016-03-01,04,Coquimbo,SANH,superficie_no_habitacional,m2,True,7561.0,224152.0
2016-04-01,04,Coquimbo,SANH,superficie_no_habitacional,m2,True,12335.0,219065.0
2016-05-01,04,Coquimbo,SANH,superficie_no_habitacional,m2,True,16736.0,223611.0
2016-06-01,04,Coquimbo,SANH,superficie_no_habitacional,m2,True,18777.0,191627.0
2016-07-01,04,Coquimbo,SANH,superficie_no_habitacional,m2,True,8199.0,189814.0
2016-08-01,04,Coquimbo,SANH,superficie_no_habitacional,m2,True,34718.0,205620.0
2016-09-01,04,Coquimbo,SANH,superficie_no_habitacional,m2,True,11143.0,211567.0
2016-10-01,04,Coquimbo,SANH,superficie_no_habitacional,m2,True,25323.0,220969.0
2016-11-01,04,Coquimbo,SANH,superficie_no_habitacional,m2,True,15403.0,221679.0
2016-12-01,04,Coquimbo,SANH,superficie_no_habitacional,m2,True,17068.0,208704.0
2017-01-01,04,Coquimbo,SANH,superficie_no_habitacional,m2,True,14515.0,203852.0
2017-02-01,04,Coquimbo,SANH,superficie_no_habitacional,m2,True,27685.0,209463.0
2017-03-01,04,Coquimbo,SANH,superficie_no_habitacional,m2,True,8845.0,210747.0
2017-04-01,04,Coquimbo,SANH,superficie_no_habitacional,m2,True,19392.0,217804.0
2017-05-01,04,Coquimbo,SANH,superficie_no_habitacional,m2,True,23042.0,224110.0
2017-06-01,04,Coquimbo,SANH,superficie_no_habitacional,m2,True,23955.0,229288.0
2017-07-01,04,Coquimbo,SANH,superficie_no_habitacional,m2,True,6048.0,227137.0
2017-08-01,04,Coquimbo,SANH,superficie_no_habitacional,m2,True,9191.0,201610.0
2017-09-01,04,Coquimbo,SANH,superficie_no_habitacional,m2,True,19126.0,209593.0
2017-10-01,04,Coquimbo,SANH,superficie_no_habitacional,m2,True,11533.0,195803.0
2017-11-01,04,Coquimbo,SANH,superficie_no_habitacional,m2,True,30410.0,210810.0
2017-12-01,04,Coquimbo,SANH,superficie_no_habitacional,m2,True,7971.0,201713.0
2018-01-01,04,Coquimbo,SANH,superficie_no_habitacional,m2,True,7071.0,194269.0
2018-02-01,04,Coquimbo,SANH,superficie_no_habitacional,m2,True,26778.0,193362.0
2018-03-01,04,Coquimbo,SANH,superficie_no_habitacional,m2,True,11338.0,195855.0
2018-04-01,04,Coquimbo,SANH,superficie_no_habitacional,m2,True,15333.0,191796.0
2018-05-01,04,Coquimbo,SANH,superficie_no_habitacional,m2,True,22348.0,191102.0
2018-06-01,04,Coquimbo,SANH,superficie_no_habitacional,m2,True,18318.0,185465.0
2018-07-01,04,Coquimbo,SANH,superficie_no_habitacional,m2,True,20882.0,200299.0
2018-08-01,04,Coquimbo,SANH,superficie_no_habitacional,m2,True,24621.0,215729.0
2018-09-01,04,Coquimbo,SANH,superficie_no_habitacional,m2,True,14024.0,210627.0
2018-10-01,04,Coquimbo,SANH,superficie_no_habitacional,m2,True,47957.0,247051.0
2018-11-01,04,Coquimbo,SANH,superficie_no_habitacional,m2,True,43683.0,260324.0
2018-12-01,04,Coquimbo,SANH,superficie_no_habitacional,m2,True,10821.0,263174.0
2019-01-01,04,Coquimbo,SANH,superficie_no_habitacional,m2,True,22929.0,279032.0
2019-02-01,04,Coquimbo,SANH,superficie_no_habitacional,m2,True,17827.0,270081.0
2019-03-01,04,Coquimbo,SANH,superficie_no_habitacional,m2,True,33453.0,292196.0
2019-04-01,04,Coquimbo,SANH,superficie_no_habitacional,m2,True,15010.0,291873.0
2019-05-01,04,Coquimbo,SANH,superficie_no_habitacional,m2,True,25669.0,295194.0
2019-06-01,04,Coquimbo,SANH,superficie_no_habitacional,m2,True,55762.0,332638.0
2019-07-01,04,Coquimbo,SANH,superficie_no_habitacional,m2,True,20528.0,332284.0
2019-08-01,04,Coquimbo,SANH,superficie_no_habitacional,m2,True,16469.0,324132.0
2019-09-01,04,Coquimbo,SANH,superficie_no_habitacional,m2,True,9961.0,320069.0
2019-10-01,04,Coquimbo,SANH,superficie_no_habitacional,m2,True,18439.0,290551.0
2019-11-01,04,Coquimbo,SANH,superficie_no_habitacional,m2,True,23513.0,270381.0
2019-12-01,04,Coquimbo,SANH,superficie_no_habitacional,m2,True,46526.0,306086.0
2020-01-01,04,Coquimbo,SANH,superficie_no_habitacional,m2,True,16453.0,299610.0
2020-02-01,04,Coquimbo,SANH,superficie_no_habitacional,m2,True,4266.0,286049.0
2020-03-01,04,Coquimbo,SANH,superficie_no_habitacional,m2,True,11033.0,263629.0
2020-04-01,04,Coquimbo,SANH,superficie_no_habitacional,m2,True,12869.0,261488.0
2020-05-01,04,Coquimbo,SANH,superficie_no_habitacional,m2,True,5243.0,241062.0
2020-06-01,04,Coquimbo,SANH,superficie_no_habitacional,m2,True,20272.0,205572.0
2020-07-01,04,Coquimbo,SANH,superficie_no_habitacional,m2,True,6444.0,191488.0
2020-08-01,04,Coquimbo,SANH,superficie_no_habitacional,m2,True,8007.0,183026.0
2020-09-01,04,Coquimbo,SANH,superficie_no_habitacional,m2,True,5920.0,178985.0
2020-10-01,04,Coquimbo,SANH,superficie_no_habitacional,m2,True,6182.0,166728.0
2020-11-01,04,Coquimbo,SANH,superficie_no_habitacional,m2,True,11787.0,155002.0
2020-12-01,04,Coquimbo,SANH,superficie_no_habitacional,m2,True,8671.0,117147.0
2021-01-01,04,Coquimbo,SANH,superficie_no_habitacional,m2,True,9591.0,110285.0
2021-02-01,04,Coquimbo,SANH,superficie_no_habitacional,m2,True,4913.0,110932.0
2021-03-01,04,Coquimbo,SANH,superficie_no_habitacional,m2,True,4841.0,104740.0
2021-04-01,04,Coquimbo,SANH,superficie_no_habitacional,m2,True,11512.0,103383.0
2021-05-01,04,Coquimbo,SANH,superficie_no_habitacional,m2,True,3043.0,101183.0
2021-06-01,04,Coquimbo,SANH,superficie_no_habitacional,m2,True,9672.0,90583.0
2021-07-01,04,Coquimbo,SANH,superficie_no_habitacional,m2,True,9827.0,93966.0
2021-08-01,04,Coquimbo,SANH,superficie_no_habitacional,m2,True,14034.0,99993.0
2021-09-01,04,Coquimbo,SANH,superficie_no_habitacional,m2,True,4911.0,98984.0
2021-10-01,04,Coquimbo,SANH,superficie_no_habitacional,m2,True,12892.0,105694.0
2021-11-01,04,Coquimbo,SANH,superficie_no_habitacional,m2,True,35444.0,129351.0
2021-12-01,04,Coquimbo,SANH,superficie_no_habitacional,m2,True,23203.0,143883.0
2022-01-01,04,Coquimbo,SANH,superficie_no_habitacional,m2,True,1594.0,135886.0
2022-02-01,04,Coquimbo,SANH,superficie_no_habitacional,m2,True,4586.0,135559.0
2022-03-01,04,Coquimbo,SANH,superficie_no_habitacional,m2,True,10043.0,140761.0
2022-04-01,04,Coquimbo,SANH,superficie_no_habitacional,m2,True,10860.0,140109.0
2022-05-01,04,Coquimbo,SANH,superficie_no_habitacional,m2,True,9477.0,146543.0
2022-06-01,04,Coquimbo,SANH,superficie_no_habitacional,m2,True,9599.0,146470.0
2022-07-01,04,Coquimbo,SANH,superficie_no_habitacional,m2,True,7328.0,143971.0
2022-08-01,04,Coquimbo,SANH,superficie_no_habitacional,m2,True,6763.0,136700.0
2022-09-01,04,Coquimbo,SANH,superficie_no_habitacional,m2,True,5985.0,137774.0
2022-10-01,04,Coquimbo,SANH,superficie_no_habitacional,m2,True,6428.0,131310.0
2022-11-01,04,Coquimbo,SANH,superficie_no_habitacional,m2,True,4694.0,100560.0
2022-12-01,04,Coquimbo,SANH,superficie_no_habitacional,m2,True,8569.0,85926.0
2023-01-01,04,Coquimbo,SANH,superficie_no_habitacional,m2,True,4209.0,88541.0
2023-02-01,04,Coquimbo,SANH,superficie_no_habitacional,m2,True,4088.0,88043.0
2023-03-01,04,Coquimbo,SANH,superficie_no_habitacional,m2,True,9586.0,87586.0
2023-04-01,04,Coquimbo,SANH,superficie_no_habitacional,m2,True,11936.0,88662.0
2023-05-01,04,Coquimbo,SANH,superficie_no_habitacional,m2,True,9197.0,88382.0
2023-06-01,04,Coquimbo,SANH,superficie_no_habitacional,m2,True,8357.0,87140.0
2023-07-01,04,Coquimbo,SANH,superficie_no_habitacional,m2,True,11079.0,90891.0
2023-08-01,04,Coquimbo,SANH,superficie_no_habitacional,m2,True,8095.0,92223.0
2023-09-01,04,Coquimbo,SANH,superficie_no_habitacional,m2,True,7525.0,93763.0
2023-10-01,04,Coquimbo,SANH,superficie_no_habitacional,m2,True,4217.0,91552.0
2023-11-01,04,Coquimbo,SANH,superficie_no_habitacional,m2,True,9271.0,96129.0
2023-12-01,04,Coquimbo,SANH,superficie_no_habitacional,m2,True,3469.0,91029.0
2024-01-01,04,Coquimbo,SANH,superficie_no_habitacional,m2,True,53918.0,140738.0
2024-02-01,04,Coquimbo,SANH,superficie_no_habitacional,m2,True,25447.0,162097.0
2024-03-01,04,Coquimbo,SANH,superficie_no_habitacional,m2,True,3326.0,155837.0
2024-04-01,04,Coquimbo,SANH,superficie_no_habitacional,m2,True,12556.0,156457.0
2024-05-01,04,Coquimbo,SANH,superficie_no_habitacional,m2,True,4214.0,151474.0
2024-06-01,04,Coquimbo,SANH,superficie_no_habitacional,m2,True,128421.0,271538.0
2024-07-01,04,Coquimbo,SANH,superficie_no_habitacional,m2,True,4686.0,265145.0
2024-08-01,04,Coquimbo,SANH,superficie_no_habitacional,m2,True,6365.0,263415.0
2024-09-01,04,Coquimbo,SANH,superficie_no_habitacional,m2,True,2342.0,258232.0
2024-10-01,04,Coquimbo,SANH,superficie_no_habitacional,m2,True,19068.0,273083.0
2024-11-01,04,Coquimbo,SANH,superficie_no_habitacional,m2,True,16071.0,279883.0
2024-12-01,04,Coquimbo,SANH,superficie_no_habitacional,m2,True,2323.0,278737.0
2025-01-01,04,Coquimbo,SANH,superficie_no_habitacional,m2,True,8533.0,233352.0
2025-02-01,04,Coquimbo,SANH,superficie_no_habitacional,m2,True,18621.0,226526.0
2025-03-01,04,Coquimbo,SANH,superficie_no_habitacional,m2,True,6870.0,230070.0
2025-04-01,04,Coquimbo,SANH,superficie_no_habitacional,m2,True,6830.0,224344.0
2025-05-01,04,Coquimbo,SANH,superficie_no_habitacional,m2,True,8054.0,228184.0
2025-06-01,04,Coquimbo,SANH,superficie_no_habitacional,m2,True,8308.0,108071.0
2025-07-01,04,Coquimbo,SANH,superficie_no_habitacional,m2,True,19066.0,122451.0
2025-08-01,04,Coquimbo,SANH,superficie_no_habitacional,m2,True,21976.0,138062.0
2025-09-01,04,Coquimbo,SANH,superficie_no_habitacional,m2,True,15278.0,150998.0
2025-10-01,04,Coquimbo,SANH,superficie_no_habitacional,m2,True,8334.0,140264.0
2025-11-01,04,Coquimbo,SANH,superficie_no_habitacional,m2,True,7432.0,131625.0
2025-12-01,04,Coquimbo,SANH,superficie_no_habitacional,m2,True,6933.0,136235.0
2026-01-01,04,Coquimbo,SANH,superficie_no_habitacional,m2,True,9852.0,137554.0
2026-02-01,04,Coquimbo,SANH,superficie_no_habitacional,m2,True,4857.0,123790.0
2026-03-01,04,Coquimbo,SANH,superficie_no_habitacional,m2,True,7426.0,124346.0
2026-04-01,04,Coquimbo,SANH,superficie_no_habitacional,m2,True,11720.0,129236.0
2026-05-01,04,Coquimbo,SANH,superficie_no_habitacional,m2,True,11542.0,132724.0
2014-01-01,05,Valparaíso,SANH,superficie_no_habitacional,m2,True,45859.0,
2014-02-01,05,Valparaíso,SANH,superficie_no_habitacional,m2,True,80622.0,
2014-03-01,05,Valparaíso,SANH,superficie_no_habitacional,m2,True,38747.0,
2014-04-01,05,Valparaíso,SANH,superficie_no_habitacional,m2,True,44713.0,
2014-05-01,05,Valparaíso,SANH,superficie_no_habitacional,m2,True,43512.0,
2014-06-01,05,Valparaíso,SANH,superficie_no_habitacional,m2,True,30154.0,
2014-07-01,05,Valparaíso,SANH,superficie_no_habitacional,m2,True,134815.0,
2014-08-01,05,Valparaíso,SANH,superficie_no_habitacional,m2,True,34169.0,
2014-09-01,05,Valparaíso,SANH,superficie_no_habitacional,m2,True,39977.0,
2014-10-01,05,Valparaíso,SANH,superficie_no_habitacional,m2,True,34589.0,
2014-11-01,05,Valparaíso,SANH,superficie_no_habitacional,m2,True,24602.0,
2014-12-01,05,Valparaíso,SANH,superficie_no_habitacional,m2,True,36005.0,587764.0
2015-01-01,05,Valparaíso,SANH,superficie_no_habitacional,m2,True,25947.0,567852.0
2015-02-01,05,Valparaíso,SANH,superficie_no_habitacional,m2,True,46600.0,533830.0
2015-03-01,05,Valparaíso,SANH,superficie_no_habitacional,m2,True,78753.0,573836.0
2015-04-01,05,Valparaíso,SANH,superficie_no_habitacional,m2,True,43248.0,572371.0
2015-05-01,05,Valparaíso,SANH,superficie_no_habitacional,m2,True,20865.0,549724.0
2015-06-01,05,Valparaíso,SANH,superficie_no_habitacional,m2,True,14431.0,534001.0
2015-07-01,05,Valparaíso,SANH,superficie_no_habitacional,m2,True,52301.0,451487.0
2015-08-01,05,Valparaíso,SANH,superficie_no_habitacional,m2,True,142437.0,559755.0
2015-09-01,05,Valparaíso,SANH,superficie_no_habitacional,m2,True,35596.0,555374.0
2015-10-01,05,Valparaíso,SANH,superficie_no_habitacional,m2,True,27363.0,548148.0
2015-11-01,05,Valparaíso,SANH,superficie_no_habitacional,m2,True,41252.0,564798.0
2015-12-01,05,Valparaíso,SANH,superficie_no_habitacional,m2,True,33297.0,562090.0
2016-01-01,05,Valparaíso,SANH,superficie_no_habitacional,m2,True,24296.0,560439.0
2016-02-01,05,Valparaíso,SANH,superficie_no_habitacional,m2,True,46077.0,559916.0
2016-03-01,05,Valparaíso,SANH,superficie_no_habitacional,m2,True,117031.0,598194.0
2016-04-01,05,Valparaíso,SANH,superficie_no_habitacional,m2,True,31083.0,586029.0
2016-05-01,05,Valparaíso,SANH,superficie_no_habitacional,m2,True,45316.0,610480.0
2016-06-01,05,Valparaíso,SANH,superficie_no_habitacional,m2,True,28724.0,624773.0
2016-07-01,05,Valparaíso,SANH,superficie_no_habitacional,m2,True,62928.0,635400.0
2016-08-01,05,Valparaíso,SANH,superficie_no_habitacional,m2,True,62840.0,555803.0
2016-09-01,05,Valparaíso,SANH,superficie_no_habitacional,m2,True,72554.0,592761.0
2016-10-01,05,Valparaíso,SANH,superficie_no_habitacional,m2,True,47315.0,612713.0
2016-11-01,05,Valparaíso,SANH,superficie_no_habitacional,m2,True,11544.0,583005.0
2016-12-01,05,Valparaíso,SANH,superficie_no_habitacional,m2,True,70081.0,619789.0
2017-01-01,05,Valparaíso,SANH,superficie_no_habitacional,m2,True,24484.0,619977.0
2017-02-01,05,Valparaíso,SANH,superficie_no_habitacional,m2,True,53307.0,627207.0
2017-03-01,05,Valparaíso,SANH,superficie_no_habitacional,m2,True,44905.0,555081.0
2017-04-01,05,Valparaíso,SANH,superficie_no_habitacional,m2,True,31920.0,555918.0
2017-05-01,05,Valparaíso,SANH,superficie_no_habitacional,m2,True,42684.0,553286.0
2017-06-01,05,Valparaíso,SANH,superficie_no_habitacional,m2,True,113014.0,637576.0
2017-07-01,05,Valparaíso,SANH,superficie_no_habitacional,m2,True,63084.0,637732.0
2017-08-01,05,Valparaíso,SANH,superficie_no_habitacional,m2,True,71005.0,645897.0
2017-09-01,05,Valparaíso,SANH,superficie_no_habitacional,m2,True,43325.0,616668.0
2017-10-01,05,Valparaíso,SANH,superficie_no_habitacional,m2,True,26268.0,595621.0
2017-11-01,05,Valparaíso,SANH,superficie_no_habitacional,m2,True,41144.0,625221.0
2017-12-01,05,Valparaíso,SANH,superficie_no_habitacional,m2,True,49975.0,605115.0
2018-01-01,05,Valparaíso,SANH,superficie_no_habitacional,m2,True,36441.0,617072.0
2018-02-01,05,Valparaíso,SANH,superficie_no_habitacional,m2,True,36293.0,600058.0
2018-03-01,05,Valparaíso,SANH,superficie_no_habitacional,m2,True,53279.0,608432.0
2018-04-01,05,Valparaíso,SANH,superficie_no_habitacional,m2,True,38071.0,614583.0
2018-05-01,05,Valparaíso,SANH,superficie_no_habitacional,m2,True,18856.0,590755.0
2018-06-01,05,Valparaíso,SANH,superficie_no_habitacional,m2,True,38324.0,516065.0
2018-07-01,05,Valparaíso,SANH,superficie_no_habitacional,m2,True,22774.0,475755.0
2018-08-01,05,Valparaíso,SANH,superficie_no_habitacional,m2,True,59046.0,463796.0
2018-09-01,05,Valparaíso,SANH,superficie_no_habitacional,m2,True,42453.0,462924.0
2018-10-01,05,Valparaíso,SANH,superficie_no_habitacional,m2,True,71709.0,508365.0
2018-11-01,05,Valparaíso,SANH,superficie_no_habitacional,m2,True,32513.0,499734.0
2018-12-01,05,Valparaíso,SANH,superficie_no_habitacional,m2,True,45701.0,495460.0
2019-01-01,05,Valparaíso,SANH,superficie_no_habitacional,m2,True,38193.0,497212.0
2019-02-01,05,Valparaíso,SANH,superficie_no_habitacional,m2,True,20699.0,481618.0
2019-03-01,05,Valparaíso,SANH,superficie_no_habitacional,m2,True,21144.0,449483.0
2019-04-01,05,Valparaíso,SANH,superficie_no_habitacional,m2,True,19337.0,430749.0
2019-05-01,05,Valparaíso,SANH,superficie_no_habitacional,m2,True,41582.0,453475.0
2019-06-01,05,Valparaíso,SANH,superficie_no_habitacional,m2,True,22826.0,437977.0
2019-07-01,05,Valparaíso,SANH,superficie_no_habitacional,m2,True,10779.0,425982.0
2019-08-01,05,Valparaíso,SANH,superficie_no_habitacional,m2,True,30148.0,397084.0
2019-09-01,05,Valparaíso,SANH,superficie_no_habitacional,m2,True,14544.0,369175.0
2019-10-01,05,Valparaíso,SANH,superficie_no_habitacional,m2,True,78542.0,376008.0
2019-11-01,05,Valparaíso,SANH,superficie_no_habitacional,m2,True,12429.0,355924.0
2019-12-01,05,Valparaíso,SANH,superficie_no_habitacional,m2,True,16912.0,327135.0
2020-01-01,05,Valparaíso,SANH,superficie_no_habitacional,m2,True,23436.0,312378.0
2020-02-01,05,Valparaíso,SANH,superficie_no_habitacional,m2,True,16595.0,308274.0
2020-03-01,05,Valparaíso,SANH,superficie_no_habitacional,m2,True,86391.0,373521.0
2020-04-01,05,Valparaíso,SANH,superficie_no_habitacional,m2,True,18779.0,372963.0
2020-05-01,05,Valparaíso,SANH,superficie_no_habitacional,m2,True,91350.0,422731.0
2020-06-01,05,Valparaíso,SANH,superficie_no_habitacional,m2,True,16251.0,416156.0
2020-07-01,05,Valparaíso,SANH,superficie_no_habitacional,m2,True,31459.0,436836.0
2020-08-01,05,Valparaíso,SANH,superficie_no_habitacional,m2,True,11645.0,418333.0
2020-09-01,05,Valparaíso,SANH,superficie_no_habitacional,m2,True,7271.0,411060.0
2020-10-01,05,Valparaíso,SANH,superficie_no_habitacional,m2,True,21151.0,353669.0
2020-11-01,05,Valparaíso,SANH,superficie_no_habitacional,m2,True,44651.0,385891.0
2020-12-01,05,Valparaíso,SANH,superficie_no_habitacional,m2,True,25798.0,394777.0
2021-01-01,05,Valparaíso,SANH,superficie_no_habitacional,m2,True,17039.0,388380.0
2021-02-01,05,Valparaíso,SANH,superficie_no_habitacional,m2,True,12033.0,383818.0
2021-03-01,05,Valparaíso,SANH,superficie_no_habitacional,m2,True,49033.0,346460.0
2021-04-01,05,Valparaíso,SANH,superficie_no_habitacional,m2,True,52526.0,380207.0
2021-05-01,05,Valparaíso,SANH,superficie_no_habitacional,m2,True,8566.0,297423.0
2021-06-01,05,Valparaíso,SANH,superficie_no_habitacional,m2,True,70476.0,351648.0
2021-07-01,05,Valparaíso,SANH,superficie_no_habitacional,m2,True,6980.0,327169.0
2021-08-01,05,Valparaíso,SANH,superficie_no_habitacional,m2,True,24306.0,339830.0
2021-09-01,05,Valparaíso,SANH,superficie_no_habitacional,m2,True,12364.0,344923.0
2021-10-01,05,Valparaíso,SANH,superficie_no_habitacional,m2,True,8348.0,332120.0
2021-11-01,05,Valparaíso,SANH,superficie_no_habitacional,m2,True,6521.0,293990.0
2021-12-01,05,Valparaíso,SANH,superficie_no_habitacional,m2,True,10484.0,278676.0
2022-01-01,05,Valparaíso,SANH,superficie_no_habitacional,m2,True,13313.0,274950.0
2022-02-01,05,Valparaíso,SANH,superficie_no_habitacional,m2,True,38488.0,301405.0
2022-03-01,05,Valparaíso,SANH,superficie_no_habitacional,m2,True,26941.0,279313.0
2022-04-01,05,Valparaíso,SANH,superficie_no_habitacional,m2,True,12253.0,239040.0
2022-05-01,05,Valparaíso,SANH,superficie_no_habitacional,m2,True,25660.0,256134.0
2022-06-01,05,Valparaíso,SANH,superficie_no_habitacional,m2,True,18376.0,204034.0
2022-07-01,05,Valparaíso,SANH,superficie_no_habitacional,m2,True,11500.0,208554.0
2022-08-01,05,Valparaíso,SANH,superficie_no_habitacional,m2,True,23514.0,207762.0
2022-09-01,05,Valparaíso,SANH,superficie_no_habitacional,m2,True,12983.0,208381.0
2022-10-01,05,Valparaíso,SANH,superficie_no_habitacional,m2,True,37828.0,237861.0
2022-11-01,05,Valparaíso,SANH,superficie_no_habitacional,m2,True,8678.0,240018.0
2022-12-01,05,Valparaíso,SANH,superficie_no_habitacional,m2,True,17300.0,246834.0
2023-01-01,05,Valparaíso,SANH,superficie_no_habitacional,m2,True,12029.0,245550.0
2023-02-01,05,Valparaíso,SANH,superficie_no_habitacional,m2,True,12095.0,219157.0
2023-03-01,05,Valparaíso,SANH,superficie_no_habitacional,m2,True,7571.0,199787.0
2023-04-01,05,Valparaíso,SANH,superficie_no_habitacional,m2,True,8864.0,196398.0
2023-05-01,05,Valparaíso,SANH,superficie_no_habitacional,m2,True,9463.0,180201.0
2023-06-01,05,Valparaíso,SANH,superficie_no_habitacional,m2,True,22849.0,184674.0
2023-07-01,05,Valparaíso,SANH,superficie_no_habitacional,m2,True,6892.0,180066.0
2023-08-01,05,Valparaíso,SANH,superficie_no_habitacional,m2,True,22435.0,178987.0
2023-09-01,05,Valparaíso,SANH,superficie_no_habitacional,m2,True,17460.0,183464.0
2023-10-01,05,Valparaíso,SANH,superficie_no_habitacional,m2,True,6157.0,151793.0
2023-11-01,05,Valparaíso,SANH,superficie_no_habitacional,m2,True,11643.0,154758.0
2023-12-01,05,Valparaíso,SANH,superficie_no_habitacional,m2,True,12096.0,149554.0
2024-01-01,05,Valparaíso,SANH,superficie_no_habitacional,m2,True,18559.0,156084.0
2024-02-01,05,Valparaíso,SANH,superficie_no_habitacional,m2,True,34607.0,178596.0
2024-03-01,05,Valparaíso,SANH,superficie_no_habitacional,m2,True,15785.0,186810.0
2024-04-01,05,Valparaíso,SANH,superficie_no_habitacional,m2,True,18451.0,196397.0
2024-05-01,05,Valparaíso,SANH,superficie_no_habitacional,m2,True,17618.0,204552.0
2024-06-01,05,Valparaíso,SANH,superficie_no_habitacional,m2,True,27838.0,209541.0
2024-07-01,05,Valparaíso,SANH,superficie_no_habitacional,m2,True,20284.0,222933.0
2024-08-01,05,Valparaíso,SANH,superficie_no_habitacional,m2,True,10857.0,211355.0
2024-09-01,05,Valparaíso,SANH,superficie_no_habitacional,m2,True,17639.0,211534.0
2024-10-01,05,Valparaíso,SANH,superficie_no_habitacional,m2,True,26171.0,231548.0
2024-11-01,05,Valparaíso,SANH,superficie_no_habitacional,m2,True,29740.0,249645.0
2024-12-01,05,Valparaíso,SANH,superficie_no_habitacional,m2,True,14984.0,252533.0
2025-01-01,05,Valparaíso,SANH,superficie_no_habitacional,m2,True,18270.0,252244.0
2025-02-01,05,Valparaíso,SANH,superficie_no_habitacional,m2,True,29111.0,246748.0
2025-03-01,05,Valparaíso,SANH,superficie_no_habitacional,m2,True,20800.0,251763.0
2025-04-01,05,Valparaíso,SANH,superficie_no_habitacional,m2,True,24775.0,258087.0
2025-05-01,05,Valparaíso,SANH,superficie_no_habitacional,m2,True,57491.0,297960.0
2025-06-01,05,Valparaíso,SANH,superficie_no_habitacional,m2,True,48315.0,318437.0
2025-07-01,05,Valparaíso,SANH,superficie_no_habitacional,m2,True,11583.0,309736.0
2025-08-01,05,Valparaíso,SANH,superficie_no_habitacional,m2,True,21887.0,320766.0
2025-09-01,05,Valparaíso,SANH,superficie_no_habitacional,m2,True,17549.0,320676.0
2025-10-01,05,Valparaíso,SANH,superficie_no_habitacional,m2,True,21371.0,315876.0
2025-11-01,05,Valparaíso,SANH,superficie_no_habitacional,m2,True,22404.0,308540.0
2025-12-01,05,Valparaíso,SANH,superficie_no_habitacional,m2,True,26291.0,319847.0
2026-01-01,05,Valparaíso,SANH,superficie_no_habitacional,m2,True,19333.0,320910.0
2026-02-01,05,Valparaíso,SANH,superficie_no_habitacional,m2,True,19230.0,311029.0
2026-03-01,05,Valparaíso,SANH,superficie_no_habitacional,m2,True,25336.0,315565.0
2026-04-01,05,Valparaíso,SANH,superficie_no_habitacional,m2,True,53151.0,343941.0
2026-05-01,05,Valparaíso,SANH,superficie_no_habitacional,m2,True,36344.0,322794.0
2014-01-01,06,O'Higgins,SANH,superficie_no_habitacional,m2,True,23783.0,
2014-02-01,06,O'Higgins,SANH,superficie_no_habitacional,m2,True,20039.0,
2014-03-01,06,O'Higgins,SANH,superficie_no_habitacional,m2,True,40132.0,
2014-04-01,06,O'Higgins,SANH,superficie_no_habitacional,m2,True,9566.0,
2014-05-01,06,O'Higgins,SANH,superficie_no_habitacional,m2,True,22473.0,
2014-06-01,06,O'Higgins,SANH,superficie_no_habitacional,m2,True,40220.0,
2014-07-01,06,O'Higgins,SANH,superficie_no_habitacional,m2,True,36791.0,
2014-08-01,06,O'Higgins,SANH,superficie_no_habitacional,m2,True,46967.0,
2014-09-01,06,O'Higgins,SANH,superficie_no_habitacional,m2,True,41505.0,
2014-10-01,06,O'Higgins,SANH,superficie_no_habitacional,m2,True,19568.0,
2014-11-01,06,O'Higgins,SANH,superficie_no_habitacional,m2,True,50320.0,
2014-12-01,06,O'Higgins,SANH,superficie_no_habitacional,m2,True,40759.0,392123.0
2015-01-01,06,O'Higgins,SANH,superficie_no_habitacional,m2,True,20022.0,388362.0
2015-02-01,06,O'Higgins,SANH,superficie_no_habitacional,m2,True,21588.0,389911.0
2015-03-01,06,O'Higgins,SANH,superficie_no_habitacional,m2,True,14939.0,364718.0
2015-04-01,06,O'Higgins,SANH,superficie_no_habitacional,m2,True,56138.0,411290.0
2015-05-01,06,O'Higgins,SANH,superficie_no_habitacional,m2,True,24090.0,412907.0
2015-06-01,06,O'Higgins,SANH,superficie_no_habitacional,m2,True,20509.0,393196.0
2015-07-01,06,O'Higgins,SANH,superficie_no_habitacional,m2,True,15728.0,372133.0
2015-08-01,06,O'Higgins,SANH,superficie_no_habitacional,m2,True,27193.0,352359.0
2015-09-01,06,O'Higgins,SANH,superficie_no_habitacional,m2,True,13771.0,324625.0
2015-10-01,06,O'Higgins,SANH,superficie_no_habitacional,m2,True,13717.0,318774.0
2015-11-01,06,O'Higgins,SANH,superficie_no_habitacional,m2,True,61042.0,329496.0
2015-12-01,06,O'Higgins,SANH,superficie_no_habitacional,m2,True,29534.0,318271.0
2016-01-01,06,O'Higgins,SANH,superficie_no_habitacional,m2,True,31594.0,329843.0
2016-02-01,06,O'Higgins,SANH,superficie_no_habitacional,m2,True,23296.0,331551.0
2016-03-01,06,O'Higgins,SANH,superficie_no_habitacional,m2,True,21073.0,337685.0
2016-04-01,06,O'Higgins,SANH,superficie_no_habitacional,m2,True,25880.0,307427.0
2016-05-01,06,O'Higgins,SANH,superficie_no_habitacional,m2,True,56177.0,339514.0
2016-06-01,06,O'Higgins,SANH,superficie_no_habitacional,m2,True,16330.0,335335.0
2016-07-01,06,O'Higgins,SANH,superficie_no_habitacional,m2,True,12655.0,332262.0
2016-08-01,06,O'Higgins,SANH,superficie_no_habitacional,m2,True,35958.0,341027.0
2016-09-01,06,O'Higgins,SANH,superficie_no_habitacional,m2,True,29364.0,356620.0
2016-10-01,06,O'Higgins,SANH,superficie_no_habitacional,m2,True,17355.0,360258.0
2016-11-01,06,O'Higgins,SANH,superficie_no_habitacional,m2,True,16992.0,316208.0
2016-12-01,06,O'Higgins,SANH,superficie_no_habitacional,m2,True,27063.0,313737.0
2017-01-01,06,O'Higgins,SANH,superficie_no_habitacional,m2,True,37881.0,320024.0
2017-02-01,06,O'Higgins,SANH,superficie_no_habitacional,m2,True,27928.0,324656.0
2017-03-01,06,O'Higgins,SANH,superficie_no_habitacional,m2,True,19594.0,323177.0
2017-04-01,06,O'Higgins,SANH,superficie_no_habitacional,m2,True,139658.0,436955.0
2017-05-01,06,O'Higgins,SANH,superficie_no_habitacional,m2,True,90216.0,470994.0
2017-06-01,06,O'Higgins,SANH,superficie_no_habitacional,m2,True,15206.0,469870.0
2017-07-01,06,O'Higgins,SANH,superficie_no_habitacional,m2,True,18037.0,475252.0
2017-08-01,06,O'Higgins,SANH,superficie_no_habitacional,m2,True,15693.0,454987.0
2017-09-01,06,O'Higgins,SANH,superficie_no_habitacional,m2,True,15279.0,440902.0
2017-10-01,06,O'Higgins,SANH,superficie_no_habitacional,m2,True,32443.0,455990.0
2017-11-01,06,O'Higgins,SANH,superficie_no_habitacional,m2,True,13377.0,452375.0
2017-12-01,06,O'Higgins,SANH,superficie_no_habitacional,m2,True,24909.0,450221.0
2018-01-01,06,O'Higgins,SANH,superficie_no_habitacional,m2,True,28864.0,441204.0
2018-02-01,06,O'Higgins,SANH,superficie_no_habitacional,m2,True,46439.0,459715.0
2018-03-01,06,O'Higgins,SANH,superficie_no_habitacional,m2,True,14235.0,454356.0
2018-04-01,06,O'Higgins,SANH,superficie_no_habitacional,m2,True,11573.0,326271.0
2018-05-01,06,O'Higgins,SANH,superficie_no_habitacional,m2,True,14363.0,250418.0
2018-06-01,06,O'Higgins,SANH,superficie_no_habitacional,m2,True,16568.0,251780.0
2018-07-01,06,O'Higgins,SANH,superficie_no_habitacional,m2,True,12640.0,246383.0
2018-08-01,06,O'Higgins,SANH,superficie_no_habitacional,m2,True,18333.0,249023.0
2018-09-01,06,O'Higgins,SANH,superficie_no_habitacional,m2,True,6465.0,240209.0
2018-10-01,06,O'Higgins,SANH,superficie_no_habitacional,m2,True,137130.0,344896.0
2018-11-01,06,O'Higgins,SANH,superficie_no_habitacional,m2,True,21564.0,353083.0
2018-12-01,06,O'Higgins,SANH,superficie_no_habitacional,m2,True,12343.0,340517.0
2019-01-01,06,O'Higgins,SANH,superficie_no_habitacional,m2,True,41351.0,353004.0
2019-02-01,06,O'Higgins,SANH,superficie_no_habitacional,m2,True,15904.0,322469.0
2019-03-01,06,O'Higgins,SANH,superficie_no_habitacional,m2,True,7651.0,315885.0
2019-04-01,06,O'Higgins,SANH,superficie_no_habitacional,m2,True,13841.0,318153.0
2019-05-01,06,O'Higgins,SANH,superficie_no_habitacional,m2,True,17506.0,321296.0
2019-06-01,06,O'Higgins,SANH,superficie_no_habitacional,m2,True,51326.0,356054.0
2019-07-01,06,O'Higgins,SANH,superficie_no_habitacional,m2,True,12852.0,356266.0
2019-08-01,06,O'Higgins,SANH,superficie_no_habitacional,m2,True,31800.0,369733.0
2019-09-01,06,O'Higgins,SANH,superficie_no_habitacional,m2,True,35832.0,399100.0
2019-10-01,06,O'Higgins,SANH,superficie_no_habitacional,m2,True,15715.0,277685.0
2019-11-01,06,O'Higgins,SANH,superficie_no_habitacional,m2,True,17698.0,273819.0
2019-12-01,06,O'Higgins,SANH,superficie_no_habitacional,m2,True,33229.0,294705.0
2020-01-01,06,O'Higgins,SANH,superficie_no_habitacional,m2,True,116536.0,369890.0
2020-02-01,06,O'Higgins,SANH,superficie_no_habitacional,m2,True,17220.0,371206.0
2020-03-01,06,O'Higgins,SANH,superficie_no_habitacional,m2,True,22862.0,386417.0
2020-04-01,06,O'Higgins,SANH,superficie_no_habitacional,m2,True,29918.0,402494.0
2020-05-01,06,O'Higgins,SANH,superficie_no_habitacional,m2,True,51333.0,436321.0
2020-06-01,06,O'Higgins,SANH,superficie_no_habitacional,m2,True,29680.0,414675.0
2020-07-01,06,O'Higgins,SANH,superficie_no_habitacional,m2,True,13446.0,415269.0
2020-08-01,06,O'Higgins,SANH,superficie_no_habitacional,m2,True,32447.0,415916.0
2020-09-01,06,O'Higgins,SANH,superficie_no_habitacional,m2,True,100506.0,480590.0
2020-10-01,06,O'Higgins,SANH,superficie_no_habitacional,m2,True,13790.0,478665.0
2020-11-01,06,O'Higgins,SANH,superficie_no_habitacional,m2,True,17998.0,478965.0
2020-12-01,06,O'Higgins,SANH,superficie_no_habitacional,m2,True,27688.0,473424.0
2021-01-01,06,O'Higgins,SANH,superficie_no_habitacional,m2,True,4585.0,361473.0
2021-02-01,06,O'Higgins,SANH,superficie_no_habitacional,m2,True,14566.0,358819.0
2021-03-01,06,O'Higgins,SANH,superficie_no_habitacional,m2,True,13078.0,349035.0
2021-04-01,06,O'Higgins,SANH,superficie_no_habitacional,m2,True,9693.0,328810.0
2021-05-01,06,O'Higgins,SANH,superficie_no_habitacional,m2,True,22945.0,300422.0
2021-06-01,06,O'Higgins,SANH,superficie_no_habitacional,m2,True,17753.0,288495.0
2021-07-01,06,O'Higgins,SANH,superficie_no_habitacional,m2,True,5628.0,280677.0
2021-08-01,06,O'Higgins,SANH,superficie_no_habitacional,m2,True,38225.0,286455.0
2021-09-01,06,O'Higgins,SANH,superficie_no_habitacional,m2,True,17851.0,203800.0
2021-10-01,06,O'Higgins,SANH,superficie_no_habitacional,m2,True,15517.0,205527.0
2021-11-01,06,O'Higgins,SANH,superficie_no_habitacional,m2,True,22539.0,210068.0
2021-12-01,06,O'Higgins,SANH,superficie_no_habitacional,m2,True,3617.0,185997.0
2022-01-01,06,O'Higgins,SANH,superficie_no_habitacional,m2,True,27532.0,208944.0
2022-02-01,06,O'Higgins,SANH,superficie_no_habitacional,m2,True,25598.0,219976.0
2022-03-01,06,O'Higgins,SANH,superficie_no_habitacional,m2,True,10870.0,217768.0
2022-04-01,06,O'Higgins,SANH,superficie_no_habitacional,m2,True,3859.0,211934.0
2022-05-01,06,O'Higgins,SANH,superficie_no_habitacional,m2,True,13706.0,202695.0
2022-06-01,06,O'Higgins,SANH,superficie_no_habitacional,m2,True,26565.0,211507.0
2022-07-01,06,O'Higgins,SANH,superficie_no_habitacional,m2,True,3588.0,209467.0
2022-08-01,06,O'Higgins,SANH,superficie_no_habitacional,m2,True,6909.0,178151.0
2022-09-01,06,O'Higgins,SANH,superficie_no_habitacional,m2,True,15885.0,176185.0
2022-10-01,06,O'Higgins,SANH,superficie_no_habitacional,m2,True,33787.0,194455.0
2022-11-01,06,O'Higgins,SANH,superficie_no_habitacional,m2,True,21910.0,193826.0
2022-12-01,06,O'Higgins,SANH,superficie_no_habitacional,m2,True,125497.0,315706.0
2023-01-01,06,O'Higgins,SANH,superficie_no_habitacional,m2,True,5941.0,294115.0
2023-02-01,06,O'Higgins,SANH,superficie_no_habitacional,m2,True,5490.0,274007.0
2023-03-01,06,O'Higgins,SANH,superficie_no_habitacional,m2,True,4910.0,268047.0
2023-04-01,06,O'Higgins,SANH,superficie_no_habitacional,m2,True,7478.0,271666.0
2023-05-01,06,O'Higgins,SANH,superficie_no_habitacional,m2,True,22252.0,280212.0
2023-06-01,06,O'Higgins,SANH,superficie_no_habitacional,m2,True,18120.0,271767.0
2023-07-01,06,O'Higgins,SANH,superficie_no_habitacional,m2,True,17387.0,285566.0
2023-08-01,06,O'Higgins,SANH,superficie_no_habitacional,m2,True,7042.0,285699.0
2023-09-01,06,O'Higgins,SANH,superficie_no_habitacional,m2,True,9004.0,278818.0
2023-10-01,06,O'Higgins,SANH,superficie_no_habitacional,m2,True,10507.0,255538.0
2023-11-01,06,O'Higgins,SANH,superficie_no_habitacional,m2,True,35982.0,269610.0
2023-12-01,06,O'Higgins,SANH,superficie_no_habitacional,m2,True,31112.0,175225.0
2024-01-01,06,O'Higgins,SANH,superficie_no_habitacional,m2,True,10390.0,179674.0
2024-02-01,06,O'Higgins,SANH,superficie_no_habitacional,m2,True,5447.0,179631.0
2024-03-01,06,O'Higgins,SANH,superficie_no_habitacional,m2,True,4371.0,179092.0
2024-04-01,06,O'Higgins,SANH,superficie_no_habitacional,m2,True,16698.0,188312.0
2024-05-01,06,O'Higgins,SANH,superficie_no_habitacional,m2,True,12108.0,178168.0
2024-06-01,06,O'Higgins,SANH,superficie_no_habitacional,m2,True,11748.0,171796.0
2024-07-01,06,O'Higgins,SANH,superficie_no_habitacional,m2,True,16470.0,170879.0
2024-08-01,06,O'Higgins,SANH,superficie_no_habitacional,m2,True,19904.0,183741.0
2024-09-01,06,O'Higgins,SANH,superficie_no_habitacional,m2,True,13976.0,188713.0
2024-10-01,06,O'Higgins,SANH,superficie_no_habitacional,m2,True,11307.0,189513.0
2024-11-01,06,O'Higgins,SANH,superficie_no_habitacional,m2,True,4907.0,158438.0
2024-12-01,06,O'Higgins,SANH,superficie_no_habitacional,m2,True,88637.0,215963.0
2025-01-01,06,O'Higgins,SANH,superficie_no_habitacional,m2,True,38671.0,244244.0
2025-02-01,06,O'Higgins,SANH,superficie_no_habitacional,m2,True,60451.0,299248.0
2025-03-01,06,O'Higgins,SANH,superficie_no_habitacional,m2,True,25959.0,320836.0
2025-04-01,06,O'Higgins,SANH,superficie_no_habitacional,m2,True,10525.0,314663.0
2025-05-01,06,O'Higgins,SANH,superficie_no_habitacional,m2,True,14298.0,316853.0
2025-06-01,06,O'Higgins,SANH,superficie_no_habitacional,m2,True,9013.0,314118.0
2025-07-01,06,O'Higgins,SANH,superficie_no_habitacional,m2,True,6188.0,303836.0
2025-08-01,06,O'Higgins,SANH,superficie_no_habitacional,m2,True,32617.0,316549.0
2025-09-01,06,O'Higgins,SANH,superficie_no_habitacional,m2,True,19671.0,322244.0
2025-10-01,06,O'Higgins,SANH,superficie_no_habitacional,m2,True,19014.0,329951.0
2025-11-01,06,O'Higgins,SANH,superficie_no_habitacional,m2,True,13872.0,338916.0
2025-12-01,06,O'Higgins,SANH,superficie_no_habitacional,m2,True,27744.0,278023.0
2026-01-01,06,O'Higgins,SANH,superficie_no_habitacional,m2,True,15512.0,254864.0
2026-02-01,06,O'Higgins,SANH,superficie_no_habitacional,m2,True,75336.0,269749.0
2026-03-01,06,O'Higgins,SANH,superficie_no_habitacional,m2,True,47577.0,291367.0
2026-04-01,06,O'Higgins,SANH,superficie_no_habitacional,m2,True,86196.0,367038.0
2026-05-01,06,O'Higgins,SANH,superficie_no_habitacional,m2,True,94758.0,447498.0
2014-01-01,07,Maule,SANH,superficie_no_habitacional,m2,True,46902.0,
2014-02-01,07,Maule,SANH,superficie_no_habitacional,m2,True,22964.0,
2014-03-01,07,Maule,SANH,superficie_no_habitacional,m2,True,31397.0,
2014-04-01,07,Maule,SANH,superficie_no_habitacional,m2,True,31033.0,
2014-05-01,07,Maule,SANH,superficie_no_habitacional,m2,True,24817.0,
2014-06-01,07,Maule,SANH,superficie_no_habitacional,m2,True,37018.0,
2014-07-01,07,Maule,SANH,superficie_no_habitacional,m2,True,26700.0,
2014-08-01,07,Maule,SANH,superficie_no_habitacional,m2,True,25629.0,
2014-09-01,07,Maule,SANH,superficie_no_habitacional,m2,True,23762.0,
2014-10-01,07,Maule,SANH,superficie_no_habitacional,m2,True,40224.0,
2014-11-01,07,Maule,SANH,superficie_no_habitacional,m2,True,33758.0,
2014-12-01,07,Maule,SANH,superficie_no_habitacional,m2,True,48217.0,392421.0
2015-01-01,07,Maule,SANH,superficie_no_habitacional,m2,True,41122.0,386641.0
2015-02-01,07,Maule,SANH,superficie_no_habitacional,m2,True,14880.0,378557.0
2015-03-01,07,Maule,SANH,superficie_no_habitacional,m2,True,43687.0,390847.0
2015-04-01,07,Maule,SANH,superficie_no_habitacional,m2,True,21035.0,380849.0
2015-05-01,07,Maule,SANH,superficie_no_habitacional,m2,True,43848.0,399880.0
2015-06-01,07,Maule,SANH,superficie_no_habitacional,m2,True,22920.0,385782.0
2015-07-01,07,Maule,SANH,superficie_no_habitacional,m2,True,57120.0,416202.0
2015-08-01,07,Maule,SANH,superficie_no_habitacional,m2,True,17268.0,407841.0
2015-09-01,07,Maule,SANH,superficie_no_habitacional,m2,True,17075.0,401154.0
2015-10-01,07,Maule,SANH,superficie_no_habitacional,m2,True,26247.0,387177.0
2015-11-01,07,Maule,SANH,superficie_no_habitacional,m2,True,32780.0,386199.0
2015-12-01,07,Maule,SANH,superficie_no_habitacional,m2,True,42670.0,380652.0
2016-01-01,07,Maule,SANH,superficie_no_habitacional,m2,True,32767.0,372297.0
2016-02-01,07,Maule,SANH,superficie_no_habitacional,m2,True,27796.0,385213.0
2016-03-01,07,Maule,SANH,superficie_no_habitacional,m2,True,29918.0,371444.0
2016-04-01,07,Maule,SANH,superficie_no_habitacional,m2,True,34117.0,384526.0
2016-05-01,07,Maule,SANH,superficie_no_habitacional,m2,True,35249.0,375927.0
2016-06-01,07,Maule,SANH,superficie_no_habitacional,m2,True,46769.0,399776.0
2016-07-01,07,Maule,SANH,superficie_no_habitacional,m2,True,61246.0,403902.0
2016-08-01,07,Maule,SANH,superficie_no_habitacional,m2,True,31968.0,418602.0
2016-09-01,07,Maule,SANH,superficie_no_habitacional,m2,True,14148.0,415675.0
2016-10-01,07,Maule,SANH,superficie_no_habitacional,m2,True,100784.0,490212.0
2016-11-01,07,Maule,SANH,superficie_no_habitacional,m2,True,127096.0,584528.0
2016-12-01,07,Maule,SANH,superficie_no_habitacional,m2,True,27638.0,569496.0
2017-01-01,07,Maule,SANH,superficie_no_habitacional,m2,True,17454.0,554183.0
2017-02-01,07,Maule,SANH,superficie_no_habitacional,m2,True,54656.0,581043.0
2017-03-01,07,Maule,SANH,superficie_no_habitacional,m2,True,99277.0,650402.0
2017-04-01,07,Maule,SANH,superficie_no_habitacional,m2,True,41675.0,657960.0
2017-05-01,07,Maule,SANH,superficie_no_habitacional,m2,True,25458.0,648169.0
2017-06-01,07,Maule,SANH,superficie_no_habitacional,m2,True,22068.0,623468.0
2017-07-01,07,Maule,SANH,superficie_no_habitacional,m2,True,24810.0,587032.0
2017-08-01,07,Maule,SANH,superficie_no_habitacional,m2,True,24421.0,579485.0
2017-09-01,07,Maule,SANH,superficie_no_habitacional,m2,True,39280.0,604617.0
2017-10-01,07,Maule,SANH,superficie_no_habitacional,m2,True,61545.0,565378.0
2017-11-01,07,Maule,SANH,superficie_no_habitacional,m2,True,23992.0,462274.0
2017-12-01,07,Maule,SANH,superficie_no_habitacional,m2,True,46719.0,481355.0
2018-01-01,07,Maule,SANH,superficie_no_habitacional,m2,True,24425.0,488326.0
2018-02-01,07,Maule,SANH,superficie_no_habitacional,m2,True,23318.0,456988.0
2018-03-01,07,Maule,SANH,superficie_no_habitacional,m2,True,23694.0,381405.0
2018-04-01,07,Maule,SANH,superficie_no_habitacional,m2,True,25185.0,364915.0
2018-05-01,07,Maule,SANH,superficie_no_habitacional,m2,True,20513.0,359970.0
2018-06-01,07,Maule,SANH,superficie_no_habitacional,m2,True,20348.0,358250.0
2018-07-01,07,Maule,SANH,superficie_no_habitacional,m2,True,31260.0,364700.0
2018-08-01,07,Maule,SANH,superficie_no_habitacional,m2,True,34482.0,374761.0
2018-09-01,07,Maule,SANH,superficie_no_habitacional,m2,True,50133.0,385614.0
2018-10-01,07,Maule,SANH,superficie_no_habitacional,m2,True,38485.0,362554.0
2018-11-01,07,Maule,SANH,superficie_no_habitacional,m2,True,26329.0,364891.0
2018-12-01,07,Maule,SANH,superficie_no_habitacional,m2,True,113875.0,432047.0
2019-01-01,07,Maule,SANH,superficie_no_habitacional,m2,True,45900.0,453522.0
2019-02-01,07,Maule,SANH,superficie_no_habitacional,m2,True,30331.0,460535.0
2019-03-01,07,Maule,SANH,superficie_no_habitacional,m2,True,23903.0,460744.0
2019-04-01,07,Maule,SANH,superficie_no_habitacional,m2,True,64217.0,499776.0
2019-05-01,07,Maule,SANH,superficie_no_habitacional,m2,True,119654.0,598917.0
2019-06-01,07,Maule,SANH,superficie_no_habitacional,m2,True,19796.0,598365.0
2019-07-01,07,Maule,SANH,superficie_no_habitacional,m2,True,32744.0,599849.0
2019-08-01,07,Maule,SANH,superficie_no_habitacional,m2,True,39894.0,605261.0
2019-09-01,07,Maule,SANH,superficie_no_habitacional,m2,True,31682.0,586810.0
2019-10-01,07,Maule,SANH,superficie_no_habitacional,m2,True,19725.0,568050.0
2019-11-01,07,Maule,SANH,superficie_no_habitacional,m2,True,6491.0,548212.0
2019-12-01,07,Maule,SANH,superficie_no_habitacional,m2,True,46925.0,481262.0
2020-01-01,07,Maule,SANH,superficie_no_habitacional,m2,True,21828.0,457190.0
2020-02-01,07,Maule,SANH,superficie_no_habitacional,m2,True,24358.0,451217.0
2020-03-01,07,Maule,SANH,superficie_no_habitacional,m2,True,24117.0,451431.0
2020-04-01,07,Maule,SANH,superficie_no_habitacional,m2,True,13444.0,400658.0
2020-05-01,07,Maule,SANH,superficie_no_habitacional,m2,True,13482.0,294486.0
2020-06-01,07,Maule,SANH,superficie_no_habitacional,m2,True,12901.0,287591.0
2020-07-01,07,Maule,SANH,superficie_no_habitacional,m2,True,22878.0,277725.0
2020-08-01,07,Maule,SANH,superficie_no_habitacional,m2,True,5177.0,243008.0
2020-09-01,07,Maule,SANH,superficie_no_habitacional,m2,True,6253.0,217579.0
2020-10-01,07,Maule,SANH,superficie_no_habitacional,m2,True,12855.0,210709.0
2020-11-01,07,Maule,SANH,superficie_no_habitacional,m2,True,13829.0,218047.0
2020-12-01,07,Maule,SANH,superficie_no_habitacional,m2,True,19573.0,190695.0
2021-01-01,07,Maule,SANH,superficie_no_habitacional,m2,True,6781.0,175648.0
2021-02-01,07,Maule,SANH,superficie_no_habitacional,m2,True,9743.0,161033.0
2021-03-01,07,Maule,SANH,superficie_no_habitacional,m2,True,14188.0,151104.0
2021-04-01,07,Maule,SANH,superficie_no_habitacional,m2,True,14810.0,152470.0
2021-05-01,07,Maule,SANH,superficie_no_habitacional,m2,True,11155.0,150143.0
2021-06-01,07,Maule,SANH,superficie_no_habitacional,m2,True,10870.0,148112.0
2021-07-01,07,Maule,SANH,superficie_no_habitacional,m2,True,18670.0,143904.0
2021-08-01,07,Maule,SANH,superficie_no_habitacional,m2,True,17332.0,156059.0
2021-09-01,07,Maule,SANH,superficie_no_habitacional,m2,True,9469.0,159275.0
2021-10-01,07,Maule,SANH,superficie_no_habitacional,m2,True,5726.0,152146.0
2021-11-01,07,Maule,SANH,superficie_no_habitacional,m2,True,15583.0,153900.0
2021-12-01,07,Maule,SANH,superficie_no_habitacional,m2,True,34991.0,169318.0
2022-01-01,07,Maule,SANH,superficie_no_habitacional,m2,True,32538.0,195075.0
2022-02-01,07,Maule,SANH,superficie_no_habitacional,m2,True,13634.0,198966.0
2022-03-01,07,Maule,SANH,superficie_no_habitacional,m2,True,8894.0,193672.0
2022-04-01,07,Maule,SANH,superficie_no_habitacional,m2,True,5255.0,184117.0
2022-05-01,07,Maule,SANH,superficie_no_habitacional,m2,True,6206.0,179168.0
2022-06-01,07,Maule,SANH,superficie_no_habitacional,m2,True,7171.0,175469.0
2022-07-01,07,Maule,SANH,superficie_no_habitacional,m2,True,16606.0,173405.0
2022-08-01,07,Maule,SANH,superficie_no_habitacional,m2,True,13936.0,170009.0
2022-09-01,07,Maule,SANH,superficie_no_habitacional,m2,True,12330.0,172870.0
2022-10-01,07,Maule,SANH,superficie_no_habitacional,m2,True,22424.0,189568.0
2022-11-01,07,Maule,SANH,superficie_no_habitacional,m2,True,71009.0,244994.0
2022-12-01,07,Maule,SANH,superficie_no_habitacional,m2,True,60519.0,270522.0
2023-01-01,07,Maule,SANH,superficie_no_habitacional,m2,True,27839.0,265823.0
2023-02-01,07,Maule,SANH,superficie_no_habitacional,m2,True,7708.0,259897.0
2023-03-01,07,Maule,SANH,superficie_no_habitacional,m2,True,18370.0,269373.0
2023-04-01,07,Maule,SANH,superficie_no_habitacional,m2,True,21676.0,285794.0
2023-05-01,07,Maule,SANH,superficie_no_habitacional,m2,True,8596.0,288184.0
2023-06-01,07,Maule,SANH,superficie_no_habitacional,m2,True,18131.0,299144.0
2023-07-01,07,Maule,SANH,superficie_no_habitacional,m2,True,14236.0,296774.0
2023-08-01,07,Maule,SANH,superficie_no_habitacional,m2,True,67711.0,350549.0
2023-09-01,07,Maule,SANH,superficie_no_habitacional,m2,True,30178.0,368397.0
2023-10-01,07,Maule,SANH,superficie_no_habitacional,m2,True,17745.0,363718.0
2023-11-01,07,Maule,SANH,superficie_no_habitacional,m2,True,23821.0,316530.0
2023-12-01,07,Maule,SANH,superficie_no_habitacional,m2,True,12719.0,268730.0
2024-01-01,07,Maule,SANH,superficie_no_habitacional,m2,True,9070.0,249961.0
2024-02-01,07,Maule,SANH,superficie_no_habitacional,m2,True,10481.0,252734.0
2024-03-01,07,Maule,SANH,superficie_no_habitacional,m2,True,29288.0,263652.0
2024-04-01,07,Maule,SANH,superficie_no_habitacional,m2,True,19538.0,261514.0
2024-05-01,07,Maule,SANH,superficie_no_habitacional,m2,True,55912.0,308830.0
2024-06-01,07,Maule,SANH,superficie_no_habitacional,m2,True,11352.0,302051.0
2024-07-01,07,Maule,SANH,superficie_no_habitacional,m2,True,24669.0,312484.0
2024-08-01,07,Maule,SANH,superficie_no_habitacional,m2,True,33988.0,278761.0
2024-09-01,07,Maule,SANH,superficie_no_habitacional,m2,True,36097.0,284680.0
2024-10-01,07,Maule,SANH,superficie_no_habitacional,m2,True,40207.0,307142.0
2024-11-01,07,Maule,SANH,superficie_no_habitacional,m2,True,19716.0,303037.0
2024-12-01,07,Maule,SANH,superficie_no_habitacional,m2,True,27930.0,318248.0
2025-01-01,07,Maule,SANH,superficie_no_habitacional,m2,True,25465.0,334643.0
2025-02-01,07,Maule,SANH,superficie_no_habitacional,m2,True,11924.0,336086.0
2025-03-01,07,Maule,SANH,superficie_no_habitacional,m2,True,27287.0,334085.0
2025-04-01,07,Maule,SANH,superficie_no_habitacional,m2,True,19825.0,334372.0
2025-05-01,07,Maule,SANH,superficie_no_habitacional,m2,True,21628.0,300088.0
2025-06-01,07,Maule,SANH,superficie_no_habitacional,m2,True,15329.0,304065.0
2025-07-01,07,Maule,SANH,superficie_no_habitacional,m2,True,45799.0,325195.0
2025-08-01,07,Maule,SANH,superficie_no_habitacional,m2,True,59555.0,350762.0
2025-09-01,07,Maule,SANH,superficie_no_habitacional,m2,True,35356.0,350021.0
2025-10-01,07,Maule,SANH,superficie_no_habitacional,m2,True,27571.0,337385.0
2025-11-01,07,Maule,SANH,superficie_no_habitacional,m2,True,18144.0,335813.0
2025-12-01,07,Maule,SANH,superficie_no_habitacional,m2,True,13778.0,321661.0
2026-01-01,07,Maule,SANH,superficie_no_habitacional,m2,True,11581.0,307777.0
2026-02-01,07,Maule,SANH,superficie_no_habitacional,m2,True,16932.0,312785.0
2026-03-01,07,Maule,SANH,superficie_no_habitacional,m2,True,9151.0,294649.0
2026-04-01,07,Maule,SANH,superficie_no_habitacional,m2,True,26682.0,301506.0
2026-05-01,07,Maule,SANH,superficie_no_habitacional,m2,True,19683.0,299561.0
2014-01-01,08,Biobío,SANH,superficie_no_habitacional,m2,True,52591.0,
2014-02-01,08,Biobío,SANH,superficie_no_habitacional,m2,True,47020.0,
2014-03-01,08,Biobío,SANH,superficie_no_habitacional,m2,True,88247.0,
2014-04-01,08,Biobío,SANH,superficie_no_habitacional,m2,True,46659.0,
2014-05-01,08,Biobío,SANH,superficie_no_habitacional,m2,True,71141.0,
2014-06-01,08,Biobío,SANH,superficie_no_habitacional,m2,True,61082.0,
2014-07-01,08,Biobío,SANH,superficie_no_habitacional,m2,True,42065.0,
2014-08-01,08,Biobío,SANH,superficie_no_habitacional,m2,True,40262.0,
2014-09-01,08,Biobío,SANH,superficie_no_habitacional,m2,True,71236.0,
2014-10-01,08,Biobío,SANH,superficie_no_habitacional,m2,True,121391.0,
2014-11-01,08,Biobío,SANH,superficie_no_habitacional,m2,True,65901.0,
2014-12-01,08,Biobío,SANH,superficie_no_habitacional,m2,True,93130.0,800725.0
2015-01-01,08,Biobío,SANH,superficie_no_habitacional,m2,True,60625.0,808759.0
2015-02-01,08,Biobío,SANH,superficie_no_habitacional,m2,True,63689.0,825428.0
2015-03-01,08,Biobío,SANH,superficie_no_habitacional,m2,True,56534.0,793715.0
2015-04-01,08,Biobío,SANH,superficie_no_habitacional,m2,True,40382.0,787438.0
2015-05-01,08,Biobío,SANH,superficie_no_habitacional,m2,True,36686.0,752983.0
2015-06-01,08,Biobío,SANH,superficie_no_habitacional,m2,True,40366.0,732267.0
2015-07-01,08,Biobío,SANH,superficie_no_habitacional,m2,True,66383.0,756585.0
2015-08-01,08,Biobío,SANH,superficie_no_habitacional,m2,True,61509.0,777832.0
2015-09-01,08,Biobío,SANH,superficie_no_habitacional,m2,True,68215.0,774811.0
2015-10-01,08,Biobío,SANH,superficie_no_habitacional,m2,True,32700.0,686120.0
2015-11-01,08,Biobío,SANH,superficie_no_habitacional,m2,True,57394.0,677613.0
2015-12-01,08,Biobío,SANH,superficie_no_habitacional,m2,True,52412.0,636895.0
2016-01-01,08,Biobío,SANH,superficie_no_habitacional,m2,True,75980.0,652250.0
2016-02-01,08,Biobío,SANH,superficie_no_habitacional,m2,True,57162.0,645723.0
2016-03-01,08,Biobío,SANH,superficie_no_habitacional,m2,True,41737.0,630926.0
2016-04-01,08,Biobío,SANH,superficie_no_habitacional,m2,True,53062.0,643606.0
2016-05-01,08,Biobío,SANH,superficie_no_habitacional,m2,True,52005.0,658925.0
2016-06-01,08,Biobío,SANH,superficie_no_habitacional,m2,True,93199.0,711758.0
2016-07-01,08,Biobío,SANH,superficie_no_habitacional,m2,True,119290.0,764665.0
2016-08-01,08,Biobío,SANH,superficie_no_habitacional,m2,True,85561.0,788717.0
2016-09-01,08,Biobío,SANH,superficie_no_habitacional,m2,True,52975.0,773477.0
2016-10-01,08,Biobío,SANH,superficie_no_habitacional,m2,True,108568.0,849345.0
2016-11-01,08,Biobío,SANH,superficie_no_habitacional,m2,True,53362.0,845313.0
2016-12-01,08,Biobío,SANH,superficie_no_habitacional,m2,True,83795.0,876696.0
2017-01-01,08,Biobío,SANH,superficie_no_habitacional,m2,True,38599.0,839315.0
2017-02-01,08,Biobío,SANH,superficie_no_habitacional,m2,True,40099.0,822252.0
2017-03-01,08,Biobío,SANH,superficie_no_habitacional,m2,True,46722.0,827237.0
2017-04-01,08,Biobío,SANH,superficie_no_habitacional,m2,True,31271.0,805446.0
2017-05-01,08,Biobío,SANH,superficie_no_habitacional,m2,True,51507.0,804948.0
2017-06-01,08,Biobío,SANH,superficie_no_habitacional,m2,True,68503.0,780252.0
2017-07-01,08,Biobío,SANH,superficie_no_habitacional,m2,True,51924.0,712886.0
2017-08-01,08,Biobío,SANH,superficie_no_habitacional,m2,True,51090.0,678415.0
2017-09-01,08,Biobío,SANH,superficie_no_habitacional,m2,True,31155.0,656595.0
2017-10-01,08,Biobío,SANH,superficie_no_habitacional,m2,True,64098.0,612125.0
2017-11-01,08,Biobío,SANH,superficie_no_habitacional,m2,True,34563.0,593326.0
2017-12-01,08,Biobío,SANH,superficie_no_habitacional,m2,True,28046.0,537577.0
2018-01-01,08,Biobío,SANH,superficie_no_habitacional,m2,True,29366.0,528344.0
2018-02-01,08,Biobío,SANH,superficie_no_habitacional,m2,True,57677.0,545922.0
2018-03-01,08,Biobío,SANH,superficie_no_habitacional,m2,True,29862.0,529062.0
2018-04-01,08,Biobío,SANH,superficie_no_habitacional,m2,True,24262.0,522053.0
2018-05-01,08,Biobío,SANH,superficie_no_habitacional,m2,True,39536.0,510082.0
2018-06-01,08,Biobío,SANH,superficie_no_habitacional,m2,True,51446.0,493025.0
2018-07-01,08,Biobío,SANH,superficie_no_habitacional,m2,True,74365.0,515466.0
2018-08-01,08,Biobío,SANH,superficie_no_habitacional,m2,True,21963.0,486339.0
2018-09-01,08,Biobío,SANH,superficie_no_habitacional,m2,True,26464.0,481648.0
2018-10-01,08,Biobío,SANH,superficie_no_habitacional,m2,True,29896.0,447446.0
2018-11-01,08,Biobío,SANH,superficie_no_habitacional,m2,True,30400.0,443283.0
2018-12-01,08,Biobío,SANH,superficie_no_habitacional,m2,True,27434.0,442671.0
2019-01-01,08,Biobío,SANH,superficie_no_habitacional,m2,True,20116.0,433421.0
2019-02-01,08,Biobío,SANH,superficie_no_habitacional,m2,True,18052.0,393796.0
2019-03-01,08,Biobío,SANH,superficie_no_habitacional,m2,True,27690.0,391624.0
2019-04-01,08,Biobío,SANH,superficie_no_habitacional,m2,True,39260.0,406622.0
2019-05-01,08,Biobío,SANH,superficie_no_habitacional,m2,True,63369.0,430455.0
2019-06-01,08,Biobío,SANH,superficie_no_habitacional,m2,True,32990.0,411999.0
2019-07-01,08,Biobío,SANH,superficie_no_habitacional,m2,True,45121.0,382755.0
2019-08-01,08,Biobío,SANH,superficie_no_habitacional,m2,True,45942.0,406734.0
2019-09-01,08,Biobío,SANH,superficie_no_habitacional,m2,True,72520.0,452790.0
2019-10-01,08,Biobío,SANH,superficie_no_habitacional,m2,True,11913.0,434807.0
2019-11-01,08,Biobío,SANH,superficie_no_habitacional,m2,True,36618.0,441025.0
2019-12-01,08,Biobío,SANH,superficie_no_habitacional,m2,True,21712.0,435303.0
2020-01-01,08,Biobío,SANH,superficie_no_habitacional,m2,True,36883.0,452070.0
2020-02-01,08,Biobío,SANH,superficie_no_habitacional,m2,True,7798.0,441816.0
2020-03-01,08,Biobío,SANH,superficie_no_habitacional,m2,True,9128.0,423254.0
2020-04-01,08,Biobío,SANH,superficie_no_habitacional,m2,True,12614.0,396608.0
2020-05-01,08,Biobío,SANH,superficie_no_habitacional,m2,True,24167.0,357406.0
2020-06-01,08,Biobío,SANH,superficie_no_habitacional,m2,True,12573.0,336989.0
2020-07-01,08,Biobío,SANH,superficie_no_habitacional,m2,True,9172.0,301040.0
2020-08-01,08,Biobío,SANH,superficie_no_habitacional,m2,True,17592.0,272690.0
2020-09-01,08,Biobío,SANH,superficie_no_habitacional,m2,True,27020.0,227190.0
2020-10-01,08,Biobío,SANH,superficie_no_habitacional,m2,True,12863.0,228140.0
2020-11-01,08,Biobío,SANH,superficie_no_habitacional,m2,True,22759.0,214281.0
2020-12-01,08,Biobío,SANH,superficie_no_habitacional,m2,True,16330.0,208899.0
2021-01-01,08,Biobío,SANH,superficie_no_habitacional,m2,True,27007.0,199023.0
2021-02-01,08,Biobío,SANH,superficie_no_habitacional,m2,True,17018.0,208243.0
2021-03-01,08,Biobío,SANH,superficie_no_habitacional,m2,True,35160.0,234275.0
2021-04-01,08,Biobío,SANH,superficie_no_habitacional,m2,True,8286.0,229947.0
2021-05-01,08,Biobío,SANH,superficie_no_habitacional,m2,True,64401.0,270181.0
2021-06-01,08,Biobío,SANH,superficie_no_habitacional,m2,True,13839.0,271447.0
2021-07-01,08,Biobío,SANH,superficie_no_habitacional,m2,True,14155.0,276430.0
2021-08-01,08,Biobío,SANH,superficie_no_habitacional,m2,True,41878.0,300716.0
2021-09-01,08,Biobío,SANH,superficie_no_habitacional,m2,True,3980.0,277676.0
2021-10-01,08,Biobío,SANH,superficie_no_habitacional,m2,True,38403.0,303216.0
2021-11-01,08,Biobío,SANH,superficie_no_habitacional,m2,True,20478.0,300935.0
2021-12-01,08,Biobío,SANH,superficie_no_habitacional,m2,True,16905.0,301510.0
2022-01-01,08,Biobío,SANH,superficie_no_habitacional,m2,True,13263.0,287766.0
2022-02-01,08,Biobío,SANH,superficie_no_habitacional,m2,True,7925.0,278673.0
2022-03-01,08,Biobío,SANH,superficie_no_habitacional,m2,True,34409.0,277922.0
2022-04-01,08,Biobío,SANH,superficie_no_habitacional,m2,True,9663.0,279299.0
2022-05-01,08,Biobío,SANH,superficie_no_habitacional,m2,True,20403.0,235301.0
2022-06-01,08,Biobío,SANH,superficie_no_habitacional,m2,True,7568.0,229030.0
2022-07-01,08,Biobío,SANH,superficie_no_habitacional,m2,True,7893.0,222768.0
2022-08-01,08,Biobío,SANH,superficie_no_habitacional,m2,True,18088.0,198978.0
2022-09-01,08,Biobío,SANH,superficie_no_habitacional,m2,True,15127.0,210125.0
2022-10-01,08,Biobío,SANH,superficie_no_habitacional,m2,True,14807.0,186529.0
2022-11-01,08,Biobío,SANH,superficie_no_habitacional,m2,True,65591.0,231642.0
2022-12-01,08,Biobío,SANH,superficie_no_habitacional,m2,True,23247.0,237984.0
2023-01-01,08,Biobío,SANH,superficie_no_habitacional,m2,True,14129.0,238850.0
2023-02-01,08,Biobío,SANH,superficie_no_habitacional,m2,True,11289.0,242214.0
2023-03-01,08,Biobío,SANH,superficie_no_habitacional,m2,True,16345.0,224150.0
2023-04-01,08,Biobío,SANH,superficie_no_habitacional,m2,True,19530.0,234017.0
2023-05-01,08,Biobío,SANH,superficie_no_habitacional,m2,True,22141.0,235755.0
2023-06-01,08,Biobío,SANH,superficie_no_habitacional,m2,True,15678.0,243865.0
2023-07-01,08,Biobío,SANH,superficie_no_habitacional,m2,True,16763.0,252735.0
2023-08-01,08,Biobío,SANH,superficie_no_habitacional,m2,True,42280.0,276927.0
2023-09-01,08,Biobío,SANH,superficie_no_habitacional,m2,True,11952.0,273752.0
2023-10-01,08,Biobío,SANH,superficie_no_habitacional,m2,True,8918.0,267863.0
2023-11-01,08,Biobío,SANH,superficie_no_habitacional,m2,True,30427.0,232699.0
2023-12-01,08,Biobío,SANH,superficie_no_habitacional,m2,True,17855.0,227307.0
2024-01-01,08,Biobío,SANH,superficie_no_habitacional,m2,True,29726.0,242904.0
2024-02-01,08,Biobío,SANH,superficie_no_habitacional,m2,True,28112.0,259727.0
2024-03-01,08,Biobío,SANH,superficie_no_habitacional,m2,True,14845.0,258227.0
2024-04-01,08,Biobío,SANH,superficie_no_habitacional,m2,True,22394.0,261091.0
2024-05-01,08,Biobío,SANH,superficie_no_habitacional,m2,True,17813.0,256763.0
2024-06-01,08,Biobío,SANH,superficie_no_habitacional,m2,True,60797.0,301882.0
2024-07-01,08,Biobío,SANH,superficie_no_habitacional,m2,True,19499.0,304618.0
2024-08-01,08,Biobío,SANH,superficie_no_habitacional,m2,True,14192.0,276530.0
2024-09-01,08,Biobío,SANH,superficie_no_habitacional,m2,True,12072.0,276650.0
2024-10-01,08,Biobío,SANH,superficie_no_habitacional,m2,True,66360.0,334092.0
2024-11-01,08,Biobío,SANH,superficie_no_habitacional,m2,True,22574.0,326239.0
2024-12-01,08,Biobío,SANH,superficie_no_habitacional,m2,True,24560.0,332944.0
2025-01-01,08,Biobío,SANH,superficie_no_habitacional,m2,True,40670.0,343888.0
2025-02-01,08,Biobío,SANH,superficie_no_habitacional,m2,True,24161.0,339937.0
2025-03-01,08,Biobío,SANH,superficie_no_habitacional,m2,True,23445.0,348537.0
2025-04-01,08,Biobío,SANH,superficie_no_habitacional,m2,True,38687.0,364830.0
2025-05-01,08,Biobío,SANH,superficie_no_habitacional,m2,True,78194.0,425211.0
2025-06-01,08,Biobío,SANH,superficie_no_habitacional,m2,True,27284.0,391698.0
2025-07-01,08,Biobío,SANH,superficie_no_habitacional,m2,True,33273.0,405472.0
2025-08-01,08,Biobío,SANH,superficie_no_habitacional,m2,True,52156.0,443436.0
2025-09-01,08,Biobío,SANH,superficie_no_habitacional,m2,True,19890.0,451254.0
2025-10-01,08,Biobío,SANH,superficie_no_habitacional,m2,True,28375.0,413269.0
2025-11-01,08,Biobío,SANH,superficie_no_habitacional,m2,True,33214.0,423909.0
2025-12-01,08,Biobío,SANH,superficie_no_habitacional,m2,True,95648.0,494997.0
2026-01-01,08,Biobío,SANH,superficie_no_habitacional,m2,True,22845.0,477172.0
2026-02-01,08,Biobío,SANH,superficie_no_habitacional,m2,True,49103.0,502114.0
2026-03-01,08,Biobío,SANH,superficie_no_habitacional,m2,True,41072.0,519741.0
2026-04-01,08,Biobío,SANH,superficie_no_habitacional,m2,True,75934.0,556988.0
2026-05-01,08,Biobío,SANH,superficie_no_habitacional,m2,True,29139.0,507933.0
2014-01-01,09,La Araucanía,SANH,superficie_no_habitacional,m2,True,15940.0,
2014-02-01,09,La Araucanía,SANH,superficie_no_habitacional,m2,True,16156.0,
2014-03-01,09,La Araucanía,SANH,superficie_no_habitacional,m2,True,27679.0,
2014-04-01,09,La Araucanía,SANH,superficie_no_habitacional,m2,True,35527.0,
2014-05-01,09,La Araucanía,SANH,superficie_no_habitacional,m2,True,16709.0,
2014-06-01,09,La Araucanía,SANH,superficie_no_habitacional,m2,True,13300.0,
2014-07-01,09,La Araucanía,SANH,superficie_no_habitacional,m2,True,15363.0,
2014-08-01,09,La Araucanía,SANH,superficie_no_habitacional,m2,True,14420.0,
2014-09-01,09,La Araucanía,SANH,superficie_no_habitacional,m2,True,23388.0,
2014-10-01,09,La Araucanía,SANH,superficie_no_habitacional,m2,True,22982.0,
2014-11-01,09,La Araucanía,SANH,superficie_no_habitacional,m2,True,17904.0,
2014-12-01,09,La Araucanía,SANH,superficie_no_habitacional,m2,True,18690.0,238058.0
2015-01-01,09,La Araucanía,SANH,superficie_no_habitacional,m2,True,13337.0,235455.0
2015-02-01,09,La Araucanía,SANH,superficie_no_habitacional,m2,True,65014.0,284313.0
2015-03-01,09,La Araucanía,SANH,superficie_no_habitacional,m2,True,20159.0,276793.0
2015-04-01,09,La Araucanía,SANH,superficie_no_habitacional,m2,True,10835.0,252101.0
2015-05-01,09,La Araucanía,SANH,superficie_no_habitacional,m2,True,20849.0,256241.0
2015-06-01,09,La Araucanía,SANH,superficie_no_habitacional,m2,True,20692.0,263633.0
2015-07-01,09,La Araucanía,SANH,superficie_no_habitacional,m2,True,15486.0,263756.0
2015-08-01,09,La Araucanía,SANH,superficie_no_habitacional,m2,True,15607.0,264943.0
2015-09-01,09,La Araucanía,SANH,superficie_no_habitacional,m2,True,21971.0,263526.0
2015-10-01,09,La Araucanía,SANH,superficie_no_habitacional,m2,True,13905.0,254449.0
2015-11-01,09,La Araucanía,SANH,superficie_no_habitacional,m2,True,24730.0,261275.0
2015-12-01,09,La Araucanía,SANH,superficie_no_habitacional,m2,True,25992.0,268577.0
2016-01-01,09,La Araucanía,SANH,superficie_no_habitacional,m2,True,17996.0,273236.0
2016-02-01,09,La Araucanía,SANH,superficie_no_habitacional,m2,True,13939.0,222161.0
2016-03-01,09,La Araucanía,SANH,superficie_no_habitacional,m2,True,15131.0,217133.0
2016-04-01,09,La Araucanía,SANH,superficie_no_habitacional,m2,True,36580.0,242878.0
2016-05-01,09,La Araucanía,SANH,superficie_no_habitacional,m2,True,42141.0,264170.0
2016-06-01,09,La Araucanía,SANH,superficie_no_habitacional,m2,True,35314.0,278792.0
2016-07-01,09,La Araucanía,SANH,superficie_no_habitacional,m2,True,23184.0,286490.0
2016-08-01,09,La Araucanía,SANH,superficie_no_habitacional,m2,True,29097.0,299980.0
2016-09-01,09,La Araucanía,SANH,superficie_no_habitacional,m2,True,32463.0,310472.0
2016-10-01,09,La Araucanía,SANH,superficie_no_habitacional,m2,True,10633.0,307200.0
2016-11-01,09,La Araucanía,SANH,superficie_no_habitacional,m2,True,26799.0,309269.0
2016-12-01,09,La Araucanía,SANH,superficie_no_habitacional,m2,True,40811.0,324088.0
2017-01-01,09,La Araucanía,SANH,superficie_no_habitacional,m2,True,27351.0,333443.0
2017-02-01,09,La Araucanía,SANH,superficie_no_habitacional,m2,True,49860.0,369364.0
2017-03-01,09,La Araucanía,SANH,superficie_no_habitacional,m2,True,28085.0,382318.0
2017-04-01,09,La Araucanía,SANH,superficie_no_habitacional,m2,True,15128.0,360866.0
2017-05-01,09,La Araucanía,SANH,superficie_no_habitacional,m2,True,20895.0,339620.0
2017-06-01,09,La Araucanía,SANH,superficie_no_habitacional,m2,True,15799.0,320105.0
2017-07-01,09,La Araucanía,SANH,superficie_no_habitacional,m2,True,44630.0,341551.0
2017-08-01,09,La Araucanía,SANH,superficie_no_habitacional,m2,True,33888.0,346342.0
2017-09-01,09,La Araucanía,SANH,superficie_no_habitacional,m2,True,34621.0,348500.0
2017-10-01,09,La Araucanía,SANH,superficie_no_habitacional,m2,True,11614.0,349481.0
2017-11-01,09,La Araucanía,SANH,superficie_no_habitacional,m2,True,37269.0,359951.0
2017-12-01,09,La Araucanía,SANH,superficie_no_habitacional,m2,True,24886.0,344026.0
2018-01-01,09,La Araucanía,SANH,superficie_no_habitacional,m2,True,42716.0,359391.0
2018-02-01,09,La Araucanía,SANH,superficie_no_habitacional,m2,True,24158.0,333689.0
2018-03-01,09,La Araucanía,SANH,superficie_no_habitacional,m2,True,39417.0,345021.0
2018-04-01,09,La Araucanía,SANH,superficie_no_habitacional,m2,True,50953.0,380846.0
2018-05-01,09,La Araucanía,SANH,superficie_no_habitacional,m2,True,17699.0,377650.0
2018-06-01,09,La Araucanía,SANH,superficie_no_habitacional,m2,True,20071.0,381922.0
2018-07-01,09,La Araucanía,SANH,superficie_no_habitacional,m2,True,13478.0,350770.0
2018-08-01,09,La Araucanía,SANH,superficie_no_habitacional,m2,True,34040.0,350922.0
2018-09-01,09,La Araucanía,SANH,superficie_no_habitacional,m2,True,14046.0,330347.0
2018-10-01,09,La Araucanía,SANH,superficie_no_habitacional,m2,True,22897.0,341630.0
2018-11-01,09,La Araucanía,SANH,superficie_no_habitacional,m2,True,16260.0,320621.0
2018-12-01,09,La Araucanía,SANH,superficie_no_habitacional,m2,True,44481.0,340216.0
2019-01-01,09,La Araucanía,SANH,superficie_no_habitacional,m2,True,29469.0,326969.0
2019-02-01,09,La Araucanía,SANH,superficie_no_habitacional,m2,True,15665.0,318476.0
2019-03-01,09,La Araucanía,SANH,superficie_no_habitacional,m2,True,57105.0,336164.0
2019-04-01,09,La Araucanía,SANH,superficie_no_habitacional,m2,True,25536.0,310747.0
2019-05-01,09,La Araucanía,SANH,superficie_no_habitacional,m2,True,25820.0,318868.0
2019-06-01,09,La Araucanía,SANH,superficie_no_habitacional,m2,True,13902.0,312699.0
2019-07-01,09,La Araucanía,SANH,superficie_no_habitacional,m2,True,32704.0,331925.0
2019-08-01,09,La Araucanía,SANH,superficie_no_habitacional,m2,True,18348.0,316233.0
2019-09-01,09,La Araucanía,SANH,superficie_no_habitacional,m2,True,12354.0,314541.0
2019-10-01,09,La Araucanía,SANH,superficie_no_habitacional,m2,True,32949.0,324593.0
2019-11-01,09,La Araucanía,SANH,superficie_no_habitacional,m2,True,42854.0,351187.0
2019-12-01,09,La Araucanía,SANH,superficie_no_habitacional,m2,True,23712.0,330418.0
2020-01-01,09,La Araucanía,SANH,superficie_no_habitacional,m2,True,37050.0,337999.0
2020-02-01,09,La Araucanía,SANH,superficie_no_habitacional,m2,True,16281.0,338615.0
2020-03-01,09,La Araucanía,SANH,superficie_no_habitacional,m2,True,7425.0,288935.0
2020-04-01,09,La Araucanía,SANH,superficie_no_habitacional,m2,True,16277.0,279676.0
2020-05-01,09,La Araucanía,SANH,superficie_no_habitacional,m2,True,18466.0,272322.0
2020-06-01,09,La Araucanía,SANH,superficie_no_habitacional,m2,True,13615.0,272035.0
2020-07-01,09,La Araucanía,SANH,superficie_no_habitacional,m2,True,11790.0,251121.0
2020-08-01,09,La Araucanía,SANH,superficie_no_habitacional,m2,True,49614.0,282387.0
2020-09-01,09,La Araucanía,SANH,superficie_no_habitacional,m2,True,10510.0,280543.0
2020-10-01,09,La Araucanía,SANH,superficie_no_habitacional,m2,True,23507.0,271101.0
2020-11-01,09,La Araucanía,SANH,superficie_no_habitacional,m2,True,20680.0,248927.0
2020-12-01,09,La Araucanía,SANH,superficie_no_habitacional,m2,True,10245.0,235460.0
2021-01-01,09,La Araucanía,SANH,superficie_no_habitacional,m2,True,8011.0,206421.0
2021-02-01,09,La Araucanía,SANH,superficie_no_habitacional,m2,True,16110.0,206250.0
2021-03-01,09,La Araucanía,SANH,superficie_no_habitacional,m2,True,13903.0,212728.0
2021-04-01,09,La Araucanía,SANH,superficie_no_habitacional,m2,True,6697.0,203148.0
2021-05-01,09,La Araucanía,SANH,superficie_no_habitacional,m2,True,7425.0,192107.0
2021-06-01,09,La Araucanía,SANH,superficie_no_habitacional,m2,True,21756.0,200248.0
2021-07-01,09,La Araucanía,SANH,superficie_no_habitacional,m2,True,7865.0,196323.0
2021-08-01,09,La Araucanía,SANH,superficie_no_habitacional,m2,True,16137.0,162846.0
2021-09-01,09,La Araucanía,SANH,superficie_no_habitacional,m2,True,25945.0,178281.0
2021-10-01,09,La Araucanía,SANH,superficie_no_habitacional,m2,True,5400.0,160174.0
2021-11-01,09,La Araucanía,SANH,superficie_no_habitacional,m2,True,10118.0,149612.0
2021-12-01,09,La Araucanía,SANH,superficie_no_habitacional,m2,True,19081.0,158448.0
2022-01-01,09,La Araucanía,SANH,superficie_no_habitacional,m2,True,16407.0,166844.0
2022-02-01,09,La Araucanía,SANH,superficie_no_habitacional,m2,True,28589.0,179323.0
2022-03-01,09,La Araucanía,SANH,superficie_no_habitacional,m2,True,9173.0,174593.0
2022-04-01,09,La Araucanía,SANH,superficie_no_habitacional,m2,True,31728.0,199624.0
2022-05-01,09,La Araucanía,SANH,superficie_no_habitacional,m2,True,7919.0,200118.0
2022-06-01,09,La Araucanía,SANH,superficie_no_habitacional,m2,True,8492.0,186854.0
2022-07-01,09,La Araucanía,SANH,superficie_no_habitacional,m2,True,6216.0,185205.0
2022-08-01,09,La Araucanía,SANH,superficie_no_habitacional,m2,True,10628.0,179696.0
2022-09-01,09,La Araucanía,SANH,superficie_no_habitacional,m2,True,4334.0,158085.0
2022-10-01,09,La Araucanía,SANH,superficie_no_habitacional,m2,True,10709.0,163394.0
2022-11-01,09,La Araucanía,SANH,superficie_no_habitacional,m2,True,4550.0,157826.0
2022-12-01,09,La Araucanía,SANH,superficie_no_habitacional,m2,True,13609.0,152354.0
2023-01-01,09,La Araucanía,SANH,superficie_no_habitacional,m2,True,19494.0,155441.0
2023-02-01,09,La Araucanía,SANH,superficie_no_habitacional,m2,True,15465.0,142317.0
2023-03-01,09,La Araucanía,SANH,superficie_no_habitacional,m2,True,21756.0,154900.0
2023-04-01,09,La Araucanía,SANH,superficie_no_habitacional,m2,True,12144.0,135316.0
2023-05-01,09,La Araucanía,SANH,superficie_no_habitacional,m2,True,12666.0,140063.0
2023-06-01,09,La Araucanía,SANH,superficie_no_habitacional,m2,True,27035.0,158606.0
2023-07-01,09,La Araucanía,SANH,superficie_no_habitacional,m2,True,20870.0,173260.0
2023-08-01,09,La Araucanía,SANH,superficie_no_habitacional,m2,True,13346.0,175978.0
2023-09-01,09,La Araucanía,SANH,superficie_no_habitacional,m2,True,6671.0,178315.0
2023-10-01,09,La Araucanía,SANH,superficie_no_habitacional,m2,True,6646.0,174252.0
2023-11-01,09,La Araucanía,SANH,superficie_no_habitacional,m2,True,20019.0,189721.0
2023-12-01,09,La Araucanía,SANH,superficie_no_habitacional,m2,True,15635.0,191747.0
2024-01-01,09,La Araucanía,SANH,superficie_no_habitacional,m2,True,11403.0,183656.0
2024-02-01,09,La Araucanía,SANH,superficie_no_habitacional,m2,True,15250.0,183441.0
2024-03-01,09,La Araucanía,SANH,superficie_no_habitacional,m2,True,20186.0,181871.0
2024-04-01,09,La Araucanía,SANH,superficie_no_habitacional,m2,True,16689.0,186416.0
2024-05-01,09,La Araucanía,SANH,superficie_no_habitacional,m2,True,12240.0,185990.0
2024-06-01,09,La Araucanía,SANH,superficie_no_habitacional,m2,True,11209.0,170164.0
2024-07-01,09,La Araucanía,SANH,superficie_no_habitacional,m2,True,14153.0,163447.0
2024-08-01,09,La Araucanía,SANH,superficie_no_habitacional,m2,True,25482.0,175583.0
2024-09-01,09,La Araucanía,SANH,superficie_no_habitacional,m2,True,10307.0,179219.0
2024-10-01,09,La Araucanía,SANH,superficie_no_habitacional,m2,True,14178.0,186751.0
2024-11-01,09,La Araucanía,SANH,superficie_no_habitacional,m2,True,12339.0,179071.0
2024-12-01,09,La Araucanía,SANH,superficie_no_habitacional,m2,True,7202.0,170638.0
2025-01-01,09,La Araucanía,SANH,superficie_no_habitacional,m2,True,23398.0,182633.0
2025-02-01,09,La Araucanía,SANH,superficie_no_habitacional,m2,True,13494.0,180877.0
2025-03-01,09,La Araucanía,SANH,superficie_no_habitacional,m2,True,17958.0,178649.0
2025-04-01,09,La Araucanía,SANH,superficie_no_habitacional,m2,True,11369.0,173329.0
2025-05-01,09,La Araucanía,SANH,superficie_no_habitacional,m2,True,11762.0,172851.0
2025-06-01,09,La Araucanía,SANH,superficie_no_habitacional,m2,True,10456.0,172098.0
2025-07-01,09,La Araucanía,SANH,superficie_no_habitacional,m2,True,9809.0,167754.0
2025-08-01,09,La Araucanía,SANH,superficie_no_habitacional,m2,True,16485.0,158757.0
2025-09-01,09,La Araucanía,SANH,superficie_no_habitacional,m2,True,41208.0,189658.0
2025-10-01,09,La Araucanía,SANH,superficie_no_habitacional,m2,True,9885.0,185365.0
2025-11-01,09,La Araucanía,SANH,superficie_no_habitacional,m2,True,19823.0,192849.0
2025-12-01,09,La Araucanía,SANH,superficie_no_habitacional,m2,True,15334.0,200981.0
2026-01-01,09,La Araucanía,SANH,superficie_no_habitacional,m2,True,13561.0,191144.0
2026-02-01,09,La Araucanía,SANH,superficie_no_habitacional,m2,True,12361.0,190011.0
2026-03-01,09,La Araucanía,SANH,superficie_no_habitacional,m2,True,34273.0,206326.0
2026-04-01,09,La Araucanía,SANH,superficie_no_habitacional,m2,True,15250.0,210207.0
2026-05-01,09,La Araucanía,SANH,superficie_no_habitacional,m2,True,18349.0,216794.0
2014-01-01,10,Los Lagos,SANH,superficie_no_habitacional,m2,True,45279.0,
2014-02-01,10,Los Lagos,SANH,superficie_no_habitacional,m2,True,23851.0,
2014-03-01,10,Los Lagos,SANH,superficie_no_habitacional,m2,True,32561.0,
2014-04-01,10,Los Lagos,SANH,superficie_no_habitacional,m2,True,19467.0,
2014-05-01,10,Los Lagos,SANH,superficie_no_habitacional,m2,True,22590.0,
2014-06-01,10,Los Lagos,SANH,superficie_no_habitacional,m2,True,25482.0,
2014-07-01,10,Los Lagos,SANH,superficie_no_habitacional,m2,True,33821.0,
2014-08-01,10,Los Lagos,SANH,superficie_no_habitacional,m2,True,18631.0,
2014-09-01,10,Los Lagos,SANH,superficie_no_habitacional,m2,True,7606.0,
2014-10-01,10,Los Lagos,SANH,superficie_no_habitacional,m2,True,24246.0,
2014-11-01,10,Los Lagos,SANH,superficie_no_habitacional,m2,True,92518.0,
2014-12-01,10,Los Lagos,SANH,superficie_no_habitacional,m2,True,29154.0,375206.0
2015-01-01,10,Los Lagos,SANH,superficie_no_habitacional,m2,True,28217.0,358144.0
2015-02-01,10,Los Lagos,SANH,superficie_no_habitacional,m2,True,23936.0,358229.0
2015-03-01,10,Los Lagos,SANH,superficie_no_habitacional,m2,True,37415.0,363083.0
2015-04-01,10,Los Lagos,SANH,superficie_no_habitacional,m2,True,20906.0,364522.0
2015-05-01,10,Los Lagos,SANH,superficie_no_habitacional,m2,True,14789.0,356721.0
2015-06-01,10,Los Lagos,SANH,superficie_no_habitacional,m2,True,38419.0,369658.0
2015-07-01,10,Los Lagos,SANH,superficie_no_habitacional,m2,True,24982.0,360819.0
2015-08-01,10,Los Lagos,SANH,superficie_no_habitacional,m2,True,30657.0,372845.0
2015-09-01,10,Los Lagos,SANH,superficie_no_habitacional,m2,True,17842.0,383081.0
2015-10-01,10,Los Lagos,SANH,superficie_no_habitacional,m2,True,26393.0,385228.0
2015-11-01,10,Los Lagos,SANH,superficie_no_habitacional,m2,True,13574.0,306284.0
2015-12-01,10,Los Lagos,SANH,superficie_no_habitacional,m2,True,25892.0,303022.0
2016-01-01,10,Los Lagos,SANH,superficie_no_habitacional,m2,True,16852.0,291657.0
2016-02-01,10,Los Lagos,SANH,superficie_no_habitacional,m2,True,38120.0,305841.0
2016-03-01,10,Los Lagos,SANH,superficie_no_habitacional,m2,True,21668.0,290094.0
2016-04-01,10,Los Lagos,SANH,superficie_no_habitacional,m2,True,22845.0,292033.0
2016-05-01,10,Los Lagos,SANH,superficie_no_habitacional,m2,True,22129.0,299373.0
2016-06-01,10,Los Lagos,SANH,superficie_no_habitacional,m2,True,26344.0,287298.0
2016-07-01,10,Los Lagos,SANH,superficie_no_habitacional,m2,True,19573.0,281889.0
2016-08-01,10,Los Lagos,SANH,superficie_no_habitacional,m2,True,27426.0,278658.0
2016-09-01,10,Los Lagos,SANH,superficie_no_habitacional,m2,True,23875.0,284691.0
2016-10-01,10,Los Lagos,SANH,superficie_no_habitacional,m2,True,19825.0,278123.0
2016-11-01,10,Los Lagos,SANH,superficie_no_habitacional,m2,True,23021.0,287570.0
2016-12-01,10,Los Lagos,SANH,superficie_no_habitacional,m2,True,28442.0,290120.0
2017-01-01,10,Los Lagos,SANH,superficie_no_habitacional,m2,True,22294.0,295562.0
2017-02-01,10,Los Lagos,SANH,superficie_no_habitacional,m2,True,24052.0,281494.0
2017-03-01,10,Los Lagos,SANH,superficie_no_habitacional,m2,True,27513.0,287339.0
2017-04-01,10,Los Lagos,SANH,superficie_no_habitacional,m2,True,17401.0,281895.0
2017-05-01,10,Los Lagos,SANH,superficie_no_habitacional,m2,True,13284.0,273050.0
2017-06-01,10,Los Lagos,SANH,superficie_no_habitacional,m2,True,47027.0,293733.0
2017-07-01,10,Los Lagos,SANH,superficie_no_habitacional,m2,True,23203.0,297363.0
2017-08-01,10,Los Lagos,SANH,superficie_no_habitacional,m2,True,29160.0,299097.0
2017-09-01,10,Los Lagos,SANH,superficie_no_habitacional,m2,True,12203.0,287425.0
2017-10-01,10,Los Lagos,SANH,superficie_no_habitacional,m2,True,32352.0,299952.0
2017-11-01,10,Los Lagos,SANH,superficie_no_habitacional,m2,True,18144.0,295075.0
2017-12-01,10,Los Lagos,SANH,superficie_no_habitacional,m2,True,18034.0,284667.0
2018-01-01,10,Los Lagos,SANH,superficie_no_habitacional,m2,True,17500.0,279873.0
2018-02-01,10,Los Lagos,SANH,superficie_no_habitacional,m2,True,31567.0,287388.0
2018-03-01,10,Los Lagos,SANH,superficie_no_habitacional,m2,True,30388.0,290263.0
2018-04-01,10,Los Lagos,SANH,superficie_no_habitacional,m2,True,21939.0,294801.0
2018-05-01,10,Los Lagos,SANH,superficie_no_habitacional,m2,True,22721.0,304238.0
2018-06-01,10,Los Lagos,SANH,superficie_no_habitacional,m2,True,25069.0,282280.0
2018-07-01,10,Los Lagos,SANH,superficie_no_habitacional,m2,True,46852.0,305929.0
2018-08-01,10,Los Lagos,SANH,superficie_no_habitacional,m2,True,24570.0,301339.0
2018-09-01,10,Los Lagos,SANH,superficie_no_habitacional,m2,True,14343.0,303479.0
2018-10-01,10,Los Lagos,SANH,superficie_no_habitacional,m2,True,18195.0,289322.0
2018-11-01,10,Los Lagos,SANH,superficie_no_habitacional,m2,True,27151.0,298329.0
2018-12-01,10,Los Lagos,SANH,superficie_no_habitacional,m2,True,36556.0,316851.0
2019-01-01,10,Los Lagos,SANH,superficie_no_habitacional,m2,True,55349.0,354700.0
2019-02-01,10,Los Lagos,SANH,superficie_no_habitacional,m2,True,16233.0,339366.0
2019-03-01,10,Los Lagos,SANH,superficie_no_habitacional,m2,True,31132.0,340110.0
2019-04-01,10,Los Lagos,SANH,superficie_no_habitacional,m2,True,28681.0,346852.0
2019-05-01,10,Los Lagos,SANH,superficie_no_habitacional,m2,True,19433.0,343564.0
2019-06-01,10,Los Lagos,SANH,superficie_no_habitacional,m2,True,21393.0,339888.0
2019-07-01,10,Los Lagos,SANH,superficie_no_habitacional,m2,True,32997.0,326033.0
2019-08-01,10,Los Lagos,SANH,superficie_no_habitacional,m2,True,19848.0,321311.0
2019-09-01,10,Los Lagos,SANH,superficie_no_habitacional,m2,True,15889.0,322857.0
2019-10-01,10,Los Lagos,SANH,superficie_no_habitacional,m2,True,44657.0,349319.0
2019-11-01,10,Los Lagos,SANH,superficie_no_habitacional,m2,True,32804.0,354972.0
2019-12-01,10,Los Lagos,SANH,superficie_no_habitacional,m2,True,23169.0,341585.0
2020-01-01,10,Los Lagos,SANH,superficie_no_habitacional,m2,True,17819.0,304055.0
2020-02-01,10,Los Lagos,SANH,superficie_no_habitacional,m2,True,14070.0,301892.0
2020-03-01,10,Los Lagos,SANH,superficie_no_habitacional,m2,True,17565.0,288325.0
2020-04-01,10,Los Lagos,SANH,superficie_no_habitacional,m2,True,14904.0,274548.0
2020-05-01,10,Los Lagos,SANH,superficie_no_habitacional,m2,True,11431.0,266546.0
2020-06-01,10,Los Lagos,SANH,superficie_no_habitacional,m2,True,13103.0,258256.0
2020-07-01,10,Los Lagos,SANH,superficie_no_habitacional,m2,True,11508.0,236767.0
2020-08-01,10,Los Lagos,SANH,superficie_no_habitacional,m2,True,18352.0,235271.0
2020-09-01,10,Los Lagos,SANH,superficie_no_habitacional,m2,True,24596.0,243978.0
2020-10-01,10,Los Lagos,SANH,superficie_no_habitacional,m2,True,14393.0,213714.0
2020-11-01,10,Los Lagos,SANH,superficie_no_habitacional,m2,True,21904.0,202814.0
2020-12-01,10,Los Lagos,SANH,superficie_no_habitacional,m2,True,13797.0,193442.0
2021-01-01,10,Los Lagos,SANH,superficie_no_habitacional,m2,True,6358.0,181981.0
2021-02-01,10,Los Lagos,SANH,superficie_no_habitacional,m2,True,11083.0,178994.0
2021-03-01,10,Los Lagos,SANH,superficie_no_habitacional,m2,True,6151.0,167580.0
2021-04-01,10,Los Lagos,SANH,superficie_no_habitacional,m2,True,4671.0,157347.0
2021-05-01,10,Los Lagos,SANH,superficie_no_habitacional,m2,True,8907.0,154823.0
2021-06-01,10,Los Lagos,SANH,superficie_no_habitacional,m2,True,9267.0,150987.0
2021-07-01,10,Los Lagos,SANH,superficie_no_habitacional,m2,True,6037.0,145516.0
2021-08-01,10,Los Lagos,SANH,superficie_no_habitacional,m2,True,12500.0,139664.0
2021-09-01,10,Los Lagos,SANH,superficie_no_habitacional,m2,True,12444.0,127512.0
2021-10-01,10,Los Lagos,SANH,superficie_no_habitacional,m2,True,12656.0,125775.0
2021-11-01,10,Los Lagos,SANH,superficie_no_habitacional,m2,True,22117.0,125988.0
2021-12-01,10,Los Lagos,SANH,superficie_no_habitacional,m2,True,17299.0,129490.0
2022-01-01,10,Los Lagos,SANH,superficie_no_habitacional,m2,True,7675.0,130807.0
2022-02-01,10,Los Lagos,SANH,superficie_no_habitacional,m2,True,17604.0,137328.0
2022-03-01,10,Los Lagos,SANH,superficie_no_habitacional,m2,True,20247.0,151424.0
2022-04-01,10,Los Lagos,SANH,superficie_no_habitacional,m2,True,8864.0,155617.0
2022-05-01,10,Los Lagos,SANH,superficie_no_habitacional,m2,True,10169.0,156879.0
2022-06-01,10,Los Lagos,SANH,superficie_no_habitacional,m2,True,10838.0,158450.0
2022-07-01,10,Los Lagos,SANH,superficie_no_habitacional,m2,True,6046.0,158459.0
2022-08-01,10,Los Lagos,SANH,superficie_no_habitacional,m2,True,17583.0,163542.0
2022-09-01,10,Los Lagos,SANH,superficie_no_habitacional,m2,True,5032.0,156130.0
2022-10-01,10,Los Lagos,SANH,superficie_no_habitacional,m2,True,7800.0,151274.0
2022-11-01,10,Los Lagos,SANH,superficie_no_habitacional,m2,True,11688.0,140845.0
2022-12-01,10,Los Lagos,SANH,superficie_no_habitacional,m2,True,10958.0,134504.0
2023-01-01,10,Los Lagos,SANH,superficie_no_habitacional,m2,True,16321.0,143150.0
2023-02-01,10,Los Lagos,SANH,superficie_no_habitacional,m2,True,7197.0,132743.0
2023-03-01,10,Los Lagos,SANH,superficie_no_habitacional,m2,True,15335.0,127831.0
2023-04-01,10,Los Lagos,SANH,superficie_no_habitacional,m2,True,5355.0,124322.0
2023-05-01,10,Los Lagos,SANH,superficie_no_habitacional,m2,True,20892.0,135045.0
2023-06-01,10,Los Lagos,SANH,superficie_no_habitacional,m2,True,8552.0,132759.0
2023-07-01,10,Los Lagos,SANH,superficie_no_habitacional,m2,True,9817.0,136530.0
2023-08-01,10,Los Lagos,SANH,superficie_no_habitacional,m2,True,11074.0,130021.0
2023-09-01,10,Los Lagos,SANH,superficie_no_habitacional,m2,True,13960.0,138949.0
2023-10-01,10,Los Lagos,SANH,superficie_no_habitacional,m2,True,16233.0,147382.0
2023-11-01,10,Los Lagos,SANH,superficie_no_habitacional,m2,True,18148.0,153842.0
2023-12-01,10,Los Lagos,SANH,superficie_no_habitacional,m2,True,20404.0,163288.0
2024-01-01,10,Los Lagos,SANH,superficie_no_habitacional,m2,True,7873.0,154840.0
2024-02-01,10,Los Lagos,SANH,superficie_no_habitacional,m2,True,15886.0,163529.0
2024-03-01,10,Los Lagos,SANH,superficie_no_habitacional,m2,True,13839.0,162033.0
2024-04-01,10,Los Lagos,SANH,superficie_no_habitacional,m2,True,6787.0,163465.0
2024-05-01,10,Los Lagos,SANH,superficie_no_habitacional,m2,True,39208.0,181781.0
2024-06-01,10,Los Lagos,SANH,superficie_no_habitacional,m2,True,9443.0,182672.0
2024-07-01,10,Los Lagos,SANH,superficie_no_habitacional,m2,True,20224.0,193079.0
2024-08-01,10,Los Lagos,SANH,superficie_no_habitacional,m2,True,15601.0,197606.0
2024-09-01,10,Los Lagos,SANH,superficie_no_habitacional,m2,True,13323.0,196969.0
2024-10-01,10,Los Lagos,SANH,superficie_no_habitacional,m2,True,23092.0,203828.0
2024-11-01,10,Los Lagos,SANH,superficie_no_habitacional,m2,True,18482.0,204162.0
2024-12-01,10,Los Lagos,SANH,superficie_no_habitacional,m2,True,26498.0,210256.0
2025-01-01,10,Los Lagos,SANH,superficie_no_habitacional,m2,True,25165.0,227548.0
2025-02-01,10,Los Lagos,SANH,superficie_no_habitacional,m2,True,31371.0,243033.0
2025-03-01,10,Los Lagos,SANH,superficie_no_habitacional,m2,True,14010.0,243204.0
2025-04-01,10,Los Lagos,SANH,superficie_no_habitacional,m2,True,14691.0,251108.0
2025-05-01,10,Los Lagos,SANH,superficie_no_habitacional,m2,True,24740.0,236640.0
2025-06-01,10,Los Lagos,SANH,superficie_no_habitacional,m2,True,15520.0,242717.0
2025-07-01,10,Los Lagos,SANH,superficie_no_habitacional,m2,True,13497.0,235990.0
2025-08-01,10,Los Lagos,SANH,superficie_no_habitacional,m2,True,15094.0,235483.0
2025-09-01,10,Los Lagos,SANH,superficie_no_habitacional,m2,True,24506.0,246666.0
2025-10-01,10,Los Lagos,SANH,superficie_no_habitacional,m2,True,34862.0,258436.0
2025-11-01,10,Los Lagos,SANH,superficie_no_habitacional,m2,True,18247.0,258201.0
2025-12-01,10,Los Lagos,SANH,superficie_no_habitacional,m2,True,30608.0,262311.0
2026-01-01,10,Los Lagos,SANH,superficie_no_habitacional,m2,True,6123.0,243269.0
2026-02-01,10,Los Lagos,SANH,superficie_no_habitacional,m2,True,30259.0,242157.0
2026-03-01,10,Los Lagos,SANH,superficie_no_habitacional,m2,True,23047.0,251194.0
2026-04-01,10,Los Lagos,SANH,superficie_no_habitacional,m2,True,11100.0,247603.0
2026-05-01,10,Los Lagos,SANH,superficie_no_habitacional,m2,True,18883.0,241746.0
2014-01-01,11,Aysén,SANH,superficie_no_habitacional,m2,True,3843.0,
2014-02-01,11,Aysén,SANH,superficie_no_habitacional,m2,True,3401.0,
2014-03-01,11,Aysén,SANH,superficie_no_habitacional,m2,True,1796.0,
2014-04-01,11,Aysén,SANH,superficie_no_habitacional,m2,True,9309.0,
2014-05-01,11,Aysén,SANH,superficie_no_habitacional,m2,True,1279.0,
2014-06-01,11,Aysén,SANH,superficie_no_habitacional,m2,True,3306.0,
2014-07-01,11,Aysén,SANH,superficie_no_habitacional,m2,True,2391.0,
2014-08-01,11,Aysén,SANH,superficie_no_habitacional,m2,True,3566.0,
2014-09-01,11,Aysén,SANH,superficie_no_habitacional,m2,True,2602.0,
2014-10-01,11,Aysén,SANH,superficie_no_habitacional,m2,True,1715.0,
2014-11-01,11,Aysén,SANH,superficie_no_habitacional,m2,True,1719.0,
2014-12-01,11,Aysén,SANH,superficie_no_habitacional,m2,True,2476.0,37403.0
2015-01-01,11,Aysén,SANH,superficie_no_habitacional,m2,True,2320.0,35880.0
2015-02-01,11,Aysén,SANH,superficie_no_habitacional,m2,True,4024.0,36503.0
2015-03-01,11,Aysén,SANH,superficie_no_habitacional,m2,True,4343.0,39050.0
2015-04-01,11,Aysén,SANH,superficie_no_habitacional,m2,True,2237.0,31978.0
2015-05-01,11,Aysén,SANH,superficie_no_habitacional,m2,True,3069.0,33768.0
2015-06-01,11,Aysén,SANH,superficie_no_habitacional,m2,True,1724.0,32186.0
2015-07-01,11,Aysén,SANH,superficie_no_habitacional,m2,True,3796.0,33591.0
2015-08-01,11,Aysén,SANH,superficie_no_habitacional,m2,True,5382.0,35407.0
2015-09-01,11,Aysén,SANH,superficie_no_habitacional,m2,True,3182.0,35987.0
2015-10-01,11,Aysén,SANH,superficie_no_habitacional,m2,True,2764.0,37036.0
2015-11-01,11,Aysén,SANH,superficie_no_habitacional,m2,True,7101.0,42418.0
2015-12-01,11,Aysén,SANH,superficie_no_habitacional,m2,True,4658.0,44600.0
2016-01-01,11,Aysén,SANH,superficie_no_habitacional,m2,True,1130.0,43410.0
2016-02-01,11,Aysén,SANH,superficie_no_habitacional,m2,True,5060.0,44446.0
2016-03-01,11,Aysén,SANH,superficie_no_habitacional,m2,True,865.0,40968.0
2016-04-01,11,Aysén,SANH,superficie_no_habitacional,m2,True,1923.0,40654.0
2016-05-01,11,Aysén,SANH,superficie_no_habitacional,m2,True,2100.0,39685.0
2016-06-01,11,Aysén,SANH,superficie_no_habitacional,m2,True,2249.0,40210.0
2016-07-01,11,Aysén,SANH,superficie_no_habitacional,m2,True,1684.0,38098.0
2016-08-01,11,Aysén,SANH,superficie_no_habitacional,m2,True,2622.0,35338.0
2016-09-01,11,Aysén,SANH,superficie_no_habitacional,m2,True,7307.0,39463.0
2016-10-01,11,Aysén,SANH,superficie_no_habitacional,m2,True,3416.0,40115.0
2016-11-01,11,Aysén,SANH,superficie_no_habitacional,m2,True,5576.0,38590.0
2016-12-01,11,Aysén,SANH,superficie_no_habitacional,m2,True,2399.0,36331.0
2017-01-01,11,Aysén,SANH,superficie_no_habitacional,m2,True,3196.0,38397.0
2017-02-01,11,Aysén,SANH,superficie_no_habitacional,m2,True,625.0,33962.0
2017-03-01,11,Aysén,SANH,superficie_no_habitacional,m2,True,10329.0,43426.0
2017-04-01,11,Aysén,SANH,superficie_no_habitacional,m2,True,2228.0,43731.0
2017-05-01,11,Aysén,SANH,superficie_no_habitacional,m2,True,2541.0,44172.0
2017-06-01,11,Aysén,SANH,superficie_no_habitacional,m2,True,3067.0,44990.0
2017-07-01,11,Aysén,SANH,superficie_no_habitacional,m2,True,3087.0,46393.0
2017-08-01,11,Aysén,SANH,superficie_no_habitacional,m2,True,2044.0,45815.0
2017-09-01,11,Aysén,SANH,superficie_no_habitacional,m2,True,417.0,38925.0
2017-10-01,11,Aysén,SANH,superficie_no_habitacional,m2,True,2141.0,37650.0
2017-11-01,11,Aysén,SANH,superficie_no_habitacional,m2,True,1673.0,33747.0
2017-12-01,11,Aysén,SANH,superficie_no_habitacional,m2,True,3227.0,34575.0
2018-01-01,11,Aysén,SANH,superficie_no_habitacional,m2,True,5806.0,37185.0
2018-02-01,11,Aysén,SANH,superficie_no_habitacional,m2,True,557.0,37117.0
2018-03-01,11,Aysén,SANH,superficie_no_habitacional,m2,True,2603.0,29391.0
2018-04-01,11,Aysén,SANH,superficie_no_habitacional,m2,True,1734.0,28897.0
2018-05-01,11,Aysén,SANH,superficie_no_habitacional,m2,True,2549.0,28905.0
2018-06-01,11,Aysén,SANH,superficie_no_habitacional,m2,True,894.0,26732.0
2018-07-01,11,Aysén,SANH,superficie_no_habitacional,m2,True,3620.0,27265.0
2018-08-01,11,Aysén,SANH,superficie_no_habitacional,m2,True,5640.0,30861.0
2018-09-01,11,Aysén,SANH,superficie_no_habitacional,m2,True,3841.0,34285.0
2018-10-01,11,Aysén,SANH,superficie_no_habitacional,m2,True,2529.0,34673.0
2018-11-01,11,Aysén,SANH,superficie_no_habitacional,m2,True,2578.0,35578.0
2018-12-01,11,Aysén,SANH,superficie_no_habitacional,m2,True,2117.0,34468.0
2019-01-01,11,Aysén,SANH,superficie_no_habitacional,m2,True,2484.0,31146.0
2019-02-01,11,Aysén,SANH,superficie_no_habitacional,m2,True,714.0,31303.0
2019-03-01,11,Aysén,SANH,superficie_no_habitacional,m2,True,1242.0,29942.0
2019-04-01,11,Aysén,SANH,superficie_no_habitacional,m2,True,2504.0,30712.0
2019-05-01,11,Aysén,SANH,superficie_no_habitacional,m2,True,8833.0,36996.0
2019-06-01,11,Aysén,SANH,superficie_no_habitacional,m2,True,1242.0,37344.0
2019-07-01,11,Aysén,SANH,superficie_no_habitacional,m2,True,2225.0,35949.0
2019-08-01,11,Aysén,SANH,superficie_no_habitacional,m2,True,1726.0,32035.0
2019-09-01,11,Aysén,SANH,superficie_no_habitacional,m2,True,1516.0,29710.0
2019-10-01,11,Aysén,SANH,superficie_no_habitacional,m2,True,2622.0,29803.0
2019-11-01,11,Aysén,SANH,superficie_no_habitacional,m2,True,692.0,27917.0
2019-12-01,11,Aysén,SANH,superficie_no_habitacional,m2,True,2580.0,28380.0
2020-01-01,11,Aysén,SANH,superficie_no_habitacional,m2,True,1831.0,27727.0
2020-02-01,11,Aysén,SANH,superficie_no_habitacional,m2,True,2000.0,29013.0
2020-03-01,11,Aysén,SANH,superficie_no_habitacional,m2,True,3204.0,30975.0
2020-04-01,11,Aysén,SANH,superficie_no_habitacional,m2,True,3578.0,32049.0
2020-05-01,11,Aysén,SANH,superficie_no_habitacional,m2,True,1262.0,24478.0
2020-06-01,11,Aysén,SANH,superficie_no_habitacional,m2,True,1995.0,25231.0
2020-07-01,11,Aysén,SANH,superficie_no_habitacional,m2,True,1226.0,24232.0
2020-08-01,11,Aysén,SANH,superficie_no_habitacional,m2,True,566.0,23072.0
2020-09-01,11,Aysén,SANH,superficie_no_habitacional,m2,True,65.0,21621.0
2020-10-01,11,Aysén,SANH,superficie_no_habitacional,m2,True,459.0,19458.0
2020-11-01,11,Aysén,SANH,superficie_no_habitacional,m2,True,1507.0,20273.0
2020-12-01,11,Aysén,SANH,superficie_no_habitacional,m2,True,1747.0,19440.0
2021-01-01,11,Aysén,SANH,superficie_no_habitacional,m2,True,1821.0,19430.0
2021-02-01,11,Aysén,SANH,superficie_no_habitacional,m2,True,658.0,18088.0
2021-03-01,11,Aysén,SANH,superficie_no_habitacional,m2,True,2691.0,17575.0
2021-04-01,11,Aysén,SANH,superficie_no_habitacional,m2,True,3836.0,17833.0
2021-05-01,11,Aysén,SANH,superficie_no_habitacional,m2,True,2721.0,19292.0
2021-06-01,11,Aysén,SANH,superficie_no_habitacional,m2,True,830.0,18127.0
2021-07-01,11,Aysén,SANH,superficie_no_habitacional,m2,True,1823.0,18724.0
2021-08-01,11,Aysén,SANH,superficie_no_habitacional,m2,True,726.0,18884.0
2021-09-01,11,Aysén,SANH,superficie_no_habitacional,m2,True,2008.0,20827.0
2021-10-01,11,Aysén,SANH,superficie_no_habitacional,m2,True,8880.0,29248.0
2021-11-01,11,Aysén,SANH,superficie_no_habitacional,m2,True,4581.0,32322.0
2021-12-01,11,Aysén,SANH,superficie_no_habitacional,m2,True,1326.0,31901.0
2022-01-01,11,Aysén,SANH,superficie_no_habitacional,m2,True,2498.0,32578.0
2022-02-01,11,Aysén,SANH,superficie_no_habitacional,m2,True,3589.0,35509.0
2022-03-01,11,Aysén,SANH,superficie_no_habitacional,m2,True,2659.0,35477.0
2022-04-01,11,Aysén,SANH,superficie_no_habitacional,m2,True,2706.0,34347.0
2022-05-01,11,Aysén,SANH,superficie_no_habitacional,m2,True,4207.0,35833.0
2022-06-01,11,Aysén,SANH,superficie_no_habitacional,m2,True,3688.0,38691.0
2022-07-01,11,Aysén,SANH,superficie_no_habitacional,m2,True,1741.0,38609.0
2022-08-01,11,Aysén,SANH,superficie_no_habitacional,m2,True,555.0,38438.0
2022-09-01,11,Aysén,SANH,superficie_no_habitacional,m2,True,1425.0,37855.0
2022-10-01,11,Aysén,SANH,superficie_no_habitacional,m2,True,11445.0,40420.0
2022-11-01,11,Aysén,SANH,superficie_no_habitacional,m2,True,2884.0,38723.0
2022-12-01,11,Aysén,SANH,superficie_no_habitacional,m2,True,1942.0,39339.0
2023-01-01,11,Aysén,SANH,superficie_no_habitacional,m2,True,5842.0,42683.0
2023-02-01,11,Aysén,SANH,superficie_no_habitacional,m2,True,1134.0,40228.0
2023-03-01,11,Aysén,SANH,superficie_no_habitacional,m2,True,1936.0,39505.0
2023-04-01,11,Aysén,SANH,superficie_no_habitacional,m2,True,3070.0,39869.0
2023-05-01,11,Aysén,SANH,superficie_no_habitacional,m2,True,2419.0,38081.0
2023-06-01,11,Aysén,SANH,superficie_no_habitacional,m2,True,5244.0,39637.0
2023-07-01,11,Aysén,SANH,superficie_no_habitacional,m2,True,6085.0,43981.0
2023-08-01,11,Aysén,SANH,superficie_no_habitacional,m2,True,28136.0,71562.0
2023-09-01,11,Aysén,SANH,superficie_no_habitacional,m2,True,635.0,70772.0
2023-10-01,11,Aysén,SANH,superficie_no_habitacional,m2,True,2544.0,61871.0
2023-11-01,11,Aysén,SANH,superficie_no_habitacional,m2,True,1320.0,60307.0
2023-12-01,11,Aysén,SANH,superficie_no_habitacional,m2,True,2244.0,60609.0
2024-01-01,11,Aysén,SANH,superficie_no_habitacional,m2,True,1263.0,56030.0
2024-02-01,11,Aysén,SANH,superficie_no_habitacional,m2,True,4103.0,58999.0
2024-03-01,11,Aysén,SANH,superficie_no_habitacional,m2,True,3065.0,60128.0
2024-04-01,11,Aysén,SANH,superficie_no_habitacional,m2,True,538.0,57596.0
2024-05-01,11,Aysén,SANH,superficie_no_habitacional,m2,True,2542.0,57719.0
2024-06-01,11,Aysén,SANH,superficie_no_habitacional,m2,True,1574.0,54049.0
2024-07-01,11,Aysén,SANH,superficie_no_habitacional,m2,True,3445.0,51409.0
2024-08-01,11,Aysén,SANH,superficie_no_habitacional,m2,True,900.0,24173.0
2024-09-01,11,Aysén,SANH,superficie_no_habitacional,m2,True,470.0,24008.0
2024-10-01,11,Aysén,SANH,superficie_no_habitacional,m2,True,821.0,22285.0
2024-11-01,11,Aysén,SANH,superficie_no_habitacional,m2,True,2568.0,23533.0
2024-12-01,11,Aysén,SANH,superficie_no_habitacional,m2,True,1756.0,23045.0
2025-01-01,11,Aysén,SANH,superficie_no_habitacional,m2,True,849.0,22631.0
2025-02-01,11,Aysén,SANH,superficie_no_habitacional,m2,True,681.0,19209.0
2025-03-01,11,Aysén,SANH,superficie_no_habitacional,m2,True,2318.0,18462.0
2025-04-01,11,Aysén,SANH,superficie_no_habitacional,m2,True,1631.0,19555.0
2025-05-01,11,Aysén,SANH,superficie_no_habitacional,m2,True,1477.0,18490.0
2025-06-01,11,Aysén,SANH,superficie_no_habitacional,m2,True,1377.0,18293.0
2025-07-01,11,Aysén,SANH,superficie_no_habitacional,m2,True,7043.0,21891.0
2025-08-01,11,Aysén,SANH,superficie_no_habitacional,m2,True,5646.0,26637.0
2025-09-01,11,Aysén,SANH,superficie_no_habitacional,m2,True,2809.0,28976.0
2025-10-01,11,Aysén,SANH,superficie_no_habitacional,m2,True,1239.0,29394.0
2025-11-01,11,Aysén,SANH,superficie_no_habitacional,m2,True,3247.0,30073.0
2025-12-01,11,Aysén,SANH,superficie_no_habitacional,m2,True,391.0,28708.0
2026-01-01,11,Aysén,SANH,superficie_no_habitacional,m2,True,2926.0,30785.0
2026-02-01,11,Aysén,SANH,superficie_no_habitacional,m2,True,301.0,30405.0
2026-03-01,11,Aysén,SANH,superficie_no_habitacional,m2,True,2133.0,30220.0
2026-04-01,11,Aysén,SANH,superficie_no_habitacional,m2,True,7858.0,36447.0
2026-05-01,11,Aysén,SANH,superficie_no_habitacional,m2,True,1582.0,36552.0
2014-01-01,12,Magallanes,SANH,superficie_no_habitacional,m2,True,6205.0,
2014-02-01,12,Magallanes,SANH,superficie_no_habitacional,m2,True,12469.0,
2014-03-01,12,Magallanes,SANH,superficie_no_habitacional,m2,True,10546.0,
2014-04-01,12,Magallanes,SANH,superficie_no_habitacional,m2,True,12010.0,
2014-05-01,12,Magallanes,SANH,superficie_no_habitacional,m2,True,2615.0,
2014-06-01,12,Magallanes,SANH,superficie_no_habitacional,m2,True,2644.0,
2014-07-01,12,Magallanes,SANH,superficie_no_habitacional,m2,True,3302.0,
2014-08-01,12,Magallanes,SANH,superficie_no_habitacional,m2,True,6583.0,
2014-09-01,12,Magallanes,SANH,superficie_no_habitacional,m2,True,8215.0,
2014-10-01,12,Magallanes,SANH,superficie_no_habitacional,m2,True,3872.0,
2014-11-01,12,Magallanes,SANH,superficie_no_habitacional,m2,True,9929.0,
2014-12-01,12,Magallanes,SANH,superficie_no_habitacional,m2,True,3111.0,81501.0
2015-01-01,12,Magallanes,SANH,superficie_no_habitacional,m2,True,2802.0,78098.0
2015-02-01,12,Magallanes,SANH,superficie_no_habitacional,m2,True,4613.0,70242.0
2015-03-01,12,Magallanes,SANH,superficie_no_habitacional,m2,True,4437.0,64133.0
2015-04-01,12,Magallanes,SANH,superficie_no_habitacional,m2,True,3303.0,55426.0
2015-05-01,12,Magallanes,SANH,superficie_no_habitacional,m2,True,3550.0,56361.0
2015-06-01,12,Magallanes,SANH,superficie_no_habitacional,m2,True,3418.0,57135.0
2015-07-01,12,Magallanes,SANH,superficie_no_habitacional,m2,True,1761.0,55594.0
2015-08-01,12,Magallanes,SANH,superficie_no_habitacional,m2,True,6375.0,55386.0
2015-09-01,12,Magallanes,SANH,superficie_no_habitacional,m2,True,5762.0,52933.0
2015-10-01,12,Magallanes,SANH,superficie_no_habitacional,m2,True,6166.0,55227.0
2015-11-01,12,Magallanes,SANH,superficie_no_habitacional,m2,True,8856.0,54154.0
2015-12-01,12,Magallanes,SANH,superficie_no_habitacional,m2,True,20065.0,71108.0
2016-01-01,12,Magallanes,SANH,superficie_no_habitacional,m2,True,4176.0,72482.0
2016-02-01,12,Magallanes,SANH,superficie_no_habitacional,m2,True,3188.0,71057.0
2016-03-01,12,Magallanes,SANH,superficie_no_habitacional,m2,True,5168.0,71788.0
2016-04-01,12,Magallanes,SANH,superficie_no_habitacional,m2,True,5468.0,73953.0
2016-05-01,12,Magallanes,SANH,superficie_no_habitacional,m2,True,4568.0,74971.0
2016-06-01,12,Magallanes,SANH,superficie_no_habitacional,m2,True,1957.0,73510.0
2016-07-01,12,Magallanes,SANH,superficie_no_habitacional,m2,True,4431.0,76180.0
2016-08-01,12,Magallanes,SANH,superficie_no_habitacional,m2,True,2901.0,72706.0
2016-09-01,12,Magallanes,SANH,superficie_no_habitacional,m2,True,4104.0,71048.0
2016-10-01,12,Magallanes,SANH,superficie_no_habitacional,m2,True,5424.0,70306.0
2016-11-01,12,Magallanes,SANH,superficie_no_habitacional,m2,True,1087.0,62537.0
2016-12-01,12,Magallanes,SANH,superficie_no_habitacional,m2,True,3938.0,46410.0
2017-01-01,12,Magallanes,SANH,superficie_no_habitacional,m2,True,4590.0,46824.0
2017-02-01,12,Magallanes,SANH,superficie_no_habitacional,m2,True,3049.0,46685.0
2017-03-01,12,Magallanes,SANH,superficie_no_habitacional,m2,True,2075.0,43592.0
2017-04-01,12,Magallanes,SANH,superficie_no_habitacional,m2,True,1725.0,39849.0
2017-05-01,12,Magallanes,SANH,superficie_no_habitacional,m2,True,12631.0,47912.0
2017-06-01,12,Magallanes,SANH,superficie_no_habitacional,m2,True,8303.0,54258.0
2017-07-01,12,Magallanes,SANH,superficie_no_habitacional,m2,True,6442.0,56269.0
2017-08-01,12,Magallanes,SANH,superficie_no_habitacional,m2,True,3518.0,56886.0
2017-09-01,12,Magallanes,SANH,superficie_no_habitacional,m2,True,10450.0,63232.0
2017-10-01,12,Magallanes,SANH,superficie_no_habitacional,m2,True,19071.0,76879.0
2017-11-01,12,Magallanes,SANH,superficie_no_habitacional,m2,True,3910.0,79702.0
2017-12-01,12,Magallanes,SANH,superficie_no_habitacional,m2,True,24269.0,100033.0
2018-01-01,12,Magallanes,SANH,superficie_no_habitacional,m2,True,5268.0,100711.0
2018-02-01,12,Magallanes,SANH,superficie_no_habitacional,m2,True,7180.0,104842.0
2018-03-01,12,Magallanes,SANH,superficie_no_habitacional,m2,True,4950.0,107717.0
2018-04-01,12,Magallanes,SANH,superficie_no_habitacional,m2,True,4561.0,110553.0
2018-05-01,12,Magallanes,SANH,superficie_no_habitacional,m2,True,12275.0,110197.0
2018-06-01,12,Magallanes,SANH,superficie_no_habitacional,m2,True,7399.0,109293.0
2018-07-01,12,Magallanes,SANH,superficie_no_habitacional,m2,True,1709.0,104560.0
2018-08-01,12,Magallanes,SANH,superficie_no_habitacional,m2,True,24507.0,125549.0
2018-09-01,12,Magallanes,SANH,superficie_no_habitacional,m2,True,7802.0,122901.0
2018-10-01,12,Magallanes,SANH,superficie_no_habitacional,m2,True,4928.0,108758.0
2018-11-01,12,Magallanes,SANH,superficie_no_habitacional,m2,True,1691.0,106539.0
2018-12-01,12,Magallanes,SANH,superficie_no_habitacional,m2,True,6992.0,89262.0
2019-01-01,12,Magallanes,SANH,superficie_no_habitacional,m2,True,7306.0,91300.0
2019-02-01,12,Magallanes,SANH,superficie_no_habitacional,m2,True,14164.0,98284.0
2019-03-01,12,Magallanes,SANH,superficie_no_habitacional,m2,True,5265.0,98599.0
2019-04-01,12,Magallanes,SANH,superficie_no_habitacional,m2,True,1903.0,95941.0
2019-05-01,12,Magallanes,SANH,superficie_no_habitacional,m2,True,2943.0,86609.0
2019-06-01,12,Magallanes,SANH,superficie_no_habitacional,m2,True,3727.0,82937.0
2019-07-01,12,Magallanes,SANH,superficie_no_habitacional,m2,True,1699.0,82927.0
2019-08-01,12,Magallanes,SANH,superficie_no_habitacional,m2,True,7627.0,66047.0
2019-09-01,12,Magallanes,SANH,superficie_no_habitacional,m2,True,1263.0,59508.0
2019-10-01,12,Magallanes,SANH,superficie_no_habitacional,m2,True,15430.0,70010.0
2019-11-01,12,Magallanes,SANH,superficie_no_habitacional,m2,True,7739.0,76058.0
2019-12-01,12,Magallanes,SANH,superficie_no_habitacional,m2,True,39400.0,108466.0
2020-01-01,12,Magallanes,SANH,superficie_no_habitacional,m2,True,2637.0,103797.0
2020-02-01,12,Magallanes,SANH,superficie_no_habitacional,m2,True,1664.0,91297.0
2020-03-01,12,Magallanes,SANH,superficie_no_habitacional,m2,True,2726.0,88758.0
2020-04-01,12,Magallanes,SANH,superficie_no_habitacional,m2,True,741.0,87596.0
2020-05-01,12,Magallanes,SANH,superficie_no_habitacional,m2,True,1464.0,86117.0
2020-06-01,12,Magallanes,SANH,superficie_no_habitacional,m2,True,1050.0,83440.0
2020-07-01,12,Magallanes,SANH,superficie_no_habitacional,m2,True,1475.0,83216.0
2020-08-01,12,Magallanes,SANH,superficie_no_habitacional,m2,True,1030.0,76619.0
2020-09-01,12,Magallanes,SANH,superficie_no_habitacional,m2,True,2801.0,78157.0
2020-10-01,12,Magallanes,SANH,superficie_no_habitacional,m2,True,3642.0,66369.0
2020-11-01,12,Magallanes,SANH,superficie_no_habitacional,m2,True,3301.0,61931.0
2020-12-01,12,Magallanes,SANH,superficie_no_habitacional,m2,True,2409.0,24940.0
2021-01-01,12,Magallanes,SANH,superficie_no_habitacional,m2,True,4240.0,26543.0
2021-02-01,12,Magallanes,SANH,superficie_no_habitacional,m2,True,1982.0,26861.0
2021-03-01,12,Magallanes,SANH,superficie_no_habitacional,m2,True,1724.0,25859.0
2021-04-01,12,Magallanes,SANH,superficie_no_habitacional,m2,True,1874.0,26992.0
2021-05-01,12,Magallanes,SANH,superficie_no_habitacional,m2,True,773.0,26301.0
2021-06-01,12,Magallanes,SANH,superficie_no_habitacional,m2,True,5878.0,31129.0
2021-07-01,12,Magallanes,SANH,superficie_no_habitacional,m2,True,2335.0,31989.0
2021-08-01,12,Magallanes,SANH,superficie_no_habitacional,m2,True,12449.0,43408.0
2021-09-01,12,Magallanes,SANH,superficie_no_habitacional,m2,True,537.0,41144.0
2021-10-01,12,Magallanes,SANH,superficie_no_habitacional,m2,True,3847.0,41349.0
2021-11-01,12,Magallanes,SANH,superficie_no_habitacional,m2,True,1688.0,39736.0
2021-12-01,12,Magallanes,SANH,superficie_no_habitacional,m2,True,244.0,37571.0
2022-01-01,12,Magallanes,SANH,superficie_no_habitacional,m2,True,229.0,33560.0
2022-02-01,12,Magallanes,SANH,superficie_no_habitacional,m2,True,3912.0,35490.0
2022-03-01,12,Magallanes,SANH,superficie_no_habitacional,m2,True,794.0,34560.0
2022-04-01,12,Magallanes,SANH,superficie_no_habitacional,m2,True,3320.0,36006.0
2022-05-01,12,Magallanes,SANH,superficie_no_habitacional,m2,True,4701.0,39934.0
2022-06-01,12,Magallanes,SANH,superficie_no_habitacional,m2,True,9759.0,43815.0
2022-07-01,12,Magallanes,SANH,superficie_no_habitacional,m2,True,1420.0,42900.0
2022-08-01,12,Magallanes,SANH,superficie_no_habitacional,m2,True,3872.0,34323.0
2022-09-01,12,Magallanes,SANH,superficie_no_habitacional,m2,True,52.0,33838.0
2022-10-01,12,Magallanes,SANH,superficie_no_habitacional,m2,True,4791.0,34782.0
2022-11-01,12,Magallanes,SANH,superficie_no_habitacional,m2,True,4624.0,37718.0
2022-12-01,12,Magallanes,SANH,superficie_no_habitacional,m2,True,4558.0,42032.0
2023-01-01,12,Magallanes,SANH,superficie_no_habitacional,m2,True,800.0,42603.0
2023-02-01,12,Magallanes,SANH,superficie_no_habitacional,m2,True,304.0,38995.0
2023-03-01,12,Magallanes,SANH,superficie_no_habitacional,m2,True,3425.0,41626.0
2023-04-01,12,Magallanes,SANH,superficie_no_habitacional,m2,True,1091.0,39397.0
2023-05-01,12,Magallanes,SANH,superficie_no_habitacional,m2,True,1997.0,36693.0
2023-06-01,12,Magallanes,SANH,superficie_no_habitacional,m2,True,319.0,27253.0
2023-07-01,12,Magallanes,SANH,superficie_no_habitacional,m2,True,7540.0,33373.0
2023-08-01,12,Magallanes,SANH,superficie_no_habitacional,m2,True,739.0,30240.0
2023-09-01,12,Magallanes,SANH,superficie_no_habitacional,m2,True,589.0,30777.0
2023-10-01,12,Magallanes,SANH,superficie_no_habitacional,m2,True,541.0,26527.0
2023-11-01,12,Magallanes,SANH,superficie_no_habitacional,m2,True,7005.0,28908.0
2023-12-01,12,Magallanes,SANH,superficie_no_habitacional,m2,True,1474.0,25824.0
2024-01-01,12,Magallanes,SANH,superficie_no_habitacional,m2,True,974.0,25998.0
2024-02-01,12,Magallanes,SANH,superficie_no_habitacional,m2,True,2990.0,28684.0
2024-03-01,12,Magallanes,SANH,superficie_no_habitacional,m2,True,3329.0,28588.0
2024-04-01,12,Magallanes,SANH,superficie_no_habitacional,m2,True,2893.0,30390.0
2024-05-01,12,Magallanes,SANH,superficie_no_habitacional,m2,True,15714.0,44107.0
2024-06-01,12,Magallanes,SANH,superficie_no_habitacional,m2,True,1053.0,44841.0
2024-07-01,12,Magallanes,SANH,superficie_no_habitacional,m2,True,1441.0,38742.0
2024-08-01,12,Magallanes,SANH,superficie_no_habitacional,m2,True,3407.0,41410.0
2024-09-01,12,Magallanes,SANH,superficie_no_habitacional,m2,True,347.0,41168.0
2024-10-01,12,Magallanes,SANH,superficie_no_habitacional,m2,True,1583.0,42210.0
2024-11-01,12,Magallanes,SANH,superficie_no_habitacional,m2,True,1983.0,37188.0
2024-12-01,12,Magallanes,SANH,superficie_no_habitacional,m2,True,5519.0,41233.0
2025-01-01,12,Magallanes,SANH,superficie_no_habitacional,m2,True,533.0,40792.0
2025-02-01,12,Magallanes,SANH,superficie_no_habitacional,m2,True,360.0,38162.0
2025-03-01,12,Magallanes,SANH,superficie_no_habitacional,m2,True,824.0,35657.0
2025-04-01,12,Magallanes,SANH,superficie_no_habitacional,m2,True,5890.0,38654.0
2025-05-01,12,Magallanes,SANH,superficie_no_habitacional,m2,True,3318.0,26258.0
2025-06-01,12,Magallanes,SANH,superficie_no_habitacional,m2,True,1564.0,26769.0
2025-07-01,12,Magallanes,SANH,superficie_no_habitacional,m2,True,679.0,26007.0
2025-08-01,12,Magallanes,SANH,superficie_no_habitacional,m2,True,4373.0,26973.0
2025-09-01,12,Magallanes,SANH,superficie_no_habitacional,m2,True,472.0,27098.0
2025-10-01,12,Magallanes,SANH,superficie_no_habitacional,m2,True,3855.0,29370.0
2025-11-01,12,Magallanes,SANH,superficie_no_habitacional,m2,True,723.0,28110.0
2025-12-01,12,Magallanes,SANH,superficie_no_habitacional,m2,True,1261.0,23852.0
2026-01-01,12,Magallanes,SANH,superficie_no_habitacional,m2,True,1346.0,24665.0
2026-02-01,12,Magallanes,SANH,superficie_no_habitacional,m2,True,47.0,24352.0
2026-03-01,12,Magallanes,SANH,superficie_no_habitacional,m2,True,1348.0,24876.0
2026-04-01,12,Magallanes,SANH,superficie_no_habitacional,m2,True,371.0,19357.0
2026-05-01,12,Magallanes,SANH,superficie_no_habitacional,m2,True,396.0,16435.0
2014-01-01,13,Metropolitana de Santiago,SANH,superficie_no_habitacional,m2,True,252213.0,
2014-02-01,13,Metropolitana de Santiago,SANH,superficie_no_habitacional,m2,True,243640.0,
2014-03-01,13,Metropolitana de Santiago,SANH,superficie_no_habitacional,m2,True,285196.0,
2014-04-01,13,Metropolitana de Santiago,SANH,superficie_no_habitacional,m2,True,270522.0,
2014-05-01,13,Metropolitana de Santiago,SANH,superficie_no_habitacional,m2,True,192206.0,
2014-06-01,13,Metropolitana de Santiago,SANH,superficie_no_habitacional,m2,True,298830.0,
2014-07-01,13,Metropolitana de Santiago,SANH,superficie_no_habitacional,m2,True,307300.0,
2014-08-01,13,Metropolitana de Santiago,SANH,superficie_no_habitacional,m2,True,256582.0,
2014-09-01,13,Metropolitana de Santiago,SANH,superficie_no_habitacional,m2,True,580807.0,
2014-10-01,13,Metropolitana de Santiago,SANH,superficie_no_habitacional,m2,True,200717.0,
2014-11-01,13,Metropolitana de Santiago,SANH,superficie_no_habitacional,m2,True,250180.0,
2014-12-01,13,Metropolitana de Santiago,SANH,superficie_no_habitacional,m2,True,460365.0,3598558.0
2015-01-01,13,Metropolitana de Santiago,SANH,superficie_no_habitacional,m2,True,201169.0,3547514.0
2015-02-01,13,Metropolitana de Santiago,SANH,superficie_no_habitacional,m2,True,335674.0,3639548.0
2015-03-01,13,Metropolitana de Santiago,SANH,superficie_no_habitacional,m2,True,164815.0,3519167.0
2015-04-01,13,Metropolitana de Santiago,SANH,superficie_no_habitacional,m2,True,240814.0,3489459.0
2015-05-01,13,Metropolitana de Santiago,SANH,superficie_no_habitacional,m2,True,222127.0,3519380.0
2015-06-01,13,Metropolitana de Santiago,SANH,superficie_no_habitacional,m2,True,331907.0,3552457.0
2015-07-01,13,Metropolitana de Santiago,SANH,superficie_no_habitacional,m2,True,154740.0,3399897.0
2015-08-01,13,Metropolitana de Santiago,SANH,superficie_no_habitacional,m2,True,275271.0,3418586.0
2015-09-01,13,Metropolitana de Santiago,SANH,superficie_no_habitacional,m2,True,405273.0,3243052.0
2015-10-01,13,Metropolitana de Santiago,SANH,superficie_no_habitacional,m2,True,234406.0,3276741.0
2015-11-01,13,Metropolitana de Santiago,SANH,superficie_no_habitacional,m2,True,251381.0,3277942.0
2015-12-01,13,Metropolitana de Santiago,SANH,superficie_no_habitacional,m2,True,274028.0,3091605.0
2016-01-01,13,Metropolitana de Santiago,SANH,superficie_no_habitacional,m2,True,140336.0,3030772.0
2016-02-01,13,Metropolitana de Santiago,SANH,superficie_no_habitacional,m2,True,128853.0,2823951.0
2016-03-01,13,Metropolitana de Santiago,SANH,superficie_no_habitacional,m2,True,225914.0,2885050.0
2016-04-01,13,Metropolitana de Santiago,SANH,superficie_no_habitacional,m2,True,288295.0,2932531.0
2016-05-01,13,Metropolitana de Santiago,SANH,superficie_no_habitacional,m2,True,216410.0,2926814.0
2016-06-01,13,Metropolitana de Santiago,SANH,superficie_no_habitacional,m2,True,460368.0,3055275.0
2016-07-01,13,Metropolitana de Santiago,SANH,superficie_no_habitacional,m2,True,162895.0,3063430.0
2016-08-01,13,Metropolitana de Santiago,SANH,superficie_no_habitacional,m2,True,247046.0,3035205.0
2016-09-01,13,Metropolitana de Santiago,SANH,superficie_no_habitacional,m2,True,204968.0,2834900.0
2016-10-01,13,Metropolitana de Santiago,SANH,superficie_no_habitacional,m2,True,111685.0,2712179.0
2016-11-01,13,Metropolitana de Santiago,SANH,superficie_no_habitacional,m2,True,182289.0,2643087.0
2016-12-01,13,Metropolitana de Santiago,SANH,superficie_no_habitacional,m2,True,314288.0,2683347.0
2017-01-01,13,Metropolitana de Santiago,SANH,superficie_no_habitacional,m2,True,182863.0,2725874.0
2017-02-01,13,Metropolitana de Santiago,SANH,superficie_no_habitacional,m2,True,174561.0,2771582.0
2017-03-01,13,Metropolitana de Santiago,SANH,superficie_no_habitacional,m2,True,224243.0,2769911.0
2017-04-01,13,Metropolitana de Santiago,SANH,superficie_no_habitacional,m2,True,80127.0,2561743.0
2017-05-01,13,Metropolitana de Santiago,SANH,superficie_no_habitacional,m2,True,181931.0,2527264.0
2017-06-01,13,Metropolitana de Santiago,SANH,superficie_no_habitacional,m2,True,188505.0,2255401.0
2017-07-01,13,Metropolitana de Santiago,SANH,superficie_no_habitacional,m2,True,190371.0,2282877.0
2017-08-01,13,Metropolitana de Santiago,SANH,superficie_no_habitacional,m2,True,294129.0,2329960.0
2017-09-01,13,Metropolitana de Santiago,SANH,superficie_no_habitacional,m2,True,190758.0,2315750.0
2017-10-01,13,Metropolitana de Santiago,SANH,superficie_no_habitacional,m2,True,154766.0,2358831.0
2017-11-01,13,Metropolitana de Santiago,SANH,superficie_no_habitacional,m2,True,167629.0,2344171.0
2017-12-01,13,Metropolitana de Santiago,SANH,superficie_no_habitacional,m2,True,232522.0,2262405.0
2018-01-01,13,Metropolitana de Santiago,SANH,superficie_no_habitacional,m2,True,103191.0,2182733.0
2018-02-01,13,Metropolitana de Santiago,SANH,superficie_no_habitacional,m2,True,116222.0,2124394.0
2018-03-01,13,Metropolitana de Santiago,SANH,superficie_no_habitacional,m2,True,252095.0,2152246.0
2018-04-01,13,Metropolitana de Santiago,SANH,superficie_no_habitacional,m2,True,213913.0,2286032.0
2018-05-01,13,Metropolitana de Santiago,SANH,superficie_no_habitacional,m2,True,172536.0,2276637.0
2018-06-01,13,Metropolitana de Santiago,SANH,superficie_no_habitacional,m2,True,142526.0,2230658.0
2018-07-01,13,Metropolitana de Santiago,SANH,superficie_no_habitacional,m2,True,242371.0,2282658.0
2018-08-01,13,Metropolitana de Santiago,SANH,superficie_no_habitacional,m2,True,178134.0,2166663.0
2018-09-01,13,Metropolitana de Santiago,SANH,superficie_no_habitacional,m2,True,108655.0,2084560.0
2018-10-01,13,Metropolitana de Santiago,SANH,superficie_no_habitacional,m2,True,284445.0,2214239.0
2018-11-01,13,Metropolitana de Santiago,SANH,superficie_no_habitacional,m2,True,141741.0,2188351.0
2018-12-01,13,Metropolitana de Santiago,SANH,superficie_no_habitacional,m2,True,126741.0,2082570.0
2019-01-01,13,Metropolitana de Santiago,SANH,superficie_no_habitacional,m2,True,215063.0,2194442.0
2019-02-01,13,Metropolitana de Santiago,SANH,superficie_no_habitacional,m2,True,312577.0,2390797.0
2019-03-01,13,Metropolitana de Santiago,SANH,superficie_no_habitacional,m2,True,190360.0,2329062.0
2019-04-01,13,Metropolitana de Santiago,SANH,superficie_no_habitacional,m2,True,219813.0,2334962.0
2019-05-01,13,Metropolitana de Santiago,SANH,superficie_no_habitacional,m2,True,135602.0,2298028.0
2019-06-01,13,Metropolitana de Santiago,SANH,superficie_no_habitacional,m2,True,136382.0,2291884.0
2019-07-01,13,Metropolitana de Santiago,SANH,superficie_no_habitacional,m2,True,147948.0,2197461.0
2019-08-01,13,Metropolitana de Santiago,SANH,superficie_no_habitacional,m2,True,164756.0,2184083.0
2019-09-01,13,Metropolitana de Santiago,SANH,superficie_no_habitacional,m2,True,174271.0,2249699.0
2019-10-01,13,Metropolitana de Santiago,SANH,superficie_no_habitacional,m2,True,177383.0,2142637.0
2019-11-01,13,Metropolitana de Santiago,SANH,superficie_no_habitacional,m2,True,61681.0,2062577.0
2019-12-01,13,Metropolitana de Santiago,SANH,superficie_no_habitacional,m2,True,350949.0,2286785.0
2020-01-01,13,Metropolitana de Santiago,SANH,superficie_no_habitacional,m2,True,212859.0,2284581.0
2020-02-01,13,Metropolitana de Santiago,SANH,superficie_no_habitacional,m2,True,52054.0,2024058.0
2020-03-01,13,Metropolitana de Santiago,SANH,superficie_no_habitacional,m2,True,294886.0,2128584.0
2020-04-01,13,Metropolitana de Santiago,SANH,superficie_no_habitacional,m2,True,91559.0,2000330.0
2020-05-01,13,Metropolitana de Santiago,SANH,superficie_no_habitacional,m2,True,122942.0,1987670.0
2020-06-01,13,Metropolitana de Santiago,SANH,superficie_no_habitacional,m2,True,40603.0,1891891.0
2020-07-01,13,Metropolitana de Santiago,SANH,superficie_no_habitacional,m2,True,47515.0,1791458.0
2020-08-01,13,Metropolitana de Santiago,SANH,superficie_no_habitacional,m2,True,113489.0,1740191.0
2020-09-01,13,Metropolitana de Santiago,SANH,superficie_no_habitacional,m2,True,285385.0,1851305.0
2020-10-01,13,Metropolitana de Santiago,SANH,superficie_no_habitacional,m2,True,72761.0,1746683.0
2020-11-01,13,Metropolitana de Santiago,SANH,superficie_no_habitacional,m2,True,139558.0,1824560.0
2020-12-01,13,Metropolitana de Santiago,SANH,superficie_no_habitacional,m2,True,340016.0,1813627.0
2021-01-01,13,Metropolitana de Santiago,SANH,superficie_no_habitacional,m2,True,142806.0,1743574.0
2021-02-01,13,Metropolitana de Santiago,SANH,superficie_no_habitacional,m2,True,104297.0,1795817.0
2021-03-01,13,Metropolitana de Santiago,SANH,superficie_no_habitacional,m2,True,336199.0,1837130.0
2021-04-01,13,Metropolitana de Santiago,SANH,superficie_no_habitacional,m2,True,145847.0,1891418.0
2021-05-01,13,Metropolitana de Santiago,SANH,superficie_no_habitacional,m2,True,161750.0,1930226.0
2021-06-01,13,Metropolitana de Santiago,SANH,superficie_no_habitacional,m2,True,38859.0,1928482.0
2021-07-01,13,Metropolitana de Santiago,SANH,superficie_no_habitacional,m2,True,294474.0,2175441.0
2021-08-01,13,Metropolitana de Santiago,SANH,superficie_no_habitacional,m2,True,258926.0,2320878.0
2021-09-01,13,Metropolitana de Santiago,SANH,superficie_no_habitacional,m2,True,122385.0,2157878.0
2021-10-01,13,Metropolitana de Santiago,SANH,superficie_no_habitacional,m2,True,41604.0,2126721.0
2021-11-01,13,Metropolitana de Santiago,SANH,superficie_no_habitacional,m2,True,183670.0,2170833.0
2021-12-01,13,Metropolitana de Santiago,SANH,superficie_no_habitacional,m2,True,154597.0,1985414.0
2022-01-01,13,Metropolitana de Santiago,SANH,superficie_no_habitacional,m2,True,63816.0,1906424.0
2022-02-01,13,Metropolitana de Santiago,SANH,superficie_no_habitacional,m2,True,153590.0,1955717.0
2022-03-01,13,Metropolitana de Santiago,SANH,superficie_no_habitacional,m2,True,290404.0,1909922.0
2022-04-01,13,Metropolitana de Santiago,SANH,superficie_no_habitacional,m2,True,474394.0,2238469.0
2022-05-01,13,Metropolitana de Santiago,SANH,superficie_no_habitacional,m2,True,388672.0,2465391.0
2022-06-01,13,Metropolitana de Santiago,SANH,superficie_no_habitacional,m2,True,211075.0,2637607.0
2022-07-01,13,Metropolitana de Santiago,SANH,superficie_no_habitacional,m2,True,156702.0,2499835.0
2022-08-01,13,Metropolitana de Santiago,SANH,superficie_no_habitacional,m2,True,126964.0,2367873.0
2022-09-01,13,Metropolitana de Santiago,SANH,superficie_no_habitacional,m2,True,78645.0,2324133.0
2022-10-01,13,Metropolitana de Santiago,SANH,superficie_no_habitacional,m2,True,42334.0,2324863.0
2022-11-01,13,Metropolitana de Santiago,SANH,superficie_no_habitacional,m2,True,64089.0,2205282.0
2022-12-01,13,Metropolitana de Santiago,SANH,superficie_no_habitacional,m2,True,79636.0,2130321.0
2023-01-01,13,Metropolitana de Santiago,SANH,superficie_no_habitacional,m2,True,52289.0,2118794.0
2023-02-01,13,Metropolitana de Santiago,SANH,superficie_no_habitacional,m2,True,83685.0,2048889.0
2023-03-01,13,Metropolitana de Santiago,SANH,superficie_no_habitacional,m2,True,76657.0,1835142.0
2023-04-01,13,Metropolitana de Santiago,SANH,superficie_no_habitacional,m2,True,53798.0,1414546.0
2023-05-01,13,Metropolitana de Santiago,SANH,superficie_no_habitacional,m2,True,200343.0,1226217.0
2023-06-01,13,Metropolitana de Santiago,SANH,superficie_no_habitacional,m2,True,153768.0,1168910.0
2023-07-01,13,Metropolitana de Santiago,SANH,superficie_no_habitacional,m2,True,269525.0,1281733.0
2023-08-01,13,Metropolitana de Santiago,SANH,superficie_no_habitacional,m2,True,114394.0,1269163.0
2023-09-01,13,Metropolitana de Santiago,SANH,superficie_no_habitacional,m2,True,112905.0,1303423.0
2023-10-01,13,Metropolitana de Santiago,SANH,superficie_no_habitacional,m2,True,151022.0,1412111.0
2023-11-01,13,Metropolitana de Santiago,SANH,superficie_no_habitacional,m2,True,81896.0,1429918.0
2023-12-01,13,Metropolitana de Santiago,SANH,superficie_no_habitacional,m2,True,158581.0,1508863.0
2024-01-01,13,Metropolitana de Santiago,SANH,superficie_no_habitacional,m2,True,95703.0,1552277.0
2024-02-01,13,Metropolitana de Santiago,SANH,superficie_no_habitacional,m2,True,65509.0,1534101.0
2024-03-01,13,Metropolitana de Santiago,SANH,superficie_no_habitacional,m2,True,202056.0,1659500.0
2024-04-01,13,Metropolitana de Santiago,SANH,superficie_no_habitacional,m2,True,149467.0,1755169.0
2024-05-01,13,Metropolitana de Santiago,SANH,superficie_no_habitacional,m2,True,28624.0,1583450.0
2024-06-01,13,Metropolitana de Santiago,SANH,superficie_no_habitacional,m2,True,84237.0,1513919.0
2024-07-01,13,Metropolitana de Santiago,SANH,superficie_no_habitacional,m2,True,126886.0,1371280.0
2024-08-01,13,Metropolitana de Santiago,SANH,superficie_no_habitacional,m2,True,83779.0,1340665.0
2024-09-01,13,Metropolitana de Santiago,SANH,superficie_no_habitacional,m2,True,161500.0,1389260.0
2024-10-01,13,Metropolitana de Santiago,SANH,superficie_no_habitacional,m2,True,237943.0,1476181.0
2024-11-01,13,Metropolitana de Santiago,SANH,superficie_no_habitacional,m2,True,54312.0,1448597.0
2024-12-01,13,Metropolitana de Santiago,SANH,superficie_no_habitacional,m2,True,127128.0,1417144.0
2025-01-01,13,Metropolitana de Santiago,SANH,superficie_no_habitacional,m2,True,75171.0,1396612.0
2025-02-01,13,Metropolitana de Santiago,SANH,superficie_no_habitacional,m2,True,54761.0,1385864.0
2025-03-01,13,Metropolitana de Santiago,SANH,superficie_no_habitacional,m2,True,80603.0,1264411.0
2025-04-01,13,Metropolitana de Santiago,SANH,superficie_no_habitacional,m2,True,224833.0,1339777.0
2025-05-01,13,Metropolitana de Santiago,SANH,superficie_no_habitacional,m2,True,55366.0,1366519.0
2025-06-01,13,Metropolitana de Santiago,SANH,superficie_no_habitacional,m2,True,133577.0,1415859.0
2025-07-01,13,Metropolitana de Santiago,SANH,superficie_no_habitacional,m2,True,230788.0,1519761.0
2025-08-01,13,Metropolitana de Santiago,SANH,superficie_no_habitacional,m2,True,91131.0,1527113.0
2025-09-01,13,Metropolitana de Santiago,SANH,superficie_no_habitacional,m2,True,192658.0,1558271.0
2025-10-01,13,Metropolitana de Santiago,SANH,superficie_no_habitacional,m2,True,115166.0,1435494.0
2025-11-01,13,Metropolitana de Santiago,SANH,superficie_no_habitacional,m2,True,102404.0,1483586.0
2025-12-01,13,Metropolitana de Santiago,SANH,superficie_no_habitacional,m2,True,149083.0,1505541.0
2026-01-01,13,Metropolitana de Santiago,SANH,superficie_no_habitacional,m2,True,51214.0,1481584.0
2026-02-01,13,Metropolitana de Santiago,SANH,superficie_no_habitacional,m2,True,56497.0,1483320.0
2026-03-01,13,Metropolitana de Santiago,SANH,superficie_no_habitacional,m2,True,123584.0,1526301.0
2026-04-01,13,Metropolitana de Santiago,SANH,superficie_no_habitacional,m2,True,200784.0,1502252.0
2026-05-01,13,Metropolitana de Santiago,SANH,superficie_no_habitacional,m2,True,133177.0,1580063.0
2014-01-01,14,Los Ríos,SANH,superficie_no_habitacional,m2,True,9218.0,
2014-02-01,14,Los Ríos,SANH,superficie_no_habitacional,m2,True,9906.0,
2014-03-01,14,Los Ríos,SANH,superficie_no_habitacional,m2,True,80202.0,
2014-04-01,14,Los Ríos,SANH,superficie_no_habitacional,m2,True,49076.0,
2014-05-01,14,Los Ríos,SANH,superficie_no_habitacional,m2,True,7917.0,
2014-06-01,14,Los Ríos,SANH,superficie_no_habitacional,m2,True,7086.0,
2014-07-01,14,Los Ríos,SANH,superficie_no_habitacional,m2,True,6543.0,
2014-08-01,14,Los Ríos,SANH,superficie_no_habitacional,m2,True,6072.0,
2014-09-01,14,Los Ríos,SANH,superficie_no_habitacional,m2,True,10449.0,
2014-10-01,14,Los Ríos,SANH,superficie_no_habitacional,m2,True,7965.0,
2014-11-01,14,Los Ríos,SANH,superficie_no_habitacional,m2,True,13657.0,
2014-12-01,14,Los Ríos,SANH,superficie_no_habitacional,m2,True,18731.0,226822.0
2015-01-01,14,Los Ríos,SANH,superficie_no_habitacional,m2,True,12015.0,229619.0
2015-02-01,14,Los Ríos,SANH,superficie_no_habitacional,m2,True,7399.0,227112.0
2015-03-01,14,Los Ríos,SANH,superficie_no_habitacional,m2,True,8762.0,155672.0
2015-04-01,14,Los Ríos,SANH,superficie_no_habitacional,m2,True,10282.0,116878.0
2015-05-01,14,Los Ríos,SANH,superficie_no_habitacional,m2,True,19864.0,128825.0
2015-06-01,14,Los Ríos,SANH,superficie_no_habitacional,m2,True,21474.0,143213.0
2015-07-01,14,Los Ríos,SANH,superficie_no_habitacional,m2,True,5820.0,142490.0
2015-08-01,14,Los Ríos,SANH,superficie_no_habitacional,m2,True,5657.0,142075.0
2015-09-01,14,Los Ríos,SANH,superficie_no_habitacional,m2,True,6026.0,137652.0
2015-10-01,14,Los Ríos,SANH,superficie_no_habitacional,m2,True,3293.0,132980.0
2015-11-01,14,Los Ríos,SANH,superficie_no_habitacional,m2,True,4060.0,123383.0
2015-12-01,14,Los Ríos,SANH,superficie_no_habitacional,m2,True,8291.0,112943.0
2016-01-01,14,Los Ríos,SANH,superficie_no_habitacional,m2,True,10033.0,110961.0
2016-02-01,14,Los Ríos,SANH,superficie_no_habitacional,m2,True,7298.0,110860.0
2016-03-01,14,Los Ríos,SANH,superficie_no_habitacional,m2,True,11666.0,113764.0
2016-04-01,14,Los Ríos,SANH,superficie_no_habitacional,m2,True,10205.0,113687.0
2016-05-01,14,Los Ríos,SANH,superficie_no_habitacional,m2,True,9521.0,103344.0
2016-06-01,14,Los Ríos,SANH,superficie_no_habitacional,m2,True,12789.0,94659.0
2016-07-01,14,Los Ríos,SANH,superficie_no_habitacional,m2,True,14196.0,103035.0
2016-08-01,14,Los Ríos,SANH,superficie_no_habitacional,m2,True,15216.0,112594.0
2016-09-01,14,Los Ríos,SANH,superficie_no_habitacional,m2,True,8335.0,114903.0
2016-10-01,14,Los Ríos,SANH,superficie_no_habitacional,m2,True,9213.0,120823.0
2016-11-01,14,Los Ríos,SANH,superficie_no_habitacional,m2,True,4510.0,121273.0
2016-12-01,14,Los Ríos,SANH,superficie_no_habitacional,m2,True,9088.0,122070.0
2017-01-01,14,Los Ríos,SANH,superficie_no_habitacional,m2,True,6886.0,118923.0
2017-02-01,14,Los Ríos,SANH,superficie_no_habitacional,m2,True,11568.0,123193.0
2017-03-01,14,Los Ríos,SANH,superficie_no_habitacional,m2,True,13065.0,124592.0
2017-04-01,14,Los Ríos,SANH,superficie_no_habitacional,m2,True,6344.0,120731.0
2017-05-01,14,Los Ríos,SANH,superficie_no_habitacional,m2,True,10107.0,121317.0
2017-06-01,14,Los Ríos,SANH,superficie_no_habitacional,m2,True,12344.0,120872.0
2017-07-01,14,Los Ríos,SANH,superficie_no_habitacional,m2,True,9595.0,116271.0
2017-08-01,14,Los Ríos,SANH,superficie_no_habitacional,m2,True,13216.0,114271.0
2017-09-01,14,Los Ríos,SANH,superficie_no_habitacional,m2,True,7428.0,113364.0
2017-10-01,14,Los Ríos,SANH,superficie_no_habitacional,m2,True,6339.0,110490.0
2017-11-01,14,Los Ríos,SANH,superficie_no_habitacional,m2,True,10539.0,116519.0
2017-12-01,14,Los Ríos,SANH,superficie_no_habitacional,m2,True,12657.0,120088.0
2018-01-01,14,Los Ríos,SANH,superficie_no_habitacional,m2,True,22887.0,136089.0
2018-02-01,14,Los Ríos,SANH,superficie_no_habitacional,m2,True,5304.0,129825.0
2018-03-01,14,Los Ríos,SANH,superficie_no_habitacional,m2,True,28636.0,145396.0
2018-04-01,14,Los Ríos,SANH,superficie_no_habitacional,m2,True,9039.0,148091.0
2018-05-01,14,Los Ríos,SANH,superficie_no_habitacional,m2,True,11360.0,149344.0
2018-06-01,14,Los Ríos,SANH,superficie_no_habitacional,m2,True,6393.0,143393.0
2018-07-01,14,Los Ríos,SANH,superficie_no_habitacional,m2,True,6478.0,140276.0
2018-08-01,14,Los Ríos,SANH,superficie_no_habitacional,m2,True,36990.0,164050.0
2018-09-01,14,Los Ríos,SANH,superficie_no_habitacional,m2,True,7915.0,164537.0
2018-10-01,14,Los Ríos,SANH,superficie_no_habitacional,m2,True,8672.0,166870.0
2018-11-01,14,Los Ríos,SANH,superficie_no_habitacional,m2,True,4805.0,161136.0
2018-12-01,14,Los Ríos,SANH,superficie_no_habitacional,m2,True,11170.0,159649.0
2019-01-01,14,Los Ríos,SANH,superficie_no_habitacional,m2,True,6747.0,143509.0
2019-02-01,14,Los Ríos,SANH,superficie_no_habitacional,m2,True,7695.0,145900.0
2019-03-01,14,Los Ríos,SANH,superficie_no_habitacional,m2,True,7713.0,124977.0
2019-04-01,14,Los Ríos,SANH,superficie_no_habitacional,m2,True,19064.0,135002.0
2019-05-01,14,Los Ríos,SANH,superficie_no_habitacional,m2,True,5544.0,129186.0
2019-06-01,14,Los Ríos,SANH,superficie_no_habitacional,m2,True,6117.0,128910.0
2019-07-01,14,Los Ríos,SANH,superficie_no_habitacional,m2,True,8443.0,130875.0
2019-08-01,14,Los Ríos,SANH,superficie_no_habitacional,m2,True,33316.0,127201.0
2019-09-01,14,Los Ríos,SANH,superficie_no_habitacional,m2,True,23209.0,142495.0
2019-10-01,14,Los Ríos,SANH,superficie_no_habitacional,m2,True,10616.0,144439.0
2019-11-01,14,Los Ríos,SANH,superficie_no_habitacional,m2,True,4909.0,144543.0
2019-12-01,14,Los Ríos,SANH,superficie_no_habitacional,m2,True,5343.0,138716.0
2020-01-01,14,Los Ríos,SANH,superficie_no_habitacional,m2,True,10590.0,142559.0
2020-02-01,14,Los Ríos,SANH,superficie_no_habitacional,m2,True,10119.0,144983.0
2020-03-01,14,Los Ríos,SANH,superficie_no_habitacional,m2,True,4411.0,141681.0
2020-04-01,14,Los Ríos,SANH,superficie_no_habitacional,m2,True,1440.0,124057.0
2020-05-01,14,Los Ríos,SANH,superficie_no_habitacional,m2,True,556.0,119069.0
2020-06-01,14,Los Ríos,SANH,superficie_no_habitacional,m2,True,2989.0,115941.0
2020-07-01,14,Los Ríos,SANH,superficie_no_habitacional,m2,True,5059.0,112557.0
2020-08-01,14,Los Ríos,SANH,superficie_no_habitacional,m2,True,2636.0,81877.0
2020-09-01,14,Los Ríos,SANH,superficie_no_habitacional,m2,True,9572.0,68240.0
2020-10-01,14,Los Ríos,SANH,superficie_no_habitacional,m2,True,1107.0,58731.0
2020-11-01,14,Los Ríos,SANH,superficie_no_habitacional,m2,True,3900.0,57722.0
2020-12-01,14,Los Ríos,SANH,superficie_no_habitacional,m2,True,3402.0,55781.0
2021-01-01,14,Los Ríos,SANH,superficie_no_habitacional,m2,True,7367.0,52558.0
2021-02-01,14,Los Ríos,SANH,superficie_no_habitacional,m2,True,4640.0,47079.0
2021-03-01,14,Los Ríos,SANH,superficie_no_habitacional,m2,True,5747.0,48415.0
2021-04-01,14,Los Ríos,SANH,superficie_no_habitacional,m2,True,1227.0,48202.0
2021-05-01,14,Los Ríos,SANH,superficie_no_habitacional,m2,True,5614.0,53260.0
2021-06-01,14,Los Ríos,SANH,superficie_no_habitacional,m2,True,3044.0,53315.0
2021-07-01,14,Los Ríos,SANH,superficie_no_habitacional,m2,True,4483.0,52739.0
2021-08-01,14,Los Ríos,SANH,superficie_no_habitacional,m2,True,14256.0,64359.0
2021-09-01,14,Los Ríos,SANH,superficie_no_habitacional,m2,True,4414.0,59201.0
2021-10-01,14,Los Ríos,SANH,superficie_no_habitacional,m2,True,3309.0,61403.0
2021-11-01,14,Los Ríos,SANH,superficie_no_habitacional,m2,True,4865.0,62368.0
2021-12-01,14,Los Ríos,SANH,superficie_no_habitacional,m2,True,4009.0,62975.0
2022-01-01,14,Los Ríos,SANH,superficie_no_habitacional,m2,True,6567.0,62175.0
2022-02-01,14,Los Ríos,SANH,superficie_no_habitacional,m2,True,16126.0,73661.0
2022-03-01,14,Los Ríos,SANH,superficie_no_habitacional,m2,True,5777.0,73691.0
2022-04-01,14,Los Ríos,SANH,superficie_no_habitacional,m2,True,4192.0,76656.0
2022-05-01,14,Los Ríos,SANH,superficie_no_habitacional,m2,True,5371.0,76413.0
2022-06-01,14,Los Ríos,SANH,superficie_no_habitacional,m2,True,25595.0,98964.0
2022-07-01,14,Los Ríos,SANH,superficie_no_habitacional,m2,True,3287.0,97768.0
2022-08-01,14,Los Ríos,SANH,superficie_no_habitacional,m2,True,3760.0,87272.0
2022-09-01,14,Los Ríos,SANH,superficie_no_habitacional,m2,True,2487.0,85345.0
2022-10-01,14,Los Ríos,SANH,superficie_no_habitacional,m2,True,4881.0,86917.0
2022-11-01,14,Los Ríos,SANH,superficie_no_habitacional,m2,True,11803.0,93855.0
2022-12-01,14,Los Ríos,SANH,superficie_no_habitacional,m2,True,7737.0,97583.0
2023-01-01,14,Los Ríos,SANH,superficie_no_habitacional,m2,True,3957.0,94973.0
2023-02-01,14,Los Ríos,SANH,superficie_no_habitacional,m2,True,5644.0,84491.0
2023-03-01,14,Los Ríos,SANH,superficie_no_habitacional,m2,True,4745.0,83459.0
2023-04-01,14,Los Ríos,SANH,superficie_no_habitacional,m2,True,2664.0,81931.0
2023-05-01,14,Los Ríos,SANH,superficie_no_habitacional,m2,True,4777.0,81337.0
2023-06-01,14,Los Ríos,SANH,superficie_no_habitacional,m2,True,12578.0,68320.0
2023-07-01,14,Los Ríos,SANH,superficie_no_habitacional,m2,True,5261.0,70294.0
2023-08-01,14,Los Ríos,SANH,superficie_no_habitacional,m2,True,5668.0,72202.0
2023-09-01,14,Los Ríos,SANH,superficie_no_habitacional,m2,True,11607.0,81322.0
2023-10-01,14,Los Ríos,SANH,superficie_no_habitacional,m2,True,2529.0,78970.0
2023-11-01,14,Los Ríos,SANH,superficie_no_habitacional,m2,True,6328.0,73495.0
2023-12-01,14,Los Ríos,SANH,superficie_no_habitacional,m2,True,17988.0,83746.0
2024-01-01,14,Los Ríos,SANH,superficie_no_habitacional,m2,True,4877.0,84666.0
2024-02-01,14,Los Ríos,SANH,superficie_no_habitacional,m2,True,3870.0,82892.0
2024-03-01,14,Los Ríos,SANH,superficie_no_habitacional,m2,True,55540.0,133687.0
2024-04-01,14,Los Ríos,SANH,superficie_no_habitacional,m2,True,15061.0,146084.0
2024-05-01,14,Los Ríos,SANH,superficie_no_habitacional,m2,True,2410.0,143717.0
2024-06-01,14,Los Ríos,SANH,superficie_no_habitacional,m2,True,4902.0,136041.0
2024-07-01,14,Los Ríos,SANH,superficie_no_habitacional,m2,True,2636.0,133416.0
2024-08-01,14,Los Ríos,SANH,superficie_no_habitacional,m2,True,9618.0,137366.0
2024-09-01,14,Los Ríos,SANH,superficie_no_habitacional,m2,True,2937.0,128696.0
2024-10-01,14,Los Ríos,SANH,superficie_no_habitacional,m2,True,6047.0,132214.0
2024-11-01,14,Los Ríos,SANH,superficie_no_habitacional,m2,True,9121.0,135007.0
2024-12-01,14,Los Ríos,SANH,superficie_no_habitacional,m2,True,2980.0,119999.0
2025-01-01,14,Los Ríos,SANH,superficie_no_habitacional,m2,True,13201.0,128323.0
2025-02-01,14,Los Ríos,SANH,superficie_no_habitacional,m2,True,14252.0,138705.0
2025-03-01,14,Los Ríos,SANH,superficie_no_habitacional,m2,True,7486.0,90651.0
2025-04-01,14,Los Ríos,SANH,superficie_no_habitacional,m2,True,3672.0,79262.0
2025-05-01,14,Los Ríos,SANH,superficie_no_habitacional,m2,True,64046.0,140898.0
2025-06-01,14,Los Ríos,SANH,superficie_no_habitacional,m2,True,5303.0,141299.0
2025-07-01,14,Los Ríos,SANH,superficie_no_habitacional,m2,True,8277.0,146940.0
2025-08-01,14,Los Ríos,SANH,superficie_no_habitacional,m2,True,7159.0,144481.0
2025-09-01,14,Los Ríos,SANH,superficie_no_habitacional,m2,True,15687.0,157231.0
2025-10-01,14,Los Ríos,SANH,superficie_no_habitacional,m2,True,4853.0,156037.0
2025-11-01,14,Los Ríos,SANH,superficie_no_habitacional,m2,True,5924.0,152840.0
2025-12-01,14,Los Ríos,SANH,superficie_no_habitacional,m2,True,6138.0,155998.0
2026-01-01,14,Los Ríos,SANH,superficie_no_habitacional,m2,True,9105.0,151902.0
2026-02-01,14,Los Ríos,SANH,superficie_no_habitacional,m2,True,3921.0,141571.0
2026-03-01,14,Los Ríos,SANH,superficie_no_habitacional,m2,True,8583.0,142668.0
2026-04-01,14,Los Ríos,SANH,superficie_no_habitacional,m2,True,4763.0,143759.0
2026-05-01,14,Los Ríos,SANH,superficie_no_habitacional,m2,True,7624.0,87337.0
2014-01-01,15,Arica y Parinacota,SANH,superficie_no_habitacional,m2,True,2604.0,
2014-02-01,15,Arica y Parinacota,SANH,superficie_no_habitacional,m2,True,2221.0,
2014-03-01,15,Arica y Parinacota,SANH,superficie_no_habitacional,m2,True,1249.0,
2014-04-01,15,Arica y Parinacota,SANH,superficie_no_habitacional,m2,True,3986.0,
2014-05-01,15,Arica y Parinacota,SANH,superficie_no_habitacional,m2,True,913.0,
2014-06-01,15,Arica y Parinacota,SANH,superficie_no_habitacional,m2,True,4397.0,
2014-07-01,15,Arica y Parinacota,SANH,superficie_no_habitacional,m2,True,1063.0,
2014-08-01,15,Arica y Parinacota,SANH,superficie_no_habitacional,m2,True,962.0,
2014-09-01,15,Arica y Parinacota,SANH,superficie_no_habitacional,m2,True,32190.0,
2014-10-01,15,Arica y Parinacota,SANH,superficie_no_habitacional,m2,True,1176.0,
2014-11-01,15,Arica y Parinacota,SANH,superficie_no_habitacional,m2,True,481.0,
2014-12-01,15,Arica y Parinacota,SANH,superficie_no_habitacional,m2,True,40546.0,91788.0
2015-01-01,15,Arica y Parinacota,SANH,superficie_no_habitacional,m2,True,594.0,89778.0
2015-02-01,15,Arica y Parinacota,SANH,superficie_no_habitacional,m2,True,5482.0,93039.0
2015-03-01,15,Arica y Parinacota,SANH,superficie_no_habitacional,m2,True,7468.0,99258.0
2015-04-01,15,Arica y Parinacota,SANH,superficie_no_habitacional,m2,True,4533.0,99805.0
2015-05-01,15,Arica y Parinacota,SANH,superficie_no_habitacional,m2,True,7396.0,106288.0
2015-06-01,15,Arica y Parinacota,SANH,superficie_no_habitacional,m2,True,797.0,102688.0
2015-07-01,15,Arica y Parinacota,SANH,superficie_no_habitacional,m2,True,2556.0,104181.0
2015-08-01,15,Arica y Parinacota,SANH,superficie_no_habitacional,m2,True,997.0,104216.0
2015-09-01,15,Arica y Parinacota,SANH,superficie_no_habitacional,m2,True,1283.0,73309.0
2015-10-01,15,Arica y Parinacota,SANH,superficie_no_habitacional,m2,True,838.0,72971.0
2015-11-01,15,Arica y Parinacota,SANH,superficie_no_habitacional,m2,True,0.0,72490.0
2015-12-01,15,Arica y Parinacota,SANH,superficie_no_habitacional,m2,True,57715.0,89659.0
2016-01-01,15,Arica y Parinacota,SANH,superficie_no_habitacional,m2,True,728.0,89793.0
2016-02-01,15,Arica y Parinacota,SANH,superficie_no_habitacional,m2,True,1935.0,86246.0
2016-03-01,15,Arica y Parinacota,SANH,superficie_no_habitacional,m2,True,1563.0,80341.0
2016-04-01,15,Arica y Parinacota,SANH,superficie_no_habitacional,m2,True,2265.0,78073.0
2016-05-01,15,Arica y Parinacota,SANH,superficie_no_habitacional,m2,True,4556.0,75233.0
2016-06-01,15,Arica y Parinacota,SANH,superficie_no_habitacional,m2,True,4644.0,79080.0
2016-07-01,15,Arica y Parinacota,SANH,superficie_no_habitacional,m2,True,1343.0,77867.0
2016-08-01,15,Arica y Parinacota,SANH,superficie_no_habitacional,m2,True,5135.0,82005.0
2016-09-01,15,Arica y Parinacota,SANH,superficie_no_habitacional,m2,True,7653.0,88375.0
2016-10-01,15,Arica y Parinacota,SANH,superficie_no_habitacional,m2,True,484.0,88021.0
2016-11-01,15,Arica y Parinacota,SANH,superficie_no_habitacional,m2,True,43292.0,131313.0
2016-12-01,15,Arica y Parinacota,SANH,superficie_no_habitacional,m2,True,350.0,73948.0
2017-01-01,15,Arica y Parinacota,SANH,superficie_no_habitacional,m2,True,3392.0,76612.0
2017-02-01,15,Arica y Parinacota,SANH,superficie_no_habitacional,m2,True,3391.0,78068.0
2017-03-01,15,Arica y Parinacota,SANH,superficie_no_habitacional,m2,True,757.0,77262.0
2017-04-01,15,Arica y Parinacota,SANH,superficie_no_habitacional,m2,True,437.0,75434.0
2017-05-01,15,Arica y Parinacota,SANH,superficie_no_habitacional,m2,True,801.0,71679.0
2017-06-01,15,Arica y Parinacota,SANH,superficie_no_habitacional,m2,True,579.0,67614.0
2017-07-01,15,Arica y Parinacota,SANH,superficie_no_habitacional,m2,True,3130.0,69401.0
2017-08-01,15,Arica y Parinacota,SANH,superficie_no_habitacional,m2,True,1385.0,65651.0
2017-09-01,15,Arica y Parinacota,SANH,superficie_no_habitacional,m2,True,3031.0,61029.0
2017-10-01,15,Arica y Parinacota,SANH,superficie_no_habitacional,m2,True,7009.0,67554.0
2017-11-01,15,Arica y Parinacota,SANH,superficie_no_habitacional,m2,True,1753.0,26015.0
2017-12-01,15,Arica y Parinacota,SANH,superficie_no_habitacional,m2,True,2940.0,28605.0
2018-01-01,15,Arica y Parinacota,SANH,superficie_no_habitacional,m2,True,2813.0,28026.0
2018-02-01,15,Arica y Parinacota,SANH,superficie_no_habitacional,m2,True,6094.0,30729.0
2018-03-01,15,Arica y Parinacota,SANH,superficie_no_habitacional,m2,True,7513.0,37485.0
2018-04-01,15,Arica y Parinacota,SANH,superficie_no_habitacional,m2,True,12666.0,49714.0
2018-05-01,15,Arica y Parinacota,SANH,superficie_no_habitacional,m2,True,4130.0,53043.0
2018-06-01,15,Arica y Parinacota,SANH,superficie_no_habitacional,m2,True,7408.0,59872.0
2018-07-01,15,Arica y Parinacota,SANH,superficie_no_habitacional,m2,True,2447.0,59189.0
2018-08-01,15,Arica y Parinacota,SANH,superficie_no_habitacional,m2,True,65225.0,123029.0
2018-09-01,15,Arica y Parinacota,SANH,superficie_no_habitacional,m2,True,786.0,120784.0
2018-10-01,15,Arica y Parinacota,SANH,superficie_no_habitacional,m2,True,696.0,114471.0
2018-11-01,15,Arica y Parinacota,SANH,superficie_no_habitacional,m2,True,4245.0,116963.0
2018-12-01,15,Arica y Parinacota,SANH,superficie_no_habitacional,m2,True,7606.0,121629.0
2019-01-01,15,Arica y Parinacota,SANH,superficie_no_habitacional,m2,True,6060.0,124876.0
2019-02-01,15,Arica y Parinacota,SANH,superficie_no_habitacional,m2,True,4528.0,123310.0
2019-03-01,15,Arica y Parinacota,SANH,superficie_no_habitacional,m2,True,3398.0,119195.0
2019-04-01,15,Arica y Parinacota,SANH,superficie_no_habitacional,m2,True,1889.0,108418.0
2019-05-01,15,Arica y Parinacota,SANH,superficie_no_habitacional,m2,True,4489.0,108777.0
2019-06-01,15,Arica y Parinacota,SANH,superficie_no_habitacional,m2,True,1596.0,102965.0
2019-07-01,15,Arica y Parinacota,SANH,superficie_no_habitacional,m2,True,2432.0,102950.0
2019-08-01,15,Arica y Parinacota,SANH,superficie_no_habitacional,m2,True,578.0,38303.0
2019-09-01,15,Arica y Parinacota,SANH,superficie_no_habitacional,m2,True,8538.0,46055.0
2019-10-01,15,Arica y Parinacota,SANH,superficie_no_habitacional,m2,True,2268.0,47627.0
2019-11-01,15,Arica y Parinacota,SANH,superficie_no_habitacional,m2,True,1674.0,45056.0
2019-12-01,15,Arica y Parinacota,SANH,superficie_no_habitacional,m2,True,3162.0,40612.0
2020-01-01,15,Arica y Parinacota,SANH,superficie_no_habitacional,m2,True,3477.0,38029.0
2020-02-01,15,Arica y Parinacota,SANH,superficie_no_habitacional,m2,True,2702.0,36203.0
2020-03-01,15,Arica y Parinacota,SANH,superficie_no_habitacional,m2,True,2986.0,35791.0
2020-04-01,15,Arica y Parinacota,SANH,superficie_no_habitacional,m2,True,6491.0,40393.0
2020-05-01,15,Arica y Parinacota,SANH,superficie_no_habitacional,m2,True,0.0,35904.0
2020-06-01,15,Arica y Parinacota,SANH,superficie_no_habitacional,m2,True,3044.0,37352.0
2020-07-01,15,Arica y Parinacota,SANH,superficie_no_habitacional,m2,True,554.0,35474.0
2020-08-01,15,Arica y Parinacota,SANH,superficie_no_habitacional,m2,True,3719.0,38615.0
2020-09-01,15,Arica y Parinacota,SANH,superficie_no_habitacional,m2,True,567.0,30644.0
2020-10-01,15,Arica y Parinacota,SANH,superficie_no_habitacional,m2,True,0.0,28376.0
2020-11-01,15,Arica y Parinacota,SANH,superficie_no_habitacional,m2,True,2727.0,29429.0
2020-12-01,15,Arica y Parinacota,SANH,superficie_no_habitacional,m2,True,825.0,27092.0
2021-01-01,15,Arica y Parinacota,SANH,superficie_no_habitacional,m2,True,3551.0,27166.0
2021-02-01,15,Arica y Parinacota,SANH,superficie_no_habitacional,m2,True,189.0,24653.0
2021-03-01,15,Arica y Parinacota,SANH,superficie_no_habitacional,m2,True,5105.0,26772.0
2021-04-01,15,Arica y Parinacota,SANH,superficie_no_habitacional,m2,True,1317.0,21598.0
2021-05-01,15,Arica y Parinacota,SANH,superficie_no_habitacional,m2,True,12206.0,33804.0
2021-06-01,15,Arica y Parinacota,SANH,superficie_no_habitacional,m2,True,7947.0,38707.0
2021-07-01,15,Arica y Parinacota,SANH,superficie_no_habitacional,m2,True,1535.0,39688.0
2021-08-01,15,Arica y Parinacota,SANH,superficie_no_habitacional,m2,True,13212.0,49181.0
2021-09-01,15,Arica y Parinacota,SANH,superficie_no_habitacional,m2,True,422.0,49036.0
2021-10-01,15,Arica y Parinacota,SANH,superficie_no_habitacional,m2,True,7413.0,56449.0
2021-11-01,15,Arica y Parinacota,SANH,superficie_no_habitacional,m2,True,3414.0,57136.0
2021-12-01,15,Arica y Parinacota,SANH,superficie_no_habitacional,m2,True,505.0,56816.0
2022-01-01,15,Arica y Parinacota,SANH,superficie_no_habitacional,m2,True,289.0,53554.0
2022-02-01,15,Arica y Parinacota,SANH,superficie_no_habitacional,m2,True,0.0,53365.0
2022-03-01,15,Arica y Parinacota,SANH,superficie_no_habitacional,m2,True,1653.0,49913.0
2022-04-01,15,Arica y Parinacota,SANH,superficie_no_habitacional,m2,True,25870.0,74466.0
2022-05-01,15,Arica y Parinacota,SANH,superficie_no_habitacional,m2,True,1564.0,63824.0
2022-06-01,15,Arica y Parinacota,SANH,superficie_no_habitacional,m2,True,2780.0,58657.0
2022-07-01,15,Arica y Parinacota,SANH,superficie_no_habitacional,m2,True,5605.0,62727.0
2022-08-01,15,Arica y Parinacota,SANH,superficie_no_habitacional,m2,True,487.0,50002.0
2022-09-01,15,Arica y Parinacota,SANH,superficie_no_habitacional,m2,True,2454.0,52034.0
2022-10-01,15,Arica y Parinacota,SANH,superficie_no_habitacional,m2,True,4301.0,48922.0
2022-11-01,15,Arica y Parinacota,SANH,superficie_no_habitacional,m2,True,1747.0,47255.0
2022-12-01,15,Arica y Parinacota,SANH,superficie_no_habitacional,m2,True,4485.0,51235.0
2023-01-01,15,Arica y Parinacota,SANH,superficie_no_habitacional,m2,True,3035.0,53981.0
2023-02-01,15,Arica y Parinacota,SANH,superficie_no_habitacional,m2,True,1173.0,55154.0
2023-03-01,15,Arica y Parinacota,SANH,superficie_no_habitacional,m2,True,6918.0,60419.0
2023-04-01,15,Arica y Parinacota,SANH,superficie_no_habitacional,m2,True,2816.0,37365.0
2023-05-01,15,Arica y Parinacota,SANH,superficie_no_habitacional,m2,True,5416.0,41217.0
2023-06-01,15,Arica y Parinacota,SANH,superficie_no_habitacional,m2,True,1007.0,39444.0
2023-07-01,15,Arica y Parinacota,SANH,superficie_no_habitacional,m2,True,1108.0,34947.0
2023-08-01,15,Arica y Parinacota,SANH,superficie_no_habitacional,m2,True,1619.0,36079.0
2023-09-01,15,Arica y Parinacota,SANH,superficie_no_habitacional,m2,True,817.0,34442.0
2023-10-01,15,Arica y Parinacota,SANH,superficie_no_habitacional,m2,True,0.0,30141.0
2023-11-01,15,Arica y Parinacota,SANH,superficie_no_habitacional,m2,True,1571.0,29965.0
2023-12-01,15,Arica y Parinacota,SANH,superficie_no_habitacional,m2,True,147.0,25627.0
2024-01-01,15,Arica y Parinacota,SANH,superficie_no_habitacional,m2,True,1678.0,24270.0
2024-02-01,15,Arica y Parinacota,SANH,superficie_no_habitacional,m2,True,424.0,23521.0
2024-03-01,15,Arica y Parinacota,SANH,superficie_no_habitacional,m2,True,8131.0,24734.0
2024-04-01,15,Arica y Parinacota,SANH,superficie_no_habitacional,m2,True,2838.0,24756.0
2024-05-01,15,Arica y Parinacota,SANH,superficie_no_habitacional,m2,True,3546.0,22886.0
2024-06-01,15,Arica y Parinacota,SANH,superficie_no_habitacional,m2,True,5031.0,26910.0
2024-07-01,15,Arica y Parinacota,SANH,superficie_no_habitacional,m2,True,3352.0,29154.0
2024-08-01,15,Arica y Parinacota,SANH,superficie_no_habitacional,m2,True,1715.0,29250.0
2024-09-01,15,Arica y Parinacota,SANH,superficie_no_habitacional,m2,True,6295.0,34728.0
2024-10-01,15,Arica y Parinacota,SANH,superficie_no_habitacional,m2,True,874.0,35602.0
2024-11-01,15,Arica y Parinacota,SANH,superficie_no_habitacional,m2,True,1180.0,35211.0
2024-12-01,15,Arica y Parinacota,SANH,superficie_no_habitacional,m2,True,12020.0,47084.0
2025-01-01,15,Arica y Parinacota,SANH,superficie_no_habitacional,m2,True,861.0,46267.0
2025-02-01,15,Arica y Parinacota,SANH,superficie_no_habitacional,m2,True,1250.0,47093.0
2025-03-01,15,Arica y Parinacota,SANH,superficie_no_habitacional,m2,True,715.0,39677.0
2025-04-01,15,Arica y Parinacota,SANH,superficie_no_habitacional,m2,True,704.0,37543.0
2025-05-01,15,Arica y Parinacota,SANH,superficie_no_habitacional,m2,True,724.0,34721.0
2025-06-01,15,Arica y Parinacota,SANH,superficie_no_habitacional,m2,True,313.0,30003.0
2025-07-01,15,Arica y Parinacota,SANH,superficie_no_habitacional,m2,True,2243.0,28894.0
2025-08-01,15,Arica y Parinacota,SANH,superficie_no_habitacional,m2,True,2640.0,29819.0
2025-09-01,15,Arica y Parinacota,SANH,superficie_no_habitacional,m2,True,2860.0,26384.0
2025-10-01,15,Arica y Parinacota,SANH,superficie_no_habitacional,m2,True,3263.0,28773.0
2025-11-01,15,Arica y Parinacota,SANH,superficie_no_habitacional,m2,True,2935.0,30528.0
2025-12-01,15,Arica y Parinacota,SANH,superficie_no_habitacional,m2,True,2404.0,20912.0
2026-01-01,15,Arica y Parinacota,SANH,superficie_no_habitacional,m2,True,2771.0,22822.0
2026-02-01,15,Arica y Parinacota,SANH,superficie_no_habitacional,m2,True,300.0,21872.0
2026-03-01,15,Arica y Parinacota,SANH,superficie_no_habitacional,m2,True,2826.0,23983.0
2026-04-01,15,Arica y Parinacota,SANH,superficie_no_habitacional,m2,True,1572.0,24851.0
2026-05-01,15,Arica y Parinacota,SANH,superficie_no_habitacional,m2,True,1226.0,25353.0
2018-09-01,16,Ñuble,SANH,superficie_no_habitacional,m2,True,0.0,
2018-10-01,16,Ñuble,SANH,superficie_no_habitacional,m2,True,14898.0,
2018-11-01,16,Ñuble,SANH,superficie_no_habitacional,m2,True,7524.0,
2018-12-01,16,Ñuble,SANH,superficie_no_habitacional,m2,True,9835.0,
2019-01-01,16,Ñuble,SANH,superficie_no_habitacional,m2,True,9191.0,
2019-02-01,16,Ñuble,SANH,superficie_no_habitacional,m2,True,8283.0,
2019-03-01,16,Ñuble,SANH,superficie_no_habitacional,m2,True,18122.0,
2019-04-01,16,Ñuble,SANH,superficie_no_habitacional,m2,True,15154.0,
2019-05-01,16,Ñuble,SANH,superficie_no_habitacional,m2,True,15322.0,
2019-06-01,16,Ñuble,SANH,superficie_no_habitacional,m2,True,5689.0,
2019-07-01,16,Ñuble,SANH,superficie_no_habitacional,m2,True,135125.0,
2019-08-01,16,Ñuble,SANH,superficie_no_habitacional,m2,True,7684.0,246827.0
2019-09-01,16,Ñuble,SANH,superficie_no_habitacional,m2,True,7852.0,254679.0
2019-10-01,16,Ñuble,SANH,superficie_no_habitacional,m2,True,11448.0,251229.0
2019-11-01,16,Ñuble,SANH,superficie_no_habitacional,m2,True,47293.0,290998.0
2019-12-01,16,Ñuble,SANH,superficie_no_habitacional,m2,True,11276.0,292439.0
2020-01-01,16,Ñuble,SANH,superficie_no_habitacional,m2,True,12874.0,296122.0
2020-02-01,16,Ñuble,SANH,superficie_no_habitacional,m2,True,9605.0,297444.0
2020-03-01,16,Ñuble,SANH,superficie_no_habitacional,m2,True,10418.0,289740.0
2020-04-01,16,Ñuble,SANH,superficie_no_habitacional,m2,True,3218.0,277804.0
2020-05-01,16,Ñuble,SANH,superficie_no_habitacional,m2,True,15432.0,277914.0
2020-06-01,16,Ñuble,SANH,superficie_no_habitacional,m2,True,5799.0,278024.0
2020-07-01,16,Ñuble,SANH,superficie_no_habitacional,m2,True,7433.0,150332.0
2020-08-01,16,Ñuble,SANH,superficie_no_habitacional,m2,True,4853.0,147501.0
2020-09-01,16,Ñuble,SANH,superficie_no_habitacional,m2,True,9504.0,149153.0
2020-10-01,16,Ñuble,SANH,superficie_no_habitacional,m2,True,5790.0,143495.0
2020-11-01,16,Ñuble,SANH,superficie_no_habitacional,m2,True,20542.0,116744.0
2020-12-01,16,Ñuble,SANH,superficie_no_habitacional,m2,True,23569.0,129037.0
2021-01-01,16,Ñuble,SANH,superficie_no_habitacional,m2,True,13277.0,129440.0
2021-02-01,16,Ñuble,SANH,superficie_no_habitacional,m2,True,5208.0,125043.0
2021-03-01,16,Ñuble,SANH,superficie_no_habitacional,m2,True,5940.0,120565.0
2021-04-01,16,Ñuble,SANH,superficie_no_habitacional,m2,True,4140.0,121487.0
2021-05-01,16,Ñuble,SANH,superficie_no_habitacional,m2,True,5096.0,111151.0
2021-06-01,16,Ñuble,SANH,superficie_no_habitacional,m2,True,7971.0,113323.0
2021-07-01,16,Ñuble,SANH,superficie_no_habitacional,m2,True,27143.0,133033.0
2021-08-01,16,Ñuble,SANH,superficie_no_habitacional,m2,True,9262.0,137442.0
2021-09-01,16,Ñuble,SANH,superficie_no_habitacional,m2,True,1650.0,129588.0
2021-10-01,16,Ñuble,SANH,superficie_no_habitacional,m2,True,14592.0,138390.0
2021-11-01,16,Ñuble,SANH,superficie_no_habitacional,m2,True,10657.0,128505.0
2021-12-01,16,Ñuble,SANH,superficie_no_habitacional,m2,True,11859.0,116795.0
2022-01-01,16,Ñuble,SANH,superficie_no_habitacional,m2,True,7295.0,110813.0
2022-02-01,16,Ñuble,SANH,superficie_no_habitacional,m2,True,3967.0,109572.0
2022-03-01,16,Ñuble,SANH,superficie_no_habitacional,m2,True,6836.0,110468.0
2022-04-01,16,Ñuble,SANH,superficie_no_habitacional,m2,True,6609.0,112937.0
2022-05-01,16,Ñuble,SANH,superficie_no_habitacional,m2,True,1801.0,109642.0
2022-06-01,16,Ñuble,SANH,superficie_no_habitacional,m2,True,5396.0,107067.0
2022-07-01,16,Ñuble,SANH,superficie_no_habitacional,m2,True,8718.0,88642.0
2022-08-01,16,Ñuble,SANH,superficie_no_habitacional,m2,True,5624.0,85004.0
2022-09-01,16,Ñuble,SANH,superficie_no_habitacional,m2,True,2438.0,85792.0
2022-10-01,16,Ñuble,SANH,superficie_no_habitacional,m2,True,6813.0,78013.0
2022-11-01,16,Ñuble,SANH,superficie_no_habitacional,m2,True,8397.0,75753.0
2022-12-01,16,Ñuble,SANH,superficie_no_habitacional,m2,True,5441.0,69335.0
2023-01-01,16,Ñuble,SANH,superficie_no_habitacional,m2,True,2299.0,64339.0
2023-02-01,16,Ñuble,SANH,superficie_no_habitacional,m2,True,1608.0,61980.0
2023-03-01,16,Ñuble,SANH,superficie_no_habitacional,m2,True,3485.0,58629.0
2023-04-01,16,Ñuble,SANH,superficie_no_habitacional,m2,True,8761.0,60781.0
2023-05-01,16,Ñuble,SANH,superficie_no_habitacional,m2,True,9081.0,68061.0
2023-06-01,16,Ñuble,SANH,superficie_no_habitacional,m2,True,1702.0,64367.0
2023-07-01,16,Ñuble,SANH,superficie_no_habitacional,m2,True,6527.0,62176.0
2023-08-01,16,Ñuble,SANH,superficie_no_habitacional,m2,True,6752.0,63304.0
2023-09-01,16,Ñuble,SANH,superficie_no_habitacional,m2,True,7970.0,68836.0
2023-10-01,16,Ñuble,SANH,superficie_no_habitacional,m2,True,8658.0,70681.0
2023-11-01,16,Ñuble,SANH,superficie_no_habitacional,m2,True,9002.0,71286.0
2023-12-01,16,Ñuble,SANH,superficie_no_habitacional,m2,True,12536.0,78381.0
2024-01-01,16,Ñuble,SANH,superficie_no_habitacional,m2,True,6349.0,82431.0
2024-02-01,16,Ñuble,SANH,superficie_no_habitacional,m2,True,10763.0,91586.0
2024-03-01,16,Ñuble,SANH,superficie_no_habitacional,m2,True,8254.0,96355.0
2024-04-01,16,Ñuble,SANH,superficie_no_habitacional,m2,True,7031.0,94625.0
2024-05-01,16,Ñuble,SANH,superficie_no_habitacional,m2,True,6907.0,92451.0
2024-06-01,16,Ñuble,SANH,superficie_no_habitacional,m2,True,5013.0,95762.0
2024-07-01,16,Ñuble,SANH,superficie_no_habitacional,m2,True,5920.0,95155.0
2024-08-01,16,Ñuble,SANH,superficie_no_habitacional,m2,True,5486.0,93889.0
2024-09-01,16,Ñuble,SANH,superficie_no_habitacional,m2,True,4746.0,90665.0
2024-10-01,16,Ñuble,SANH,superficie_no_habitacional,m2,True,13683.0,95690.0
2024-11-01,16,Ñuble,SANH,superficie_no_habitacional,m2,True,33745.0,120433.0
2024-12-01,16,Ñuble,SANH,superficie_no_habitacional,m2,True,10711.0,118608.0
2025-01-01,16,Ñuble,SANH,superficie_no_habitacional,m2,True,15523.0,127782.0
2025-02-01,16,Ñuble,SANH,superficie_no_habitacional,m2,True,6999.0,124018.0
2025-03-01,16,Ñuble,SANH,superficie_no_habitacional,m2,True,16170.0,131934.0
2025-04-01,16,Ñuble,SANH,superficie_no_habitacional,m2,True,23696.0,148599.0
2025-05-01,16,Ñuble,SANH,superficie_no_habitacional,m2,True,15761.0,157453.0
2025-06-01,16,Ñuble,SANH,superficie_no_habitacional,m2,True,7939.0,160379.0
2025-07-01,16,Ñuble,SANH,superficie_no_habitacional,m2,True,21303.0,175762.0
2025-08-01,16,Ñuble,SANH,superficie_no_habitacional,m2,True,9815.0,180091.0
2025-09-01,16,Ñuble,SANH,superficie_no_habitacional,m2,True,21957.0,197302.0
2025-10-01,16,Ñuble,SANH,superficie_no_habitacional,m2,True,22463.0,206082.0
2025-11-01,16,Ñuble,SANH,superficie_no_habitacional,m2,True,16864.0,189201.0
2025-12-01,16,Ñuble,SANH,superficie_no_habitacional,m2,True,17172.0,195662.0
2026-01-01,16,Ñuble,SANH,superficie_no_habitacional,m2,True,18616.0,198755.0
2026-02-01,16,Ñuble,SANH,superficie_no_habitacional,m2,True,17510.0,209266.0
2026-03-01,16,Ñuble,SANH,superficie_no_habitacional,m2,True,7903.0,200999.0
2026-04-01,16,Ñuble,SANH,superficie_no_habitacional,m2,True,24804.0,202107.0
2026-05-01,16,Ñuble,SANH,superficie_no_habitacional,m2,True,68053.0,254399.0
2014-01-01,01,Tarapacá,NVA,viviendas_autorizadas,unidades,True,514.0,
2014-02-01,01,Tarapacá,NVA,viviendas_autorizadas,unidades,True,151.0,
2014-03-01,01,Tarapacá,NVA,viviendas_autorizadas,unidades,True,20.0,
2014-04-01,01,Tarapacá,NVA,viviendas_autorizadas,unidades,True,276.0,
2014-05-01,01,Tarapacá,NVA,viviendas_autorizadas,unidades,True,403.0,
2014-06-01,01,Tarapacá,NVA,viviendas_autorizadas,unidades,True,329.0,
2014-07-01,01,Tarapacá,NVA,viviendas_autorizadas,unidades,True,619.0,
2014-08-01,01,Tarapacá,NVA,viviendas_autorizadas,unidades,True,167.0,
2014-09-01,01,Tarapacá,NVA,viviendas_autorizadas,unidades,True,53.0,
2014-10-01,01,Tarapacá,NVA,viviendas_autorizadas,unidades,True,49.0,
2014-11-01,01,Tarapacá,NVA,viviendas_autorizadas,unidades,True,19.0,
2014-12-01,01,Tarapacá,NVA,viviendas_autorizadas,unidades,True,162.0,2762.0
2015-01-01,01,Tarapacá,NVA,viviendas_autorizadas,unidades,True,194.0,2442.0
2015-02-01,01,Tarapacá,NVA,viviendas_autorizadas,unidades,True,288.0,2579.0
2015-03-01,01,Tarapacá,NVA,viviendas_autorizadas,unidades,True,164.0,2723.0
2015-04-01,01,Tarapacá,NVA,viviendas_autorizadas,unidades,True,35.0,2482.0
2015-05-01,01,Tarapacá,NVA,viviendas_autorizadas,unidades,True,219.0,2298.0
2015-06-01,01,Tarapacá,NVA,viviendas_autorizadas,unidades,True,96.0,2065.0
2015-07-01,01,Tarapacá,NVA,viviendas_autorizadas,unidades,True,469.0,1915.0
2015-08-01,01,Tarapacá,NVA,viviendas_autorizadas,unidades,True,535.0,2283.0
2015-09-01,01,Tarapacá,NVA,viviendas_autorizadas,unidades,True,134.0,2364.0
2015-10-01,01,Tarapacá,NVA,viviendas_autorizadas,unidades,True,424.0,2739.0
2015-11-01,01,Tarapacá,NVA,viviendas_autorizadas,unidades,True,72.0,2792.0
2015-12-01,01,Tarapacá,NVA,viviendas_autorizadas,unidades,True,1391.0,4021.0
2016-01-01,01,Tarapacá,NVA,viviendas_autorizadas,unidades,True,26.0,3853.0
2016-02-01,01,Tarapacá,NVA,viviendas_autorizadas,unidades,True,391.0,3956.0
2016-03-01,01,Tarapacá,NVA,viviendas_autorizadas,unidades,True,463.0,4255.0
2016-04-01,01,Tarapacá,NVA,viviendas_autorizadas,unidades,True,175.0,4395.0
2016-05-01,01,Tarapacá,NVA,viviendas_autorizadas,unidades,True,30.0,4206.0
2016-06-01,01,Tarapacá,NVA,viviendas_autorizadas,unidades,True,458.0,4568.0
2016-07-01,01,Tarapacá,NVA,viviendas_autorizadas,unidades,True,155.0,4254.0
2016-08-01,01,Tarapacá,NVA,viviendas_autorizadas,unidades,True,146.0,3865.0
2016-09-01,01,Tarapacá,NVA,viviendas_autorizadas,unidades,True,559.0,4290.0
2016-10-01,01,Tarapacá,NVA,viviendas_autorizadas,unidades,True,566.0,4432.0
2016-11-01,01,Tarapacá,NVA,viviendas_autorizadas,unidades,True,27.0,4387.0
2016-12-01,01,Tarapacá,NVA,viviendas_autorizadas,unidades,True,337.0,3333.0
2017-01-01,01,Tarapacá,NVA,viviendas_autorizadas,unidades,True,26.0,3333.0
2017-02-01,01,Tarapacá,NVA,viviendas_autorizadas,unidades,True,157.0,3099.0
2017-03-01,01,Tarapacá,NVA,viviendas_autorizadas,unidades,True,88.0,2724.0
2017-04-01,01,Tarapacá,NVA,viviendas_autorizadas,unidades,True,26.0,2575.0
2017-05-01,01,Tarapacá,NVA,viviendas_autorizadas,unidades,True,32.0,2577.0
2017-06-01,01,Tarapacá,NVA,viviendas_autorizadas,unidades,True,332.0,2451.0
2017-07-01,01,Tarapacá,NVA,viviendas_autorizadas,unidades,True,105.0,2401.0
2017-08-01,01,Tarapacá,NVA,viviendas_autorizadas,unidades,True,260.0,2515.0
2017-09-01,01,Tarapacá,NVA,viviendas_autorizadas,unidades,True,35.0,1991.0
2017-10-01,01,Tarapacá,NVA,viviendas_autorizadas,unidades,True,24.0,1449.0
2017-11-01,01,Tarapacá,NVA,viviendas_autorizadas,unidades,True,638.0,2060.0
2017-12-01,01,Tarapacá,NVA,viviendas_autorizadas,unidades,True,45.0,1768.0
2018-01-01,01,Tarapacá,NVA,viviendas_autorizadas,unidades,True,31.0,1773.0
2018-02-01,01,Tarapacá,NVA,viviendas_autorizadas,unidades,True,357.0,1973.0
2018-03-01,01,Tarapacá,NVA,viviendas_autorizadas,unidades,True,175.0,2060.0
2018-04-01,01,Tarapacá,NVA,viviendas_autorizadas,unidades,True,25.0,2059.0
2018-05-01,01,Tarapacá,NVA,viviendas_autorizadas,unidades,True,38.0,2065.0
2018-06-01,01,Tarapacá,NVA,viviendas_autorizadas,unidades,True,40.0,1773.0
2018-07-01,01,Tarapacá,NVA,viviendas_autorizadas,unidades,True,19.0,1687.0
2018-08-01,01,Tarapacá,NVA,viviendas_autorizadas,unidades,True,477.0,1904.0
2018-09-01,01,Tarapacá,NVA,viviendas_autorizadas,unidades,True,46.0,1915.0
2018-10-01,01,Tarapacá,NVA,viviendas_autorizadas,unidades,True,36.0,1927.0
2018-11-01,01,Tarapacá,NVA,viviendas_autorizadas,unidades,True,324.0,1613.0
2018-12-01,01,Tarapacá,NVA,viviendas_autorizadas,unidades,True,556.0,2124.0
2019-01-01,01,Tarapacá,NVA,viviendas_autorizadas,unidades,True,13.0,2106.0
2019-02-01,01,Tarapacá,NVA,viviendas_autorizadas,unidades,True,473.0,2222.0
2019-03-01,01,Tarapacá,NVA,viviendas_autorizadas,unidades,True,121.0,2168.0
2019-04-01,01,Tarapacá,NVA,viviendas_autorizadas,unidades,True,20.0,2163.0
2019-05-01,01,Tarapacá,NVA,viviendas_autorizadas,unidades,True,17.0,2142.0
2019-06-01,01,Tarapacá,NVA,viviendas_autorizadas,unidades,True,333.0,2435.0
2019-07-01,01,Tarapacá,NVA,viviendas_autorizadas,unidades,True,330.0,2746.0
2019-08-01,01,Tarapacá,NVA,viviendas_autorizadas,unidades,True,21.0,2290.0
2019-09-01,01,Tarapacá,NVA,viviendas_autorizadas,unidades,True,18.0,2262.0
2019-10-01,01,Tarapacá,NVA,viviendas_autorizadas,unidades,True,44.0,2270.0
2019-11-01,01,Tarapacá,NVA,viviendas_autorizadas,unidades,True,16.0,1962.0
2019-12-01,01,Tarapacá,NVA,viviendas_autorizadas,unidades,True,96.0,1502.0
2020-01-01,01,Tarapacá,NVA,viviendas_autorizadas,unidades,True,441.0,1930.0
2020-02-01,01,Tarapacá,NVA,viviendas_autorizadas,unidades,True,337.0,1794.0
2020-03-01,01,Tarapacá,NVA,viviendas_autorizadas,unidades,True,6.0,1679.0
2020-04-01,01,Tarapacá,NVA,viviendas_autorizadas,unidades,True,11.0,1670.0
2020-05-01,01,Tarapacá,NVA,viviendas_autorizadas,unidades,True,7.0,1660.0
2020-06-01,01,Tarapacá,NVA,viviendas_autorizadas,unidades,True,805.0,2132.0
2020-07-01,01,Tarapacá,NVA,viviendas_autorizadas,unidades,True,223.0,2025.0
2020-08-01,01,Tarapacá,NVA,viviendas_autorizadas,unidades,True,15.0,2019.0
2020-09-01,01,Tarapacá,NVA,viviendas_autorizadas,unidades,True,769.0,2770.0
2020-10-01,01,Tarapacá,NVA,viviendas_autorizadas,unidades,True,238.0,2964.0
2020-11-01,01,Tarapacá,NVA,viviendas_autorizadas,unidades,True,606.0,3554.0
2020-12-01,01,Tarapacá,NVA,viviendas_autorizadas,unidades,True,18.0,3476.0
2021-01-01,01,Tarapacá,NVA,viviendas_autorizadas,unidades,True,15.0,3050.0
2021-02-01,01,Tarapacá,NVA,viviendas_autorizadas,unidades,True,6.0,2719.0
2021-03-01,01,Tarapacá,NVA,viviendas_autorizadas,unidades,True,653.0,3366.0
2021-04-01,01,Tarapacá,NVA,viviendas_autorizadas,unidades,True,415.0,3770.0
2021-05-01,01,Tarapacá,NVA,viviendas_autorizadas,unidades,True,335.0,4098.0
2021-06-01,01,Tarapacá,NVA,viviendas_autorizadas,unidades,True,239.0,3532.0
2021-07-01,01,Tarapacá,NVA,viviendas_autorizadas,unidades,True,397.0,3706.0
2021-08-01,01,Tarapacá,NVA,viviendas_autorizadas,unidades,True,19.0,3710.0
2021-09-01,01,Tarapacá,NVA,viviendas_autorizadas,unidades,True,316.0,3257.0
2021-10-01,01,Tarapacá,NVA,viviendas_autorizadas,unidades,True,16.0,3035.0
2021-11-01,01,Tarapacá,NVA,viviendas_autorizadas,unidades,True,595.0,3024.0
2021-12-01,01,Tarapacá,NVA,viviendas_autorizadas,unidades,True,99.0,3105.0
2022-01-01,01,Tarapacá,NVA,viviendas_autorizadas,unidades,True,18.0,3108.0
2022-02-01,01,Tarapacá,NVA,viviendas_autorizadas,unidades,True,9.0,3111.0
2022-03-01,01,Tarapacá,NVA,viviendas_autorizadas,unidades,True,165.0,2623.0
2022-04-01,01,Tarapacá,NVA,viviendas_autorizadas,unidades,True,515.0,2723.0
2022-05-01,01,Tarapacá,NVA,viviendas_autorizadas,unidades,True,6.0,2394.0
2022-06-01,01,Tarapacá,NVA,viviendas_autorizadas,unidades,True,12.0,2167.0
2022-07-01,01,Tarapacá,NVA,viviendas_autorizadas,unidades,True,13.0,1783.0
2022-08-01,01,Tarapacá,NVA,viviendas_autorizadas,unidades,True,14.0,1778.0
2022-09-01,01,Tarapacá,NVA,viviendas_autorizadas,unidades,True,653.0,2115.0
2022-10-01,01,Tarapacá,NVA,viviendas_autorizadas,unidades,True,56.0,2155.0
2022-11-01,01,Tarapacá,NVA,viviendas_autorizadas,unidades,True,3.0,1563.0
2022-12-01,01,Tarapacá,NVA,viviendas_autorizadas,unidades,True,501.0,1965.0
2023-01-01,01,Tarapacá,NVA,viviendas_autorizadas,unidades,True,658.0,2605.0
2023-02-01,01,Tarapacá,NVA,viviendas_autorizadas,unidades,True,16.0,2612.0
2023-03-01,01,Tarapacá,NVA,viviendas_autorizadas,unidades,True,13.0,2460.0
2023-04-01,01,Tarapacá,NVA,viviendas_autorizadas,unidades,True,372.0,2317.0
2023-05-01,01,Tarapacá,NVA,viviendas_autorizadas,unidades,True,33.0,2344.0
2023-06-01,01,Tarapacá,NVA,viviendas_autorizadas,unidades,True,180.0,2512.0
2023-07-01,01,Tarapacá,NVA,viviendas_autorizadas,unidades,True,482.0,2981.0
2023-08-01,01,Tarapacá,NVA,viviendas_autorizadas,unidades,True,35.0,3002.0
2023-09-01,01,Tarapacá,NVA,viviendas_autorizadas,unidades,True,26.0,2375.0
2023-10-01,01,Tarapacá,NVA,viviendas_autorizadas,unidades,True,16.0,2335.0
2023-11-01,01,Tarapacá,NVA,viviendas_autorizadas,unidades,True,14.0,2346.0
2023-12-01,01,Tarapacá,NVA,viviendas_autorizadas,unidades,True,79.0,1924.0
2024-01-01,01,Tarapacá,NVA,viviendas_autorizadas,unidades,True,42.0,1308.0
2024-02-01,01,Tarapacá,NVA,viviendas_autorizadas,unidades,True,13.0,1305.0
2024-03-01,01,Tarapacá,NVA,viviendas_autorizadas,unidades,True,96.0,1388.0
2024-04-01,01,Tarapacá,NVA,viviendas_autorizadas,unidades,True,190.0,1206.0
2024-05-01,01,Tarapacá,NVA,viviendas_autorizadas,unidades,True,138.0,1311.0
2024-06-01,01,Tarapacá,NVA,viviendas_autorizadas,unidades,True,15.0,1146.0
2024-07-01,01,Tarapacá,NVA,viviendas_autorizadas,unidades,True,16.0,680.0
2024-08-01,01,Tarapacá,NVA,viviendas_autorizadas,unidades,True,28.0,673.0
2024-09-01,01,Tarapacá,NVA,viviendas_autorizadas,unidades,True,8.0,655.0
2024-10-01,01,Tarapacá,NVA,viviendas_autorizadas,unidades,True,152.0,791.0
2024-11-01,01,Tarapacá,NVA,viviendas_autorizadas,unidades,True,1549.0,2326.0
2024-12-01,01,Tarapacá,NVA,viviendas_autorizadas,unidades,True,522.0,2769.0
2025-01-01,01,Tarapacá,NVA,viviendas_autorizadas,unidades,True,119.0,2846.0
2025-02-01,01,Tarapacá,NVA,viviendas_autorizadas,unidades,True,401.0,3234.0
2025-03-01,01,Tarapacá,NVA,viviendas_autorizadas,unidades,True,117.0,3255.0
2025-04-01,01,Tarapacá,NVA,viviendas_autorizadas,unidades,True,156.0,3221.0
2025-05-01,01,Tarapacá,NVA,viviendas_autorizadas,unidades,True,232.0,3315.0
2025-06-01,01,Tarapacá,NVA,viviendas_autorizadas,unidades,True,303.0,3603.0
2025-07-01,01,Tarapacá,NVA,viviendas_autorizadas,unidades,True,8.0,3595.0
2025-08-01,01,Tarapacá,NVA,viviendas_autorizadas,unidades,True,99.0,3666.0
2025-09-01,01,Tarapacá,NVA,viviendas_autorizadas,unidades,True,14.0,3672.0
2025-10-01,01,Tarapacá,NVA,viviendas_autorizadas,unidades,True,101.0,3621.0
2025-11-01,01,Tarapacá,NVA,viviendas_autorizadas,unidades,True,293.0,2365.0
2025-12-01,01,Tarapacá,NVA,viviendas_autorizadas,unidades,True,7.0,1850.0
2026-01-01,01,Tarapacá,NVA,viviendas_autorizadas,unidades,True,7.0,1738.0
2026-02-01,01,Tarapacá,NVA,viviendas_autorizadas,unidades,True,683.0,2020.0
2026-03-01,01,Tarapacá,NVA,viviendas_autorizadas,unidades,True,8.0,1911.0
2026-04-01,01,Tarapacá,NVA,viviendas_autorizadas,unidades,True,30.0,1785.0
2026-05-01,01,Tarapacá,NVA,viviendas_autorizadas,unidades,True,192.0,1745.0
2014-01-01,02,Antofagasta,NVA,viviendas_autorizadas,unidades,True,1177.0,
2014-02-01,02,Antofagasta,NVA,viviendas_autorizadas,unidades,True,793.0,
2014-03-01,02,Antofagasta,NVA,viviendas_autorizadas,unidades,True,60.0,
2014-04-01,02,Antofagasta,NVA,viviendas_autorizadas,unidades,True,59.0,
2014-05-01,02,Antofagasta,NVA,viviendas_autorizadas,unidades,True,31.0,
2014-06-01,02,Antofagasta,NVA,viviendas_autorizadas,unidades,True,630.0,
2014-07-01,02,Antofagasta,NVA,viviendas_autorizadas,unidades,True,382.0,
2014-08-01,02,Antofagasta,NVA,viviendas_autorizadas,unidades,True,557.0,
2014-09-01,02,Antofagasta,NVA,viviendas_autorizadas,unidades,True,816.0,
2014-10-01,02,Antofagasta,NVA,viviendas_autorizadas,unidades,True,242.0,
2014-11-01,02,Antofagasta,NVA,viviendas_autorizadas,unidades,True,362.0,
2014-12-01,02,Antofagasta,NVA,viviendas_autorizadas,unidades,True,876.0,5985.0
2015-01-01,02,Antofagasta,NVA,viviendas_autorizadas,unidades,True,280.0,5088.0
2015-02-01,02,Antofagasta,NVA,viviendas_autorizadas,unidades,True,285.0,4580.0
2015-03-01,02,Antofagasta,NVA,viviendas_autorizadas,unidades,True,79.0,4599.0
2015-04-01,02,Antofagasta,NVA,viviendas_autorizadas,unidades,True,578.0,5118.0
2015-05-01,02,Antofagasta,NVA,viviendas_autorizadas,unidades,True,14.0,5101.0
2015-06-01,02,Antofagasta,NVA,viviendas_autorizadas,unidades,True,15.0,4486.0
2015-07-01,02,Antofagasta,NVA,viviendas_autorizadas,unidades,True,335.0,4439.0
2015-08-01,02,Antofagasta,NVA,viviendas_autorizadas,unidades,True,303.0,4185.0
2015-09-01,02,Antofagasta,NVA,viviendas_autorizadas,unidades,True,180.0,3549.0
2015-10-01,02,Antofagasta,NVA,viviendas_autorizadas,unidades,True,558.0,3865.0
2015-11-01,02,Antofagasta,NVA,viviendas_autorizadas,unidades,True,441.0,3944.0
2015-12-01,02,Antofagasta,NVA,viviendas_autorizadas,unidades,True,1023.0,4091.0
2016-01-01,02,Antofagasta,NVA,viviendas_autorizadas,unidades,True,258.0,4069.0
2016-02-01,02,Antofagasta,NVA,viviendas_autorizadas,unidades,True,52.0,3836.0
2016-03-01,02,Antofagasta,NVA,viviendas_autorizadas,unidades,True,301.0,4058.0
2016-04-01,02,Antofagasta,NVA,viviendas_autorizadas,unidades,True,17.0,3497.0
2016-05-01,02,Antofagasta,NVA,viviendas_autorizadas,unidades,True,530.0,4013.0
2016-06-01,02,Antofagasta,NVA,viviendas_autorizadas,unidades,True,50.0,4048.0
2016-07-01,02,Antofagasta,NVA,viviendas_autorizadas,unidades,True,25.0,3738.0
2016-08-01,02,Antofagasta,NVA,viviendas_autorizadas,unidades,True,52.0,3487.0
2016-09-01,02,Antofagasta,NVA,viviendas_autorizadas,unidades,True,358.0,3665.0
2016-10-01,02,Antofagasta,NVA,viviendas_autorizadas,unidades,True,167.0,3274.0
2016-11-01,02,Antofagasta,NVA,viviendas_autorizadas,unidades,True,270.0,3103.0
2016-12-01,02,Antofagasta,NVA,viviendas_autorizadas,unidades,True,251.0,2331.0
2017-01-01,02,Antofagasta,NVA,viviendas_autorizadas,unidades,True,135.0,2208.0
2017-02-01,02,Antofagasta,NVA,viviendas_autorizadas,unidades,True,37.0,2193.0
2017-03-01,02,Antofagasta,NVA,viviendas_autorizadas,unidades,True,159.0,2051.0
2017-04-01,02,Antofagasta,NVA,viviendas_autorizadas,unidades,True,110.0,2144.0
2017-05-01,02,Antofagasta,NVA,viviendas_autorizadas,unidades,True,559.0,2173.0
2017-06-01,02,Antofagasta,NVA,viviendas_autorizadas,unidades,True,479.0,2602.0
2017-07-01,02,Antofagasta,NVA,viviendas_autorizadas,unidades,True,39.0,2616.0
2017-08-01,02,Antofagasta,NVA,viviendas_autorizadas,unidades,True,65.0,2629.0
2017-09-01,02,Antofagasta,NVA,viviendas_autorizadas,unidades,True,332.0,2603.0
2017-10-01,02,Antofagasta,NVA,viviendas_autorizadas,unidades,True,192.0,2628.0
2017-11-01,02,Antofagasta,NVA,viviendas_autorizadas,unidades,True,880.0,3238.0
2017-12-01,02,Antofagasta,NVA,viviendas_autorizadas,unidades,True,71.0,3058.0
2018-01-01,02,Antofagasta,NVA,viviendas_autorizadas,unidades,True,103.0,3026.0
2018-02-01,02,Antofagasta,NVA,viviendas_autorizadas,unidades,True,185.0,3174.0
2018-03-01,02,Antofagasta,NVA,viviendas_autorizadas,unidades,True,283.0,3298.0
2018-04-01,02,Antofagasta,NVA,viviendas_autorizadas,unidades,True,276.0,3464.0
2018-05-01,02,Antofagasta,NVA,viviendas_autorizadas,unidades,True,371.0,3276.0
2018-06-01,02,Antofagasta,NVA,viviendas_autorizadas,unidades,True,44.0,2841.0
2018-07-01,02,Antofagasta,NVA,viviendas_autorizadas,unidades,True,186.0,2988.0
2018-08-01,02,Antofagasta,NVA,viviendas_autorizadas,unidades,True,883.0,3806.0
2018-09-01,02,Antofagasta,NVA,viviendas_autorizadas,unidades,True,530.0,4004.0
2018-10-01,02,Antofagasta,NVA,viviendas_autorizadas,unidades,True,55.0,3867.0
2018-11-01,02,Antofagasta,NVA,viviendas_autorizadas,unidades,True,56.0,3043.0
2018-12-01,02,Antofagasta,NVA,viviendas_autorizadas,unidades,True,256.0,3228.0
2019-01-01,02,Antofagasta,NVA,viviendas_autorizadas,unidades,True,471.0,3596.0
2019-02-01,02,Antofagasta,NVA,viviendas_autorizadas,unidades,True,444.0,3855.0
2019-03-01,02,Antofagasta,NVA,viviendas_autorizadas,unidades,True,36.0,3608.0
2019-04-01,02,Antofagasta,NVA,viviendas_autorizadas,unidades,True,241.0,3573.0
2019-05-01,02,Antofagasta,NVA,viviendas_autorizadas,unidades,True,3199.0,6401.0
2019-06-01,02,Antofagasta,NVA,viviendas_autorizadas,unidades,True,588.0,6945.0
2019-07-01,02,Antofagasta,NVA,viviendas_autorizadas,unidades,True,40.0,6799.0
2019-08-01,02,Antofagasta,NVA,viviendas_autorizadas,unidades,True,352.0,6268.0
2019-09-01,02,Antofagasta,NVA,viviendas_autorizadas,unidades,True,249.0,5987.0
2019-10-01,02,Antofagasta,NVA,viviendas_autorizadas,unidades,True,274.0,6206.0
2019-11-01,02,Antofagasta,NVA,viviendas_autorizadas,unidades,True,387.0,6537.0
2019-12-01,02,Antofagasta,NVA,viviendas_autorizadas,unidades,True,58.0,6339.0
2020-01-01,02,Antofagasta,NVA,viviendas_autorizadas,unidades,True,33.0,5901.0
2020-02-01,02,Antofagasta,NVA,viviendas_autorizadas,unidades,True,17.0,5474.0
2020-03-01,02,Antofagasta,NVA,viviendas_autorizadas,unidades,True,92.0,5530.0
2020-04-01,02,Antofagasta,NVA,viviendas_autorizadas,unidades,True,125.0,5414.0
2020-05-01,02,Antofagasta,NVA,viviendas_autorizadas,unidades,True,9.0,2224.0
2020-06-01,02,Antofagasta,NVA,viviendas_autorizadas,unidades,True,12.0,1648.0
2020-07-01,02,Antofagasta,NVA,viviendas_autorizadas,unidades,True,17.0,1625.0
2020-08-01,02,Antofagasta,NVA,viviendas_autorizadas,unidades,True,141.0,1414.0
2020-09-01,02,Antofagasta,NVA,viviendas_autorizadas,unidades,True,27.0,1192.0
2020-10-01,02,Antofagasta,NVA,viviendas_autorizadas,unidades,True,19.0,937.0
2020-11-01,02,Antofagasta,NVA,viviendas_autorizadas,unidades,True,458.0,1008.0
2020-12-01,02,Antofagasta,NVA,viviendas_autorizadas,unidades,True,1280.0,2230.0
2021-01-01,02,Antofagasta,NVA,viviendas_autorizadas,unidades,True,356.0,2553.0
2021-02-01,02,Antofagasta,NVA,viviendas_autorizadas,unidades,True,163.0,2699.0
2021-03-01,02,Antofagasta,NVA,viviendas_autorizadas,unidades,True,590.0,3197.0
2021-04-01,02,Antofagasta,NVA,viviendas_autorizadas,unidades,True,881.0,3953.0
2021-05-01,02,Antofagasta,NVA,viviendas_autorizadas,unidades,True,656.0,4600.0
2021-06-01,02,Antofagasta,NVA,viviendas_autorizadas,unidades,True,740.0,5328.0
2021-07-01,02,Antofagasta,NVA,viviendas_autorizadas,unidades,True,334.0,5645.0
2021-08-01,02,Antofagasta,NVA,viviendas_autorizadas,unidades,True,598.0,6102.0
2021-09-01,02,Antofagasta,NVA,viviendas_autorizadas,unidades,True,443.0,6518.0
2021-10-01,02,Antofagasta,NVA,viviendas_autorizadas,unidades,True,44.0,6543.0
2021-11-01,02,Antofagasta,NVA,viviendas_autorizadas,unidades,True,727.0,6812.0
2021-12-01,02,Antofagasta,NVA,viviendas_autorizadas,unidades,True,382.0,5914.0
2022-01-01,02,Antofagasta,NVA,viviendas_autorizadas,unidades,True,235.0,5793.0
2022-02-01,02,Antofagasta,NVA,viviendas_autorizadas,unidades,True,330.0,5960.0
2022-03-01,02,Antofagasta,NVA,viviendas_autorizadas,unidades,True,50.0,5420.0
2022-04-01,02,Antofagasta,NVA,viviendas_autorizadas,unidades,True,745.0,5284.0
2022-05-01,02,Antofagasta,NVA,viviendas_autorizadas,unidades,True,66.0,4694.0
2022-06-01,02,Antofagasta,NVA,viviendas_autorizadas,unidades,True,183.0,4137.0
2022-07-01,02,Antofagasta,NVA,viviendas_autorizadas,unidades,True,42.0,3845.0
2022-08-01,02,Antofagasta,NVA,viviendas_autorizadas,unidades,True,615.0,3862.0
2022-09-01,02,Antofagasta,NVA,viviendas_autorizadas,unidades,True,42.0,3461.0
2022-10-01,02,Antofagasta,NVA,viviendas_autorizadas,unidades,True,41.0,3458.0
2022-11-01,02,Antofagasta,NVA,viviendas_autorizadas,unidades,True,667.0,3398.0
2022-12-01,02,Antofagasta,NVA,viviendas_autorizadas,unidades,True,1290.0,4306.0
2023-01-01,02,Antofagasta,NVA,viviendas_autorizadas,unidades,True,235.0,4306.0
2023-02-01,02,Antofagasta,NVA,viviendas_autorizadas,unidades,True,139.0,4115.0
2023-03-01,02,Antofagasta,NVA,viviendas_autorizadas,unidades,True,262.0,4327.0
2023-04-01,02,Antofagasta,NVA,viviendas_autorizadas,unidades,True,47.0,3629.0
2023-05-01,02,Antofagasta,NVA,viviendas_autorizadas,unidades,True,67.0,3630.0
2023-06-01,02,Antofagasta,NVA,viviendas_autorizadas,unidades,True,797.0,4244.0
2023-07-01,02,Antofagasta,NVA,viviendas_autorizadas,unidades,True,603.0,4805.0
2023-08-01,02,Antofagasta,NVA,viviendas_autorizadas,unidades,True,287.0,4477.0
2023-09-01,02,Antofagasta,NVA,viviendas_autorizadas,unidades,True,190.0,4625.0
2023-10-01,02,Antofagasta,NVA,viviendas_autorizadas,unidades,True,38.0,4622.0
2023-11-01,02,Antofagasta,NVA,viviendas_autorizadas,unidades,True,38.0,3993.0
2023-12-01,02,Antofagasta,NVA,viviendas_autorizadas,unidades,True,107.0,2810.0
2024-01-01,02,Antofagasta,NVA,viviendas_autorizadas,unidades,True,83.0,2658.0
2024-02-01,02,Antofagasta,NVA,viviendas_autorizadas,unidades,True,404.0,2923.0
2024-03-01,02,Antofagasta,NVA,viviendas_autorizadas,unidades,True,79.0,2740.0
2024-04-01,02,Antofagasta,NVA,viviendas_autorizadas,unidades,True,35.0,2728.0
2024-05-01,02,Antofagasta,NVA,viviendas_autorizadas,unidades,True,32.0,2693.0
2024-06-01,02,Antofagasta,NVA,viviendas_autorizadas,unidades,True,25.0,1921.0
2024-07-01,02,Antofagasta,NVA,viviendas_autorizadas,unidades,True,44.0,1362.0
2024-08-01,02,Antofagasta,NVA,viviendas_autorizadas,unidades,True,36.0,1111.0
2024-09-01,02,Antofagasta,NVA,viviendas_autorizadas,unidades,True,34.0,955.0
2024-10-01,02,Antofagasta,NVA,viviendas_autorizadas,unidades,True,28.0,945.0
2024-11-01,02,Antofagasta,NVA,viviendas_autorizadas,unidades,True,436.0,1343.0
2024-12-01,02,Antofagasta,NVA,viviendas_autorizadas,unidades,True,1433.0,2669.0
2025-01-01,02,Antofagasta,NVA,viviendas_autorizadas,unidades,True,200.0,2786.0
2025-02-01,02,Antofagasta,NVA,viviendas_autorizadas,unidades,True,41.0,2423.0
2025-03-01,02,Antofagasta,NVA,viviendas_autorizadas,unidades,True,29.0,2373.0
2025-04-01,02,Antofagasta,NVA,viviendas_autorizadas,unidades,True,1650.0,3988.0
2025-05-01,02,Antofagasta,NVA,viviendas_autorizadas,unidades,True,44.0,4000.0
2025-06-01,02,Antofagasta,NVA,viviendas_autorizadas,unidades,True,32.0,4007.0
2025-07-01,02,Antofagasta,NVA,viviendas_autorizadas,unidades,True,231.0,4194.0
2025-08-01,02,Antofagasta,NVA,viviendas_autorizadas,unidades,True,21.0,4179.0
2025-09-01,02,Antofagasta,NVA,viviendas_autorizadas,unidades,True,29.0,4174.0
2025-10-01,02,Antofagasta,NVA,viviendas_autorizadas,unidades,True,17.0,4163.0
2025-11-01,02,Antofagasta,NVA,viviendas_autorizadas,unidades,True,32.0,3759.0
2025-12-01,02,Antofagasta,NVA,viviendas_autorizadas,unidades,True,42.0,2368.0
2026-01-01,02,Antofagasta,NVA,viviendas_autorizadas,unidades,True,26.0,2194.0
2026-02-01,02,Antofagasta,NVA,viviendas_autorizadas,unidades,True,10.0,2163.0
2026-03-01,02,Antofagasta,NVA,viviendas_autorizadas,unidades,True,314.0,2448.0
2026-04-01,02,Antofagasta,NVA,viviendas_autorizadas,unidades,True,232.0,1030.0
2026-05-01,02,Antofagasta,NVA,viviendas_autorizadas,unidades,True,178.0,1164.0
2014-01-01,03,Atacama,NVA,viviendas_autorizadas,unidades,True,55.0,
2014-02-01,03,Atacama,NVA,viviendas_autorizadas,unidades,True,597.0,
2014-03-01,03,Atacama,NVA,viviendas_autorizadas,unidades,True,36.0,
2014-04-01,03,Atacama,NVA,viviendas_autorizadas,unidades,True,169.0,
2014-05-01,03,Atacama,NVA,viviendas_autorizadas,unidades,True,35.0,
2014-06-01,03,Atacama,NVA,viviendas_autorizadas,unidades,True,27.0,
2014-07-01,03,Atacama,NVA,viviendas_autorizadas,unidades,True,104.0,
2014-08-01,03,Atacama,NVA,viviendas_autorizadas,unidades,True,157.0,
2014-09-01,03,Atacama,NVA,viviendas_autorizadas,unidades,True,42.0,
2014-10-01,03,Atacama,NVA,viviendas_autorizadas,unidades,True,391.0,
2014-11-01,03,Atacama,NVA,viviendas_autorizadas,unidades,True,76.0,
2014-12-01,03,Atacama,NVA,viviendas_autorizadas,unidades,True,49.0,1738.0
2015-01-01,03,Atacama,NVA,viviendas_autorizadas,unidades,True,39.0,1722.0
2015-02-01,03,Atacama,NVA,viviendas_autorizadas,unidades,True,91.0,1216.0
2015-03-01,03,Atacama,NVA,viviendas_autorizadas,unidades,True,308.0,1488.0
2015-04-01,03,Atacama,NVA,viviendas_autorizadas,unidades,True,41.0,1360.0
2015-05-01,03,Atacama,NVA,viviendas_autorizadas,unidades,True,178.0,1503.0
2015-06-01,03,Atacama,NVA,viviendas_autorizadas,unidades,True,180.0,1656.0
2015-07-01,03,Atacama,NVA,viviendas_autorizadas,unidades,True,34.0,1586.0
2015-08-01,03,Atacama,NVA,viviendas_autorizadas,unidades,True,120.0,1549.0
2015-09-01,03,Atacama,NVA,viviendas_autorizadas,unidades,True,61.0,1568.0
2015-10-01,03,Atacama,NVA,viviendas_autorizadas,unidades,True,53.0,1230.0
2015-11-01,03,Atacama,NVA,viviendas_autorizadas,unidades,True,1091.0,2245.0
2015-12-01,03,Atacama,NVA,viviendas_autorizadas,unidades,True,848.0,3044.0
2016-01-01,03,Atacama,NVA,viviendas_autorizadas,unidades,True,55.0,3060.0
2016-02-01,03,Atacama,NVA,viviendas_autorizadas,unidades,True,50.0,3019.0
2016-03-01,03,Atacama,NVA,viviendas_autorizadas,unidades,True,66.0,2777.0
2016-04-01,03,Atacama,NVA,viviendas_autorizadas,unidades,True,33.0,2769.0
2016-05-01,03,Atacama,NVA,viviendas_autorizadas,unidades,True,51.0,2642.0
2016-06-01,03,Atacama,NVA,viviendas_autorizadas,unidades,True,66.0,2528.0
2016-07-01,03,Atacama,NVA,viviendas_autorizadas,unidades,True,62.0,2556.0
2016-08-01,03,Atacama,NVA,viviendas_autorizadas,unidades,True,83.0,2519.0
2016-09-01,03,Atacama,NVA,viviendas_autorizadas,unidades,True,78.0,2536.0
2016-10-01,03,Atacama,NVA,viviendas_autorizadas,unidades,True,73.0,2556.0
2016-11-01,03,Atacama,NVA,viviendas_autorizadas,unidades,True,152.0,1617.0
2016-12-01,03,Atacama,NVA,viviendas_autorizadas,unidades,True,264.0,1033.0
2017-01-01,03,Atacama,NVA,viviendas_autorizadas,unidades,True,288.0,1266.0
2017-02-01,03,Atacama,NVA,viviendas_autorizadas,unidades,True,381.0,1597.0
2017-03-01,03,Atacama,NVA,viviendas_autorizadas,unidades,True,272.0,1803.0
2017-04-01,03,Atacama,NVA,viviendas_autorizadas,unidades,True,66.0,1836.0
2017-05-01,03,Atacama,NVA,viviendas_autorizadas,unidades,True,83.0,1868.0
2017-06-01,03,Atacama,NVA,viviendas_autorizadas,unidades,True,259.0,2061.0
2017-07-01,03,Atacama,NVA,viviendas_autorizadas,unidades,True,242.0,2241.0
2017-08-01,03,Atacama,NVA,viviendas_autorizadas,unidades,True,247.0,2405.0
2017-09-01,03,Atacama,NVA,viviendas_autorizadas,unidades,True,52.0,2379.0
2017-10-01,03,Atacama,NVA,viviendas_autorizadas,unidades,True,273.0,2579.0
2017-11-01,03,Atacama,NVA,viviendas_autorizadas,unidades,True,85.0,2512.0
2017-12-01,03,Atacama,NVA,viviendas_autorizadas,unidades,True,323.0,2571.0
2018-01-01,03,Atacama,NVA,viviendas_autorizadas,unidades,True,204.0,2487.0
2018-02-01,03,Atacama,NVA,viviendas_autorizadas,unidades,True,141.0,2247.0
2018-03-01,03,Atacama,NVA,viviendas_autorizadas,unidades,True,62.0,2037.0
2018-04-01,03,Atacama,NVA,viviendas_autorizadas,unidades,True,140.0,2111.0
2018-05-01,03,Atacama,NVA,viviendas_autorizadas,unidades,True,194.0,2222.0
2018-06-01,03,Atacama,NVA,viviendas_autorizadas,unidades,True,144.0,2107.0
2018-07-01,03,Atacama,NVA,viviendas_autorizadas,unidades,True,242.0,2107.0
2018-08-01,03,Atacama,NVA,viviendas_autorizadas,unidades,True,66.0,1926.0
2018-09-01,03,Atacama,NVA,viviendas_autorizadas,unidades,True,77.0,1951.0
2018-10-01,03,Atacama,NVA,viviendas_autorizadas,unidades,True,85.0,1763.0
2018-11-01,03,Atacama,NVA,viviendas_autorizadas,unidades,True,54.0,1732.0
2018-12-01,03,Atacama,NVA,viviendas_autorizadas,unidades,True,384.0,1793.0
2019-01-01,03,Atacama,NVA,viviendas_autorizadas,unidades,True,97.0,1686.0
2019-02-01,03,Atacama,NVA,viviendas_autorizadas,unidades,True,139.0,1684.0
2019-03-01,03,Atacama,NVA,viviendas_autorizadas,unidades,True,94.0,1716.0
2019-04-01,03,Atacama,NVA,viviendas_autorizadas,unidades,True,62.0,1638.0
2019-05-01,03,Atacama,NVA,viviendas_autorizadas,unidades,True,301.0,1745.0
2019-06-01,03,Atacama,NVA,viviendas_autorizadas,unidades,True,49.0,1650.0
2019-07-01,03,Atacama,NVA,viviendas_autorizadas,unidades,True,82.0,1490.0
2019-08-01,03,Atacama,NVA,viviendas_autorizadas,unidades,True,37.0,1461.0
2019-09-01,03,Atacama,NVA,viviendas_autorizadas,unidades,True,41.0,1425.0
2019-10-01,03,Atacama,NVA,viviendas_autorizadas,unidades,True,200.0,1540.0
2019-11-01,03,Atacama,NVA,viviendas_autorizadas,unidades,True,207.0,1693.0
2019-12-01,03,Atacama,NVA,viviendas_autorizadas,unidades,True,134.0,1443.0
2020-01-01,03,Atacama,NVA,viviendas_autorizadas,unidades,True,234.0,1580.0
2020-02-01,03,Atacama,NVA,viviendas_autorizadas,unidades,True,56.0,1497.0
2020-03-01,03,Atacama,NVA,viviendas_autorizadas,unidades,True,137.0,1540.0
2020-04-01,03,Atacama,NVA,viviendas_autorizadas,unidades,True,24.0,1502.0
2020-05-01,03,Atacama,NVA,viviendas_autorizadas,unidades,True,157.0,1358.0
2020-06-01,03,Atacama,NVA,viviendas_autorizadas,unidades,True,141.0,1450.0
2020-07-01,03,Atacama,NVA,viviendas_autorizadas,unidades,True,27.0,1395.0
2020-08-01,03,Atacama,NVA,viviendas_autorizadas,unidades,True,141.0,1499.0
2020-09-01,03,Atacama,NVA,viviendas_autorizadas,unidades,True,143.0,1601.0
2020-10-01,03,Atacama,NVA,viviendas_autorizadas,unidades,True,28.0,1429.0
2020-11-01,03,Atacama,NVA,viviendas_autorizadas,unidades,True,332.0,1554.0
2020-12-01,03,Atacama,NVA,viviendas_autorizadas,unidades,True,365.0,1785.0
2021-01-01,03,Atacama,NVA,viviendas_autorizadas,unidades,True,28.0,1579.0
2021-02-01,03,Atacama,NVA,viviendas_autorizadas,unidades,True,380.0,1903.0
2021-03-01,03,Atacama,NVA,viviendas_autorizadas,unidades,True,32.0,1798.0
2021-04-01,03,Atacama,NVA,viviendas_autorizadas,unidades,True,303.0,2077.0
2021-05-01,03,Atacama,NVA,viviendas_autorizadas,unidades,True,239.0,2159.0
2021-06-01,03,Atacama,NVA,viviendas_autorizadas,unidades,True,73.0,2091.0
2021-07-01,03,Atacama,NVA,viviendas_autorizadas,unidades,True,35.0,2099.0
2021-08-01,03,Atacama,NVA,viviendas_autorizadas,unidades,True,37.0,1995.0
2021-09-01,03,Atacama,NVA,viviendas_autorizadas,unidades,True,299.0,2151.0
2021-10-01,03,Atacama,NVA,viviendas_autorizadas,unidades,True,244.0,2367.0
2021-11-01,03,Atacama,NVA,viviendas_autorizadas,unidades,True,57.0,2092.0
2021-12-01,03,Atacama,NVA,viviendas_autorizadas,unidades,True,735.0,2462.0
2022-01-01,03,Atacama,NVA,viviendas_autorizadas,unidades,True,27.0,2461.0
2022-02-01,03,Atacama,NVA,viviendas_autorizadas,unidades,True,34.0,2115.0
2022-03-01,03,Atacama,NVA,viviendas_autorizadas,unidades,True,284.0,2367.0
2022-04-01,03,Atacama,NVA,viviendas_autorizadas,unidades,True,90.0,2154.0
2022-05-01,03,Atacama,NVA,viviendas_autorizadas,unidades,True,180.0,2095.0
2022-06-01,03,Atacama,NVA,viviendas_autorizadas,unidades,True,17.0,2039.0
2022-07-01,03,Atacama,NVA,viviendas_autorizadas,unidades,True,197.0,2201.0
2022-08-01,03,Atacama,NVA,viviendas_autorizadas,unidades,True,122.0,2286.0
2022-09-01,03,Atacama,NVA,viviendas_autorizadas,unidades,True,48.0,2035.0
2022-10-01,03,Atacama,NVA,viviendas_autorizadas,unidades,True,27.0,1818.0
2022-11-01,03,Atacama,NVA,viviendas_autorizadas,unidades,True,146.0,1907.0
2022-12-01,03,Atacama,NVA,viviendas_autorizadas,unidades,True,685.0,1857.0
2023-01-01,03,Atacama,NVA,viviendas_autorizadas,unidades,True,44.0,1874.0
2023-02-01,03,Atacama,NVA,viviendas_autorizadas,unidades,True,49.0,1889.0
2023-03-01,03,Atacama,NVA,viviendas_autorizadas,unidades,True,60.0,1665.0
2023-04-01,03,Atacama,NVA,viviendas_autorizadas,unidades,True,328.0,1903.0
2023-05-01,03,Atacama,NVA,viviendas_autorizadas,unidades,True,210.0,1933.0
2023-06-01,03,Atacama,NVA,viviendas_autorizadas,unidades,True,40.0,1956.0
2023-07-01,03,Atacama,NVA,viviendas_autorizadas,unidades,True,443.0,2202.0
2023-08-01,03,Atacama,NVA,viviendas_autorizadas,unidades,True,29.0,2109.0
2023-09-01,03,Atacama,NVA,viviendas_autorizadas,unidades,True,11.0,2072.0
2023-10-01,03,Atacama,NVA,viviendas_autorizadas,unidades,True,27.0,2072.0
2023-11-01,03,Atacama,NVA,viviendas_autorizadas,unidades,True,261.0,2187.0
2023-12-01,03,Atacama,NVA,viviendas_autorizadas,unidades,True,18.0,1520.0
2024-01-01,03,Atacama,NVA,viviendas_autorizadas,unidades,True,114.0,1590.0
2024-02-01,03,Atacama,NVA,viviendas_autorizadas,unidades,True,27.0,1568.0
2024-03-01,03,Atacama,NVA,viviendas_autorizadas,unidades,True,339.0,1847.0
2024-04-01,03,Atacama,NVA,viviendas_autorizadas,unidades,True,949.0,2468.0
2024-05-01,03,Atacama,NVA,viviendas_autorizadas,unidades,True,406.0,2664.0
2024-06-01,03,Atacama,NVA,viviendas_autorizadas,unidades,True,27.0,2651.0
2024-07-01,03,Atacama,NVA,viviendas_autorizadas,unidades,True,38.0,2246.0
2024-08-01,03,Atacama,NVA,viviendas_autorizadas,unidades,True,24.0,2241.0
2024-09-01,03,Atacama,NVA,viviendas_autorizadas,unidades,True,222.0,2452.0
2024-10-01,03,Atacama,NVA,viviendas_autorizadas,unidades,True,28.0,2453.0
2024-11-01,03,Atacama,NVA,viviendas_autorizadas,unidades,True,14.0,2206.0
2024-12-01,03,Atacama,NVA,viviendas_autorizadas,unidades,True,361.0,2549.0
2025-01-01,03,Atacama,NVA,viviendas_autorizadas,unidades,True,296.0,2731.0
2025-02-01,03,Atacama,NVA,viviendas_autorizadas,unidades,True,41.0,2745.0
2025-03-01,03,Atacama,NVA,viviendas_autorizadas,unidades,True,28.0,2434.0
2025-04-01,03,Atacama,NVA,viviendas_autorizadas,unidades,True,34.0,1519.0
2025-05-01,03,Atacama,NVA,viviendas_autorizadas,unidades,True,22.0,1135.0
2025-06-01,03,Atacama,NVA,viviendas_autorizadas,unidades,True,56.0,1164.0
2025-07-01,03,Atacama,NVA,viviendas_autorizadas,unidades,True,109.0,1235.0
2025-08-01,03,Atacama,NVA,viviendas_autorizadas,unidades,True,101.0,1312.0
2025-09-01,03,Atacama,NVA,viviendas_autorizadas,unidades,True,22.0,1112.0
2025-10-01,03,Atacama,NVA,viviendas_autorizadas,unidades,True,198.0,1282.0
2025-11-01,03,Atacama,NVA,viviendas_autorizadas,unidades,True,29.0,1297.0
2025-12-01,03,Atacama,NVA,viviendas_autorizadas,unidades,True,47.0,983.0
2026-01-01,03,Atacama,NVA,viviendas_autorizadas,unidades,True,142.0,829.0
2026-02-01,03,Atacama,NVA,viviendas_autorizadas,unidades,True,37.0,825.0
2026-03-01,03,Atacama,NVA,viviendas_autorizadas,unidades,True,313.0,1110.0
2026-04-01,03,Atacama,NVA,viviendas_autorizadas,unidades,True,37.0,1113.0
2026-05-01,03,Atacama,NVA,viviendas_autorizadas,unidades,True,23.0,1114.0
2014-01-01,04,Coquimbo,NVA,viviendas_autorizadas,unidades,True,409.0,
2014-02-01,04,Coquimbo,NVA,viviendas_autorizadas,unidades,True,746.0,
2014-03-01,04,Coquimbo,NVA,viviendas_autorizadas,unidades,True,587.0,
2014-04-01,04,Coquimbo,NVA,viviendas_autorizadas,unidades,True,883.0,
2014-05-01,04,Coquimbo,NVA,viviendas_autorizadas,unidades,True,1385.0,
2014-06-01,04,Coquimbo,NVA,viviendas_autorizadas,unidades,True,238.0,
2014-07-01,04,Coquimbo,NVA,viviendas_autorizadas,unidades,True,1422.0,
2014-08-01,04,Coquimbo,NVA,viviendas_autorizadas,unidades,True,245.0,
2014-09-01,04,Coquimbo,NVA,viviendas_autorizadas,unidades,True,731.0,
2014-10-01,04,Coquimbo,NVA,viviendas_autorizadas,unidades,True,1158.0,
2014-11-01,04,Coquimbo,NVA,viviendas_autorizadas,unidades,True,370.0,
2014-12-01,04,Coquimbo,NVA,viviendas_autorizadas,unidades,True,783.0,8957.0
2015-01-01,04,Coquimbo,NVA,viviendas_autorizadas,unidades,True,402.0,8950.0
2015-02-01,04,Coquimbo,NVA,viviendas_autorizadas,unidades,True,549.0,8753.0
2015-03-01,04,Coquimbo,NVA,viviendas_autorizadas,unidades,True,676.0,8842.0
2015-04-01,04,Coquimbo,NVA,viviendas_autorizadas,unidades,True,648.0,8607.0
2015-05-01,04,Coquimbo,NVA,viviendas_autorizadas,unidades,True,1068.0,8290.0
2015-06-01,04,Coquimbo,NVA,viviendas_autorizadas,unidades,True,606.0,8658.0
2015-07-01,04,Coquimbo,NVA,viviendas_autorizadas,unidades,True,914.0,8150.0
2015-08-01,04,Coquimbo,NVA,viviendas_autorizadas,unidades,True,557.0,8462.0
2015-09-01,04,Coquimbo,NVA,viviendas_autorizadas,unidades,True,313.0,8044.0
2015-10-01,04,Coquimbo,NVA,viviendas_autorizadas,unidades,True,366.0,7252.0
2015-11-01,04,Coquimbo,NVA,viviendas_autorizadas,unidades,True,859.0,7741.0
2015-12-01,04,Coquimbo,NVA,viviendas_autorizadas,unidades,True,2463.0,9421.0
2016-01-01,04,Coquimbo,NVA,viviendas_autorizadas,unidades,True,976.0,9995.0
2016-02-01,04,Coquimbo,NVA,viviendas_autorizadas,unidades,True,250.0,9696.0
2016-03-01,04,Coquimbo,NVA,viviendas_autorizadas,unidades,True,315.0,9335.0
2016-04-01,04,Coquimbo,NVA,viviendas_autorizadas,unidades,True,506.0,9193.0
2016-05-01,04,Coquimbo,NVA,viviendas_autorizadas,unidades,True,445.0,8570.0
2016-06-01,04,Coquimbo,NVA,viviendas_autorizadas,unidades,True,473.0,8437.0
2016-07-01,04,Coquimbo,NVA,viviendas_autorizadas,unidades,True,752.0,8275.0
2016-08-01,04,Coquimbo,NVA,viviendas_autorizadas,unidades,True,728.0,8446.0
2016-09-01,04,Coquimbo,NVA,viviendas_autorizadas,unidades,True,420.0,8553.0
2016-10-01,04,Coquimbo,NVA,viviendas_autorizadas,unidades,True,723.0,8910.0
2016-11-01,04,Coquimbo,NVA,viviendas_autorizadas,unidades,True,946.0,8997.0
2016-12-01,04,Coquimbo,NVA,viviendas_autorizadas,unidades,True,702.0,7236.0
2017-01-01,04,Coquimbo,NVA,viviendas_autorizadas,unidades,True,1221.0,7481.0
2017-02-01,04,Coquimbo,NVA,viviendas_autorizadas,unidades,True,621.0,7852.0
2017-03-01,04,Coquimbo,NVA,viviendas_autorizadas,unidades,True,1791.0,9328.0
2017-04-01,04,Coquimbo,NVA,viviendas_autorizadas,unidades,True,390.0,9212.0
2017-05-01,04,Coquimbo,NVA,viviendas_autorizadas,unidades,True,250.0,9017.0
2017-06-01,04,Coquimbo,NVA,viviendas_autorizadas,unidades,True,521.0,9065.0
2017-07-01,04,Coquimbo,NVA,viviendas_autorizadas,unidades,True,544.0,8857.0
2017-08-01,04,Coquimbo,NVA,viviendas_autorizadas,unidades,True,758.0,8887.0
2017-09-01,04,Coquimbo,NVA,viviendas_autorizadas,unidades,True,596.0,9063.0
2017-10-01,04,Coquimbo,NVA,viviendas_autorizadas,unidades,True,537.0,8877.0
2017-11-01,04,Coquimbo,NVA,viviendas_autorizadas,unidades,True,1122.0,9053.0
2017-12-01,04,Coquimbo,NVA,viviendas_autorizadas,unidades,True,1016.0,9367.0
2018-01-01,04,Coquimbo,NVA,viviendas_autorizadas,unidades,True,383.0,8529.0
2018-02-01,04,Coquimbo,NVA,viviendas_autorizadas,unidades,True,527.0,8435.0
2018-03-01,04,Coquimbo,NVA,viviendas_autorizadas,unidades,True,784.0,7428.0
2018-04-01,04,Coquimbo,NVA,viviendas_autorizadas,unidades,True,401.0,7439.0
2018-05-01,04,Coquimbo,NVA,viviendas_autorizadas,unidades,True,1045.0,8234.0
2018-06-01,04,Coquimbo,NVA,viviendas_autorizadas,unidades,True,395.0,8108.0
2018-07-01,04,Coquimbo,NVA,viviendas_autorizadas,unidades,True,405.0,7969.0
2018-08-01,04,Coquimbo,NVA,viviendas_autorizadas,unidades,True,978.0,8189.0
2018-09-01,04,Coquimbo,NVA,viviendas_autorizadas,unidades,True,501.0,8094.0
2018-10-01,04,Coquimbo,NVA,viviendas_autorizadas,unidades,True,369.0,7926.0
2018-11-01,04,Coquimbo,NVA,viviendas_autorizadas,unidades,True,815.0,7619.0
2018-12-01,04,Coquimbo,NVA,viviendas_autorizadas,unidades,True,976.0,7579.0
2019-01-01,04,Coquimbo,NVA,viviendas_autorizadas,unidades,True,650.0,7846.0
2019-02-01,04,Coquimbo,NVA,viviendas_autorizadas,unidades,True,560.0,7879.0
2019-03-01,04,Coquimbo,NVA,viviendas_autorizadas,unidades,True,253.0,7348.0
2019-04-01,04,Coquimbo,NVA,viviendas_autorizadas,unidades,True,1001.0,7948.0
2019-05-01,04,Coquimbo,NVA,viviendas_autorizadas,unidades,True,597.0,7500.0
2019-06-01,04,Coquimbo,NVA,viviendas_autorizadas,unidades,True,965.0,8070.0
2019-07-01,04,Coquimbo,NVA,viviendas_autorizadas,unidades,True,572.0,8237.0
2019-08-01,04,Coquimbo,NVA,viviendas_autorizadas,unidades,True,604.0,7863.0
2019-09-01,04,Coquimbo,NVA,viviendas_autorizadas,unidades,True,729.0,8091.0
2019-10-01,04,Coquimbo,NVA,viviendas_autorizadas,unidades,True,2439.0,10161.0
2019-11-01,04,Coquimbo,NVA,viviendas_autorizadas,unidades,True,528.0,9874.0
2019-12-01,04,Coquimbo,NVA,viviendas_autorizadas,unidades,True,548.0,9446.0
2020-01-01,04,Coquimbo,NVA,viviendas_autorizadas,unidades,True,244.0,9040.0
2020-02-01,04,Coquimbo,NVA,viviendas_autorizadas,unidades,True,248.0,8728.0
2020-03-01,04,Coquimbo,NVA,viviendas_autorizadas,unidades,True,186.0,8661.0
2020-04-01,04,Coquimbo,NVA,viviendas_autorizadas,unidades,True,573.0,8233.0
2020-05-01,04,Coquimbo,NVA,viviendas_autorizadas,unidades,True,354.0,7990.0
2020-06-01,04,Coquimbo,NVA,viviendas_autorizadas,unidades,True,666.0,7691.0
2020-07-01,04,Coquimbo,NVA,viviendas_autorizadas,unidades,True,211.0,7330.0
2020-08-01,04,Coquimbo,NVA,viviendas_autorizadas,unidades,True,358.0,7084.0
2020-09-01,04,Coquimbo,NVA,viviendas_autorizadas,unidades,True,1234.0,7589.0
2020-10-01,04,Coquimbo,NVA,viviendas_autorizadas,unidades,True,590.0,5740.0
2020-11-01,04,Coquimbo,NVA,viviendas_autorizadas,unidades,True,439.0,5651.0
2020-12-01,04,Coquimbo,NVA,viviendas_autorizadas,unidades,True,1506.0,6609.0
2021-01-01,04,Coquimbo,NVA,viviendas_autorizadas,unidades,True,264.0,6629.0
2021-02-01,04,Coquimbo,NVA,viviendas_autorizadas,unidades,True,611.0,6992.0
2021-03-01,04,Coquimbo,NVA,viviendas_autorizadas,unidades,True,500.0,7306.0
2021-04-01,04,Coquimbo,NVA,viviendas_autorizadas,unidades,True,563.0,7296.0
2021-05-01,04,Coquimbo,NVA,viviendas_autorizadas,unidades,True,1266.0,8208.0
2021-06-01,04,Coquimbo,NVA,viviendas_autorizadas,unidades,True,418.0,7960.0
2021-07-01,04,Coquimbo,NVA,viviendas_autorizadas,unidades,True,1170.0,8919.0
2021-08-01,04,Coquimbo,NVA,viviendas_autorizadas,unidades,True,372.0,8933.0
2021-09-01,04,Coquimbo,NVA,viviendas_autorizadas,unidades,True,367.0,8066.0
2021-10-01,04,Coquimbo,NVA,viviendas_autorizadas,unidades,True,741.0,8217.0
2021-11-01,04,Coquimbo,NVA,viviendas_autorizadas,unidades,True,554.0,8332.0
2021-12-01,04,Coquimbo,NVA,viviendas_autorizadas,unidades,True,847.0,7673.0
2022-01-01,04,Coquimbo,NVA,viviendas_autorizadas,unidades,True,546.0,7955.0
2022-02-01,04,Coquimbo,NVA,viviendas_autorizadas,unidades,True,835.0,8179.0
2022-03-01,04,Coquimbo,NVA,viviendas_autorizadas,unidades,True,564.0,8243.0
2022-04-01,04,Coquimbo,NVA,viviendas_autorizadas,unidades,True,1092.0,8772.0
2022-05-01,04,Coquimbo,NVA,viviendas_autorizadas,unidades,True,215.0,7721.0
2022-06-01,04,Coquimbo,NVA,viviendas_autorizadas,unidades,True,250.0,7553.0
2022-07-01,04,Coquimbo,NVA,viviendas_autorizadas,unidades,True,329.0,6712.0
2022-08-01,04,Coquimbo,NVA,viviendas_autorizadas,unidades,True,511.0,6851.0
2022-09-01,04,Coquimbo,NVA,viviendas_autorizadas,unidades,True,404.0,6888.0
2022-10-01,04,Coquimbo,NVA,viviendas_autorizadas,unidades,True,680.0,6827.0
2022-11-01,04,Coquimbo,NVA,viviendas_autorizadas,unidades,True,213.0,6486.0
2022-12-01,04,Coquimbo,NVA,viviendas_autorizadas,unidades,True,1571.0,7210.0
2023-01-01,04,Coquimbo,NVA,viviendas_autorizadas,unidades,True,63.0,6727.0
2023-02-01,04,Coquimbo,NVA,viviendas_autorizadas,unidades,True,397.0,6289.0
2023-03-01,04,Coquimbo,NVA,viviendas_autorizadas,unidades,True,296.0,6021.0
2023-04-01,04,Coquimbo,NVA,viviendas_autorizadas,unidades,True,426.0,5355.0
2023-05-01,04,Coquimbo,NVA,viviendas_autorizadas,unidades,True,552.0,5692.0
2023-06-01,04,Coquimbo,NVA,viviendas_autorizadas,unidades,True,951.0,6393.0
2023-07-01,04,Coquimbo,NVA,viviendas_autorizadas,unidades,True,1224.0,7288.0
2023-08-01,04,Coquimbo,NVA,viviendas_autorizadas,unidades,True,287.0,7064.0
2023-09-01,04,Coquimbo,NVA,viviendas_autorizadas,unidades,True,708.0,7368.0
2023-10-01,04,Coquimbo,NVA,viviendas_autorizadas,unidades,True,664.0,7352.0
2023-11-01,04,Coquimbo,NVA,viviendas_autorizadas,unidades,True,669.0,7808.0
2023-12-01,04,Coquimbo,NVA,viviendas_autorizadas,unidades,True,328.0,6565.0
2024-01-01,04,Coquimbo,NVA,viviendas_autorizadas,unidades,True,389.0,6891.0
2024-02-01,04,Coquimbo,NVA,viviendas_autorizadas,unidades,True,266.0,6760.0
2024-03-01,04,Coquimbo,NVA,viviendas_autorizadas,unidades,True,540.0,7004.0
2024-04-01,04,Coquimbo,NVA,viviendas_autorizadas,unidades,True,307.0,6885.0
2024-05-01,04,Coquimbo,NVA,viviendas_autorizadas,unidades,True,239.0,6572.0
2024-06-01,04,Coquimbo,NVA,viviendas_autorizadas,unidades,True,108.0,5729.0
2024-07-01,04,Coquimbo,NVA,viviendas_autorizadas,unidades,True,273.0,4778.0
2024-08-01,04,Coquimbo,NVA,viviendas_autorizadas,unidades,True,559.0,5050.0
2024-09-01,04,Coquimbo,NVA,viviendas_autorizadas,unidades,True,753.0,5095.0
2024-10-01,04,Coquimbo,NVA,viviendas_autorizadas,unidades,True,523.0,4954.0
2024-11-01,04,Coquimbo,NVA,viviendas_autorizadas,unidades,True,399.0,4684.0
2024-12-01,04,Coquimbo,NVA,viviendas_autorizadas,unidades,True,1468.0,5824.0
2025-01-01,04,Coquimbo,NVA,viviendas_autorizadas,unidades,True,80.0,5515.0
2025-02-01,04,Coquimbo,NVA,viviendas_autorizadas,unidades,True,185.0,5434.0
2025-03-01,04,Coquimbo,NVA,viviendas_autorizadas,unidades,True,86.0,4980.0
2025-04-01,04,Coquimbo,NVA,viviendas_autorizadas,unidades,True,77.0,4750.0
2025-05-01,04,Coquimbo,NVA,viviendas_autorizadas,unidades,True,222.0,4733.0
2025-06-01,04,Coquimbo,NVA,viviendas_autorizadas,unidades,True,442.0,5067.0
2025-07-01,04,Coquimbo,NVA,viviendas_autorizadas,unidades,True,116.0,4910.0
2025-08-01,04,Coquimbo,NVA,viviendas_autorizadas,unidades,True,576.0,4927.0
2025-09-01,04,Coquimbo,NVA,viviendas_autorizadas,unidades,True,313.0,4487.0
2025-10-01,04,Coquimbo,NVA,viviendas_autorizadas,unidades,True,686.0,4650.0
2025-11-01,04,Coquimbo,NVA,viviendas_autorizadas,unidades,True,415.0,4666.0
2025-12-01,04,Coquimbo,NVA,viviendas_autorizadas,unidades,True,637.0,3835.0
2026-01-01,04,Coquimbo,NVA,viviendas_autorizadas,unidades,True,216.0,3971.0
2026-02-01,04,Coquimbo,NVA,viviendas_autorizadas,unidades,True,370.0,4156.0
2026-03-01,04,Coquimbo,NVA,viviendas_autorizadas,unidades,True,152.0,4222.0
2026-04-01,04,Coquimbo,NVA,viviendas_autorizadas,unidades,True,147.0,4292.0
2026-05-01,04,Coquimbo,NVA,viviendas_autorizadas,unidades,True,104.0,4174.0
2014-01-01,05,Valparaíso,NVA,viviendas_autorizadas,unidades,True,1047.0,
2014-02-01,05,Valparaíso,NVA,viviendas_autorizadas,unidades,True,832.0,
2014-03-01,05,Valparaíso,NVA,viviendas_autorizadas,unidades,True,1197.0,
2014-04-01,05,Valparaíso,NVA,viviendas_autorizadas,unidades,True,1239.0,
2014-05-01,05,Valparaíso,NVA,viviendas_autorizadas,unidades,True,1353.0,
2014-06-01,05,Valparaíso,NVA,viviendas_autorizadas,unidades,True,1241.0,
2014-07-01,05,Valparaíso,NVA,viviendas_autorizadas,unidades,True,1006.0,
2014-08-01,05,Valparaíso,NVA,viviendas_autorizadas,unidades,True,2334.0,
2014-09-01,05,Valparaíso,NVA,viviendas_autorizadas,unidades,True,1738.0,
2014-10-01,05,Valparaíso,NVA,viviendas_autorizadas,unidades,True,1583.0,
2014-11-01,05,Valparaíso,NVA,viviendas_autorizadas,unidades,True,1828.0,
2014-12-01,05,Valparaíso,NVA,viviendas_autorizadas,unidades,True,1249.0,16647.0
2015-01-01,05,Valparaíso,NVA,viviendas_autorizadas,unidades,True,1740.0,17340.0
2015-02-01,05,Valparaíso,NVA,viviendas_autorizadas,unidades,True,2202.0,18710.0
2015-03-01,05,Valparaíso,NVA,viviendas_autorizadas,unidades,True,1907.0,19420.0
2015-04-01,05,Valparaíso,NVA,viviendas_autorizadas,unidades,True,1114.0,19295.0
2015-05-01,05,Valparaíso,NVA,viviendas_autorizadas,unidades,True,1142.0,19084.0
2015-06-01,05,Valparaíso,NVA,viviendas_autorizadas,unidades,True,1283.0,19126.0
2015-07-01,05,Valparaíso,NVA,viviendas_autorizadas,unidades,True,2481.0,20601.0
2015-08-01,05,Valparaíso,NVA,viviendas_autorizadas,unidades,True,1674.0,19941.0
2015-09-01,05,Valparaíso,NVA,viviendas_autorizadas,unidades,True,1206.0,19409.0
2015-10-01,05,Valparaíso,NVA,viviendas_autorizadas,unidades,True,2116.0,19942.0
2015-11-01,05,Valparaíso,NVA,viviendas_autorizadas,unidades,True,3260.0,21374.0
2015-12-01,05,Valparaíso,NVA,viviendas_autorizadas,unidades,True,4155.0,24280.0
2016-01-01,05,Valparaíso,NVA,viviendas_autorizadas,unidades,True,596.0,23136.0
2016-02-01,05,Valparaíso,NVA,viviendas_autorizadas,unidades,True,1104.0,22038.0
2016-03-01,05,Valparaíso,NVA,viviendas_autorizadas,unidades,True,2236.0,22367.0
2016-04-01,05,Valparaíso,NVA,viviendas_autorizadas,unidades,True,2034.0,23287.0
2016-05-01,05,Valparaíso,NVA,viviendas_autorizadas,unidades,True,862.0,23007.0
2016-06-01,05,Valparaíso,NVA,viviendas_autorizadas,unidades,True,959.0,22683.0
2016-07-01,05,Valparaíso,NVA,viviendas_autorizadas,unidades,True,1019.0,21221.0
2016-08-01,05,Valparaíso,NVA,viviendas_autorizadas,unidades,True,1193.0,20740.0
2016-09-01,05,Valparaíso,NVA,viviendas_autorizadas,unidades,True,1788.0,21322.0
2016-10-01,05,Valparaíso,NVA,viviendas_autorizadas,unidades,True,1046.0,20252.0
2016-11-01,05,Valparaíso,NVA,viviendas_autorizadas,unidades,True,941.0,17933.0
2016-12-01,05,Valparaíso,NVA,viviendas_autorizadas,unidades,True,2431.0,16209.0
2017-01-01,05,Valparaíso,NVA,viviendas_autorizadas,unidades,True,1495.0,17108.0
2017-02-01,05,Valparaíso,NVA,viviendas_autorizadas,unidades,True,891.0,16895.0
2017-03-01,05,Valparaíso,NVA,viviendas_autorizadas,unidades,True,2100.0,16759.0
2017-04-01,05,Valparaíso,NVA,viviendas_autorizadas,unidades,True,946.0,15671.0
2017-05-01,05,Valparaíso,NVA,viviendas_autorizadas,unidades,True,3036.0,17845.0
2017-06-01,05,Valparaíso,NVA,viviendas_autorizadas,unidades,True,925.0,17811.0
2017-07-01,05,Valparaíso,NVA,viviendas_autorizadas,unidades,True,2407.0,19199.0
2017-08-01,05,Valparaíso,NVA,viviendas_autorizadas,unidades,True,947.0,18953.0
2017-09-01,05,Valparaíso,NVA,viviendas_autorizadas,unidades,True,1514.0,18679.0
2017-10-01,05,Valparaíso,NVA,viviendas_autorizadas,unidades,True,894.0,18527.0
2017-11-01,05,Valparaíso,NVA,viviendas_autorizadas,unidades,True,613.0,18199.0
2017-12-01,05,Valparaíso,NVA,viviendas_autorizadas,unidades,True,1849.0,17617.0
2018-01-01,05,Valparaíso,NVA,viviendas_autorizadas,unidades,True,2212.0,18334.0
2018-02-01,05,Valparaíso,NVA,viviendas_autorizadas,unidades,True,1404.0,18847.0
2018-03-01,05,Valparaíso,NVA,viviendas_autorizadas,unidades,True,1333.0,18080.0
2018-04-01,05,Valparaíso,NVA,viviendas_autorizadas,unidades,True,2785.0,19919.0
2018-05-01,05,Valparaíso,NVA,viviendas_autorizadas,unidades,True,3021.0,19904.0
2018-06-01,05,Valparaíso,NVA,viviendas_autorizadas,unidades,True,3045.0,22024.0
2018-07-01,05,Valparaíso,NVA,viviendas_autorizadas,unidades,True,576.0,20193.0
2018-08-01,05,Valparaíso,NVA,viviendas_autorizadas,unidades,True,1201.0,20447.0
2018-09-01,05,Valparaíso,NVA,viviendas_autorizadas,unidades,True,1289.0,20222.0
2018-10-01,05,Valparaíso,NVA,viviendas_autorizadas,unidades,True,2658.0,21986.0
2018-11-01,05,Valparaíso,NVA,viviendas_autorizadas,unidades,True,1705.0,23078.0
2018-12-01,05,Valparaíso,NVA,viviendas_autorizadas,unidades,True,841.0,22070.0
2019-01-01,05,Valparaíso,NVA,viviendas_autorizadas,unidades,True,1765.0,21623.0
2019-02-01,05,Valparaíso,NVA,viviendas_autorizadas,unidades,True,1873.0,22092.0
2019-03-01,05,Valparaíso,NVA,viviendas_autorizadas,unidades,True,1633.0,22392.0
2019-04-01,05,Valparaíso,NVA,viviendas_autorizadas,unidades,True,1022.0,20629.0
2019-05-01,05,Valparaíso,NVA,viviendas_autorizadas,unidades,True,1275.0,18883.0
2019-06-01,05,Valparaíso,NVA,viviendas_autorizadas,unidades,True,1520.0,17358.0
2019-07-01,05,Valparaíso,NVA,viviendas_autorizadas,unidades,True,314.0,17096.0
2019-08-01,05,Valparaíso,NVA,viviendas_autorizadas,unidades,True,1084.0,16979.0
2019-09-01,05,Valparaíso,NVA,viviendas_autorizadas,unidades,True,1190.0,16880.0
2019-10-01,05,Valparaíso,NVA,viviendas_autorizadas,unidades,True,1561.0,15783.0
2019-11-01,05,Valparaíso,NVA,viviendas_autorizadas,unidades,True,991.0,15069.0
2019-12-01,05,Valparaíso,NVA,viviendas_autorizadas,unidades,True,1795.0,16023.0
2020-01-01,05,Valparaíso,NVA,viviendas_autorizadas,unidades,True,1338.0,15596.0
2020-02-01,05,Valparaíso,NVA,viviendas_autorizadas,unidades,True,783.0,14506.0
2020-03-01,05,Valparaíso,NVA,viviendas_autorizadas,unidades,True,471.0,13344.0
2020-04-01,05,Valparaíso,NVA,viviendas_autorizadas,unidades,True,729.0,13051.0
2020-05-01,05,Valparaíso,NVA,viviendas_autorizadas,unidades,True,1622.0,13398.0
2020-06-01,05,Valparaíso,NVA,viviendas_autorizadas,unidades,True,538.0,12416.0
2020-07-01,05,Valparaíso,NVA,viviendas_autorizadas,unidades,True,1405.0,13507.0
2020-08-01,05,Valparaíso,NVA,viviendas_autorizadas,unidades,True,1862.0,14285.0
2020-09-01,05,Valparaíso,NVA,viviendas_autorizadas,unidades,True,1182.0,14277.0
2020-10-01,05,Valparaíso,NVA,viviendas_autorizadas,unidades,True,1517.0,14233.0
2020-11-01,05,Valparaíso,NVA,viviendas_autorizadas,unidades,True,1136.0,14378.0
2020-12-01,05,Valparaíso,NVA,viviendas_autorizadas,unidades,True,958.0,13541.0
2021-01-01,05,Valparaíso,NVA,viviendas_autorizadas,unidades,True,826.0,13029.0
2021-02-01,05,Valparaíso,NVA,viviendas_autorizadas,unidades,True,271.0,12517.0
2021-03-01,05,Valparaíso,NVA,viviendas_autorizadas,unidades,True,1320.0,13366.0
2021-04-01,05,Valparaíso,NVA,viviendas_autorizadas,unidades,True,769.0,13406.0
2021-05-01,05,Valparaíso,NVA,viviendas_autorizadas,unidades,True,747.0,12531.0
2021-06-01,05,Valparaíso,NVA,viviendas_autorizadas,unidades,True,1576.0,13569.0
2021-07-01,05,Valparaíso,NVA,viviendas_autorizadas,unidades,True,1352.0,13516.0
2021-08-01,05,Valparaíso,NVA,viviendas_autorizadas,unidades,True,836.0,12490.0
2021-09-01,05,Valparaíso,NVA,viviendas_autorizadas,unidades,True,649.0,11957.0
2021-10-01,05,Valparaíso,NVA,viviendas_autorizadas,unidades,True,979.0,11419.0
2021-11-01,05,Valparaíso,NVA,viviendas_autorizadas,unidades,True,1400.0,11683.0
2021-12-01,05,Valparaíso,NVA,viviendas_autorizadas,unidades,True,1090.0,11815.0
2022-01-01,05,Valparaíso,NVA,viviendas_autorizadas,unidades,True,473.0,11462.0
2022-02-01,05,Valparaíso,NVA,viviendas_autorizadas,unidades,True,553.0,11744.0
2022-03-01,05,Valparaíso,NVA,viviendas_autorizadas,unidades,True,902.0,11326.0
2022-04-01,05,Valparaíso,NVA,viviendas_autorizadas,unidades,True,1074.0,11631.0
2022-05-01,05,Valparaíso,NVA,viviendas_autorizadas,unidades,True,710.0,11594.0
2022-06-01,05,Valparaíso,NVA,viviendas_autorizadas,unidades,True,603.0,10621.0
2022-07-01,05,Valparaíso,NVA,viviendas_autorizadas,unidades,True,318.0,9587.0
2022-08-01,05,Valparaíso,NVA,viviendas_autorizadas,unidades,True,441.0,9192.0
2022-09-01,05,Valparaíso,NVA,viviendas_autorizadas,unidades,True,331.0,8874.0
2022-10-01,05,Valparaíso,NVA,viviendas_autorizadas,unidades,True,551.0,8446.0
2022-11-01,05,Valparaíso,NVA,viviendas_autorizadas,unidades,True,1039.0,8085.0
2022-12-01,05,Valparaíso,NVA,viviendas_autorizadas,unidades,True,1821.0,8816.0
2023-01-01,05,Valparaíso,NVA,viviendas_autorizadas,unidades,True,577.0,8920.0
2023-02-01,05,Valparaíso,NVA,viviendas_autorizadas,unidades,True,256.0,8623.0
2023-03-01,05,Valparaíso,NVA,viviendas_autorizadas,unidades,True,728.0,8449.0
2023-04-01,05,Valparaíso,NVA,viviendas_autorizadas,unidades,True,554.0,7929.0
2023-05-01,05,Valparaíso,NVA,viviendas_autorizadas,unidades,True,789.0,8008.0
2023-06-01,05,Valparaíso,NVA,viviendas_autorizadas,unidades,True,455.0,7860.0
2023-07-01,05,Valparaíso,NVA,viviendas_autorizadas,unidades,True,922.0,8464.0
2023-08-01,05,Valparaíso,NVA,viviendas_autorizadas,unidades,True,695.0,8718.0
2023-09-01,05,Valparaíso,NVA,viviendas_autorizadas,unidades,True,662.0,9049.0
2023-10-01,05,Valparaíso,NVA,viviendas_autorizadas,unidades,True,950.0,9448.0
2023-11-01,05,Valparaíso,NVA,viviendas_autorizadas,unidades,True,459.0,8868.0
2023-12-01,05,Valparaíso,NVA,viviendas_autorizadas,unidades,True,1155.0,8202.0
2024-01-01,05,Valparaíso,NVA,viviendas_autorizadas,unidades,True,903.0,8528.0
2024-02-01,05,Valparaíso,NVA,viviendas_autorizadas,unidades,True,314.0,8586.0
2024-03-01,05,Valparaíso,NVA,viviendas_autorizadas,unidades,True,1046.0,8904.0
2024-04-01,05,Valparaíso,NVA,viviendas_autorizadas,unidades,True,585.0,8935.0
2024-05-01,05,Valparaíso,NVA,viviendas_autorizadas,unidades,True,894.0,9040.0
2024-06-01,05,Valparaíso,NVA,viviendas_autorizadas,unidades,True,361.0,8946.0
2024-07-01,05,Valparaíso,NVA,viviendas_autorizadas,unidades,True,478.0,8502.0
2024-08-01,05,Valparaíso,NVA,viviendas_autorizadas,unidades,True,648.0,8455.0
2024-09-01,05,Valparaíso,NVA,viviendas_autorizadas,unidades,True,892.0,8685.0
2024-10-01,05,Valparaíso,NVA,viviendas_autorizadas,unidades,True,776.0,8511.0
2024-11-01,05,Valparaíso,NVA,viviendas_autorizadas,unidades,True,459.0,8511.0
2024-12-01,05,Valparaíso,NVA,viviendas_autorizadas,unidades,True,1740.0,9096.0
2025-01-01,05,Valparaíso,NVA,viviendas_autorizadas,unidades,True,576.0,8769.0
2025-02-01,05,Valparaíso,NVA,viviendas_autorizadas,unidades,True,305.0,8760.0
2025-03-01,05,Valparaíso,NVA,viviendas_autorizadas,unidades,True,335.0,8049.0
2025-04-01,05,Valparaíso,NVA,viviendas_autorizadas,unidades,True,1239.0,8703.0
2025-05-01,05,Valparaíso,NVA,viviendas_autorizadas,unidades,True,579.0,8388.0
2025-06-01,05,Valparaíso,NVA,viviendas_autorizadas,unidades,True,1020.0,9047.0
2025-07-01,05,Valparaíso,NVA,viviendas_autorizadas,unidades,True,824.0,9393.0
2025-08-01,05,Valparaíso,NVA,viviendas_autorizadas,unidades,True,634.0,9379.0
2025-09-01,05,Valparaíso,NVA,viviendas_autorizadas,unidades,True,630.0,9117.0
2025-10-01,05,Valparaíso,NVA,viviendas_autorizadas,unidades,True,644.0,8985.0
2025-11-01,05,Valparaíso,NVA,viviendas_autorizadas,unidades,True,670.0,9196.0
2025-12-01,05,Valparaíso,NVA,viviendas_autorizadas,unidades,True,612.0,8068.0
2026-01-01,05,Valparaíso,NVA,viviendas_autorizadas,unidades,True,688.0,8180.0
2026-02-01,05,Valparaíso,NVA,viviendas_autorizadas,unidades,True,593.0,8468.0
2026-03-01,05,Valparaíso,NVA,viviendas_autorizadas,unidades,True,618.0,8751.0
2026-04-01,05,Valparaíso,NVA,viviendas_autorizadas,unidades,True,665.0,8177.0
2026-05-01,05,Valparaíso,NVA,viviendas_autorizadas,unidades,True,1159.0,8757.0
2014-01-01,06,O'Higgins,NVA,viviendas_autorizadas,unidades,True,1996.0,
2014-02-01,06,O'Higgins,NVA,viviendas_autorizadas,unidades,True,275.0,
2014-03-01,06,O'Higgins,NVA,viviendas_autorizadas,unidades,True,743.0,
2014-04-01,06,O'Higgins,NVA,viviendas_autorizadas,unidades,True,364.0,
2014-05-01,06,O'Higgins,NVA,viviendas_autorizadas,unidades,True,543.0,
2014-06-01,06,O'Higgins,NVA,viviendas_autorizadas,unidades,True,846.0,
2014-07-01,06,O'Higgins,NVA,viviendas_autorizadas,unidades,True,964.0,
2014-08-01,06,O'Higgins,NVA,viviendas_autorizadas,unidades,True,404.0,
2014-09-01,06,O'Higgins,NVA,viviendas_autorizadas,unidades,True,485.0,
2014-10-01,06,O'Higgins,NVA,viviendas_autorizadas,unidades,True,1474.0,
2014-11-01,06,O'Higgins,NVA,viviendas_autorizadas,unidades,True,439.0,
2014-12-01,06,O'Higgins,NVA,viviendas_autorizadas,unidades,True,458.0,8991.0
2015-01-01,06,O'Higgins,NVA,viviendas_autorizadas,unidades,True,1217.0,8212.0
2015-02-01,06,O'Higgins,NVA,viviendas_autorizadas,unidades,True,651.0,8588.0
2015-03-01,06,O'Higgins,NVA,viviendas_autorizadas,unidades,True,685.0,8530.0
2015-04-01,06,O'Higgins,NVA,viviendas_autorizadas,unidades,True,366.0,8532.0
2015-05-01,06,O'Higgins,NVA,viviendas_autorizadas,unidades,True,736.0,8725.0
2015-06-01,06,O'Higgins,NVA,viviendas_autorizadas,unidades,True,1104.0,8983.0
2015-07-01,06,O'Higgins,NVA,viviendas_autorizadas,unidades,True,1337.0,9356.0
2015-08-01,06,O'Higgins,NVA,viviendas_autorizadas,unidades,True,686.0,9638.0
2015-09-01,06,O'Higgins,NVA,viviendas_autorizadas,unidades,True,508.0,9661.0
2015-10-01,06,O'Higgins,NVA,viviendas_autorizadas,unidades,True,535.0,8722.0
2015-11-01,06,O'Higgins,NVA,viviendas_autorizadas,unidades,True,603.0,8886.0
2015-12-01,06,O'Higgins,NVA,viviendas_autorizadas,unidades,True,1670.0,10098.0
2016-01-01,06,O'Higgins,NVA,viviendas_autorizadas,unidades,True,350.0,9231.0
2016-02-01,06,O'Higgins,NVA,viviendas_autorizadas,unidades,True,644.0,9224.0
2016-03-01,06,O'Higgins,NVA,viviendas_autorizadas,unidades,True,491.0,9030.0
2016-04-01,06,O'Higgins,NVA,viviendas_autorizadas,unidades,True,373.0,9037.0
2016-05-01,06,O'Higgins,NVA,viviendas_autorizadas,unidades,True,308.0,8609.0
2016-06-01,06,O'Higgins,NVA,viviendas_autorizadas,unidades,True,240.0,7745.0
2016-07-01,06,O'Higgins,NVA,viviendas_autorizadas,unidades,True,372.0,6780.0
2016-08-01,06,O'Higgins,NVA,viviendas_autorizadas,unidades,True,784.0,6878.0
2016-09-01,06,O'Higgins,NVA,viviendas_autorizadas,unidades,True,548.0,6918.0
2016-10-01,06,O'Higgins,NVA,viviendas_autorizadas,unidades,True,704.0,7087.0
2016-11-01,06,O'Higgins,NVA,viviendas_autorizadas,unidades,True,247.0,6731.0
2016-12-01,06,O'Higgins,NVA,viviendas_autorizadas,unidades,True,718.0,5779.0
2017-01-01,06,O'Higgins,NVA,viviendas_autorizadas,unidades,True,1028.0,6457.0
2017-02-01,06,O'Higgins,NVA,viviendas_autorizadas,unidades,True,385.0,6198.0
2017-03-01,06,O'Higgins,NVA,viviendas_autorizadas,unidades,True,1013.0,6720.0
2017-04-01,06,O'Higgins,NVA,viviendas_autorizadas,unidades,True,869.0,7216.0
2017-05-01,06,O'Higgins,NVA,viviendas_autorizadas,unidades,True,607.0,7515.0
2017-06-01,06,O'Higgins,NVA,viviendas_autorizadas,unidades,True,932.0,8207.0
2017-07-01,06,O'Higgins,NVA,viviendas_autorizadas,unidades,True,1046.0,8881.0
2017-08-01,06,O'Higgins,NVA,viviendas_autorizadas,unidades,True,608.0,8705.0
2017-09-01,06,O'Higgins,NVA,viviendas_autorizadas,unidades,True,556.0,8713.0
2017-10-01,06,O'Higgins,NVA,viviendas_autorizadas,unidades,True,580.0,8589.0
2017-11-01,06,O'Higgins,NVA,viviendas_autorizadas,unidades,True,582.0,8924.0
2017-12-01,06,O'Higgins,NVA,viviendas_autorizadas,unidades,True,594.0,8800.0
2018-01-01,06,O'Higgins,NVA,viviendas_autorizadas,unidades,True,391.0,8163.0
2018-02-01,06,O'Higgins,NVA,viviendas_autorizadas,unidades,True,374.0,8152.0
2018-03-01,06,O'Higgins,NVA,viviendas_autorizadas,unidades,True,456.0,7595.0
2018-04-01,06,O'Higgins,NVA,viviendas_autorizadas,unidades,True,1412.0,8138.0
2018-05-01,06,O'Higgins,NVA,viviendas_autorizadas,unidades,True,1970.0,9501.0
2018-06-01,06,O'Higgins,NVA,viviendas_autorizadas,unidades,True,350.0,8919.0
2018-07-01,06,O'Higgins,NVA,viviendas_autorizadas,unidades,True,372.0,8245.0
2018-08-01,06,O'Higgins,NVA,viviendas_autorizadas,unidades,True,314.0,7951.0
2018-09-01,06,O'Higgins,NVA,viviendas_autorizadas,unidades,True,207.0,7602.0
2018-10-01,06,O'Higgins,NVA,viviendas_autorizadas,unidades,True,507.0,7529.0
2018-11-01,06,O'Higgins,NVA,viviendas_autorizadas,unidades,True,434.0,7381.0
2018-12-01,06,O'Higgins,NVA,viviendas_autorizadas,unidades,True,426.0,7213.0
2019-01-01,06,O'Higgins,NVA,viviendas_autorizadas,unidades,True,629.0,7451.0
2019-02-01,06,O'Higgins,NVA,viviendas_autorizadas,unidades,True,408.0,7485.0
2019-03-01,06,O'Higgins,NVA,viviendas_autorizadas,unidades,True,806.0,7835.0
2019-04-01,06,O'Higgins,NVA,viviendas_autorizadas,unidades,True,917.0,7340.0
2019-05-01,06,O'Higgins,NVA,viviendas_autorizadas,unidades,True,709.0,6079.0
2019-06-01,06,O'Higgins,NVA,viviendas_autorizadas,unidades,True,754.0,6483.0
2019-07-01,06,O'Higgins,NVA,viviendas_autorizadas,unidades,True,1310.0,7421.0
2019-08-01,06,O'Higgins,NVA,viviendas_autorizadas,unidades,True,428.0,7535.0
2019-09-01,06,O'Higgins,NVA,viviendas_autorizadas,unidades,True,258.0,7586.0
2019-10-01,06,O'Higgins,NVA,viviendas_autorizadas,unidades,True,540.0,7619.0
2019-11-01,06,O'Higgins,NVA,viviendas_autorizadas,unidades,True,428.0,7613.0
2019-12-01,06,O'Higgins,NVA,viviendas_autorizadas,unidades,True,1227.0,8414.0
2020-01-01,06,O'Higgins,NVA,viviendas_autorizadas,unidades,True,825.0,8610.0
2020-02-01,06,O'Higgins,NVA,viviendas_autorizadas,unidades,True,491.0,8693.0
2020-03-01,06,O'Higgins,NVA,viviendas_autorizadas,unidades,True,112.0,7999.0
2020-04-01,06,O'Higgins,NVA,viviendas_autorizadas,unidades,True,443.0,7525.0
2020-05-01,06,O'Higgins,NVA,viviendas_autorizadas,unidades,True,579.0,7395.0
2020-06-01,06,O'Higgins,NVA,viviendas_autorizadas,unidades,True,185.0,6826.0
2020-07-01,06,O'Higgins,NVA,viviendas_autorizadas,unidades,True,386.0,5902.0
2020-08-01,06,O'Higgins,NVA,viviendas_autorizadas,unidades,True,441.0,5915.0
2020-09-01,06,O'Higgins,NVA,viviendas_autorizadas,unidades,True,759.0,6416.0
2020-10-01,06,O'Higgins,NVA,viviendas_autorizadas,unidades,True,350.0,6226.0
2020-11-01,06,O'Higgins,NVA,viviendas_autorizadas,unidades,True,409.0,6207.0
2020-12-01,06,O'Higgins,NVA,viviendas_autorizadas,unidades,True,921.0,5901.0
2021-01-01,06,O'Higgins,NVA,viviendas_autorizadas,unidades,True,1012.0,6088.0
2021-02-01,06,O'Higgins,NVA,viviendas_autorizadas,unidades,True,698.0,6295.0
2021-03-01,06,O'Higgins,NVA,viviendas_autorizadas,unidades,True,504.0,6687.0
2021-04-01,06,O'Higgins,NVA,viviendas_autorizadas,unidades,True,993.0,7237.0
2021-05-01,06,O'Higgins,NVA,viviendas_autorizadas,unidades,True,986.0,7644.0
2021-06-01,06,O'Higgins,NVA,viviendas_autorizadas,unidades,True,311.0,7770.0
2021-07-01,06,O'Higgins,NVA,viviendas_autorizadas,unidades,True,490.0,7874.0
2021-08-01,06,O'Higgins,NVA,viviendas_autorizadas,unidades,True,829.0,8262.0
2021-09-01,06,O'Higgins,NVA,viviendas_autorizadas,unidades,True,146.0,7649.0
2021-10-01,06,O'Higgins,NVA,viviendas_autorizadas,unidades,True,437.0,7736.0
2021-11-01,06,O'Higgins,NVA,viviendas_autorizadas,unidades,True,269.0,7596.0
2021-12-01,06,O'Higgins,NVA,viviendas_autorizadas,unidades,True,512.0,7187.0
2022-01-01,06,O'Higgins,NVA,viviendas_autorizadas,unidades,True,560.0,6735.0
2022-02-01,06,O'Higgins,NVA,viviendas_autorizadas,unidades,True,190.0,6227.0
2022-03-01,06,O'Higgins,NVA,viviendas_autorizadas,unidades,True,481.0,6204.0
2022-04-01,06,O'Higgins,NVA,viviendas_autorizadas,unidades,True,235.0,5446.0
2022-05-01,06,O'Higgins,NVA,viviendas_autorizadas,unidades,True,534.0,4994.0
2022-06-01,06,O'Higgins,NVA,viviendas_autorizadas,unidades,True,192.0,4875.0
2022-07-01,06,O'Higgins,NVA,viviendas_autorizadas,unidades,True,158.0,4543.0
2022-08-01,06,O'Higgins,NVA,viviendas_autorizadas,unidades,True,703.0,4417.0
2022-09-01,06,O'Higgins,NVA,viviendas_autorizadas,unidades,True,139.0,4410.0
2022-10-01,06,O'Higgins,NVA,viviendas_autorizadas,unidades,True,323.0,4296.0
2022-11-01,06,O'Higgins,NVA,viviendas_autorizadas,unidades,True,826.0,4853.0
2022-12-01,06,O'Higgins,NVA,viviendas_autorizadas,unidades,True,1446.0,5787.0
2023-01-01,06,O'Higgins,NVA,viviendas_autorizadas,unidades,True,229.0,5456.0
2023-02-01,06,O'Higgins,NVA,viviendas_autorizadas,unidades,True,198.0,5464.0
2023-03-01,06,O'Higgins,NVA,viviendas_autorizadas,unidades,True,238.0,5221.0
2023-04-01,06,O'Higgins,NVA,viviendas_autorizadas,unidades,True,186.0,5172.0
2023-05-01,06,O'Higgins,NVA,viviendas_autorizadas,unidades,True,1411.0,6049.0
2023-06-01,06,O'Higgins,NVA,viviendas_autorizadas,unidades,True,164.0,6021.0
2023-07-01,06,O'Higgins,NVA,viviendas_autorizadas,unidades,True,184.0,6047.0
2023-08-01,06,O'Higgins,NVA,viviendas_autorizadas,unidades,True,505.0,5849.0
2023-09-01,06,O'Higgins,NVA,viviendas_autorizadas,unidades,True,287.0,5997.0
2023-10-01,06,O'Higgins,NVA,viviendas_autorizadas,unidades,True,342.0,6016.0
2023-11-01,06,O'Higgins,NVA,viviendas_autorizadas,unidades,True,922.0,6112.0
2023-12-01,06,O'Higgins,NVA,viviendas_autorizadas,unidades,True,753.0,5419.0
2024-01-01,06,O'Higgins,NVA,viviendas_autorizadas,unidades,True,531.0,5721.0
2024-02-01,06,O'Higgins,NVA,viviendas_autorizadas,unidades,True,308.0,5831.0
2024-03-01,06,O'Higgins,NVA,viviendas_autorizadas,unidades,True,188.0,5781.0
2024-04-01,06,O'Higgins,NVA,viviendas_autorizadas,unidades,True,578.0,6173.0
2024-05-01,06,O'Higgins,NVA,viviendas_autorizadas,unidades,True,706.0,5468.0
2024-06-01,06,O'Higgins,NVA,viviendas_autorizadas,unidades,True,1057.0,6361.0
2024-07-01,06,O'Higgins,NVA,viviendas_autorizadas,unidades,True,159.0,6336.0
2024-08-01,06,O'Higgins,NVA,viviendas_autorizadas,unidades,True,691.0,6522.0
2024-09-01,06,O'Higgins,NVA,viviendas_autorizadas,unidades,True,343.0,6578.0
2024-10-01,06,O'Higgins,NVA,viviendas_autorizadas,unidades,True,572.0,6808.0
2024-11-01,06,O'Higgins,NVA,viviendas_autorizadas,unidades,True,144.0,6030.0
2024-12-01,06,O'Higgins,NVA,viviendas_autorizadas,unidades,True,879.0,6156.0
2025-01-01,06,O'Higgins,NVA,viviendas_autorizadas,unidades,True,162.0,5787.0
2025-02-01,06,O'Higgins,NVA,viviendas_autorizadas,unidades,True,440.0,5919.0
2025-03-01,06,O'Higgins,NVA,viviendas_autorizadas,unidades,True,201.0,5932.0
2025-04-01,06,O'Higgins,NVA,viviendas_autorizadas,unidades,True,174.0,5528.0
2025-05-01,06,O'Higgins,NVA,viviendas_autorizadas,unidades,True,183.0,5005.0
2025-06-01,06,O'Higgins,NVA,viviendas_autorizadas,unidades,True,227.0,4175.0
2025-07-01,06,O'Higgins,NVA,viviendas_autorizadas,unidades,True,1259.0,5275.0
2025-08-01,06,O'Higgins,NVA,viviendas_autorizadas,unidades,True,316.0,4900.0
2025-09-01,06,O'Higgins,NVA,viviendas_autorizadas,unidades,True,885.0,5442.0
2025-10-01,06,O'Higgins,NVA,viviendas_autorizadas,unidades,True,1282.0,6152.0
2025-11-01,06,O'Higgins,NVA,viviendas_autorizadas,unidades,True,831.0,6839.0
2025-12-01,06,O'Higgins,NVA,viviendas_autorizadas,unidades,True,505.0,6465.0
2026-01-01,06,O'Higgins,NVA,viviendas_autorizadas,unidades,True,206.0,6509.0
2026-02-01,06,O'Higgins,NVA,viviendas_autorizadas,unidades,True,520.0,6589.0
2026-03-01,06,O'Higgins,NVA,viviendas_autorizadas,unidades,True,740.0,7128.0
2026-04-01,06,O'Higgins,NVA,viviendas_autorizadas,unidades,True,276.0,7230.0
2026-05-01,06,O'Higgins,NVA,viviendas_autorizadas,unidades,True,772.0,7819.0
2014-01-01,07,Maule,NVA,viviendas_autorizadas,unidades,True,1071.0,
2014-02-01,07,Maule,NVA,viviendas_autorizadas,unidades,True,781.0,
2014-03-01,07,Maule,NVA,viviendas_autorizadas,unidades,True,1051.0,
2014-04-01,07,Maule,NVA,viviendas_autorizadas,unidades,True,970.0,
2014-05-01,07,Maule,NVA,viviendas_autorizadas,unidades,True,647.0,
2014-06-01,07,Maule,NVA,viviendas_autorizadas,unidades,True,1676.0,
2014-07-01,07,Maule,NVA,viviendas_autorizadas,unidades,True,1047.0,
2014-08-01,07,Maule,NVA,viviendas_autorizadas,unidades,True,1057.0,
2014-09-01,07,Maule,NVA,viviendas_autorizadas,unidades,True,1485.0,
2014-10-01,07,Maule,NVA,viviendas_autorizadas,unidades,True,1316.0,
2014-11-01,07,Maule,NVA,viviendas_autorizadas,unidades,True,935.0,
2014-12-01,07,Maule,NVA,viviendas_autorizadas,unidades,True,1030.0,13066.0
2015-01-01,07,Maule,NVA,viviendas_autorizadas,unidades,True,725.0,12720.0
2015-02-01,07,Maule,NVA,viviendas_autorizadas,unidades,True,719.0,12658.0
2015-03-01,07,Maule,NVA,viviendas_autorizadas,unidades,True,744.0,12351.0
2015-04-01,07,Maule,NVA,viviendas_autorizadas,unidades,True,825.0,12206.0
2015-05-01,07,Maule,NVA,viviendas_autorizadas,unidades,True,1446.0,13005.0
2015-06-01,07,Maule,NVA,viviendas_autorizadas,unidades,True,1271.0,12600.0
2015-07-01,07,Maule,NVA,viviendas_autorizadas,unidades,True,902.0,12455.0
2015-08-01,07,Maule,NVA,viviendas_autorizadas,unidades,True,1160.0,12558.0
2015-09-01,07,Maule,NVA,viviendas_autorizadas,unidades,True,1337.0,12410.0
2015-10-01,07,Maule,NVA,viviendas_autorizadas,unidades,True,885.0,11979.0
2015-11-01,07,Maule,NVA,viviendas_autorizadas,unidades,True,851.0,11895.0
2015-12-01,07,Maule,NVA,viviendas_autorizadas,unidades,True,1740.0,12605.0
2016-01-01,07,Maule,NVA,viviendas_autorizadas,unidades,True,360.0,12240.0
2016-02-01,07,Maule,NVA,viviendas_autorizadas,unidades,True,600.0,12121.0
2016-03-01,07,Maule,NVA,viviendas_autorizadas,unidades,True,887.0,12264.0
2016-04-01,07,Maule,NVA,viviendas_autorizadas,unidades,True,785.0,12224.0
2016-05-01,07,Maule,NVA,viviendas_autorizadas,unidades,True,861.0,11639.0
2016-06-01,07,Maule,NVA,viviendas_autorizadas,unidades,True,764.0,11132.0
2016-07-01,07,Maule,NVA,viviendas_autorizadas,unidades,True,1056.0,11286.0
2016-08-01,07,Maule,NVA,viviendas_autorizadas,unidades,True,1000.0,11126.0
2016-09-01,07,Maule,NVA,viviendas_autorizadas,unidades,True,912.0,10701.0
2016-10-01,07,Maule,NVA,viviendas_autorizadas,unidades,True,1150.0,10966.0
2016-11-01,07,Maule,NVA,viviendas_autorizadas,unidades,True,312.0,10427.0
2016-12-01,07,Maule,NVA,viviendas_autorizadas,unidades,True,831.0,9518.0
2017-01-01,07,Maule,NVA,viviendas_autorizadas,unidades,True,644.0,9802.0
2017-02-01,07,Maule,NVA,viviendas_autorizadas,unidades,True,1081.0,10283.0
2017-03-01,07,Maule,NVA,viviendas_autorizadas,unidades,True,945.0,10341.0
2017-04-01,07,Maule,NVA,viviendas_autorizadas,unidades,True,624.0,10180.0
2017-05-01,07,Maule,NVA,viviendas_autorizadas,unidades,True,921.0,10240.0
2017-06-01,07,Maule,NVA,viviendas_autorizadas,unidades,True,504.0,9980.0
2017-07-01,07,Maule,NVA,viviendas_autorizadas,unidades,True,1159.0,10083.0
2017-08-01,07,Maule,NVA,viviendas_autorizadas,unidades,True,1605.0,10688.0
2017-09-01,07,Maule,NVA,viviendas_autorizadas,unidades,True,614.0,10390.0
2017-10-01,07,Maule,NVA,viviendas_autorizadas,unidades,True,532.0,9772.0
2017-11-01,07,Maule,NVA,viviendas_autorizadas,unidades,True,791.0,10251.0
2017-12-01,07,Maule,NVA,viviendas_autorizadas,unidades,True,797.0,10217.0
2018-01-01,07,Maule,NVA,viviendas_autorizadas,unidades,True,895.0,10468.0
2018-02-01,07,Maule,NVA,viviendas_autorizadas,unidades,True,1066.0,10453.0
2018-03-01,07,Maule,NVA,viviendas_autorizadas,unidades,True,1881.0,11389.0
2018-04-01,07,Maule,NVA,viviendas_autorizadas,unidades,True,1751.0,12516.0
2018-05-01,07,Maule,NVA,viviendas_autorizadas,unidades,True,1779.0,13374.0
2018-06-01,07,Maule,NVA,viviendas_autorizadas,unidades,True,1311.0,14181.0
2018-07-01,07,Maule,NVA,viviendas_autorizadas,unidades,True,988.0,14010.0
2018-08-01,07,Maule,NVA,viviendas_autorizadas,unidades,True,767.0,13172.0
2018-09-01,07,Maule,NVA,viviendas_autorizadas,unidades,True,913.0,13471.0
2018-10-01,07,Maule,NVA,viviendas_autorizadas,unidades,True,1706.0,14645.0
2018-11-01,07,Maule,NVA,viviendas_autorizadas,unidades,True,940.0,14794.0
2018-12-01,07,Maule,NVA,viviendas_autorizadas,unidades,True,891.0,14888.0
2019-01-01,07,Maule,NVA,viviendas_autorizadas,unidades,True,2308.0,16301.0
2019-02-01,07,Maule,NVA,viviendas_autorizadas,unidades,True,816.0,16051.0
2019-03-01,07,Maule,NVA,viviendas_autorizadas,unidades,True,1127.0,15297.0
2019-04-01,07,Maule,NVA,viviendas_autorizadas,unidades,True,875.0,14421.0
2019-05-01,07,Maule,NVA,viviendas_autorizadas,unidades,True,1337.0,13979.0
2019-06-01,07,Maule,NVA,viviendas_autorizadas,unidades,True,1149.0,13817.0
2019-07-01,07,Maule,NVA,viviendas_autorizadas,unidades,True,1936.0,14765.0
2019-08-01,07,Maule,NVA,viviendas_autorizadas,unidades,True,654.0,14652.0
2019-09-01,07,Maule,NVA,viviendas_autorizadas,unidades,True,859.0,14598.0
2019-10-01,07,Maule,NVA,viviendas_autorizadas,unidades,True,981.0,13873.0
2019-11-01,07,Maule,NVA,viviendas_autorizadas,unidades,True,839.0,13772.0
2019-12-01,07,Maule,NVA,viviendas_autorizadas,unidades,True,1835.0,14716.0
2020-01-01,07,Maule,NVA,viviendas_autorizadas,unidades,True,2333.0,14741.0
2020-02-01,07,Maule,NVA,viviendas_autorizadas,unidades,True,1981.0,15906.0
2020-03-01,07,Maule,NVA,viviendas_autorizadas,unidades,True,607.0,15386.0
2020-04-01,07,Maule,NVA,viviendas_autorizadas,unidades,True,329.0,14840.0
2020-05-01,07,Maule,NVA,viviendas_autorizadas,unidades,True,1120.0,14623.0
2020-06-01,07,Maule,NVA,viviendas_autorizadas,unidades,True,611.0,14085.0
2020-07-01,07,Maule,NVA,viviendas_autorizadas,unidades,True,627.0,12776.0
2020-08-01,07,Maule,NVA,viviendas_autorizadas,unidades,True,479.0,12601.0
2020-09-01,07,Maule,NVA,viviendas_autorizadas,unidades,True,850.0,12592.0
2020-10-01,07,Maule,NVA,viviendas_autorizadas,unidades,True,255.0,11866.0
2020-11-01,07,Maule,NVA,viviendas_autorizadas,unidades,True,1073.0,12100.0
2020-12-01,07,Maule,NVA,viviendas_autorizadas,unidades,True,974.0,11239.0
2021-01-01,07,Maule,NVA,viviendas_autorizadas,unidades,True,592.0,9498.0
2021-02-01,07,Maule,NVA,viviendas_autorizadas,unidades,True,281.0,7798.0
2021-03-01,07,Maule,NVA,viviendas_autorizadas,unidades,True,585.0,7776.0
2021-04-01,07,Maule,NVA,viviendas_autorizadas,unidades,True,849.0,8296.0
2021-05-01,07,Maule,NVA,viviendas_autorizadas,unidades,True,570.0,7746.0
2021-06-01,07,Maule,NVA,viviendas_autorizadas,unidades,True,1006.0,8141.0
2021-07-01,07,Maule,NVA,viviendas_autorizadas,unidades,True,1286.0,8800.0
2021-08-01,07,Maule,NVA,viviendas_autorizadas,unidades,True,1175.0,9496.0
2021-09-01,07,Maule,NVA,viviendas_autorizadas,unidades,True,383.0,9029.0
2021-10-01,07,Maule,NVA,viviendas_autorizadas,unidades,True,533.0,9307.0
2021-11-01,07,Maule,NVA,viviendas_autorizadas,unidades,True,439.0,8673.0
2021-12-01,07,Maule,NVA,viviendas_autorizadas,unidades,True,760.0,8459.0
2022-01-01,07,Maule,NVA,viviendas_autorizadas,unidades,True,622.0,8489.0
2022-02-01,07,Maule,NVA,viviendas_autorizadas,unidades,True,592.0,8800.0
2022-03-01,07,Maule,NVA,viviendas_autorizadas,unidades,True,617.0,8832.0
2022-04-01,07,Maule,NVA,viviendas_autorizadas,unidades,True,992.0,8975.0
2022-05-01,07,Maule,NVA,viviendas_autorizadas,unidades,True,606.0,9011.0
2022-06-01,07,Maule,NVA,viviendas_autorizadas,unidades,True,487.0,8492.0
2022-07-01,07,Maule,NVA,viviendas_autorizadas,unidades,True,391.0,7597.0
2022-08-01,07,Maule,NVA,viviendas_autorizadas,unidades,True,546.0,6968.0
2022-09-01,07,Maule,NVA,viviendas_autorizadas,unidades,True,584.0,7169.0
2022-10-01,07,Maule,NVA,viviendas_autorizadas,unidades,True,747.0,7383.0
2022-11-01,07,Maule,NVA,viviendas_autorizadas,unidades,True,549.0,7493.0
2022-12-01,07,Maule,NVA,viviendas_autorizadas,unidades,True,1599.0,8332.0
2023-01-01,07,Maule,NVA,viviendas_autorizadas,unidades,True,267.0,7977.0
2023-02-01,07,Maule,NVA,viviendas_autorizadas,unidades,True,1222.0,8607.0
2023-03-01,07,Maule,NVA,viviendas_autorizadas,unidades,True,1108.0,9098.0
2023-04-01,07,Maule,NVA,viviendas_autorizadas,unidades,True,456.0,8562.0
2023-05-01,07,Maule,NVA,viviendas_autorizadas,unidades,True,824.0,8780.0
2023-06-01,07,Maule,NVA,viviendas_autorizadas,unidades,True,794.0,9087.0
2023-07-01,07,Maule,NVA,viviendas_autorizadas,unidades,True,1199.0,9895.0
2023-08-01,07,Maule,NVA,viviendas_autorizadas,unidades,True,916.0,10265.0
2023-09-01,07,Maule,NVA,viviendas_autorizadas,unidades,True,461.0,10142.0
2023-10-01,07,Maule,NVA,viviendas_autorizadas,unidades,True,577.0,9972.0
2023-11-01,07,Maule,NVA,viviendas_autorizadas,unidades,True,939.0,10362.0
2023-12-01,07,Maule,NVA,viviendas_autorizadas,unidades,True,884.0,9647.0
2024-01-01,07,Maule,NVA,viviendas_autorizadas,unidades,True,419.0,9799.0
2024-02-01,07,Maule,NVA,viviendas_autorizadas,unidades,True,237.0,8814.0
2024-03-01,07,Maule,NVA,viviendas_autorizadas,unidades,True,294.0,8000.0
2024-04-01,07,Maule,NVA,viviendas_autorizadas,unidades,True,743.0,8287.0
2024-05-01,07,Maule,NVA,viviendas_autorizadas,unidades,True,790.0,8253.0
2024-06-01,07,Maule,NVA,viviendas_autorizadas,unidades,True,590.0,8049.0
2024-07-01,07,Maule,NVA,viviendas_autorizadas,unidades,True,1280.0,8130.0
2024-08-01,07,Maule,NVA,viviendas_autorizadas,unidades,True,555.0,7769.0
2024-09-01,07,Maule,NVA,viviendas_autorizadas,unidades,True,845.0,8153.0
2024-10-01,07,Maule,NVA,viviendas_autorizadas,unidades,True,649.0,8225.0
2024-11-01,07,Maule,NVA,viviendas_autorizadas,unidades,True,464.0,7750.0
2024-12-01,07,Maule,NVA,viviendas_autorizadas,unidades,True,1154.0,8020.0
2025-01-01,07,Maule,NVA,viviendas_autorizadas,unidades,True,347.0,7948.0
2025-02-01,07,Maule,NVA,viviendas_autorizadas,unidades,True,459.0,8170.0
2025-03-01,07,Maule,NVA,viviendas_autorizadas,unidades,True,464.0,8340.0
2025-04-01,07,Maule,NVA,viviendas_autorizadas,unidades,True,656.0,8253.0
2025-05-01,07,Maule,NVA,viviendas_autorizadas,unidades,True,746.0,8209.0
2025-06-01,07,Maule,NVA,viviendas_autorizadas,unidades,True,454.0,8073.0
2025-07-01,07,Maule,NVA,viviendas_autorizadas,unidades,True,1812.0,8605.0
2025-08-01,07,Maule,NVA,viviendas_autorizadas,unidades,True,307.0,8357.0
2025-09-01,07,Maule,NVA,viviendas_autorizadas,unidades,True,398.0,7910.0
2025-10-01,07,Maule,NVA,viviendas_autorizadas,unidades,True,484.0,7745.0
2025-11-01,07,Maule,NVA,viviendas_autorizadas,unidades,True,902.0,8183.0
2025-12-01,07,Maule,NVA,viviendas_autorizadas,unidades,True,639.0,7668.0
2026-01-01,07,Maule,NVA,viviendas_autorizadas,unidades,True,740.0,8061.0
2026-02-01,07,Maule,NVA,viviendas_autorizadas,unidades,True,579.0,8181.0
2026-03-01,07,Maule,NVA,viviendas_autorizadas,unidades,True,460.0,8177.0
2026-04-01,07,Maule,NVA,viviendas_autorizadas,unidades,True,739.0,8260.0
2026-05-01,07,Maule,NVA,viviendas_autorizadas,unidades,True,1036.0,8550.0
2014-01-01,08,Biobío,NVA,viviendas_autorizadas,unidades,True,1815.0,
2014-02-01,08,Biobío,NVA,viviendas_autorizadas,unidades,True,2193.0,
2014-03-01,08,Biobío,NVA,viviendas_autorizadas,unidades,True,1576.0,
2014-04-01,08,Biobío,NVA,viviendas_autorizadas,unidades,True,1588.0,
2014-05-01,08,Biobío,NVA,viviendas_autorizadas,unidades,True,1977.0,
2014-06-01,08,Biobío,NVA,viviendas_autorizadas,unidades,True,2784.0,
2014-07-01,08,Biobío,NVA,viviendas_autorizadas,unidades,True,2108.0,
2014-08-01,08,Biobío,NVA,viviendas_autorizadas,unidades,True,1678.0,
2014-09-01,08,Biobío,NVA,viviendas_autorizadas,unidades,True,2245.0,
2014-10-01,08,Biobío,NVA,viviendas_autorizadas,unidades,True,2031.0,
2014-11-01,08,Biobío,NVA,viviendas_autorizadas,unidades,True,2273.0,
2014-12-01,08,Biobío,NVA,viviendas_autorizadas,unidades,True,2535.0,24803.0
2015-01-01,08,Biobío,NVA,viviendas_autorizadas,unidades,True,1539.0,24527.0
2015-02-01,08,Biobío,NVA,viviendas_autorizadas,unidades,True,1929.0,24263.0
2015-03-01,08,Biobío,NVA,viviendas_autorizadas,unidades,True,2103.0,24790.0
2015-04-01,08,Biobío,NVA,viviendas_autorizadas,unidades,True,2133.0,25335.0
2015-05-01,08,Biobío,NVA,viviendas_autorizadas,unidades,True,1812.0,25170.0
2015-06-01,08,Biobío,NVA,viviendas_autorizadas,unidades,True,1934.0,24320.0
2015-07-01,08,Biobío,NVA,viviendas_autorizadas,unidades,True,1971.0,24183.0
2015-08-01,08,Biobío,NVA,viviendas_autorizadas,unidades,True,1751.0,24256.0
2015-09-01,08,Biobío,NVA,viviendas_autorizadas,unidades,True,2367.0,24378.0
2015-10-01,08,Biobío,NVA,viviendas_autorizadas,unidades,True,2745.0,25092.0
2015-11-01,08,Biobío,NVA,viviendas_autorizadas,unidades,True,3138.0,25957.0
2015-12-01,08,Biobío,NVA,viviendas_autorizadas,unidades,True,3943.0,27365.0
2016-01-01,08,Biobío,NVA,viviendas_autorizadas,unidades,True,1233.0,27059.0
2016-02-01,08,Biobío,NVA,viviendas_autorizadas,unidades,True,2195.0,27325.0
2016-03-01,08,Biobío,NVA,viviendas_autorizadas,unidades,True,2460.0,27682.0
2016-04-01,08,Biobío,NVA,viviendas_autorizadas,unidades,True,1473.0,27022.0
2016-05-01,08,Biobío,NVA,viviendas_autorizadas,unidades,True,1233.0,26443.0
2016-06-01,08,Biobío,NVA,viviendas_autorizadas,unidades,True,1210.0,25719.0
2016-07-01,08,Biobío,NVA,viviendas_autorizadas,unidades,True,914.0,24662.0
2016-08-01,08,Biobío,NVA,viviendas_autorizadas,unidades,True,1885.0,24796.0
2016-09-01,08,Biobío,NVA,viviendas_autorizadas,unidades,True,1406.0,23835.0
2016-10-01,08,Biobío,NVA,viviendas_autorizadas,unidades,True,1564.0,22654.0
2016-11-01,08,Biobío,NVA,viviendas_autorizadas,unidades,True,1534.0,21050.0
2016-12-01,08,Biobío,NVA,viviendas_autorizadas,unidades,True,1935.0,19042.0
2017-01-01,08,Biobío,NVA,viviendas_autorizadas,unidades,True,2008.0,19817.0
2017-02-01,08,Biobío,NVA,viviendas_autorizadas,unidades,True,1746.0,19368.0
2017-03-01,08,Biobío,NVA,viviendas_autorizadas,unidades,True,2614.0,19522.0
2017-04-01,08,Biobío,NVA,viviendas_autorizadas,unidades,True,2085.0,20134.0
2017-05-01,08,Biobío,NVA,viviendas_autorizadas,unidades,True,1228.0,20129.0
2017-06-01,08,Biobío,NVA,viviendas_autorizadas,unidades,True,3798.0,22717.0
2017-07-01,08,Biobío,NVA,viviendas_autorizadas,unidades,True,1126.0,22929.0
2017-08-01,08,Biobío,NVA,viviendas_autorizadas,unidades,True,2151.0,23195.0
2017-09-01,08,Biobío,NVA,viviendas_autorizadas,unidades,True,1506.0,23295.0
2017-10-01,08,Biobío,NVA,viviendas_autorizadas,unidades,True,1297.0,23028.0
2017-11-01,08,Biobío,NVA,viviendas_autorizadas,unidades,True,2062.0,23556.0
2017-12-01,08,Biobío,NVA,viviendas_autorizadas,unidades,True,1538.0,23159.0
2018-01-01,08,Biobío,NVA,viviendas_autorizadas,unidades,True,1776.0,22927.0
2018-02-01,08,Biobío,NVA,viviendas_autorizadas,unidades,True,2526.0,23707.0
2018-03-01,08,Biobío,NVA,viviendas_autorizadas,unidades,True,3028.0,24121.0
2018-04-01,08,Biobío,NVA,viviendas_autorizadas,unidades,True,2462.0,24498.0
2018-05-01,08,Biobío,NVA,viviendas_autorizadas,unidades,True,1565.0,24835.0
2018-06-01,08,Biobío,NVA,viviendas_autorizadas,unidades,True,4251.0,25288.0
2018-07-01,08,Biobío,NVA,viviendas_autorizadas,unidades,True,2242.0,26404.0
2018-08-01,08,Biobío,NVA,viviendas_autorizadas,unidades,True,1362.0,25615.0
2018-09-01,08,Biobío,NVA,viviendas_autorizadas,unidades,True,1043.0,25152.0
2018-10-01,08,Biobío,NVA,viviendas_autorizadas,unidades,True,1117.0,24972.0
2018-11-01,08,Biobío,NVA,viviendas_autorizadas,unidades,True,821.0,23731.0
2018-12-01,08,Biobío,NVA,viviendas_autorizadas,unidades,True,1161.0,23354.0
2019-01-01,08,Biobío,NVA,viviendas_autorizadas,unidades,True,1209.0,22787.0
2019-02-01,08,Biobío,NVA,viviendas_autorizadas,unidades,True,1201.0,21462.0
2019-03-01,08,Biobío,NVA,viviendas_autorizadas,unidades,True,1118.0,19552.0
2019-04-01,08,Biobío,NVA,viviendas_autorizadas,unidades,True,2124.0,19214.0
2019-05-01,08,Biobío,NVA,viviendas_autorizadas,unidades,True,1934.0,19583.0
2019-06-01,08,Biobío,NVA,viviendas_autorizadas,unidades,True,2057.0,17389.0
2019-07-01,08,Biobío,NVA,viviendas_autorizadas,unidades,True,2469.0,17616.0
2019-08-01,08,Biobío,NVA,viviendas_autorizadas,unidades,True,798.0,17052.0
2019-09-01,08,Biobío,NVA,viviendas_autorizadas,unidades,True,1340.0,17349.0
2019-10-01,08,Biobío,NVA,viviendas_autorizadas,unidades,True,1401.0,17633.0
2019-11-01,08,Biobío,NVA,viviendas_autorizadas,unidades,True,587.0,17399.0
2019-12-01,08,Biobío,NVA,viviendas_autorizadas,unidades,True,1562.0,17800.0
2020-01-01,08,Biobío,NVA,viviendas_autorizadas,unidades,True,2200.0,18791.0
2020-02-01,08,Biobío,NVA,viviendas_autorizadas,unidades,True,376.0,17966.0
2020-03-01,08,Biobío,NVA,viviendas_autorizadas,unidades,True,1285.0,18133.0
2020-04-01,08,Biobío,NVA,viviendas_autorizadas,unidades,True,689.0,16698.0
2020-05-01,08,Biobío,NVA,viviendas_autorizadas,unidades,True,1589.0,16353.0
2020-06-01,08,Biobío,NVA,viviendas_autorizadas,unidades,True,928.0,15224.0
2020-07-01,08,Biobío,NVA,viviendas_autorizadas,unidades,True,662.0,13417.0
2020-08-01,08,Biobío,NVA,viviendas_autorizadas,unidades,True,446.0,13065.0
2020-09-01,08,Biobío,NVA,viviendas_autorizadas,unidades,True,1646.0,13371.0
2020-10-01,08,Biobío,NVA,viviendas_autorizadas,unidades,True,1223.0,13193.0
2020-11-01,08,Biobío,NVA,viviendas_autorizadas,unidades,True,1281.0,13887.0
2020-12-01,08,Biobío,NVA,viviendas_autorizadas,unidades,True,872.0,13197.0
2021-01-01,08,Biobío,NVA,viviendas_autorizadas,unidades,True,1065.0,12062.0
2021-02-01,08,Biobío,NVA,viviendas_autorizadas,unidades,True,1490.0,13176.0
2021-03-01,08,Biobío,NVA,viviendas_autorizadas,unidades,True,2049.0,13940.0
2021-04-01,08,Biobío,NVA,viviendas_autorizadas,unidades,True,1058.0,14309.0
2021-05-01,08,Biobío,NVA,viviendas_autorizadas,unidades,True,1253.0,13973.0
2021-06-01,08,Biobío,NVA,viviendas_autorizadas,unidades,True,916.0,13961.0
2021-07-01,08,Biobío,NVA,viviendas_autorizadas,unidades,True,429.0,13728.0
2021-08-01,08,Biobío,NVA,viviendas_autorizadas,unidades,True,1363.0,14645.0
2021-09-01,08,Biobío,NVA,viviendas_autorizadas,unidades,True,791.0,13790.0
2021-10-01,08,Biobío,NVA,viviendas_autorizadas,unidades,True,1173.0,13740.0
2021-11-01,08,Biobío,NVA,viviendas_autorizadas,unidades,True,724.0,13183.0
2021-12-01,08,Biobío,NVA,viviendas_autorizadas,unidades,True,1795.0,14106.0
2022-01-01,08,Biobío,NVA,viviendas_autorizadas,unidades,True,725.0,13766.0
2022-02-01,08,Biobío,NVA,viviendas_autorizadas,unidades,True,628.0,12904.0
2022-03-01,08,Biobío,NVA,viviendas_autorizadas,unidades,True,1801.0,12656.0
2022-04-01,08,Biobío,NVA,viviendas_autorizadas,unidades,True,1101.0,12699.0
2022-05-01,08,Biobío,NVA,viviendas_autorizadas,unidades,True,2012.0,13458.0
2022-06-01,08,Biobío,NVA,viviendas_autorizadas,unidades,True,1223.0,13765.0
2022-07-01,08,Biobío,NVA,viviendas_autorizadas,unidades,True,536.0,13872.0
2022-08-01,08,Biobío,NVA,viviendas_autorizadas,unidades,True,1335.0,13844.0
2022-09-01,08,Biobío,NVA,viviendas_autorizadas,unidades,True,1165.0,14218.0
2022-10-01,08,Biobío,NVA,viviendas_autorizadas,unidades,True,1841.0,14886.0
2022-11-01,08,Biobío,NVA,viviendas_autorizadas,unidades,True,1117.0,15279.0
2022-12-01,08,Biobío,NVA,viviendas_autorizadas,unidades,True,2176.0,15660.0
2023-01-01,08,Biobío,NVA,viviendas_autorizadas,unidades,True,279.0,15214.0
2023-02-01,08,Biobío,NVA,viviendas_autorizadas,unidades,True,686.0,15272.0
2023-03-01,08,Biobío,NVA,viviendas_autorizadas,unidades,True,768.0,14239.0
2023-04-01,08,Biobío,NVA,viviendas_autorizadas,unidades,True,868.0,14006.0
2023-05-01,08,Biobío,NVA,viviendas_autorizadas,unidades,True,418.0,12412.0
2023-06-01,08,Biobío,NVA,viviendas_autorizadas,unidades,True,1133.0,12322.0
2023-07-01,08,Biobío,NVA,viviendas_autorizadas,unidades,True,423.0,12209.0
2023-08-01,08,Biobío,NVA,viviendas_autorizadas,unidades,True,885.0,11759.0
2023-09-01,08,Biobío,NVA,viviendas_autorizadas,unidades,True,722.0,11316.0
2023-10-01,08,Biobío,NVA,viviendas_autorizadas,unidades,True,460.0,9935.0
2023-11-01,08,Biobío,NVA,viviendas_autorizadas,unidades,True,1515.0,10333.0
2023-12-01,08,Biobío,NVA,viviendas_autorizadas,unidades,True,1150.0,9307.0
2024-01-01,08,Biobío,NVA,viviendas_autorizadas,unidades,True,666.0,9694.0
2024-02-01,08,Biobío,NVA,viviendas_autorizadas,unidades,True,440.0,9448.0
2024-03-01,08,Biobío,NVA,viviendas_autorizadas,unidades,True,1019.0,9699.0
2024-04-01,08,Biobío,NVA,viviendas_autorizadas,unidades,True,811.0,9642.0
2024-05-01,08,Biobío,NVA,viviendas_autorizadas,unidades,True,661.0,9885.0
2024-06-01,08,Biobío,NVA,viviendas_autorizadas,unidades,True,568.0,9320.0
2024-07-01,08,Biobío,NVA,viviendas_autorizadas,unidades,True,352.0,9249.0
2024-08-01,08,Biobío,NVA,viviendas_autorizadas,unidades,True,304.0,8668.0
2024-09-01,08,Biobío,NVA,viviendas_autorizadas,unidades,True,417.0,8363.0
2024-10-01,08,Biobío,NVA,viviendas_autorizadas,unidades,True,733.0,8636.0
2024-11-01,08,Biobío,NVA,viviendas_autorizadas,unidades,True,702.0,7823.0
2024-12-01,08,Biobío,NVA,viviendas_autorizadas,unidades,True,3492.0,10165.0
2025-01-01,08,Biobío,NVA,viviendas_autorizadas,unidades,True,742.0,10241.0
2025-02-01,08,Biobío,NVA,viviendas_autorizadas,unidades,True,713.0,10514.0
2025-03-01,08,Biobío,NVA,viviendas_autorizadas,unidades,True,584.0,10079.0
2025-04-01,08,Biobío,NVA,viviendas_autorizadas,unidades,True,625.0,9893.0
2025-05-01,08,Biobío,NVA,viviendas_autorizadas,unidades,True,405.0,9637.0
2025-06-01,08,Biobío,NVA,viviendas_autorizadas,unidades,True,467.0,9536.0
2025-07-01,08,Biobío,NVA,viviendas_autorizadas,unidades,True,475.0,9659.0
2025-08-01,08,Biobío,NVA,viviendas_autorizadas,unidades,True,496.0,9851.0
2025-09-01,08,Biobío,NVA,viviendas_autorizadas,unidades,True,723.0,10157.0
2025-10-01,08,Biobío,NVA,viviendas_autorizadas,unidades,True,419.0,9843.0
2025-11-01,08,Biobío,NVA,viviendas_autorizadas,unidades,True,409.0,9550.0
2025-12-01,08,Biobío,NVA,viviendas_autorizadas,unidades,True,533.0,6591.0
2026-01-01,08,Biobío,NVA,viviendas_autorizadas,unidades,True,642.0,6491.0
2026-02-01,08,Biobío,NVA,viviendas_autorizadas,unidades,True,628.0,6406.0
2026-03-01,08,Biobío,NVA,viviendas_autorizadas,unidades,True,612.0,6434.0
2026-04-01,08,Biobío,NVA,viviendas_autorizadas,unidades,True,1337.0,7146.0
2026-05-01,08,Biobío,NVA,viviendas_autorizadas,unidades,True,1152.0,7893.0
2014-01-01,09,La Araucanía,NVA,viviendas_autorizadas,unidades,True,809.0,
2014-02-01,09,La Araucanía,NVA,viviendas_autorizadas,unidades,True,224.0,
2014-03-01,09,La Araucanía,NVA,viviendas_autorizadas,unidades,True,689.0,
2014-04-01,09,La Araucanía,NVA,viviendas_autorizadas,unidades,True,503.0,
2014-05-01,09,La Araucanía,NVA,viviendas_autorizadas,unidades,True,836.0,
2014-06-01,09,La Araucanía,NVA,viviendas_autorizadas,unidades,True,647.0,
2014-07-01,09,La Araucanía,NVA,viviendas_autorizadas,unidades,True,794.0,
2014-08-01,09,La Araucanía,NVA,viviendas_autorizadas,unidades,True,729.0,
2014-09-01,09,La Araucanía,NVA,viviendas_autorizadas,unidades,True,1475.0,
2014-10-01,09,La Araucanía,NVA,viviendas_autorizadas,unidades,True,1271.0,
2014-11-01,09,La Araucanía,NVA,viviendas_autorizadas,unidades,True,1674.0,
2014-12-01,09,La Araucanía,NVA,viviendas_autorizadas,unidades,True,750.0,10401.0
2015-01-01,09,La Araucanía,NVA,viviendas_autorizadas,unidades,True,871.0,10463.0
2015-02-01,09,La Araucanía,NVA,viviendas_autorizadas,unidades,True,640.0,10879.0
2015-03-01,09,La Araucanía,NVA,viviendas_autorizadas,unidades,True,942.0,11132.0
2015-04-01,09,La Araucanía,NVA,viviendas_autorizadas,unidades,True,980.0,11609.0
2015-05-01,09,La Araucanía,NVA,viviendas_autorizadas,unidades,True,1269.0,12042.0
2015-06-01,09,La Araucanía,NVA,viviendas_autorizadas,unidades,True,975.0,12370.0
2015-07-01,09,La Araucanía,NVA,viviendas_autorizadas,unidades,True,1875.0,13451.0
2015-08-01,09,La Araucanía,NVA,viviendas_autorizadas,unidades,True,864.0,13586.0
2015-09-01,09,La Araucanía,NVA,viviendas_autorizadas,unidades,True,760.0,12871.0
2015-10-01,09,La Araucanía,NVA,viviendas_autorizadas,unidades,True,1618.0,13218.0
2015-11-01,09,La Araucanía,NVA,viviendas_autorizadas,unidades,True,1423.0,12967.0
2015-12-01,09,La Araucanía,NVA,viviendas_autorizadas,unidades,True,1450.0,13667.0
2016-01-01,09,La Araucanía,NVA,viviendas_autorizadas,unidades,True,790.0,13586.0
2016-02-01,09,La Araucanía,NVA,viviendas_autorizadas,unidades,True,508.0,13454.0
2016-03-01,09,La Araucanía,NVA,viviendas_autorizadas,unidades,True,986.0,13498.0
2016-04-01,09,La Araucanía,NVA,viviendas_autorizadas,unidades,True,669.0,13187.0
2016-05-01,09,La Araucanía,NVA,viviendas_autorizadas,unidades,True,507.0,12425.0
2016-06-01,09,La Araucanía,NVA,viviendas_autorizadas,unidades,True,721.0,12171.0
2016-07-01,09,La Araucanía,NVA,viviendas_autorizadas,unidades,True,331.0,10627.0
2016-08-01,09,La Araucanía,NVA,viviendas_autorizadas,unidades,True,653.0,10416.0
2016-09-01,09,La Araucanía,NVA,viviendas_autorizadas,unidades,True,712.0,10368.0
2016-10-01,09,La Araucanía,NVA,viviendas_autorizadas,unidades,True,648.0,9398.0
2016-11-01,09,La Araucanía,NVA,viviendas_autorizadas,unidades,True,920.0,8895.0
2016-12-01,09,La Araucanía,NVA,viviendas_autorizadas,unidades,True,1445.0,8890.0
2017-01-01,09,La Araucanía,NVA,viviendas_autorizadas,unidades,True,2033.0,10133.0
2017-02-01,09,La Araucanía,NVA,viviendas_autorizadas,unidades,True,1203.0,10828.0
2017-03-01,09,La Araucanía,NVA,viviendas_autorizadas,unidades,True,1749.0,11591.0
2017-04-01,09,La Araucanía,NVA,viviendas_autorizadas,unidades,True,593.0,11515.0
2017-05-01,09,La Araucanía,NVA,viviendas_autorizadas,unidades,True,1164.0,12172.0
2017-06-01,09,La Araucanía,NVA,viviendas_autorizadas,unidades,True,1582.0,13033.0
2017-07-01,09,La Araucanía,NVA,viviendas_autorizadas,unidades,True,890.0,13592.0
2017-08-01,09,La Araucanía,NVA,viviendas_autorizadas,unidades,True,1036.0,13975.0
2017-09-01,09,La Araucanía,NVA,viviendas_autorizadas,unidades,True,1029.0,14292.0
2017-10-01,09,La Araucanía,NVA,viviendas_autorizadas,unidades,True,992.0,14636.0
2017-11-01,09,La Araucanía,NVA,viviendas_autorizadas,unidades,True,862.0,14578.0
2017-12-01,09,La Araucanía,NVA,viviendas_autorizadas,unidades,True,901.0,14034.0
2018-01-01,09,La Araucanía,NVA,viviendas_autorizadas,unidades,True,853.0,12854.0
2018-02-01,09,La Araucanía,NVA,viviendas_autorizadas,unidades,True,1390.0,13041.0
2018-03-01,09,La Araucanía,NVA,viviendas_autorizadas,unidades,True,1343.0,12635.0
2018-04-01,09,La Araucanía,NVA,viviendas_autorizadas,unidades,True,1863.0,13905.0
2018-05-01,09,La Araucanía,NVA,viviendas_autorizadas,unidades,True,1897.0,14638.0
2018-06-01,09,La Araucanía,NVA,viviendas_autorizadas,unidades,True,870.0,13926.0
2018-07-01,09,La Araucanía,NVA,viviendas_autorizadas,unidades,True,835.0,13871.0
2018-08-01,09,La Araucanía,NVA,viviendas_autorizadas,unidades,True,1781.0,14616.0
2018-09-01,09,La Araucanía,NVA,viviendas_autorizadas,unidades,True,1801.0,15388.0
2018-10-01,09,La Araucanía,NVA,viviendas_autorizadas,unidades,True,1984.0,16380.0
2018-11-01,09,La Araucanía,NVA,viviendas_autorizadas,unidades,True,818.0,16336.0
2018-12-01,09,La Araucanía,NVA,viviendas_autorizadas,unidades,True,1275.0,16710.0
2019-01-01,09,La Araucanía,NVA,viviendas_autorizadas,unidades,True,1279.0,17136.0
2019-02-01,09,La Araucanía,NVA,viviendas_autorizadas,unidades,True,996.0,16742.0
2019-03-01,09,La Araucanía,NVA,viviendas_autorizadas,unidades,True,1562.0,16961.0
2019-04-01,09,La Araucanía,NVA,viviendas_autorizadas,unidades,True,2128.0,17226.0
2019-05-01,09,La Araucanía,NVA,viviendas_autorizadas,unidades,True,1809.0,17138.0
2019-06-01,09,La Araucanía,NVA,viviendas_autorizadas,unidades,True,1265.0,17533.0
2019-07-01,09,La Araucanía,NVA,viviendas_autorizadas,unidades,True,1392.0,18090.0
2019-08-01,09,La Araucanía,NVA,viviendas_autorizadas,unidades,True,981.0,17290.0
2019-09-01,09,La Araucanía,NVA,viviendas_autorizadas,unidades,True,772.0,16261.0
2019-10-01,09,La Araucanía,NVA,viviendas_autorizadas,unidades,True,1547.0,15824.0
2019-11-01,09,La Araucanía,NVA,viviendas_autorizadas,unidades,True,1135.0,16141.0
2019-12-01,09,La Araucanía,NVA,viviendas_autorizadas,unidades,True,1059.0,15925.0
2020-01-01,09,La Araucanía,NVA,viviendas_autorizadas,unidades,True,1940.0,16586.0
2020-02-01,09,La Araucanía,NVA,viviendas_autorizadas,unidades,True,1362.0,16952.0
2020-03-01,09,La Araucanía,NVA,viviendas_autorizadas,unidades,True,681.0,16071.0
2020-04-01,09,La Araucanía,NVA,viviendas_autorizadas,unidades,True,567.0,14510.0
2020-05-01,09,La Araucanía,NVA,viviendas_autorizadas,unidades,True,611.0,13312.0
2020-06-01,09,La Araucanía,NVA,viviendas_autorizadas,unidades,True,849.0,12896.0
2020-07-01,09,La Araucanía,NVA,viviendas_autorizadas,unidades,True,756.0,12260.0
2020-08-01,09,La Araucanía,NVA,viviendas_autorizadas,unidades,True,900.0,12179.0
2020-09-01,09,La Araucanía,NVA,viviendas_autorizadas,unidades,True,492.0,11899.0
2020-10-01,09,La Araucanía,NVA,viviendas_autorizadas,unidades,True,522.0,10874.0
2020-11-01,09,La Araucanía,NVA,viviendas_autorizadas,unidades,True,492.0,10231.0
2020-12-01,09,La Araucanía,NVA,viviendas_autorizadas,unidades,True,798.0,9970.0
2021-01-01,09,La Araucanía,NVA,viviendas_autorizadas,unidades,True,692.0,8722.0
2021-02-01,09,La Araucanía,NVA,viviendas_autorizadas,unidades,True,594.0,7954.0
2021-03-01,09,La Araucanía,NVA,viviendas_autorizadas,unidades,True,771.0,8044.0
2021-04-01,09,La Araucanía,NVA,viviendas_autorizadas,unidades,True,935.0,8412.0
2021-05-01,09,La Araucanía,NVA,viviendas_autorizadas,unidades,True,651.0,8452.0
2021-06-01,09,La Araucanía,NVA,viviendas_autorizadas,unidades,True,650.0,8253.0
2021-07-01,09,La Araucanía,NVA,viviendas_autorizadas,unidades,True,1241.0,8738.0
2021-08-01,09,La Araucanía,NVA,viviendas_autorizadas,unidades,True,692.0,8530.0
2021-09-01,09,La Araucanía,NVA,viviendas_autorizadas,unidades,True,1269.0,9307.0
2021-10-01,09,La Araucanía,NVA,viviendas_autorizadas,unidades,True,588.0,9373.0
2021-11-01,09,La Araucanía,NVA,viviendas_autorizadas,unidades,True,566.0,9447.0
2021-12-01,09,La Araucanía,NVA,viviendas_autorizadas,unidades,True,1346.0,9995.0
2022-01-01,09,La Araucanía,NVA,viviendas_autorizadas,unidades,True,604.0,9907.0
2022-02-01,09,La Araucanía,NVA,viviendas_autorizadas,unidades,True,243.0,9556.0
2022-03-01,09,La Araucanía,NVA,viviendas_autorizadas,unidades,True,553.0,9338.0
2022-04-01,09,La Araucanía,NVA,viviendas_autorizadas,unidades,True,872.0,9275.0
2022-05-01,09,La Araucanía,NVA,viviendas_autorizadas,unidades,True,304.0,8928.0
2022-06-01,09,La Araucanía,NVA,viviendas_autorizadas,unidades,True,503.0,8781.0
2022-07-01,09,La Araucanía,NVA,viviendas_autorizadas,unidades,True,682.0,8222.0
2022-08-01,09,La Araucanía,NVA,viviendas_autorizadas,unidades,True,312.0,7842.0
2022-09-01,09,La Araucanía,NVA,viviendas_autorizadas,unidades,True,990.0,7563.0
2022-10-01,09,La Araucanía,NVA,viviendas_autorizadas,unidades,True,1141.0,8116.0
2022-11-01,09,La Araucanía,NVA,viviendas_autorizadas,unidades,True,598.0,8148.0
2022-12-01,09,La Araucanía,NVA,viviendas_autorizadas,unidades,True,1094.0,7896.0
2023-01-01,09,La Araucanía,NVA,viviendas_autorizadas,unidades,True,380.0,7672.0
2023-02-01,09,La Araucanía,NVA,viviendas_autorizadas,unidades,True,232.0,7661.0
2023-03-01,09,La Araucanía,NVA,viviendas_autorizadas,unidades,True,798.0,7906.0
2023-04-01,09,La Araucanía,NVA,viviendas_autorizadas,unidades,True,845.0,7879.0
2023-05-01,09,La Araucanía,NVA,viviendas_autorizadas,unidades,True,1276.0,8851.0
2023-06-01,09,La Araucanía,NVA,viviendas_autorizadas,unidades,True,686.0,9034.0
2023-07-01,09,La Araucanía,NVA,viviendas_autorizadas,unidades,True,515.0,8867.0
2023-08-01,09,La Araucanía,NVA,viviendas_autorizadas,unidades,True,1423.0,9978.0
2023-09-01,09,La Araucanía,NVA,viviendas_autorizadas,unidades,True,1027.0,10015.0
2023-10-01,09,La Araucanía,NVA,viviendas_autorizadas,unidades,True,2161.0,11035.0
2023-11-01,09,La Araucanía,NVA,viviendas_autorizadas,unidades,True,815.0,11252.0
2023-12-01,09,La Araucanía,NVA,viviendas_autorizadas,unidades,True,617.0,10775.0
2024-01-01,09,La Araucanía,NVA,viviendas_autorizadas,unidades,True,289.0,10684.0
2024-02-01,09,La Araucanía,NVA,viviendas_autorizadas,unidades,True,472.0,10924.0
2024-03-01,09,La Araucanía,NVA,viviendas_autorizadas,unidades,True,493.0,10619.0
2024-04-01,09,La Araucanía,NVA,viviendas_autorizadas,unidades,True,333.0,10107.0
2024-05-01,09,La Araucanía,NVA,viviendas_autorizadas,unidades,True,573.0,9404.0
2024-06-01,09,La Araucanía,NVA,viviendas_autorizadas,unidades,True,451.0,9169.0
2024-07-01,09,La Araucanía,NVA,viviendas_autorizadas,unidades,True,439.0,9093.0
2024-08-01,09,La Araucanía,NVA,viviendas_autorizadas,unidades,True,698.0,8368.0
2024-09-01,09,La Araucanía,NVA,viviendas_autorizadas,unidades,True,354.0,7695.0
2024-10-01,09,La Araucanía,NVA,viviendas_autorizadas,unidades,True,314.0,5848.0
2024-11-01,09,La Araucanía,NVA,viviendas_autorizadas,unidades,True,355.0,5388.0
2024-12-01,09,La Araucanía,NVA,viviendas_autorizadas,unidades,True,1448.0,6219.0
2025-01-01,09,La Araucanía,NVA,viviendas_autorizadas,unidades,True,667.0,6597.0
2025-02-01,09,La Araucanía,NVA,viviendas_autorizadas,unidades,True,341.0,6466.0
2025-03-01,09,La Araucanía,NVA,viviendas_autorizadas,unidades,True,435.0,6408.0
2025-04-01,09,La Araucanía,NVA,viviendas_autorizadas,unidades,True,705.0,6780.0
2025-05-01,09,La Araucanía,NVA,viviendas_autorizadas,unidades,True,1035.0,7242.0
2025-06-01,09,La Araucanía,NVA,viviendas_autorizadas,unidades,True,404.0,7195.0
2025-07-01,09,La Araucanía,NVA,viviendas_autorizadas,unidades,True,482.0,7238.0
2025-08-01,09,La Araucanía,NVA,viviendas_autorizadas,unidades,True,1569.0,8109.0
2025-09-01,09,La Araucanía,NVA,viviendas_autorizadas,unidades,True,1423.0,9178.0
2025-10-01,09,La Araucanía,NVA,viviendas_autorizadas,unidades,True,646.0,9510.0
2025-11-01,09,La Araucanía,NVA,viviendas_autorizadas,unidades,True,549.0,9704.0
2025-12-01,09,La Araucanía,NVA,viviendas_autorizadas,unidades,True,425.0,8681.0
2026-01-01,09,La Araucanía,NVA,viviendas_autorizadas,unidades,True,410.0,8424.0
2026-02-01,09,La Araucanía,NVA,viviendas_autorizadas,unidades,True,446.0,8529.0
2026-03-01,09,La Araucanía,NVA,viviendas_autorizadas,unidades,True,542.0,8636.0
2026-04-01,09,La Araucanía,NVA,viviendas_autorizadas,unidades,True,412.0,8343.0
2026-05-01,09,La Araucanía,NVA,viviendas_autorizadas,unidades,True,342.0,7650.0
2014-01-01,10,Los Lagos,NVA,viviendas_autorizadas,unidades,True,327.0,
2014-02-01,10,Los Lagos,NVA,viviendas_autorizadas,unidades,True,543.0,
2014-03-01,10,Los Lagos,NVA,viviendas_autorizadas,unidades,True,187.0,
2014-04-01,10,Los Lagos,NVA,viviendas_autorizadas,unidades,True,1819.0,
2014-05-01,10,Los Lagos,NVA,viviendas_autorizadas,unidades,True,253.0,
2014-06-01,10,Los Lagos,NVA,viviendas_autorizadas,unidades,True,1214.0,
2014-07-01,10,Los Lagos,NVA,viviendas_autorizadas,unidades,True,365.0,
2014-08-01,10,Los Lagos,NVA,viviendas_autorizadas,unidades,True,204.0,
2014-09-01,10,Los Lagos,NVA,viviendas_autorizadas,unidades,True,442.0,
2014-10-01,10,Los Lagos,NVA,viviendas_autorizadas,unidades,True,376.0,
2014-11-01,10,Los Lagos,NVA,viviendas_autorizadas,unidades,True,566.0,
2014-12-01,10,Los Lagos,NVA,viviendas_autorizadas,unidades,True,588.0,6884.0
2015-01-01,10,Los Lagos,NVA,viviendas_autorizadas,unidades,True,591.0,7148.0
2015-02-01,10,Los Lagos,NVA,viviendas_autorizadas,unidades,True,901.0,7506.0
2015-03-01,10,Los Lagos,NVA,viviendas_autorizadas,unidades,True,347.0,7666.0
2015-04-01,10,Los Lagos,NVA,viviendas_autorizadas,unidades,True,315.0,6162.0
2015-05-01,10,Los Lagos,NVA,viviendas_autorizadas,unidades,True,861.0,6770.0
2015-06-01,10,Los Lagos,NVA,viviendas_autorizadas,unidades,True,912.0,6468.0
2015-07-01,10,Los Lagos,NVA,viviendas_autorizadas,unidades,True,837.0,6940.0
2015-08-01,10,Los Lagos,NVA,viviendas_autorizadas,unidades,True,660.0,7396.0
2015-09-01,10,Los Lagos,NVA,viviendas_autorizadas,unidades,True,435.0,7389.0
2015-10-01,10,Los Lagos,NVA,viviendas_autorizadas,unidades,True,336.0,7349.0
2015-11-01,10,Los Lagos,NVA,viviendas_autorizadas,unidades,True,237.0,7020.0
2015-12-01,10,Los Lagos,NVA,viviendas_autorizadas,unidades,True,1280.0,7712.0
2016-01-01,10,Los Lagos,NVA,viviendas_autorizadas,unidades,True,234.0,7355.0
2016-02-01,10,Los Lagos,NVA,viviendas_autorizadas,unidades,True,173.0,6627.0
2016-03-01,10,Los Lagos,NVA,viviendas_autorizadas,unidades,True,519.0,6799.0
2016-04-01,10,Los Lagos,NVA,viviendas_autorizadas,unidades,True,266.0,6750.0
2016-05-01,10,Los Lagos,NVA,viviendas_autorizadas,unidades,True,475.0,6364.0
2016-06-01,10,Los Lagos,NVA,viviendas_autorizadas,unidades,True,221.0,5673.0
2016-07-01,10,Los Lagos,NVA,viviendas_autorizadas,unidades,True,683.0,5519.0
2016-08-01,10,Los Lagos,NVA,viviendas_autorizadas,unidades,True,743.0,5602.0
2016-09-01,10,Los Lagos,NVA,viviendas_autorizadas,unidades,True,525.0,5692.0
2016-10-01,10,Los Lagos,NVA,viviendas_autorizadas,unidades,True,235.0,5591.0
2016-11-01,10,Los Lagos,NVA,viviendas_autorizadas,unidades,True,246.0,5600.0
2016-12-01,10,Los Lagos,NVA,viviendas_autorizadas,unidades,True,1091.0,5411.0
2017-01-01,10,Los Lagos,NVA,viviendas_autorizadas,unidades,True,878.0,6055.0
2017-02-01,10,Los Lagos,NVA,viviendas_autorizadas,unidades,True,865.0,6747.0
2017-03-01,10,Los Lagos,NVA,viviendas_autorizadas,unidades,True,897.0,7125.0
2017-04-01,10,Los Lagos,NVA,viviendas_autorizadas,unidades,True,814.0,7673.0
2017-05-01,10,Los Lagos,NVA,viviendas_autorizadas,unidades,True,1088.0,8286.0
2017-06-01,10,Los Lagos,NVA,viviendas_autorizadas,unidades,True,887.0,8952.0
2017-07-01,10,Los Lagos,NVA,viviendas_autorizadas,unidades,True,479.0,8748.0
2017-08-01,10,Los Lagos,NVA,viviendas_autorizadas,unidades,True,512.0,8517.0
2017-09-01,10,Los Lagos,NVA,viviendas_autorizadas,unidades,True,355.0,8347.0
2017-10-01,10,Los Lagos,NVA,viviendas_autorizadas,unidades,True,374.0,8486.0
2017-11-01,10,Los Lagos,NVA,viviendas_autorizadas,unidades,True,484.0,8724.0
2017-12-01,10,Los Lagos,NVA,viviendas_autorizadas,unidades,True,302.0,7935.0
2018-01-01,10,Los Lagos,NVA,viviendas_autorizadas,unidades,True,353.0,7410.0
2018-02-01,10,Los Lagos,NVA,viviendas_autorizadas,unidades,True,813.0,7358.0
2018-03-01,10,Los Lagos,NVA,viviendas_autorizadas,unidades,True,709.0,7170.0
2018-04-01,10,Los Lagos,NVA,viviendas_autorizadas,unidades,True,1126.0,7482.0
2018-05-01,10,Los Lagos,NVA,viviendas_autorizadas,unidades,True,766.0,7160.0
2018-06-01,10,Los Lagos,NVA,viviendas_autorizadas,unidades,True,1144.0,7417.0
2018-07-01,10,Los Lagos,NVA,viviendas_autorizadas,unidades,True,378.0,7316.0
2018-08-01,10,Los Lagos,NVA,viviendas_autorizadas,unidades,True,890.0,7694.0
2018-09-01,10,Los Lagos,NVA,viviendas_autorizadas,unidades,True,614.0,7953.0
2018-10-01,10,Los Lagos,NVA,viviendas_autorizadas,unidades,True,352.0,7931.0
2018-11-01,10,Los Lagos,NVA,viviendas_autorizadas,unidades,True,430.0,7877.0
2018-12-01,10,Los Lagos,NVA,viviendas_autorizadas,unidades,True,372.0,7947.0
2019-01-01,10,Los Lagos,NVA,viviendas_autorizadas,unidades,True,871.0,8465.0
2019-02-01,10,Los Lagos,NVA,viviendas_autorizadas,unidades,True,394.0,8046.0
2019-03-01,10,Los Lagos,NVA,viviendas_autorizadas,unidades,True,437.0,7774.0
2019-04-01,10,Los Lagos,NVA,viviendas_autorizadas,unidades,True,827.0,7475.0
2019-05-01,10,Los Lagos,NVA,viviendas_autorizadas,unidades,True,456.0,7165.0
2019-06-01,10,Los Lagos,NVA,viviendas_autorizadas,unidades,True,864.0,6885.0
2019-07-01,10,Los Lagos,NVA,viviendas_autorizadas,unidades,True,898.0,7405.0
2019-08-01,10,Los Lagos,NVA,viviendas_autorizadas,unidades,True,837.0,7352.0
2019-09-01,10,Los Lagos,NVA,viviendas_autorizadas,unidades,True,1527.0,8265.0
2019-10-01,10,Los Lagos,NVA,viviendas_autorizadas,unidades,True,721.0,8634.0
2019-11-01,10,Los Lagos,NVA,viviendas_autorizadas,unidades,True,273.0,8477.0
2019-12-01,10,Los Lagos,NVA,viviendas_autorizadas,unidades,True,1171.0,9276.0
2020-01-01,10,Los Lagos,NVA,viviendas_autorizadas,unidades,True,483.0,8888.0
2020-02-01,10,Los Lagos,NVA,viviendas_autorizadas,unidades,True,385.0,8879.0
2020-03-01,10,Los Lagos,NVA,viviendas_autorizadas,unidades,True,180.0,8622.0
2020-04-01,10,Los Lagos,NVA,viviendas_autorizadas,unidades,True,118.0,7913.0
2020-05-01,10,Los Lagos,NVA,viviendas_autorizadas,unidades,True,228.0,7685.0
2020-06-01,10,Los Lagos,NVA,viviendas_autorizadas,unidades,True,477.0,7298.0
2020-07-01,10,Los Lagos,NVA,viviendas_autorizadas,unidades,True,386.0,6786.0
2020-08-01,10,Los Lagos,NVA,viviendas_autorizadas,unidades,True,580.0,6529.0
2020-09-01,10,Los Lagos,NVA,viviendas_autorizadas,unidades,True,348.0,5350.0
2020-10-01,10,Los Lagos,NVA,viviendas_autorizadas,unidades,True,445.0,5074.0
2020-11-01,10,Los Lagos,NVA,viviendas_autorizadas,unidades,True,354.0,5155.0
2020-12-01,10,Los Lagos,NVA,viviendas_autorizadas,unidades,True,184.0,4168.0
2021-01-01,10,Los Lagos,NVA,viviendas_autorizadas,unidades,True,333.0,4018.0
2021-02-01,10,Los Lagos,NVA,viviendas_autorizadas,unidades,True,523.0,4156.0
2021-03-01,10,Los Lagos,NVA,viviendas_autorizadas,unidades,True,759.0,4735.0
2021-04-01,10,Los Lagos,NVA,viviendas_autorizadas,unidades,True,336.0,4953.0
2021-05-01,10,Los Lagos,NVA,viviendas_autorizadas,unidades,True,1101.0,5826.0
2021-06-01,10,Los Lagos,NVA,viviendas_autorizadas,unidades,True,421.0,5770.0
2021-07-01,10,Los Lagos,NVA,viviendas_autorizadas,unidades,True,1390.0,6774.0
2021-08-01,10,Los Lagos,NVA,viviendas_autorizadas,unidades,True,280.0,6474.0
2021-09-01,10,Los Lagos,NVA,viviendas_autorizadas,unidades,True,140.0,6266.0
2021-10-01,10,Los Lagos,NVA,viviendas_autorizadas,unidades,True,208.0,6029.0
2021-11-01,10,Los Lagos,NVA,viviendas_autorizadas,unidades,True,632.0,6307.0
2021-12-01,10,Los Lagos,NVA,viviendas_autorizadas,unidades,True,163.0,6286.0
2022-01-01,10,Los Lagos,NVA,viviendas_autorizadas,unidades,True,163.0,6116.0
2022-02-01,10,Los Lagos,NVA,viviendas_autorizadas,unidades,True,142.0,5735.0
2022-03-01,10,Los Lagos,NVA,viviendas_autorizadas,unidades,True,391.0,5367.0
2022-04-01,10,Los Lagos,NVA,viviendas_autorizadas,unidades,True,292.0,5323.0
2022-05-01,10,Los Lagos,NVA,viviendas_autorizadas,unidades,True,197.0,4419.0
2022-06-01,10,Los Lagos,NVA,viviendas_autorizadas,unidades,True,232.0,4230.0
2022-07-01,10,Los Lagos,NVA,viviendas_autorizadas,unidades,True,375.0,3215.0
2022-08-01,10,Los Lagos,NVA,viviendas_autorizadas,unidades,True,220.0,3155.0
2022-09-01,10,Los Lagos,NVA,viviendas_autorizadas,unidades,True,192.0,3207.0
2022-10-01,10,Los Lagos,NVA,viviendas_autorizadas,unidades,True,429.0,3428.0
2022-11-01,10,Los Lagos,NVA,viviendas_autorizadas,unidades,True,559.0,3355.0
2022-12-01,10,Los Lagos,NVA,viviendas_autorizadas,unidades,True,473.0,3665.0
2023-01-01,10,Los Lagos,NVA,viviendas_autorizadas,unidades,True,374.0,3876.0
2023-02-01,10,Los Lagos,NVA,viviendas_autorizadas,unidades,True,406.0,4140.0
2023-03-01,10,Los Lagos,NVA,viviendas_autorizadas,unidades,True,659.0,4408.0
2023-04-01,10,Los Lagos,NVA,viviendas_autorizadas,unidades,True,287.0,4403.0
2023-05-01,10,Los Lagos,NVA,viviendas_autorizadas,unidades,True,553.0,4759.0
2023-06-01,10,Los Lagos,NVA,viviendas_autorizadas,unidades,True,454.0,4981.0
2023-07-01,10,Los Lagos,NVA,viviendas_autorizadas,unidades,True,1042.0,5648.0
2023-08-01,10,Los Lagos,NVA,viviendas_autorizadas,unidades,True,786.0,6214.0
2023-09-01,10,Los Lagos,NVA,viviendas_autorizadas,unidades,True,210.0,6232.0
2023-10-01,10,Los Lagos,NVA,viviendas_autorizadas,unidades,True,679.0,6482.0
2023-11-01,10,Los Lagos,NVA,viviendas_autorizadas,unidades,True,866.0,6789.0
2023-12-01,10,Los Lagos,NVA,viviendas_autorizadas,unidades,True,1074.0,7390.0
2024-01-01,10,Los Lagos,NVA,viviendas_autorizadas,unidades,True,435.0,7451.0
2024-02-01,10,Los Lagos,NVA,viviendas_autorizadas,unidades,True,142.0,7187.0
2024-03-01,10,Los Lagos,NVA,viviendas_autorizadas,unidades,True,181.0,6709.0
2024-04-01,10,Los Lagos,NVA,viviendas_autorizadas,unidades,True,470.0,6892.0
2024-05-01,10,Los Lagos,NVA,viviendas_autorizadas,unidades,True,1276.0,7615.0
2024-06-01,10,Los Lagos,NVA,viviendas_autorizadas,unidades,True,212.0,7373.0
2024-07-01,10,Los Lagos,NVA,viviendas_autorizadas,unidades,True,441.0,6772.0
2024-08-01,10,Los Lagos,NVA,viviendas_autorizadas,unidades,True,682.0,6668.0
2024-09-01,10,Los Lagos,NVA,viviendas_autorizadas,unidades,True,289.0,6747.0
2024-10-01,10,Los Lagos,NVA,viviendas_autorizadas,unidades,True,576.0,6644.0
2024-11-01,10,Los Lagos,NVA,viviendas_autorizadas,unidades,True,1169.0,6947.0
2024-12-01,10,Los Lagos,NVA,viviendas_autorizadas,unidades,True,1103.0,6976.0
2025-01-01,10,Los Lagos,NVA,viviendas_autorizadas,unidades,True,332.0,6873.0
2025-02-01,10,Los Lagos,NVA,viviendas_autorizadas,unidades,True,178.0,6909.0
2025-03-01,10,Los Lagos,NVA,viviendas_autorizadas,unidades,True,216.0,6944.0
2025-04-01,10,Los Lagos,NVA,viviendas_autorizadas,unidades,True,429.0,6903.0
2025-05-01,10,Los Lagos,NVA,viviendas_autorizadas,unidades,True,467.0,6094.0
2025-06-01,10,Los Lagos,NVA,viviendas_autorizadas,unidades,True,741.0,6623.0
2025-07-01,10,Los Lagos,NVA,viviendas_autorizadas,unidades,True,1041.0,7223.0
2025-08-01,10,Los Lagos,NVA,viviendas_autorizadas,unidades,True,460.0,7001.0
2025-09-01,10,Los Lagos,NVA,viviendas_autorizadas,unidades,True,506.0,7218.0
2025-10-01,10,Los Lagos,NVA,viviendas_autorizadas,unidades,True,1115.0,7757.0
2025-11-01,10,Los Lagos,NVA,viviendas_autorizadas,unidades,True,282.0,6870.0
2025-12-01,10,Los Lagos,NVA,viviendas_autorizadas,unidades,True,607.0,6374.0
2026-01-01,10,Los Lagos,NVA,viviendas_autorizadas,unidades,True,340.0,6382.0
2026-02-01,10,Los Lagos,NVA,viviendas_autorizadas,unidades,True,219.0,6423.0
2026-03-01,10,Los Lagos,NVA,viviendas_autorizadas,unidades,True,1331.0,7538.0
2026-04-01,10,Los Lagos,NVA,viviendas_autorizadas,unidades,True,598.0,7707.0
2026-05-01,10,Los Lagos,NVA,viviendas_autorizadas,unidades,True,885.0,8125.0
2014-01-01,11,Aysén,NVA,viviendas_autorizadas,unidades,True,154.0,
2014-02-01,11,Aysén,NVA,viviendas_autorizadas,unidades,True,51.0,
2014-03-01,11,Aysén,NVA,viviendas_autorizadas,unidades,True,364.0,
2014-04-01,11,Aysén,NVA,viviendas_autorizadas,unidades,True,111.0,
2014-05-01,11,Aysén,NVA,viviendas_autorizadas,unidades,True,37.0,
2014-06-01,11,Aysén,NVA,viviendas_autorizadas,unidades,True,48.0,
2014-07-01,11,Aysén,NVA,viviendas_autorizadas,unidades,True,36.0,
2014-08-01,11,Aysén,NVA,viviendas_autorizadas,unidades,True,67.0,
2014-09-01,11,Aysén,NVA,viviendas_autorizadas,unidades,True,38.0,
2014-10-01,11,Aysén,NVA,viviendas_autorizadas,unidades,True,44.0,
2014-11-01,11,Aysén,NVA,viviendas_autorizadas,unidades,True,61.0,
2014-12-01,11,Aysén,NVA,viviendas_autorizadas,unidades,True,36.0,1047.0
2015-01-01,11,Aysén,NVA,viviendas_autorizadas,unidades,True,35.0,928.0
2015-02-01,11,Aysén,NVA,viviendas_autorizadas,unidades,True,43.0,920.0
2015-03-01,11,Aysén,NVA,viviendas_autorizadas,unidades,True,36.0,592.0
2015-04-01,11,Aysén,NVA,viviendas_autorizadas,unidades,True,75.0,556.0
2015-05-01,11,Aysén,NVA,viviendas_autorizadas,unidades,True,94.0,613.0
2015-06-01,11,Aysén,NVA,viviendas_autorizadas,unidades,True,54.0,619.0
2015-07-01,11,Aysén,NVA,viviendas_autorizadas,unidades,True,42.0,625.0
2015-08-01,11,Aysén,NVA,viviendas_autorizadas,unidades,True,21.0,579.0
2015-09-01,11,Aysén,NVA,viviendas_autorizadas,unidades,True,23.0,564.0
2015-10-01,11,Aysén,NVA,viviendas_autorizadas,unidades,True,33.0,553.0
2015-11-01,11,Aysén,NVA,viviendas_autorizadas,unidades,True,38.0,530.0
2015-12-01,11,Aysén,NVA,viviendas_autorizadas,unidades,True,203.0,697.0
2016-01-01,11,Aysén,NVA,viviendas_autorizadas,unidades,True,144.0,806.0
2016-02-01,11,Aysén,NVA,viviendas_autorizadas,unidades,True,21.0,784.0
2016-03-01,11,Aysén,NVA,viviendas_autorizadas,unidades,True,24.0,772.0
2016-04-01,11,Aysén,NVA,viviendas_autorizadas,unidades,True,59.0,756.0
2016-05-01,11,Aysén,NVA,viviendas_autorizadas,unidades,True,101.0,763.0
2016-06-01,11,Aysén,NVA,viviendas_autorizadas,unidades,True,207.0,916.0
2016-07-01,11,Aysén,NVA,viviendas_autorizadas,unidades,True,50.0,924.0
2016-08-01,11,Aysén,NVA,viviendas_autorizadas,unidades,True,48.0,951.0
2016-09-01,11,Aysén,NVA,viviendas_autorizadas,unidades,True,33.0,961.0
2016-10-01,11,Aysén,NVA,viviendas_autorizadas,unidades,True,47.0,975.0
2016-11-01,11,Aysén,NVA,viviendas_autorizadas,unidades,True,41.0,978.0
2016-12-01,11,Aysén,NVA,viviendas_autorizadas,unidades,True,120.0,895.0
2017-01-01,11,Aysén,NVA,viviendas_autorizadas,unidades,True,27.0,778.0
2017-02-01,11,Aysén,NVA,viviendas_autorizadas,unidades,True,48.0,805.0
2017-03-01,11,Aysén,NVA,viviendas_autorizadas,unidades,True,102.0,883.0
2017-04-01,11,Aysén,NVA,viviendas_autorizadas,unidades,True,205.0,1029.0
2017-05-01,11,Aysén,NVA,viviendas_autorizadas,unidades,True,33.0,961.0
2017-06-01,11,Aysén,NVA,viviendas_autorizadas,unidades,True,49.0,803.0
2017-07-01,11,Aysén,NVA,viviendas_autorizadas,unidades,True,45.0,798.0
2017-08-01,11,Aysén,NVA,viviendas_autorizadas,unidades,True,25.0,775.0
2017-09-01,11,Aysén,NVA,viviendas_autorizadas,unidades,True,203.0,945.0
2017-10-01,11,Aysén,NVA,viviendas_autorizadas,unidades,True,139.0,1037.0
2017-11-01,11,Aysén,NVA,viviendas_autorizadas,unidades,True,51.0,1047.0
2017-12-01,11,Aysén,NVA,viviendas_autorizadas,unidades,True,94.0,1021.0
2018-01-01,11,Aysén,NVA,viviendas_autorizadas,unidades,True,37.0,1031.0
2018-02-01,11,Aysén,NVA,viviendas_autorizadas,unidades,True,29.0,1012.0
2018-03-01,11,Aysén,NVA,viviendas_autorizadas,unidades,True,38.0,948.0
2018-04-01,11,Aysén,NVA,viviendas_autorizadas,unidades,True,84.0,827.0
2018-05-01,11,Aysén,NVA,viviendas_autorizadas,unidades,True,222.0,1016.0
2018-06-01,11,Aysén,NVA,viviendas_autorizadas,unidades,True,31.0,998.0
2018-07-01,11,Aysén,NVA,viviendas_autorizadas,unidades,True,65.0,1018.0
2018-08-01,11,Aysén,NVA,viviendas_autorizadas,unidades,True,62.0,1055.0
2018-09-01,11,Aysén,NVA,viviendas_autorizadas,unidades,True,68.0,920.0
2018-10-01,11,Aysén,NVA,viviendas_autorizadas,unidades,True,57.0,838.0
2018-11-01,11,Aysén,NVA,viviendas_autorizadas,unidades,True,40.0,827.0
2018-12-01,11,Aysén,NVA,viviendas_autorizadas,unidades,True,44.0,777.0
2019-01-01,11,Aysén,NVA,viviendas_autorizadas,unidades,True,51.0,791.0
2019-02-01,11,Aysén,NVA,viviendas_autorizadas,unidades,True,34.0,796.0
2019-03-01,11,Aysén,NVA,viviendas_autorizadas,unidades,True,110.0,868.0
2019-04-01,11,Aysén,NVA,viviendas_autorizadas,unidades,True,35.0,819.0
2019-05-01,11,Aysén,NVA,viviendas_autorizadas,unidades,True,47.0,644.0
2019-06-01,11,Aysén,NVA,viviendas_autorizadas,unidades,True,55.0,668.0
2019-07-01,11,Aysén,NVA,viviendas_autorizadas,unidades,True,60.0,663.0
2019-08-01,11,Aysén,NVA,viviendas_autorizadas,unidades,True,83.0,684.0
2019-09-01,11,Aysén,NVA,viviendas_autorizadas,unidades,True,34.0,650.0
2019-10-01,11,Aysén,NVA,viviendas_autorizadas,unidades,True,37.0,630.0
2019-11-01,11,Aysén,NVA,viviendas_autorizadas,unidades,True,133.0,723.0
2019-12-01,11,Aysén,NVA,viviendas_autorizadas,unidades,True,45.0,724.0
2020-01-01,11,Aysén,NVA,viviendas_autorizadas,unidades,True,44.0,717.0
2020-02-01,11,Aysén,NVA,viviendas_autorizadas,unidades,True,25.0,708.0
2020-03-01,11,Aysén,NVA,viviendas_autorizadas,unidades,True,15.0,613.0
2020-04-01,11,Aysén,NVA,viviendas_autorizadas,unidades,True,8.0,586.0
2020-05-01,11,Aysén,NVA,viviendas_autorizadas,unidades,True,95.0,634.0
2020-06-01,11,Aysén,NVA,viviendas_autorizadas,unidades,True,33.0,612.0
2020-07-01,11,Aysén,NVA,viviendas_autorizadas,unidades,True,384.0,936.0
2020-08-01,11,Aysén,NVA,viviendas_autorizadas,unidades,True,61.0,914.0
2020-09-01,11,Aysén,NVA,viviendas_autorizadas,unidades,True,80.0,960.0
2020-10-01,11,Aysén,NVA,viviendas_autorizadas,unidades,True,32.0,955.0
2020-11-01,11,Aysén,NVA,viviendas_autorizadas,unidades,True,72.0,894.0
2020-12-01,11,Aysén,NVA,viviendas_autorizadas,unidades,True,32.0,881.0
2021-01-01,11,Aysén,NVA,viviendas_autorizadas,unidades,True,18.0,855.0
2021-02-01,11,Aysén,NVA,viviendas_autorizadas,unidades,True,23.0,853.0
2021-03-01,11,Aysén,NVA,viviendas_autorizadas,unidades,True,29.0,867.0
2021-04-01,11,Aysén,NVA,viviendas_autorizadas,unidades,True,17.0,876.0
2021-05-01,11,Aysén,NVA,viviendas_autorizadas,unidades,True,38.0,819.0
2021-06-01,11,Aysén,NVA,viviendas_autorizadas,unidades,True,34.0,820.0
2021-07-01,11,Aysén,NVA,viviendas_autorizadas,unidades,True,29.0,465.0
2021-08-01,11,Aysén,NVA,viviendas_autorizadas,unidades,True,58.0,462.0
2021-09-01,11,Aysén,NVA,viviendas_autorizadas,unidades,True,20.0,402.0
2021-10-01,11,Aysén,NVA,viviendas_autorizadas,unidades,True,28.0,398.0
2021-11-01,11,Aysén,NVA,viviendas_autorizadas,unidades,True,24.0,350.0
2021-12-01,11,Aysén,NVA,viviendas_autorizadas,unidades,True,32.0,350.0
2022-01-01,11,Aysén,NVA,viviendas_autorizadas,unidades,True,15.0,347.0
2022-02-01,11,Aysén,NVA,viviendas_autorizadas,unidades,True,10.0,334.0
2022-03-01,11,Aysén,NVA,viviendas_autorizadas,unidades,True,29.0,334.0
2022-04-01,11,Aysén,NVA,viviendas_autorizadas,unidades,True,10.0,327.0
2022-05-01,11,Aysén,NVA,viviendas_autorizadas,unidades,True,132.0,421.0
2022-06-01,11,Aysén,NVA,viviendas_autorizadas,unidades,True,92.0,479.0
2022-07-01,11,Aysén,NVA,viviendas_autorizadas,unidades,True,24.0,474.0
2022-08-01,11,Aysén,NVA,viviendas_autorizadas,unidades,True,20.0,436.0
2022-09-01,11,Aysén,NVA,viviendas_autorizadas,unidades,True,273.0,689.0
2022-10-01,11,Aysén,NVA,viviendas_autorizadas,unidades,True,31.0,692.0
2022-11-01,11,Aysén,NVA,viviendas_autorizadas,unidades,True,60.0,728.0
2022-12-01,11,Aysén,NVA,viviendas_autorizadas,unidades,True,45.0,741.0
2023-01-01,11,Aysén,NVA,viviendas_autorizadas,unidades,True,16.0,742.0
2023-02-01,11,Aysén,NVA,viviendas_autorizadas,unidades,True,21.0,753.0
2023-03-01,11,Aysén,NVA,viviendas_autorizadas,unidades,True,68.0,792.0
2023-04-01,11,Aysén,NVA,viviendas_autorizadas,unidades,True,21.0,803.0
2023-05-01,11,Aysén,NVA,viviendas_autorizadas,unidades,True,143.0,814.0
2023-06-01,11,Aysén,NVA,viviendas_autorizadas,unidades,True,29.0,751.0
2023-07-01,11,Aysén,NVA,viviendas_autorizadas,unidades,True,21.0,748.0
2023-08-01,11,Aysén,NVA,viviendas_autorizadas,unidades,True,28.0,756.0
2023-09-01,11,Aysén,NVA,viviendas_autorizadas,unidades,True,20.0,503.0
2023-10-01,11,Aysén,NVA,viviendas_autorizadas,unidades,True,61.0,533.0
2023-11-01,11,Aysén,NVA,viviendas_autorizadas,unidades,True,22.0,495.0
2023-12-01,11,Aysén,NVA,viviendas_autorizadas,unidades,True,22.0,472.0
2024-01-01,11,Aysén,NVA,viviendas_autorizadas,unidades,True,29.0,485.0
2024-02-01,11,Aysén,NVA,viviendas_autorizadas,unidades,True,20.0,484.0
2024-03-01,11,Aysén,NVA,viviendas_autorizadas,unidades,True,19.0,435.0
2024-04-01,11,Aysén,NVA,viviendas_autorizadas,unidades,True,11.0,425.0
2024-05-01,11,Aysén,NVA,viviendas_autorizadas,unidades,True,15.0,297.0
2024-06-01,11,Aysén,NVA,viviendas_autorizadas,unidades,True,15.0,283.0
2024-07-01,11,Aysén,NVA,viviendas_autorizadas,unidades,True,42.0,304.0
2024-08-01,11,Aysén,NVA,viviendas_autorizadas,unidades,True,106.0,382.0
2024-09-01,11,Aysén,NVA,viviendas_autorizadas,unidades,True,14.0,376.0
2024-10-01,11,Aysén,NVA,viviendas_autorizadas,unidades,True,28.0,343.0
2024-11-01,11,Aysén,NVA,viviendas_autorizadas,unidades,True,18.0,339.0
2024-12-01,11,Aysén,NVA,viviendas_autorizadas,unidades,True,1005.0,1322.0
2025-01-01,11,Aysén,NVA,viviendas_autorizadas,unidades,True,12.0,1305.0
2025-02-01,11,Aysén,NVA,viviendas_autorizadas,unidades,True,181.0,1466.0
2025-03-01,11,Aysén,NVA,viviendas_autorizadas,unidades,True,131.0,1578.0
2025-04-01,11,Aysén,NVA,viviendas_autorizadas,unidades,True,53.0,1620.0
2025-05-01,11,Aysén,NVA,viviendas_autorizadas,unidades,True,43.0,1648.0
2025-06-01,11,Aysén,NVA,viviendas_autorizadas,unidades,True,135.0,1768.0
2025-07-01,11,Aysén,NVA,viviendas_autorizadas,unidades,True,29.0,1755.0
2025-08-01,11,Aysén,NVA,viviendas_autorizadas,unidades,True,135.0,1784.0
2025-09-01,11,Aysén,NVA,viviendas_autorizadas,unidades,True,59.0,1829.0
2025-10-01,11,Aysén,NVA,viviendas_autorizadas,unidades,True,39.0,1840.0
2025-11-01,11,Aysén,NVA,viviendas_autorizadas,unidades,True,41.0,1863.0
2025-12-01,11,Aysén,NVA,viviendas_autorizadas,unidades,True,46.0,904.0
2026-01-01,11,Aysén,NVA,viviendas_autorizadas,unidades,True,45.0,937.0
2026-02-01,11,Aysén,NVA,viviendas_autorizadas,unidades,True,34.0,790.0
2026-03-01,11,Aysén,NVA,viviendas_autorizadas,unidades,True,47.0,706.0
2026-04-01,11,Aysén,NVA,viviendas_autorizadas,unidades,True,103.0,756.0
2026-05-01,11,Aysén,NVA,viviendas_autorizadas,unidades,True,53.0,766.0
2014-01-01,12,Magallanes,NVA,viviendas_autorizadas,unidades,True,51.0,
2014-02-01,12,Magallanes,NVA,viviendas_autorizadas,unidades,True,74.0,
2014-03-01,12,Magallanes,NVA,viviendas_autorizadas,unidades,True,49.0,
2014-04-01,12,Magallanes,NVA,viviendas_autorizadas,unidades,True,63.0,
2014-05-01,12,Magallanes,NVA,viviendas_autorizadas,unidades,True,322.0,
2014-06-01,12,Magallanes,NVA,viviendas_autorizadas,unidades,True,52.0,
2014-07-01,12,Magallanes,NVA,viviendas_autorizadas,unidades,True,52.0,
2014-08-01,12,Magallanes,NVA,viviendas_autorizadas,unidades,True,185.0,
2014-09-01,12,Magallanes,NVA,viviendas_autorizadas,unidades,True,81.0,
2014-10-01,12,Magallanes,NVA,viviendas_autorizadas,unidades,True,245.0,
2014-11-01,12,Magallanes,NVA,viviendas_autorizadas,unidades,True,65.0,
2014-12-01,12,Magallanes,NVA,viviendas_autorizadas,unidades,True,61.0,1300.0
2015-01-01,12,Magallanes,NVA,viviendas_autorizadas,unidades,True,119.0,1368.0
2015-02-01,12,Magallanes,NVA,viviendas_autorizadas,unidades,True,104.0,1398.0
2015-03-01,12,Magallanes,NVA,viviendas_autorizadas,unidades,True,65.0,1414.0
2015-04-01,12,Magallanes,NVA,viviendas_autorizadas,unidades,True,55.0,1406.0
2015-05-01,12,Magallanes,NVA,viviendas_autorizadas,unidades,True,168.0,1252.0
2015-06-01,12,Magallanes,NVA,viviendas_autorizadas,unidades,True,63.0,1263.0
2015-07-01,12,Magallanes,NVA,viviendas_autorizadas,unidades,True,177.0,1388.0
2015-08-01,12,Magallanes,NVA,viviendas_autorizadas,unidades,True,103.0,1306.0
2015-09-01,12,Magallanes,NVA,viviendas_autorizadas,unidades,True,41.0,1266.0
2015-10-01,12,Magallanes,NVA,viviendas_autorizadas,unidades,True,34.0,1055.0
2015-11-01,12,Magallanes,NVA,viviendas_autorizadas,unidades,True,50.0,1040.0
2015-12-01,12,Magallanes,NVA,viviendas_autorizadas,unidades,True,64.0,1043.0
2016-01-01,12,Magallanes,NVA,viviendas_autorizadas,unidades,True,39.0,963.0
2016-02-01,12,Magallanes,NVA,viviendas_autorizadas,unidades,True,141.0,1000.0
2016-03-01,12,Magallanes,NVA,viviendas_autorizadas,unidades,True,84.0,1019.0
2016-04-01,12,Magallanes,NVA,viviendas_autorizadas,unidades,True,60.0,1024.0
2016-05-01,12,Magallanes,NVA,viviendas_autorizadas,unidades,True,55.0,911.0
2016-06-01,12,Magallanes,NVA,viviendas_autorizadas,unidades,True,68.0,916.0
2016-07-01,12,Magallanes,NVA,viviendas_autorizadas,unidades,True,103.0,842.0
2016-08-01,12,Magallanes,NVA,viviendas_autorizadas,unidades,True,63.0,802.0
2016-09-01,12,Magallanes,NVA,viviendas_autorizadas,unidades,True,227.0,988.0
2016-10-01,12,Magallanes,NVA,viviendas_autorizadas,unidades,True,101.0,1055.0
2016-11-01,12,Magallanes,NVA,viviendas_autorizadas,unidades,True,66.0,1071.0
2016-12-01,12,Magallanes,NVA,viviendas_autorizadas,unidades,True,132.0,1139.0
2017-01-01,12,Magallanes,NVA,viviendas_autorizadas,unidades,True,285.0,1385.0
2017-02-01,12,Magallanes,NVA,viviendas_autorizadas,unidades,True,118.0,1362.0
2017-03-01,12,Magallanes,NVA,viviendas_autorizadas,unidades,True,70.0,1348.0
2017-04-01,12,Magallanes,NVA,viviendas_autorizadas,unidades,True,94.0,1382.0
2017-05-01,12,Magallanes,NVA,viviendas_autorizadas,unidades,True,92.0,1419.0
2017-06-01,12,Magallanes,NVA,viviendas_autorizadas,unidades,True,150.0,1501.0
2017-07-01,12,Magallanes,NVA,viviendas_autorizadas,unidades,True,92.0,1490.0
2017-08-01,12,Magallanes,NVA,viviendas_autorizadas,unidades,True,244.0,1671.0
2017-09-01,12,Magallanes,NVA,viviendas_autorizadas,unidades,True,61.0,1505.0
2017-10-01,12,Magallanes,NVA,viviendas_autorizadas,unidades,True,107.0,1511.0
2017-11-01,12,Magallanes,NVA,viviendas_autorizadas,unidades,True,80.0,1525.0
2017-12-01,12,Magallanes,NVA,viviendas_autorizadas,unidades,True,120.0,1513.0
2018-01-01,12,Magallanes,NVA,viviendas_autorizadas,unidades,True,146.0,1374.0
2018-02-01,12,Magallanes,NVA,viviendas_autorizadas,unidades,True,107.0,1363.0
2018-03-01,12,Magallanes,NVA,viviendas_autorizadas,unidades,True,86.0,1379.0
2018-04-01,12,Magallanes,NVA,viviendas_autorizadas,unidades,True,217.0,1502.0
2018-05-01,12,Magallanes,NVA,viviendas_autorizadas,unidades,True,360.0,1770.0
2018-06-01,12,Magallanes,NVA,viviendas_autorizadas,unidades,True,245.0,1865.0
2018-07-01,12,Magallanes,NVA,viviendas_autorizadas,unidades,True,81.0,1854.0
2018-08-01,12,Magallanes,NVA,viviendas_autorizadas,unidades,True,448.0,2058.0
2018-09-01,12,Magallanes,NVA,viviendas_autorizadas,unidades,True,52.0,2049.0
2018-10-01,12,Magallanes,NVA,viviendas_autorizadas,unidades,True,394.0,2336.0
2018-11-01,12,Magallanes,NVA,viviendas_autorizadas,unidades,True,62.0,2318.0
2018-12-01,12,Magallanes,NVA,viviendas_autorizadas,unidades,True,170.0,2368.0
2019-01-01,12,Magallanes,NVA,viviendas_autorizadas,unidades,True,219.0,2441.0
2019-02-01,12,Magallanes,NVA,viviendas_autorizadas,unidades,True,124.0,2458.0
2019-03-01,12,Magallanes,NVA,viviendas_autorizadas,unidades,True,118.0,2490.0
2019-04-01,12,Magallanes,NVA,viviendas_autorizadas,unidades,True,106.0,2379.0
2019-05-01,12,Magallanes,NVA,viviendas_autorizadas,unidades,True,90.0,2109.0
2019-06-01,12,Magallanes,NVA,viviendas_autorizadas,unidades,True,365.0,2229.0
2019-07-01,12,Magallanes,NVA,viviendas_autorizadas,unidades,True,55.0,2203.0
2019-08-01,12,Magallanes,NVA,viviendas_autorizadas,unidades,True,96.0,1851.0
2019-09-01,12,Magallanes,NVA,viviendas_autorizadas,unidades,True,60.0,1859.0
2019-10-01,12,Magallanes,NVA,viviendas_autorizadas,unidades,True,40.0,1505.0
2019-11-01,12,Magallanes,NVA,viviendas_autorizadas,unidades,True,51.0,1494.0
2019-12-01,12,Magallanes,NVA,viviendas_autorizadas,unidades,True,49.0,1373.0
2020-01-01,12,Magallanes,NVA,viviendas_autorizadas,unidades,True,36.0,1190.0
2020-02-01,12,Magallanes,NVA,viviendas_autorizadas,unidades,True,18.0,1084.0
2020-03-01,12,Magallanes,NVA,viviendas_autorizadas,unidades,True,66.0,1032.0
2020-04-01,12,Magallanes,NVA,viviendas_autorizadas,unidades,True,17.0,943.0
2020-05-01,12,Magallanes,NVA,viviendas_autorizadas,unidades,True,31.0,884.0
2020-06-01,12,Magallanes,NVA,viviendas_autorizadas,unidades,True,58.0,577.0
2020-07-01,12,Magallanes,NVA,viviendas_autorizadas,unidades,True,38.0,560.0
2020-08-01,12,Magallanes,NVA,viviendas_autorizadas,unidades,True,52.0,516.0
2020-09-01,12,Magallanes,NVA,viviendas_autorizadas,unidades,True,37.0,493.0
2020-10-01,12,Magallanes,NVA,viviendas_autorizadas,unidades,True,129.0,582.0
2020-11-01,12,Magallanes,NVA,viviendas_autorizadas,unidades,True,74.0,605.0
2020-12-01,12,Magallanes,NVA,viviendas_autorizadas,unidades,True,67.0,623.0
2021-01-01,12,Magallanes,NVA,viviendas_autorizadas,unidades,True,37.0,624.0
2021-02-01,12,Magallanes,NVA,viviendas_autorizadas,unidades,True,44.0,650.0
2021-03-01,12,Magallanes,NVA,viviendas_autorizadas,unidades,True,47.0,631.0
2021-04-01,12,Magallanes,NVA,viviendas_autorizadas,unidades,True,58.0,672.0
2021-05-01,12,Magallanes,NVA,viviendas_autorizadas,unidades,True,39.0,680.0
2021-06-01,12,Magallanes,NVA,viviendas_autorizadas,unidades,True,67.0,689.0
2021-07-01,12,Magallanes,NVA,viviendas_autorizadas,unidades,True,31.0,682.0
2021-08-01,12,Magallanes,NVA,viviendas_autorizadas,unidades,True,252.0,882.0
2021-09-01,12,Magallanes,NVA,viviendas_autorizadas,unidades,True,41.0,886.0
2021-10-01,12,Magallanes,NVA,viviendas_autorizadas,unidades,True,33.0,790.0
2021-11-01,12,Magallanes,NVA,viviendas_autorizadas,unidades,True,53.0,769.0
2021-12-01,12,Magallanes,NVA,viviendas_autorizadas,unidades,True,225.0,927.0
2022-01-01,12,Magallanes,NVA,viviendas_autorizadas,unidades,True,33.0,923.0
2022-02-01,12,Magallanes,NVA,viviendas_autorizadas,unidades,True,40.0,919.0
2022-03-01,12,Magallanes,NVA,viviendas_autorizadas,unidades,True,80.0,952.0
2022-04-01,12,Magallanes,NVA,viviendas_autorizadas,unidades,True,52.0,946.0
2022-05-01,12,Magallanes,NVA,viviendas_autorizadas,unidades,True,41.0,948.0
2022-06-01,12,Magallanes,NVA,viviendas_autorizadas,unidades,True,45.0,926.0
2022-07-01,12,Magallanes,NVA,viviendas_autorizadas,unidades,True,44.0,939.0
2022-08-01,12,Magallanes,NVA,viviendas_autorizadas,unidades,True,302.0,989.0
2022-09-01,12,Magallanes,NVA,viviendas_autorizadas,unidades,True,41.0,989.0
2022-10-01,12,Magallanes,NVA,viviendas_autorizadas,unidades,True,23.0,979.0
2022-11-01,12,Magallanes,NVA,viviendas_autorizadas,unidades,True,57.0,983.0
2022-12-01,12,Magallanes,NVA,viviendas_autorizadas,unidades,True,45.0,803.0
2023-01-01,12,Magallanes,NVA,viviendas_autorizadas,unidades,True,70.0,840.0
2023-02-01,12,Magallanes,NVA,viviendas_autorizadas,unidades,True,61.0,861.0
2023-03-01,12,Magallanes,NVA,viviendas_autorizadas,unidades,True,115.0,896.0
2023-04-01,12,Magallanes,NVA,viviendas_autorizadas,unidades,True,39.0,883.0
2023-05-01,12,Magallanes,NVA,viviendas_autorizadas,unidades,True,26.0,868.0
2023-06-01,12,Magallanes,NVA,viviendas_autorizadas,unidades,True,33.0,856.0
2023-07-01,12,Magallanes,NVA,viviendas_autorizadas,unidades,True,45.0,857.0
2023-08-01,12,Magallanes,NVA,viviendas_autorizadas,unidades,True,32.0,587.0
2023-09-01,12,Magallanes,NVA,viviendas_autorizadas,unidades,True,21.0,567.0
2023-10-01,12,Magallanes,NVA,viviendas_autorizadas,unidades,True,32.0,576.0
2023-11-01,12,Magallanes,NVA,viviendas_autorizadas,unidades,True,38.0,557.0
2023-12-01,12,Magallanes,NVA,viviendas_autorizadas,unidades,True,28.0,540.0
2024-01-01,12,Magallanes,NVA,viviendas_autorizadas,unidades,True,37.0,507.0
2024-02-01,12,Magallanes,NVA,viviendas_autorizadas,unidades,True,30.0,476.0
2024-03-01,12,Magallanes,NVA,viviendas_autorizadas,unidades,True,32.0,393.0
2024-04-01,12,Magallanes,NVA,viviendas_autorizadas,unidades,True,90.0,444.0
2024-05-01,12,Magallanes,NVA,viviendas_autorizadas,unidades,True,37.0,455.0
2024-06-01,12,Magallanes,NVA,viviendas_autorizadas,unidades,True,27.0,449.0
2024-07-01,12,Magallanes,NVA,viviendas_autorizadas,unidades,True,25.0,429.0
2024-08-01,12,Magallanes,NVA,viviendas_autorizadas,unidades,True,45.0,442.0
2024-09-01,12,Magallanes,NVA,viviendas_autorizadas,unidades,True,32.0,453.0
2024-10-01,12,Magallanes,NVA,viviendas_autorizadas,unidades,True,84.0,505.0
2024-11-01,12,Magallanes,NVA,viviendas_autorizadas,unidades,True,73.0,540.0
2024-12-01,12,Magallanes,NVA,viviendas_autorizadas,unidades,True,326.0,838.0
2025-01-01,12,Magallanes,NVA,viviendas_autorizadas,unidades,True,34.0,835.0
2025-02-01,12,Magallanes,NVA,viviendas_autorizadas,unidades,True,24.0,829.0
2025-03-01,12,Magallanes,NVA,viviendas_autorizadas,unidades,True,36.0,833.0
2025-04-01,12,Magallanes,NVA,viviendas_autorizadas,unidades,True,195.0,938.0
2025-05-01,12,Magallanes,NVA,viviendas_autorizadas,unidades,True,31.0,932.0
2025-06-01,12,Magallanes,NVA,viviendas_autorizadas,unidades,True,28.0,933.0
2025-07-01,12,Magallanes,NVA,viviendas_autorizadas,unidades,True,18.0,926.0
2025-08-01,12,Magallanes,NVA,viviendas_autorizadas,unidades,True,25.0,906.0
2025-09-01,12,Magallanes,NVA,viviendas_autorizadas,unidades,True,24.0,898.0
2025-10-01,12,Magallanes,NVA,viviendas_autorizadas,unidades,True,26.0,840.0
2025-11-01,12,Magallanes,NVA,viviendas_autorizadas,unidades,True,32.0,799.0
2025-12-01,12,Magallanes,NVA,viviendas_autorizadas,unidades,True,45.0,518.0
2026-01-01,12,Magallanes,NVA,viviendas_autorizadas,unidades,True,74.0,558.0
2026-02-01,12,Magallanes,NVA,viviendas_autorizadas,unidades,True,17.0,551.0
2026-03-01,12,Magallanes,NVA,viviendas_autorizadas,unidades,True,8.0,523.0
2026-04-01,12,Magallanes,NVA,viviendas_autorizadas,unidades,True,75.0,403.0
2026-05-01,12,Magallanes,NVA,viviendas_autorizadas,unidades,True,17.0,389.0
2014-01-01,13,Metropolitana de Santiago,NVA,viviendas_autorizadas,unidades,True,6321.0,
2014-02-01,13,Metropolitana de Santiago,NVA,viviendas_autorizadas,unidades,True,5315.0,
2014-03-01,13,Metropolitana de Santiago,NVA,viviendas_autorizadas,unidades,True,5417.0,
2014-04-01,13,Metropolitana de Santiago,NVA,viviendas_autorizadas,unidades,True,6638.0,
2014-05-01,13,Metropolitana de Santiago,NVA,viviendas_autorizadas,unidades,True,5270.0,
2014-06-01,13,Metropolitana de Santiago,NVA,viviendas_autorizadas,unidades,True,6556.0,
2014-07-01,13,Metropolitana de Santiago,NVA,viviendas_autorizadas,unidades,True,3562.0,
2014-08-01,13,Metropolitana de Santiago,NVA,viviendas_autorizadas,unidades,True,6950.0,
2014-09-01,13,Metropolitana de Santiago,NVA,viviendas_autorizadas,unidades,True,6407.0,
2014-10-01,13,Metropolitana de Santiago,NVA,viviendas_autorizadas,unidades,True,4631.0,
2014-11-01,13,Metropolitana de Santiago,NVA,viviendas_autorizadas,unidades,True,4655.0,
2014-12-01,13,Metropolitana de Santiago,NVA,viviendas_autorizadas,unidades,True,7496.0,69218.0
2015-01-01,13,Metropolitana de Santiago,NVA,viviendas_autorizadas,unidades,True,3334.0,66231.0
2015-02-01,13,Metropolitana de Santiago,NVA,viviendas_autorizadas,unidades,True,3329.0,64245.0
2015-03-01,13,Metropolitana de Santiago,NVA,viviendas_autorizadas,unidades,True,3477.0,62305.0
2015-04-01,13,Metropolitana de Santiago,NVA,viviendas_autorizadas,unidades,True,4560.0,60227.0
2015-05-01,13,Metropolitana de Santiago,NVA,viviendas_autorizadas,unidades,True,5617.0,60574.0
2015-06-01,13,Metropolitana de Santiago,NVA,viviendas_autorizadas,unidades,True,5891.0,59909.0
2015-07-01,13,Metropolitana de Santiago,NVA,viviendas_autorizadas,unidades,True,7451.0,63798.0
2015-08-01,13,Metropolitana de Santiago,NVA,viviendas_autorizadas,unidades,True,6892.0,63740.0
2015-09-01,13,Metropolitana de Santiago,NVA,viviendas_autorizadas,unidades,True,6769.0,64102.0
2015-10-01,13,Metropolitana de Santiago,NVA,viviendas_autorizadas,unidades,True,8916.0,68387.0
2015-11-01,13,Metropolitana de Santiago,NVA,viviendas_autorizadas,unidades,True,7564.0,71296.0
2015-12-01,13,Metropolitana de Santiago,NVA,viviendas_autorizadas,unidades,True,16363.0,80163.0
2016-01-01,13,Metropolitana de Santiago,NVA,viviendas_autorizadas,unidades,True,5673.0,82502.0
2016-02-01,13,Metropolitana de Santiago,NVA,viviendas_autorizadas,unidades,True,2289.0,81462.0
2016-03-01,13,Metropolitana de Santiago,NVA,viviendas_autorizadas,unidades,True,6077.0,84062.0
2016-04-01,13,Metropolitana de Santiago,NVA,viviendas_autorizadas,unidades,True,4893.0,84395.0
2016-05-01,13,Metropolitana de Santiago,NVA,viviendas_autorizadas,unidades,True,5315.0,84093.0
2016-06-01,13,Metropolitana de Santiago,NVA,viviendas_autorizadas,unidades,True,8734.0,86936.0
2016-07-01,13,Metropolitana de Santiago,NVA,viviendas_autorizadas,unidades,True,1647.0,81132.0
2016-08-01,13,Metropolitana de Santiago,NVA,viviendas_autorizadas,unidades,True,3923.0,78163.0
2016-09-01,13,Metropolitana de Santiago,NVA,viviendas_autorizadas,unidades,True,3212.0,74606.0
2016-10-01,13,Metropolitana de Santiago,NVA,viviendas_autorizadas,unidades,True,6181.0,71871.0
2016-11-01,13,Metropolitana de Santiago,NVA,viviendas_autorizadas,unidades,True,7650.0,71957.0
2016-12-01,13,Metropolitana de Santiago,NVA,viviendas_autorizadas,unidades,True,8274.0,63868.0
2017-01-01,13,Metropolitana de Santiago,NVA,viviendas_autorizadas,unidades,True,3262.0,61457.0
2017-02-01,13,Metropolitana de Santiago,NVA,viviendas_autorizadas,unidades,True,3291.0,62459.0
2017-03-01,13,Metropolitana de Santiago,NVA,viviendas_autorizadas,unidades,True,4033.0,60415.0
2017-04-01,13,Metropolitana de Santiago,NVA,viviendas_autorizadas,unidades,True,4485.0,60007.0
2017-05-01,13,Metropolitana de Santiago,NVA,viviendas_autorizadas,unidades,True,8067.0,62759.0
2017-06-01,13,Metropolitana de Santiago,NVA,viviendas_autorizadas,unidades,True,6541.0,60566.0
2017-07-01,13,Metropolitana de Santiago,NVA,viviendas_autorizadas,unidades,True,2998.0,61917.0
2017-08-01,13,Metropolitana de Santiago,NVA,viviendas_autorizadas,unidades,True,4159.0,62153.0
2017-09-01,13,Metropolitana de Santiago,NVA,viviendas_autorizadas,unidades,True,3404.0,62345.0
2017-10-01,13,Metropolitana de Santiago,NVA,viviendas_autorizadas,unidades,True,3882.0,60046.0
2017-11-01,13,Metropolitana de Santiago,NVA,viviendas_autorizadas,unidades,True,4528.0,56924.0
2017-12-01,13,Metropolitana de Santiago,NVA,viviendas_autorizadas,unidades,True,4689.0,53339.0
2018-01-01,13,Metropolitana de Santiago,NVA,viviendas_autorizadas,unidades,True,4524.0,54601.0
2018-02-01,13,Metropolitana de Santiago,NVA,viviendas_autorizadas,unidades,True,5886.0,57196.0
2018-03-01,13,Metropolitana de Santiago,NVA,viviendas_autorizadas,unidades,True,6035.0,59198.0
2018-04-01,13,Metropolitana de Santiago,NVA,viviendas_autorizadas,unidades,True,5531.0,60244.0
2018-05-01,13,Metropolitana de Santiago,NVA,viviendas_autorizadas,unidades,True,6293.0,58470.0
2018-06-01,13,Metropolitana de Santiago,NVA,viviendas_autorizadas,unidades,True,4815.0,56744.0
2018-07-01,13,Metropolitana de Santiago,NVA,viviendas_autorizadas,unidades,True,3526.0,57272.0
2018-08-01,13,Metropolitana de Santiago,NVA,viviendas_autorizadas,unidades,True,4067.0,57180.0
2018-09-01,13,Metropolitana de Santiago,NVA,viviendas_autorizadas,unidades,True,4576.0,58352.0
2018-10-01,13,Metropolitana de Santiago,NVA,viviendas_autorizadas,unidades,True,9262.0,63732.0
2018-11-01,13,Metropolitana de Santiago,NVA,viviendas_autorizadas,unidades,True,4311.0,63515.0
2018-12-01,13,Metropolitana de Santiago,NVA,viviendas_autorizadas,unidades,True,6083.0,64909.0
2019-01-01,13,Metropolitana de Santiago,NVA,viviendas_autorizadas,unidades,True,6268.0,66653.0
2019-02-01,13,Metropolitana de Santiago,NVA,viviendas_autorizadas,unidades,True,4797.0,65564.0
2019-03-01,13,Metropolitana de Santiago,NVA,viviendas_autorizadas,unidades,True,5704.0,65233.0
2019-04-01,13,Metropolitana de Santiago,NVA,viviendas_autorizadas,unidades,True,4460.0,64162.0
2019-05-01,13,Metropolitana de Santiago,NVA,viviendas_autorizadas,unidades,True,6409.0,64278.0
2019-06-01,13,Metropolitana de Santiago,NVA,viviendas_autorizadas,unidades,True,5270.0,64733.0
2019-07-01,13,Metropolitana de Santiago,NVA,viviendas_autorizadas,unidades,True,4838.0,66045.0
2019-08-01,13,Metropolitana de Santiago,NVA,viviendas_autorizadas,unidades,True,6768.0,68746.0
2019-09-01,13,Metropolitana de Santiago,NVA,viviendas_autorizadas,unidades,True,8770.0,72940.0
2019-10-01,13,Metropolitana de Santiago,NVA,viviendas_autorizadas,unidades,True,4213.0,67891.0
2019-11-01,13,Metropolitana de Santiago,NVA,viviendas_autorizadas,unidades,True,10189.0,73769.0
2019-12-01,13,Metropolitana de Santiago,NVA,viviendas_autorizadas,unidades,True,7010.0,74696.0
2020-01-01,13,Metropolitana de Santiago,NVA,viviendas_autorizadas,unidades,True,5034.0,73462.0
2020-02-01,13,Metropolitana de Santiago,NVA,viviendas_autorizadas,unidades,True,5899.0,74564.0
2020-03-01,13,Metropolitana de Santiago,NVA,viviendas_autorizadas,unidades,True,3557.0,72417.0
2020-04-01,13,Metropolitana de Santiago,NVA,viviendas_autorizadas,unidades,True,3571.0,71528.0
2020-05-01,13,Metropolitana de Santiago,NVA,viviendas_autorizadas,unidades,True,5187.0,70306.0
2020-06-01,13,Metropolitana de Santiago,NVA,viviendas_autorizadas,unidades,True,3288.0,68324.0
2020-07-01,13,Metropolitana de Santiago,NVA,viviendas_autorizadas,unidades,True,1814.0,65300.0
2020-08-01,13,Metropolitana de Santiago,NVA,viviendas_autorizadas,unidades,True,7504.0,66036.0
2020-09-01,13,Metropolitana de Santiago,NVA,viviendas_autorizadas,unidades,True,6035.0,63301.0
2020-10-01,13,Metropolitana de Santiago,NVA,viviendas_autorizadas,unidades,True,3080.0,62168.0
2020-11-01,13,Metropolitana de Santiago,NVA,viviendas_autorizadas,unidades,True,5736.0,57715.0
2020-12-01,13,Metropolitana de Santiago,NVA,viviendas_autorizadas,unidades,True,5635.0,56340.0
2021-01-01,13,Metropolitana de Santiago,NVA,viviendas_autorizadas,unidades,True,4144.0,55450.0
2021-02-01,13,Metropolitana de Santiago,NVA,viviendas_autorizadas,unidades,True,2262.0,51813.0
2021-03-01,13,Metropolitana de Santiago,NVA,viviendas_autorizadas,unidades,True,6681.0,54937.0
2021-04-01,13,Metropolitana de Santiago,NVA,viviendas_autorizadas,unidades,True,6481.0,57847.0
2021-05-01,13,Metropolitana de Santiago,NVA,viviendas_autorizadas,unidades,True,9128.0,61788.0
2021-06-01,13,Metropolitana de Santiago,NVA,viviendas_autorizadas,unidades,True,5240.0,63740.0
2021-07-01,13,Metropolitana de Santiago,NVA,viviendas_autorizadas,unidades,True,6161.0,68087.0
2021-08-01,13,Metropolitana de Santiago,NVA,viviendas_autorizadas,unidades,True,8670.0,69253.0
2021-09-01,13,Metropolitana de Santiago,NVA,viviendas_autorizadas,unidades,True,3876.0,67094.0
2021-10-01,13,Metropolitana de Santiago,NVA,viviendas_autorizadas,unidades,True,7278.0,71292.0
2021-11-01,13,Metropolitana de Santiago,NVA,viviendas_autorizadas,unidades,True,5471.0,71027.0
2021-12-01,13,Metropolitana de Santiago,NVA,viviendas_autorizadas,unidades,True,9037.0,74429.0
2022-01-01,13,Metropolitana de Santiago,NVA,viviendas_autorizadas,unidades,True,2987.0,73272.0
2022-02-01,13,Metropolitana de Santiago,NVA,viviendas_autorizadas,unidades,True,3712.0,74722.0
2022-03-01,13,Metropolitana de Santiago,NVA,viviendas_autorizadas,unidades,True,4616.0,72657.0
2022-04-01,13,Metropolitana de Santiago,NVA,viviendas_autorizadas,unidades,True,3687.0,69863.0
2022-05-01,13,Metropolitana de Santiago,NVA,viviendas_autorizadas,unidades,True,5310.0,66045.0
2022-06-01,13,Metropolitana de Santiago,NVA,viviendas_autorizadas,unidades,True,6190.0,66995.0
2022-07-01,13,Metropolitana de Santiago,NVA,viviendas_autorizadas,unidades,True,3786.0,64620.0
2022-08-01,13,Metropolitana de Santiago,NVA,viviendas_autorizadas,unidades,True,4231.0,60181.0
2022-09-01,13,Metropolitana de Santiago,NVA,viviendas_autorizadas,unidades,True,2166.0,58471.0
2022-10-01,13,Metropolitana de Santiago,NVA,viviendas_autorizadas,unidades,True,3936.0,55129.0
2022-11-01,13,Metropolitana de Santiago,NVA,viviendas_autorizadas,unidades,True,3248.0,52906.0
2022-12-01,13,Metropolitana de Santiago,NVA,viviendas_autorizadas,unidades,True,12988.0,56857.0
2023-01-01,13,Metropolitana de Santiago,NVA,viviendas_autorizadas,unidades,True,1513.0,55383.0
2023-02-01,13,Metropolitana de Santiago,NVA,viviendas_autorizadas,unidades,True,1130.0,52801.0
2023-03-01,13,Metropolitana de Santiago,NVA,viviendas_autorizadas,unidades,True,2761.0,50946.0
2023-04-01,13,Metropolitana de Santiago,NVA,viviendas_autorizadas,unidades,True,3256.0,50515.0
2023-05-01,13,Metropolitana de Santiago,NVA,viviendas_autorizadas,unidades,True,2780.0,47985.0
2023-06-01,13,Metropolitana de Santiago,NVA,viviendas_autorizadas,unidades,True,2328.0,44123.0
2023-07-01,13,Metropolitana de Santiago,NVA,viviendas_autorizadas,unidades,True,5618.0,45955.0
2023-08-01,13,Metropolitana de Santiago,NVA,viviendas_autorizadas,unidades,True,2011.0,43735.0
2023-09-01,13,Metropolitana de Santiago,NVA,viviendas_autorizadas,unidades,True,1884.0,43453.0
2023-10-01,13,Metropolitana de Santiago,NVA,viviendas_autorizadas,unidades,True,2330.0,41847.0
2023-11-01,13,Metropolitana de Santiago,NVA,viviendas_autorizadas,unidades,True,2622.0,41221.0
2023-12-01,13,Metropolitana de Santiago,NVA,viviendas_autorizadas,unidades,True,4035.0,32268.0
2024-01-01,13,Metropolitana de Santiago,NVA,viviendas_autorizadas,unidades,True,1593.0,32348.0
2024-02-01,13,Metropolitana de Santiago,NVA,viviendas_autorizadas,unidades,True,1856.0,33074.0
2024-03-01,13,Metropolitana de Santiago,NVA,viviendas_autorizadas,unidades,True,1923.0,32236.0
2024-04-01,13,Metropolitana de Santiago,NVA,viviendas_autorizadas,unidades,True,2761.0,31741.0
2024-05-01,13,Metropolitana de Santiago,NVA,viviendas_autorizadas,unidades,True,949.0,29910.0
2024-06-01,13,Metropolitana de Santiago,NVA,viviendas_autorizadas,unidades,True,2452.0,30034.0
2024-07-01,13,Metropolitana de Santiago,NVA,viviendas_autorizadas,unidades,True,1965.0,26381.0
2024-08-01,13,Metropolitana de Santiago,NVA,viviendas_autorizadas,unidades,True,1008.0,25378.0
2024-09-01,13,Metropolitana de Santiago,NVA,viviendas_autorizadas,unidades,True,2458.0,25952.0
2024-10-01,13,Metropolitana de Santiago,NVA,viviendas_autorizadas,unidades,True,943.0,24565.0
2024-11-01,13,Metropolitana de Santiago,NVA,viviendas_autorizadas,unidades,True,2231.0,24174.0
2024-12-01,13,Metropolitana de Santiago,NVA,viviendas_autorizadas,unidades,True,8796.0,28935.0
2025-01-01,13,Metropolitana de Santiago,NVA,viviendas_autorizadas,unidades,True,4584.0,31926.0
2025-02-01,13,Metropolitana de Santiago,NVA,viviendas_autorizadas,unidades,True,1009.0,31079.0
2025-03-01,13,Metropolitana de Santiago,NVA,viviendas_autorizadas,unidades,True,1787.0,30943.0
2025-04-01,13,Metropolitana de Santiago,NVA,viviendas_autorizadas,unidades,True,1289.0,29471.0
2025-05-01,13,Metropolitana de Santiago,NVA,viviendas_autorizadas,unidades,True,1350.0,29872.0
2025-06-01,13,Metropolitana de Santiago,NVA,viviendas_autorizadas,unidades,True,1958.0,29378.0
2025-07-01,13,Metropolitana de Santiago,NVA,viviendas_autorizadas,unidades,True,1300.0,28713.0
2025-08-01,13,Metropolitana de Santiago,NVA,viviendas_autorizadas,unidades,True,2597.0,30302.0
2025-09-01,13,Metropolitana de Santiago,NVA,viviendas_autorizadas,unidades,True,3294.0,31138.0
2025-10-01,13,Metropolitana de Santiago,NVA,viviendas_autorizadas,unidades,True,1928.0,32123.0
2025-11-01,13,Metropolitana de Santiago,NVA,viviendas_autorizadas,unidades,True,2408.0,32300.0
2025-12-01,13,Metropolitana de Santiago,NVA,viviendas_autorizadas,unidades,True,1650.0,25154.0
2026-01-01,13,Metropolitana de Santiago,NVA,viviendas_autorizadas,unidades,True,3094.0,23664.0
2026-02-01,13,Metropolitana de Santiago,NVA,viviendas_autorizadas,unidades,True,2202.0,24857.0
2026-03-01,13,Metropolitana de Santiago,NVA,viviendas_autorizadas,unidades,True,2343.0,25413.0
2026-04-01,13,Metropolitana de Santiago,NVA,viviendas_autorizadas,unidades,True,2493.0,26617.0
2026-05-01,13,Metropolitana de Santiago,NVA,viviendas_autorizadas,unidades,True,464.0,25731.0
2014-01-01,14,Los Ríos,NVA,viviendas_autorizadas,unidades,True,162.0,
2014-02-01,14,Los Ríos,NVA,viviendas_autorizadas,unidades,True,90.0,
2014-03-01,14,Los Ríos,NVA,viviendas_autorizadas,unidades,True,471.0,
2014-04-01,14,Los Ríos,NVA,viviendas_autorizadas,unidades,True,410.0,
2014-05-01,14,Los Ríos,NVA,viviendas_autorizadas,unidades,True,102.0,
2014-06-01,14,Los Ríos,NVA,viviendas_autorizadas,unidades,True,210.0,
2014-07-01,14,Los Ríos,NVA,viviendas_autorizadas,unidades,True,143.0,
2014-08-01,14,Los Ríos,NVA,viviendas_autorizadas,unidades,True,161.0,
2014-09-01,14,Los Ríos,NVA,viviendas_autorizadas,unidades,True,211.0,
2014-10-01,14,Los Ríos,NVA,viviendas_autorizadas,unidades,True,360.0,
2014-11-01,14,Los Ríos,NVA,viviendas_autorizadas,unidades,True,291.0,
2014-12-01,14,Los Ríos,NVA,viviendas_autorizadas,unidades,True,206.0,2817.0
2015-01-01,14,Los Ríos,NVA,viviendas_autorizadas,unidades,True,85.0,2740.0
2015-02-01,14,Los Ríos,NVA,viviendas_autorizadas,unidades,True,879.0,3529.0
2015-03-01,14,Los Ríos,NVA,viviendas_autorizadas,unidades,True,179.0,3237.0
2015-04-01,14,Los Ríos,NVA,viviendas_autorizadas,unidades,True,308.0,3135.0
2015-05-01,14,Los Ríos,NVA,viviendas_autorizadas,unidades,True,91.0,3124.0
2015-06-01,14,Los Ríos,NVA,viviendas_autorizadas,unidades,True,234.0,3148.0
2015-07-01,14,Los Ríos,NVA,viviendas_autorizadas,unidades,True,174.0,3179.0
2015-08-01,14,Los Ríos,NVA,viviendas_autorizadas,unidades,True,322.0,3340.0
2015-09-01,14,Los Ríos,NVA,viviendas_autorizadas,unidades,True,441.0,3570.0
2015-10-01,14,Los Ríos,NVA,viviendas_autorizadas,unidades,True,115.0,3325.0
2015-11-01,14,Los Ríos,NVA,viviendas_autorizadas,unidades,True,566.0,3600.0
2015-12-01,14,Los Ríos,NVA,viviendas_autorizadas,unidades,True,151.0,3545.0
2016-01-01,14,Los Ríos,NVA,viviendas_autorizadas,unidades,True,117.0,3577.0
2016-02-01,14,Los Ríos,NVA,viviendas_autorizadas,unidades,True,386.0,3084.0
2016-03-01,14,Los Ríos,NVA,viviendas_autorizadas,unidades,True,207.0,3112.0
2016-04-01,14,Los Ríos,NVA,viviendas_autorizadas,unidades,True,109.0,2913.0
2016-05-01,14,Los Ríos,NVA,viviendas_autorizadas,unidades,True,152.0,2974.0
2016-06-01,14,Los Ríos,NVA,viviendas_autorizadas,unidades,True,307.0,3047.0
2016-07-01,14,Los Ríos,NVA,viviendas_autorizadas,unidades,True,404.0,3277.0
2016-08-01,14,Los Ríos,NVA,viviendas_autorizadas,unidades,True,254.0,3209.0
2016-09-01,14,Los Ríos,NVA,viviendas_autorizadas,unidades,True,184.0,2952.0
2016-10-01,14,Los Ríos,NVA,viviendas_autorizadas,unidades,True,250.0,3087.0
2016-11-01,14,Los Ríos,NVA,viviendas_autorizadas,unidades,True,398.0,2919.0
2016-12-01,14,Los Ríos,NVA,viviendas_autorizadas,unidades,True,458.0,3226.0
2017-01-01,14,Los Ríos,NVA,viviendas_autorizadas,unidades,True,260.0,3369.0
2017-02-01,14,Los Ríos,NVA,viviendas_autorizadas,unidades,True,179.0,3162.0
2017-03-01,14,Los Ríos,NVA,viviendas_autorizadas,unidades,True,261.0,3216.0
2017-04-01,14,Los Ríos,NVA,viviendas_autorizadas,unidades,True,386.0,3493.0
2017-05-01,14,Los Ríos,NVA,viviendas_autorizadas,unidades,True,367.0,3708.0
2017-06-01,14,Los Ríos,NVA,viviendas_autorizadas,unidades,True,444.0,3845.0
2017-07-01,14,Los Ríos,NVA,viviendas_autorizadas,unidades,True,691.0,4132.0
2017-08-01,14,Los Ríos,NVA,viviendas_autorizadas,unidades,True,532.0,4410.0
2017-09-01,14,Los Ríos,NVA,viviendas_autorizadas,unidades,True,180.0,4406.0
2017-10-01,14,Los Ríos,NVA,viviendas_autorizadas,unidades,True,281.0,4437.0
2017-11-01,14,Los Ríos,NVA,viviendas_autorizadas,unidades,True,371.0,4410.0
2017-12-01,14,Los Ríos,NVA,viviendas_autorizadas,unidades,True,373.0,4325.0
2018-01-01,14,Los Ríos,NVA,viviendas_autorizadas,unidades,True,282.0,4347.0
2018-02-01,14,Los Ríos,NVA,viviendas_autorizadas,unidades,True,446.0,4614.0
2018-03-01,14,Los Ríos,NVA,viviendas_autorizadas,unidades,True,329.0,4682.0
2018-04-01,14,Los Ríos,NVA,viviendas_autorizadas,unidades,True,359.0,4655.0
2018-05-01,14,Los Ríos,NVA,viviendas_autorizadas,unidades,True,1044.0,5332.0
2018-06-01,14,Los Ríos,NVA,viviendas_autorizadas,unidades,True,533.0,5421.0
2018-07-01,14,Los Ríos,NVA,viviendas_autorizadas,unidades,True,215.0,4945.0
2018-08-01,14,Los Ríos,NVA,viviendas_autorizadas,unidades,True,532.0,4945.0
2018-09-01,14,Los Ríos,NVA,viviendas_autorizadas,unidades,True,368.0,5133.0
2018-10-01,14,Los Ríos,NVA,viviendas_autorizadas,unidades,True,688.0,5540.0
2018-11-01,14,Los Ríos,NVA,viviendas_autorizadas,unidades,True,642.0,5811.0
2018-12-01,14,Los Ríos,NVA,viviendas_autorizadas,unidades,True,449.0,5887.0
2019-01-01,14,Los Ríos,NVA,viviendas_autorizadas,unidades,True,359.0,5964.0
2019-02-01,14,Los Ríos,NVA,viviendas_autorizadas,unidades,True,193.0,5711.0
2019-03-01,14,Los Ríos,NVA,viviendas_autorizadas,unidades,True,330.0,5712.0
2019-04-01,14,Los Ríos,NVA,viviendas_autorizadas,unidades,True,398.0,5751.0
2019-05-01,14,Los Ríos,NVA,viviendas_autorizadas,unidades,True,328.0,5035.0
2019-06-01,14,Los Ríos,NVA,viviendas_autorizadas,unidades,True,262.0,4764.0
2019-07-01,14,Los Ríos,NVA,viviendas_autorizadas,unidades,True,361.0,4910.0
2019-08-01,14,Los Ríos,NVA,viviendas_autorizadas,unidades,True,450.0,4828.0
2019-09-01,14,Los Ríos,NVA,viviendas_autorizadas,unidades,True,165.0,4625.0
2019-10-01,14,Los Ríos,NVA,viviendas_autorizadas,unidades,True,287.0,4224.0
2019-11-01,14,Los Ríos,NVA,viviendas_autorizadas,unidades,True,305.0,3887.0
2019-12-01,14,Los Ríos,NVA,viviendas_autorizadas,unidades,True,182.0,3620.0
2020-01-01,14,Los Ríos,NVA,viviendas_autorizadas,unidades,True,185.0,3446.0
2020-02-01,14,Los Ríos,NVA,viviendas_autorizadas,unidades,True,276.0,3529.0
2020-03-01,14,Los Ríos,NVA,viviendas_autorizadas,unidades,True,237.0,3436.0
2020-04-01,14,Los Ríos,NVA,viviendas_autorizadas,unidades,True,230.0,3268.0
2020-05-01,14,Los Ríos,NVA,viviendas_autorizadas,unidades,True,186.0,3126.0
2020-06-01,14,Los Ríos,NVA,viviendas_autorizadas,unidades,True,77.0,2941.0
2020-07-01,14,Los Ríos,NVA,viviendas_autorizadas,unidades,True,317.0,2897.0
2020-08-01,14,Los Ríos,NVA,viviendas_autorizadas,unidades,True,168.0,2615.0
2020-09-01,14,Los Ríos,NVA,viviendas_autorizadas,unidades,True,243.0,2693.0
2020-10-01,14,Los Ríos,NVA,viviendas_autorizadas,unidades,True,36.0,2442.0
2020-11-01,14,Los Ríos,NVA,viviendas_autorizadas,unidades,True,435.0,2572.0
2020-12-01,14,Los Ríos,NVA,viviendas_autorizadas,unidades,True,611.0,3001.0
2021-01-01,14,Los Ríos,NVA,viviendas_autorizadas,unidades,True,261.0,3077.0
2021-02-01,14,Los Ríos,NVA,viviendas_autorizadas,unidades,True,333.0,3134.0
2021-03-01,14,Los Ríos,NVA,viviendas_autorizadas,unidades,True,472.0,3369.0
2021-04-01,14,Los Ríos,NVA,viviendas_autorizadas,unidades,True,104.0,3243.0
2021-05-01,14,Los Ríos,NVA,viviendas_autorizadas,unidades,True,656.0,3713.0
2021-06-01,14,Los Ríos,NVA,viviendas_autorizadas,unidades,True,235.0,3871.0
2021-07-01,14,Los Ríos,NVA,viviendas_autorizadas,unidades,True,208.0,3762.0
2021-08-01,14,Los Ríos,NVA,viviendas_autorizadas,unidades,True,350.0,3944.0
2021-09-01,14,Los Ríos,NVA,viviendas_autorizadas,unidades,True,239.0,3940.0
2021-10-01,14,Los Ríos,NVA,viviendas_autorizadas,unidades,True,155.0,4059.0
2021-11-01,14,Los Ríos,NVA,viviendas_autorizadas,unidades,True,143.0,3767.0
2021-12-01,14,Los Ríos,NVA,viviendas_autorizadas,unidades,True,228.0,3384.0
2022-01-01,14,Los Ríos,NVA,viviendas_autorizadas,unidades,True,318.0,3441.0
2022-02-01,14,Los Ríos,NVA,viviendas_autorizadas,unidades,True,157.0,3265.0
2022-03-01,14,Los Ríos,NVA,viviendas_autorizadas,unidades,True,196.0,2989.0
2022-04-01,14,Los Ríos,NVA,viviendas_autorizadas,unidades,True,254.0,3139.0
2022-05-01,14,Los Ríos,NVA,viviendas_autorizadas,unidades,True,183.0,2666.0
2022-06-01,14,Los Ríos,NVA,viviendas_autorizadas,unidades,True,215.0,2646.0
2022-07-01,14,Los Ríos,NVA,viviendas_autorizadas,unidades,True,108.0,2546.0
2022-08-01,14,Los Ríos,NVA,viviendas_autorizadas,unidades,True,80.0,2276.0
2022-09-01,14,Los Ríos,NVA,viviendas_autorizadas,unidades,True,92.0,2129.0
2022-10-01,14,Los Ríos,NVA,viviendas_autorizadas,unidades,True,69.0,2043.0
2022-11-01,14,Los Ríos,NVA,viviendas_autorizadas,unidades,True,290.0,2190.0
2022-12-01,14,Los Ríos,NVA,viviendas_autorizadas,unidades,True,551.0,2513.0
2023-01-01,14,Los Ríos,NVA,viviendas_autorizadas,unidades,True,55.0,2250.0
2023-02-01,14,Los Ríos,NVA,viviendas_autorizadas,unidades,True,56.0,2149.0
2023-03-01,14,Los Ríos,NVA,viviendas_autorizadas,unidades,True,105.0,2058.0
2023-04-01,14,Los Ríos,NVA,viviendas_autorizadas,unidades,True,272.0,2076.0
2023-05-01,14,Los Ríos,NVA,viviendas_autorizadas,unidades,True,191.0,2084.0
2023-06-01,14,Los Ríos,NVA,viviendas_autorizadas,unidades,True,50.0,1919.0
2023-07-01,14,Los Ríos,NVA,viviendas_autorizadas,unidades,True,181.0,1992.0
2023-08-01,14,Los Ríos,NVA,viviendas_autorizadas,unidades,True,151.0,2063.0
2023-09-01,14,Los Ríos,NVA,viviendas_autorizadas,unidades,True,129.0,2100.0
2023-10-01,14,Los Ríos,NVA,viviendas_autorizadas,unidades,True,91.0,2122.0
2023-11-01,14,Los Ríos,NVA,viviendas_autorizadas,unidades,True,54.0,1886.0
2023-12-01,14,Los Ríos,NVA,viviendas_autorizadas,unidades,True,108.0,1443.0
2024-01-01,14,Los Ríos,NVA,viviendas_autorizadas,unidades,True,149.0,1537.0
2024-02-01,14,Los Ríos,NVA,viviendas_autorizadas,unidades,True,65.0,1546.0
2024-03-01,14,Los Ríos,NVA,viviendas_autorizadas,unidades,True,316.0,1757.0
2024-04-01,14,Los Ríos,NVA,viviendas_autorizadas,unidades,True,129.0,1614.0
2024-05-01,14,Los Ríos,NVA,viviendas_autorizadas,unidades,True,123.0,1546.0
2024-06-01,14,Los Ríos,NVA,viviendas_autorizadas,unidades,True,119.0,1615.0
2024-07-01,14,Los Ríos,NVA,viviendas_autorizadas,unidades,True,71.0,1505.0
2024-08-01,14,Los Ríos,NVA,viviendas_autorizadas,unidades,True,85.0,1439.0
2024-09-01,14,Los Ríos,NVA,viviendas_autorizadas,unidades,True,139.0,1449.0
2024-10-01,14,Los Ríos,NVA,viviendas_autorizadas,unidades,True,166.0,1524.0
2024-11-01,14,Los Ríos,NVA,viviendas_autorizadas,unidades,True,72.0,1542.0
2024-12-01,14,Los Ríos,NVA,viviendas_autorizadas,unidades,True,75.0,1509.0
2025-01-01,14,Los Ríos,NVA,viviendas_autorizadas,unidades,True,86.0,1446.0
2025-02-01,14,Los Ríos,NVA,viviendas_autorizadas,unidades,True,97.0,1478.0
2025-03-01,14,Los Ríos,NVA,viviendas_autorizadas,unidades,True,368.0,1530.0
2025-04-01,14,Los Ríos,NVA,viviendas_autorizadas,unidades,True,108.0,1509.0
2025-05-01,14,Los Ríos,NVA,viviendas_autorizadas,unidades,True,113.0,1499.0
2025-06-01,14,Los Ríos,NVA,viviendas_autorizadas,unidades,True,88.0,1468.0
2025-07-01,14,Los Ríos,NVA,viviendas_autorizadas,unidades,True,153.0,1550.0
2025-08-01,14,Los Ríos,NVA,viviendas_autorizadas,unidades,True,238.0,1703.0
2025-09-01,14,Los Ríos,NVA,viviendas_autorizadas,unidades,True,251.0,1815.0
2025-10-01,14,Los Ríos,NVA,viviendas_autorizadas,unidades,True,239.0,1888.0
2025-11-01,14,Los Ríos,NVA,viviendas_autorizadas,unidades,True,182.0,1998.0
2025-12-01,14,Los Ríos,NVA,viviendas_autorizadas,unidades,True,212.0,2135.0
2026-01-01,14,Los Ríos,NVA,viviendas_autorizadas,unidades,True,510.0,2559.0
2026-02-01,14,Los Ríos,NVA,viviendas_autorizadas,unidades,True,89.0,2551.0
2026-03-01,14,Los Ríos,NVA,viviendas_autorizadas,unidades,True,105.0,2288.0
2026-04-01,14,Los Ríos,NVA,viviendas_autorizadas,unidades,True,109.0,2289.0
2026-05-01,14,Los Ríos,NVA,viviendas_autorizadas,unidades,True,100.0,2276.0
2014-01-01,15,Arica y Parinacota,NVA,viviendas_autorizadas,unidades,True,18.0,
2014-02-01,15,Arica y Parinacota,NVA,viviendas_autorizadas,unidades,True,6.0,
2014-03-01,15,Arica y Parinacota,NVA,viviendas_autorizadas,unidades,True,341.0,
2014-04-01,15,Arica y Parinacota,NVA,viviendas_autorizadas,unidades,True,144.0,
2014-05-01,15,Arica y Parinacota,NVA,viviendas_autorizadas,unidades,True,9.0,
2014-06-01,15,Arica y Parinacota,NVA,viviendas_autorizadas,unidades,True,33.0,
2014-07-01,15,Arica y Parinacota,NVA,viviendas_autorizadas,unidades,True,14.0,
2014-08-01,15,Arica y Parinacota,NVA,viviendas_autorizadas,unidades,True,9.0,
2014-09-01,15,Arica y Parinacota,NVA,viviendas_autorizadas,unidades,True,203.0,
2014-10-01,15,Arica y Parinacota,NVA,viviendas_autorizadas,unidades,True,63.0,
2014-11-01,15,Arica y Parinacota,NVA,viviendas_autorizadas,unidades,True,91.0,
2014-12-01,15,Arica y Parinacota,NVA,viviendas_autorizadas,unidades,True,275.0,1206.0
2015-01-01,15,Arica y Parinacota,NVA,viviendas_autorizadas,unidades,True,413.0,1601.0
2015-02-01,15,Arica y Parinacota,NVA,viviendas_autorizadas,unidades,True,164.0,1759.0
2015-03-01,15,Arica y Parinacota,NVA,viviendas_autorizadas,unidades,True,24.0,1442.0
2015-04-01,15,Arica y Parinacota,NVA,viviendas_autorizadas,unidades,True,239.0,1537.0
2015-05-01,15,Arica y Parinacota,NVA,viviendas_autorizadas,unidades,True,467.0,1995.0
2015-06-01,15,Arica y Parinacota,NVA,viviendas_autorizadas,unidades,True,20.0,1982.0
2015-07-01,15,Arica y Parinacota,NVA,viviendas_autorizadas,unidades,True,29.0,1997.0
2015-08-01,15,Arica y Parinacota,NVA,viviendas_autorizadas,unidades,True,8.0,1996.0
2015-09-01,15,Arica y Parinacota,NVA,viviendas_autorizadas,unidades,True,518.0,2311.0
2015-10-01,15,Arica y Parinacota,NVA,viviendas_autorizadas,unidades,True,321.0,2569.0
2015-11-01,15,Arica y Parinacota,NVA,viviendas_autorizadas,unidades,True,4.0,2482.0
2015-12-01,15,Arica y Parinacota,NVA,viviendas_autorizadas,unidades,True,126.0,2333.0
2016-01-01,15,Arica y Parinacota,NVA,viviendas_autorizadas,unidades,True,156.0,2076.0
2016-02-01,15,Arica y Parinacota,NVA,viviendas_autorizadas,unidades,True,19.0,1931.0
2016-03-01,15,Arica y Parinacota,NVA,viviendas_autorizadas,unidades,True,17.0,1924.0
2016-04-01,15,Arica y Parinacota,NVA,viviendas_autorizadas,unidades,True,23.0,1708.0
2016-05-01,15,Arica y Parinacota,NVA,viviendas_autorizadas,unidades,True,168.0,1409.0
2016-06-01,15,Arica y Parinacota,NVA,viviendas_autorizadas,unidades,True,10.0,1399.0
2016-07-01,15,Arica y Parinacota,NVA,viviendas_autorizadas,unidades,True,209.0,1579.0
2016-08-01,15,Arica y Parinacota,NVA,viviendas_autorizadas,unidades,True,130.0,1701.0
2016-09-01,15,Arica y Parinacota,NVA,viviendas_autorizadas,unidades,True,20.0,1203.0
2016-10-01,15,Arica y Parinacota,NVA,viviendas_autorizadas,unidades,True,23.0,905.0
2016-11-01,15,Arica y Parinacota,NVA,viviendas_autorizadas,unidades,True,263.0,1164.0
2016-12-01,15,Arica y Parinacota,NVA,viviendas_autorizadas,unidades,True,161.0,1199.0
2017-01-01,15,Arica y Parinacota,NVA,viviendas_autorizadas,unidades,True,17.0,1060.0
2017-02-01,15,Arica y Parinacota,NVA,viviendas_autorizadas,unidades,True,14.0,1055.0
2017-03-01,15,Arica y Parinacota,NVA,viviendas_autorizadas,unidades,True,665.0,1703.0
2017-04-01,15,Arica y Parinacota,NVA,viviendas_autorizadas,unidades,True,11.0,1691.0
2017-05-01,15,Arica y Parinacota,NVA,viviendas_autorizadas,unidades,True,16.0,1539.0
2017-06-01,15,Arica y Parinacota,NVA,viviendas_autorizadas,unidades,True,43.0,1572.0
2017-07-01,15,Arica y Parinacota,NVA,viviendas_autorizadas,unidades,True,13.0,1376.0
2017-08-01,15,Arica y Parinacota,NVA,viviendas_autorizadas,unidades,True,241.0,1487.0
2017-09-01,15,Arica y Parinacota,NVA,viviendas_autorizadas,unidades,True,17.0,1484.0
2017-10-01,15,Arica y Parinacota,NVA,viviendas_autorizadas,unidades,True,102.0,1563.0
2017-11-01,15,Arica y Parinacota,NVA,viviendas_autorizadas,unidades,True,23.0,1323.0
2017-12-01,15,Arica y Parinacota,NVA,viviendas_autorizadas,unidades,True,694.0,1856.0
2018-01-01,15,Arica y Parinacota,NVA,viviendas_autorizadas,unidades,True,33.0,1872.0
2018-02-01,15,Arica y Parinacota,NVA,viviendas_autorizadas,unidades,True,629.0,2487.0
2018-03-01,15,Arica y Parinacota,NVA,viviendas_autorizadas,unidades,True,46.0,1868.0
2018-04-01,15,Arica y Parinacota,NVA,viviendas_autorizadas,unidades,True,567.0,2424.0
2018-05-01,15,Arica y Parinacota,NVA,viviendas_autorizadas,unidades,True,299.0,2707.0
2018-06-01,15,Arica y Parinacota,NVA,viviendas_autorizadas,unidades,True,159.0,2823.0
2018-07-01,15,Arica y Parinacota,NVA,viviendas_autorizadas,unidades,True,15.0,2825.0
2018-08-01,15,Arica y Parinacota,NVA,viviendas_autorizadas,unidades,True,37.0,2621.0
2018-09-01,15,Arica y Parinacota,NVA,viviendas_autorizadas,unidades,True,64.0,2668.0
2018-10-01,15,Arica y Parinacota,NVA,viviendas_autorizadas,unidades,True,30.0,2596.0
2018-11-01,15,Arica y Parinacota,NVA,viviendas_autorizadas,unidades,True,50.0,2623.0
2018-12-01,15,Arica y Parinacota,NVA,viviendas_autorizadas,unidades,True,15.0,1944.0
2019-01-01,15,Arica y Parinacota,NVA,viviendas_autorizadas,unidades,True,164.0,2075.0
2019-02-01,15,Arica y Parinacota,NVA,viviendas_autorizadas,unidades,True,27.0,1473.0
2019-03-01,15,Arica y Parinacota,NVA,viviendas_autorizadas,unidades,True,32.0,1459.0
2019-04-01,15,Arica y Parinacota,NVA,viviendas_autorizadas,unidades,True,26.0,918.0
2019-05-01,15,Arica y Parinacota,NVA,viviendas_autorizadas,unidades,True,21.0,640.0
2019-06-01,15,Arica y Parinacota,NVA,viviendas_autorizadas,unidades,True,13.0,494.0
2019-07-01,15,Arica y Parinacota,NVA,viviendas_autorizadas,unidades,True,906.0,1385.0
2019-08-01,15,Arica y Parinacota,NVA,viviendas_autorizadas,unidades,True,160.0,1508.0
2019-09-01,15,Arica y Parinacota,NVA,viviendas_autorizadas,unidades,True,15.0,1459.0
2019-10-01,15,Arica y Parinacota,NVA,viviendas_autorizadas,unidades,True,74.0,1503.0
2019-11-01,15,Arica y Parinacota,NVA,viviendas_autorizadas,unidades,True,173.0,1626.0
2019-12-01,15,Arica y Parinacota,NVA,viviendas_autorizadas,unidades,True,275.0,1886.0
2020-01-01,15,Arica y Parinacota,NVA,viviendas_autorizadas,unidades,True,57.0,1779.0
2020-02-01,15,Arica y Parinacota,NVA,viviendas_autorizadas,unidades,True,486.0,2238.0
2020-03-01,15,Arica y Parinacota,NVA,viviendas_autorizadas,unidades,True,12.0,2218.0
2020-04-01,15,Arica y Parinacota,NVA,viviendas_autorizadas,unidades,True,21.0,2213.0
2020-05-01,15,Arica y Parinacota,NVA,viviendas_autorizadas,unidades,True,11.0,2203.0
2020-06-01,15,Arica y Parinacota,NVA,viviendas_autorizadas,unidades,True,711.0,2901.0
2020-07-01,15,Arica y Parinacota,NVA,viviendas_autorizadas,unidades,True,16.0,2011.0
2020-08-01,15,Arica y Parinacota,NVA,viviendas_autorizadas,unidades,True,1108.0,2959.0
2020-09-01,15,Arica y Parinacota,NVA,viviendas_autorizadas,unidades,True,17.0,2961.0
2020-10-01,15,Arica y Parinacota,NVA,viviendas_autorizadas,unidades,True,5.0,2892.0
2020-11-01,15,Arica y Parinacota,NVA,viviendas_autorizadas,unidades,True,160.0,2879.0
2020-12-01,15,Arica y Parinacota,NVA,viviendas_autorizadas,unidades,True,295.0,2899.0
2021-01-01,15,Arica y Parinacota,NVA,viviendas_autorizadas,unidades,True,10.0,2852.0
2021-02-01,15,Arica y Parinacota,NVA,viviendas_autorizadas,unidades,True,81.0,2447.0
2021-03-01,15,Arica y Parinacota,NVA,viviendas_autorizadas,unidades,True,226.0,2661.0
2021-04-01,15,Arica y Parinacota,NVA,viviendas_autorizadas,unidades,True,6.0,2646.0
2021-05-01,15,Arica y Parinacota,NVA,viviendas_autorizadas,unidades,True,293.0,2928.0
2021-06-01,15,Arica y Parinacota,NVA,viviendas_autorizadas,unidades,True,135.0,2352.0
2021-07-01,15,Arica y Parinacota,NVA,viviendas_autorizadas,unidades,True,114.0,2450.0
2021-08-01,15,Arica y Parinacota,NVA,viviendas_autorizadas,unidades,True,609.0,1951.0
2021-09-01,15,Arica y Parinacota,NVA,viviendas_autorizadas,unidades,True,1.0,1935.0
2021-10-01,15,Arica y Parinacota,NVA,viviendas_autorizadas,unidades,True,145.0,2075.0
2021-11-01,15,Arica y Parinacota,NVA,viviendas_autorizadas,unidades,True,18.0,1933.0
2021-12-01,15,Arica y Parinacota,NVA,viviendas_autorizadas,unidades,True,18.0,1656.0
2022-01-01,15,Arica y Parinacota,NVA,viviendas_autorizadas,unidades,True,68.0,1714.0
2022-02-01,15,Arica y Parinacota,NVA,viviendas_autorizadas,unidades,True,294.0,1927.0
2022-03-01,15,Arica y Parinacota,NVA,viviendas_autorizadas,unidades,True,19.0,1720.0
2022-04-01,15,Arica y Parinacota,NVA,viviendas_autorizadas,unidades,True,589.0,2303.0
2022-05-01,15,Arica y Parinacota,NVA,viviendas_autorizadas,unidades,True,8.0,2018.0
2022-06-01,15,Arica y Parinacota,NVA,viviendas_autorizadas,unidades,True,22.0,1905.0
2022-07-01,15,Arica y Parinacota,NVA,viviendas_autorizadas,unidades,True,33.0,1824.0
2022-08-01,15,Arica y Parinacota,NVA,viviendas_autorizadas,unidades,True,2.0,1217.0
2022-09-01,15,Arica y Parinacota,NVA,viviendas_autorizadas,unidades,True,24.0,1240.0
2022-10-01,15,Arica y Parinacota,NVA,viviendas_autorizadas,unidades,True,22.0,1117.0
2022-11-01,15,Arica y Parinacota,NVA,viviendas_autorizadas,unidades,True,21.0,1120.0
2022-12-01,15,Arica y Parinacota,NVA,viviendas_autorizadas,unidades,True,209.0,1311.0
2023-01-01,15,Arica y Parinacota,NVA,viviendas_autorizadas,unidades,True,35.0,1278.0
2023-02-01,15,Arica y Parinacota,NVA,viviendas_autorizadas,unidades,True,13.0,997.0
2023-03-01,15,Arica y Parinacota,NVA,viviendas_autorizadas,unidades,True,45.0,1023.0
2023-04-01,15,Arica y Parinacota,NVA,viviendas_autorizadas,unidades,True,43.0,477.0
2023-05-01,15,Arica y Parinacota,NVA,viviendas_autorizadas,unidades,True,30.0,499.0
2023-06-01,15,Arica y Parinacota,NVA,viviendas_autorizadas,unidades,True,12.0,489.0
2023-07-01,15,Arica y Parinacota,NVA,viviendas_autorizadas,unidades,True,26.0,482.0
2023-08-01,15,Arica y Parinacota,NVA,viviendas_autorizadas,unidades,True,9.0,489.0
2023-09-01,15,Arica y Parinacota,NVA,viviendas_autorizadas,unidades,True,291.0,756.0
2023-10-01,15,Arica y Parinacota,NVA,viviendas_autorizadas,unidades,True,6.0,740.0
2023-11-01,15,Arica y Parinacota,NVA,viviendas_autorizadas,unidades,True,201.0,920.0
2023-12-01,15,Arica y Parinacota,NVA,viviendas_autorizadas,unidades,True,5.0,716.0
2024-01-01,15,Arica y Parinacota,NVA,viviendas_autorizadas,unidades,True,54.0,735.0
2024-02-01,15,Arica y Parinacota,NVA,viviendas_autorizadas,unidades,True,60.0,782.0
2024-03-01,15,Arica y Parinacota,NVA,viviendas_autorizadas,unidades,True,30.0,767.0
2024-04-01,15,Arica y Parinacota,NVA,viviendas_autorizadas,unidades,True,14.0,738.0
2024-05-01,15,Arica y Parinacota,NVA,viviendas_autorizadas,unidades,True,758.0,1466.0
2024-06-01,15,Arica y Parinacota,NVA,viviendas_autorizadas,unidades,True,155.0,1609.0
2024-07-01,15,Arica y Parinacota,NVA,viviendas_autorizadas,unidades,True,449.0,2032.0
2024-08-01,15,Arica y Parinacota,NVA,viviendas_autorizadas,unidades,True,16.0,2039.0
2024-09-01,15,Arica y Parinacota,NVA,viviendas_autorizadas,unidades,True,13.0,1761.0
2024-10-01,15,Arica y Parinacota,NVA,viviendas_autorizadas,unidades,True,13.0,1768.0
2024-11-01,15,Arica y Parinacota,NVA,viviendas_autorizadas,unidades,True,211.0,1778.0
2024-12-01,15,Arica y Parinacota,NVA,viviendas_autorizadas,unidades,True,584.0,2357.0
2025-01-01,15,Arica y Parinacota,NVA,viviendas_autorizadas,unidades,True,28.0,2331.0
2025-02-01,15,Arica y Parinacota,NVA,viviendas_autorizadas,unidades,True,58.0,2329.0
2025-03-01,15,Arica y Parinacota,NVA,viviendas_autorizadas,unidades,True,21.0,2320.0
2025-04-01,15,Arica y Parinacota,NVA,viviendas_autorizadas,unidades,True,19.0,2325.0
2025-05-01,15,Arica y Parinacota,NVA,viviendas_autorizadas,unidades,True,167.0,1734.0
2025-06-01,15,Arica y Parinacota,NVA,viviendas_autorizadas,unidades,True,42.0,1621.0
2025-07-01,15,Arica y Parinacota,NVA,viviendas_autorizadas,unidades,True,15.0,1187.0
2025-08-01,15,Arica y Parinacota,NVA,viviendas_autorizadas,unidades,True,28.0,1199.0
2025-09-01,15,Arica y Parinacota,NVA,viviendas_autorizadas,unidades,True,10.0,1196.0
2025-10-01,15,Arica y Parinacota,NVA,viviendas_autorizadas,unidades,True,1431.0,2614.0
2025-11-01,15,Arica y Parinacota,NVA,viviendas_autorizadas,unidades,True,99.0,2502.0
2025-12-01,15,Arica y Parinacota,NVA,viviendas_autorizadas,unidades,True,15.0,1933.0
2026-01-01,15,Arica y Parinacota,NVA,viviendas_autorizadas,unidades,True,18.0,1923.0
2026-02-01,15,Arica y Parinacota,NVA,viviendas_autorizadas,unidades,True,20.0,1885.0
2026-03-01,15,Arica y Parinacota,NVA,viviendas_autorizadas,unidades,True,60.0,1924.0
2026-04-01,15,Arica y Parinacota,NVA,viviendas_autorizadas,unidades,True,302.0,2207.0
2026-05-01,15,Arica y Parinacota,NVA,viviendas_autorizadas,unidades,True,293.0,2333.0
2018-09-01,16,Ñuble,NVA,viviendas_autorizadas,unidades,True,0.0,
2018-10-01,16,Ñuble,NVA,viviendas_autorizadas,unidades,True,213.0,
2018-11-01,16,Ñuble,NVA,viviendas_autorizadas,unidades,True,318.0,
2018-12-01,16,Ñuble,NVA,viviendas_autorizadas,unidades,True,338.0,
2019-01-01,16,Ñuble,NVA,viviendas_autorizadas,unidades,True,293.0,
2019-02-01,16,Ñuble,NVA,viviendas_autorizadas,unidades,True,196.0,
2019-03-01,16,Ñuble,NVA,viviendas_autorizadas,unidades,True,576.0,
2019-04-01,16,Ñuble,NVA,viviendas_autorizadas,unidades,True,354.0,
2019-05-01,16,Ñuble,NVA,viviendas_autorizadas,unidades,True,297.0,
2019-06-01,16,Ñuble,NVA,viviendas_autorizadas,unidades,True,572.0,
2019-07-01,16,Ñuble,NVA,viviendas_autorizadas,unidades,True,916.0,
2019-08-01,16,Ñuble,NVA,viviendas_autorizadas,unidades,True,661.0,4734.0
2019-09-01,16,Ñuble,NVA,viviendas_autorizadas,unidades,True,519.0,5253.0
2019-10-01,16,Ñuble,NVA,viviendas_autorizadas,unidades,True,478.0,5518.0
2019-11-01,16,Ñuble,NVA,viviendas_autorizadas,unidades,True,543.0,5743.0
2019-12-01,16,Ñuble,NVA,viviendas_autorizadas,unidades,True,544.0,5949.0
2020-01-01,16,Ñuble,NVA,viviendas_autorizadas,unidades,True,499.0,6155.0
2020-02-01,16,Ñuble,NVA,viviendas_autorizadas,unidades,True,170.0,6129.0
2020-03-01,16,Ñuble,NVA,viviendas_autorizadas,unidades,True,302.0,5855.0
2020-04-01,16,Ñuble,NVA,viviendas_autorizadas,unidades,True,197.0,5698.0
2020-05-01,16,Ñuble,NVA,viviendas_autorizadas,unidades,True,470.0,5871.0
2020-06-01,16,Ñuble,NVA,viviendas_autorizadas,unidades,True,488.0,5787.0
2020-07-01,16,Ñuble,NVA,viviendas_autorizadas,unidades,True,480.0,5351.0
2020-08-01,16,Ñuble,NVA,viviendas_autorizadas,unidades,True,410.0,5100.0
2020-09-01,16,Ñuble,NVA,viviendas_autorizadas,unidades,True,394.0,4975.0
2020-10-01,16,Ñuble,NVA,viviendas_autorizadas,unidades,True,419.0,4916.0
2020-11-01,16,Ñuble,NVA,viviendas_autorizadas,unidades,True,503.0,4876.0
2020-12-01,16,Ñuble,NVA,viviendas_autorizadas,unidades,True,382.0,4714.0
2021-01-01,16,Ñuble,NVA,viviendas_autorizadas,unidades,True,528.0,4743.0
2021-02-01,16,Ñuble,NVA,viviendas_autorizadas,unidades,True,199.0,4772.0
2021-03-01,16,Ñuble,NVA,viviendas_autorizadas,unidades,True,257.0,4727.0
2021-04-01,16,Ñuble,NVA,viviendas_autorizadas,unidades,True,496.0,5026.0
2021-05-01,16,Ñuble,NVA,viviendas_autorizadas,unidades,True,919.0,5475.0
2021-06-01,16,Ñuble,NVA,viviendas_autorizadas,unidades,True,160.0,5147.0
2021-07-01,16,Ñuble,NVA,viviendas_autorizadas,unidades,True,250.0,4917.0
2021-08-01,16,Ñuble,NVA,viviendas_autorizadas,unidades,True,906.0,5413.0
2021-09-01,16,Ñuble,NVA,viviendas_autorizadas,unidades,True,499.0,5518.0
2021-10-01,16,Ñuble,NVA,viviendas_autorizadas,unidades,True,224.0,5323.0
2021-11-01,16,Ñuble,NVA,viviendas_autorizadas,unidades,True,525.0,5345.0
2021-12-01,16,Ñuble,NVA,viviendas_autorizadas,unidades,True,509.0,5472.0
2022-01-01,16,Ñuble,NVA,viviendas_autorizadas,unidades,True,575.0,5519.0
2022-02-01,16,Ñuble,NVA,viviendas_autorizadas,unidades,True,208.0,5528.0
2022-03-01,16,Ñuble,NVA,viviendas_autorizadas,unidades,True,491.0,5762.0
2022-04-01,16,Ñuble,NVA,viviendas_autorizadas,unidades,True,1014.0,6280.0
2022-05-01,16,Ñuble,NVA,viviendas_autorizadas,unidades,True,332.0,5693.0
2022-06-01,16,Ñuble,NVA,viviendas_autorizadas,unidades,True,426.0,5959.0
2022-07-01,16,Ñuble,NVA,viviendas_autorizadas,unidades,True,287.0,5996.0
2022-08-01,16,Ñuble,NVA,viviendas_autorizadas,unidades,True,651.0,5741.0
2022-09-01,16,Ñuble,NVA,viviendas_autorizadas,unidades,True,265.0,5507.0
2022-10-01,16,Ñuble,NVA,viviendas_autorizadas,unidades,True,407.0,5690.0
2022-11-01,16,Ñuble,NVA,viviendas_autorizadas,unidades,True,882.0,6047.0
2022-12-01,16,Ñuble,NVA,viviendas_autorizadas,unidades,True,552.0,6090.0
2023-01-01,16,Ñuble,NVA,viviendas_autorizadas,unidades,True,256.0,5771.0
2023-02-01,16,Ñuble,NVA,viviendas_autorizadas,unidades,True,379.0,5942.0
2023-03-01,16,Ñuble,NVA,viviendas_autorizadas,unidades,True,659.0,6110.0
2023-04-01,16,Ñuble,NVA,viviendas_autorizadas,unidades,True,492.0,5588.0
2023-05-01,16,Ñuble,NVA,viviendas_autorizadas,unidades,True,761.0,6017.0
2023-06-01,16,Ñuble,NVA,viviendas_autorizadas,unidades,True,337.0,5928.0
2023-07-01,16,Ñuble,NVA,viviendas_autorizadas,unidades,True,998.0,6639.0
2023-08-01,16,Ñuble,NVA,viviendas_autorizadas,unidades,True,314.0,6302.0
2023-09-01,16,Ñuble,NVA,viviendas_autorizadas,unidades,True,671.0,6708.0
2023-10-01,16,Ñuble,NVA,viviendas_autorizadas,unidades,True,205.0,6506.0
2023-11-01,16,Ñuble,NVA,viviendas_autorizadas,unidades,True,297.0,5921.0
2023-12-01,16,Ñuble,NVA,viviendas_autorizadas,unidades,True,288.0,5657.0
2024-01-01,16,Ñuble,NVA,viviendas_autorizadas,unidades,True,393.0,5794.0
2024-02-01,16,Ñuble,NVA,viviendas_autorizadas,unidades,True,216.0,5631.0
2024-03-01,16,Ñuble,NVA,viviendas_autorizadas,unidades,True,946.0,5918.0
2024-04-01,16,Ñuble,NVA,viviendas_autorizadas,unidades,True,951.0,6377.0
2024-05-01,16,Ñuble,NVA,viviendas_autorizadas,unidades,True,335.0,5951.0
2024-06-01,16,Ñuble,NVA,viviendas_autorizadas,unidades,True,299.0,5913.0
2024-07-01,16,Ñuble,NVA,viviendas_autorizadas,unidades,True,272.0,5187.0
2024-08-01,16,Ñuble,NVA,viviendas_autorizadas,unidades,True,145.0,5018.0
2024-09-01,16,Ñuble,NVA,viviendas_autorizadas,unidades,True,743.0,5090.0
2024-10-01,16,Ñuble,NVA,viviendas_autorizadas,unidades,True,383.0,5268.0
2024-11-01,16,Ñuble,NVA,viviendas_autorizadas,unidades,True,458.0,5429.0
2024-12-01,16,Ñuble,NVA,viviendas_autorizadas,unidades,True,1427.0,6568.0
2025-01-01,16,Ñuble,NVA,viviendas_autorizadas,unidades,True,292.0,6467.0
2025-02-01,16,Ñuble,NVA,viviendas_autorizadas,unidades,True,280.0,6531.0
2025-03-01,16,Ñuble,NVA,viviendas_autorizadas,unidades,True,513.0,6098.0
2025-04-01,16,Ñuble,NVA,viviendas_autorizadas,unidades,True,984.0,6131.0
2025-05-01,16,Ñuble,NVA,viviendas_autorizadas,unidades,True,529.0,6325.0
2025-06-01,16,Ñuble,NVA,viviendas_autorizadas,unidades,True,400.0,6426.0
2025-07-01,16,Ñuble,NVA,viviendas_autorizadas,unidades,True,646.0,6800.0
2025-08-01,16,Ñuble,NVA,viviendas_autorizadas,unidades,True,385.0,7040.0
2025-09-01,16,Ñuble,NVA,viviendas_autorizadas,unidades,True,625.0,6922.0
2025-10-01,16,Ñuble,NVA,viviendas_autorizadas,unidades,True,403.0,6942.0
2025-11-01,16,Ñuble,NVA,viviendas_autorizadas,unidades,True,737.0,7221.0
2025-12-01,16,Ñuble,NVA,viviendas_autorizadas,unidades,True,504.0,6298.0
2026-01-01,16,Ñuble,NVA,viviendas_autorizadas,unidades,True,172.0,6178.0
2026-02-01,16,Ñuble,NVA,viviendas_autorizadas,unidades,True,581.0,6479.0
2026-03-01,16,Ñuble,NVA,viviendas_autorizadas,unidades,True,183.0,6149.0
2026-04-01,16,Ñuble,NVA,viviendas_autorizadas,unidades,True,233.0,5398.0
2026-05-01,16,Ñuble,NVA,viviendas_autorizadas,unidades,True,211.0,5080.0
