date,region_code,region_name,indicador,unidad,valor,unidad_original,dimension,agregacion
2018-01-01,01,Tarapacá,compra_interregional,pesos,116251931931.77,miles de millones de pesos,dinero,total
2018-01-01,01,Tarapacá,compra_intrarregional,pesos,75606198024.5,miles de millones de pesos,dinero,total
2018-01-01,01,Tarapacá,facturas_compra_interregional,unidades,174682.0,miles de unidades,conteo,total
2018-01-01,01,Tarapacá,facturas_venta_interregional,unidades,64684.0,miles de unidades,conteo,total
2018-01-01,01,Tarapacá,venta_interregional,pesos,56251562088.166,miles de millones de pesos,dinero,total
2018-01-01,01,Tarapacá,venta_intrarregional,pesos,75606198024.5,miles de millones de pesos,dinero,total
2018-01-01,02,Antofagasta,compra_interregional,pesos,354125928678.87994,miles de millones de pesos,dinero,total
2018-01-01,02,Antofagasta,compra_intrarregional,pesos,207431824028.0,miles de millones de pesos,dinero,total
2018-01-01,02,Antofagasta,facturas_compra_interregional,unidades,390187.0,miles de unidades,conteo,total
2018-01-01,02,Antofagasta,facturas_venta_interregional,unidades,179975.0,miles de unidades,conteo,total
2018-01-01,02,Antofagasta,venta_interregional,pesos,234845973706.33,miles de millones de pesos,dinero,total
2018-01-01,02,Antofagasta,venta_intrarregional,pesos,207431824028.0,miles de millones de pesos,dinero,total
2018-01-01,03,Atacama,compra_interregional,pesos,109958467363.33,miles de millones de pesos,dinero,total
2018-01-01,03,Atacama,compra_intrarregional,pesos,59546473966.5,miles de millones de pesos,dinero,total
2018-01-01,03,Atacama,facturas_compra_interregional,unidades,210915.0,miles de unidades,conteo,total
2018-01-01,03,Atacama,facturas_venta_interregional,unidades,66248.0,miles de unidades,conteo,total
2018-01-01,03,Atacama,venta_interregional,pesos,76543242202.447,miles de millones de pesos,dinero,total
2018-01-01,03,Atacama,venta_intrarregional,pesos,59546473966.5,miles de millones de pesos,dinero,total
2018-01-01,04,Coquimbo,compra_interregional,pesos,203678665009.89,miles de millones de pesos,dinero,total
2018-01-01,04,Coquimbo,compra_intrarregional,pesos,131810846504.75,miles de millones de pesos,dinero,total
2018-01-01,04,Coquimbo,facturas_compra_interregional,unidades,457488.0,miles de unidades,conteo,total
2018-01-01,04,Coquimbo,facturas_venta_interregional,unidades,164159.0,miles de unidades,conteo,total
2018-01-01,04,Coquimbo,venta_interregional,pesos,126446199261.5,miles de millones de pesos,dinero,total
2018-01-01,04,Coquimbo,venta_intrarregional,pesos,131810846504.75,miles de millones de pesos,dinero,total
2018-01-01,05,Valparaíso,compra_interregional,pesos,544568725690.01996,miles de millones de pesos,dinero,total
2018-01-01,05,Valparaíso,compra_intrarregional,pesos,411939311437.21,miles de millones de pesos,dinero,total
2018-01-01,05,Valparaíso,facturas_compra_interregional,unidades,1172119.0,miles de unidades,conteo,total
2018-01-01,05,Valparaíso,facturas_venta_interregional,unidades,560701.0,miles de unidades,conteo,total
2018-01-01,05,Valparaíso,venta_interregional,pesos,980163452046.5,miles de millones de pesos,dinero,total
2018-01-01,05,Valparaíso,venta_intrarregional,pesos,411939311437.21,miles de millones de pesos,dinero,total
2018-01-01,06,O'Higgins,compra_interregional,pesos,354181673331.25,miles de millones de pesos,dinero,total
2018-01-01,06,O'Higgins,compra_intrarregional,pesos,234952439423.65,miles de millones de pesos,dinero,total
2018-01-01,06,O'Higgins,facturas_compra_interregional,unidades,658994.0,miles de unidades,conteo,total
2018-01-01,06,O'Higgins,facturas_venta_interregional,unidades,220047.0,miles de unidades,conteo,total
2018-01-01,06,O'Higgins,venta_interregional,pesos,239632561502.1,miles de millones de pesos,dinero,total
2018-01-01,06,O'Higgins,venta_intrarregional,pesos,234952439423.65,miles de millones de pesos,dinero,total
2018-01-01,07,Maule,compra_interregional,pesos,296161811806.22,miles de millones de pesos,dinero,total
2018-01-01,07,Maule,compra_intrarregional,pesos,237922913298.69998,miles de millones de pesos,dinero,total
2018-01-01,07,Maule,facturas_compra_interregional,unidades,614178.0,miles de unidades,conteo,total
2018-01-01,07,Maule,facturas_venta_interregional,unidades,494271.0,miles de unidades,conteo,total
2018-01-01,07,Maule,venta_interregional,pesos,253493319056.79,miles de millones de pesos,dinero,total
2018-01-01,07,Maule,venta_intrarregional,pesos,237922913298.69998,miles de millones de pesos,dinero,total
2018-01-01,08,Biobío,compra_interregional,pesos,457527413709.97003,miles de millones de pesos,dinero,total
2018-01-01,08,Biobío,compra_intrarregional,pesos,389046804971.05,miles de millones de pesos,dinero,total
2018-01-01,08,Biobío,facturas_compra_interregional,unidades,938137.0,miles de unidades,conteo,total
2018-01-01,08,Biobío,facturas_venta_interregional,unidades,397103.0,miles de unidades,conteo,total
2018-01-01,08,Biobío,venta_interregional,pesos,517167688829.41003,miles de millones de pesos,dinero,total
2018-01-01,08,Biobío,venta_intrarregional,pesos,389046804971.05,miles de millones de pesos,dinero,total
2018-01-01,09,La Araucanía,compra_interregional,pesos,233881060827.13,miles de millones de pesos,dinero,total
2018-01-01,09,La Araucanía,compra_intrarregional,pesos,184411741528.62997,miles de millones de pesos,dinero,total
2018-01-01,09,La Araucanía,facturas_compra_interregional,unidades,534802.0,miles de unidades,conteo,total
2018-01-01,09,La Araucanía,facturas_venta_interregional,unidades,281380.0,miles de unidades,conteo,total
2018-01-01,09,La Araucanía,venta_interregional,pesos,174318655923.30002,miles de millones de pesos,dinero,total
2018-01-01,09,La Araucanía,venta_intrarregional,pesos,184411741528.62997,miles de millones de pesos,dinero,total
2018-01-01,10,Los Lagos,compra_interregional,pesos,377990363560.89,miles de millones de pesos,dinero,total
2018-01-01,10,Los Lagos,compra_intrarregional,pesos,397669634986.01,miles de millones de pesos,dinero,total
2018-01-01,10,Los Lagos,facturas_compra_interregional,unidades,593314.0,miles de unidades,conteo,total
2018-01-01,10,Los Lagos,facturas_venta_interregional,unidades,300515.0,miles de unidades,conteo,total
2018-01-01,10,Los Lagos,venta_interregional,pesos,216691722099.0,miles de millones de pesos,dinero,total
2018-01-01,10,Los Lagos,venta_intrarregional,pesos,397669634986.01,miles de millones de pesos,dinero,total
2018-01-01,11,Aysén,compra_interregional,pesos,29843879528.083,miles de millones de pesos,dinero,total
2018-01-01,11,Aysén,compra_intrarregional,pesos,19909338792.142002,miles de millones de pesos,dinero,total
2018-01-01,11,Aysén,facturas_compra_interregional,unidades,75407.0,miles de unidades,conteo,total
2018-01-01,11,Aysén,facturas_venta_interregional,unidades,23016.0,miles de unidades,conteo,total
2018-01-01,11,Aysén,venta_interregional,pesos,15518089507.5,miles de millones de pesos,dinero,total
2018-01-01,11,Aysén,venta_intrarregional,pesos,19909338792.142002,miles de millones de pesos,dinero,total
2018-01-01,12,Magallanes,compra_interregional,pesos,64712598807.183,miles de millones de pesos,dinero,total
2018-01-01,12,Magallanes,compra_intrarregional,pesos,66049994616.221,miles de millones de pesos,dinero,total
2018-01-01,12,Magallanes,facturas_compra_interregional,unidades,110193.0,miles de unidades,conteo,total
2018-01-01,12,Magallanes,facturas_venta_interregional,unidades,35031.0,miles de unidades,conteo,total
2018-01-01,12,Magallanes,venta_interregional,pesos,43612698439.428,miles de millones de pesos,dinero,total
2018-01-01,12,Magallanes,venta_intrarregional,pesos,66049994616.221,miles de millones de pesos,dinero,total
2018-01-01,13,Metropolitana de Santiago,compra_interregional,pesos,2774704993798.2,miles de millones de pesos,dinero,total
2018-01-01,13,Metropolitana de Santiago,compra_intrarregional,pesos,10063936263341.0,miles de millones de pesos,dinero,total
2018-01-01,13,Metropolitana de Santiago,facturas_compra_interregional,unidades,2425237.0,miles de unidades,conteo,total
2018-01-01,13,Metropolitana de Santiago,facturas_venta_interregional,unidades,5889895.0,miles de unidades,conteo,total
2018-01-01,13,Metropolitana de Santiago,venta_interregional,pesos,3041220453468.2,miles de millones de pesos,dinero,total
2018-01-01,13,Metropolitana de Santiago,venta_intrarregional,pesos,10063936263341.0,miles de millones de pesos,dinero,total
2018-01-01,14,Los Ríos,compra_interregional,pesos,133853389491.17,miles de millones de pesos,dinero,total
2018-01-01,14,Los Ríos,compra_intrarregional,pesos,66433679870.833,miles de millones de pesos,dinero,total
2018-01-01,14,Los Ríos,facturas_compra_interregional,unidades,312283.0,miles de unidades,conteo,total
2018-01-01,14,Los Ríos,facturas_venta_interregional,unidades,136609.0,miles de unidades,conteo,total
2018-01-01,14,Los Ríos,venta_interregional,pesos,105985143592.0,miles de millones de pesos,dinero,total
2018-01-01,14,Los Ríos,venta_intrarregional,pesos,66433679870.833,miles de millones de pesos,dinero,total
2018-01-01,15,Arica y Parinacota,compra_interregional,pesos,47852137860.0,miles de millones de pesos,dinero,total
2018-01-01,15,Arica y Parinacota,compra_intrarregional,pesos,26565567424.0,miles de millones de pesos,dinero,total
2018-01-01,15,Arica y Parinacota,facturas_compra_interregional,unidades,89422.0,miles de unidades,conteo,total
2018-01-01,15,Arica y Parinacota,facturas_venta_interregional,unidades,39540.0,miles de unidades,conteo,total
2018-01-01,15,Arica y Parinacota,venta_interregional,pesos,22214222339.0,miles de millones de pesos,dinero,total
2018-01-01,15,Arica y Parinacota,venta_intrarregional,pesos,26565567424.0,miles de millones de pesos,dinero,total
2018-01-01,16,Ñuble,compra_interregional,pesos,118781951531.69,miles de millones de pesos,dinero,total
2018-01-01,16,Ñuble,compra_intrarregional,pesos,70218601718.416,miles de millones de pesos,dinero,total
2018-01-01,16,Ñuble,facturas_compra_interregional,unidades,270156.0,miles de unidades,conteo,total
2018-01-01,16,Ñuble,facturas_venta_interregional,unidades,174340.0,miles de unidades,conteo,total
2018-01-01,16,Ñuble,venta_interregional,pesos,113970008864.0,miles de millones de pesos,dinero,total
2018-01-01,16,Ñuble,venta_intrarregional,pesos,70218601718.416,miles de millones de pesos,dinero,total
2018-02-01,01,Tarapacá,compra_interregional,pesos,119995807258.03,miles de millones de pesos,dinero,total
2018-02-01,01,Tarapacá,compra_intrarregional,pesos,74440680075.0,miles de millones de pesos,dinero,total
2018-02-01,01,Tarapacá,facturas_compra_interregional,unidades,165019.0,miles de unidades,conteo,total
2018-02-01,01,Tarapacá,facturas_venta_interregional,unidades,59396.0,miles de unidades,conteo,total
2018-02-01,01,Tarapacá,venta_interregional,pesos,52611632553.88,miles de millones de pesos,dinero,total
2018-02-01,01,Tarapacá,venta_intrarregional,pesos,74440680075.0,miles de millones de pesos,dinero,total
2018-02-01,02,Antofagasta,compra_interregional,pesos,301829182963.86,miles de millones de pesos,dinero,total
2018-02-01,02,Antofagasta,compra_intrarregional,pesos,196745670136.66,miles de millones de pesos,dinero,total
2018-02-01,02,Antofagasta,facturas_compra_interregional,unidades,361548.0,miles de unidades,conteo,total
2018-02-01,02,Antofagasta,facturas_venta_interregional,unidades,162292.0,miles de unidades,conteo,total
2018-02-01,02,Antofagasta,venta_interregional,pesos,237761329532.33,miles de millones de pesos,dinero,total
2018-02-01,02,Antofagasta,venta_intrarregional,pesos,196745670136.66,miles de millones de pesos,dinero,total
2018-02-01,03,Atacama,compra_interregional,pesos,102196946688.95999,miles de millones de pesos,dinero,total
2018-02-01,03,Atacama,compra_intrarregional,pesos,54700370605.0,miles de millones de pesos,dinero,total
2018-02-01,03,Atacama,facturas_compra_interregional,unidades,193573.0,miles de unidades,conteo,total
2018-02-01,03,Atacama,facturas_venta_interregional,unidades,58013.0,miles de unidades,conteo,total
2018-02-01,03,Atacama,venta_interregional,pesos,71917775990.65,miles de millones de pesos,dinero,total
2018-02-01,03,Atacama,venta_intrarregional,pesos,54700370605.0,miles de millones de pesos,dinero,total
2018-02-01,04,Coquimbo,compra_interregional,pesos,189331274841.18,miles de millones de pesos,dinero,total
2018-02-01,04,Coquimbo,compra_intrarregional,pesos,132172248348.00002,miles de millones de pesos,dinero,total
2018-02-01,04,Coquimbo,facturas_compra_interregional,unidades,428577.0,miles de unidades,conteo,total
2018-02-01,04,Coquimbo,facturas_venta_interregional,unidades,149689.0,miles de unidades,conteo,total
2018-02-01,04,Coquimbo,venta_interregional,pesos,123253567521.9,miles de millones de pesos,dinero,total
2018-02-01,04,Coquimbo,venta_intrarregional,pesos,132172248348.00002,miles de millones de pesos,dinero,total
2018-02-01,05,Valparaíso,compra_interregional,pesos,508314820097.65,miles de millones de pesos,dinero,total
2018-02-01,05,Valparaíso,compra_intrarregional,pesos,382834742507.33,miles de millones de pesos,dinero,total
2018-02-01,05,Valparaíso,facturas_compra_interregional,unidades,1073122.0,miles de unidades,conteo,total
2018-02-01,05,Valparaíso,facturas_venta_interregional,unidades,504873.0,miles de unidades,conteo,total
2018-02-01,05,Valparaíso,venta_interregional,pesos,830809212767.01,miles de millones de pesos,dinero,total
2018-02-01,05,Valparaíso,venta_intrarregional,pesos,382834742507.33,miles de millones de pesos,dinero,total
2018-02-01,06,O'Higgins,compra_interregional,pesos,317995730926.07,miles de millones de pesos,dinero,total
2018-02-01,06,O'Higgins,compra_intrarregional,pesos,225361250096.72,miles de millones de pesos,dinero,total
2018-02-01,06,O'Higgins,facturas_compra_interregional,unidades,605611.0,miles de unidades,conteo,total
2018-02-01,06,O'Higgins,facturas_venta_interregional,unidades,199506.0,miles de unidades,conteo,total
2018-02-01,06,O'Higgins,venta_interregional,pesos,249164810305.55,miles de millones de pesos,dinero,total
2018-02-01,06,O'Higgins,venta_intrarregional,pesos,225361250096.72,miles de millones de pesos,dinero,total
2018-02-01,07,Maule,compra_interregional,pesos,280101243389.96,miles de millones de pesos,dinero,total
2018-02-01,07,Maule,compra_intrarregional,pesos,220717648050.13,miles de millones de pesos,dinero,total
2018-02-01,07,Maule,facturas_compra_interregional,unidades,567307.0,miles de unidades,conteo,total
2018-02-01,07,Maule,facturas_venta_interregional,unidades,451035.0,miles de unidades,conteo,total
2018-02-01,07,Maule,venta_interregional,pesos,255874458119.4,miles de millones de pesos,dinero,total
2018-02-01,07,Maule,venta_intrarregional,pesos,220717648050.13,miles de millones de pesos,dinero,total
2018-02-01,08,Biobío,compra_interregional,pesos,425285338528.38,miles de millones de pesos,dinero,total
2018-02-01,08,Biobío,compra_intrarregional,pesos,381933892493.44,miles de millones de pesos,dinero,total
2018-02-01,08,Biobío,facturas_compra_interregional,unidades,861668.0,miles de unidades,conteo,total
2018-02-01,08,Biobío,facturas_venta_interregional,unidades,361677.0,miles de unidades,conteo,total
2018-02-01,08,Biobío,venta_interregional,pesos,486307067553.66,miles de millones de pesos,dinero,total
2018-02-01,08,Biobío,venta_intrarregional,pesos,381933892493.44,miles de millones de pesos,dinero,total
2018-02-01,09,La Araucanía,compra_interregional,pesos,230538993437.97,miles de millones de pesos,dinero,total
2018-02-01,09,La Araucanía,compra_intrarregional,pesos,205431122299.64,miles de millones de pesos,dinero,total
2018-02-01,09,La Araucanía,facturas_compra_interregional,unidades,503768.0,miles de unidades,conteo,total
2018-02-01,09,La Araucanía,facturas_venta_interregional,unidades,266331.0,miles de unidades,conteo,total
2018-02-01,09,La Araucanía,venta_interregional,pesos,198574582960.82,miles de millones de pesos,dinero,total
2018-02-01,09,La Araucanía,venta_intrarregional,pesos,205431122299.64,miles de millones de pesos,dinero,total
2018-02-01,10,Los Lagos,compra_interregional,pesos,370486944103.55,miles de millones de pesos,dinero,total
2018-02-01,10,Los Lagos,compra_intrarregional,pesos,369633084842.83,miles de millones de pesos,dinero,total
2018-02-01,10,Los Lagos,facturas_compra_interregional,unidades,543776.0,miles de unidades,conteo,total
2018-02-01,10,Los Lagos,facturas_venta_interregional,unidades,283926.0,miles de unidades,conteo,total
2018-02-01,10,Los Lagos,venta_interregional,pesos,213908839658.5,miles de millones de pesos,dinero,total
2018-02-01,10,Los Lagos,venta_intrarregional,pesos,369633084842.83,miles de millones de pesos,dinero,total
2018-02-01,11,Aysén,compra_interregional,pesos,32103586422.0,miles de millones de pesos,dinero,total
2018-02-01,11,Aysén,compra_intrarregional,pesos,20413319144.6,miles de millones de pesos,dinero,total
2018-02-01,11,Aysén,facturas_compra_interregional,unidades,70185.0,miles de unidades,conteo,total
2018-02-01,11,Aysén,facturas_venta_interregional,unidades,20931.0,miles de unidades,conteo,total
2018-02-01,11,Aysén,venta_interregional,pesos,15466125210.0,miles de millones de pesos,dinero,total
2018-02-01,11,Aysén,venta_intrarregional,pesos,20413319144.6,miles de millones de pesos,dinero,total
2018-02-01,12,Magallanes,compra_interregional,pesos,60528752257.066,miles de millones de pesos,dinero,total
2018-02-01,12,Magallanes,compra_intrarregional,pesos,66054927594.622,miles de millones de pesos,dinero,total
2018-02-01,12,Magallanes,facturas_compra_interregional,unidades,102478.0,miles de unidades,conteo,total
2018-02-01,12,Magallanes,facturas_venta_interregional,unidades,31797.0,miles de unidades,conteo,total
2018-02-01,12,Magallanes,venta_interregional,pesos,45282509605.968,miles de millones de pesos,dinero,total
2018-02-01,12,Magallanes,venta_intrarregional,pesos,66054927594.622,miles de millones de pesos,dinero,total
2018-02-01,13,Metropolitana de Santiago,compra_interregional,pesos,2580740746662.3,miles de millones de pesos,dinero,total
2018-02-01,13,Metropolitana de Santiago,compra_intrarregional,pesos,9156353819264.398,miles de millones de pesos,dinero,total
2018-02-01,13,Metropolitana de Santiago,facturas_compra_interregional,unidades,2176596.0,miles de unidades,conteo,total
2018-02-01,13,Metropolitana de Santiago,facturas_venta_interregional,unidades,5403006.0,miles de unidades,conteo,total
2018-02-01,13,Metropolitana de Santiago,venta_interregional,pesos,2799302926921.3,miles de millones de pesos,dinero,total
2018-02-01,13,Metropolitana de Santiago,venta_intrarregional,pesos,9156353819264.398,miles de millones de pesos,dinero,total
2018-02-01,14,Los Ríos,compra_interregional,pesos,131524071985.84001,miles de millones de pesos,dinero,total
2018-02-01,14,Los Ríos,compra_intrarregional,pesos,66112966226.0,miles de millones de pesos,dinero,total
2018-02-01,14,Los Ríos,facturas_compra_interregional,unidades,291095.0,miles de unidades,conteo,total
2018-02-01,14,Los Ríos,facturas_venta_interregional,unidades,127414.0,miles de unidades,conteo,total
2018-02-01,14,Los Ríos,venta_interregional,pesos,104002426359.0,miles de millones de pesos,dinero,total
2018-02-01,14,Los Ríos,venta_intrarregional,pesos,66112966226.0,miles de millones de pesos,dinero,total
2018-02-01,15,Arica y Parinacota,compra_interregional,pesos,49231771237.797,miles de millones de pesos,dinero,total
2018-02-01,15,Arica y Parinacota,compra_intrarregional,pesos,24125668032.0,miles de millones de pesos,dinero,total
2018-02-01,15,Arica y Parinacota,facturas_compra_interregional,unidades,82784.0,miles de unidades,conteo,total
2018-02-01,15,Arica y Parinacota,facturas_venta_interregional,unidades,36897.0,miles de unidades,conteo,total
2018-02-01,15,Arica y Parinacota,venta_interregional,pesos,21522117540.0,miles de millones de pesos,dinero,total
2018-02-01,15,Arica y Parinacota,venta_intrarregional,pesos,24125668032.0,miles de millones de pesos,dinero,total
2018-02-01,16,Ñuble,compra_interregional,pesos,111748242985.33,miles de millones de pesos,dinero,total
2018-02-01,16,Ñuble,compra_intrarregional,pesos,69915391607.666,miles de millones de pesos,dinero,total
2018-02-01,16,Ñuble,facturas_compra_interregional,unidades,252836.0,miles de unidades,conteo,total
2018-02-01,16,Ñuble,facturas_venta_interregional,unidades,163160.0,miles de unidades,conteo,total
2018-02-01,16,Ñuble,venta_interregional,pesos,106194071186.0,miles de millones de pesos,dinero,total
2018-02-01,16,Ñuble,venta_intrarregional,pesos,69915391607.666,miles de millones de pesos,dinero,total
2018-03-01,01,Tarapacá,compra_interregional,pesos,118971257541.58,miles de millones de pesos,dinero,total
2018-03-01,01,Tarapacá,compra_intrarregional,pesos,71424381306.0,miles de millones de pesos,dinero,total
2018-03-01,01,Tarapacá,facturas_compra_interregional,unidades,181168.0,miles de unidades,conteo,total
2018-03-01,01,Tarapacá,facturas_venta_interregional,unidades,66132.0,miles de unidades,conteo,total
2018-03-01,01,Tarapacá,venta_interregional,pesos,62788720986.538,miles de millones de pesos,dinero,total
2018-03-01,01,Tarapacá,venta_intrarregional,pesos,71424381306.0,miles de millones de pesos,dinero,total
2018-03-01,02,Antofagasta,compra_interregional,pesos,374262191615.01,miles de millones de pesos,dinero,total
2018-03-01,02,Antofagasta,compra_intrarregional,pesos,209406160268.5,miles de millones de pesos,dinero,total
2018-03-01,02,Antofagasta,facturas_compra_interregional,unidades,407915.0,miles de unidades,conteo,total
2018-03-01,02,Antofagasta,facturas_venta_interregional,unidades,183400.0,miles de unidades,conteo,total
2018-03-01,02,Antofagasta,venta_interregional,pesos,275034080432.75,miles de millones de pesos,dinero,total
2018-03-01,02,Antofagasta,venta_intrarregional,pesos,209406160268.5,miles de millones de pesos,dinero,total
2018-03-01,03,Atacama,compra_interregional,pesos,117575251772.58,miles de millones de pesos,dinero,total
2018-03-01,03,Atacama,compra_intrarregional,pesos,57533156344.633,miles de millones de pesos,dinero,total
2018-03-01,03,Atacama,facturas_compra_interregional,unidades,211996.0,miles de unidades,conteo,total
2018-03-01,03,Atacama,facturas_venta_interregional,unidades,65632.0,miles de unidades,conteo,total
2018-03-01,03,Atacama,venta_interregional,pesos,79947290502.5,miles de millones de pesos,dinero,total
2018-03-01,03,Atacama,venta_intrarregional,pesos,57533156344.633,miles de millones de pesos,dinero,total
2018-03-01,04,Coquimbo,compra_interregional,pesos,213283318878.02,miles de millones de pesos,dinero,total
2018-03-01,04,Coquimbo,compra_intrarregional,pesos,148466162825.0,miles de millones de pesos,dinero,total
2018-03-01,04,Coquimbo,facturas_compra_interregional,unidades,447447.0,miles de unidades,conteo,total
2018-03-01,04,Coquimbo,facturas_venta_interregional,unidades,159731.0,miles de unidades,conteo,total
2018-03-01,04,Coquimbo,venta_interregional,pesos,145087544357.66,miles de millones de pesos,dinero,total
2018-03-01,04,Coquimbo,venta_intrarregional,pesos,148466162825.0,miles de millones de pesos,dinero,total
2018-03-01,05,Valparaíso,compra_interregional,pesos,555405934504.96,miles de millones de pesos,dinero,total
2018-03-01,05,Valparaíso,compra_intrarregional,pesos,422420850907.07,miles de millones de pesos,dinero,total
2018-03-01,05,Valparaíso,facturas_compra_interregional,unidades,1139776.0,miles de unidades,conteo,total
2018-03-01,05,Valparaíso,facturas_venta_interregional,unidades,561235.0,miles de unidades,conteo,total
2018-03-01,05,Valparaíso,venta_interregional,pesos,904740631409.73,miles de millones de pesos,dinero,total
2018-03-01,05,Valparaíso,venta_intrarregional,pesos,422420850907.07,miles de millones de pesos,dinero,total
2018-03-01,06,O'Higgins,compra_interregional,pesos,377498958677.77,miles de millones de pesos,dinero,total
2018-03-01,06,O'Higgins,compra_intrarregional,pesos,255490904339.25,miles de millones de pesos,dinero,total
2018-03-01,06,O'Higgins,facturas_compra_interregional,unidades,655990.0,miles de unidades,conteo,total
2018-03-01,06,O'Higgins,facturas_venta_interregional,unidades,219982.0,miles de unidades,conteo,total
2018-03-01,06,O'Higgins,venta_interregional,pesos,321388442047.14,miles de millones de pesos,dinero,total
2018-03-01,06,O'Higgins,venta_intrarregional,pesos,255490904339.25,miles de millones de pesos,dinero,total
2018-03-01,07,Maule,compra_interregional,pesos,333822732522.04,miles de millones de pesos,dinero,total
2018-03-01,07,Maule,compra_intrarregional,pesos,270171835784.84998,miles de millones de pesos,dinero,total
2018-03-01,07,Maule,facturas_compra_interregional,unidades,624840.0,miles de unidades,conteo,total
2018-03-01,07,Maule,facturas_venta_interregional,unidades,503559.0,miles de unidades,conteo,total
2018-03-01,07,Maule,venta_interregional,pesos,298588619714.62,miles de millones de pesos,dinero,total
2018-03-01,07,Maule,venta_intrarregional,pesos,270171835784.84998,miles de millones de pesos,dinero,total
2018-03-01,08,Biobío,compra_interregional,pesos,474098832847.66,miles de millones de pesos,dinero,total
2018-03-01,08,Biobío,compra_intrarregional,pesos,433355768645.82,miles de millones de pesos,dinero,total
2018-03-01,08,Biobío,facturas_compra_interregional,unidades,972507.0,miles de unidades,conteo,total
2018-03-01,08,Biobío,facturas_venta_interregional,unidades,406726.0,miles de unidades,conteo,total
2018-03-01,08,Biobío,venta_interregional,pesos,542493105683.04,miles de millones de pesos,dinero,total
2018-03-01,08,Biobío,venta_intrarregional,pesos,433355768645.82,miles de millones de pesos,dinero,total
2018-03-01,09,La Araucanía,compra_interregional,pesos,247759038981.65,miles de millones de pesos,dinero,total
2018-03-01,09,La Araucanía,compra_intrarregional,pesos,212787692681.04,miles de millones de pesos,dinero,total
2018-03-01,09,La Araucanía,facturas_compra_interregional,unidades,539144.0,miles de unidades,conteo,total
2018-03-01,09,La Araucanía,facturas_venta_interregional,unidades,274562.0,miles de unidades,conteo,total
2018-03-01,09,La Araucanía,venta_interregional,pesos,197200494502.73,miles de millones de pesos,dinero,total
2018-03-01,09,La Araucanía,venta_intrarregional,pesos,212787692681.04,miles de millones de pesos,dinero,total
2018-03-01,10,Los Lagos,compra_interregional,pesos,433206018168.89,miles de millones de pesos,dinero,total
2018-03-01,10,Los Lagos,compra_intrarregional,pesos,400968309221.09,miles de millones de pesos,dinero,total
2018-03-01,10,Los Lagos,facturas_compra_interregional,unidades,582835.0,miles de unidades,conteo,total
2018-03-01,10,Los Lagos,facturas_venta_interregional,unidades,304964.0,miles de unidades,conteo,total
2018-03-01,10,Los Lagos,venta_interregional,pesos,228390497321.87,miles de millones de pesos,dinero,total
2018-03-01,10,Los Lagos,venta_intrarregional,pesos,400968309221.09,miles de millones de pesos,dinero,total
2018-03-01,11,Aysén,compra_interregional,pesos,31449947891.166,miles de millones de pesos,dinero,total
2018-03-01,11,Aysén,compra_intrarregional,pesos,22960651984.666,miles de millones de pesos,dinero,total
2018-03-01,11,Aysén,facturas_compra_interregional,unidades,74208.0,miles de unidades,conteo,total
2018-03-01,11,Aysén,facturas_venta_interregional,unidades,22384.0,miles de unidades,conteo,total
2018-03-01,11,Aysén,venta_interregional,pesos,16224201030.833,miles de millones de pesos,dinero,total
2018-03-01,11,Aysén,venta_intrarregional,pesos,22960651984.666,miles de millones de pesos,dinero,total
2018-03-01,12,Magallanes,compra_interregional,pesos,70693330820.8,miles de millones de pesos,dinero,total
2018-03-01,12,Magallanes,compra_intrarregional,pesos,66224777847.30501,miles de millones de pesos,dinero,total
2018-03-01,12,Magallanes,facturas_compra_interregional,unidades,111546.0,miles de unidades,conteo,total
2018-03-01,12,Magallanes,facturas_venta_interregional,unidades,34628.0,miles de unidades,conteo,total
2018-03-01,12,Magallanes,venta_interregional,pesos,45464221758.722,miles de millones de pesos,dinero,total
2018-03-01,12,Magallanes,venta_intrarregional,pesos,66224777847.30501,miles de millones de pesos,dinero,total
2018-03-01,13,Metropolitana de Santiago,compra_interregional,pesos,2905240387154.0,miles de millones de pesos,dinero,total
2018-03-01,13,Metropolitana de Santiago,compra_intrarregional,pesos,10780223089872.0,miles de millones de pesos,dinero,total
2018-03-01,13,Metropolitana de Santiago,facturas_compra_interregional,unidades,2443588.0,miles de unidades,conteo,total
2018-03-01,13,Metropolitana de Santiago,facturas_venta_interregional,unidades,5902961.0,miles de unidades,conteo,total
2018-03-01,13,Metropolitana de Santiago,venta_interregional,pesos,3202841739344.1,miles de millones de pesos,dinero,total
2018-03-01,13,Metropolitana de Santiago,venta_intrarregional,pesos,10780223089872.0,miles de millones de pesos,dinero,total
2018-03-01,14,Los Ríos,compra_interregional,pesos,139373889466.5,miles de millones de pesos,dinero,total
2018-03-01,14,Los Ríos,compra_intrarregional,pesos,69005040616.0,miles de millones de pesos,dinero,total
2018-03-01,14,Los Ríos,facturas_compra_interregional,unidades,301439.0,miles de unidades,conteo,total
2018-03-01,14,Los Ríos,facturas_venta_interregional,unidades,134489.0,miles de unidades,conteo,total
2018-03-01,14,Los Ríos,venta_interregional,pesos,115938474637.81,miles de millones de pesos,dinero,total
2018-03-01,14,Los Ríos,venta_intrarregional,pesos,69005040616.0,miles de millones de pesos,dinero,total
2018-03-01,15,Arica y Parinacota,compra_interregional,pesos,53660492792.5,miles de millones de pesos,dinero,total
2018-03-01,15,Arica y Parinacota,compra_intrarregional,pesos,26655861013.0,miles de millones de pesos,dinero,total
2018-03-01,15,Arica y Parinacota,facturas_compra_interregional,unidades,92832.0,miles de unidades,conteo,total
2018-03-01,15,Arica y Parinacota,facturas_venta_interregional,unidades,43784.0,miles de unidades,conteo,total
2018-03-01,15,Arica y Parinacota,venta_interregional,pesos,25362479561.0,miles de millones de pesos,dinero,total
2018-03-01,15,Arica y Parinacota,venta_intrarregional,pesos,26655861013.0,miles de millones de pesos,dinero,total
2018-03-01,16,Ñuble,compra_interregional,pesos,125553087236.92001,miles de millones de pesos,dinero,total
2018-03-01,16,Ñuble,compra_intrarregional,pesos,70771562012.83301,miles de millones de pesos,dinero,total
2018-03-01,16,Ñuble,facturas_compra_interregional,unidades,276289.0,miles de unidades,conteo,total
2018-03-01,16,Ñuble,facturas_venta_interregional,unidades,179351.0,miles de unidades,conteo,total
2018-03-01,16,Ñuble,venta_interregional,pesos,110364127581.03,miles de millones de pesos,dinero,total
2018-03-01,16,Ñuble,venta_intrarregional,pesos,70771562012.83301,miles de millones de pesos,dinero,total
2018-04-01,01,Tarapacá,compra_interregional,pesos,121914232514.34,miles de millones de pesos,dinero,total
2018-04-01,01,Tarapacá,compra_intrarregional,pesos,72421548184.5,miles de millones de pesos,dinero,total
2018-04-01,01,Tarapacá,facturas_compra_interregional,unidades,177687.0,miles de unidades,conteo,total
2018-04-01,01,Tarapacá,facturas_venta_interregional,unidades,65914.0,miles de unidades,conteo,total
2018-04-01,01,Tarapacá,venta_interregional,pesos,60319505761.5,miles de millones de pesos,dinero,total
2018-04-01,01,Tarapacá,venta_intrarregional,pesos,72421548184.5,miles de millones de pesos,dinero,total
2018-04-01,02,Antofagasta,compra_interregional,pesos,339294350464.37,miles de millones de pesos,dinero,total
2018-04-01,02,Antofagasta,compra_intrarregional,pesos,199390219342.11,miles de millones de pesos,dinero,total
2018-04-01,02,Antofagasta,facturas_compra_interregional,unidades,409976.0,miles de unidades,conteo,total
2018-04-01,02,Antofagasta,facturas_venta_interregional,unidades,181101.0,miles de unidades,conteo,total
2018-04-01,02,Antofagasta,venta_interregional,pesos,287425962656.02997,miles de millones de pesos,dinero,total
2018-04-01,02,Antofagasta,venta_intrarregional,pesos,199390219342.11,miles de millones de pesos,dinero,total
2018-04-01,03,Atacama,compra_interregional,pesos,111477615644.95999,miles de millones de pesos,dinero,total
2018-04-01,03,Atacama,compra_intrarregional,pesos,54774006202.0,miles de millones de pesos,dinero,total
2018-04-01,03,Atacama,facturas_compra_interregional,unidades,209858.0,miles de unidades,conteo,total
2018-04-01,03,Atacama,facturas_venta_interregional,unidades,64446.0,miles de unidades,conteo,total
2018-04-01,03,Atacama,venta_interregional,pesos,81162187064.355,miles de millones de pesos,dinero,total
2018-04-01,03,Atacama,venta_intrarregional,pesos,54774006202.0,miles de millones de pesos,dinero,total
2018-04-01,04,Coquimbo,compra_interregional,pesos,200438750122.87,miles de millones de pesos,dinero,total
2018-04-01,04,Coquimbo,compra_intrarregional,pesos,141272442447.0,miles de millones de pesos,dinero,total
2018-04-01,04,Coquimbo,facturas_compra_interregional,unidades,442337.0,miles de unidades,conteo,total
2018-04-01,04,Coquimbo,facturas_venta_interregional,unidades,155280.0,miles de unidades,conteo,total
2018-04-01,04,Coquimbo,venta_interregional,pesos,136829247551.00002,miles de millones de pesos,dinero,total
2018-04-01,04,Coquimbo,venta_intrarregional,pesos,141272442447.0,miles de millones de pesos,dinero,total
2018-04-01,05,Valparaíso,compra_interregional,pesos,563116079257.45,miles de millones de pesos,dinero,total
2018-04-01,05,Valparaíso,compra_intrarregional,pesos,403189431475.08,miles de millones de pesos,dinero,total
2018-04-01,05,Valparaíso,facturas_compra_interregional,unidades,1124253.0,miles de unidades,conteo,total
2018-04-01,05,Valparaíso,facturas_venta_interregional,unidades,547483.0,miles de unidades,conteo,total
2018-04-01,05,Valparaíso,venta_interregional,pesos,897400613126.11,miles de millones de pesos,dinero,total
2018-04-01,05,Valparaíso,venta_intrarregional,pesos,403189431475.08,miles de millones de pesos,dinero,total
2018-04-01,06,O'Higgins,compra_interregional,pesos,374743547578.61,miles de millones de pesos,dinero,total
2018-04-01,06,O'Higgins,compra_intrarregional,pesos,277338080805.26,miles de millones de pesos,dinero,total
2018-04-01,06,O'Higgins,facturas_compra_interregional,unidades,641038.0,miles de unidades,conteo,total
2018-04-01,06,O'Higgins,facturas_venta_interregional,unidades,215439.0,miles de unidades,conteo,total
2018-04-01,06,O'Higgins,venta_interregional,pesos,300467690707.16,miles de millones de pesos,dinero,total
2018-04-01,06,O'Higgins,venta_intrarregional,pesos,277338080805.26,miles de millones de pesos,dinero,total
2018-04-01,07,Maule,compra_interregional,pesos,344908624591.69,miles de millones de pesos,dinero,total
2018-04-01,07,Maule,compra_intrarregional,pesos,291503667480.74,miles de millones de pesos,dinero,total
2018-04-01,07,Maule,facturas_compra_interregional,unidades,614041.0,miles de unidades,conteo,total
2018-04-01,07,Maule,facturas_venta_interregional,unidades,496194.0,miles de unidades,conteo,total
2018-04-01,07,Maule,venta_interregional,pesos,302607562715.86,miles de millones de pesos,dinero,total
2018-04-01,07,Maule,venta_intrarregional,pesos,291503667480.74,miles de millones de pesos,dinero,total
2018-04-01,08,Biobío,compra_interregional,pesos,470588348745.2,miles de millones de pesos,dinero,total
2018-04-01,08,Biobío,compra_intrarregional,pesos,422832078597.58,miles de millones de pesos,dinero,total
2018-04-01,08,Biobío,facturas_compra_interregional,unidades,952560.0,miles de unidades,conteo,total
2018-04-01,08,Biobío,facturas_venta_interregional,unidades,404044.0,miles de unidades,conteo,total
2018-04-01,08,Biobío,venta_interregional,pesos,563252437942.22,miles de millones de pesos,dinero,total
2018-04-01,08,Biobío,venta_intrarregional,pesos,422832078597.58,miles de millones de pesos,dinero,total
2018-04-01,09,La Araucanía,compra_interregional,pesos,224328834408.45,miles de millones de pesos,dinero,total
2018-04-01,09,La Araucanía,compra_intrarregional,pesos,205538815344.32,miles de millones de pesos,dinero,total
2018-04-01,09,La Araucanía,facturas_compra_interregional,unidades,527668.0,miles de unidades,conteo,total
2018-04-01,09,La Araucanía,facturas_venta_interregional,unidades,267691.0,miles de unidades,conteo,total
2018-04-01,09,La Araucanía,venta_interregional,pesos,196917257060.92,miles de millones de pesos,dinero,total
2018-04-01,09,La Araucanía,venta_intrarregional,pesos,205538815344.32,miles de millones de pesos,dinero,total
2018-04-01,10,Los Lagos,compra_interregional,pesos,413081917314.93994,miles de millones de pesos,dinero,total
2018-04-01,10,Los Lagos,compra_intrarregional,pesos,394430633445.61,miles de millones de pesos,dinero,total
2018-04-01,10,Los Lagos,facturas_compra_interregional,unidades,572296.0,miles de unidades,conteo,total
2018-04-01,10,Los Lagos,facturas_venta_interregional,unidades,302809.0,miles de unidades,conteo,total
2018-04-01,10,Los Lagos,venta_interregional,pesos,223882075216.16,miles de millones de pesos,dinero,total
2018-04-01,10,Los Lagos,venta_intrarregional,pesos,394430633445.61,miles de millones de pesos,dinero,total
2018-04-01,11,Aysén,compra_interregional,pesos,31640530714.333,miles de millones de pesos,dinero,total
2018-04-01,11,Aysén,compra_intrarregional,pesos,23892332057.0,miles de millones de pesos,dinero,total
2018-04-01,11,Aysén,facturas_compra_interregional,unidades,72152.0,miles de unidades,conteo,total
2018-04-01,11,Aysén,facturas_venta_interregional,unidades,21892.0,miles de unidades,conteo,total
2018-04-01,11,Aysén,venta_interregional,pesos,16658196895.857,miles de millones de pesos,dinero,total
2018-04-01,11,Aysén,venta_intrarregional,pesos,23892332057.0,miles de millones de pesos,dinero,total
2018-04-01,12,Magallanes,compra_interregional,pesos,66989066072.49999,miles de millones de pesos,dinero,total
2018-04-01,12,Magallanes,compra_intrarregional,pesos,64851732067.366,miles de millones de pesos,dinero,total
2018-04-01,12,Magallanes,facturas_compra_interregional,unidades,108867.0,miles de unidades,conteo,total
2018-04-01,12,Magallanes,facturas_venta_interregional,unidades,32143.0,miles de unidades,conteo,total
2018-04-01,12,Magallanes,venta_interregional,pesos,49975137417.718994,miles de millones de pesos,dinero,total
2018-04-01,12,Magallanes,venta_intrarregional,pesos,64851732067.366,miles de millones de pesos,dinero,total
2018-04-01,13,Metropolitana de Santiago,compra_interregional,pesos,2925466986872.0,miles de millones de pesos,dinero,total
2018-04-01,13,Metropolitana de Santiago,compra_intrarregional,pesos,10477221630782.0,miles de millones de pesos,dinero,total
2018-04-01,13,Metropolitana de Santiago,facturas_compra_interregional,unidades,2399493.0,miles de unidades,conteo,total
2018-04-01,13,Metropolitana de Santiago,facturas_venta_interregional,unidades,5806121.0,miles de unidades,conteo,total
2018-04-01,13,Metropolitana de Santiago,venta_interregional,pesos,3131188579068.8003,miles de millones de pesos,dinero,total
2018-04-01,13,Metropolitana de Santiago,venta_intrarregional,pesos,10477221630782.0,miles de millones de pesos,dinero,total
2018-04-01,14,Los Ríos,compra_interregional,pesos,138703833438.71,miles de millones de pesos,dinero,total
2018-04-01,14,Los Ríos,compra_intrarregional,pesos,66953863414.0,miles de millones de pesos,dinero,total
2018-04-01,14,Los Ríos,facturas_compra_interregional,unidades,294212.0,miles de unidades,conteo,total
2018-04-01,14,Los Ríos,facturas_venta_interregional,unidades,132594.0,miles de unidades,conteo,total
2018-04-01,14,Los Ríos,venta_interregional,pesos,115862516681.0,miles de millones de pesos,dinero,total
2018-04-01,14,Los Ríos,venta_intrarregional,pesos,66953863414.0,miles de millones de pesos,dinero,total
2018-04-01,15,Arica y Parinacota,compra_interregional,pesos,48250077119.6,miles de millones de pesos,dinero,total
2018-04-01,15,Arica y Parinacota,compra_intrarregional,pesos,27334655790.5,miles de millones de pesos,dinero,total
2018-04-01,15,Arica y Parinacota,facturas_compra_interregional,unidades,92988.0,miles de unidades,conteo,total
2018-04-01,15,Arica y Parinacota,facturas_venta_interregional,unidades,42352.0,miles de unidades,conteo,total
2018-04-01,15,Arica y Parinacota,venta_interregional,pesos,24696684180.0,miles de millones de pesos,dinero,total
2018-04-01,15,Arica y Parinacota,venta_intrarregional,pesos,27334655790.5,miles de millones de pesos,dinero,total
2018-04-01,16,Ñuble,compra_interregional,pesos,124110836955.56,miles de millones de pesos,dinero,total
2018-04-01,16,Ñuble,compra_intrarregional,pesos,74674914853.5,miles de millones de pesos,dinero,total
2018-04-01,16,Ñuble,facturas_compra_interregional,unidades,272098.0,miles de unidades,conteo,total
2018-04-01,16,Ñuble,facturas_venta_interregional,unidades,176021.0,miles de unidades,conteo,total
2018-04-01,16,Ñuble,venta_interregional,pesos,110407977771.0,miles de millones de pesos,dinero,total
2018-04-01,16,Ñuble,venta_intrarregional,pesos,74674914853.5,miles de millones de pesos,dinero,total
2018-05-01,01,Tarapacá,compra_interregional,pesos,129084479417.44,miles de millones de pesos,dinero,total
2018-05-01,01,Tarapacá,compra_intrarregional,pesos,80126707039.09999,miles de millones de pesos,dinero,total
2018-05-01,01,Tarapacá,facturas_compra_interregional,unidades,183726.0,miles de unidades,conteo,total
2018-05-01,01,Tarapacá,facturas_venta_interregional,unidades,67890.0,miles de unidades,conteo,total
2018-05-01,01,Tarapacá,venta_interregional,pesos,62124280365.5,miles de millones de pesos,dinero,total
2018-05-01,01,Tarapacá,venta_intrarregional,pesos,80126707039.09999,miles de millones de pesos,dinero,total
2018-05-01,02,Antofagasta,compra_interregional,pesos,359660445065.06,miles de millones de pesos,dinero,total
2018-05-01,02,Antofagasta,compra_intrarregional,pesos,228466120567.0,miles de millones de pesos,dinero,total
2018-05-01,02,Antofagasta,facturas_compra_interregional,unidades,418733.0,miles de unidades,conteo,total
2018-05-01,02,Antofagasta,facturas_venta_interregional,unidades,190853.0,miles de unidades,conteo,total
2018-05-01,02,Antofagasta,venta_interregional,pesos,297102844916.73004,miles de millones de pesos,dinero,total
2018-05-01,02,Antofagasta,venta_intrarregional,pesos,228466120567.0,miles de millones de pesos,dinero,total
2018-05-01,03,Atacama,compra_interregional,pesos,115823462392.40999,miles de millones de pesos,dinero,total
2018-05-01,03,Atacama,compra_intrarregional,pesos,59171560479.5,miles de millones de pesos,dinero,total
2018-05-01,03,Atacama,facturas_compra_interregional,unidades,214526.0,miles de unidades,conteo,total
2018-05-01,03,Atacama,facturas_venta_interregional,unidades,67868.0,miles de unidades,conteo,total
2018-05-01,03,Atacama,venta_interregional,pesos,81621518117.952,miles de millones de pesos,dinero,total
2018-05-01,03,Atacama,venta_intrarregional,pesos,59171560479.5,miles de millones de pesos,dinero,total
2018-05-01,04,Coquimbo,compra_interregional,pesos,211858429147.02,miles de millones de pesos,dinero,total
2018-05-01,04,Coquimbo,compra_intrarregional,pesos,142080400302.5,miles de millones de pesos,dinero,total
2018-05-01,04,Coquimbo,facturas_compra_interregional,unidades,453762.0,miles de unidades,conteo,total
2018-05-01,04,Coquimbo,facturas_venta_interregional,unidades,161017.0,miles de unidades,conteo,total
2018-05-01,04,Coquimbo,venta_interregional,pesos,145676564191.66,miles de millones de pesos,dinero,total
2018-05-01,04,Coquimbo,venta_intrarregional,pesos,142080400302.5,miles de millones de pesos,dinero,total
2018-05-01,05,Valparaíso,compra_interregional,pesos,568096532598.33,miles de millones de pesos,dinero,total
2018-05-01,05,Valparaíso,compra_intrarregional,pesos,396883530960.38995,miles de millones de pesos,dinero,total
2018-05-01,05,Valparaíso,facturas_compra_interregional,unidades,1146267.0,miles de unidades,conteo,total
2018-05-01,05,Valparaíso,facturas_venta_interregional,unidades,557467.0,miles de unidades,conteo,total
2018-05-01,05,Valparaíso,venta_interregional,pesos,943102552746.05,miles de millones de pesos,dinero,total
2018-05-01,05,Valparaíso,venta_intrarregional,pesos,396883530960.38995,miles de millones de pesos,dinero,total
2018-05-01,06,O'Higgins,compra_interregional,pesos,382182972037.02,miles de millones de pesos,dinero,total
2018-05-01,06,O'Higgins,compra_intrarregional,pesos,262781710248.12003,miles de millones de pesos,dinero,total
2018-05-01,06,O'Higgins,facturas_compra_interregional,unidades,651106.0,miles de unidades,conteo,total
2018-05-01,06,O'Higgins,facturas_venta_interregional,unidades,214360.0,miles de unidades,conteo,total
2018-05-01,06,O'Higgins,venta_interregional,pesos,275622470187.08,miles de millones de pesos,dinero,total
2018-05-01,06,O'Higgins,venta_intrarregional,pesos,262781710248.12003,miles de millones de pesos,dinero,total
2018-05-01,07,Maule,compra_interregional,pesos,315831146759.17,miles de millones de pesos,dinero,total
2018-05-01,07,Maule,compra_intrarregional,pesos,285009627172.29,miles de millones de pesos,dinero,total
2018-05-01,07,Maule,facturas_compra_interregional,unidades,618142.0,miles de unidades,conteo,total
2018-05-01,07,Maule,facturas_venta_interregional,unidades,507553.0,miles de unidades,conteo,total
2018-05-01,07,Maule,venta_interregional,pesos,302503433404.29,miles de millones de pesos,dinero,total
2018-05-01,07,Maule,venta_intrarregional,pesos,285009627172.29,miles de millones de pesos,dinero,total
2018-05-01,08,Biobío,compra_interregional,pesos,486387336515.95996,miles de millones de pesos,dinero,total
2018-05-01,08,Biobío,compra_intrarregional,pesos,436766454681.75,miles de millones de pesos,dinero,total
2018-05-01,08,Biobío,facturas_compra_interregional,unidades,964288.0,miles de unidades,conteo,total
2018-05-01,08,Biobío,facturas_venta_interregional,unidades,405970.0,miles de unidades,conteo,total
2018-05-01,08,Biobío,venta_interregional,pesos,576849793077.4401,miles de millones de pesos,dinero,total
2018-05-01,08,Biobío,venta_intrarregional,pesos,436766454681.75,miles de millones de pesos,dinero,total
2018-05-01,09,La Araucanía,compra_interregional,pesos,231311206360.55,miles de millones de pesos,dinero,total
2018-05-01,09,La Araucanía,compra_intrarregional,pesos,196872783859.17,miles de millones de pesos,dinero,total
2018-05-01,09,La Araucanía,facturas_compra_interregional,unidades,533070.0,miles de unidades,conteo,total
2018-05-01,09,La Araucanía,facturas_venta_interregional,unidades,271679.0,miles de unidades,conteo,total
2018-05-01,09,La Araucanía,venta_interregional,pesos,197354985290.86,miles de millones de pesos,dinero,total
2018-05-01,09,La Araucanía,venta_intrarregional,pesos,196872783859.17,miles de millones de pesos,dinero,total
2018-05-01,10,Los Lagos,compra_interregional,pesos,447805339102.33997,miles de millones de pesos,dinero,total
2018-05-01,10,Los Lagos,compra_intrarregional,pesos,399995962406.83,miles de millones de pesos,dinero,total
2018-05-01,10,Los Lagos,facturas_compra_interregional,unidades,580626.0,miles de unidades,conteo,total
2018-05-01,10,Los Lagos,facturas_venta_interregional,unidades,302556.0,miles de unidades,conteo,total
2018-05-01,10,Los Lagos,venta_interregional,pesos,237124106829.39,miles de millones de pesos,dinero,total
2018-05-01,10,Los Lagos,venta_intrarregional,pesos,399995962406.83,miles de millones de pesos,dinero,total
2018-05-01,11,Aysén,compra_interregional,pesos,35673957470.66599,miles de millones de pesos,dinero,total
2018-05-01,11,Aysén,compra_intrarregional,pesos,23726306701.0,miles de millones de pesos,dinero,total
2018-05-01,11,Aysén,facturas_compra_interregional,unidades,73242.0,miles de unidades,conteo,total
2018-05-01,11,Aysén,facturas_venta_interregional,unidades,21755.0,miles de unidades,conteo,total
2018-05-01,11,Aysén,venta_interregional,pesos,16574415226.666002,miles de millones de pesos,dinero,total
2018-05-01,11,Aysén,venta_intrarregional,pesos,23726306701.0,miles de millones de pesos,dinero,total
2018-05-01,12,Magallanes,compra_interregional,pesos,73694150119.916,miles de millones de pesos,dinero,total
2018-05-01,12,Magallanes,compra_intrarregional,pesos,67141536848.142,miles de millones de pesos,dinero,total
2018-05-01,12,Magallanes,facturas_compra_interregional,unidades,111390.0,miles de unidades,conteo,total
2018-05-01,12,Magallanes,facturas_venta_interregional,unidades,31933.0,miles de unidades,conteo,total
2018-05-01,12,Magallanes,venta_interregional,pesos,50515328057.225,miles de millones de pesos,dinero,total
2018-05-01,12,Magallanes,venta_intrarregional,pesos,67141536848.142,miles de millones de pesos,dinero,total
2018-05-01,13,Metropolitana de Santiago,compra_interregional,pesos,2993767904467.4,miles de millones de pesos,dinero,total
2018-05-01,13,Metropolitana de Santiago,compra_intrarregional,pesos,10826040929241.0,miles de millones de pesos,dinero,total
2018-05-01,13,Metropolitana de Santiago,facturas_compra_interregional,unidades,2423789.0,miles de unidades,conteo,total
2018-05-01,13,Metropolitana de Santiago,facturas_venta_interregional,unidades,5877999.0,miles de unidades,conteo,total
2018-05-01,13,Metropolitana de Santiago,venta_interregional,pesos,3214993846117.3003,miles de millones de pesos,dinero,total
2018-05-01,13,Metropolitana de Santiago,venta_intrarregional,pesos,10826040929241.0,miles de millones de pesos,dinero,total
2018-05-01,14,Los Ríos,compra_interregional,pesos,135841922151.19,miles de millones de pesos,dinero,total
2018-05-01,14,Los Ríos,compra_intrarregional,pesos,69305439844.0,miles de millones de pesos,dinero,total
2018-05-01,14,Los Ríos,facturas_compra_interregional,unidades,297222.0,miles de unidades,conteo,total
2018-05-01,14,Los Ríos,facturas_venta_interregional,unidades,135868.0,miles de unidades,conteo,total
2018-05-01,14,Los Ríos,venta_interregional,pesos,126240997105.77,miles de millones de pesos,dinero,total
2018-05-01,14,Los Ríos,venta_intrarregional,pesos,69305439844.0,miles de millones de pesos,dinero,total
2018-05-01,15,Arica y Parinacota,compra_interregional,pesos,50943548784.666,miles de millones de pesos,dinero,total
2018-05-01,15,Arica y Parinacota,compra_intrarregional,pesos,27680132066.928,miles de millones de pesos,dinero,total
2018-05-01,15,Arica y Parinacota,facturas_compra_interregional,unidades,93174.0,miles de unidades,conteo,total
2018-05-01,15,Arica y Parinacota,facturas_venta_interregional,unidades,43970.0,miles de unidades,conteo,total
2018-05-01,15,Arica y Parinacota,venta_interregional,pesos,25703177182.0,miles de millones de pesos,dinero,total
2018-05-01,15,Arica y Parinacota,venta_intrarregional,pesos,27680132066.928,miles de millones de pesos,dinero,total
2018-05-01,16,Ñuble,compra_interregional,pesos,124113568847.72,miles de millones de pesos,dinero,total
2018-05-01,16,Ñuble,compra_intrarregional,pesos,81908521562.666,miles de millones de pesos,dinero,total
2018-05-01,16,Ñuble,facturas_compra_interregional,unidades,273173.0,miles de unidades,conteo,total
2018-05-01,16,Ñuble,facturas_venta_interregional,unidades,177498.0,miles de unidades,conteo,total
2018-05-01,16,Ñuble,venta_interregional,pesos,108966088421.0,miles de millones de pesos,dinero,total
2018-05-01,16,Ñuble,venta_intrarregional,pesos,81908521562.666,miles de millones de pesos,dinero,total
2018-06-01,01,Tarapacá,compra_interregional,pesos,136760927225.35,miles de millones de pesos,dinero,total
2018-06-01,01,Tarapacá,compra_intrarregional,pesos,73556257882.0,miles de millones de pesos,dinero,total
2018-06-01,01,Tarapacá,facturas_compra_interregional,unidades,186556.0,miles de unidades,conteo,total
2018-06-01,01,Tarapacá,facturas_venta_interregional,unidades,66166.0,miles de unidades,conteo,total
2018-06-01,01,Tarapacá,venta_interregional,pesos,56365779650.8,miles de millones de pesos,dinero,total
2018-06-01,01,Tarapacá,venta_intrarregional,pesos,73556257882.0,miles de millones de pesos,dinero,total
2018-06-01,02,Antofagasta,compra_interregional,pesos,390222246964.2,miles de millones de pesos,dinero,total
2018-06-01,02,Antofagasta,compra_intrarregional,pesos,214933892809.0,miles de millones de pesos,dinero,total
2018-06-01,02,Antofagasta,facturas_compra_interregional,unidades,414020.0,miles de unidades,conteo,total
2018-06-01,02,Antofagasta,facturas_venta_interregional,unidades,191798.0,miles de unidades,conteo,total
2018-06-01,02,Antofagasta,venta_interregional,pesos,309130980489.0,miles de millones de pesos,dinero,total
2018-06-01,02,Antofagasta,venta_intrarregional,pesos,214933892809.0,miles de millones de pesos,dinero,total
2018-06-01,03,Atacama,compra_interregional,pesos,124245190122.40999,miles de millones de pesos,dinero,total
2018-06-01,03,Atacama,compra_intrarregional,pesos,57373056865.5,miles de millones de pesos,dinero,total
2018-06-01,03,Atacama,facturas_compra_interregional,unidades,211268.0,miles de unidades,conteo,total
2018-06-01,03,Atacama,facturas_venta_interregional,unidades,68370.0,miles de unidades,conteo,total
2018-06-01,03,Atacama,venta_interregional,pesos,78939159008.0,miles de millones de pesos,dinero,total
2018-06-01,03,Atacama,venta_intrarregional,pesos,57373056865.5,miles de millones de pesos,dinero,total
2018-06-01,04,Coquimbo,compra_interregional,pesos,193206007711.72998,miles de millones de pesos,dinero,total
2018-06-01,04,Coquimbo,compra_intrarregional,pesos,137544010574.5,miles de millones de pesos,dinero,total
2018-06-01,04,Coquimbo,facturas_compra_interregional,unidades,442947.0,miles de unidades,conteo,total
2018-06-01,04,Coquimbo,facturas_venta_interregional,unidades,159328.0,miles de unidades,conteo,total
2018-06-01,04,Coquimbo,venta_interregional,pesos,128180111449.19,miles de millones de pesos,dinero,total
2018-06-01,04,Coquimbo,venta_intrarregional,pesos,137544010574.5,miles de millones de pesos,dinero,total
2018-06-01,05,Valparaíso,compra_interregional,pesos,543366550880.52997,miles de millones de pesos,dinero,total
2018-06-01,05,Valparaíso,compra_intrarregional,pesos,373098453495.69,miles de millones de pesos,dinero,total
2018-06-01,05,Valparaíso,facturas_compra_interregional,unidades,1117482.0,miles de unidades,conteo,total
2018-06-01,05,Valparaíso,facturas_venta_interregional,unidades,544018.0,miles de unidades,conteo,total
2018-06-01,05,Valparaíso,venta_interregional,pesos,923712910273.3,miles de millones de pesos,dinero,total
2018-06-01,05,Valparaíso,venta_intrarregional,pesos,373098453495.69,miles de millones de pesos,dinero,total
2018-06-01,06,O'Higgins,compra_interregional,pesos,344815792217.72003,miles de millones de pesos,dinero,total
2018-06-01,06,O'Higgins,compra_intrarregional,pesos,224021222279.59,miles de millones de pesos,dinero,total
2018-06-01,06,O'Higgins,facturas_compra_interregional,unidades,625150.0,miles de unidades,conteo,total
2018-06-01,06,O'Higgins,facturas_venta_interregional,unidades,209284.0,miles de unidades,conteo,total
2018-06-01,06,O'Higgins,venta_interregional,pesos,248372308174.13,miles de millones de pesos,dinero,total
2018-06-01,06,O'Higgins,venta_intrarregional,pesos,224021222279.59,miles de millones de pesos,dinero,total
2018-06-01,07,Maule,compra_interregional,pesos,299143911391.46,miles de millones de pesos,dinero,total
2018-06-01,07,Maule,compra_intrarregional,pesos,248170705333.49,miles de millones de pesos,dinero,total
2018-06-01,07,Maule,facturas_compra_interregional,unidades,592830.0,miles de unidades,conteo,total
2018-06-01,07,Maule,facturas_venta_interregional,unidades,490935.0,miles de unidades,conteo,total
2018-06-01,07,Maule,venta_interregional,pesos,276742724920.94,miles de millones de pesos,dinero,total
2018-06-01,07,Maule,venta_intrarregional,pesos,248170705333.49,miles de millones de pesos,dinero,total
2018-06-01,08,Biobío,compra_interregional,pesos,472544484859.14,miles de millones de pesos,dinero,total
2018-06-01,08,Biobío,compra_intrarregional,pesos,418537681660.87,miles de millones de pesos,dinero,total
2018-06-01,08,Biobío,facturas_compra_interregional,unidades,938690.0,miles de unidades,conteo,total
2018-06-01,08,Biobío,facturas_venta_interregional,unidades,391373.0,miles de unidades,conteo,total
2018-06-01,08,Biobío,venta_interregional,pesos,546981668595.95996,miles de millones de pesos,dinero,total
2018-06-01,08,Biobío,venta_intrarregional,pesos,418537681660.87,miles de millones de pesos,dinero,total
2018-06-01,09,La Araucanía,compra_interregional,pesos,221836926858.97,miles de millones de pesos,dinero,total
2018-06-01,09,La Araucanía,compra_intrarregional,pesos,176081544870.03,miles de millones de pesos,dinero,total
2018-06-01,09,La Araucanía,facturas_compra_interregional,unidades,511784.0,miles de unidades,conteo,total
2018-06-01,09,La Araucanía,facturas_venta_interregional,unidades,257298.99999999997,miles de unidades,conteo,total
2018-06-01,09,La Araucanía,venta_interregional,pesos,190474495751.91998,miles de millones de pesos,dinero,total
2018-06-01,09,La Araucanía,venta_intrarregional,pesos,176081544870.03,miles de millones de pesos,dinero,total
2018-06-01,10,Los Lagos,compra_interregional,pesos,414504703243.26,miles de millones de pesos,dinero,total
2018-06-01,10,Los Lagos,compra_intrarregional,pesos,387750364485.83,miles de millones de pesos,dinero,total
2018-06-01,10,Los Lagos,facturas_compra_interregional,unidades,562479.0,miles de unidades,conteo,total
2018-06-01,10,Los Lagos,facturas_venta_interregional,unidades,286395.0,miles de unidades,conteo,total
2018-06-01,10,Los Lagos,venta_interregional,pesos,206617451953.15002,miles de millones de pesos,dinero,total
2018-06-01,10,Los Lagos,venta_intrarregional,pesos,387750364485.83,miles de millones de pesos,dinero,total
2018-06-01,11,Aysén,compra_interregional,pesos,31100492123.083,miles de millones de pesos,dinero,total
2018-06-01,11,Aysén,compra_intrarregional,pesos,20841693741.666,miles de millones de pesos,dinero,total
2018-06-01,11,Aysén,facturas_compra_interregional,unidades,68465.0,miles de unidades,conteo,total
2018-06-01,11,Aysén,facturas_venta_interregional,unidades,21029.0,miles de unidades,conteo,total
2018-06-01,11,Aysén,venta_interregional,pesos,17371710412.099,miles de millones de pesos,dinero,total
2018-06-01,11,Aysén,venta_intrarregional,pesos,20841693741.666,miles de millones de pesos,dinero,total
2018-06-01,12,Magallanes,compra_interregional,pesos,65101565503.652,miles de millones de pesos,dinero,total
2018-06-01,12,Magallanes,compra_intrarregional,pesos,58953486802.314995,miles de millones de pesos,dinero,total
2018-06-01,12,Magallanes,facturas_compra_interregional,unidades,107407.0,miles de unidades,conteo,total
2018-06-01,12,Magallanes,facturas_venta_interregional,unidades,29959.0,miles de unidades,conteo,total
2018-06-01,12,Magallanes,venta_interregional,pesos,46745491813.777,miles de millones de pesos,dinero,total
2018-06-01,12,Magallanes,venta_intrarregional,pesos,58953486802.314995,miles de millones de pesos,dinero,total
2018-06-01,13,Metropolitana de Santiago,compra_interregional,pesos,3039345000746.2,miles de millones de pesos,dinero,total
2018-06-01,13,Metropolitana de Santiago,compra_intrarregional,pesos,10765695250176.0,miles de millones de pesos,dinero,total
2018-06-01,13,Metropolitana de Santiago,facturas_compra_interregional,unidades,2366124.0,miles de unidades,conteo,total
2018-06-01,13,Metropolitana de Santiago,facturas_venta_interregional,unidades,5728956.0,miles de unidades,conteo,total
2018-06-01,13,Metropolitana de Santiago,venta_interregional,pesos,3313099882186.4,miles de millones de pesos,dinero,total
2018-06-01,13,Metropolitana de Santiago,venta_intrarregional,pesos,10765695250176.0,miles de millones de pesos,dinero,total
2018-06-01,14,Los Ríos,compra_interregional,pesos,129738937840.89,miles de millones de pesos,dinero,total
2018-06-01,14,Los Ríos,compra_intrarregional,pesos,58715917947.0,miles de millones de pesos,dinero,total
2018-06-01,14,Los Ríos,facturas_compra_interregional,unidades,285935.0,miles de unidades,conteo,total
2018-06-01,14,Los Ríos,facturas_venta_interregional,unidades,132256.0,miles de unidades,conteo,total
2018-06-01,14,Los Ríos,venta_interregional,pesos,108924471076.93999,miles de millones de pesos,dinero,total
2018-06-01,14,Los Ríos,venta_intrarregional,pesos,58715917947.0,miles de millones de pesos,dinero,total
2018-06-01,15,Arica y Parinacota,compra_interregional,pesos,47818334943.632996,miles de millones de pesos,dinero,total
2018-06-01,15,Arica y Parinacota,compra_intrarregional,pesos,26943648645.0,miles de millones de pesos,dinero,total
2018-06-01,15,Arica y Parinacota,facturas_compra_interregional,unidades,97542.0,miles de unidades,conteo,total
2018-06-01,15,Arica y Parinacota,facturas_venta_interregional,unidades,43353.0,miles de unidades,conteo,total
2018-06-01,15,Arica y Parinacota,venta_interregional,pesos,25978376133.0,miles de millones de pesos,dinero,total
2018-06-01,15,Arica y Parinacota,venta_intrarregional,pesos,26943648645.0,miles de millones de pesos,dinero,total
2018-06-01,16,Ñuble,compra_interregional,pesos,122736646700.31999,miles de millones de pesos,dinero,total
2018-06-01,16,Ñuble,compra_intrarregional,pesos,74234440157.5,miles de millones de pesos,dinero,total
2018-06-01,16,Ñuble,facturas_compra_interregional,unidades,263395.0,miles de unidades,conteo,total
2018-06-01,16,Ñuble,facturas_venta_interregional,unidades,171555.0,miles de unidades,conteo,total
2018-06-01,16,Ñuble,venta_interregional,pesos,98850197444.0,miles de millones de pesos,dinero,total
2018-06-01,16,Ñuble,venta_intrarregional,pesos,74234440157.5,miles de millones de pesos,dinero,total
2018-07-01,01,Tarapacá,compra_interregional,pesos,116926451990.6,miles de millones de pesos,dinero,total
2018-07-01,01,Tarapacá,compra_intrarregional,pesos,70495908627.0,miles de millones de pesos,dinero,total
2018-07-01,01,Tarapacá,facturas_compra_interregional,unidades,179866.0,miles de unidades,conteo,total
2018-07-01,01,Tarapacá,facturas_venta_interregional,unidades,64628.0,miles de unidades,conteo,total
2018-07-01,01,Tarapacá,venta_interregional,pesos,54330624885.0,miles de millones de pesos,dinero,total
2018-07-01,01,Tarapacá,venta_intrarregional,pesos,70495908627.0,miles de millones de pesos,dinero,total
2018-07-01,02,Antofagasta,compra_interregional,pesos,382611203827.74,miles de millones de pesos,dinero,total
2018-07-01,02,Antofagasta,compra_intrarregional,pesos,196826016673.0,miles de millones de pesos,dinero,total
2018-07-01,02,Antofagasta,facturas_compra_interregional,unidades,397808.0,miles de unidades,conteo,total
2018-07-01,02,Antofagasta,facturas_venta_interregional,unidades,186200.0,miles de unidades,conteo,total
2018-07-01,02,Antofagasta,venta_interregional,pesos,319376532261.23004,miles de millones de pesos,dinero,total
2018-07-01,02,Antofagasta,venta_intrarregional,pesos,196826016673.0,miles de millones de pesos,dinero,total
2018-07-01,03,Atacama,compra_interregional,pesos,121925381386.0,miles de millones de pesos,dinero,total
2018-07-01,03,Atacama,compra_intrarregional,pesos,59188329968.142,miles de millones de pesos,dinero,total
2018-07-01,03,Atacama,facturas_compra_interregional,unidades,207470.0,miles de unidades,conteo,total
2018-07-01,03,Atacama,facturas_venta_interregional,unidades,65843.0,miles de unidades,conteo,total
2018-07-01,03,Atacama,venta_interregional,pesos,73406400355.717,miles de millones de pesos,dinero,total
2018-07-01,03,Atacama,venta_intrarregional,pesos,59188329968.142,miles de millones de pesos,dinero,total
2018-07-01,04,Coquimbo,compra_interregional,pesos,191244459476.92,miles de millones de pesos,dinero,total
2018-07-01,04,Coquimbo,compra_intrarregional,pesos,134771859890.5,miles de millones de pesos,dinero,total
2018-07-01,04,Coquimbo,facturas_compra_interregional,unidades,438282.0,miles de unidades,conteo,total
2018-07-01,04,Coquimbo,facturas_venta_interregional,unidades,154567.0,miles de unidades,conteo,total
2018-07-01,04,Coquimbo,venta_interregional,pesos,129659474923.87,miles de millones de pesos,dinero,total
2018-07-01,04,Coquimbo,venta_intrarregional,pesos,134771859890.5,miles de millones de pesos,dinero,total
2018-07-01,05,Valparaíso,compra_interregional,pesos,527184420360.60004,miles de millones de pesos,dinero,total
2018-07-01,05,Valparaíso,compra_intrarregional,pesos,388189236245.8,miles de millones de pesos,dinero,total
2018-07-01,05,Valparaíso,facturas_compra_interregional,unidades,1102840.0,miles de unidades,conteo,total
2018-07-01,05,Valparaíso,facturas_venta_interregional,unidades,538689.0,miles de unidades,conteo,total
2018-07-01,05,Valparaíso,venta_interregional,pesos,916090692597.0499,miles de millones de pesos,dinero,total
2018-07-01,05,Valparaíso,venta_intrarregional,pesos,388189236245.8,miles de millones de pesos,dinero,total
2018-07-01,06,O'Higgins,compra_interregional,pesos,353072988497.33,miles de millones de pesos,dinero,total
2018-07-01,06,O'Higgins,compra_intrarregional,pesos,205396226915.85,miles de millones de pesos,dinero,total
2018-07-01,06,O'Higgins,facturas_compra_interregional,unidades,607115.0,miles de unidades,conteo,total
2018-07-01,06,O'Higgins,facturas_venta_interregional,unidades,206346.0,miles de unidades,conteo,total
2018-07-01,06,O'Higgins,venta_interregional,pesos,249517040090.23,miles de millones de pesos,dinero,total
2018-07-01,06,O'Higgins,venta_intrarregional,pesos,205396226915.85,miles de millones de pesos,dinero,total
2018-07-01,07,Maule,compra_interregional,pesos,280593641824.01996,miles de millones de pesos,dinero,total
2018-07-01,07,Maule,compra_intrarregional,pesos,238840884058.56,miles de millones de pesos,dinero,total
2018-07-01,07,Maule,facturas_compra_interregional,unidades,578116.0,miles de unidades,conteo,total
2018-07-01,07,Maule,facturas_venta_interregional,unidades,473861.0,miles de unidades,conteo,total
2018-07-01,07,Maule,venta_interregional,pesos,258373186802.50003,miles de millones de pesos,dinero,total
2018-07-01,07,Maule,venta_intrarregional,pesos,238840884058.56,miles de millones de pesos,dinero,total
2018-07-01,08,Biobío,compra_interregional,pesos,464522505618.24,miles de millones de pesos,dinero,total
2018-07-01,08,Biobío,compra_intrarregional,pesos,399982128102.27,miles de millones de pesos,dinero,total
2018-07-01,08,Biobío,facturas_compra_interregional,unidades,919683.0,miles de unidades,conteo,total
2018-07-01,08,Biobío,facturas_venta_interregional,unidades,377602.0,miles de unidades,conteo,total
2018-07-01,08,Biobío,venta_interregional,pesos,544733432679.41003,miles de millones de pesos,dinero,total
2018-07-01,08,Biobío,venta_intrarregional,pesos,399982128102.27,miles de millones de pesos,dinero,total
2018-07-01,09,La Araucanía,compra_interregional,pesos,210065177517.44998,miles de millones de pesos,dinero,total
2018-07-01,09,La Araucanía,compra_intrarregional,pesos,178013388006.87,miles de millones de pesos,dinero,total
2018-07-01,09,La Araucanía,facturas_compra_interregional,unidades,505527.0,miles de unidades,conteo,total
2018-07-01,09,La Araucanía,facturas_venta_interregional,unidades,253662.0,miles de unidades,conteo,total
2018-07-01,09,La Araucanía,venta_interregional,pesos,176702246491.44,miles de millones de pesos,dinero,total
2018-07-01,09,La Araucanía,venta_intrarregional,pesos,178013388006.87,miles de millones de pesos,dinero,total
2018-07-01,10,Los Lagos,compra_interregional,pesos,389646802102.17,miles de millones de pesos,dinero,total
2018-07-01,10,Los Lagos,compra_intrarregional,pesos,380521221006.16,miles de millones de pesos,dinero,total
2018-07-01,10,Los Lagos,facturas_compra_interregional,unidades,551979.0,miles de unidades,conteo,total
2018-07-01,10,Los Lagos,facturas_venta_interregional,unidades,283590.0,miles de unidades,conteo,total
2018-07-01,10,Los Lagos,venta_interregional,pesos,205814210830.78998,miles de millones de pesos,dinero,total
2018-07-01,10,Los Lagos,venta_intrarregional,pesos,380521221006.16,miles de millones de pesos,dinero,total
2018-07-01,11,Aysén,compra_interregional,pesos,30076965007.583,miles de millones de pesos,dinero,total
2018-07-01,11,Aysén,compra_intrarregional,pesos,20279095653.332996,miles de millones de pesos,dinero,total
2018-07-01,11,Aysén,facturas_compra_interregional,unidades,67523.0,miles de unidades,conteo,total
2018-07-01,11,Aysén,facturas_venta_interregional,unidades,19636.0,miles de unidades,conteo,total
2018-07-01,11,Aysén,venta_interregional,pesos,16915715580.0,miles de millones de pesos,dinero,total
2018-07-01,11,Aysén,venta_intrarregional,pesos,20279095653.332996,miles de millones de pesos,dinero,total
2018-07-01,12,Magallanes,compra_interregional,pesos,64753508869.016,miles de millones de pesos,dinero,total
2018-07-01,12,Magallanes,compra_intrarregional,pesos,59082837233.0,miles de millones de pesos,dinero,total
2018-07-01,12,Magallanes,facturas_compra_interregional,unidades,105054.0,miles de unidades,conteo,total
2018-07-01,12,Magallanes,facturas_venta_interregional,unidades,27784.0,miles de unidades,conteo,total
2018-07-01,12,Magallanes,venta_interregional,pesos,49182452196.555,miles de millones de pesos,dinero,total
2018-07-01,12,Magallanes,venta_intrarregional,pesos,59082837233.0,miles de millones de pesos,dinero,total
2018-07-01,13,Metropolitana de Santiago,compra_interregional,pesos,2869434017376.5,miles de millones de pesos,dinero,total
2018-07-01,13,Metropolitana de Santiago,compra_intrarregional,pesos,10312054180192.0,miles de millones de pesos,dinero,total
2018-07-01,13,Metropolitana de Santiago,facturas_compra_interregional,unidades,2300000.0,miles de unidades,conteo,total
2018-07-01,13,Metropolitana de Santiago,facturas_venta_interregional,unidades,5618422.0,miles de unidades,conteo,total
2018-07-01,13,Metropolitana de Santiago,venta_interregional,pesos,3063669796178.8,miles de millones de pesos,dinero,total
2018-07-01,13,Metropolitana de Santiago,venta_intrarregional,pesos,10312054180192.0,miles de millones de pesos,dinero,total
2018-07-01,14,Los Ríos,compra_interregional,pesos,122701814868.46,miles de millones de pesos,dinero,total
2018-07-01,14,Los Ríos,compra_intrarregional,pesos,57350032635.0,miles de millones de pesos,dinero,total
2018-07-01,14,Los Ríos,facturas_compra_interregional,unidades,282405.0,miles de unidades,conteo,total
2018-07-01,14,Los Ríos,facturas_venta_interregional,unidades,128055.0,miles de unidades,conteo,total
2018-07-01,14,Los Ríos,venta_interregional,pesos,107628231057.87,miles de millones de pesos,dinero,total
2018-07-01,14,Los Ríos,venta_intrarregional,pesos,57350032635.0,miles de millones de pesos,dinero,total
2018-07-01,15,Arica y Parinacota,compra_interregional,pesos,50621386045.5,miles de millones de pesos,dinero,total
2018-07-01,15,Arica y Parinacota,compra_intrarregional,pesos,27893537961.0,miles de millones de pesos,dinero,total
2018-07-01,15,Arica y Parinacota,facturas_compra_interregional,unidades,100678.0,miles de unidades,conteo,total
2018-07-01,15,Arica y Parinacota,facturas_venta_interregional,unidades,42919.0,miles de unidades,conteo,total
2018-07-01,15,Arica y Parinacota,venta_interregional,pesos,27810739446.0,miles de millones de pesos,dinero,total
2018-07-01,15,Arica y Parinacota,venta_intrarregional,pesos,27893537961.0,miles de millones de pesos,dinero,total
2018-07-01,16,Ñuble,compra_interregional,pesos,113778381943.3,miles de millones de pesos,dinero,total
2018-07-01,16,Ñuble,compra_intrarregional,pesos,68752256580.166,miles de millones de pesos,dinero,total
2018-07-01,16,Ñuble,facturas_compra_interregional,unidades,262120.0,miles de unidades,conteo,total
2018-07-01,16,Ñuble,facturas_venta_interregional,unidades,164662.0,miles de unidades,conteo,total
2018-07-01,16,Ñuble,venta_interregional,pesos,95948330335.0,miles de millones de pesos,dinero,total
2018-07-01,16,Ñuble,venta_intrarregional,pesos,68752256580.166,miles de millones de pesos,dinero,total
2018-08-01,01,Tarapacá,compra_interregional,pesos,118483067753.18,miles de millones de pesos,dinero,total
2018-08-01,01,Tarapacá,compra_intrarregional,pesos,72482652238.133,miles de millones de pesos,dinero,total
2018-08-01,01,Tarapacá,facturas_compra_interregional,unidades,191439.0,miles de unidades,conteo,total
2018-08-01,01,Tarapacá,facturas_venta_interregional,unidades,70268.0,miles de unidades,conteo,total
2018-08-01,01,Tarapacá,venta_interregional,pesos,57967497643.5,miles de millones de pesos,dinero,total
2018-08-01,01,Tarapacá,venta_intrarregional,pesos,72482652238.133,miles de millones de pesos,dinero,total
2018-08-01,02,Antofagasta,compra_interregional,pesos,364367821528.84,miles de millones de pesos,dinero,total
2018-08-01,02,Antofagasta,compra_intrarregional,pesos,205423650357.5,miles de millones de pesos,dinero,total
2018-08-01,02,Antofagasta,facturas_compra_interregional,unidades,429618.0,miles de unidades,conteo,total
2018-08-01,02,Antofagasta,facturas_venta_interregional,unidades,205545.0,miles de unidades,conteo,total
2018-08-01,02,Antofagasta,venta_interregional,pesos,339634913159.75,miles de millones de pesos,dinero,total
2018-08-01,02,Antofagasta,venta_intrarregional,pesos,205423650357.5,miles de millones de pesos,dinero,total
2018-08-01,03,Atacama,compra_interregional,pesos,130609481976.5,miles de millones de pesos,dinero,total
2018-08-01,03,Atacama,compra_intrarregional,pesos,62980560446.0,miles de millones de pesos,dinero,total
2018-08-01,03,Atacama,facturas_compra_interregional,unidades,223546.0,miles de unidades,conteo,total
2018-08-01,03,Atacama,facturas_venta_interregional,unidades,72382.0,miles de unidades,conteo,total
2018-08-01,03,Atacama,venta_interregional,pesos,81260250741.545,miles de millones de pesos,dinero,total
2018-08-01,03,Atacama,venta_intrarregional,pesos,62980560446.0,miles de millones de pesos,dinero,total
2018-08-01,04,Coquimbo,compra_interregional,pesos,221433725039.84,miles de millones de pesos,dinero,total
2018-08-01,04,Coquimbo,compra_intrarregional,pesos,146840996708.5,miles de millones de pesos,dinero,total
2018-08-01,04,Coquimbo,facturas_compra_interregional,unidades,468637.0,miles de unidades,conteo,total
2018-08-01,04,Coquimbo,facturas_venta_interregional,unidades,170980.0,miles de unidades,conteo,total
2018-08-01,04,Coquimbo,venta_interregional,pesos,141685092509.04,miles de millones de pesos,dinero,total
2018-08-01,04,Coquimbo,venta_intrarregional,pesos,146840996708.5,miles de millones de pesos,dinero,total
2018-08-01,05,Valparaíso,compra_interregional,pesos,589972228082.22,miles de millones de pesos,dinero,total
2018-08-01,05,Valparaíso,compra_intrarregional,pesos,410350104584.24,miles de millones de pesos,dinero,total
2018-08-01,05,Valparaíso,facturas_compra_interregional,unidades,1185297.0,miles de unidades,conteo,total
2018-08-01,05,Valparaíso,facturas_venta_interregional,unidades,600266.0,miles de unidades,conteo,total
2018-08-01,05,Valparaíso,venta_interregional,pesos,966885966283.6799,miles de millones de pesos,dinero,total
2018-08-01,05,Valparaíso,venta_intrarregional,pesos,410350104584.24,miles de millones de pesos,dinero,total
2018-08-01,06,O'Higgins,compra_interregional,pesos,417011732712.31,miles de millones de pesos,dinero,total
2018-08-01,06,O'Higgins,compra_intrarregional,pesos,246105340461.94998,miles de millones de pesos,dinero,total
2018-08-01,06,O'Higgins,facturas_compra_interregional,unidades,673865.0,miles de unidades,conteo,total
2018-08-01,06,O'Higgins,facturas_venta_interregional,unidades,238506.0,miles de unidades,conteo,total
2018-08-01,06,O'Higgins,venta_interregional,pesos,286326110404.41,miles de millones de pesos,dinero,total
2018-08-01,06,O'Higgins,venta_intrarregional,pesos,246105340461.94998,miles de millones de pesos,dinero,total
2018-08-01,07,Maule,compra_interregional,pesos,315381803119.2,miles de millones de pesos,dinero,total
2018-08-01,07,Maule,compra_intrarregional,pesos,261573785244.39,miles de millones de pesos,dinero,total
2018-08-01,07,Maule,facturas_compra_interregional,unidades,638586.0,miles de unidades,conteo,total
2018-08-01,07,Maule,facturas_venta_interregional,unidades,526225.0,miles de unidades,conteo,total
2018-08-01,07,Maule,venta_interregional,pesos,284349480095.06,miles de millones de pesos,dinero,total
2018-08-01,07,Maule,venta_intrarregional,pesos,261573785244.39,miles de millones de pesos,dinero,total
2018-08-01,08,Biobío,compra_interregional,pesos,502584258489.8,miles de millones de pesos,dinero,total
2018-08-01,08,Biobío,compra_intrarregional,pesos,431606729328.7,miles de millones de pesos,dinero,total
2018-08-01,08,Biobío,facturas_compra_interregional,unidades,997172.0,miles de unidades,conteo,total
2018-08-01,08,Biobío,facturas_venta_interregional,unidades,412490.0,miles de unidades,conteo,total
2018-08-01,08,Biobío,venta_interregional,pesos,563962724168.44,miles de millones de pesos,dinero,total
2018-08-01,08,Biobío,venta_intrarregional,pesos,431606729328.7,miles de millones de pesos,dinero,total
2018-08-01,09,La Araucanía,compra_interregional,pesos,243157109372.76,miles de millones de pesos,dinero,total
2018-08-01,09,La Araucanía,compra_intrarregional,pesos,195500768374.11002,miles de millones de pesos,dinero,total
2018-08-01,09,La Araucanía,facturas_compra_interregional,unidades,543447.0,miles de unidades,conteo,total
2018-08-01,09,La Araucanía,facturas_venta_interregional,unidades,279005.0,miles de unidades,conteo,total
2018-08-01,09,La Araucanía,venta_interregional,pesos,198578503483.11002,miles de millones de pesos,dinero,total
2018-08-01,09,La Araucanía,venta_intrarregional,pesos,195500768374.11002,miles de millones de pesos,dinero,total
2018-08-01,10,Los Lagos,compra_interregional,pesos,443804617353.63,miles de millones de pesos,dinero,total
2018-08-01,10,Los Lagos,compra_intrarregional,pesos,407177323019.3,miles de millones de pesos,dinero,total
2018-08-01,10,Los Lagos,facturas_compra_interregional,unidades,595872.0,miles de unidades,conteo,total
2018-08-01,10,Los Lagos,facturas_venta_interregional,unidades,313936.0,miles de unidades,conteo,total
2018-08-01,10,Los Lagos,venta_interregional,pesos,222655526917.28,miles de millones de pesos,dinero,total
2018-08-01,10,Los Lagos,venta_intrarregional,pesos,407177323019.3,miles de millones de pesos,dinero,total
2018-08-01,11,Aysén,compra_interregional,pesos,33412455325.916,miles de millones de pesos,dinero,total
2018-08-01,11,Aysén,compra_intrarregional,pesos,21415911796.166,miles de millones de pesos,dinero,total
2018-08-01,11,Aysén,facturas_compra_interregional,unidades,73909.0,miles de unidades,conteo,total
2018-08-01,11,Aysén,facturas_venta_interregional,unidades,21933.0,miles de unidades,conteo,total
2018-08-01,11,Aysén,venta_interregional,pesos,15379006423.5,miles de millones de pesos,dinero,total
2018-08-01,11,Aysén,venta_intrarregional,pesos,21415911796.166,miles de millones de pesos,dinero,total
2018-08-01,12,Magallanes,compra_interregional,pesos,76470253716.466,miles de millones de pesos,dinero,total
2018-08-01,12,Magallanes,compra_intrarregional,pesos,64323330331.590996,miles de millones de pesos,dinero,total
2018-08-01,12,Magallanes,facturas_compra_interregional,unidades,116100.0,miles de unidades,conteo,total
2018-08-01,12,Magallanes,facturas_venta_interregional,unidades,32008.000000000004,miles de unidades,conteo,total
2018-08-01,12,Magallanes,venta_interregional,pesos,51556295046.375,miles de millones de pesos,dinero,total
2018-08-01,12,Magallanes,venta_intrarregional,pesos,64323330331.590996,miles de millones de pesos,dinero,total
2018-08-01,13,Metropolitana de Santiago,compra_interregional,pesos,3065344675190.5,miles de millones de pesos,dinero,total
2018-08-01,13,Metropolitana de Santiago,compra_intrarregional,pesos,11143050010592.0,miles de millones de pesos,dinero,total
2018-08-01,13,Metropolitana de Santiago,facturas_compra_interregional,unidades,2550091.0,miles de unidades,conteo,total
2018-08-01,13,Metropolitana de Santiago,facturas_venta_interregional,unidades,6055278.0,miles de unidades,conteo,total
2018-08-01,13,Metropolitana de Santiago,venta_interregional,pesos,3368149319764.3,miles de millones de pesos,dinero,total
2018-08-01,13,Metropolitana de Santiago,venta_intrarregional,pesos,11143050010592.0,miles de millones de pesos,dinero,total
2018-08-01,14,Los Ríos,compra_interregional,pesos,134859425961.98001,miles de millones de pesos,dinero,total
2018-08-01,14,Los Ríos,compra_intrarregional,pesos,64379092566.0,miles de millones de pesos,dinero,total
2018-08-01,14,Los Ríos,facturas_compra_interregional,unidades,302838.0,miles de unidades,conteo,total
2018-08-01,14,Los Ríos,facturas_venta_interregional,unidades,141912.0,miles de unidades,conteo,total
2018-08-01,14,Los Ríos,venta_interregional,pesos,115436946652.25,miles de millones de pesos,dinero,total
2018-08-01,14,Los Ríos,venta_intrarregional,pesos,64379092566.0,miles de millones de pesos,dinero,total
2018-08-01,15,Arica y Parinacota,compra_interregional,pesos,55780019925.205,miles de millones de pesos,dinero,total
2018-08-01,15,Arica y Parinacota,compra_intrarregional,pesos,31384118389.0,miles de millones de pesos,dinero,total
2018-08-01,15,Arica y Parinacota,facturas_compra_interregional,unidades,104145.0,miles de unidades,conteo,total
2018-08-01,15,Arica y Parinacota,facturas_venta_interregional,unidades,48419.0,miles de unidades,conteo,total
2018-08-01,15,Arica y Parinacota,venta_interregional,pesos,30353660466.0,miles de millones de pesos,dinero,total
2018-08-01,15,Arica y Parinacota,venta_intrarregional,pesos,31384118389.0,miles de millones de pesos,dinero,total
2018-08-01,16,Ñuble,compra_interregional,pesos,119146531250.17,miles de millones de pesos,dinero,total
2018-08-01,16,Ñuble,compra_intrarregional,pesos,76569104616.166,miles de millones de pesos,dinero,total
2018-08-01,16,Ñuble,facturas_compra_interregional,unidades,279889.0,miles de unidades,conteo,total
2018-08-01,16,Ñuble,facturas_venta_interregional,unidades,185298.0,miles de unidades,conteo,total
2018-08-01,16,Ñuble,venta_interregional,pesos,107637913040.32,miles de millones de pesos,dinero,total
2018-08-01,16,Ñuble,venta_intrarregional,pesos,76569104616.166,miles de millones de pesos,dinero,total
2018-09-01,01,Tarapacá,compra_interregional,pesos,116762919538.91,miles de millones de pesos,dinero,total
2018-09-01,01,Tarapacá,compra_intrarregional,pesos,64152426577.0,miles de millones de pesos,dinero,total
2018-09-01,01,Tarapacá,facturas_compra_interregional,unidades,159167.0,miles de unidades,conteo,total
2018-09-01,01,Tarapacá,facturas_venta_interregional,unidades,58069.0,miles de unidades,conteo,total
2018-09-01,01,Tarapacá,venta_interregional,pesos,54685324795.571,miles de millones de pesos,dinero,total
2018-09-01,01,Tarapacá,venta_intrarregional,pesos,64152426577.0,miles de millones de pesos,dinero,total
2018-09-01,02,Antofagasta,compra_interregional,pesos,337964448671.64,miles de millones de pesos,dinero,total
2018-09-01,02,Antofagasta,compra_intrarregional,pesos,180833968746.33,miles de millones de pesos,dinero,total
2018-09-01,02,Antofagasta,facturas_compra_interregional,unidades,364532.0,miles de unidades,conteo,total
2018-09-01,02,Antofagasta,facturas_venta_interregional,unidades,167516.0,miles de unidades,conteo,total
2018-09-01,02,Antofagasta,venta_interregional,pesos,296074482073.0,miles de millones de pesos,dinero,total
2018-09-01,02,Antofagasta,venta_intrarregional,pesos,180833968746.33,miles de millones de pesos,dinero,total
2018-09-01,03,Atacama,compra_interregional,pesos,110248494378.0,miles de millones de pesos,dinero,total
2018-09-01,03,Atacama,compra_intrarregional,pesos,52086224597.0,miles de millones de pesos,dinero,total
2018-09-01,03,Atacama,facturas_compra_interregional,unidades,188776.0,miles de unidades,conteo,total
2018-09-01,03,Atacama,facturas_venta_interregional,unidades,59943.0,miles de unidades,conteo,total
2018-09-01,03,Atacama,venta_interregional,pesos,77324822727.0,miles de millones de pesos,dinero,total
2018-09-01,03,Atacama,venta_intrarregional,pesos,52086224597.0,miles de millones de pesos,dinero,total
2018-09-01,04,Coquimbo,compra_interregional,pesos,190278840091.97,miles de millones de pesos,dinero,total
2018-09-01,04,Coquimbo,compra_intrarregional,pesos,131729009535.16,miles de millones de pesos,dinero,total
2018-09-01,04,Coquimbo,facturas_compra_interregional,unidades,401112.0,miles de unidades,conteo,total
2018-09-01,04,Coquimbo,facturas_venta_interregional,unidades,146915.0,miles de unidades,conteo,total
2018-09-01,04,Coquimbo,venta_interregional,pesos,124943991905.07,miles de millones de pesos,dinero,total
2018-09-01,04,Coquimbo,venta_intrarregional,pesos,131729009535.16,miles de millones de pesos,dinero,total
2018-09-01,05,Valparaíso,compra_interregional,pesos,518712893698.3599,miles de millones de pesos,dinero,total
2018-09-01,05,Valparaíso,compra_intrarregional,pesos,374146800676.7,miles de millones de pesos,dinero,total
2018-09-01,05,Valparaíso,facturas_compra_interregional,unidades,1019009.0,miles de unidades,conteo,total
2018-09-01,05,Valparaíso,facturas_venta_interregional,unidades,500868.0,miles de unidades,conteo,total
2018-09-01,05,Valparaíso,venta_interregional,pesos,919679922979.37,miles de millones de pesos,dinero,total
2018-09-01,05,Valparaíso,venta_intrarregional,pesos,374146800676.7,miles de millones de pesos,dinero,total
2018-09-01,06,O'Higgins,compra_interregional,pesos,359783472452.58997,miles de millones de pesos,dinero,total
2018-09-01,06,O'Higgins,compra_intrarregional,pesos,215203018729.02,miles de millones de pesos,dinero,total
2018-09-01,06,O'Higgins,facturas_compra_interregional,unidades,581412.0,miles de unidades,conteo,total
2018-09-01,06,O'Higgins,facturas_venta_interregional,unidades,200215.0,miles de unidades,conteo,total
2018-09-01,06,O'Higgins,venta_interregional,pesos,235594499846.61002,miles de millones de pesos,dinero,total
2018-09-01,06,O'Higgins,venta_intrarregional,pesos,215203018729.02,miles de millones de pesos,dinero,total
2018-09-01,07,Maule,compra_interregional,pesos,285557284812.99,miles de millones de pesos,dinero,total
2018-09-01,07,Maule,compra_intrarregional,pesos,222942057451.61,miles de millones de pesos,dinero,total
2018-09-01,07,Maule,facturas_compra_interregional,unidades,549865.0,miles de unidades,conteo,total
2018-09-01,07,Maule,facturas_venta_interregional,unidades,433378.0,miles de unidades,conteo,total
2018-09-01,07,Maule,venta_interregional,pesos,244564820877.66,miles de millones de pesos,dinero,total
2018-09-01,07,Maule,venta_intrarregional,pesos,222942057451.61,miles de millones de pesos,dinero,total
2018-09-01,08,Biobío,compra_interregional,pesos,438528008111.61,miles de millones de pesos,dinero,total
2018-09-01,08,Biobío,compra_intrarregional,pesos,387294114301.18,miles de millones de pesos,dinero,total
2018-09-01,08,Biobío,facturas_compra_interregional,unidades,848972.0,miles de unidades,conteo,total
2018-09-01,08,Biobío,facturas_venta_interregional,unidades,347925.0,miles de unidades,conteo,total
2018-09-01,08,Biobío,venta_interregional,pesos,522020415621.60004,miles de millones de pesos,dinero,total
2018-09-01,08,Biobío,venta_intrarregional,pesos,387294114301.18,miles de millones de pesos,dinero,total
2018-09-01,09,La Araucanía,compra_interregional,pesos,217873026560.68,miles de millones de pesos,dinero,total
2018-09-01,09,La Araucanía,compra_intrarregional,pesos,172129976522.61002,miles de millones de pesos,dinero,total
2018-09-01,09,La Araucanía,facturas_compra_interregional,unidades,469667.0,miles de unidades,conteo,total
2018-09-01,09,La Araucanía,facturas_venta_interregional,unidades,232967.0,miles de unidades,conteo,total
2018-09-01,09,La Araucanía,venta_interregional,pesos,164207673999.38,miles de millones de pesos,dinero,total
2018-09-01,09,La Araucanía,venta_intrarregional,pesos,172129976522.61002,miles de millones de pesos,dinero,total
2018-09-01,10,Los Lagos,compra_interregional,pesos,382738275071.26996,miles de millones de pesos,dinero,total
2018-09-01,10,Los Lagos,compra_intrarregional,pesos,387139022639.48,miles de millones de pesos,dinero,total
2018-09-01,10,Los Lagos,facturas_compra_interregional,unidades,511966.0,miles de unidades,conteo,total
2018-09-01,10,Los Lagos,facturas_venta_interregional,unidades,272121.0,miles de unidades,conteo,total
2018-09-01,10,Los Lagos,venta_interregional,pesos,200449963896.7,miles de millones de pesos,dinero,total
2018-09-01,10,Los Lagos,venta_intrarregional,pesos,387139022639.48,miles de millones de pesos,dinero,total
2018-09-01,11,Aysén,compra_interregional,pesos,27959401598.25,miles de millones de pesos,dinero,total
2018-09-01,11,Aysén,compra_intrarregional,pesos,22277441378.3,miles de millones de pesos,dinero,total
2018-09-01,11,Aysén,facturas_compra_interregional,unidades,66577.0,miles de unidades,conteo,total
2018-09-01,11,Aysén,facturas_venta_interregional,unidades,18829.0,miles de unidades,conteo,total
2018-09-01,11,Aysén,venta_interregional,pesos,14329403216.0,miles de millones de pesos,dinero,total
2018-09-01,11,Aysén,venta_intrarregional,pesos,22277441378.3,miles de millones de pesos,dinero,total
2018-09-01,12,Magallanes,compra_interregional,pesos,67717952573.811005,miles de millones de pesos,dinero,total
2018-09-01,12,Magallanes,compra_intrarregional,pesos,57958430597.874,miles de millones de pesos,dinero,total
2018-09-01,12,Magallanes,facturas_compra_interregional,unidades,102132.0,miles de unidades,conteo,total
2018-09-01,12,Magallanes,facturas_venta_interregional,unidades,27006.0,miles de unidades,conteo,total
2018-09-01,12,Magallanes,venta_interregional,pesos,46238283070.75,miles de millones de pesos,dinero,total
2018-09-01,12,Magallanes,venta_intrarregional,pesos,57958430597.874,miles de millones de pesos,dinero,total
2018-09-01,13,Metropolitana de Santiago,compra_interregional,pesos,2802942385372.5,miles de millones de pesos,dinero,total
2018-09-01,13,Metropolitana de Santiago,compra_intrarregional,pesos,10281096954339.0,miles de millones de pesos,dinero,total
2018-09-01,13,Metropolitana de Santiago,facturas_compra_interregional,unidades,2135606.0,miles de unidades,conteo,total
2018-09-01,13,Metropolitana de Santiago,facturas_venta_interregional,unidades,5215279.0,miles de unidades,conteo,total
2018-09-01,13,Metropolitana de Santiago,venta_interregional,pesos,3016497412296.5,miles de millones de pesos,dinero,total
2018-09-01,13,Metropolitana de Santiago,venta_intrarregional,pesos,10281096954339.0,miles de millones de pesos,dinero,total
2018-09-01,14,Los Ríos,compra_interregional,pesos,126391586328.52,miles de millones de pesos,dinero,total
2018-09-01,14,Los Ríos,compra_intrarregional,pesos,60167673435.0,miles de millones de pesos,dinero,total
2018-09-01,14,Los Ríos,facturas_compra_interregional,unidades,263628.0,miles de unidades,conteo,total
2018-09-01,14,Los Ríos,facturas_venta_interregional,unidades,120604.0,miles de unidades,conteo,total
2018-09-01,14,Los Ríos,venta_interregional,pesos,110155018206.04,miles de millones de pesos,dinero,total
2018-09-01,14,Los Ríos,venta_intrarregional,pesos,60167673435.0,miles de millones de pesos,dinero,total
2018-09-01,15,Arica y Parinacota,compra_interregional,pesos,49225287603.404,miles de millones de pesos,dinero,total
2018-09-01,15,Arica y Parinacota,compra_intrarregional,pesos,28587634487.0,miles de millones de pesos,dinero,total
2018-09-01,15,Arica y Parinacota,facturas_compra_interregional,unidades,88230.0,miles de unidades,conteo,total
2018-09-01,15,Arica y Parinacota,facturas_venta_interregional,unidades,40477.0,miles de unidades,conteo,total
2018-09-01,15,Arica y Parinacota,venta_interregional,pesos,27722108783.0,miles de millones de pesos,dinero,total
2018-09-01,15,Arica y Parinacota,venta_intrarregional,pesos,28587634487.0,miles de millones de pesos,dinero,total
2018-09-01,16,Ñuble,compra_interregional,pesos,115988217507.95,miles de millones de pesos,dinero,total
2018-09-01,16,Ñuble,compra_intrarregional,pesos,65891898525.833,miles de millones de pesos,dinero,total
2018-09-01,16,Ñuble,facturas_compra_interregional,unidades,246404.0,miles de unidades,conteo,total
2018-09-01,16,Ñuble,facturas_venta_interregional,unidades,154943.0,miles de unidades,conteo,total
2018-09-01,16,Ñuble,venta_interregional,pesos,94184350078.25,miles de millones de pesos,dinero,total
2018-09-01,16,Ñuble,venta_intrarregional,pesos,65891898525.833,miles de millones de pesos,dinero,total
2018-10-01,01,Tarapacá,compra_interregional,pesos,137368593594.91998,miles de millones de pesos,dinero,total
2018-10-01,01,Tarapacá,compra_intrarregional,pesos,84845445433.666,miles de millones de pesos,dinero,total
2018-10-01,01,Tarapacá,facturas_compra_interregional,unidades,190037.0,miles de unidades,conteo,total
2018-10-01,01,Tarapacá,facturas_venta_interregional,unidades,74315.0,miles de unidades,conteo,total
2018-10-01,01,Tarapacá,venta_interregional,pesos,79249719953.583,miles de millones de pesos,dinero,total
2018-10-01,01,Tarapacá,venta_intrarregional,pesos,84845445433.666,miles de millones de pesos,dinero,total
2018-10-01,02,Antofagasta,compra_interregional,pesos,452781404964.51,miles de millones de pesos,dinero,total
2018-10-01,02,Antofagasta,compra_intrarregional,pesos,243258402365.4,miles de millones de pesos,dinero,total
2018-10-01,02,Antofagasta,facturas_compra_interregional,unidades,436825.0,miles de unidades,conteo,total
2018-10-01,02,Antofagasta,facturas_venta_interregional,unidades,210755.0,miles de unidades,conteo,total
2018-10-01,02,Antofagasta,venta_interregional,pesos,315823661750.59,miles de millones de pesos,dinero,total
2018-10-01,02,Antofagasta,venta_intrarregional,pesos,243258402365.4,miles de millones de pesos,dinero,total
2018-10-01,03,Atacama,compra_interregional,pesos,143777433292.83002,miles de millones de pesos,dinero,total
2018-10-01,03,Atacama,compra_intrarregional,pesos,62495536128.5,miles de millones de pesos,dinero,total
2018-10-01,03,Atacama,facturas_compra_interregional,unidades,224570.0,miles de unidades,conteo,total
2018-10-01,03,Atacama,facturas_venta_interregional,unidades,75027.0,miles de unidades,conteo,total
2018-10-01,03,Atacama,venta_interregional,pesos,80844791684.5,miles de millones de pesos,dinero,total
2018-10-01,03,Atacama,venta_intrarregional,pesos,62495536128.5,miles de millones de pesos,dinero,total
2018-10-01,04,Coquimbo,compra_interregional,pesos,219748570327.77002,miles de millones de pesos,dinero,total
2018-10-01,04,Coquimbo,compra_intrarregional,pesos,142835771505.5,miles de millones de pesos,dinero,total
2018-10-01,04,Coquimbo,facturas_compra_interregional,unidades,473521.0,miles de unidades,conteo,total
2018-10-01,04,Coquimbo,facturas_venta_interregional,unidades,183777.0,miles de unidades,conteo,total
2018-10-01,04,Coquimbo,venta_interregional,pesos,142907248003.16,miles de millones de pesos,dinero,total
2018-10-01,04,Coquimbo,venta_intrarregional,pesos,142835771505.5,miles de millones de pesos,dinero,total
2018-10-01,05,Valparaíso,compra_interregional,pesos,628908250557.37,miles de millones de pesos,dinero,total
2018-10-01,05,Valparaíso,compra_intrarregional,pesos,432632864233.4,miles de millones de pesos,dinero,total
2018-10-01,05,Valparaíso,facturas_compra_interregional,unidades,1226623.0,miles de unidades,conteo,total
2018-10-01,05,Valparaíso,facturas_venta_interregional,unidades,626658.0,miles de unidades,conteo,total
2018-10-01,05,Valparaíso,venta_interregional,pesos,1013301888913.4,miles de millones de pesos,dinero,total
2018-10-01,05,Valparaíso,venta_intrarregional,pesos,432632864233.4,miles de millones de pesos,dinero,total
2018-10-01,06,O'Higgins,compra_interregional,pesos,413917849167.8,miles de millones de pesos,dinero,total
2018-10-01,06,O'Higgins,compra_intrarregional,pesos,238888001225.57,miles de millones de pesos,dinero,total
2018-10-01,06,O'Higgins,facturas_compra_interregional,unidades,699648.0,miles de unidades,conteo,total
2018-10-01,06,O'Higgins,facturas_venta_interregional,unidades,248232.0,miles de unidades,conteo,total
2018-10-01,06,O'Higgins,venta_interregional,pesos,276203202569.18,miles de millones de pesos,dinero,total
2018-10-01,06,O'Higgins,venta_intrarregional,pesos,238888001225.57,miles de millones de pesos,dinero,total
2018-10-01,07,Maule,compra_interregional,pesos,335528342373.75,miles de millones de pesos,dinero,total
2018-10-01,07,Maule,compra_intrarregional,pesos,265630863191.30002,miles de millones de pesos,dinero,total
2018-10-01,07,Maule,facturas_compra_interregional,unidades,669689.0,miles de unidades,conteo,total
2018-10-01,07,Maule,facturas_venta_interregional,unidades,542380.0,miles de unidades,conteo,total
2018-10-01,07,Maule,venta_interregional,pesos,286934146283.34,miles de millones de pesos,dinero,total
2018-10-01,07,Maule,venta_intrarregional,pesos,265630863191.30002,miles de millones de pesos,dinero,total
2018-10-01,08,Biobío,compra_interregional,pesos,521194308245.78,miles de millones de pesos,dinero,total
2018-10-01,08,Biobío,compra_intrarregional,pesos,432738613506.77997,miles de millones de pesos,dinero,total
2018-10-01,08,Biobío,facturas_compra_interregional,unidades,1031252.9999999999,miles de unidades,conteo,total
2018-10-01,08,Biobío,facturas_venta_interregional,unidades,417500.0,miles de unidades,conteo,total
2018-10-01,08,Biobío,venta_interregional,pesos,566142910925.46,miles de millones de pesos,dinero,total
2018-10-01,08,Biobío,venta_intrarregional,pesos,432738613506.77997,miles de millones de pesos,dinero,total
2018-10-01,09,La Araucanía,compra_interregional,pesos,250327063635.98,miles de millones de pesos,dinero,total
2018-10-01,09,La Araucanía,compra_intrarregional,pesos,202423595337.47,miles de millones de pesos,dinero,total
2018-10-01,09,La Araucanía,facturas_compra_interregional,unidades,561826.0,miles de unidades,conteo,total
2018-10-01,09,La Araucanía,facturas_venta_interregional,unidades,296850.0,miles de unidades,conteo,total
2018-10-01,09,La Araucanía,venta_interregional,pesos,196502565791.03,miles de millones de pesos,dinero,total
2018-10-01,09,La Araucanía,venta_intrarregional,pesos,202423595337.47,miles de millones de pesos,dinero,total
2018-10-01,10,Los Lagos,compra_interregional,pesos,481582231629.7,miles de millones de pesos,dinero,total
2018-10-01,10,Los Lagos,compra_intrarregional,pesos,472772088130.72003,miles de millones de pesos,dinero,total
2018-10-01,10,Los Lagos,facturas_compra_interregional,unidades,621562.0,miles de unidades,conteo,total
2018-10-01,10,Los Lagos,facturas_venta_interregional,unidades,335420.0,miles de unidades,conteo,total
2018-10-01,10,Los Lagos,venta_interregional,pesos,244917914714.05,miles de millones de pesos,dinero,total
2018-10-01,10,Los Lagos,venta_intrarregional,pesos,472772088130.72003,miles de millones de pesos,dinero,total
2018-10-01,11,Aysén,compra_interregional,pesos,37185077891.166,miles de millones de pesos,dinero,total
2018-10-01,11,Aysén,compra_intrarregional,pesos,24429226255.0,miles de millones de pesos,dinero,total
2018-10-01,11,Aysén,facturas_compra_interregional,unidades,80600.0,miles de unidades,conteo,total
2018-10-01,11,Aysén,facturas_venta_interregional,unidades,24603.0,miles de unidades,conteo,total
2018-10-01,11,Aysén,venta_interregional,pesos,17906528231.0,miles de millones de pesos,dinero,total
2018-10-01,11,Aysén,venta_intrarregional,pesos,24429226255.0,miles de millones de pesos,dinero,total
2018-10-01,12,Magallanes,compra_interregional,pesos,82045156649.388,miles de millones de pesos,dinero,total
2018-10-01,12,Magallanes,compra_intrarregional,pesos,76262375076.74399,miles de millones de pesos,dinero,total
2018-10-01,12,Magallanes,facturas_compra_interregional,unidades,124756.0,miles de unidades,conteo,total
2018-10-01,12,Magallanes,facturas_venta_interregional,unidades,35505.0,miles de unidades,conteo,total
2018-10-01,12,Magallanes,venta_interregional,pesos,67372760650.91601,miles de millones de pesos,dinero,total
2018-10-01,12,Magallanes,venta_intrarregional,pesos,76262375076.74399,miles de millones de pesos,dinero,total
2018-10-01,13,Metropolitana de Santiago,compra_interregional,pesos,3188942083966.0,miles de millones de pesos,dinero,total
2018-10-01,13,Metropolitana de Santiago,compra_intrarregional,pesos,11988011455419.0,miles de millones de pesos,dinero,total
2018-10-01,13,Metropolitana de Santiago,facturas_compra_interregional,unidades,2645267.0,miles de unidades,conteo,total
2018-10-01,13,Metropolitana de Santiago,facturas_venta_interregional,unidades,6232767.0,miles de unidades,conteo,total
2018-10-01,13,Metropolitana de Santiago,venta_interregional,pesos,3652871808495.3,miles de millones de pesos,dinero,total
2018-10-01,13,Metropolitana de Santiago,venta_intrarregional,pesos,11988011455419.0,miles de millones de pesos,dinero,total
2018-10-01,14,Los Ríos,compra_interregional,pesos,142268866422.64,miles de millones de pesos,dinero,total
2018-10-01,14,Los Ríos,compra_intrarregional,pesos,72730530341.0,miles de millones de pesos,dinero,total
2018-10-01,14,Los Ríos,facturas_compra_interregional,unidades,318074.0,miles de unidades,conteo,total
2018-10-01,14,Los Ríos,facturas_venta_interregional,unidades,146442.0,miles de unidades,conteo,total
2018-10-01,14,Los Ríos,venta_interregional,pesos,124503045646.35,miles de millones de pesos,dinero,total
2018-10-01,14,Los Ríos,venta_intrarregional,pesos,72730530341.0,miles de millones de pesos,dinero,total
2018-10-01,15,Arica y Parinacota,compra_interregional,pesos,51828731325.083,miles de millones de pesos,dinero,total
2018-10-01,15,Arica y Parinacota,compra_intrarregional,pesos,32524249632.333004,miles de millones de pesos,dinero,total
2018-10-01,15,Arica y Parinacota,facturas_compra_interregional,unidades,105825.0,miles de unidades,conteo,total
2018-10-01,15,Arica y Parinacota,facturas_venta_interregional,unidades,50836.0,miles de unidades,conteo,total
2018-10-01,15,Arica y Parinacota,venta_interregional,pesos,31856347247.0,miles de millones de pesos,dinero,total
2018-10-01,15,Arica y Parinacota,venta_intrarregional,pesos,32524249632.333004,miles de millones de pesos,dinero,total
2018-10-01,16,Ñuble,compra_interregional,pesos,124005348930.81,miles de millones de pesos,dinero,total
2018-10-01,16,Ñuble,compra_intrarregional,pesos,79626022545.0,miles de millones de pesos,dinero,total
2018-10-01,16,Ñuble,facturas_compra_interregional,unidades,295544.0,miles de unidades,conteo,total
2018-10-01,16,Ñuble,facturas_venta_interregional,unidades,204553.0,miles de unidades,conteo,total
2018-10-01,16,Ñuble,venta_interregional,pesos,114070772116.59001,miles de millones de pesos,dinero,total
2018-10-01,16,Ñuble,venta_intrarregional,pesos,79626022545.0,miles de millones de pesos,dinero,total
2018-11-01,01,Tarapacá,compra_interregional,pesos,144865006338.93,miles de millones de pesos,dinero,total
2018-11-01,01,Tarapacá,compra_intrarregional,pesos,75945136824.0,miles de millones de pesos,dinero,total
2018-11-01,01,Tarapacá,facturas_compra_interregional,unidades,181284.0,miles de unidades,conteo,total
2018-11-01,01,Tarapacá,facturas_venta_interregional,unidades,68407.0,miles de unidades,conteo,total
2018-11-01,01,Tarapacá,venta_interregional,pesos,59379612146.596,miles de millones de pesos,dinero,total
2018-11-01,01,Tarapacá,venta_intrarregional,pesos,75945136824.0,miles de millones de pesos,dinero,total
2018-11-01,02,Antofagasta,compra_interregional,pesos,375521025557.16,miles de millones de pesos,dinero,total
2018-11-01,02,Antofagasta,compra_intrarregional,pesos,202877906357.25,miles de millones de pesos,dinero,total
2018-11-01,02,Antofagasta,facturas_compra_interregional,unidades,411370.0,miles de unidades,conteo,total
2018-11-01,02,Antofagasta,facturas_venta_interregional,unidades,195422.0,miles de unidades,conteo,total
2018-11-01,02,Antofagasta,venta_interregional,pesos,316763849314.04,miles de millones de pesos,dinero,total
2018-11-01,02,Antofagasta,venta_intrarregional,pesos,202877906357.25,miles de millones de pesos,dinero,total
2018-11-01,03,Atacama,compra_interregional,pesos,128396484894.0,miles de millones de pesos,dinero,total
2018-11-01,03,Atacama,compra_intrarregional,pesos,62717511428.0,miles de millones de pesos,dinero,total
2018-11-01,03,Atacama,facturas_compra_interregional,unidades,211976.0,miles de unidades,conteo,total
2018-11-01,03,Atacama,facturas_venta_interregional,unidades,71029.0,miles de unidades,conteo,total
2018-11-01,03,Atacama,venta_interregional,pesos,79240649729.5,miles de millones de pesos,dinero,total
2018-11-01,03,Atacama,venta_intrarregional,pesos,62717511428.0,miles de millones de pesos,dinero,total
2018-11-01,04,Coquimbo,compra_interregional,pesos,213201917486.28,miles de millones de pesos,dinero,total
2018-11-01,04,Coquimbo,compra_intrarregional,pesos,150304982240.5,miles de millones de pesos,dinero,total
2018-11-01,04,Coquimbo,facturas_compra_interregional,unidades,449582.0,miles de unidades,conteo,total
2018-11-01,04,Coquimbo,facturas_venta_interregional,unidades,172733.0,miles de unidades,conteo,total
2018-11-01,04,Coquimbo,venta_interregional,pesos,132814688448.9,miles de millones de pesos,dinero,total
2018-11-01,04,Coquimbo,venta_intrarregional,pesos,150304982240.5,miles de millones de pesos,dinero,total
2018-11-01,05,Valparaíso,compra_interregional,pesos,619505087268.6699,miles de millones de pesos,dinero,total
2018-11-01,05,Valparaíso,compra_intrarregional,pesos,417922234601.87,miles de millones de pesos,dinero,total
2018-11-01,05,Valparaíso,facturas_compra_interregional,unidades,1147926.0,miles de unidades,conteo,total
2018-11-01,05,Valparaíso,facturas_venta_interregional,unidades,571524.0,miles de unidades,conteo,total
2018-11-01,05,Valparaíso,venta_interregional,pesos,913354702634.41,miles de millones de pesos,dinero,total
2018-11-01,05,Valparaíso,venta_intrarregional,pesos,417922234601.87,miles de millones de pesos,dinero,total
2018-11-01,06,O'Higgins,compra_interregional,pesos,411068076969.19,miles de millones de pesos,dinero,total
2018-11-01,06,O'Higgins,compra_intrarregional,pesos,245595879933.15,miles de millones de pesos,dinero,total
2018-11-01,06,O'Higgins,facturas_compra_interregional,unidades,656455.0,miles de unidades,conteo,total
2018-11-01,06,O'Higgins,facturas_venta_interregional,unidades,233837.0,miles de unidades,conteo,total
2018-11-01,06,O'Higgins,venta_interregional,pesos,292197372448.28,miles de millones de pesos,dinero,total
2018-11-01,06,O'Higgins,venta_intrarregional,pesos,245595879933.15,miles de millones de pesos,dinero,total
2018-11-01,07,Maule,compra_interregional,pesos,327163031054.09,miles de millones de pesos,dinero,total
2018-11-01,07,Maule,compra_intrarregional,pesos,272290163853.14996,miles de millones de pesos,dinero,total
2018-11-01,07,Maule,facturas_compra_interregional,unidades,636776.0,miles de unidades,conteo,total
2018-11-01,07,Maule,facturas_venta_interregional,unidades,500731.0,miles de unidades,conteo,total
2018-11-01,07,Maule,venta_interregional,pesos,276793829008.58,miles de millones de pesos,dinero,total
2018-11-01,07,Maule,venta_intrarregional,pesos,272290163853.14996,miles de millones de pesos,dinero,total
2018-11-01,08,Biobío,compra_interregional,pesos,497956908733.62994,miles de millones de pesos,dinero,total
2018-11-01,08,Biobío,compra_intrarregional,pesos,445549162514.44,miles de millones de pesos,dinero,total
2018-11-01,08,Biobío,facturas_compra_interregional,unidades,977277.0,miles de unidades,conteo,total
2018-11-01,08,Biobío,facturas_venta_interregional,unidades,395776.0,miles de unidades,conteo,total
2018-11-01,08,Biobío,venta_interregional,pesos,562820483742.9,miles de millones de pesos,dinero,total
2018-11-01,08,Biobío,venta_intrarregional,pesos,445549162514.44,miles de millones de pesos,dinero,total
2018-11-01,09,La Araucanía,compra_interregional,pesos,254131927988.53,miles de millones de pesos,dinero,total
2018-11-01,09,La Araucanía,compra_intrarregional,pesos,204162522409.69998,miles de millones de pesos,dinero,total
2018-11-01,09,La Araucanía,facturas_compra_interregional,unidades,535098.0,miles de unidades,conteo,total
2018-11-01,09,La Araucanía,facturas_venta_interregional,unidades,282223.0,miles de unidades,conteo,total
2018-11-01,09,La Araucanía,venta_interregional,pesos,189739349216.87003,miles de millones de pesos,dinero,total
2018-11-01,09,La Araucanía,venta_intrarregional,pesos,204162522409.69998,miles de millones de pesos,dinero,total
2018-11-01,10,Los Lagos,compra_interregional,pesos,428009866400.61,miles de millones de pesos,dinero,total
2018-11-01,10,Los Lagos,compra_intrarregional,pesos,456782441187.83,miles de millones de pesos,dinero,total
2018-11-01,10,Los Lagos,facturas_compra_interregional,unidades,590253.0,miles de unidades,conteo,total
2018-11-01,10,Los Lagos,facturas_venta_interregional,unidades,323103.0,miles de unidades,conteo,total
2018-11-01,10,Los Lagos,venta_interregional,pesos,239909665821.41998,miles de millones de pesos,dinero,total
2018-11-01,10,Los Lagos,venta_intrarregional,pesos,456782441187.83,miles de millones de pesos,dinero,total
2018-11-01,11,Aysén,compra_interregional,pesos,36109357236.166,miles de millones de pesos,dinero,total
2018-11-01,11,Aysén,compra_intrarregional,pesos,24785284610.0,miles de millones de pesos,dinero,total
2018-11-01,11,Aysén,facturas_compra_interregional,unidades,77326.0,miles de unidades,conteo,total
2018-11-01,11,Aysén,facturas_venta_interregional,unidades,24091.0,miles de unidades,conteo,total
2018-11-01,11,Aysén,venta_interregional,pesos,16295294647.999998,miles de millones de pesos,dinero,total
2018-11-01,11,Aysén,venta_intrarregional,pesos,24785284610.0,miles de millones de pesos,dinero,total
2018-11-01,12,Magallanes,compra_interregional,pesos,83489068489.6,miles de millones de pesos,dinero,total
2018-11-01,12,Magallanes,compra_intrarregional,pesos,84112993200.046,miles de millones de pesos,dinero,total
2018-11-01,12,Magallanes,facturas_compra_interregional,unidades,119575.0,miles de unidades,conteo,total
2018-11-01,12,Magallanes,facturas_venta_interregional,unidades,36336.0,miles de unidades,conteo,total
2018-11-01,12,Magallanes,venta_interregional,pesos,58258288831.027,miles de millones de pesos,dinero,total
2018-11-01,12,Magallanes,venta_intrarregional,pesos,84112993200.046,miles de millones de pesos,dinero,total
2018-11-01,13,Metropolitana de Santiago,compra_interregional,pesos,3018803108568.1,miles de millones de pesos,dinero,total
2018-11-01,13,Metropolitana de Santiago,compra_intrarregional,pesos,11804150360477.0,miles de millones de pesos,dinero,total
2018-11-01,13,Metropolitana de Santiago,facturas_compra_interregional,unidades,2412994.0,miles de unidades,conteo,total
2018-11-01,13,Metropolitana de Santiago,facturas_venta_interregional,unidades,5837791.0,miles de unidades,conteo,total
2018-11-01,13,Metropolitana de Santiago,venta_interregional,pesos,3479887076458.9,miles de millones de pesos,dinero,total
2018-11-01,13,Metropolitana de Santiago,venta_intrarregional,pesos,11804150360477.0,miles de millones de pesos,dinero,total
2018-11-01,14,Los Ríos,compra_interregional,pesos,151185446465.19,miles de millones de pesos,dinero,total
2018-11-01,14,Los Ríos,compra_intrarregional,pesos,73389254683.5,miles de millones de pesos,dinero,total
2018-11-01,14,Los Ríos,facturas_compra_interregional,unidades,304004.0,miles de unidades,conteo,total
2018-11-01,14,Los Ríos,facturas_venta_interregional,unidades,140843.0,miles de unidades,conteo,total
2018-11-01,14,Los Ríos,venta_interregional,pesos,117233327289.20999,miles de millones de pesos,dinero,total
2018-11-01,14,Los Ríos,venta_intrarregional,pesos,73389254683.5,miles de millones de pesos,dinero,total
2018-11-01,15,Arica y Parinacota,compra_interregional,pesos,54252207246.5,miles de millones de pesos,dinero,total
2018-11-01,15,Arica y Parinacota,compra_intrarregional,pesos,28798378843.0,miles de millones de pesos,dinero,total
2018-11-01,15,Arica y Parinacota,facturas_compra_interregional,unidades,100417.0,miles de unidades,conteo,total
2018-11-01,15,Arica y Parinacota,facturas_venta_interregional,unidades,46277.0,miles de unidades,conteo,total
2018-11-01,15,Arica y Parinacota,venta_interregional,pesos,29256964804.0,miles de millones de pesos,dinero,total
2018-11-01,15,Arica y Parinacota,venta_intrarregional,pesos,28798378843.0,miles de millones de pesos,dinero,total
2018-11-01,16,Ñuble,compra_interregional,pesos,131563057635.13,miles de millones de pesos,dinero,total
2018-11-01,16,Ñuble,compra_intrarregional,pesos,79066781569.166,miles de millones de pesos,dinero,total
2018-11-01,16,Ñuble,facturas_compra_interregional,unidades,283234.0,miles de unidades,conteo,total
2018-11-01,16,Ñuble,facturas_venta_interregional,unidades,195424.0,miles de unidades,conteo,total
2018-11-01,16,Ñuble,venta_interregional,pesos,111276423789.15001,miles de millones de pesos,dinero,total
2018-11-01,16,Ñuble,venta_intrarregional,pesos,79066781569.166,miles de millones de pesos,dinero,total
2018-12-01,01,Tarapacá,compra_interregional,pesos,171834325004.42,miles de millones de pesos,dinero,total
2018-12-01,01,Tarapacá,compra_intrarregional,pesos,86649142239.833,miles de millones de pesos,dinero,total
2018-12-01,01,Tarapacá,facturas_compra_interregional,unidades,173012.0,miles de unidades,conteo,total
2018-12-01,01,Tarapacá,facturas_venta_interregional,unidades,66697.0,miles de unidades,conteo,total
2018-12-01,01,Tarapacá,venta_interregional,pesos,68145164495.857,miles de millones de pesos,dinero,total
2018-12-01,01,Tarapacá,venta_intrarregional,pesos,86649142239.833,miles de millones de pesos,dinero,total
2018-12-01,02,Antofagasta,compra_interregional,pesos,417809538057.06995,miles de millones de pesos,dinero,total
2018-12-01,02,Antofagasta,compra_intrarregional,pesos,273430175968.83,miles de millones de pesos,dinero,total
2018-12-01,02,Antofagasta,facturas_compra_interregional,unidades,400688.0,miles de unidades,conteo,total
2018-12-01,02,Antofagasta,facturas_venta_interregional,unidades,189204.0,miles de unidades,conteo,total
2018-12-01,02,Antofagasta,venta_interregional,pesos,355508075148.43,miles de millones de pesos,dinero,total
2018-12-01,02,Antofagasta,venta_intrarregional,pesos,273430175968.83,miles de millones de pesos,dinero,total
2018-12-01,03,Atacama,compra_interregional,pesos,137970882995.26,miles de millones de pesos,dinero,total
2018-12-01,03,Atacama,compra_intrarregional,pesos,73543822892.0,miles de millones de pesos,dinero,total
2018-12-01,03,Atacama,facturas_compra_interregional,unidades,210385.0,miles de unidades,conteo,total
2018-12-01,03,Atacama,facturas_venta_interregional,unidades,68956.0,miles de unidades,conteo,total
2018-12-01,03,Atacama,venta_interregional,pesos,89469482101.8,miles de millones de pesos,dinero,total
2018-12-01,03,Atacama,venta_intrarregional,pesos,73543822892.0,miles de millones de pesos,dinero,total
2018-12-01,04,Coquimbo,compra_interregional,pesos,226041058537.92,miles de millones de pesos,dinero,total
2018-12-01,04,Coquimbo,compra_intrarregional,pesos,166899827487.33,miles de millones de pesos,dinero,total
2018-12-01,04,Coquimbo,facturas_compra_interregional,unidades,445711.0,miles de unidades,conteo,total
2018-12-01,04,Coquimbo,facturas_venta_interregional,unidades,168710.0,miles de unidades,conteo,total
2018-12-01,04,Coquimbo,venta_interregional,pesos,144708828642.96,miles de millones de pesos,dinero,total
2018-12-01,04,Coquimbo,venta_intrarregional,pesos,166899827487.33,miles de millones de pesos,dinero,total
2018-12-01,05,Valparaíso,compra_interregional,pesos,717262914841.87,miles de millones de pesos,dinero,total
2018-12-01,05,Valparaíso,compra_intrarregional,pesos,498359764691.11,miles de millones de pesos,dinero,total
2018-12-01,05,Valparaíso,facturas_compra_interregional,unidades,1137679.0,miles de unidades,conteo,total
2018-12-01,05,Valparaíso,facturas_venta_interregional,unidades,576095.0,miles de unidades,conteo,total
2018-12-01,05,Valparaíso,venta_interregional,pesos,1013207561060.0,miles de millones de pesos,dinero,total
2018-12-01,05,Valparaíso,venta_intrarregional,pesos,498359764691.11,miles de millones de pesos,dinero,total
2018-12-01,06,O'Higgins,compra_interregional,pesos,472248664584.02997,miles de millones de pesos,dinero,total
2018-12-01,06,O'Higgins,compra_intrarregional,pesos,333553553202.89996,miles de millones de pesos,dinero,total
2018-12-01,06,O'Higgins,facturas_compra_interregional,unidades,643472.0,miles de unidades,conteo,total
2018-12-01,06,O'Higgins,facturas_venta_interregional,unidades,236324.0,miles de unidades,conteo,total
2018-12-01,06,O'Higgins,venta_interregional,pesos,328763835313.58997,miles de millones de pesos,dinero,total
2018-12-01,06,O'Higgins,venta_intrarregional,pesos,333553553202.89996,miles de millones de pesos,dinero,total
2018-12-01,07,Maule,compra_interregional,pesos,360225508704.76,miles de millones de pesos,dinero,total
2018-12-01,07,Maule,compra_intrarregional,pesos,373383659578.99,miles de millones de pesos,dinero,total
2018-12-01,07,Maule,facturas_compra_interregional,unidades,630686.0,miles de unidades,conteo,total
2018-12-01,07,Maule,facturas_venta_interregional,unidades,502728.0,miles de unidades,conteo,total
2018-12-01,07,Maule,venta_interregional,pesos,320356242681.58,miles de millones de pesos,dinero,total
2018-12-01,07,Maule,venta_intrarregional,pesos,373383659578.99,miles de millones de pesos,dinero,total
2018-12-01,08,Biobío,compra_interregional,pesos,556557246744.5299,miles de millones de pesos,dinero,total
2018-12-01,08,Biobío,compra_intrarregional,pesos,499823084933.9,miles de millones de pesos,dinero,total
2018-12-01,08,Biobío,facturas_compra_interregional,unidades,952423.0,miles de unidades,conteo,total
2018-12-01,08,Biobío,facturas_venta_interregional,unidades,398633.0,miles de unidades,conteo,total
2018-12-01,08,Biobío,venta_interregional,pesos,645859244140.89,miles de millones de pesos,dinero,total
2018-12-01,08,Biobío,venta_intrarregional,pesos,499823084933.9,miles de millones de pesos,dinero,total
2018-12-01,09,La Araucanía,compra_interregional,pesos,261279762212.77,miles de millones de pesos,dinero,total
2018-12-01,09,La Araucanía,compra_intrarregional,pesos,242156414324.85,miles de millones de pesos,dinero,total
2018-12-01,09,La Araucanía,facturas_compra_interregional,unidades,529803.0,miles de unidades,conteo,total
2018-12-01,09,La Araucanía,facturas_venta_interregional,unidades,280008.0,miles de unidades,conteo,total
2018-12-01,09,La Araucanía,venta_interregional,pesos,223594765863.91,miles de millones de pesos,dinero,total
2018-12-01,09,La Araucanía,venta_intrarregional,pesos,242156414324.85,miles de millones de pesos,dinero,total
2018-12-01,10,Los Lagos,compra_interregional,pesos,457217689166.21,miles de millones de pesos,dinero,total
2018-12-01,10,Los Lagos,compra_intrarregional,pesos,519520847041.46,miles de millones de pesos,dinero,total
2018-12-01,10,Los Lagos,facturas_compra_interregional,unidades,579784.0,miles de unidades,conteo,total
2018-12-01,10,Los Lagos,facturas_venta_interregional,unidades,323828.0,miles de unidades,conteo,total
2018-12-01,10,Los Lagos,venta_interregional,pesos,262646321979.20996,miles de millones de pesos,dinero,total
2018-12-01,10,Los Lagos,venta_intrarregional,pesos,519520847041.46,miles de millones de pesos,dinero,total
2018-12-01,11,Aysén,compra_interregional,pesos,38122873816.833,miles de millones de pesos,dinero,total
2018-12-01,11,Aysén,compra_intrarregional,pesos,27642341373.833,miles de millones de pesos,dinero,total
2018-12-01,11,Aysén,facturas_compra_interregional,unidades,75546.0,miles de unidades,conteo,total
2018-12-01,11,Aysén,facturas_venta_interregional,unidades,23322.0,miles de unidades,conteo,total
2018-12-01,11,Aysén,venta_interregional,pesos,17961101413.0,miles de millones de pesos,dinero,total
2018-12-01,11,Aysén,venta_intrarregional,pesos,27642341373.833,miles de millones de pesos,dinero,total
2018-12-01,12,Magallanes,compra_interregional,pesos,95041683824.8,miles de millones de pesos,dinero,total
2018-12-01,12,Magallanes,compra_intrarregional,pesos,93424040269.993,miles de millones de pesos,dinero,total
2018-12-01,12,Magallanes,facturas_compra_interregional,unidades,114142.0,miles de unidades,conteo,total
2018-12-01,12,Magallanes,facturas_venta_interregional,unidades,36568.0,miles de unidades,conteo,total
2018-12-01,12,Magallanes,venta_interregional,pesos,76253763816.484,miles de millones de pesos,dinero,total
2018-12-01,12,Magallanes,venta_intrarregional,pesos,93424040269.993,miles de millones de pesos,dinero,total
2018-12-01,13,Metropolitana de Santiago,compra_interregional,pesos,3577275387444.8,miles de millones de pesos,dinero,total
2018-12-01,13,Metropolitana de Santiago,compra_intrarregional,pesos,13331363206968.0,miles de millones de pesos,dinero,total
2018-12-01,13,Metropolitana de Santiago,facturas_compra_interregional,unidades,2400923.0,miles de unidades,conteo,total
2018-12-01,13,Metropolitana de Santiago,facturas_venta_interregional,unidades,5723402.0,miles de unidades,conteo,total
2018-12-01,13,Metropolitana de Santiago,venta_interregional,pesos,4031058956992.5,miles de millones de pesos,dinero,total
2018-12-01,13,Metropolitana de Santiago,venta_intrarregional,pesos,13331363206968.0,miles de millones de pesos,dinero,total
2018-12-01,14,Los Ríos,compra_interregional,pesos,159788207260.16,miles de millones de pesos,dinero,total
2018-12-01,14,Los Ríos,compra_intrarregional,pesos,81675035090.5,miles de millones de pesos,dinero,total
2018-12-01,14,Los Ríos,facturas_compra_interregional,unidades,304868.0,miles de unidades,conteo,total
2018-12-01,14,Los Ríos,facturas_venta_interregional,unidades,139597.0,miles de unidades,conteo,total
2018-12-01,14,Los Ríos,venta_interregional,pesos,115355143436.86,miles de millones de pesos,dinero,total
2018-12-01,14,Los Ríos,venta_intrarregional,pesos,81675035090.5,miles de millones de pesos,dinero,total
2018-12-01,15,Arica y Parinacota,compra_interregional,pesos,62589479956.43301,miles de millones de pesos,dinero,total
2018-12-01,15,Arica y Parinacota,compra_intrarregional,pesos,32332941816.75,miles de millones de pesos,dinero,total
2018-12-01,15,Arica y Parinacota,facturas_compra_interregional,unidades,96313.0,miles de unidades,conteo,total
2018-12-01,15,Arica y Parinacota,facturas_venta_interregional,unidades,42996.0,miles de unidades,conteo,total
2018-12-01,15,Arica y Parinacota,venta_interregional,pesos,25235164590.0,miles de millones de pesos,dinero,total
2018-12-01,15,Arica y Parinacota,venta_intrarregional,pesos,32332941816.75,miles de millones de pesos,dinero,total
2018-12-01,16,Ñuble,compra_interregional,pesos,137652915319.83,miles de millones de pesos,dinero,total
2018-12-01,16,Ñuble,compra_intrarregional,pesos,88757823629.833,miles de millones de pesos,dinero,total
2018-12-01,16,Ñuble,facturas_compra_interregional,unidades,278531.0,miles de unidades,conteo,total
2018-12-01,16,Ñuble,facturas_venta_interregional,unidades,196898.0,miles de unidades,conteo,total
2018-12-01,16,Ñuble,venta_interregional,pesos,130794486794.56999,miles de millones de pesos,dinero,total
2018-12-01,16,Ñuble,venta_intrarregional,pesos,88757823629.833,miles de millones de pesos,dinero,total
2019-01-01,01,Tarapacá,compra_interregional,pesos,126460852911.36,miles de millones de pesos,dinero,total
2019-01-01,01,Tarapacá,compra_intrarregional,pesos,73516112445.083,miles de millones de pesos,dinero,total
2019-01-01,01,Tarapacá,facturas_compra_interregional,unidades,176374.0,miles de unidades,conteo,total
2019-01-01,01,Tarapacá,facturas_venta_interregional,unidades,68293.0,miles de unidades,conteo,total
2019-01-01,01,Tarapacá,venta_interregional,pesos,60410601344.283005,miles de millones de pesos,dinero,total
2019-01-01,01,Tarapacá,venta_intrarregional,pesos,73516112445.083,miles de millones de pesos,dinero,total
2019-01-01,02,Antofagasta,compra_interregional,pesos,350547177991.62,miles de millones de pesos,dinero,total
2019-01-01,02,Antofagasta,compra_intrarregional,pesos,181627606059.91,miles de millones de pesos,dinero,total
2019-01-01,02,Antofagasta,facturas_compra_interregional,unidades,402309.0,miles de unidades,conteo,total
2019-01-01,02,Antofagasta,facturas_venta_interregional,unidades,191651.0,miles de unidades,conteo,total
2019-01-01,02,Antofagasta,venta_interregional,pesos,326538185606.80005,miles de millones de pesos,dinero,total
2019-01-01,02,Antofagasta,venta_intrarregional,pesos,181627606059.91,miles de millones de pesos,dinero,total
2019-01-01,03,Atacama,compra_interregional,pesos,120393078390.08,miles de millones de pesos,dinero,total
2019-01-01,03,Atacama,compra_intrarregional,pesos,58372431841.0,miles de millones de pesos,dinero,total
2019-01-01,03,Atacama,facturas_compra_interregional,unidades,213396.0,miles de unidades,conteo,total
2019-01-01,03,Atacama,facturas_venta_interregional,unidades,68985.0,miles de unidades,conteo,total
2019-01-01,03,Atacama,venta_interregional,pesos,69901741278.91101,miles de millones de pesos,dinero,total
2019-01-01,03,Atacama,venta_intrarregional,pesos,58372431841.0,miles de millones de pesos,dinero,total
2019-01-01,04,Coquimbo,compra_interregional,pesos,206957955719.33,miles de millones de pesos,dinero,total
2019-01-01,04,Coquimbo,compra_intrarregional,pesos,136799352491.0,miles de millones de pesos,dinero,total
2019-01-01,04,Coquimbo,facturas_compra_interregional,unidades,468613.0,miles de unidades,conteo,total
2019-01-01,04,Coquimbo,facturas_venta_interregional,unidades,178476.0,miles de unidades,conteo,total
2019-01-01,04,Coquimbo,venta_interregional,pesos,127067641592.67,miles de millones de pesos,dinero,total
2019-01-01,04,Coquimbo,venta_intrarregional,pesos,136799352491.0,miles de millones de pesos,dinero,total
2019-01-01,05,Valparaíso,compra_interregional,pesos,592191335076.61,miles de millones de pesos,dinero,total
2019-01-01,05,Valparaíso,compra_intrarregional,pesos,421071992220.39996,miles de millones de pesos,dinero,total
2019-01-01,05,Valparaíso,facturas_compra_interregional,unidades,1202446.0,miles de unidades,conteo,total
2019-01-01,05,Valparaíso,facturas_venta_interregional,unidades,589347.0,miles de unidades,conteo,total
2019-01-01,05,Valparaíso,venta_interregional,pesos,1018033617524.1,miles de millones de pesos,dinero,total
2019-01-01,05,Valparaíso,venta_intrarregional,pesos,421071992220.39996,miles de millones de pesos,dinero,total
2019-01-01,06,O'Higgins,compra_interregional,pesos,388048756873.36,miles de millones de pesos,dinero,total
2019-01-01,06,O'Higgins,compra_intrarregional,pesos,253107993160.33002,miles de millones de pesos,dinero,total
2019-01-01,06,O'Higgins,facturas_compra_interregional,unidades,668823.0,miles de unidades,conteo,total
2019-01-01,06,O'Higgins,facturas_venta_interregional,unidades,241793.0,miles de unidades,conteo,total
2019-01-01,06,O'Higgins,venta_interregional,pesos,278532307875.65,miles de millones de pesos,dinero,total
2019-01-01,06,O'Higgins,venta_intrarregional,pesos,253107993160.33002,miles de millones de pesos,dinero,total
2019-01-01,07,Maule,compra_interregional,pesos,320108472775.05,miles de millones de pesos,dinero,total
2019-01-01,07,Maule,compra_intrarregional,pesos,269084426699.19998,miles de millones de pesos,dinero,total
2019-01-01,07,Maule,facturas_compra_interregional,unidades,653297.0,miles de unidades,conteo,total
2019-01-01,07,Maule,facturas_venta_interregional,unidades,517799.99999999994,miles de unidades,conteo,total
2019-01-01,07,Maule,venta_interregional,pesos,282364958565.88,miles de millones de pesos,dinero,total
2019-01-01,07,Maule,venta_intrarregional,pesos,269084426699.19998,miles de millones de pesos,dinero,total
2019-01-01,08,Biobío,compra_interregional,pesos,502578259732.04004,miles de millones de pesos,dinero,total
2019-01-01,08,Biobío,compra_intrarregional,pesos,424770174346.8,miles de millones de pesos,dinero,total
2019-01-01,08,Biobío,facturas_compra_interregional,unidades,981472.0,miles de unidades,conteo,total
2019-01-01,08,Biobío,facturas_venta_interregional,unidades,396053.0,miles de unidades,conteo,total
2019-01-01,08,Biobío,venta_interregional,pesos,530541174343.12,miles de millones de pesos,dinero,total
2019-01-01,08,Biobío,venta_intrarregional,pesos,424770174346.8,miles de millones de pesos,dinero,total
2019-01-01,09,La Araucanía,compra_interregional,pesos,237462010071.84998,miles de millones de pesos,dinero,total
2019-01-01,09,La Araucanía,compra_intrarregional,pesos,205306679545.57,miles de millones de pesos,dinero,total
2019-01-01,09,La Araucanía,facturas_compra_interregional,unidades,560142.0,miles de unidades,conteo,total
2019-01-01,09,La Araucanía,facturas_venta_interregional,unidades,297719.0,miles de unidades,conteo,total
2019-01-01,09,La Araucanía,venta_interregional,pesos,191050667781.58,miles de millones de pesos,dinero,total
2019-01-01,09,La Araucanía,venta_intrarregional,pesos,205306679545.57,miles de millones de pesos,dinero,total
2019-01-01,10,Los Lagos,compra_interregional,pesos,421369330573.63,miles de millones de pesos,dinero,total
2019-01-01,10,Los Lagos,compra_intrarregional,pesos,437269224553.95996,miles de millones de pesos,dinero,total
2019-01-01,10,Los Lagos,facturas_compra_interregional,unidades,610471.0,miles de unidades,conteo,total
2019-01-01,10,Los Lagos,facturas_venta_interregional,unidades,335034.0,miles de unidades,conteo,total
2019-01-01,10,Los Lagos,venta_interregional,pesos,217840398538.56,miles de millones de pesos,dinero,total
2019-01-01,10,Los Lagos,venta_intrarregional,pesos,437269224553.95996,miles de millones de pesos,dinero,total
2019-01-01,11,Aysén,compra_interregional,pesos,26603604615.0,miles de millones de pesos,dinero,total
2019-01-01,11,Aysén,compra_intrarregional,pesos,19442204485.5,miles de millones de pesos,dinero,total
2019-01-01,11,Aysén,facturas_compra_interregional,unidades,78155.0,miles de unidades,conteo,total
2019-01-01,11,Aysén,facturas_venta_interregional,unidades,23619.0,miles de unidades,conteo,total
2019-01-01,11,Aysén,venta_interregional,pesos,18543814266.0,miles de millones de pesos,dinero,total
2019-01-01,11,Aysén,venta_intrarregional,pesos,19442204485.5,miles de millones de pesos,dinero,total
2019-01-01,12,Magallanes,compra_interregional,pesos,71334363284.09999,miles de millones de pesos,dinero,total
2019-01-01,12,Magallanes,compra_intrarregional,pesos,68776078870.315,miles de millones de pesos,dinero,total
2019-01-01,12,Magallanes,facturas_compra_interregional,unidades,116999.0,miles de unidades,conteo,total
2019-01-01,12,Magallanes,facturas_venta_interregional,unidades,35337.0,miles de unidades,conteo,total
2019-01-01,12,Magallanes,venta_interregional,pesos,46278151471.658,miles de millones de pesos,dinero,total
2019-01-01,12,Magallanes,venta_intrarregional,pesos,68776078870.315,miles de millones de pesos,dinero,total
2019-01-01,13,Metropolitana de Santiago,compra_interregional,pesos,3007142545086.6,miles de millones de pesos,dinero,total
2019-01-01,13,Metropolitana de Santiago,compra_intrarregional,pesos,10891441466279.0,miles de millones de pesos,dinero,total
2019-01-01,13,Metropolitana de Santiago,facturas_compra_interregional,unidades,2419696.0,miles de unidades,conteo,total
2019-01-01,13,Metropolitana de Santiago,facturas_venta_interregional,unidades,5941749.0,miles de unidades,conteo,total
2019-01-01,13,Metropolitana de Santiago,venta_interregional,pesos,3240641437237.9,miles de millones de pesos,dinero,total
2019-01-01,13,Metropolitana de Santiago,venta_intrarregional,pesos,10891441466279.0,miles de millones de pesos,dinero,total
2019-01-01,14,Los Ríos,compra_interregional,pesos,137142266674.28,miles de millones de pesos,dinero,total
2019-01-01,14,Los Ríos,compra_intrarregional,pesos,68514091465.75,miles de millones de pesos,dinero,total
2019-01-01,14,Los Ríos,facturas_compra_interregional,unidades,327150.0,miles de unidades,conteo,total
2019-01-01,14,Los Ríos,facturas_venta_interregional,unidades,144920.0,miles de unidades,conteo,total
2019-01-01,14,Los Ríos,venta_interregional,pesos,116454765703.75,miles de millones de pesos,dinero,total
2019-01-01,14,Los Ríos,venta_intrarregional,pesos,68514091465.75,miles de millones de pesos,dinero,total
2019-01-01,15,Arica y Parinacota,compra_interregional,pesos,39306504151.408,miles de millones de pesos,dinero,total
2019-01-01,15,Arica y Parinacota,compra_intrarregional,pesos,26320147883.5,miles de millones de pesos,dinero,total
2019-01-01,15,Arica y Parinacota,facturas_compra_interregional,unidades,96597.0,miles de unidades,conteo,total
2019-01-01,15,Arica y Parinacota,facturas_venta_interregional,unidades,39949.0,miles de unidades,conteo,total
2019-01-01,15,Arica y Parinacota,venta_interregional,pesos,22320660314.0,miles de millones de pesos,dinero,total
2019-01-01,15,Arica y Parinacota,venta_intrarregional,pesos,26320147883.5,miles de millones de pesos,dinero,total
2019-01-01,16,Ñuble,compra_interregional,pesos,127374110278.56,miles de millones de pesos,dinero,total
2019-01-01,16,Ñuble,compra_intrarregional,pesos,83728292912.0,miles de millones de pesos,dinero,total
2019-01-01,16,Ñuble,facturas_compra_interregional,unidades,292777.0,miles de unidades,conteo,total
2019-01-01,16,Ñuble,facturas_venta_interregional,unidades,197992.0,miles de unidades,conteo,total
2019-01-01,16,Ñuble,venta_interregional,pesos,128500500760.0,miles de millones de pesos,dinero,total
2019-01-01,16,Ñuble,venta_intrarregional,pesos,83728292912.0,miles de millones de pesos,dinero,total
2019-02-01,01,Tarapacá,compra_interregional,pesos,111924713130.5,miles de millones de pesos,dinero,total
2019-02-01,01,Tarapacá,compra_intrarregional,pesos,66162926268.99999,miles de millones de pesos,dinero,total
2019-02-01,01,Tarapacá,facturas_compra_interregional,unidades,160926.0,miles de unidades,conteo,total
2019-02-01,01,Tarapacá,facturas_venta_interregional,unidades,59557.0,miles de unidades,conteo,total
2019-02-01,01,Tarapacá,venta_interregional,pesos,54981801228.033,miles de millones de pesos,dinero,total
2019-02-01,01,Tarapacá,venta_intrarregional,pesos,66162926268.99999,miles de millones de pesos,dinero,total
2019-02-01,02,Antofagasta,compra_interregional,pesos,356524519624.65,miles de millones de pesos,dinero,total
2019-02-01,02,Antofagasta,compra_intrarregional,pesos,175350440929.22998,miles de millones de pesos,dinero,total
2019-02-01,02,Antofagasta,facturas_compra_interregional,unidades,367864.0,miles de unidades,conteo,total
2019-02-01,02,Antofagasta,facturas_venta_interregional,unidades,173190.0,miles de unidades,conteo,total
2019-02-01,02,Antofagasta,venta_interregional,pesos,292646170657.26996,miles de millones de pesos,dinero,total
2019-02-01,02,Antofagasta,venta_intrarregional,pesos,175350440929.22998,miles de millones de pesos,dinero,total
2019-02-01,03,Atacama,compra_interregional,pesos,109357885369.90001,miles de millones de pesos,dinero,total
2019-02-01,03,Atacama,compra_intrarregional,pesos,51779648823.0,miles de millones de pesos,dinero,total
2019-02-01,03,Atacama,facturas_compra_interregional,unidades,193954.0,miles de unidades,conteo,total
2019-02-01,03,Atacama,facturas_venta_interregional,unidades,62781.0,miles de unidades,conteo,total
2019-02-01,03,Atacama,venta_interregional,pesos,79984422362.0,miles de millones de pesos,dinero,total
2019-02-01,03,Atacama,venta_intrarregional,pesos,51779648823.0,miles de millones de pesos,dinero,total
2019-02-01,04,Coquimbo,compra_interregional,pesos,192631617440.52,miles de millones de pesos,dinero,total
2019-02-01,04,Coquimbo,compra_intrarregional,pesos,139357848467.75,miles de millones de pesos,dinero,total
2019-02-01,04,Coquimbo,facturas_compra_interregional,unidades,435959.0,miles de unidades,conteo,total
2019-02-01,04,Coquimbo,facturas_venta_interregional,unidades,160225.0,miles de unidades,conteo,total
2019-02-01,04,Coquimbo,venta_interregional,pesos,118717435440.93999,miles de millones de pesos,dinero,total
2019-02-01,04,Coquimbo,venta_intrarregional,pesos,139357848467.75,miles de millones de pesos,dinero,total
2019-02-01,05,Valparaíso,compra_interregional,pesos,546404802404.6,miles de millones de pesos,dinero,total
2019-02-01,05,Valparaíso,compra_intrarregional,pesos,386505691096.48,miles de millones de pesos,dinero,total
2019-02-01,05,Valparaíso,facturas_compra_interregional,unidades,1095598.0,miles de unidades,conteo,total
2019-02-01,05,Valparaíso,facturas_venta_interregional,unidades,524073.99999999994,miles de unidades,conteo,total
2019-02-01,05,Valparaíso,venta_interregional,pesos,847265049014.85,miles de millones de pesos,dinero,total
2019-02-01,05,Valparaíso,venta_intrarregional,pesos,386505691096.48,miles de millones de pesos,dinero,total
2019-02-01,06,O'Higgins,compra_interregional,pesos,356366858080.96,miles de millones de pesos,dinero,total
2019-02-01,06,O'Higgins,compra_intrarregional,pesos,250261260166.66,miles de millones de pesos,dinero,total
2019-02-01,06,O'Higgins,facturas_compra_interregional,unidades,597902.0,miles de unidades,conteo,total
2019-02-01,06,O'Higgins,facturas_venta_interregional,unidades,214314.0,miles de unidades,conteo,total
2019-02-01,06,O'Higgins,venta_interregional,pesos,259662289691.42996,miles de millones de pesos,dinero,total
2019-02-01,06,O'Higgins,venta_intrarregional,pesos,250261260166.66,miles de millones de pesos,dinero,total
2019-02-01,07,Maule,compra_interregional,pesos,298106414000.77997,miles de millones de pesos,dinero,total
2019-02-01,07,Maule,compra_intrarregional,pesos,237922791975.68002,miles de millones de pesos,dinero,total
2019-02-01,07,Maule,facturas_compra_interregional,unidades,590311.0,miles de unidades,conteo,total
2019-02-01,07,Maule,facturas_venta_interregional,unidades,470054.0,miles de unidades,conteo,total
2019-02-01,07,Maule,venta_interregional,pesos,270185930187.33997,miles de millones de pesos,dinero,total
2019-02-01,07,Maule,venta_intrarregional,pesos,237922791975.68002,miles de millones de pesos,dinero,total
2019-02-01,08,Biobío,compra_interregional,pesos,459811593657.42004,miles de millones de pesos,dinero,total
2019-02-01,08,Biobío,compra_intrarregional,pesos,384080362963.58,miles de millones de pesos,dinero,total
2019-02-01,08,Biobío,facturas_compra_interregional,unidades,896100.0,miles de unidades,conteo,total
2019-02-01,08,Biobío,facturas_venta_interregional,unidades,358245.0,miles de unidades,conteo,total
2019-02-01,08,Biobío,venta_interregional,pesos,515897499022.39996,miles de millones de pesos,dinero,total
2019-02-01,08,Biobío,venta_intrarregional,pesos,384080362963.58,miles de millones de pesos,dinero,total
2019-02-01,09,La Araucanía,compra_interregional,pesos,240660464540.23,miles de millones de pesos,dinero,total
2019-02-01,09,La Araucanía,compra_intrarregional,pesos,212368187101.13998,miles de millones de pesos,dinero,total
2019-02-01,09,La Araucanía,facturas_compra_interregional,unidades,513705.00000000006,miles de unidades,conteo,total
2019-02-01,09,La Araucanía,facturas_venta_interregional,unidades,279103.0,miles de unidades,conteo,total
2019-02-01,09,La Araucanía,venta_interregional,pesos,209582792748.08002,miles de millones de pesos,dinero,total
2019-02-01,09,La Araucanía,venta_intrarregional,pesos,212368187101.13998,miles de millones de pesos,dinero,total
2019-02-01,10,Los Lagos,compra_interregional,pesos,408153411965.49005,miles de millones de pesos,dinero,total
2019-02-01,10,Los Lagos,compra_intrarregional,pesos,423759380050.91003,miles de millones de pesos,dinero,total
2019-02-01,10,Los Lagos,facturas_compra_interregional,unidades,557222.0,miles de unidades,conteo,total
2019-02-01,10,Los Lagos,facturas_venta_interregional,unidades,318522.0,miles de unidades,conteo,total
2019-02-01,10,Los Lagos,venta_interregional,pesos,223328311521.80002,miles de millones de pesos,dinero,total
2019-02-01,10,Los Lagos,venta_intrarregional,pesos,423759380050.91003,miles de millones de pesos,dinero,total
2019-02-01,11,Aysén,compra_interregional,pesos,25443122345.5,miles de millones de pesos,dinero,total
2019-02-01,11,Aysén,compra_intrarregional,pesos,21747191403.649998,miles de millones de pesos,dinero,total
2019-02-01,11,Aysén,facturas_compra_interregional,unidades,74501.0,miles de unidades,conteo,total
2019-02-01,11,Aysén,facturas_venta_interregional,unidades,22337.0,miles de unidades,conteo,total
2019-02-01,11,Aysén,venta_interregional,pesos,17182320892.0,miles de millones de pesos,dinero,total
2019-02-01,11,Aysén,venta_intrarregional,pesos,21747191403.649998,miles de millones de pesos,dinero,total
2019-02-01,12,Magallanes,compra_interregional,pesos,69922730638.108,miles de millones de pesos,dinero,total
2019-02-01,12,Magallanes,compra_intrarregional,pesos,69495261584.15701,miles de millones de pesos,dinero,total
2019-02-01,12,Magallanes,facturas_compra_interregional,unidades,105142.0,miles de unidades,conteo,total
2019-02-01,12,Magallanes,facturas_venta_interregional,unidades,31799.0,miles de unidades,conteo,total
2019-02-01,12,Magallanes,venta_interregional,pesos,48973228577.845,miles de millones de pesos,dinero,total
2019-02-01,12,Magallanes,venta_intrarregional,pesos,69495261584.15701,miles de millones de pesos,dinero,total
2019-02-01,13,Metropolitana de Santiago,compra_interregional,pesos,2753004609380.0,miles de millones de pesos,dinero,total
2019-02-01,13,Metropolitana de Santiago,compra_intrarregional,pesos,9904085054591.9,miles de millones de pesos,dinero,total
2019-02-01,13,Metropolitana de Santiago,facturas_compra_interregional,unidades,2160318.0,miles de unidades,conteo,total
2019-02-01,13,Metropolitana de Santiago,facturas_venta_interregional,unidades,5379091.0,miles de unidades,conteo,total
2019-02-01,13,Metropolitana de Santiago,venta_interregional,pesos,3042097431236.4,miles de millones de pesos,dinero,total
2019-02-01,13,Metropolitana de Santiago,venta_intrarregional,pesos,9904085054591.9,miles de millones de pesos,dinero,total
2019-02-01,14,Los Ríos,compra_interregional,pesos,134228590003.88998,miles de millones de pesos,dinero,total
2019-02-01,14,Los Ríos,compra_intrarregional,pesos,67725611279.5,miles de millones de pesos,dinero,total
2019-02-01,14,Los Ríos,facturas_compra_interregional,unidades,301331.0,miles de unidades,conteo,total
2019-02-01,14,Los Ríos,facturas_venta_interregional,unidades,135152.0,miles de unidades,conteo,total
2019-02-01,14,Los Ríos,venta_interregional,pesos,113137761530.0,miles de millones de pesos,dinero,total
2019-02-01,14,Los Ríos,venta_intrarregional,pesos,67725611279.5,miles de millones de pesos,dinero,total
2019-02-01,15,Arica y Parinacota,compra_interregional,pesos,48886699305.7,miles de millones de pesos,dinero,total
2019-02-01,15,Arica y Parinacota,compra_intrarregional,pesos,23542231845.0,miles de millones de pesos,dinero,total
2019-02-01,15,Arica y Parinacota,facturas_compra_interregional,unidades,89138.0,miles de unidades,conteo,total
2019-02-01,15,Arica y Parinacota,facturas_venta_interregional,unidades,35144.0,miles de unidades,conteo,total
2019-02-01,15,Arica y Parinacota,venta_interregional,pesos,19162098782.0,miles de millones de pesos,dinero,total
2019-02-01,15,Arica y Parinacota,venta_intrarregional,pesos,23542231845.0,miles de millones de pesos,dinero,total
2019-02-01,16,Ñuble,compra_interregional,pesos,121222610126.11,miles de millones de pesos,dinero,total
2019-02-01,16,Ñuble,compra_intrarregional,pesos,75360845948.83301,miles de millones de pesos,dinero,total
2019-02-01,16,Ñuble,facturas_compra_interregional,unidades,264275.0,miles de unidades,conteo,total
2019-02-01,16,Ñuble,facturas_venta_interregional,unidades,180658.0,miles de unidades,conteo,total
2019-02-01,16,Ñuble,venta_interregional,pesos,119846099122.0,miles de millones de pesos,dinero,total
2019-02-01,16,Ñuble,venta_intrarregional,pesos,75360845948.83301,miles de millones de pesos,dinero,total
2019-03-01,01,Tarapacá,compra_interregional,pesos,138650910551.93,miles de millones de pesos,dinero,total
2019-03-01,01,Tarapacá,compra_intrarregional,pesos,70752188229.666,miles de millones de pesos,dinero,total
2019-03-01,01,Tarapacá,facturas_compra_interregional,unidades,179166.0,miles de unidades,conteo,total
2019-03-01,01,Tarapacá,facturas_venta_interregional,unidades,68146.0,miles de unidades,conteo,total
2019-03-01,01,Tarapacá,venta_interregional,pesos,57631837775.871,miles de millones de pesos,dinero,total
2019-03-01,01,Tarapacá,venta_intrarregional,pesos,70752188229.666,miles de millones de pesos,dinero,total
2019-03-01,02,Antofagasta,compra_interregional,pesos,410508235483.23,miles de millones de pesos,dinero,total
2019-03-01,02,Antofagasta,compra_intrarregional,pesos,201074706031.91,miles de millones de pesos,dinero,total
2019-03-01,02,Antofagasta,facturas_compra_interregional,unidades,416149.0,miles de unidades,conteo,total
2019-03-01,02,Antofagasta,facturas_venta_interregional,unidades,199385.0,miles de unidades,conteo,total
2019-03-01,02,Antofagasta,venta_interregional,pesos,343747570302.33,miles de millones de pesos,dinero,total
2019-03-01,02,Antofagasta,venta_intrarregional,pesos,201074706031.91,miles de millones de pesos,dinero,total
2019-03-01,03,Atacama,compra_interregional,pesos,114473792428.5,miles de millones de pesos,dinero,total
2019-03-01,03,Atacama,compra_intrarregional,pesos,56027389496.0,miles de millones de pesos,dinero,total
2019-03-01,03,Atacama,facturas_compra_interregional,unidades,214405.0,miles de unidades,conteo,total
2019-03-01,03,Atacama,facturas_venta_interregional,unidades,68839.0,miles de unidades,conteo,total
2019-03-01,03,Atacama,venta_interregional,pesos,82550685267.0,miles de millones de pesos,dinero,total
2019-03-01,03,Atacama,venta_intrarregional,pesos,56027389496.0,miles de millones de pesos,dinero,total
2019-03-01,04,Coquimbo,compra_interregional,pesos,207068876970.97,miles de millones de pesos,dinero,total
2019-03-01,04,Coquimbo,compra_intrarregional,pesos,153337704350.5,miles de millones de pesos,dinero,total
2019-03-01,04,Coquimbo,facturas_compra_interregional,unidades,457665.0,miles de unidades,conteo,total
2019-03-01,04,Coquimbo,facturas_venta_interregional,unidades,168424.0,miles de unidades,conteo,total
2019-03-01,04,Coquimbo,venta_interregional,pesos,142133054291.02,miles de millones de pesos,dinero,total
2019-03-01,04,Coquimbo,venta_intrarregional,pesos,153337704350.5,miles de millones de pesos,dinero,total
2019-03-01,05,Valparaíso,compra_interregional,pesos,593426591719.46,miles de millones de pesos,dinero,total
2019-03-01,05,Valparaíso,compra_intrarregional,pesos,433123851918.35,miles de millones de pesos,dinero,total
2019-03-01,05,Valparaíso,facturas_compra_interregional,unidades,1162192.0,miles de unidades,conteo,total
2019-03-01,05,Valparaíso,facturas_venta_interregional,unidades,576905.0,miles de unidades,conteo,total
2019-03-01,05,Valparaíso,venta_interregional,pesos,993622043187.03,miles de millones de pesos,dinero,total
2019-03-01,05,Valparaíso,venta_intrarregional,pesos,433123851918.35,miles de millones de pesos,dinero,total
2019-03-01,06,O'Higgins,compra_interregional,pesos,407537300215.53,miles de millones de pesos,dinero,total
2019-03-01,06,O'Higgins,compra_intrarregional,pesos,267060128438.5,miles de millones de pesos,dinero,total
2019-03-01,06,O'Higgins,facturas_compra_interregional,unidades,667238.0,miles de unidades,conteo,total
2019-03-01,06,O'Higgins,facturas_venta_interregional,unidades,253724.0,miles de unidades,conteo,total
2019-03-01,06,O'Higgins,venta_interregional,pesos,337333356800.0,miles de millones de pesos,dinero,total
2019-03-01,06,O'Higgins,venta_intrarregional,pesos,267060128438.5,miles de millones de pesos,dinero,total
2019-03-01,07,Maule,compra_interregional,pesos,346567126057.74,miles de millones de pesos,dinero,total
2019-03-01,07,Maule,compra_intrarregional,pesos,286216565918.15,miles de millones de pesos,dinero,total
2019-03-01,07,Maule,facturas_compra_interregional,unidades,658523.0,miles de unidades,conteo,total
2019-03-01,07,Maule,facturas_venta_interregional,unidades,524604.0,miles de unidades,conteo,total
2019-03-01,07,Maule,venta_interregional,pesos,322521849510.84,miles de millones de pesos,dinero,total
2019-03-01,07,Maule,venta_intrarregional,pesos,286216565918.15,miles de millones de pesos,dinero,total
2019-03-01,08,Biobío,compra_interregional,pesos,526718539092.95996,miles de millones de pesos,dinero,total
2019-03-01,08,Biobío,compra_intrarregional,pesos,445614489571.62006,miles de millones de pesos,dinero,total
2019-03-01,08,Biobío,facturas_compra_interregional,unidades,1000839.0,miles de unidades,conteo,total
2019-03-01,08,Biobío,facturas_venta_interregional,unidades,403344.0,miles de unidades,conteo,total
2019-03-01,08,Biobío,venta_interregional,pesos,572488681252.37,miles de millones de pesos,dinero,total
2019-03-01,08,Biobío,venta_intrarregional,pesos,445614489571.62006,miles de millones de pesos,dinero,total
2019-03-01,09,La Araucanía,compra_interregional,pesos,256895279725.43,miles de millones de pesos,dinero,total
2019-03-01,09,La Araucanía,compra_intrarregional,pesos,236658230962.01,miles de millones de pesos,dinero,total
2019-03-01,09,La Araucanía,facturas_compra_interregional,unidades,553967.0,miles de unidades,conteo,total
2019-03-01,09,La Araucanía,facturas_venta_interregional,unidades,289014.0,miles de unidades,conteo,total
2019-03-01,09,La Araucanía,venta_interregional,pesos,220346608192.59,miles de millones de pesos,dinero,total
2019-03-01,09,La Araucanía,venta_intrarregional,pesos,236658230962.01,miles de millones de pesos,dinero,total
2019-03-01,10,Los Lagos,compra_interregional,pesos,474118478448.9,miles de millones de pesos,dinero,total
2019-03-01,10,Los Lagos,compra_intrarregional,pesos,453876205893.36,miles de millones de pesos,dinero,total
2019-03-01,10,Los Lagos,facturas_compra_interregional,unidades,608349.0,miles de unidades,conteo,total
2019-03-01,10,Los Lagos,facturas_venta_interregional,unidades,324891.0,miles de unidades,conteo,total
2019-03-01,10,Los Lagos,venta_interregional,pesos,239145449583.47,miles de millones de pesos,dinero,total
2019-03-01,10,Los Lagos,venta_intrarregional,pesos,453876205893.36,miles de millones de pesos,dinero,total
2019-03-01,11,Aysén,compra_interregional,pesos,27385734636.5,miles de millones de pesos,dinero,total
2019-03-01,11,Aysén,compra_intrarregional,pesos,23530903181.666,miles de millones de pesos,dinero,total
2019-03-01,11,Aysén,facturas_compra_interregional,unidades,78267.0,miles de unidades,conteo,total
2019-03-01,11,Aysén,facturas_venta_interregional,unidades,24174.0,miles de unidades,conteo,total
2019-03-01,11,Aysén,venta_interregional,pesos,19426146830.0,miles de millones de pesos,dinero,total
2019-03-01,11,Aysén,venta_intrarregional,pesos,23530903181.666,miles de millones de pesos,dinero,total
2019-03-01,12,Magallanes,compra_interregional,pesos,80634048270.933,miles de millones de pesos,dinero,total
2019-03-01,12,Magallanes,compra_intrarregional,pesos,77663047304.044,miles de millones de pesos,dinero,total
2019-03-01,12,Magallanes,facturas_compra_interregional,unidades,117294.0,miles de unidades,conteo,total
2019-03-01,12,Magallanes,facturas_venta_interregional,unidades,35409.0,miles de unidades,conteo,total
2019-03-01,12,Magallanes,venta_interregional,pesos,45774464238.548,miles de millones de pesos,dinero,total
2019-03-01,12,Magallanes,venta_intrarregional,pesos,77663047304.044,miles de millones de pesos,dinero,total
2019-03-01,13,Metropolitana de Santiago,compra_interregional,pesos,3192103623123.5996,miles de millones de pesos,dinero,total
2019-03-01,13,Metropolitana de Santiago,compra_intrarregional,pesos,11471422578111.0,miles de millones de pesos,dinero,total
2019-03-01,13,Metropolitana de Santiago,facturas_compra_interregional,unidades,2427172.0,miles de unidades,conteo,total
2019-03-01,13,Metropolitana de Santiago,facturas_venta_interregional,unidades,5926817.0,miles de unidades,conteo,total
2019-03-01,13,Metropolitana de Santiago,venta_interregional,pesos,3455896772690.3003,miles de millones de pesos,dinero,total
2019-03-01,13,Metropolitana de Santiago,venta_intrarregional,pesos,11471422578111.0,miles de millones de pesos,dinero,total
2019-03-01,14,Los Ríos,compra_interregional,pesos,141687736398.33002,miles de millones de pesos,dinero,total
2019-03-01,14,Los Ríos,compra_intrarregional,pesos,75543920222.5,miles de millones de pesos,dinero,total
2019-03-01,14,Los Ríos,facturas_compra_interregional,unidades,314498.0,miles de unidades,conteo,total
2019-03-01,14,Los Ríos,facturas_venta_interregional,unidades,140272.0,miles de unidades,conteo,total
2019-03-01,14,Los Ríos,venta_interregional,pesos,122571788520.0,miles de millones de pesos,dinero,total
2019-03-01,14,Los Ríos,venta_intrarregional,pesos,75543920222.5,miles de millones de pesos,dinero,total
2019-03-01,15,Arica y Parinacota,compra_interregional,pesos,49739395582.438,miles de millones de pesos,dinero,total
2019-03-01,15,Arica y Parinacota,compra_intrarregional,pesos,26986154369.0,miles de millones de pesos,dinero,total
2019-03-01,15,Arica y Parinacota,facturas_compra_interregional,unidades,99160.0,miles de unidades,conteo,total
2019-03-01,15,Arica y Parinacota,facturas_venta_interregional,unidades,41212.0,miles de unidades,conteo,total
2019-03-01,15,Arica y Parinacota,venta_interregional,pesos,21142930506.0,miles de millones de pesos,dinero,total
2019-03-01,15,Arica y Parinacota,venta_intrarregional,pesos,26986154369.0,miles de millones de pesos,dinero,total
2019-03-01,16,Ñuble,compra_interregional,pesos,126801160801.89,miles de millones de pesos,dinero,total
2019-03-01,16,Ñuble,compra_intrarregional,pesos,75662841631.25,miles de millones de pesos,dinero,total
2019-03-01,16,Ñuble,facturas_compra_interregional,unidades,288270.0,miles de unidades,conteo,total
2019-03-01,16,Ñuble,facturas_venta_interregional,unidades,197994.0,miles de unidades,conteo,total
2019-03-01,16,Ñuble,venta_interregional,pesos,117983590561.0,miles de millones de pesos,dinero,total
2019-03-01,16,Ñuble,venta_intrarregional,pesos,75662841631.25,miles de millones de pesos,dinero,total
2019-04-01,01,Tarapacá,compra_interregional,pesos,148288847246.08,miles de millones de pesos,dinero,total
2019-04-01,01,Tarapacá,compra_intrarregional,pesos,75758018952.5,miles de millones de pesos,dinero,total
2019-04-01,01,Tarapacá,facturas_compra_interregional,unidades,180498.0,miles de unidades,conteo,total
2019-04-01,01,Tarapacá,facturas_venta_interregional,unidades,69145.0,miles de unidades,conteo,total
2019-04-01,01,Tarapacá,venta_interregional,pesos,58727197661.434,miles de millones de pesos,dinero,total
2019-04-01,01,Tarapacá,venta_intrarregional,pesos,75758018952.5,miles de millones de pesos,dinero,total
2019-04-01,02,Antofagasta,compra_interregional,pesos,360387516975.56,miles de millones de pesos,dinero,total
2019-04-01,02,Antofagasta,compra_intrarregional,pesos,214301805465.0,miles de millones de pesos,dinero,total
2019-04-01,02,Antofagasta,facturas_compra_interregional,unidades,418173.0,miles de unidades,conteo,total
2019-04-01,02,Antofagasta,facturas_venta_interregional,unidades,207425.0,miles de unidades,conteo,total
2019-04-01,02,Antofagasta,venta_interregional,pesos,338167248272.5,miles de millones de pesos,dinero,total
2019-04-01,02,Antofagasta,venta_intrarregional,pesos,214301805465.0,miles de millones de pesos,dinero,total
2019-04-01,03,Atacama,compra_interregional,pesos,114389970541.2,miles de millones de pesos,dinero,total
2019-04-01,03,Atacama,compra_intrarregional,pesos,52628230470.0,miles de millones de pesos,dinero,total
2019-04-01,03,Atacama,facturas_compra_interregional,unidades,217559.0,miles de unidades,conteo,total
2019-04-01,03,Atacama,facturas_venta_interregional,unidades,66562.0,miles de unidades,conteo,total
2019-04-01,03,Atacama,venta_interregional,pesos,86289957515.1,miles de millones de pesos,dinero,total
2019-04-01,03,Atacama,venta_intrarregional,pesos,52628230470.0,miles de millones de pesos,dinero,total
2019-04-01,04,Coquimbo,compra_interregional,pesos,208039294095.65,miles de millones de pesos,dinero,total
2019-04-01,04,Coquimbo,compra_intrarregional,pesos,145340850318.0,miles de millones de pesos,dinero,total
2019-04-01,04,Coquimbo,facturas_compra_interregional,unidades,457102.0,miles de unidades,conteo,total
2019-04-01,04,Coquimbo,facturas_venta_interregional,unidades,167945.0,miles de unidades,conteo,total
2019-04-01,04,Coquimbo,venta_interregional,pesos,136887041662.18,miles de millones de pesos,dinero,total
2019-04-01,04,Coquimbo,venta_intrarregional,pesos,145340850318.0,miles de millones de pesos,dinero,total
2019-04-01,05,Valparaíso,compra_interregional,pesos,595990367707.12,miles de millones de pesos,dinero,total
2019-04-01,05,Valparaíso,compra_intrarregional,pesos,407123041190.96,miles de millones de pesos,dinero,total
2019-04-01,05,Valparaíso,facturas_compra_interregional,unidades,1164058.0,miles de unidades,conteo,total
2019-04-01,05,Valparaíso,facturas_venta_interregional,unidades,568856.0,miles de unidades,conteo,total
2019-04-01,05,Valparaíso,venta_interregional,pesos,996586212240.0801,miles de millones de pesos,dinero,total
2019-04-01,05,Valparaíso,venta_intrarregional,pesos,407123041190.96,miles de millones de pesos,dinero,total
2019-04-01,06,O'Higgins,compra_interregional,pesos,387529701613.84,miles de millones de pesos,dinero,total
2019-04-01,06,O'Higgins,compra_intrarregional,pesos,284601194608.5,miles de millones de pesos,dinero,total
2019-04-01,06,O'Higgins,facturas_compra_interregional,unidades,659611.0,miles de unidades,conteo,total
2019-04-01,06,O'Higgins,facturas_venta_interregional,unidades,235014.0,miles de unidades,conteo,total
2019-04-01,06,O'Higgins,venta_interregional,pesos,314955183878.5,miles de millones de pesos,dinero,total
2019-04-01,06,O'Higgins,venta_intrarregional,pesos,284601194608.5,miles de millones de pesos,dinero,total
2019-04-01,07,Maule,compra_interregional,pesos,344478366751.85,miles de millones de pesos,dinero,total
2019-04-01,07,Maule,compra_intrarregional,pesos,302172747024.08,miles de millones de pesos,dinero,total
2019-04-01,07,Maule,facturas_compra_interregional,unidades,651872.0,miles de unidades,conteo,total
2019-04-01,07,Maule,facturas_venta_interregional,unidades,509211.0,miles de unidades,conteo,total
2019-04-01,07,Maule,venta_interregional,pesos,311608123756.11,miles de millones de pesos,dinero,total
2019-04-01,07,Maule,venta_intrarregional,pesos,302172747024.08,miles de millones de pesos,dinero,total
2019-04-01,08,Biobío,compra_interregional,pesos,514383145262.24,miles de millones de pesos,dinero,total
2019-04-01,08,Biobío,compra_intrarregional,pesos,441415065721.42,miles de millones de pesos,dinero,total
2019-04-01,08,Biobío,facturas_compra_interregional,unidades,995227.0,miles de unidades,conteo,total
2019-04-01,08,Biobío,facturas_venta_interregional,unidades,398391.0,miles de unidades,conteo,total
2019-04-01,08,Biobío,venta_interregional,pesos,561066775380.51,miles de millones de pesos,dinero,total
2019-04-01,08,Biobío,venta_intrarregional,pesos,441415065721.42,miles de millones de pesos,dinero,total
2019-04-01,09,La Araucanía,compra_interregional,pesos,238447551860.40997,miles de millones de pesos,dinero,total
2019-04-01,09,La Araucanía,compra_intrarregional,pesos,209576635094.06,miles de millones de pesos,dinero,total
2019-04-01,09,La Araucanía,facturas_compra_interregional,unidades,544712.0,miles de unidades,conteo,total
2019-04-01,09,La Araucanía,facturas_venta_interregional,unidades,280808.0,miles de unidades,conteo,total
2019-04-01,09,La Araucanía,venta_interregional,pesos,205314867951.37,miles de millones de pesos,dinero,total
2019-04-01,09,La Araucanía,venta_intrarregional,pesos,209576635094.06,miles de millones de pesos,dinero,total
2019-04-01,10,Los Lagos,compra_interregional,pesos,467078983570.36,miles de millones de pesos,dinero,total
2019-04-01,10,Los Lagos,compra_intrarregional,pesos,458490869972.62,miles de millones de pesos,dinero,total
2019-04-01,10,Los Lagos,facturas_compra_interregional,unidades,599072.0,miles de unidades,conteo,total
2019-04-01,10,Los Lagos,facturas_venta_interregional,unidades,323807.0,miles de unidades,conteo,total
2019-04-01,10,Los Lagos,venta_interregional,pesos,240658933542.64,miles de millones de pesos,dinero,total
2019-04-01,10,Los Lagos,venta_intrarregional,pesos,458490869972.62,miles de millones de pesos,dinero,total
2019-04-01,11,Aysén,compra_interregional,pesos,28206977443.5,miles de millones de pesos,dinero,total
2019-04-01,11,Aysén,compra_intrarregional,pesos,22763704097.266,miles de millones de pesos,dinero,total
2019-04-01,11,Aysén,facturas_compra_interregional,unidades,75444.0,miles de unidades,conteo,total
2019-04-01,11,Aysén,facturas_venta_interregional,unidades,23007.0,miles de unidades,conteo,total
2019-04-01,11,Aysén,venta_interregional,pesos,18505431513.5,miles de millones de pesos,dinero,total
2019-04-01,11,Aysén,venta_intrarregional,pesos,22763704097.266,miles de millones de pesos,dinero,total
2019-04-01,12,Magallanes,compra_interregional,pesos,80371692580.316,miles de millones de pesos,dinero,total
2019-04-01,12,Magallanes,compra_intrarregional,pesos,73646935591.663,miles de millones de pesos,dinero,total
2019-04-01,12,Magallanes,facturas_compra_interregional,unidades,114055.0,miles de unidades,conteo,total
2019-04-01,12,Magallanes,facturas_venta_interregional,unidades,33777.0,miles de unidades,conteo,total
2019-04-01,12,Magallanes,venta_interregional,pesos,47869205583.465004,miles de millones de pesos,dinero,total
2019-04-01,12,Magallanes,venta_intrarregional,pesos,73646935591.663,miles de millones de pesos,dinero,total
2019-04-01,13,Metropolitana de Santiago,compra_interregional,pesos,3102009434478.5996,miles de millones de pesos,dinero,total
2019-04-01,13,Metropolitana de Santiago,compra_intrarregional,pesos,11387984112373.0,miles de millones de pesos,dinero,total
2019-04-01,13,Metropolitana de Santiago,facturas_compra_interregional,unidades,2388502.0,miles de unidades,conteo,total
2019-04-01,13,Metropolitana de Santiago,facturas_venta_interregional,unidades,5892772.0,miles de unidades,conteo,total
2019-04-01,13,Metropolitana de Santiago,venta_interregional,pesos,3321753844617.6,miles de millones de pesos,dinero,total
2019-04-01,13,Metropolitana de Santiago,venta_intrarregional,pesos,11387984112373.0,miles de millones de pesos,dinero,total
2019-04-01,14,Los Ríos,compra_interregional,pesos,139915046293.92,miles de millones de pesos,dinero,total
2019-04-01,14,Los Ríos,compra_intrarregional,pesos,73732156290.0,miles de millones de pesos,dinero,total
2019-04-01,14,Los Ríos,facturas_compra_interregional,unidades,305915.0,miles de unidades,conteo,total
2019-04-01,14,Los Ríos,facturas_venta_interregional,unidades,140718.0,miles de unidades,conteo,total
2019-04-01,14,Los Ríos,venta_interregional,pesos,120849057813.0,miles de millones de pesos,dinero,total
2019-04-01,14,Los Ríos,venta_intrarregional,pesos,73732156290.0,miles de millones de pesos,dinero,total
2019-04-01,15,Arica y Parinacota,compra_interregional,pesos,48991901222.28,miles de millones de pesos,dinero,total
2019-04-01,15,Arica y Parinacota,compra_intrarregional,pesos,27360607335.0,miles de millones de pesos,dinero,total
2019-04-01,15,Arica y Parinacota,facturas_compra_interregional,unidades,99015.0,miles de unidades,conteo,total
2019-04-01,15,Arica y Parinacota,facturas_venta_interregional,unidades,41795.0,miles de unidades,conteo,total
2019-04-01,15,Arica y Parinacota,venta_interregional,pesos,25490969075.0,miles de millones de pesos,dinero,total
2019-04-01,15,Arica y Parinacota,venta_intrarregional,pesos,27360607335.0,miles de millones de pesos,dinero,total
2019-04-01,16,Ñuble,compra_interregional,pesos,124867405934.08,miles de millones de pesos,dinero,total
2019-04-01,16,Ñuble,compra_intrarregional,pesos,80317897849.0,miles de millones de pesos,dinero,total
2019-04-01,16,Ñuble,facturas_compra_interregional,unidades,286041.0,miles de unidades,conteo,total
2019-04-01,16,Ñuble,facturas_venta_interregional,unidades,197623.0,miles de unidades,conteo,total
2019-04-01,16,Ñuble,venta_interregional,pesos,118646153114.0,miles de millones de pesos,dinero,total
2019-04-01,16,Ñuble,venta_intrarregional,pesos,80317897849.0,miles de millones de pesos,dinero,total
2019-05-01,01,Tarapacá,compra_interregional,pesos,142129142373.7,miles de millones de pesos,dinero,total
2019-05-01,01,Tarapacá,compra_intrarregional,pesos,78223555053.5,miles de millones de pesos,dinero,total
2019-05-01,01,Tarapacá,facturas_compra_interregional,unidades,183280.0,miles de unidades,conteo,total
2019-05-01,01,Tarapacá,facturas_venta_interregional,unidades,71849.0,miles de unidades,conteo,total
2019-05-01,01,Tarapacá,venta_interregional,pesos,64775644290.56601,miles de millones de pesos,dinero,total
2019-05-01,01,Tarapacá,venta_intrarregional,pesos,78223555053.5,miles de millones de pesos,dinero,total
2019-05-01,02,Antofagasta,compra_interregional,pesos,401025776541.83,miles de millones de pesos,dinero,total
2019-05-01,02,Antofagasta,compra_intrarregional,pesos,229309903405.0,miles de millones de pesos,dinero,total
2019-05-01,02,Antofagasta,facturas_compra_interregional,unidades,424196.0,miles de unidades,conteo,total
2019-05-01,02,Antofagasta,facturas_venta_interregional,unidades,208168.0,miles de unidades,conteo,total
2019-05-01,02,Antofagasta,venta_interregional,pesos,357124801363.8,miles de millones de pesos,dinero,total
2019-05-01,02,Antofagasta,venta_intrarregional,pesos,229309903405.0,miles de millones de pesos,dinero,total
2019-05-01,03,Atacama,compra_interregional,pesos,118984092891.32999,miles de millones de pesos,dinero,total
2019-05-01,03,Atacama,compra_intrarregional,pesos,57916807065.0,miles de millones de pesos,dinero,total
2019-05-01,03,Atacama,facturas_compra_interregional,unidades,219406.0,miles de unidades,conteo,total
2019-05-01,03,Atacama,facturas_venta_interregional,unidades,69025.0,miles de unidades,conteo,total
2019-05-01,03,Atacama,venta_interregional,pesos,86461028826.0,miles de millones de pesos,dinero,total
2019-05-01,03,Atacama,venta_intrarregional,pesos,57916807065.0,miles de millones de pesos,dinero,total
2019-05-01,04,Coquimbo,compra_interregional,pesos,221823277407.57,miles de millones de pesos,dinero,total
2019-05-01,04,Coquimbo,compra_intrarregional,pesos,146982965911.0,miles de millones de pesos,dinero,total
2019-05-01,04,Coquimbo,facturas_compra_interregional,unidades,464221.0,miles de unidades,conteo,total
2019-05-01,04,Coquimbo,facturas_venta_interregional,unidades,170471.0,miles de unidades,conteo,total
2019-05-01,04,Coquimbo,venta_interregional,pesos,132640421307.6,miles de millones de pesos,dinero,total
2019-05-01,04,Coquimbo,venta_intrarregional,pesos,146982965911.0,miles de millones de pesos,dinero,total
2019-05-01,05,Valparaíso,compra_interregional,pesos,586300562682.75,miles de millones de pesos,dinero,total
2019-05-01,05,Valparaíso,compra_intrarregional,pesos,403784054709.2,miles de millones de pesos,dinero,total
2019-05-01,05,Valparaíso,facturas_compra_interregional,unidades,1172459.0,miles de unidades,conteo,total
2019-05-01,05,Valparaíso,facturas_venta_interregional,unidades,578221.0,miles de unidades,conteo,total
2019-05-01,05,Valparaíso,venta_interregional,pesos,989921721064.57,miles de millones de pesos,dinero,total
2019-05-01,05,Valparaíso,venta_intrarregional,pesos,403784054709.2,miles de millones de pesos,dinero,total
2019-05-01,06,O'Higgins,compra_interregional,pesos,401586891134.61005,miles de millones de pesos,dinero,total
2019-05-01,06,O'Higgins,compra_intrarregional,pesos,255511358220.33002,miles de millones de pesos,dinero,total
2019-05-01,06,O'Higgins,facturas_compra_interregional,unidades,658066.0,miles de unidades,conteo,total
2019-05-01,06,O'Higgins,facturas_venta_interregional,unidades,227969.0,miles de unidades,conteo,total
2019-05-01,06,O'Higgins,venta_interregional,pesos,296068628959.0,miles de millones de pesos,dinero,total
2019-05-01,06,O'Higgins,venta_intrarregional,pesos,255511358220.33002,miles de millones de pesos,dinero,total
2019-05-01,07,Maule,compra_interregional,pesos,333849418392.34,miles de millones de pesos,dinero,total
2019-05-01,07,Maule,compra_intrarregional,pesos,282060421071.45996,miles de millones de pesos,dinero,total
2019-05-01,07,Maule,facturas_compra_interregional,unidades,653440.0,miles de unidades,conteo,total
2019-05-01,07,Maule,facturas_venta_interregional,unidades,496094.0,miles de unidades,conteo,total
2019-05-01,07,Maule,venta_interregional,pesos,312545078736.33997,miles de millones de pesos,dinero,total
2019-05-01,07,Maule,venta_intrarregional,pesos,282060421071.45996,miles de millones de pesos,dinero,total
2019-05-01,08,Biobío,compra_interregional,pesos,522922570877.36005,miles de millones de pesos,dinero,total
2019-05-01,08,Biobío,compra_intrarregional,pesos,437181727615.75,miles de millones de pesos,dinero,total
2019-05-01,08,Biobío,facturas_compra_interregional,unidades,993363.0,miles de unidades,conteo,total
2019-05-01,08,Biobío,facturas_venta_interregional,unidades,399498.0,miles de unidades,conteo,total
2019-05-01,08,Biobío,venta_interregional,pesos,568043433151.4,miles de millones de pesos,dinero,total
2019-05-01,08,Biobío,venta_intrarregional,pesos,437181727615.75,miles de millones de pesos,dinero,total
2019-05-01,09,La Araucanía,compra_interregional,pesos,250815625773.12,miles de millones de pesos,dinero,total
2019-05-01,09,La Araucanía,compra_intrarregional,pesos,216954646126.15002,miles de millones de pesos,dinero,total
2019-05-01,09,La Araucanía,facturas_compra_interregional,unidades,550752.0,miles de unidades,conteo,total
2019-05-01,09,La Araucanía,facturas_venta_interregional,unidades,282076.0,miles de unidades,conteo,total
2019-05-01,09,La Araucanía,venta_interregional,pesos,193093562706.52,miles de millones de pesos,dinero,total
2019-05-01,09,La Araucanía,venta_intrarregional,pesos,216954646126.15002,miles de millones de pesos,dinero,total
2019-05-01,10,Los Lagos,compra_interregional,pesos,497662834437.98,miles de millones de pesos,dinero,total
2019-05-01,10,Los Lagos,compra_intrarregional,pesos,463792210223.92,miles de millones de pesos,dinero,total
2019-05-01,10,Los Lagos,facturas_compra_interregional,unidades,605294.0,miles de unidades,conteo,total
2019-05-01,10,Los Lagos,facturas_venta_interregional,unidades,323581.0,miles de unidades,conteo,total
2019-05-01,10,Los Lagos,venta_interregional,pesos,239059069409.52,miles de millones de pesos,dinero,total
2019-05-01,10,Los Lagos,venta_intrarregional,pesos,463792210223.92,miles de millones de pesos,dinero,total
2019-05-01,11,Aysén,compra_interregional,pesos,27097753854.666,miles de millones de pesos,dinero,total
2019-05-01,11,Aysén,compra_intrarregional,pesos,24039342211.083,miles de millones de pesos,dinero,total
2019-05-01,11,Aysén,facturas_compra_interregional,unidades,76237.0,miles de unidades,conteo,total
2019-05-01,11,Aysén,facturas_venta_interregional,unidades,23038.0,miles de unidades,conteo,total
2019-05-01,11,Aysén,venta_interregional,pesos,17910950164.0,miles de millones de pesos,dinero,total
2019-05-01,11,Aysén,venta_intrarregional,pesos,24039342211.083,miles de millones de pesos,dinero,total
2019-05-01,12,Magallanes,compra_interregional,pesos,82761338252.066,miles de millones de pesos,dinero,total
2019-05-01,12,Magallanes,compra_intrarregional,pesos,72098142622.35599,miles de millones de pesos,dinero,total
2019-05-01,12,Magallanes,facturas_compra_interregional,unidades,115059.0,miles de unidades,conteo,total
2019-05-01,12,Magallanes,facturas_venta_interregional,unidades,31717.0,miles de unidades,conteo,total
2019-05-01,12,Magallanes,venta_interregional,pesos,54316885060.411995,miles de millones de pesos,dinero,total
2019-05-01,12,Magallanes,venta_intrarregional,pesos,72098142622.35599,miles de millones de pesos,dinero,total
2019-05-01,13,Metropolitana de Santiago,compra_interregional,pesos,3115506423479.5,miles de millones de pesos,dinero,total
2019-05-01,13,Metropolitana de Santiago,compra_intrarregional,pesos,11437459287034.0,miles de millones de pesos,dinero,total
2019-05-01,13,Metropolitana de Santiago,facturas_compra_interregional,unidades,2409134.0,miles de unidades,conteo,total
2019-05-01,13,Metropolitana de Santiago,facturas_venta_interregional,unidades,5947322.0,miles de unidades,conteo,total
2019-05-01,13,Metropolitana de Santiago,venta_interregional,pesos,3440018937857.8003,miles de millones de pesos,dinero,total
2019-05-01,13,Metropolitana de Santiago,venta_intrarregional,pesos,11437459287034.0,miles de millones de pesos,dinero,total
2019-05-01,14,Los Ríos,compra_interregional,pesos,135008877705.60002,miles de millones de pesos,dinero,total
2019-05-01,14,Los Ríos,compra_intrarregional,pesos,75332842167.0,miles de millones de pesos,dinero,total
2019-05-01,14,Los Ríos,facturas_compra_interregional,unidades,306619.0,miles de unidades,conteo,total
2019-05-01,14,Los Ríos,facturas_venta_interregional,unidades,140111.0,miles de unidades,conteo,total
2019-05-01,14,Los Ríos,venta_interregional,pesos,119018107177.0,miles de millones de pesos,dinero,total
2019-05-01,14,Los Ríos,venta_intrarregional,pesos,75332842167.0,miles de millones de pesos,dinero,total
2019-05-01,15,Arica y Parinacota,compra_interregional,pesos,50350972623.0,miles de millones de pesos,dinero,total
2019-05-01,15,Arica y Parinacota,compra_intrarregional,pesos,28142503471.0,miles de millones de pesos,dinero,total
2019-05-01,15,Arica y Parinacota,facturas_compra_interregional,unidades,98268.0,miles de unidades,conteo,total
2019-05-01,15,Arica y Parinacota,facturas_venta_interregional,unidades,44716.0,miles de unidades,conteo,total
2019-05-01,15,Arica y Parinacota,venta_interregional,pesos,25563214527.0,miles de millones de pesos,dinero,total
2019-05-01,15,Arica y Parinacota,venta_intrarregional,pesos,28142503471.0,miles de millones de pesos,dinero,total
2019-05-01,16,Ñuble,compra_interregional,pesos,129622186715.06,miles de millones de pesos,dinero,total
2019-05-01,16,Ñuble,compra_intrarregional,pesos,81676195604.0,miles de millones de pesos,dinero,total
2019-05-01,16,Ñuble,facturas_compra_interregional,unidades,283236.0,miles de unidades,conteo,total
2019-05-01,16,Ñuble,facturas_venta_interregional,unidades,199174.0,miles de unidades,conteo,total
2019-05-01,16,Ñuble,venta_interregional,pesos,120886260541.0,miles de millones de pesos,dinero,total
2019-05-01,16,Ñuble,venta_intrarregional,pesos,81676195604.0,miles de millones de pesos,dinero,total
2019-06-01,01,Tarapacá,compra_interregional,pesos,175190257436.83,miles de millones de pesos,dinero,total
2019-06-01,01,Tarapacá,compra_intrarregional,pesos,71642356817.5,miles de millones de pesos,dinero,total
2019-06-01,01,Tarapacá,facturas_compra_interregional,unidades,176536.0,miles de unidades,conteo,total
2019-06-01,01,Tarapacá,facturas_venta_interregional,unidades,68601.0,miles de unidades,conteo,total
2019-06-01,01,Tarapacá,venta_interregional,pesos,63964674450.5,miles de millones de pesos,dinero,total
2019-06-01,01,Tarapacá,venta_intrarregional,pesos,71642356817.5,miles de millones de pesos,dinero,total
2019-06-01,02,Antofagasta,compra_interregional,pesos,368061754082.52,miles de millones de pesos,dinero,total
2019-06-01,02,Antofagasta,compra_intrarregional,pesos,224409725510.83,miles de millones de pesos,dinero,total
2019-06-01,02,Antofagasta,facturas_compra_interregional,unidades,400286.0,miles de unidades,conteo,total
2019-06-01,02,Antofagasta,facturas_venta_interregional,unidades,189703.0,miles de unidades,conteo,total
2019-06-01,02,Antofagasta,venta_interregional,pesos,347621622432.46,miles de millones de pesos,dinero,total
2019-06-01,02,Antofagasta,venta_intrarregional,pesos,224409725510.83,miles de millones de pesos,dinero,total
2019-06-01,03,Atacama,compra_interregional,pesos,108246307657.53,miles de millones de pesos,dinero,total
2019-06-01,03,Atacama,compra_intrarregional,pesos,56052482115.0,miles de millones de pesos,dinero,total
2019-06-01,03,Atacama,facturas_compra_interregional,unidades,210494.0,miles de unidades,conteo,total
2019-06-01,03,Atacama,facturas_venta_interregional,unidades,65800.0,miles de unidades,conteo,total
2019-06-01,03,Atacama,venta_interregional,pesos,83435085519.0,miles de millones de pesos,dinero,total
2019-06-01,03,Atacama,venta_intrarregional,pesos,56052482115.0,miles de millones de pesos,dinero,total
2019-06-01,04,Coquimbo,compra_interregional,pesos,208591736801.15,miles de millones de pesos,dinero,total
2019-06-01,04,Coquimbo,compra_intrarregional,pesos,140291436228.83002,miles de millones de pesos,dinero,total
2019-06-01,04,Coquimbo,facturas_compra_interregional,unidades,440921.0,miles de unidades,conteo,total
2019-06-01,04,Coquimbo,facturas_venta_interregional,unidades,167047.0,miles de unidades,conteo,total
2019-06-01,04,Coquimbo,venta_interregional,pesos,127172505272.5,miles de millones de pesos,dinero,total
2019-06-01,04,Coquimbo,venta_intrarregional,pesos,140291436228.83002,miles de millones de pesos,dinero,total
2019-06-01,05,Valparaíso,compra_interregional,pesos,580037095352.4701,miles de millones de pesos,dinero,total
2019-06-01,05,Valparaíso,compra_intrarregional,pesos,363911331104.87,miles de millones de pesos,dinero,total
2019-06-01,05,Valparaíso,facturas_compra_interregional,unidades,1092786.0,miles de unidades,conteo,total
2019-06-01,05,Valparaíso,facturas_venta_interregional,unidades,543653.0,miles de unidades,conteo,total
2019-06-01,05,Valparaíso,venta_interregional,pesos,906329515971.1799,miles de millones de pesos,dinero,total
2019-06-01,05,Valparaíso,venta_intrarregional,pesos,363911331104.87,miles de millones de pesos,dinero,total
2019-06-01,06,O'Higgins,compra_interregional,pesos,351053299598.16,miles de millones de pesos,dinero,total
2019-06-01,06,O'Higgins,compra_intrarregional,pesos,221940933605.0,miles de millones de pesos,dinero,total
2019-06-01,06,O'Higgins,facturas_compra_interregional,unidades,607928.0,miles de unidades,conteo,total
2019-06-01,06,O'Higgins,facturas_venta_interregional,unidades,215072.0,miles de unidades,conteo,total
2019-06-01,06,O'Higgins,venta_interregional,pesos,252044152614.0,miles de millones de pesos,dinero,total
2019-06-01,06,O'Higgins,venta_intrarregional,pesos,221940933605.0,miles de millones de pesos,dinero,total
2019-06-01,07,Maule,compra_interregional,pesos,295409682714.68,miles de millones de pesos,dinero,total
2019-06-01,07,Maule,compra_intrarregional,pesos,246511887149.42,miles de millones de pesos,dinero,total
2019-06-01,07,Maule,facturas_compra_interregional,unidades,608827.0,miles de unidades,conteo,total
2019-06-01,07,Maule,facturas_venta_interregional,unidades,451689.0,miles de unidades,conteo,total
2019-06-01,07,Maule,venta_interregional,pesos,286769440399.73,miles de millones de pesos,dinero,total
2019-06-01,07,Maule,venta_intrarregional,pesos,246511887149.42,miles de millones de pesos,dinero,total
2019-06-01,08,Biobío,compra_interregional,pesos,477992713611.5,miles de millones de pesos,dinero,total
2019-06-01,08,Biobío,compra_intrarregional,pesos,398427544897.4,miles de millones de pesos,dinero,total
2019-06-01,08,Biobío,facturas_compra_interregional,unidades,927151.0,miles de unidades,conteo,total
2019-06-01,08,Biobío,facturas_venta_interregional,unidades,372252.0,miles de unidades,conteo,total
2019-06-01,08,Biobío,venta_interregional,pesos,513157209368.7999,miles de millones de pesos,dinero,total
2019-06-01,08,Biobío,venta_intrarregional,pesos,398427544897.4,miles de millones de pesos,dinero,total
2019-06-01,09,La Araucanía,compra_interregional,pesos,224172977625.19998,miles de millones de pesos,dinero,total
2019-06-01,09,La Araucanía,compra_intrarregional,pesos,200326438202.83,miles de millones de pesos,dinero,total
2019-06-01,09,La Araucanía,facturas_compra_interregional,unidades,512339.00000000006,miles de unidades,conteo,total
2019-06-01,09,La Araucanía,facturas_venta_interregional,unidades,261577.99999999997,miles de unidades,conteo,total
2019-06-01,09,La Araucanía,venta_interregional,pesos,178834632273.78,miles de millones de pesos,dinero,total
2019-06-01,09,La Araucanía,venta_intrarregional,pesos,200326438202.83,miles de millones de pesos,dinero,total
2019-06-01,10,Los Lagos,compra_interregional,pesos,472891801501.92,miles de millones de pesos,dinero,total
2019-06-01,10,Los Lagos,compra_intrarregional,pesos,434315209206.53,miles de millones de pesos,dinero,total
2019-06-01,10,Los Lagos,facturas_compra_interregional,unidades,564975.0,miles de unidades,conteo,total
2019-06-01,10,Los Lagos,facturas_venta_interregional,unidades,301438.0,miles de unidades,conteo,total
2019-06-01,10,Los Lagos,venta_interregional,pesos,217822196228.19,miles de millones de pesos,dinero,total
2019-06-01,10,Los Lagos,venta_intrarregional,pesos,434315209206.53,miles de millones de pesos,dinero,total
2019-06-01,11,Aysén,compra_interregional,pesos,24169234137.5,miles de millones de pesos,dinero,total
2019-06-01,11,Aysén,compra_intrarregional,pesos,22232106700.5,miles de millones de pesos,dinero,total
2019-06-01,11,Aysén,facturas_compra_interregional,unidades,70534.0,miles de unidades,conteo,total
2019-06-01,11,Aysén,facturas_venta_interregional,unidades,21372.0,miles de unidades,conteo,total
2019-06-01,11,Aysén,venta_interregional,pesos,17517346633.5,miles de millones de pesos,dinero,total
2019-06-01,11,Aysén,venta_intrarregional,pesos,22232106700.5,miles de millones de pesos,dinero,total
2019-06-01,12,Magallanes,compra_interregional,pesos,77685899165.5,miles de millones de pesos,dinero,total
2019-06-01,12,Magallanes,compra_intrarregional,pesos,58744083118.869,miles de millones de pesos,dinero,total
2019-06-01,12,Magallanes,facturas_compra_interregional,unidades,108998.0,miles de unidades,conteo,total
2019-06-01,12,Magallanes,facturas_venta_interregional,unidades,29780.0,miles de unidades,conteo,total
2019-06-01,12,Magallanes,venta_interregional,pesos,50679794866.032,miles de millones de pesos,dinero,total
2019-06-01,12,Magallanes,venta_intrarregional,pesos,58744083118.869,miles de millones de pesos,dinero,total
2019-06-01,13,Metropolitana de Santiago,compra_interregional,pesos,3101279896039.9,miles de millones de pesos,dinero,total
2019-06-01,13,Metropolitana de Santiago,compra_intrarregional,pesos,11269797633523.0,miles de millones de pesos,dinero,total
2019-06-01,13,Metropolitana de Santiago,facturas_compra_interregional,unidades,2275165.0,miles de unidades,conteo,total
2019-06-01,13,Metropolitana de Santiago,facturas_venta_interregional,unidades,5595881.0,miles de unidades,conteo,total
2019-06-01,13,Metropolitana de Santiago,venta_interregional,pesos,3471219974274.9,miles de millones de pesos,dinero,total
2019-06-01,13,Metropolitana de Santiago,venta_intrarregional,pesos,11269797633523.0,miles de millones de pesos,dinero,total
2019-06-01,14,Los Ríos,compra_interregional,pesos,122952846961.5,miles de millones de pesos,dinero,total
2019-06-01,14,Los Ríos,compra_intrarregional,pesos,67512860915.99999,miles de millones de pesos,dinero,total
2019-06-01,14,Los Ríos,facturas_compra_interregional,unidades,287490.0,miles de unidades,conteo,total
2019-06-01,14,Los Ríos,facturas_venta_interregional,unidades,131405.0,miles de unidades,conteo,total
2019-06-01,14,Los Ríos,venta_interregional,pesos,107204901983.0,miles de millones de pesos,dinero,total
2019-06-01,14,Los Ríos,venta_intrarregional,pesos,67512860915.99999,miles de millones de pesos,dinero,total
2019-06-01,15,Arica y Parinacota,compra_interregional,pesos,42014969292.833,miles de millones de pesos,dinero,total
2019-06-01,15,Arica y Parinacota,compra_intrarregional,pesos,28337605465.0,miles de millones de pesos,dinero,total
2019-06-01,15,Arica y Parinacota,facturas_compra_interregional,unidades,94178.0,miles de unidades,conteo,total
2019-06-01,15,Arica y Parinacota,facturas_venta_interregional,unidades,43380.0,miles de unidades,conteo,total
2019-06-01,15,Arica y Parinacota,venta_interregional,pesos,25534454764.0,miles de millones de pesos,dinero,total
2019-06-01,15,Arica y Parinacota,venta_intrarregional,pesos,28337605465.0,miles de millones de pesos,dinero,total
2019-06-01,16,Ñuble,compra_interregional,pesos,121015788742.40999,miles de millones de pesos,dinero,total
2019-06-01,16,Ñuble,compra_intrarregional,pesos,71083615554.166,miles de millones de pesos,dinero,total
2019-06-01,16,Ñuble,facturas_compra_interregional,unidades,262689.0,miles de unidades,conteo,total
2019-06-01,16,Ñuble,facturas_venta_interregional,unidades,182646.0,miles de unidades,conteo,total
2019-06-01,16,Ñuble,venta_interregional,pesos,101458753670.0,miles de millones de pesos,dinero,total
2019-06-01,16,Ñuble,venta_intrarregional,pesos,71083615554.166,miles de millones de pesos,dinero,total
2019-07-01,01,Tarapacá,compra_interregional,pesos,179862185582.75,miles de millones de pesos,dinero,total
2019-07-01,01,Tarapacá,compra_intrarregional,pesos,78932571134.0,miles de millones de pesos,dinero,total
2019-07-01,01,Tarapacá,facturas_compra_interregional,unidades,184303.0,miles de unidades,conteo,total
2019-07-01,01,Tarapacá,facturas_venta_interregional,unidades,75257.0,miles de unidades,conteo,total
2019-07-01,01,Tarapacá,venta_interregional,pesos,64672093433.05301,miles de millones de pesos,dinero,total
2019-07-01,01,Tarapacá,venta_intrarregional,pesos,78932571134.0,miles de millones de pesos,dinero,total
2019-07-01,02,Antofagasta,compra_interregional,pesos,384746325122.79,miles de millones de pesos,dinero,total
2019-07-01,02,Antofagasta,compra_intrarregional,pesos,238236274957.5,miles de millones de pesos,dinero,total
2019-07-01,02,Antofagasta,facturas_compra_interregional,unidades,419989.0,miles de unidades,conteo,total
2019-07-01,02,Antofagasta,facturas_venta_interregional,unidades,183455.0,miles de unidades,conteo,total
2019-07-01,02,Antofagasta,venta_interregional,pesos,357459056944.67,miles de millones de pesos,dinero,total
2019-07-01,02,Antofagasta,venta_intrarregional,pesos,238236274957.5,miles de millones de pesos,dinero,total
2019-07-01,03,Atacama,compra_interregional,pesos,119740088624.58,miles de millones de pesos,dinero,total
2019-07-01,03,Atacama,compra_intrarregional,pesos,58515758661.5,miles de millones de pesos,dinero,total
2019-07-01,03,Atacama,facturas_compra_interregional,unidades,215445.0,miles de unidades,conteo,total
2019-07-01,03,Atacama,facturas_venta_interregional,unidades,67997.0,miles de unidades,conteo,total
2019-07-01,03,Atacama,venta_interregional,pesos,85663337427.33301,miles de millones de pesos,dinero,total
2019-07-01,03,Atacama,venta_intrarregional,pesos,58515758661.5,miles de millones de pesos,dinero,total
2019-07-01,04,Coquimbo,compra_interregional,pesos,219220595738.53,miles de millones de pesos,dinero,total
2019-07-01,04,Coquimbo,compra_intrarregional,pesos,143647183768.79,miles de millones de pesos,dinero,total
2019-07-01,04,Coquimbo,facturas_compra_interregional,unidades,462144.0,miles de unidades,conteo,total
2019-07-01,04,Coquimbo,facturas_venta_interregional,unidades,176180.0,miles de unidades,conteo,total
2019-07-01,04,Coquimbo,venta_interregional,pesos,134275722749.5,miles de millones de pesos,dinero,total
2019-07-01,04,Coquimbo,venta_intrarregional,pesos,143647183768.79,miles de millones de pesos,dinero,total
2019-07-01,05,Valparaíso,compra_interregional,pesos,578142877158.58,miles de millones de pesos,dinero,total
2019-07-01,05,Valparaíso,compra_intrarregional,pesos,404932277334.83,miles de millones de pesos,dinero,total
2019-07-01,05,Valparaíso,facturas_compra_interregional,unidades,1181366.0,miles de unidades,conteo,total
2019-07-01,05,Valparaíso,facturas_venta_interregional,unidades,589071.0,miles de unidades,conteo,total
2019-07-01,05,Valparaíso,venta_interregional,pesos,955548141356.76,miles de millones de pesos,dinero,total
2019-07-01,05,Valparaíso,venta_intrarregional,pesos,404932277334.83,miles de millones de pesos,dinero,total
2019-07-01,06,O'Higgins,compra_interregional,pesos,380057070371.4,miles de millones de pesos,dinero,total
2019-07-01,06,O'Higgins,compra_intrarregional,pesos,226177573427.0,miles de millones de pesos,dinero,total
2019-07-01,06,O'Higgins,facturas_compra_interregional,unidades,660501.0,miles de unidades,conteo,total
2019-07-01,06,O'Higgins,facturas_venta_interregional,unidades,235295.0,miles de unidades,conteo,total
2019-07-01,06,O'Higgins,venta_interregional,pesos,274077609868.50003,miles de millones de pesos,dinero,total
2019-07-01,06,O'Higgins,venta_intrarregional,pesos,226177573427.0,miles de millones de pesos,dinero,total
2019-07-01,07,Maule,compra_interregional,pesos,302302717522.39,miles de millones de pesos,dinero,total
2019-07-01,07,Maule,compra_intrarregional,pesos,252924192001.73,miles de millones de pesos,dinero,total
2019-07-01,07,Maule,facturas_compra_interregional,unidades,657230.0,miles de unidades,conteo,total
2019-07-01,07,Maule,facturas_venta_interregional,unidades,496566.0,miles de unidades,conteo,total
2019-07-01,07,Maule,venta_interregional,pesos,285902810767.28,miles de millones de pesos,dinero,total
2019-07-01,07,Maule,venta_intrarregional,pesos,252924192001.73,miles de millones de pesos,dinero,total
2019-07-01,08,Biobío,compra_interregional,pesos,488646369407.06,miles de millones de pesos,dinero,total
2019-07-01,08,Biobío,compra_intrarregional,pesos,427544904996.95996,miles de millones de pesos,dinero,total
2019-07-01,08,Biobío,facturas_compra_interregional,unidades,992096.0,miles de unidades,conteo,total
2019-07-01,08,Biobío,facturas_venta_interregional,unidades,402338.0,miles de unidades,conteo,total
2019-07-01,08,Biobío,venta_interregional,pesos,544566746939.87,miles de millones de pesos,dinero,total
2019-07-01,08,Biobío,venta_intrarregional,pesos,427544904996.95996,miles de millones de pesos,dinero,total
2019-07-01,09,La Araucanía,compra_interregional,pesos,246049587869.30002,miles de millones de pesos,dinero,total
2019-07-01,09,La Araucanía,compra_intrarregional,pesos,191145938989.22,miles de millones de pesos,dinero,total
2019-07-01,09,La Araucanía,facturas_compra_interregional,unidades,547725.0,miles de unidades,conteo,total
2019-07-01,09,La Araucanía,facturas_venta_interregional,unidades,283355.0,miles de unidades,conteo,total
2019-07-01,09,La Araucanía,venta_interregional,pesos,186092352988.67,miles de millones de pesos,dinero,total
2019-07-01,09,La Araucanía,venta_intrarregional,pesos,191145938989.22,miles de millones de pesos,dinero,total
2019-07-01,10,Los Lagos,compra_interregional,pesos,462501978949.51996,miles de millones de pesos,dinero,total
2019-07-01,10,Los Lagos,compra_intrarregional,pesos,430601048180.45,miles de millones de pesos,dinero,total
2019-07-01,10,Los Lagos,facturas_compra_interregional,unidades,595772.0,miles de unidades,conteo,total
2019-07-01,10,Los Lagos,facturas_venta_interregional,unidades,317254.0,miles de unidades,conteo,total
2019-07-01,10,Los Lagos,venta_interregional,pesos,238650160557.73,miles de millones de pesos,dinero,total
2019-07-01,10,Los Lagos,venta_intrarregional,pesos,430601048180.45,miles de millones de pesos,dinero,total
2019-07-01,11,Aysén,compra_interregional,pesos,23731575204.166,miles de millones de pesos,dinero,total
2019-07-01,11,Aysén,compra_intrarregional,pesos,22789158525.25,miles de millones de pesos,dinero,total
2019-07-01,11,Aysén,facturas_compra_interregional,unidades,73378.0,miles de unidades,conteo,total
2019-07-01,11,Aysén,facturas_venta_interregional,unidades,23064.0,miles de unidades,conteo,total
2019-07-01,11,Aysén,venta_interregional,pesos,16592076618.0,miles de millones de pesos,dinero,total
2019-07-01,11,Aysén,venta_intrarregional,pesos,22789158525.25,miles de millones de pesos,dinero,total
2019-07-01,12,Magallanes,compra_interregional,pesos,69564049709.0,miles de millones de pesos,dinero,total
2019-07-01,12,Magallanes,compra_intrarregional,pesos,61069877932.257,miles de millones de pesos,dinero,total
2019-07-01,12,Magallanes,facturas_compra_interregional,unidades,113606.0,miles de unidades,conteo,total
2019-07-01,12,Magallanes,facturas_venta_interregional,unidades,31372.0,miles de unidades,conteo,total
2019-07-01,12,Magallanes,venta_interregional,pesos,51108601131.53,miles de millones de pesos,dinero,total
2019-07-01,12,Magallanes,venta_intrarregional,pesos,61069877932.257,miles de millones de pesos,dinero,total
2019-07-01,13,Metropolitana de Santiago,compra_interregional,pesos,3054035029744.2,miles de millones de pesos,dinero,total
2019-07-01,13,Metropolitana de Santiago,compra_intrarregional,pesos,11282399659340.0,miles de millones de pesos,dinero,total
2019-07-01,13,Metropolitana de Santiago,facturas_compra_interregional,unidades,2435954.0,miles de unidades,conteo,total
2019-07-01,13,Metropolitana de Santiago,facturas_venta_interregional,unidades,5955830.0,miles de unidades,conteo,total
2019-07-01,13,Metropolitana de Santiago,venta_interregional,pesos,3373198609422.5,miles de millones de pesos,dinero,total
2019-07-01,13,Metropolitana de Santiago,venta_intrarregional,pesos,11282399659340.0,miles de millones de pesos,dinero,total
2019-07-01,14,Los Ríos,compra_interregional,pesos,125816266890.95,miles de millones de pesos,dinero,total
2019-07-01,14,Los Ríos,compra_intrarregional,pesos,64074602404.0,miles de millones de pesos,dinero,total
2019-07-01,14,Los Ríos,facturas_compra_interregional,unidades,304107.0,miles de unidades,conteo,total
2019-07-01,14,Los Ríos,facturas_venta_interregional,unidades,141647.0,miles de unidades,conteo,total
2019-07-01,14,Los Ríos,venta_interregional,pesos,110937666889.0,miles de millones de pesos,dinero,total
2019-07-01,14,Los Ríos,venta_intrarregional,pesos,64074602404.0,miles de millones de pesos,dinero,total
2019-07-01,15,Arica y Parinacota,compra_interregional,pesos,55201835705.428,miles de millones de pesos,dinero,total
2019-07-01,15,Arica y Parinacota,compra_intrarregional,pesos,32037785602.0,miles de millones de pesos,dinero,total
2019-07-01,15,Arica y Parinacota,facturas_compra_interregional,unidades,103015.0,miles de unidades,conteo,total
2019-07-01,15,Arica y Parinacota,facturas_venta_interregional,unidades,48311.0,miles de unidades,conteo,total
2019-07-01,15,Arica y Parinacota,venta_interregional,pesos,28767180312.0,miles de millones de pesos,dinero,total
2019-07-01,15,Arica y Parinacota,venta_intrarregional,pesos,32037785602.0,miles de millones de pesos,dinero,total
2019-07-01,16,Ñuble,compra_interregional,pesos,124720161908.81,miles de millones de pesos,dinero,total
2019-07-01,16,Ñuble,compra_intrarregional,pesos,78730584199.0,miles de millones de pesos,dinero,total
2019-07-01,16,Ñuble,facturas_compra_interregional,unidades,281093.0,miles de unidades,conteo,total
2019-07-01,16,Ñuble,facturas_venta_interregional,unidades,200732.0,miles de unidades,conteo,total
2019-07-01,16,Ñuble,venta_interregional,pesos,106826548103.0,miles de millones de pesos,dinero,total
2019-07-01,16,Ñuble,venta_intrarregional,pesos,78730584199.0,miles de millones de pesos,dinero,total
2019-08-01,01,Tarapacá,compra_interregional,pesos,198199669945.37,miles de millones de pesos,dinero,total
2019-08-01,01,Tarapacá,compra_intrarregional,pesos,84532131283.0,miles de millones de pesos,dinero,total
2019-08-01,01,Tarapacá,facturas_compra_interregional,unidades,187706.0,miles de unidades,conteo,total
2019-08-01,01,Tarapacá,facturas_venta_interregional,unidades,78620.0,miles de unidades,conteo,total
2019-08-01,01,Tarapacá,venta_interregional,pesos,65175017836.642,miles de millones de pesos,dinero,total
2019-08-01,01,Tarapacá,venta_intrarregional,pesos,84532131283.0,miles de millones de pesos,dinero,total
2019-08-01,02,Antofagasta,compra_interregional,pesos,390918320600.22,miles de millones de pesos,dinero,total
2019-08-01,02,Antofagasta,compra_intrarregional,pesos,230284302724.5,miles de millones de pesos,dinero,total
2019-08-01,02,Antofagasta,facturas_compra_interregional,unidades,431070.0,miles de unidades,conteo,total
2019-08-01,02,Antofagasta,facturas_venta_interregional,unidades,188579.0,miles de unidades,conteo,total
2019-08-01,02,Antofagasta,venta_interregional,pesos,355616159206.76,miles de millones de pesos,dinero,total
2019-08-01,02,Antofagasta,venta_intrarregional,pesos,230284302724.5,miles de millones de pesos,dinero,total
2019-08-01,03,Atacama,compra_interregional,pesos,117887029421.5,miles de millones de pesos,dinero,total
2019-08-01,03,Atacama,compra_intrarregional,pesos,59222481934.3,miles de millones de pesos,dinero,total
2019-08-01,03,Atacama,facturas_compra_interregional,unidades,221214.0,miles de unidades,conteo,total
2019-08-01,03,Atacama,facturas_venta_interregional,unidades,69778.0,miles de unidades,conteo,total
2019-08-01,03,Atacama,venta_interregional,pesos,90885844207.0,miles de millones de pesos,dinero,total
2019-08-01,03,Atacama,venta_intrarregional,pesos,59222481934.3,miles de millones de pesos,dinero,total
2019-08-01,04,Coquimbo,compra_interregional,pesos,231379172451.93,miles de millones de pesos,dinero,total
2019-08-01,04,Coquimbo,compra_intrarregional,pesos,148619673059.5,miles de millones de pesos,dinero,total
2019-08-01,04,Coquimbo,facturas_compra_interregional,unidades,470512.0,miles de unidades,conteo,total
2019-08-01,04,Coquimbo,facturas_venta_interregional,unidades,176275.0,miles de unidades,conteo,total
2019-08-01,04,Coquimbo,venta_interregional,pesos,137442653752.19998,miles de millones de pesos,dinero,total
2019-08-01,04,Coquimbo,venta_intrarregional,pesos,148619673059.5,miles de millones de pesos,dinero,total
2019-08-01,05,Valparaíso,compra_interregional,pesos,602514342828.39,miles de millones de pesos,dinero,total
2019-08-01,05,Valparaíso,compra_intrarregional,pesos,418467405818.37994,miles de millones de pesos,dinero,total
2019-08-01,05,Valparaíso,facturas_compra_interregional,unidades,1188818.0,miles de unidades,conteo,total
2019-08-01,05,Valparaíso,facturas_venta_interregional,unidades,607142.0,miles de unidades,conteo,total
2019-08-01,05,Valparaíso,venta_interregional,pesos,994095185316.8099,miles de millones de pesos,dinero,total
2019-08-01,05,Valparaíso,venta_intrarregional,pesos,418467405818.37994,miles de millones de pesos,dinero,total
2019-08-01,06,O'Higgins,compra_interregional,pesos,424562945154.52997,miles de millones de pesos,dinero,total
2019-08-01,06,O'Higgins,compra_intrarregional,pesos,239840521076.0,miles de millones de pesos,dinero,total
2019-08-01,06,O'Higgins,facturas_compra_interregional,unidades,678208.0,miles de unidades,conteo,total
2019-08-01,06,O'Higgins,facturas_venta_interregional,unidades,244456.0,miles de unidades,conteo,total
2019-08-01,06,O'Higgins,venta_interregional,pesos,278821764244.0,miles de millones de pesos,dinero,total
2019-08-01,06,O'Higgins,venta_intrarregional,pesos,239840521076.0,miles de millones de pesos,dinero,total
2019-08-01,07,Maule,compra_interregional,pesos,322622271232.99,miles de millones de pesos,dinero,total
2019-08-01,07,Maule,compra_intrarregional,pesos,256403342825.68,miles de millones de pesos,dinero,total
2019-08-01,07,Maule,facturas_compra_interregional,unidades,672101.0,miles de unidades,conteo,total
2019-08-01,07,Maule,facturas_venta_interregional,unidades,509504.0,miles de unidades,conteo,total
2019-08-01,07,Maule,venta_interregional,pesos,292790387022.07996,miles de millones de pesos,dinero,total
2019-08-01,07,Maule,venta_intrarregional,pesos,256403342825.68,miles de millones de pesos,dinero,total
2019-08-01,08,Biobío,compra_interregional,pesos,518578001841.27997,miles de millones de pesos,dinero,total
2019-08-01,08,Biobío,compra_intrarregional,pesos,442865070140.75,miles de millones de pesos,dinero,total
2019-08-01,08,Biobío,facturas_compra_interregional,unidades,1008862.0,miles de unidades,conteo,total
2019-08-01,08,Biobío,facturas_venta_interregional,unidades,412229.0,miles de unidades,conteo,total
2019-08-01,08,Biobío,venta_interregional,pesos,546511089696.57,miles de millones de pesos,dinero,total
2019-08-01,08,Biobío,venta_intrarregional,pesos,442865070140.75,miles de millones de pesos,dinero,total
2019-08-01,09,La Araucanía,compra_interregional,pesos,252736431438.51,miles de millones de pesos,dinero,total
2019-08-01,09,La Araucanía,compra_intrarregional,pesos,200702973695.31,miles de millones de pesos,dinero,total
2019-08-01,09,La Araucanía,facturas_compra_interregional,unidades,560051.0,miles de unidades,conteo,total
2019-08-01,09,La Araucanía,facturas_venta_interregional,unidades,288769.0,miles de unidades,conteo,total
2019-08-01,09,La Araucanía,venta_interregional,pesos,187415650785.81998,miles de millones de pesos,dinero,total
2019-08-01,09,La Araucanía,venta_intrarregional,pesos,200702973695.31,miles de millones de pesos,dinero,total
2019-08-01,10,Los Lagos,compra_interregional,pesos,487121872563.56,miles de millones de pesos,dinero,total
2019-08-01,10,Los Lagos,compra_intrarregional,pesos,461150412124.25,miles de millones de pesos,dinero,total
2019-08-01,10,Los Lagos,facturas_compra_interregional,unidades,610438.0,miles de unidades,conteo,total
2019-08-01,10,Los Lagos,facturas_venta_interregional,unidades,324688.0,miles de unidades,conteo,total
2019-08-01,10,Los Lagos,venta_interregional,pesos,233523402000.45,miles de millones de pesos,dinero,total
2019-08-01,10,Los Lagos,venta_intrarregional,pesos,461150412124.25,miles de millones de pesos,dinero,total
2019-08-01,11,Aysén,compra_interregional,pesos,25408816738.583,miles de millones de pesos,dinero,total
2019-08-01,11,Aysén,compra_intrarregional,pesos,21897939571.809002,miles de millones de pesos,dinero,total
2019-08-01,11,Aysén,facturas_compra_interregional,unidades,78815.0,miles de unidades,conteo,total
2019-08-01,11,Aysén,facturas_venta_interregional,unidades,24452.0,miles de unidades,conteo,total
2019-08-01,11,Aysén,venta_interregional,pesos,19683399490.0,miles de millones de pesos,dinero,total
2019-08-01,11,Aysén,venta_intrarregional,pesos,21897939571.809002,miles de millones de pesos,dinero,total
2019-08-01,12,Magallanes,compra_interregional,pesos,83991186787.83301,miles de millones de pesos,dinero,total
2019-08-01,12,Magallanes,compra_intrarregional,pesos,65066563519.297005,miles de millones de pesos,dinero,total
2019-08-01,12,Magallanes,facturas_compra_interregional,unidades,117536.0,miles de unidades,conteo,total
2019-08-01,12,Magallanes,facturas_venta_interregional,unidades,33373.0,miles de unidades,conteo,total
2019-08-01,12,Magallanes,venta_interregional,pesos,53803383283.571,miles de millones de pesos,dinero,total
2019-08-01,12,Magallanes,venta_intrarregional,pesos,65066563519.297005,miles de millones de pesos,dinero,total
2019-08-01,13,Metropolitana de Santiago,compra_interregional,pesos,3089293246546.6,miles de millones de pesos,dinero,total
2019-08-01,13,Metropolitana de Santiago,compra_intrarregional,pesos,11762064096212.0,miles de millones de pesos,dinero,total
2019-08-01,13,Metropolitana de Santiago,facturas_compra_interregional,unidades,2495274.0,miles de unidades,conteo,total
2019-08-01,13,Metropolitana de Santiago,facturas_venta_interregional,unidades,6067532.0,miles de unidades,conteo,total
2019-08-01,13,Metropolitana de Santiago,venta_interregional,pesos,3541251891831.6,miles de millones de pesos,dinero,total
2019-08-01,13,Metropolitana de Santiago,venta_intrarregional,pesos,11762064096212.0,miles de millones de pesos,dinero,total
2019-08-01,14,Los Ríos,compra_interregional,pesos,135443931797.11,miles de millones de pesos,dinero,total
2019-08-01,14,Los Ríos,compra_intrarregional,pesos,69933754314.5,miles de millones de pesos,dinero,total
2019-08-01,14,Los Ríos,facturas_compra_interregional,unidades,312175.0,miles de unidades,conteo,total
2019-08-01,14,Los Ríos,facturas_venta_interregional,unidades,144026.0,miles de unidades,conteo,total
2019-08-01,14,Los Ríos,venta_interregional,pesos,111498845886.0,miles de millones de pesos,dinero,total
2019-08-01,14,Los Ríos,venta_intrarregional,pesos,69933754314.5,miles de millones de pesos,dinero,total
2019-08-01,15,Arica y Parinacota,compra_interregional,pesos,52070528069.709,miles de millones de pesos,dinero,total
2019-08-01,15,Arica y Parinacota,compra_intrarregional,pesos,30848442496.0,miles de millones de pesos,dinero,total
2019-08-01,15,Arica y Parinacota,facturas_compra_interregional,unidades,103764.0,miles de unidades,conteo,total
2019-08-01,15,Arica y Parinacota,facturas_venta_interregional,unidades,49327.0,miles de unidades,conteo,total
2019-08-01,15,Arica y Parinacota,venta_interregional,pesos,29696730083.0,miles de millones de pesos,dinero,total
2019-08-01,15,Arica y Parinacota,venta_intrarregional,pesos,30848442496.0,miles de millones de pesos,dinero,total
2019-08-01,16,Ñuble,compra_interregional,pesos,123575708848.85,miles de millones de pesos,dinero,total
2019-08-01,16,Ñuble,compra_intrarregional,pesos,82053573475.416,miles de millones de pesos,dinero,total
2019-08-01,16,Ñuble,facturas_compra_interregional,unidades,287160.0,miles de unidades,conteo,total
2019-08-01,16,Ñuble,facturas_venta_interregional,unidades,204954.0,miles de unidades,conteo,total
2019-08-01,16,Ñuble,venta_interregional,pesos,118092071624.5,miles de millones de pesos,dinero,total
2019-08-01,16,Ñuble,venta_intrarregional,pesos,82053573475.416,miles de millones de pesos,dinero,total
2019-09-01,01,Tarapacá,compra_interregional,pesos,203615363658.33002,miles de millones de pesos,dinero,total
2019-09-01,01,Tarapacá,compra_intrarregional,pesos,73860700579.5,miles de millones de pesos,dinero,total
2019-09-01,01,Tarapacá,facturas_compra_interregional,unidades,167546.0,miles de unidades,conteo,total
2019-09-01,01,Tarapacá,facturas_venta_interregional,unidades,68225.0,miles de unidades,conteo,total
2019-09-01,01,Tarapacá,venta_interregional,pesos,63566507230.885,miles de millones de pesos,dinero,total
2019-09-01,01,Tarapacá,venta_intrarregional,pesos,73860700579.5,miles de millones de pesos,dinero,total
2019-09-01,02,Antofagasta,compra_interregional,pesos,359356318585.4,miles de millones de pesos,dinero,total
2019-09-01,02,Antofagasta,compra_intrarregional,pesos,196154750919.19,miles de millones de pesos,dinero,total
2019-09-01,02,Antofagasta,facturas_compra_interregional,unidades,382680.0,miles de unidades,conteo,total
2019-09-01,02,Antofagasta,facturas_venta_interregional,unidades,160591.0,miles de unidades,conteo,total
2019-09-01,02,Antofagasta,venta_interregional,pesos,354765627625.01,miles de millones de pesos,dinero,total
2019-09-01,02,Antofagasta,venta_intrarregional,pesos,196154750919.19,miles de millones de pesos,dinero,total
2019-09-01,03,Atacama,compra_interregional,pesos,114331859462.33,miles de millones de pesos,dinero,total
2019-09-01,03,Atacama,compra_intrarregional,pesos,57134276541.0,miles de millones de pesos,dinero,total
2019-09-01,03,Atacama,facturas_compra_interregional,unidades,197264.0,miles de unidades,conteo,total
2019-09-01,03,Atacama,facturas_venta_interregional,unidades,61443.0,miles de unidades,conteo,total
2019-09-01,03,Atacama,venta_interregional,pesos,82373159134.0,miles de millones de pesos,dinero,total
2019-09-01,03,Atacama,venta_intrarregional,pesos,57134276541.0,miles de millones de pesos,dinero,total
2019-09-01,04,Coquimbo,compra_interregional,pesos,210948207282.48,miles de millones de pesos,dinero,total
2019-09-01,04,Coquimbo,compra_intrarregional,pesos,139312856755.6,miles de millones de pesos,dinero,total
2019-09-01,04,Coquimbo,facturas_compra_interregional,unidades,419688.0,miles de unidades,conteo,total
2019-09-01,04,Coquimbo,facturas_venta_interregional,unidades,157492.0,miles de unidades,conteo,total
2019-09-01,04,Coquimbo,venta_interregional,pesos,132746758852.73999,miles de millones de pesos,dinero,total
2019-09-01,04,Coquimbo,venta_intrarregional,pesos,139312856755.6,miles de millones de pesos,dinero,total
2019-09-01,05,Valparaíso,compra_interregional,pesos,567985697892.23,miles de millones de pesos,dinero,total
2019-09-01,05,Valparaíso,compra_intrarregional,pesos,390975748148.5,miles de millones de pesos,dinero,total
2019-09-01,05,Valparaíso,facturas_compra_interregional,unidades,1065391.0,miles de unidades,conteo,total
2019-09-01,05,Valparaíso,facturas_venta_interregional,unidades,537521.0,miles de unidades,conteo,total
2019-09-01,05,Valparaíso,venta_interregional,pesos,935263771881.94,miles de millones de pesos,dinero,total
2019-09-01,05,Valparaíso,venta_intrarregional,pesos,390975748148.5,miles de millones de pesos,dinero,total
2019-09-01,06,O'Higgins,compra_interregional,pesos,388260753124.27997,miles de millones de pesos,dinero,total
2019-09-01,06,O'Higgins,compra_intrarregional,pesos,219077165158.5,miles de millones de pesos,dinero,total
2019-09-01,06,O'Higgins,facturas_compra_interregional,unidades,605597.0,miles de unidades,conteo,total
2019-09-01,06,O'Higgins,facturas_venta_interregional,unidades,216097.0,miles de unidades,conteo,total
2019-09-01,06,O'Higgins,venta_interregional,pesos,260239251469.0,miles de millones de pesos,dinero,total
2019-09-01,06,O'Higgins,venta_intrarregional,pesos,219077165158.5,miles de millones de pesos,dinero,total
2019-09-01,07,Maule,compra_interregional,pesos,293341810685.54,miles de millones de pesos,dinero,total
2019-09-01,07,Maule,compra_intrarregional,pesos,237272256572.58002,miles de millones de pesos,dinero,total
2019-09-01,07,Maule,facturas_compra_interregional,unidades,600353.0,miles de unidades,conteo,total
2019-09-01,07,Maule,facturas_venta_interregional,unidades,421746.0,miles de unidades,conteo,total
2019-09-01,07,Maule,venta_interregional,pesos,253433464558.75998,miles de millones de pesos,dinero,total
2019-09-01,07,Maule,venta_intrarregional,pesos,237272256572.58002,miles de millones de pesos,dinero,total
2019-09-01,08,Biobío,compra_interregional,pesos,477389682892.86,miles de millones de pesos,dinero,total
2019-09-01,08,Biobío,compra_intrarregional,pesos,389048113798.93,miles de millones de pesos,dinero,total
2019-09-01,08,Biobío,facturas_compra_interregional,unidades,887987.0,miles de unidades,conteo,total
2019-09-01,08,Biobío,facturas_venta_interregional,unidades,361375.0,miles de unidades,conteo,total
2019-09-01,08,Biobío,venta_interregional,pesos,515631665932.42,miles de millones de pesos,dinero,total
2019-09-01,08,Biobío,venta_intrarregional,pesos,389048113798.93,miles de millones de pesos,dinero,total
2019-09-01,09,La Araucanía,compra_interregional,pesos,237886744665.13998,miles de millones de pesos,dinero,total
2019-09-01,09,La Araucanía,compra_intrarregional,pesos,191364976109.55002,miles de millones de pesos,dinero,total
2019-09-01,09,La Araucanía,facturas_compra_interregional,unidades,498530.0,miles de unidades,conteo,total
2019-09-01,09,La Araucanía,facturas_venta_interregional,unidades,250833.0,miles de unidades,conteo,total
2019-09-01,09,La Araucanía,venta_interregional,pesos,178095191504.16,miles de millones de pesos,dinero,total
2019-09-01,09,La Araucanía,venta_intrarregional,pesos,191364976109.55002,miles de millones de pesos,dinero,total
2019-09-01,10,Los Lagos,compra_interregional,pesos,449115183472.73,miles de millones de pesos,dinero,total
2019-09-01,10,Los Lagos,compra_intrarregional,pesos,455204396955.48,miles de millones de pesos,dinero,total
2019-09-01,10,Los Lagos,facturas_compra_interregional,unidades,548635.0,miles de unidades,conteo,total
2019-09-01,10,Los Lagos,facturas_venta_interregional,unidades,292284.0,miles de unidades,conteo,total
2019-09-01,10,Los Lagos,venta_interregional,pesos,229235792832.34,miles de millones de pesos,dinero,total
2019-09-01,10,Los Lagos,venta_intrarregional,pesos,455204396955.48,miles de millones de pesos,dinero,total
2019-09-01,11,Aysén,compra_interregional,pesos,25302126087.5,miles de millones de pesos,dinero,total
2019-09-01,11,Aysén,compra_intrarregional,pesos,21427153115.665997,miles de millones de pesos,dinero,total
2019-09-01,11,Aysén,facturas_compra_interregional,unidades,72030.0,miles de unidades,conteo,total
2019-09-01,11,Aysén,facturas_venta_interregional,unidades,21891.0,miles de unidades,conteo,total
2019-09-01,11,Aysén,venta_interregional,pesos,16388144640.0,miles de millones de pesos,dinero,total
2019-09-01,11,Aysén,venta_intrarregional,pesos,21427153115.665997,miles de millones de pesos,dinero,total
2019-09-01,12,Magallanes,compra_interregional,pesos,78521399999.333,miles de millones de pesos,dinero,total
2019-09-01,12,Magallanes,compra_intrarregional,pesos,60247396410.798996,miles de millones de pesos,dinero,total
2019-09-01,12,Magallanes,facturas_compra_interregional,unidades,108679.0,miles de unidades,conteo,total
2019-09-01,12,Magallanes,facturas_venta_interregional,unidades,29040.0,miles de unidades,conteo,total
2019-09-01,12,Magallanes,venta_interregional,pesos,49299567404.555,miles de millones de pesos,dinero,total
2019-09-01,12,Magallanes,venta_intrarregional,pesos,60247396410.798996,miles de millones de pesos,dinero,total
2019-09-01,13,Metropolitana de Santiago,compra_interregional,pesos,2978317625800.1997,miles de millones de pesos,dinero,total
2019-09-01,13,Metropolitana de Santiago,compra_intrarregional,pesos,11129826176268.0,miles de millones de pesos,dinero,total
2019-09-01,13,Metropolitana de Santiago,facturas_compra_interregional,unidades,2171042.0,miles de unidades,conteo,total
2019-09-01,13,Metropolitana de Santiago,facturas_venta_interregional,unidades,5434056.0,miles de unidades,conteo,total
2019-09-01,13,Metropolitana de Santiago,venta_interregional,pesos,3356704778404.5,miles de millones de pesos,dinero,total
2019-09-01,13,Metropolitana de Santiago,venta_intrarregional,pesos,11129826176268.0,miles de millones de pesos,dinero,total
2019-09-01,14,Los Ríos,compra_interregional,pesos,130464496963.28,miles de millones de pesos,dinero,total
2019-09-01,14,Los Ríos,compra_intrarregional,pesos,69454706986.0,miles de millones de pesos,dinero,total
2019-09-01,14,Los Ríos,facturas_compra_interregional,unidades,283600.0,miles de unidades,conteo,total
2019-09-01,14,Los Ríos,facturas_venta_interregional,unidades,127797.0,miles de unidades,conteo,total
2019-09-01,14,Los Ríos,venta_interregional,pesos,111009892275.33,miles de millones de pesos,dinero,total
2019-09-01,14,Los Ríos,venta_intrarregional,pesos,69454706986.0,miles de millones de pesos,dinero,total
2019-09-01,15,Arica y Parinacota,compra_interregional,pesos,45585639261.75,miles de millones de pesos,dinero,total
2019-09-01,15,Arica y Parinacota,compra_intrarregional,pesos,28238240055.0,miles de millones de pesos,dinero,total
2019-09-01,15,Arica y Parinacota,facturas_compra_interregional,unidades,92173.0,miles de unidades,conteo,total
2019-09-01,15,Arica y Parinacota,facturas_venta_interregional,unidades,43386.0,miles de unidades,conteo,total
2019-09-01,15,Arica y Parinacota,venta_interregional,pesos,29754588670.0,miles de millones de pesos,dinero,total
2019-09-01,15,Arica y Parinacota,venta_intrarregional,pesos,28238240055.0,miles de millones de pesos,dinero,total
2019-09-01,16,Ñuble,compra_interregional,pesos,114937192638.76,miles de millones de pesos,dinero,total
2019-09-01,16,Ñuble,compra_intrarregional,pesos,72788525611.5,miles de millones de pesos,dinero,total
2019-09-01,16,Ñuble,facturas_compra_interregional,unidades,258534.0,miles de unidades,conteo,total
2019-09-01,16,Ñuble,facturas_venta_interregional,unidades,175952.0,miles de unidades,conteo,total
2019-09-01,16,Ñuble,venta_interregional,pesos,106851940056.5,miles de millones de pesos,dinero,total
2019-09-01,16,Ñuble,venta_intrarregional,pesos,72788525611.5,miles de millones de pesos,dinero,total
2019-10-01,01,Tarapacá,compra_interregional,pesos,204281021945.5,miles de millones de pesos,dinero,total
2019-10-01,01,Tarapacá,compra_intrarregional,pesos,80281061198.0,miles de millones de pesos,dinero,total
2019-10-01,01,Tarapacá,facturas_compra_interregional,unidades,182669.0,miles de unidades,conteo,total
2019-10-01,01,Tarapacá,facturas_venta_interregional,unidades,75673.0,miles de unidades,conteo,total
2019-10-01,01,Tarapacá,venta_interregional,pesos,70326949402.145,miles de millones de pesos,dinero,total
2019-10-01,01,Tarapacá,venta_intrarregional,pesos,80281061198.0,miles de millones de pesos,dinero,total
2019-10-01,02,Antofagasta,compra_interregional,pesos,396949706737.92,miles de millones de pesos,dinero,total
2019-10-01,02,Antofagasta,compra_intrarregional,pesos,214826477299.16,miles de millones de pesos,dinero,total
2019-10-01,02,Antofagasta,facturas_compra_interregional,unidades,421617.0,miles de unidades,conteo,total
2019-10-01,02,Antofagasta,facturas_venta_interregional,unidades,178282.0,miles de unidades,conteo,total
2019-10-01,02,Antofagasta,venta_interregional,pesos,376383254917.33,miles de millones de pesos,dinero,total
2019-10-01,02,Antofagasta,venta_intrarregional,pesos,214826477299.16,miles de millones de pesos,dinero,total
2019-10-01,03,Atacama,compra_interregional,pesos,127648793165.16,miles de millones de pesos,dinero,total
2019-10-01,03,Atacama,compra_intrarregional,pesos,60144002915.833,miles de millones de pesos,dinero,total
2019-10-01,03,Atacama,facturas_compra_interregional,unidades,213337.0,miles de unidades,conteo,total
2019-10-01,03,Atacama,facturas_venta_interregional,unidades,66455.0,miles de unidades,conteo,total
2019-10-01,03,Atacama,venta_interregional,pesos,86754511118.5,miles de millones de pesos,dinero,total
2019-10-01,03,Atacama,venta_intrarregional,pesos,60144002915.833,miles de millones de pesos,dinero,total
2019-10-01,04,Coquimbo,compra_interregional,pesos,214505026902.14,miles de millones de pesos,dinero,total
2019-10-01,04,Coquimbo,compra_intrarregional,pesos,138844991468.0,miles de millones de pesos,dinero,total
2019-10-01,04,Coquimbo,facturas_compra_interregional,unidades,446967.0,miles de unidades,conteo,total
2019-10-01,04,Coquimbo,facturas_venta_interregional,unidades,172791.0,miles de unidades,conteo,total
2019-10-01,04,Coquimbo,venta_interregional,pesos,143968884109.72,miles de millones de pesos,dinero,total
2019-10-01,04,Coquimbo,venta_intrarregional,pesos,138844991468.0,miles de millones de pesos,dinero,total
2019-10-01,05,Valparaíso,compra_interregional,pesos,607875900537.62,miles de millones de pesos,dinero,total
2019-10-01,05,Valparaíso,compra_intrarregional,pesos,411201215683.88995,miles de millones de pesos,dinero,total
2019-10-01,05,Valparaíso,facturas_compra_interregional,unidades,1114511.0,miles de unidades,conteo,total
2019-10-01,05,Valparaíso,facturas_venta_interregional,unidades,568857.0,miles de unidades,conteo,total
2019-10-01,05,Valparaíso,venta_interregional,pesos,944020445351.72,miles de millones de pesos,dinero,total
2019-10-01,05,Valparaíso,venta_intrarregional,pesos,411201215683.88995,miles de millones de pesos,dinero,total
2019-10-01,06,O'Higgins,compra_interregional,pesos,454184665970.88,miles de millones de pesos,dinero,total
2019-10-01,06,O'Higgins,compra_intrarregional,pesos,247200059102.0,miles de millones de pesos,dinero,total
2019-10-01,06,O'Higgins,facturas_compra_interregional,unidades,666338.0,miles de unidades,conteo,total
2019-10-01,06,O'Higgins,facturas_venta_interregional,unidades,243033.0,miles de unidades,conteo,total
2019-10-01,06,O'Higgins,venta_interregional,pesos,300082240346.0,miles de millones de pesos,dinero,total
2019-10-01,06,O'Higgins,venta_intrarregional,pesos,247200059102.0,miles de millones de pesos,dinero,total
2019-10-01,07,Maule,compra_interregional,pesos,338716248162.1,miles de millones de pesos,dinero,total
2019-10-01,07,Maule,compra_intrarregional,pesos,276554689741.94,miles de millones de pesos,dinero,total
2019-10-01,07,Maule,facturas_compra_interregional,unidades,663040.0,miles de unidades,conteo,total
2019-10-01,07,Maule,facturas_venta_interregional,unidades,489506.0,miles de unidades,conteo,total
2019-10-01,07,Maule,venta_interregional,pesos,280167268829.52997,miles de millones de pesos,dinero,total
2019-10-01,07,Maule,venta_intrarregional,pesos,276554689741.94,miles de millones de pesos,dinero,total
2019-10-01,08,Biobío,compra_interregional,pesos,502265117762.7,miles de millones de pesos,dinero,total
2019-10-01,08,Biobío,compra_intrarregional,pesos,433450454257.68,miles de millones de pesos,dinero,total
2019-10-01,08,Biobío,facturas_compra_interregional,unidades,977888.0,miles de unidades,conteo,total
2019-10-01,08,Biobío,facturas_venta_interregional,unidades,396426.0,miles de unidades,conteo,total
2019-10-01,08,Biobío,venta_interregional,pesos,565473521044.78,miles de millones de pesos,dinero,total
2019-10-01,08,Biobío,venta_intrarregional,pesos,433450454257.68,miles de millones de pesos,dinero,total
2019-10-01,09,La Araucanía,compra_interregional,pesos,254441017007.63998,miles de millones de pesos,dinero,total
2019-10-01,09,La Araucanía,compra_intrarregional,pesos,218555673284.52,miles de millones de pesos,dinero,total
2019-10-01,09,La Araucanía,facturas_compra_interregional,unidades,554906.0,miles de unidades,conteo,total
2019-10-01,09,La Araucanía,facturas_venta_interregional,unidades,286059.0,miles de unidades,conteo,total
2019-10-01,09,La Araucanía,venta_interregional,pesos,200643749854.61002,miles de millones de pesos,dinero,total
2019-10-01,09,La Araucanía,venta_intrarregional,pesos,218555673284.52,miles de millones de pesos,dinero,total
2019-10-01,10,Los Lagos,compra_interregional,pesos,508209647441.69,miles de millones de pesos,dinero,total
2019-10-01,10,Los Lagos,compra_intrarregional,pesos,522618787907.49994,miles de millones de pesos,dinero,total
2019-10-01,10,Los Lagos,facturas_compra_interregional,unidades,612803.0,miles de unidades,conteo,total
2019-10-01,10,Los Lagos,facturas_venta_interregional,unidades,334458.0,miles de unidades,conteo,total
2019-10-01,10,Los Lagos,venta_interregional,pesos,268976331592.81998,miles de millones de pesos,dinero,total
2019-10-01,10,Los Lagos,venta_intrarregional,pesos,522618787907.49994,miles de millones de pesos,dinero,total
2019-10-01,11,Aysén,compra_interregional,pesos,29916009145.416,miles de millones de pesos,dinero,total
2019-10-01,11,Aysén,compra_intrarregional,pesos,25278212005.083,miles de millones de pesos,dinero,total
2019-10-01,11,Aysén,facturas_compra_interregional,unidades,82316.0,miles de unidades,conteo,total
2019-10-01,11,Aysén,facturas_venta_interregional,unidades,25839.0,miles de unidades,conteo,total
2019-10-01,11,Aysén,venta_interregional,pesos,19137605820.0,miles de millones de pesos,dinero,total
2019-10-01,11,Aysén,venta_intrarregional,pesos,25278212005.083,miles de millones de pesos,dinero,total
2019-10-01,12,Magallanes,compra_interregional,pesos,83957644167.06299,miles de millones de pesos,dinero,total
2019-10-01,12,Magallanes,compra_intrarregional,pesos,71629895585.558,miles de millones de pesos,dinero,total
2019-10-01,12,Magallanes,facturas_compra_interregional,unidades,123468.0,miles de unidades,conteo,total
2019-10-01,12,Magallanes,facturas_venta_interregional,unidades,35878.0,miles de unidades,conteo,total
2019-10-01,12,Magallanes,venta_interregional,pesos,61778202650.666,miles de millones de pesos,dinero,total
2019-10-01,12,Magallanes,venta_intrarregional,pesos,71629895585.558,miles de millones de pesos,dinero,total
2019-10-01,13,Metropolitana de Santiago,compra_interregional,pesos,3149130623836.0,miles de millones de pesos,dinero,total
2019-10-01,13,Metropolitana de Santiago,compra_intrarregional,pesos,11609194392229.0,miles de millones de pesos,dinero,total
2019-10-01,13,Metropolitana de Santiago,facturas_compra_interregional,unidades,2370987.0,miles de unidades,conteo,total
2019-10-01,13,Metropolitana de Santiago,facturas_venta_interregional,unidades,5864172.0,miles de unidades,conteo,total
2019-10-01,13,Metropolitana de Santiago,venta_interregional,pesos,3629478062238.3,miles de millones de pesos,dinero,total
2019-10-01,13,Metropolitana de Santiago,venta_intrarregional,pesos,11609194392229.0,miles de millones de pesos,dinero,total
2019-10-01,14,Los Ríos,compra_interregional,pesos,145582850999.16,miles de millones de pesos,dinero,total
2019-10-01,14,Los Ríos,compra_intrarregional,pesos,79127723656.0,miles de millones de pesos,dinero,total
2019-10-01,14,Los Ríos,facturas_compra_interregional,unidades,315928.0,miles de unidades,conteo,total
2019-10-01,14,Los Ríos,facturas_venta_interregional,unidades,147753.0,miles de unidades,conteo,total
2019-10-01,14,Los Ríos,venta_interregional,pesos,118517189293.5,miles de millones de pesos,dinero,total
2019-10-01,14,Los Ríos,venta_intrarregional,pesos,79127723656.0,miles de millones de pesos,dinero,total
2019-10-01,15,Arica y Parinacota,compra_interregional,pesos,59599741048.333,miles de millones de pesos,dinero,total
2019-10-01,15,Arica y Parinacota,compra_intrarregional,pesos,32600528454.5,miles de millones de pesos,dinero,total
2019-10-01,15,Arica y Parinacota,facturas_compra_interregional,unidades,101512.0,miles de unidades,conteo,total
2019-10-01,15,Arica y Parinacota,facturas_venta_interregional,unidades,48295.0,miles de unidades,conteo,total
2019-10-01,15,Arica y Parinacota,venta_interregional,pesos,32342381943.5,miles de millones de pesos,dinero,total
2019-10-01,15,Arica y Parinacota,venta_intrarregional,pesos,32600528454.5,miles de millones de pesos,dinero,total
2019-10-01,16,Ñuble,compra_interregional,pesos,133922712682.80998,miles de millones de pesos,dinero,total
2019-10-01,16,Ñuble,compra_intrarregional,pesos,80136035690.5,miles de millones de pesos,dinero,total
2019-10-01,16,Ñuble,facturas_compra_interregional,unidades,287200.0,miles de unidades,conteo,total
2019-10-01,16,Ñuble,facturas_venta_interregional,unidades,202010.0,miles de unidades,conteo,total
2019-10-01,16,Ñuble,venta_interregional,pesos,113136128999.0,miles de millones de pesos,dinero,total
2019-10-01,16,Ñuble,venta_intrarregional,pesos,80136035690.5,miles de millones de pesos,dinero,total
2019-11-01,01,Tarapacá,compra_interregional,pesos,194821585745.33,miles de millones de pesos,dinero,total
2019-11-01,01,Tarapacá,compra_intrarregional,pesos,76674427092.0,miles de millones de pesos,dinero,total
2019-11-01,01,Tarapacá,facturas_compra_interregional,unidades,168976.0,miles de unidades,conteo,total
2019-11-01,01,Tarapacá,facturas_venta_interregional,unidades,70550.0,miles de unidades,conteo,total
2019-11-01,01,Tarapacá,venta_interregional,pesos,69201712382.43399,miles de millones de pesos,dinero,total
2019-11-01,01,Tarapacá,venta_intrarregional,pesos,76674427092.0,miles de millones de pesos,dinero,total
2019-11-01,02,Antofagasta,compra_interregional,pesos,398097524131.19,miles de millones de pesos,dinero,total
2019-11-01,02,Antofagasta,compra_intrarregional,pesos,212928131714.83,miles de millones de pesos,dinero,total
2019-11-01,02,Antofagasta,facturas_compra_interregional,unidades,400484.0,miles de unidades,conteo,total
2019-11-01,02,Antofagasta,facturas_venta_interregional,unidades,170904.0,miles de unidades,conteo,total
2019-11-01,02,Antofagasta,venta_interregional,pesos,376461175603.74,miles de millones de pesos,dinero,total
2019-11-01,02,Antofagasta,venta_intrarregional,pesos,212928131714.83,miles de millones de pesos,dinero,total
2019-11-01,03,Atacama,compra_interregional,pesos,133101793362.95999,miles de millones de pesos,dinero,total
2019-11-01,03,Atacama,compra_intrarregional,pesos,59156863291.555,miles de millones de pesos,dinero,total
2019-11-01,03,Atacama,facturas_compra_interregional,unidades,204284.0,miles de unidades,conteo,total
2019-11-01,03,Atacama,facturas_venta_interregional,unidades,61920.0,miles de unidades,conteo,total
2019-11-01,03,Atacama,venta_interregional,pesos,89077758872.0,miles de millones de pesos,dinero,total
2019-11-01,03,Atacama,venta_intrarregional,pesos,59156863291.555,miles de millones de pesos,dinero,total
2019-11-01,04,Coquimbo,compra_interregional,pesos,206390971181.86002,miles de millones de pesos,dinero,total
2019-11-01,04,Coquimbo,compra_intrarregional,pesos,144814165730.0,miles de millones de pesos,dinero,total
2019-11-01,04,Coquimbo,facturas_compra_interregional,unidades,429995.0,miles de unidades,conteo,total
2019-11-01,04,Coquimbo,facturas_venta_interregional,unidades,164122.0,miles de unidades,conteo,total
2019-11-01,04,Coquimbo,venta_interregional,pesos,137934844564.96,miles de millones de pesos,dinero,total
2019-11-01,04,Coquimbo,venta_intrarregional,pesos,144814165730.0,miles de millones de pesos,dinero,total
2019-11-01,05,Valparaíso,compra_interregional,pesos,616525904881.73,miles de millones de pesos,dinero,total
2019-11-01,05,Valparaíso,compra_intrarregional,pesos,401725482167.76,miles de millones de pesos,dinero,total
2019-11-01,05,Valparaíso,facturas_compra_interregional,unidades,1081941.0,miles de unidades,conteo,total
2019-11-01,05,Valparaíso,facturas_venta_interregional,unidades,562678.0,miles de unidades,conteo,total
2019-11-01,05,Valparaíso,venta_interregional,pesos,962288594005.63,miles de millones de pesos,dinero,total
2019-11-01,05,Valparaíso,venta_intrarregional,pesos,401725482167.76,miles de millones de pesos,dinero,total
2019-11-01,06,O'Higgins,compra_interregional,pesos,430307945299.02997,miles de millones de pesos,dinero,total
2019-11-01,06,O'Higgins,compra_intrarregional,pesos,264958058218.15997,miles de millones de pesos,dinero,total
2019-11-01,06,O'Higgins,facturas_compra_interregional,unidades,658226.0,miles de unidades,conteo,total
2019-11-01,06,O'Higgins,facturas_venta_interregional,unidades,235360.0,miles de unidades,conteo,total
2019-11-01,06,O'Higgins,venta_interregional,pesos,307625184135.0,miles de millones de pesos,dinero,total
2019-11-01,06,O'Higgins,venta_intrarregional,pesos,264958058218.15997,miles de millones de pesos,dinero,total
2019-11-01,07,Maule,compra_interregional,pesos,335229466059.54004,miles de millones de pesos,dinero,total
2019-11-01,07,Maule,compra_intrarregional,pesos,296295979700.98004,miles de millones de pesos,dinero,total
2019-11-01,07,Maule,facturas_compra_interregional,unidades,642831.0,miles de unidades,conteo,total
2019-11-01,07,Maule,facturas_venta_interregional,unidades,459808.0,miles de unidades,conteo,total
2019-11-01,07,Maule,venta_interregional,pesos,296280804489.75,miles de millones de pesos,dinero,total
2019-11-01,07,Maule,venta_intrarregional,pesos,296295979700.98004,miles de millones de pesos,dinero,total
2019-11-01,08,Biobío,compra_interregional,pesos,512723980901.79004,miles de millones de pesos,dinero,total
2019-11-01,08,Biobío,compra_intrarregional,pesos,425287443786.43,miles de millones de pesos,dinero,total
2019-11-01,08,Biobío,facturas_compra_interregional,unidades,960582.0,miles de unidades,conteo,total
2019-11-01,08,Biobío,facturas_venta_interregional,unidades,384941.0,miles de unidades,conteo,total
2019-11-01,08,Biobío,venta_interregional,pesos,570522058268.56,miles de millones de pesos,dinero,total
2019-11-01,08,Biobío,venta_intrarregional,pesos,425287443786.43,miles de millones de pesos,dinero,total
2019-11-01,09,La Araucanía,compra_interregional,pesos,249489106048.03998,miles de millones de pesos,dinero,total
2019-11-01,09,La Araucanía,compra_intrarregional,pesos,219990973691.71,miles de millones de pesos,dinero,total
2019-11-01,09,La Araucanía,facturas_compra_interregional,unidades,540135.0,miles de unidades,conteo,total
2019-11-01,09,La Araucanía,facturas_venta_interregional,unidades,275124.0,miles de unidades,conteo,total
2019-11-01,09,La Araucanía,venta_interregional,pesos,200580917554.96,miles de millones de pesos,dinero,total
2019-11-01,09,La Araucanía,venta_intrarregional,pesos,219990973691.71,miles de millones de pesos,dinero,total
2019-11-01,10,Los Lagos,compra_interregional,pesos,513871074735.09,miles de millones de pesos,dinero,total
2019-11-01,10,Los Lagos,compra_intrarregional,pesos,516474637465.26,miles de millones de pesos,dinero,total
2019-11-01,10,Los Lagos,facturas_compra_interregional,unidades,589392.0,miles de unidades,conteo,total
2019-11-01,10,Los Lagos,facturas_venta_interregional,unidades,326066.0,miles de unidades,conteo,total
2019-11-01,10,Los Lagos,venta_interregional,pesos,261413529448.66998,miles de millones de pesos,dinero,total
2019-11-01,10,Los Lagos,venta_intrarregional,pesos,516474637465.26,miles de millones de pesos,dinero,total
2019-11-01,11,Aysén,compra_interregional,pesos,27636633052.833,miles de millones de pesos,dinero,total
2019-11-01,11,Aysén,compra_intrarregional,pesos,25082419559.466,miles de millones de pesos,dinero,total
2019-11-01,11,Aysén,facturas_compra_interregional,unidades,78254.0,miles de unidades,conteo,total
2019-11-01,11,Aysén,facturas_venta_interregional,unidades,25395.0,miles de unidades,conteo,total
2019-11-01,11,Aysén,venta_interregional,pesos,19490214009.0,miles de millones de pesos,dinero,total
2019-11-01,11,Aysén,venta_intrarregional,pesos,25082419559.466,miles de millones de pesos,dinero,total
2019-11-01,12,Magallanes,compra_interregional,pesos,91872191202.78201,miles de millones de pesos,dinero,total
2019-11-01,12,Magallanes,compra_intrarregional,pesos,85623947759.63701,miles de millones de pesos,dinero,total
2019-11-01,12,Magallanes,facturas_compra_interregional,unidades,119429.0,miles de unidades,conteo,total
2019-11-01,12,Magallanes,facturas_venta_interregional,unidades,37584.0,miles de unidades,conteo,total
2019-11-01,12,Magallanes,venta_interregional,pesos,68210205986.55499,miles de millones de pesos,dinero,total
2019-11-01,12,Magallanes,venta_intrarregional,pesos,85623947759.63701,miles de millones de pesos,dinero,total
2019-11-01,13,Metropolitana de Santiago,compra_interregional,pesos,3202260190363.0996,miles de millones de pesos,dinero,total
2019-11-01,13,Metropolitana de Santiago,compra_intrarregional,pesos,11957463411750.0,miles de millones de pesos,dinero,total
2019-11-01,13,Metropolitana de Santiago,facturas_compra_interregional,unidades,2320705.0,miles de unidades,conteo,total
2019-11-01,13,Metropolitana de Santiago,facturas_venta_interregional,unidades,5728545.0,miles de unidades,conteo,total
2019-11-01,13,Metropolitana de Santiago,venta_interregional,pesos,3598762402429.9,miles de millones de pesos,dinero,total
2019-11-01,13,Metropolitana de Santiago,venta_intrarregional,pesos,11957463411750.0,miles de millones de pesos,dinero,total
2019-11-01,14,Los Ríos,compra_interregional,pesos,142009519959.89,miles de millones de pesos,dinero,total
2019-11-01,14,Los Ríos,compra_intrarregional,pesos,73400926488.0,miles de millones de pesos,dinero,total
2019-11-01,14,Los Ríos,facturas_compra_interregional,unidades,305353.0,miles de unidades,conteo,total
2019-11-01,14,Los Ríos,facturas_venta_interregional,unidades,139881.0,miles de unidades,conteo,total
2019-11-01,14,Los Ríos,venta_interregional,pesos,121063343002.0,miles de millones de pesos,dinero,total
2019-11-01,14,Los Ríos,venta_intrarregional,pesos,73400926488.0,miles de millones de pesos,dinero,total
2019-11-01,15,Arica y Parinacota,compra_interregional,pesos,49989322357.75,miles de millones de pesos,dinero,total
2019-11-01,15,Arica y Parinacota,compra_intrarregional,pesos,29291569774.0,miles de millones de pesos,dinero,total
2019-11-01,15,Arica y Parinacota,facturas_compra_interregional,unidades,96766.0,miles de unidades,conteo,total
2019-11-01,15,Arica y Parinacota,facturas_venta_interregional,unidades,43300.0,miles de unidades,conteo,total
2019-11-01,15,Arica y Parinacota,venta_interregional,pesos,32586532484.000004,miles de millones de pesos,dinero,total
2019-11-01,15,Arica y Parinacota,venta_intrarregional,pesos,29291569774.0,miles de millones de pesos,dinero,total
2019-11-01,16,Ñuble,compra_interregional,pesos,127759584201.2,miles de millones de pesos,dinero,total
2019-11-01,16,Ñuble,compra_intrarregional,pesos,85269679611.0,miles de millones de pesos,dinero,total
2019-11-01,16,Ñuble,facturas_compra_interregional,unidades,281708.0,miles de unidades,conteo,total
2019-11-01,16,Ñuble,facturas_venta_interregional,unidades,192883.0,miles de unidades,conteo,total
2019-11-01,16,Ñuble,venta_interregional,pesos,120587516247.0,miles de millones de pesos,dinero,total
2019-11-01,16,Ñuble,venta_intrarregional,pesos,85269679611.0,miles de millones de pesos,dinero,total
2019-12-01,01,Tarapacá,compra_interregional,pesos,295684851061.83,miles de millones de pesos,dinero,total
2019-12-01,01,Tarapacá,compra_intrarregional,pesos,102550491100.0,miles de millones de pesos,dinero,total
2019-12-01,01,Tarapacá,facturas_compra_interregional,unidades,182954.0,miles de unidades,conteo,total
2019-12-01,01,Tarapacá,facturas_venta_interregional,unidades,78012.0,miles de unidades,conteo,total
2019-12-01,01,Tarapacá,venta_interregional,pesos,79071538569.33301,miles de millones de pesos,dinero,total
2019-12-01,01,Tarapacá,venta_intrarregional,pesos,102550491100.0,miles de millones de pesos,dinero,total
2019-12-01,02,Antofagasta,compra_interregional,pesos,520754111048.33997,miles de millones de pesos,dinero,total
2019-12-01,02,Antofagasta,compra_intrarregional,pesos,276803875646.0,miles de millones de pesos,dinero,total
2019-12-01,02,Antofagasta,facturas_compra_interregional,unidades,430246.0,miles de unidades,conteo,total
2019-12-01,02,Antofagasta,facturas_venta_interregional,unidades,180966.0,miles de unidades,conteo,total
2019-12-01,02,Antofagasta,venta_interregional,pesos,445425212911.34,miles de millones de pesos,dinero,total
2019-12-01,02,Antofagasta,venta_intrarregional,pesos,276803875646.0,miles de millones de pesos,dinero,total
2019-12-01,03,Atacama,compra_interregional,pesos,163754065051.5,miles de millones de pesos,dinero,total
2019-12-01,03,Atacama,compra_intrarregional,pesos,81361649106.55501,miles de millones de pesos,dinero,total
2019-12-01,03,Atacama,facturas_compra_interregional,unidades,221984.0,miles de unidades,conteo,total
2019-12-01,03,Atacama,facturas_venta_interregional,unidades,69479.0,miles de unidades,conteo,total
2019-12-01,03,Atacama,venta_interregional,pesos,94458096927.78499,miles de millones de pesos,dinero,total
2019-12-01,03,Atacama,venta_intrarregional,pesos,81361649106.55501,miles de millones de pesos,dinero,total
2019-12-01,04,Coquimbo,compra_interregional,pesos,257658034987.30002,miles de millones de pesos,dinero,total
2019-12-01,04,Coquimbo,compra_intrarregional,pesos,188024720501.66,miles de millones de pesos,dinero,total
2019-12-01,04,Coquimbo,facturas_compra_interregional,unidades,468814.0,miles de unidades,conteo,total
2019-12-01,04,Coquimbo,facturas_venta_interregional,unidades,180533.0,miles de unidades,conteo,total
2019-12-01,04,Coquimbo,venta_interregional,pesos,175707563896.22,miles de millones de pesos,dinero,total
2019-12-01,04,Coquimbo,venta_intrarregional,pesos,188024720501.66,miles de millones de pesos,dinero,total
2019-12-01,05,Valparaíso,compra_interregional,pesos,799463103413.04,miles de millones de pesos,dinero,total
2019-12-01,05,Valparaíso,compra_intrarregional,pesos,525458729505.94,miles de millones de pesos,dinero,total
2019-12-01,05,Valparaíso,facturas_compra_interregional,unidades,1192095.0,miles de unidades,conteo,total
2019-12-01,05,Valparaíso,facturas_venta_interregional,unidades,626033.0,miles de unidades,conteo,total
2019-12-01,05,Valparaíso,venta_interregional,pesos,1223028786801.4,miles de millones de pesos,dinero,total
2019-12-01,05,Valparaíso,venta_intrarregional,pesos,525458729505.94,miles de millones de pesos,dinero,total
2019-12-01,06,O'Higgins,compra_interregional,pesos,508085507000.33997,miles de millones de pesos,dinero,total
2019-12-01,06,O'Higgins,compra_intrarregional,pesos,393088430730.72003,miles de millones de pesos,dinero,total
2019-12-01,06,O'Higgins,facturas_compra_interregional,unidades,696191.0,miles de unidades,conteo,total
2019-12-01,06,O'Higgins,facturas_venta_interregional,unidades,251317.0,miles de unidades,conteo,total
2019-12-01,06,O'Higgins,venta_interregional,pesos,382726231553.28,miles de millones de pesos,dinero,total
2019-12-01,06,O'Higgins,venta_intrarregional,pesos,393088430730.72003,miles de millones de pesos,dinero,total
2019-12-01,07,Maule,compra_interregional,pesos,418976526544.8,miles de millones de pesos,dinero,total
2019-12-01,07,Maule,compra_intrarregional,pesos,433077811292.50995,miles de millones de pesos,dinero,total
2019-12-01,07,Maule,facturas_compra_interregional,unidades,679870.0,miles de unidades,conteo,total
2019-12-01,07,Maule,facturas_venta_interregional,unidades,487185.0,miles de unidades,conteo,total
2019-12-01,07,Maule,venta_interregional,pesos,352098066034.29004,miles de millones de pesos,dinero,total
2019-12-01,07,Maule,venta_intrarregional,pesos,433077811292.50995,miles de millones de pesos,dinero,total
2019-12-01,08,Biobío,compra_interregional,pesos,633346475597.05,miles de millones de pesos,dinero,total
2019-12-01,08,Biobío,compra_intrarregional,pesos,533883509372.94,miles de millones de pesos,dinero,total
2019-12-01,08,Biobío,facturas_compra_interregional,unidades,1020784.0,miles de unidades,conteo,total
2019-12-01,08,Biobío,facturas_venta_interregional,unidades,421585.0,miles de unidades,conteo,total
2019-12-01,08,Biobío,venta_interregional,pesos,676442618916.71,miles de millones de pesos,dinero,total
2019-12-01,08,Biobío,venta_intrarregional,pesos,533883509372.94,miles de millones de pesos,dinero,total
2019-12-01,09,La Araucanía,compra_interregional,pesos,313688587507.76,miles de millones de pesos,dinero,total
2019-12-01,09,La Araucanía,compra_intrarregional,pesos,277145116352.67004,miles de millones de pesos,dinero,total
2019-12-01,09,La Araucanía,facturas_compra_interregional,unidades,577309.0,miles de unidades,conteo,total
2019-12-01,09,La Araucanía,facturas_venta_interregional,unidades,296903.0,miles de unidades,conteo,total
2019-12-01,09,La Araucanía,venta_interregional,pesos,226161324111.03,miles de millones de pesos,dinero,total
2019-12-01,09,La Araucanía,venta_intrarregional,pesos,277145116352.67004,miles de millones de pesos,dinero,total
2019-12-01,10,Los Lagos,compra_interregional,pesos,592572188297.21,miles de millones de pesos,dinero,total
2019-12-01,10,Los Lagos,compra_intrarregional,pesos,582485875230.23,miles de millones de pesos,dinero,total
2019-12-01,10,Los Lagos,facturas_compra_interregional,unidades,619009.0,miles de unidades,conteo,total
2019-12-01,10,Los Lagos,facturas_venta_interregional,unidades,347698.0,miles de unidades,conteo,total
2019-12-01,10,Los Lagos,venta_interregional,pesos,296957700841.53,miles de millones de pesos,dinero,total
2019-12-01,10,Los Lagos,venta_intrarregional,pesos,582485875230.23,miles de millones de pesos,dinero,total
2019-12-01,11,Aysén,compra_interregional,pesos,32401031128.165997,miles de millones de pesos,dinero,total
2019-12-01,11,Aysén,compra_intrarregional,pesos,30967020226.317997,miles de millones de pesos,dinero,total
2019-12-01,11,Aysén,facturas_compra_interregional,unidades,82980.0,miles de unidades,conteo,total
2019-12-01,11,Aysén,facturas_venta_interregional,unidades,26451.0,miles de unidades,conteo,total
2019-12-01,11,Aysén,venta_interregional,pesos,22885982494.0,miles de millones de pesos,dinero,total
2019-12-01,11,Aysén,venta_intrarregional,pesos,30967020226.317997,miles de millones de pesos,dinero,total
2019-12-01,12,Magallanes,compra_interregional,pesos,98301098057.58301,miles de millones de pesos,dinero,total
2019-12-01,12,Magallanes,compra_intrarregional,pesos,122423965129.37001,miles de millones de pesos,dinero,total
2019-12-01,12,Magallanes,facturas_compra_interregional,unidades,122463.0,miles de unidades,conteo,total
2019-12-01,12,Magallanes,facturas_venta_interregional,unidades,39700.0,miles de unidades,conteo,total
2019-12-01,12,Magallanes,venta_interregional,pesos,83531597427.61101,miles de millones de pesos,dinero,total
2019-12-01,12,Magallanes,venta_intrarregional,pesos,122423965129.37001,miles de millones de pesos,dinero,total
2019-12-01,13,Metropolitana de Santiago,compra_interregional,pesos,4033999183250.9,miles de millones de pesos,dinero,total
2019-12-01,13,Metropolitana de Santiago,compra_intrarregional,pesos,14786817596757.0,miles de millones de pesos,dinero,total
2019-12-01,13,Metropolitana de Santiago,facturas_compra_interregional,unidades,2512799.0,miles de unidades,conteo,total
2019-12-01,13,Metropolitana de Santiago,facturas_venta_interregional,unidades,6125122.0,miles de unidades,conteo,total
2019-12-01,13,Metropolitana de Santiago,venta_interregional,pesos,4709710330707.601,miles de millones de pesos,dinero,total
2019-12-01,13,Metropolitana de Santiago,venta_intrarregional,pesos,14786817596757.0,miles de millones de pesos,dinero,total
2019-12-01,14,Los Ríos,compra_interregional,pesos,179966500858.80002,miles de millones de pesos,dinero,total
2019-12-01,14,Los Ríos,compra_intrarregional,pesos,85771638055.0,miles de millones de pesos,dinero,total
2019-12-01,14,Los Ríos,facturas_compra_interregional,unidades,328096.0,miles de unidades,conteo,total
2019-12-01,14,Los Ríos,facturas_venta_interregional,unidades,146557.0,miles de unidades,conteo,total
2019-12-01,14,Los Ríos,venta_interregional,pesos,136432096997.33,miles de millones de pesos,dinero,total
2019-12-01,14,Los Ríos,venta_intrarregional,pesos,85771638055.0,miles de millones de pesos,dinero,total
2019-12-01,15,Arica y Parinacota,compra_interregional,pesos,70893103088.83301,miles de millones de pesos,dinero,total
2019-12-01,15,Arica y Parinacota,compra_intrarregional,pesos,38373702268.0,miles de millones de pesos,dinero,total
2019-12-01,15,Arica y Parinacota,facturas_compra_interregional,unidades,103490.0,miles de unidades,conteo,total
2019-12-01,15,Arica y Parinacota,facturas_venta_interregional,unidades,48090.0,miles de unidades,conteo,total
2019-12-01,15,Arica y Parinacota,venta_interregional,pesos,31044574062.940002,miles de millones de pesos,dinero,total
2019-12-01,15,Arica y Parinacota,venta_intrarregional,pesos,38373702268.0,miles de millones de pesos,dinero,total
2019-12-01,16,Ñuble,compra_interregional,pesos,155182588198.50998,miles de millones de pesos,dinero,total
2019-12-01,16,Ñuble,compra_intrarregional,pesos,103385389703.5,miles de millones de pesos,dinero,total
2019-12-01,16,Ñuble,facturas_compra_interregional,unidades,295554.0,miles de unidades,conteo,total
2019-12-01,16,Ñuble,facturas_venta_interregional,unidades,209007.0,miles de unidades,conteo,total
2019-12-01,16,Ñuble,venta_interregional,pesos,139045232839.5,miles de millones de pesos,dinero,total
2019-12-01,16,Ñuble,venta_intrarregional,pesos,103385389703.5,miles de millones de pesos,dinero,total
2020-01-01,01,Tarapacá,compra_interregional,pesos,205775655200.66,miles de millones de pesos,dinero,total
2020-01-01,01,Tarapacá,compra_intrarregional,pesos,75016290679.617,miles de millones de pesos,dinero,total
2020-01-01,01,Tarapacá,facturas_compra_interregional,unidades,187198.0,miles de unidades,conteo,total
2020-01-01,01,Tarapacá,facturas_venta_interregional,unidades,76605.0,miles de unidades,conteo,total
2020-01-01,01,Tarapacá,venta_interregional,pesos,69242824482.834,miles de millones de pesos,dinero,total
2020-01-01,01,Tarapacá,venta_intrarregional,pesos,75016290679.617,miles de millones de pesos,dinero,total
2020-01-01,02,Antofagasta,compra_interregional,pesos,384125881725.9,miles de millones de pesos,dinero,total
2020-01-01,02,Antofagasta,compra_intrarregional,pesos,195816677459.0,miles de millones de pesos,dinero,total
2020-01-01,02,Antofagasta,facturas_compra_interregional,unidades,428971.0,miles de unidades,conteo,total
2020-01-01,02,Antofagasta,facturas_venta_interregional,unidades,179217.0,miles de unidades,conteo,total
2020-01-01,02,Antofagasta,venta_interregional,pesos,369855498786.56,miles de millones de pesos,dinero,total
2020-01-01,02,Antofagasta,venta_intrarregional,pesos,195816677459.0,miles de millones de pesos,dinero,total
2020-01-01,03,Atacama,compra_interregional,pesos,133109526052.15999,miles de millones de pesos,dinero,total
2020-01-01,03,Atacama,compra_intrarregional,pesos,62340351093.5,miles de millones de pesos,dinero,total
2020-01-01,03,Atacama,facturas_compra_interregional,unidades,221942.0,miles de unidades,conteo,total
2020-01-01,03,Atacama,facturas_venta_interregional,unidades,70221.0,miles de unidades,conteo,total
2020-01-01,03,Atacama,venta_interregional,pesos,93120004379.111,miles de millones de pesos,dinero,total
2020-01-01,03,Atacama,venta_intrarregional,pesos,62340351093.5,miles de millones de pesos,dinero,total
2020-01-01,04,Coquimbo,compra_interregional,pesos,234456993311.92,miles de millones de pesos,dinero,total
2020-01-01,04,Coquimbo,compra_intrarregional,pesos,149587657665.55002,miles de millones de pesos,dinero,total
2020-01-01,04,Coquimbo,facturas_compra_interregional,unidades,491205.0,miles de unidades,conteo,total
2020-01-01,04,Coquimbo,facturas_venta_interregional,unidades,186455.0,miles de unidades,conteo,total
2020-01-01,04,Coquimbo,venta_interregional,pesos,137077089640.01,miles de millones de pesos,dinero,total
2020-01-01,04,Coquimbo,venta_intrarregional,pesos,149587657665.55002,miles de millones de pesos,dinero,total
2020-01-01,05,Valparaíso,compra_interregional,pesos,629049494899.8401,miles de millones de pesos,dinero,total
2020-01-01,05,Valparaíso,compra_intrarregional,pesos,425917172924.74,miles de millones de pesos,dinero,total
2020-01-01,05,Valparaíso,facturas_compra_interregional,unidades,1258675.0,miles de unidades,conteo,total
2020-01-01,05,Valparaíso,facturas_venta_interregional,unidades,612271.0,miles de unidades,conteo,total
2020-01-01,05,Valparaíso,venta_interregional,pesos,1179637944192.7,miles de millones de pesos,dinero,total
2020-01-01,05,Valparaíso,venta_intrarregional,pesos,425917172924.74,miles de millones de pesos,dinero,total
2020-01-01,06,O'Higgins,compra_interregional,pesos,451003003554.63995,miles de millones de pesos,dinero,total
2020-01-01,06,O'Higgins,compra_intrarregional,pesos,262070340396.27002,miles de millones de pesos,dinero,total
2020-01-01,06,O'Higgins,facturas_compra_interregional,unidades,715594.0,miles de unidades,conteo,total
2020-01-01,06,O'Higgins,facturas_venta_interregional,unidades,248560.0,miles de unidades,conteo,total
2020-01-01,06,O'Higgins,venta_interregional,pesos,327790420009.76,miles de millones de pesos,dinero,total
2020-01-01,06,O'Higgins,venta_intrarregional,pesos,262070340396.27002,miles de millones de pesos,dinero,total
2020-01-01,07,Maule,compra_interregional,pesos,350245707688.05,miles de millones de pesos,dinero,total
2020-01-01,07,Maule,compra_intrarregional,pesos,288889942881.21,miles de millones de pesos,dinero,total
2020-01-01,07,Maule,facturas_compra_interregional,unidades,688415.0,miles de unidades,conteo,total
2020-01-01,07,Maule,facturas_venta_interregional,unidades,488487.0,miles de unidades,conteo,total
2020-01-01,07,Maule,venta_interregional,pesos,320504236051.17,miles de millones de pesos,dinero,total
2020-01-01,07,Maule,venta_intrarregional,pesos,288889942881.21,miles de millones de pesos,dinero,total
2020-01-01,08,Biobío,compra_interregional,pesos,509838823140.05,miles de millones de pesos,dinero,total
2020-01-01,08,Biobío,compra_intrarregional,pesos,445424114145.95,miles de millones de pesos,dinero,total
2020-01-01,08,Biobío,facturas_compra_interregional,unidades,1031721.0,miles de unidades,conteo,total
2020-01-01,08,Biobío,facturas_venta_interregional,unidades,415534.0,miles de unidades,conteo,total
2020-01-01,08,Biobío,venta_interregional,pesos,563185105197.12,miles de millones de pesos,dinero,total
2020-01-01,08,Biobío,venta_intrarregional,pesos,445424114145.95,miles de millones de pesos,dinero,total
2020-01-01,09,La Araucanía,compra_interregional,pesos,263920858885.12003,miles de millones de pesos,dinero,total
2020-01-01,09,La Araucanía,compra_intrarregional,pesos,222730234808.89,miles de millones de pesos,dinero,total
2020-01-01,09,La Araucanía,facturas_compra_interregional,unidades,600505.0,miles de unidades,conteo,total
2020-01-01,09,La Araucanía,facturas_venta_interregional,unidades,306467.0,miles de unidades,conteo,total
2020-01-01,09,La Araucanía,venta_interregional,pesos,214798149209.21002,miles de millones de pesos,dinero,total
2020-01-01,09,La Araucanía,venta_intrarregional,pesos,222730234808.89,miles de millones de pesos,dinero,total
2020-01-01,10,Los Lagos,compra_interregional,pesos,543385017660.95996,miles de millones de pesos,dinero,total
2020-01-01,10,Los Lagos,compra_intrarregional,pesos,494921570760.55005,miles de millones de pesos,dinero,total
2020-01-01,10,Los Lagos,facturas_compra_interregional,unidades,651294.0,miles de unidades,conteo,total
2020-01-01,10,Los Lagos,facturas_venta_interregional,unidades,351978.0,miles de unidades,conteo,total
2020-01-01,10,Los Lagos,venta_interregional,pesos,245574592554.29,miles de millones de pesos,dinero,total
2020-01-01,10,Los Lagos,venta_intrarregional,pesos,494921570760.55005,miles de millones de pesos,dinero,total
2020-01-01,11,Aysén,compra_interregional,pesos,27792660622.333,miles de millones de pesos,dinero,total
2020-01-01,11,Aysén,compra_intrarregional,pesos,20827928580.95,miles de millones de pesos,dinero,total
2020-01-01,11,Aysén,facturas_compra_interregional,unidades,85660.0,miles de unidades,conteo,total
2020-01-01,11,Aysén,facturas_venta_interregional,unidades,26908.0,miles de unidades,conteo,total
2020-01-01,11,Aysén,venta_interregional,pesos,19474849430.5,miles de millones de pesos,dinero,total
2020-01-01,11,Aysén,venta_intrarregional,pesos,20827928580.95,miles de millones de pesos,dinero,total
2020-01-01,12,Magallanes,compra_interregional,pesos,86298597660.748,miles de millones de pesos,dinero,total
2020-01-01,12,Magallanes,compra_intrarregional,pesos,70013074468.88,miles de millones de pesos,dinero,total
2020-01-01,12,Magallanes,facturas_compra_interregional,unidades,127626.0,miles de unidades,conteo,total
2020-01-01,12,Magallanes,facturas_venta_interregional,unidades,38707.0,miles de unidades,conteo,total
2020-01-01,12,Magallanes,venta_interregional,pesos,69024588865.958,miles de millones de pesos,dinero,total
2020-01-01,12,Magallanes,venta_intrarregional,pesos,70013074468.88,miles de millones de pesos,dinero,total
2020-01-01,13,Metropolitana de Santiago,compra_interregional,pesos,3386311860148.8,miles de millones de pesos,dinero,total
2020-01-01,13,Metropolitana de Santiago,compra_intrarregional,pesos,11668926047183.0,miles de millones de pesos,dinero,total
2020-01-01,13,Metropolitana de Santiago,facturas_compra_interregional,unidades,2579873.0,miles de unidades,conteo,total
2020-01-01,13,Metropolitana de Santiago,facturas_venta_interregional,unidades,6417922.0,miles de unidades,conteo,total
2020-01-01,13,Metropolitana de Santiago,venta_interregional,pesos,3640170370455.0,miles de millones de pesos,dinero,total
2020-01-01,13,Metropolitana de Santiago,venta_intrarregional,pesos,11668926047183.0,miles de millones de pesos,dinero,total
2020-01-01,14,Los Ríos,compra_interregional,pesos,144749755407.29,miles de millones de pesos,dinero,total
2020-01-01,14,Los Ríos,compra_intrarregional,pesos,72465862926.5,miles de millones de pesos,dinero,total
2020-01-01,14,Los Ríos,facturas_compra_interregional,unidades,345127.0,miles de unidades,conteo,total
2020-01-01,14,Los Ríos,facturas_venta_interregional,unidades,146317.0,miles de unidades,conteo,total
2020-01-01,14,Los Ríos,venta_interregional,pesos,118822115771.84999,miles de millones de pesos,dinero,total
2020-01-01,14,Los Ríos,venta_intrarregional,pesos,72465862926.5,miles de millones de pesos,dinero,total
2020-01-01,15,Arica y Parinacota,compra_interregional,pesos,51855291301.618996,miles de millones de pesos,dinero,total
2020-01-01,15,Arica y Parinacota,compra_intrarregional,pesos,28427003822.0,miles de millones de pesos,dinero,total
2020-01-01,15,Arica y Parinacota,facturas_compra_interregional,unidades,101731.0,miles de unidades,conteo,total
2020-01-01,15,Arica y Parinacota,facturas_venta_interregional,unidades,42333.0,miles de unidades,conteo,total
2020-01-01,15,Arica y Parinacota,venta_interregional,pesos,24166624157.0,miles de millones de pesos,dinero,total
2020-01-01,15,Arica y Parinacota,venta_intrarregional,pesos,28427003822.0,miles de millones de pesos,dinero,total
2020-01-01,16,Ñuble,compra_interregional,pesos,133181002645.15,miles de millones de pesos,dinero,total
2020-01-01,16,Ñuble,compra_intrarregional,pesos,95594062635.44101,miles de millones de pesos,dinero,total
2020-01-01,16,Ñuble,facturas_compra_interregional,unidades,299874.0,miles de unidades,conteo,total
2020-01-01,16,Ñuble,facturas_venta_interregional,unidades,207429.0,miles de unidades,conteo,total
2020-01-01,16,Ñuble,venta_interregional,pesos,142655716722.16,miles de millones de pesos,dinero,total
2020-01-01,16,Ñuble,venta_intrarregional,pesos,95594062635.44101,miles de millones de pesos,dinero,total
2020-02-01,01,Tarapacá,compra_interregional,pesos,188595728387.32,miles de millones de pesos,dinero,total
2020-02-01,01,Tarapacá,compra_intrarregional,pesos,78252965269.803,miles de millones de pesos,dinero,total
2020-02-01,01,Tarapacá,facturas_compra_interregional,unidades,170757.0,miles de unidades,conteo,total
2020-02-01,01,Tarapacá,facturas_venta_interregional,unidades,69735.0,miles de unidades,conteo,total
2020-02-01,01,Tarapacá,venta_interregional,pesos,65970496420.052,miles de millones de pesos,dinero,total
2020-02-01,01,Tarapacá,venta_intrarregional,pesos,78252965269.803,miles de millones de pesos,dinero,total
2020-02-01,02,Antofagasta,compra_interregional,pesos,361527438751.91,miles de millones de pesos,dinero,total
2020-02-01,02,Antofagasta,compra_intrarregional,pesos,205958578517.76,miles de millones de pesos,dinero,total
2020-02-01,02,Antofagasta,facturas_compra_interregional,unidades,391913.0,miles de unidades,conteo,total
2020-02-01,02,Antofagasta,facturas_venta_interregional,unidades,164317.0,miles de unidades,conteo,total
2020-02-01,02,Antofagasta,venta_interregional,pesos,339462970261.33997,miles de millones de pesos,dinero,total
2020-02-01,02,Antofagasta,venta_intrarregional,pesos,205958578517.76,miles de millones de pesos,dinero,total
2020-02-01,03,Atacama,compra_interregional,pesos,123899024409.7,miles de millones de pesos,dinero,total
2020-02-01,03,Atacama,compra_intrarregional,pesos,59189932738.833,miles de millones de pesos,dinero,total
2020-02-01,03,Atacama,facturas_compra_interregional,unidades,201357.0,miles de unidades,conteo,total
2020-02-01,03,Atacama,facturas_venta_interregional,unidades,66837.0,miles de unidades,conteo,total
2020-02-01,03,Atacama,venta_interregional,pesos,86761767516.0,miles de millones de pesos,dinero,total
2020-02-01,03,Atacama,venta_intrarregional,pesos,59189932738.833,miles de millones de pesos,dinero,total
2020-02-01,04,Coquimbo,compra_interregional,pesos,212980625213.2,miles de millones de pesos,dinero,total
2020-02-01,04,Coquimbo,compra_intrarregional,pesos,148835922750.75,miles de millones de pesos,dinero,total
2020-02-01,04,Coquimbo,facturas_compra_interregional,unidades,462852.0,miles de unidades,conteo,total
2020-02-01,04,Coquimbo,facturas_venta_interregional,unidades,172848.0,miles de unidades,conteo,total
2020-02-01,04,Coquimbo,venta_interregional,pesos,140313069338.56,miles de millones de pesos,dinero,total
2020-02-01,04,Coquimbo,venta_intrarregional,pesos,148835922750.75,miles de millones de pesos,dinero,total
2020-02-01,05,Valparaíso,compra_interregional,pesos,599710578933.7101,miles de millones de pesos,dinero,total
2020-02-01,05,Valparaíso,compra_intrarregional,pesos,418933877650.98,miles de millones de pesos,dinero,total
2020-02-01,05,Valparaíso,facturas_compra_interregional,unidades,1164184.0,miles de unidades,conteo,total
2020-02-01,05,Valparaíso,facturas_venta_interregional,unidades,560595.0,miles de unidades,conteo,total
2020-02-01,05,Valparaíso,venta_interregional,pesos,950077085738.34,miles de millones de pesos,dinero,total
2020-02-01,05,Valparaíso,venta_intrarregional,pesos,418933877650.98,miles de millones de pesos,dinero,total
2020-02-01,06,O'Higgins,compra_interregional,pesos,395789981463.13,miles de millones de pesos,dinero,total
2020-02-01,06,O'Higgins,compra_intrarregional,pesos,256759391792.73,miles de millones de pesos,dinero,total
2020-02-01,06,O'Higgins,facturas_compra_interregional,unidades,653274.0,miles de unidades,conteo,total
2020-02-01,06,O'Higgins,facturas_venta_interregional,unidades,226735.0,miles de unidades,conteo,total
2020-02-01,06,O'Higgins,venta_interregional,pesos,326369521438.54,miles de millones de pesos,dinero,total
2020-02-01,06,O'Higgins,venta_intrarregional,pesos,256759391792.73,miles de millones de pesos,dinero,total
2020-02-01,07,Maule,compra_interregional,pesos,330447677624.38,miles de millones de pesos,dinero,total
2020-02-01,07,Maule,compra_intrarregional,pesos,268752368420.03,miles de millones de pesos,dinero,total
2020-02-01,07,Maule,facturas_compra_interregional,unidades,622392.0,miles de unidades,conteo,total
2020-02-01,07,Maule,facturas_venta_interregional,unidades,457985.0,miles de unidades,conteo,total
2020-02-01,07,Maule,venta_interregional,pesos,297141576532.54,miles de millones de pesos,dinero,total
2020-02-01,07,Maule,venta_intrarregional,pesos,268752368420.03,miles de millones de pesos,dinero,total
2020-02-01,08,Biobío,compra_interregional,pesos,502275519015.18,miles de millones de pesos,dinero,total
2020-02-01,08,Biobío,compra_intrarregional,pesos,433575095770.54,miles de millones de pesos,dinero,total
2020-02-01,08,Biobío,facturas_compra_interregional,unidades,945299.0,miles de unidades,conteo,total
2020-02-01,08,Biobío,facturas_venta_interregional,unidades,382325.0,miles de unidades,conteo,total
2020-02-01,08,Biobío,venta_interregional,pesos,528501524536.12,miles de millones de pesos,dinero,total
2020-02-01,08,Biobío,venta_intrarregional,pesos,433575095770.54,miles de millones de pesos,dinero,total
2020-02-01,09,La Araucanía,compra_interregional,pesos,274921710660.29,miles de millones de pesos,dinero,total
2020-02-01,09,La Araucanía,compra_intrarregional,pesos,239206135943.65,miles de millones de pesos,dinero,total
2020-02-01,09,La Araucanía,facturas_compra_interregional,unidades,553776.0,miles de unidades,conteo,total
2020-02-01,09,La Araucanía,facturas_venta_interregional,unidades,291807.0,miles de unidades,conteo,total
2020-02-01,09,La Araucanía,venta_interregional,pesos,237818689102.41998,miles de millones de pesos,dinero,total
2020-02-01,09,La Araucanía,venta_intrarregional,pesos,239206135943.65,miles de millones de pesos,dinero,total
2020-02-01,10,Los Lagos,compra_interregional,pesos,516745159527.24005,miles de millones de pesos,dinero,total
2020-02-01,10,Los Lagos,compra_intrarregional,pesos,498860747072.58,miles de millones de pesos,dinero,total
2020-02-01,10,Los Lagos,facturas_compra_interregional,unidades,599880.0,miles de unidades,conteo,total
2020-02-01,10,Los Lagos,facturas_venta_interregional,unidades,336365.0,miles de unidades,conteo,total
2020-02-01,10,Los Lagos,venta_interregional,pesos,249567650336.85,miles de millones de pesos,dinero,total
2020-02-01,10,Los Lagos,venta_intrarregional,pesos,498860747072.58,miles de millones de pesos,dinero,total
2020-02-01,11,Aysén,compra_interregional,pesos,26773965195.574997,miles de millones de pesos,dinero,total
2020-02-01,11,Aysén,compra_intrarregional,pesos,22888504021.833,miles de millones de pesos,dinero,total
2020-02-01,11,Aysén,facturas_compra_interregional,unidades,80421.0,miles de unidades,conteo,total
2020-02-01,11,Aysén,facturas_venta_interregional,unidades,25616.0,miles de unidades,conteo,total
2020-02-01,11,Aysén,venta_interregional,pesos,18930857558.571,miles de millones de pesos,dinero,total
2020-02-01,11,Aysén,venta_intrarregional,pesos,22888504021.833,miles de millones de pesos,dinero,total
2020-02-01,12,Magallanes,compra_interregional,pesos,77754162023.4,miles de millones de pesos,dinero,total
2020-02-01,12,Magallanes,compra_intrarregional,pesos,70628398011.287,miles de millones de pesos,dinero,total
2020-02-01,12,Magallanes,facturas_compra_interregional,unidades,114791.0,miles de unidades,conteo,total
2020-02-01,12,Magallanes,facturas_venta_interregional,unidades,35506.0,miles de unidades,conteo,total
2020-02-01,12,Magallanes,venta_interregional,pesos,60845461564.337,miles de millones de pesos,dinero,total
2020-02-01,12,Magallanes,venta_intrarregional,pesos,70628398011.287,miles de millones de pesos,dinero,total
2020-02-01,13,Metropolitana de Santiago,compra_interregional,pesos,3081627833704.7,miles de millones de pesos,dinero,total
2020-02-01,13,Metropolitana de Santiago,compra_intrarregional,pesos,10579132699795.0,miles de millones de pesos,dinero,total
2020-02-01,13,Metropolitana de Santiago,facturas_compra_interregional,unidades,2269461.0,miles de unidades,conteo,total
2020-02-01,13,Metropolitana de Santiago,facturas_venta_interregional,unidades,5760490.0,miles de unidades,conteo,total
2020-02-01,13,Metropolitana de Santiago,venta_interregional,pesos,3442976513958.1,miles de millones de pesos,dinero,total
2020-02-01,13,Metropolitana de Santiago,venta_intrarregional,pesos,10579132699795.0,miles de millones de pesos,dinero,total
2020-02-01,14,Los Ríos,compra_interregional,pesos,149049131511.29,miles de millones de pesos,dinero,total
2020-02-01,14,Los Ríos,compra_intrarregional,pesos,72804409654.888,miles de millones de pesos,dinero,total
2020-02-01,14,Los Ríos,facturas_compra_interregional,unidades,323838.0,miles de unidades,conteo,total
2020-02-01,14,Los Ríos,facturas_venta_interregional,unidades,138382.0,miles de unidades,conteo,total
2020-02-01,14,Los Ríos,venta_interregional,pesos,124428248936.5,miles de millones de pesos,dinero,total
2020-02-01,14,Los Ríos,venta_intrarregional,pesos,72804409654.888,miles de millones de pesos,dinero,total
2020-02-01,15,Arica y Parinacota,compra_interregional,pesos,52557639956.785,miles de millones de pesos,dinero,total
2020-02-01,15,Arica y Parinacota,compra_intrarregional,pesos,27146287354.0,miles de millones de pesos,dinero,total
2020-02-01,15,Arica y Parinacota,facturas_compra_interregional,unidades,95063.0,miles de unidades,conteo,total
2020-02-01,15,Arica y Parinacota,facturas_venta_interregional,unidades,38356.0,miles de unidades,conteo,total
2020-02-01,15,Arica y Parinacota,venta_interregional,pesos,21644815916.0,miles de millones de pesos,dinero,total
2020-02-01,15,Arica y Parinacota,venta_intrarregional,pesos,27146287354.0,miles de millones de pesos,dinero,total
2020-02-01,16,Ñuble,compra_interregional,pesos,124697644938.06,miles de millones de pesos,dinero,total
2020-02-01,16,Ñuble,compra_intrarregional,pesos,82028989369.92299,miles de millones de pesos,dinero,total
2020-02-01,16,Ñuble,facturas_compra_interregional,unidades,272036.0,miles de unidades,conteo,total
2020-02-01,16,Ñuble,facturas_venta_interregional,unidades,193395.0,miles de unidades,conteo,total
2020-02-01,16,Ñuble,venta_interregional,pesos,128543572161.63998,miles de millones de pesos,dinero,total
2020-02-01,16,Ñuble,venta_intrarregional,pesos,82028989369.92299,miles de millones de pesos,dinero,total
2020-03-01,01,Tarapacá,compra_interregional,pesos,244728701932.37,miles de millones de pesos,dinero,total
2020-03-01,01,Tarapacá,compra_intrarregional,pesos,78061938893.0,miles de millones de pesos,dinero,total
2020-03-01,01,Tarapacá,facturas_compra_interregional,unidades,172475.0,miles de unidades,conteo,total
2020-03-01,01,Tarapacá,facturas_venta_interregional,unidades,68290.0,miles de unidades,conteo,total
2020-03-01,01,Tarapacá,venta_interregional,pesos,69070289626.584,miles de millones de pesos,dinero,total
2020-03-01,01,Tarapacá,venta_intrarregional,pesos,78061938893.0,miles de millones de pesos,dinero,total
2020-03-01,02,Antofagasta,compra_interregional,pesos,396370146846.37,miles de millones de pesos,dinero,total
2020-03-01,02,Antofagasta,compra_intrarregional,pesos,225176835512.93002,miles de millones de pesos,dinero,total
2020-03-01,02,Antofagasta,facturas_compra_interregional,unidades,401379.0,miles de unidades,conteo,total
2020-03-01,02,Antofagasta,facturas_venta_interregional,unidades,168400.0,miles de unidades,conteo,total
2020-03-01,02,Antofagasta,venta_interregional,pesos,374611664639.42,miles de millones de pesos,dinero,total
2020-03-01,02,Antofagasta,venta_intrarregional,pesos,225176835512.93002,miles de millones de pesos,dinero,total
2020-03-01,03,Atacama,compra_interregional,pesos,122375519187.11,miles de millones de pesos,dinero,total
2020-03-01,03,Atacama,compra_intrarregional,pesos,65134795528.0,miles de millones de pesos,dinero,total
2020-03-01,03,Atacama,facturas_compra_interregional,unidades,198321.0,miles de unidades,conteo,total
2020-03-01,03,Atacama,facturas_venta_interregional,unidades,64443.0,miles de unidades,conteo,total
2020-03-01,03,Atacama,venta_interregional,pesos,107618746094.66,miles de millones de pesos,dinero,total
2020-03-01,03,Atacama,venta_intrarregional,pesos,65134795528.0,miles de millones de pesos,dinero,total
2020-03-01,04,Coquimbo,compra_interregional,pesos,218909974972.27,miles de millones de pesos,dinero,total
2020-03-01,04,Coquimbo,compra_intrarregional,pesos,154296085883.91,miles de millones de pesos,dinero,total
2020-03-01,04,Coquimbo,facturas_compra_interregional,unidades,427665.0,miles de unidades,conteo,total
2020-03-01,04,Coquimbo,facturas_venta_interregional,unidades,158018.0,miles de unidades,conteo,total
2020-03-01,04,Coquimbo,venta_interregional,pesos,150166666208.61,miles de millones de pesos,dinero,total
2020-03-01,04,Coquimbo,venta_intrarregional,pesos,154296085883.91,miles de millones de pesos,dinero,total
2020-03-01,05,Valparaíso,compra_interregional,pesos,624583617435.9701,miles de millones de pesos,dinero,total
2020-03-01,05,Valparaíso,compra_intrarregional,pesos,419139724783.5,miles de millones de pesos,dinero,total
2020-03-01,05,Valparaíso,facturas_compra_interregional,unidades,1083336.0,miles de unidades,conteo,total
2020-03-01,05,Valparaíso,facturas_venta_interregional,unidades,561226.0,miles de unidades,conteo,total
2020-03-01,05,Valparaíso,venta_interregional,pesos,989221676728.07,miles de millones de pesos,dinero,total
2020-03-01,05,Valparaíso,venta_intrarregional,pesos,419139724783.5,miles de millones de pesos,dinero,total
2020-03-01,06,O'Higgins,compra_interregional,pesos,447512941786.36,miles de millones de pesos,dinero,total
2020-03-01,06,O'Higgins,compra_intrarregional,pesos,290758689603.37,miles de millones de pesos,dinero,total
2020-03-01,06,O'Higgins,facturas_compra_interregional,unidades,644761.0,miles de unidades,conteo,total
2020-03-01,06,O'Higgins,facturas_venta_interregional,unidades,233788.0,miles de unidades,conteo,total
2020-03-01,06,O'Higgins,venta_interregional,pesos,411415228954.92,miles de millones de pesos,dinero,total
2020-03-01,06,O'Higgins,venta_intrarregional,pesos,290758689603.37,miles de millones de pesos,dinero,total
2020-03-01,07,Maule,compra_interregional,pesos,380193085117.04004,miles de millones de pesos,dinero,total
2020-03-01,07,Maule,compra_intrarregional,pesos,346478994975.26996,miles de millones de pesos,dinero,total
2020-03-01,07,Maule,facturas_compra_interregional,unidades,617157.0,miles de unidades,conteo,total
2020-03-01,07,Maule,facturas_venta_interregional,unidades,461857.0,miles de unidades,conteo,total
2020-03-01,07,Maule,venta_interregional,pesos,354657735261.73,miles de millones de pesos,dinero,total
2020-03-01,07,Maule,venta_intrarregional,pesos,346478994975.26996,miles de millones de pesos,dinero,total
2020-03-01,08,Biobío,compra_interregional,pesos,532081753003.85004,miles de millones de pesos,dinero,total
2020-03-01,08,Biobío,compra_intrarregional,pesos,438164569336.06995,miles de millones de pesos,dinero,total
2020-03-01,08,Biobío,facturas_compra_interregional,unidades,921287.0,miles de unidades,conteo,total
2020-03-01,08,Biobío,facturas_venta_interregional,unidades,380301.0,miles de unidades,conteo,total
2020-03-01,08,Biobío,venta_interregional,pesos,575580596649.33,miles de millones de pesos,dinero,total
2020-03-01,08,Biobío,venta_intrarregional,pesos,438164569336.06995,miles de millones de pesos,dinero,total
2020-03-01,09,La Araucanía,compra_interregional,pesos,278188626464.91,miles de millones de pesos,dinero,total
2020-03-01,09,La Araucanía,compra_intrarregional,pesos,226516553777.36002,miles de millones de pesos,dinero,total
2020-03-01,09,La Araucanía,facturas_compra_interregional,unidades,517135.0,miles de unidades,conteo,total
2020-03-01,09,La Araucanía,facturas_venta_interregional,unidades,259899.0,miles de unidades,conteo,total
2020-03-01,09,La Araucanía,venta_interregional,pesos,225273548196.28,miles de millones de pesos,dinero,total
2020-03-01,09,La Araucanía,venta_intrarregional,pesos,226516553777.36002,miles de millones de pesos,dinero,total
2020-03-01,10,Los Lagos,compra_interregional,pesos,562555434885.02,miles de millones de pesos,dinero,total
2020-03-01,10,Los Lagos,compra_intrarregional,pesos,514776028906.38,miles de millones de pesos,dinero,total
2020-03-01,10,Los Lagos,facturas_compra_interregional,unidades,584277.0,miles de unidades,conteo,total
2020-03-01,10,Los Lagos,facturas_venta_interregional,unidades,313074.0,miles de unidades,conteo,total
2020-03-01,10,Los Lagos,venta_interregional,pesos,268670045486.83002,miles de millones de pesos,dinero,total
2020-03-01,10,Los Lagos,venta_intrarregional,pesos,514776028906.38,miles de millones de pesos,dinero,total
2020-03-01,11,Aysén,compra_interregional,pesos,27238717181.467,miles de millones de pesos,dinero,total
2020-03-01,11,Aysén,compra_intrarregional,pesos,25496478734.0,miles de millones de pesos,dinero,total
2020-03-01,11,Aysén,facturas_compra_interregional,unidades,74402.0,miles de unidades,conteo,total
2020-03-01,11,Aysén,facturas_venta_interregional,unidades,24561.0,miles de unidades,conteo,total
2020-03-01,11,Aysén,venta_interregional,pesos,22030969844.0,miles de millones de pesos,dinero,total
2020-03-01,11,Aysén,venta_intrarregional,pesos,25496478734.0,miles de millones de pesos,dinero,total
2020-03-01,12,Magallanes,compra_interregional,pesos,97475259577.666,miles de millones de pesos,dinero,total
2020-03-01,12,Magallanes,compra_intrarregional,pesos,73248810267.731,miles de millones de pesos,dinero,total
2020-03-01,12,Magallanes,facturas_compra_interregional,unidades,110017.0,miles de unidades,conteo,total
2020-03-01,12,Magallanes,facturas_venta_interregional,unidades,33364.0,miles de unidades,conteo,total
2020-03-01,12,Magallanes,venta_interregional,pesos,56380454775.332,miles de millones de pesos,dinero,total
2020-03-01,12,Magallanes,venta_intrarregional,pesos,73248810267.731,miles de millones de pesos,dinero,total
2020-03-01,13,Metropolitana de Santiago,compra_interregional,pesos,3369761447199.6997,miles de millones de pesos,dinero,total
2020-03-01,13,Metropolitana de Santiago,compra_intrarregional,pesos,11927697239116.0,miles de millones de pesos,dinero,total
2020-03-01,13,Metropolitana de Santiago,facturas_compra_interregional,unidades,2262581.0,miles de unidades,conteo,total
2020-03-01,13,Metropolitana de Santiago,facturas_venta_interregional,unidades,5584036.0,miles de unidades,conteo,total
2020-03-01,13,Metropolitana de Santiago,venta_interregional,pesos,3748861993058.9004,miles de millones de pesos,dinero,total
2020-03-01,13,Metropolitana de Santiago,venta_intrarregional,pesos,11927697239116.0,miles de millones de pesos,dinero,total
2020-03-01,14,Los Ríos,compra_interregional,pesos,152207884079.12,miles de millones de pesos,dinero,total
2020-03-01,14,Los Ríos,compra_intrarregional,pesos,77439644542.222,miles de millones de pesos,dinero,total
2020-03-01,14,Los Ríos,facturas_compra_interregional,unidades,296273.0,miles de unidades,conteo,total
2020-03-01,14,Los Ríos,facturas_venta_interregional,unidades,133455.0,miles de unidades,conteo,total
2020-03-01,14,Los Ríos,venta_interregional,pesos,139131690603.44,miles de millones de pesos,dinero,total
2020-03-01,14,Los Ríos,venta_intrarregional,pesos,77439644542.222,miles de millones de pesos,dinero,total
2020-03-01,15,Arica y Parinacota,compra_interregional,pesos,60708353491.041,miles de millones de pesos,dinero,total
2020-03-01,15,Arica y Parinacota,compra_intrarregional,pesos,28472311213.0,miles de millones de pesos,dinero,total
2020-03-01,15,Arica y Parinacota,facturas_compra_interregional,unidades,97705.0,miles de unidades,conteo,total
2020-03-01,15,Arica y Parinacota,facturas_venta_interregional,unidades,38892.0,miles de unidades,conteo,total
2020-03-01,15,Arica y Parinacota,venta_interregional,pesos,24148036394.571,miles de millones de pesos,dinero,total
2020-03-01,15,Arica y Parinacota,venta_intrarregional,pesos,28472311213.0,miles de millones de pesos,dinero,total
2020-03-01,16,Ñuble,compra_interregional,pesos,127756793090.36,miles de millones de pesos,dinero,total
2020-03-01,16,Ñuble,compra_intrarregional,pesos,80491111821.5,miles de millones de pesos,dinero,total
2020-03-01,16,Ñuble,facturas_compra_interregional,unidades,255161.0,miles de unidades,conteo,total
2020-03-01,16,Ñuble,facturas_venta_interregional,unidades,180328.0,miles de unidades,conteo,total
2020-03-01,16,Ñuble,venta_interregional,pesos,125808913727.95,miles de millones de pesos,dinero,total
2020-03-01,16,Ñuble,venta_intrarregional,pesos,80491111821.5,miles de millones de pesos,dinero,total
2020-04-01,01,Tarapacá,compra_interregional,pesos,200353130956.28998,miles de millones de pesos,dinero,total
2020-04-01,01,Tarapacá,compra_intrarregional,pesos,66076122079.435,miles de millones de pesos,dinero,total
2020-04-01,01,Tarapacá,facturas_compra_interregional,unidades,154833.0,miles de unidades,conteo,total
2020-04-01,01,Tarapacá,facturas_venta_interregional,unidades,52597.0,miles de unidades,conteo,total
2020-04-01,01,Tarapacá,venta_interregional,pesos,59693855899.314,miles de millones de pesos,dinero,total
2020-04-01,01,Tarapacá,venta_intrarregional,pesos,66076122079.435,miles de millones de pesos,dinero,total
2020-04-01,02,Antofagasta,compra_interregional,pesos,359727192661.61,miles de millones de pesos,dinero,total
2020-04-01,02,Antofagasta,compra_intrarregional,pesos,213844590493.38,miles de millones de pesos,dinero,total
2020-04-01,02,Antofagasta,facturas_compra_interregional,unidades,356151.0,miles de unidades,conteo,total
2020-04-01,02,Antofagasta,facturas_venta_interregional,unidades,136091.0,miles de unidades,conteo,total
2020-04-01,02,Antofagasta,venta_interregional,pesos,347144487512.25,miles de millones de pesos,dinero,total
2020-04-01,02,Antofagasta,venta_intrarregional,pesos,213844590493.38,miles de millones de pesos,dinero,total
2020-04-01,03,Atacama,compra_interregional,pesos,116233826735.33,miles de millones de pesos,dinero,total
2020-04-01,03,Atacama,compra_intrarregional,pesos,62699790308.833,miles de millones de pesos,dinero,total
2020-04-01,03,Atacama,facturas_compra_interregional,unidades,177753.0,miles de unidades,conteo,total
2020-04-01,03,Atacama,facturas_venta_interregional,unidades,51563.0,miles de unidades,conteo,total
2020-04-01,03,Atacama,venta_interregional,pesos,89135869895.285,miles de millones de pesos,dinero,total
2020-04-01,03,Atacama,venta_intrarregional,pesos,62699790308.833,miles de millones de pesos,dinero,total
2020-04-01,04,Coquimbo,compra_interregional,pesos,190372209061.74,miles de millones de pesos,dinero,total
2020-04-01,04,Coquimbo,compra_intrarregional,pesos,132612089580.0,miles de millones de pesos,dinero,total
2020-04-01,04,Coquimbo,facturas_compra_interregional,unidades,366540.0,miles de unidades,conteo,total
2020-04-01,04,Coquimbo,facturas_venta_interregional,unidades,130646.99999999999,miles de unidades,conteo,total
2020-04-01,04,Coquimbo,venta_interregional,pesos,133290657402.95999,miles de millones de pesos,dinero,total
2020-04-01,04,Coquimbo,venta_intrarregional,pesos,132612089580.0,miles de millones de pesos,dinero,total
2020-04-01,05,Valparaíso,compra_interregional,pesos,537597553568.62,miles de millones de pesos,dinero,total
2020-04-01,05,Valparaíso,compra_intrarregional,pesos,355678652691.8,miles de millones de pesos,dinero,total
2020-04-01,05,Valparaíso,facturas_compra_interregional,unidades,937154.0,miles de unidades,conteo,total
2020-04-01,05,Valparaíso,facturas_venta_interregional,unidades,478596.0,miles de unidades,conteo,total
2020-04-01,05,Valparaíso,venta_interregional,pesos,725654685078.1901,miles de millones de pesos,dinero,total
2020-04-01,05,Valparaíso,venta_intrarregional,pesos,355678652691.8,miles de millones de pesos,dinero,total
2020-04-01,06,O'Higgins,compra_interregional,pesos,414589327601.52997,miles de millones de pesos,dinero,total
2020-04-01,06,O'Higgins,compra_intrarregional,pesos,260133062127.19998,miles de millones de pesos,dinero,total
2020-04-01,06,O'Higgins,facturas_compra_interregional,unidades,566574.0,miles de unidades,conteo,total
2020-04-01,06,O'Higgins,facturas_venta_interregional,unidades,201479.0,miles de unidades,conteo,total
2020-04-01,06,O'Higgins,venta_interregional,pesos,328890178377.82,miles de millones de pesos,dinero,total
2020-04-01,06,O'Higgins,venta_intrarregional,pesos,260133062127.19998,miles de millones de pesos,dinero,total
2020-04-01,07,Maule,compra_interregional,pesos,326699457693.70996,miles de millones de pesos,dinero,total
2020-04-01,07,Maule,compra_intrarregional,pesos,317868157318.25,miles de millones de pesos,dinero,total
2020-04-01,07,Maule,facturas_compra_interregional,unidades,534910.0,miles de unidades,conteo,total
2020-04-01,07,Maule,facturas_venta_interregional,unidades,404011.0,miles de unidades,conteo,total
2020-04-01,07,Maule,venta_interregional,pesos,336868963081.52,miles de millones de pesos,dinero,total
2020-04-01,07,Maule,venta_intrarregional,pesos,317868157318.25,miles de millones de pesos,dinero,total
2020-04-01,08,Biobío,compra_interregional,pesos,477604423057.32,miles de millones de pesos,dinero,total
2020-04-01,08,Biobío,compra_intrarregional,pesos,406323124694.83997,miles de millones de pesos,dinero,total
2020-04-01,08,Biobío,facturas_compra_interregional,unidades,772037.0,miles de unidades,conteo,total
2020-04-01,08,Biobío,facturas_venta_interregional,unidades,300204.0,miles de unidades,conteo,total
2020-04-01,08,Biobío,venta_interregional,pesos,521502016583.64996,miles de millones de pesos,dinero,total
2020-04-01,08,Biobío,venta_intrarregional,pesos,406323124694.83997,miles de millones de pesos,dinero,total
2020-04-01,09,La Araucanía,compra_interregional,pesos,196408759895.46002,miles de millones de pesos,dinero,total
2020-04-01,09,La Araucanía,compra_intrarregional,pesos,153945330104.78,miles de millones de pesos,dinero,total
2020-04-01,09,La Araucanía,facturas_compra_interregional,unidades,395945.0,miles de unidades,conteo,total
2020-04-01,09,La Araucanía,facturas_venta_interregional,unidades,179820.0,miles de unidades,conteo,total
2020-04-01,09,La Araucanía,venta_interregional,pesos,182372997206.59998,miles de millones de pesos,dinero,total
2020-04-01,09,La Araucanía,venta_intrarregional,pesos,153945330104.78,miles de millones de pesos,dinero,total
2020-04-01,10,Los Lagos,compra_interregional,pesos,516862321038.58,miles de millones de pesos,dinero,total
2020-04-01,10,Los Lagos,compra_intrarregional,pesos,450315528915.67,miles de millones de pesos,dinero,total
2020-04-01,10,Los Lagos,facturas_compra_interregional,unidades,466595.0,miles de unidades,conteo,total
2020-04-01,10,Los Lagos,facturas_venta_interregional,unidades,236887.0,miles de unidades,conteo,total
2020-04-01,10,Los Lagos,venta_interregional,pesos,227020549048.85,miles de millones de pesos,dinero,total
2020-04-01,10,Los Lagos,venta_intrarregional,pesos,450315528915.67,miles de millones de pesos,dinero,total
2020-04-01,11,Aysén,compra_interregional,pesos,24426975339.903,miles de millones de pesos,dinero,total
2020-04-01,11,Aysén,compra_intrarregional,pesos,21544161782.116,miles de millones de pesos,dinero,total
2020-04-01,11,Aysén,facturas_compra_interregional,unidades,61587.0,miles de unidades,conteo,total
2020-04-01,11,Aysén,facturas_venta_interregional,unidades,18118.0,miles de unidades,conteo,total
2020-04-01,11,Aysén,venta_interregional,pesos,16609049577.857,miles de millones de pesos,dinero,total
2020-04-01,11,Aysén,venta_intrarregional,pesos,21544161782.116,miles de millones de pesos,dinero,total
2020-04-01,12,Magallanes,compra_interregional,pesos,85352420137.25,miles de millones de pesos,dinero,total
2020-04-01,12,Magallanes,compra_intrarregional,pesos,47228575879.682,miles de millones de pesos,dinero,total
2020-04-01,12,Magallanes,facturas_compra_interregional,unidades,83390.0,miles de unidades,conteo,total
2020-04-01,12,Magallanes,facturas_venta_interregional,unidades,17104.0,miles de unidades,conteo,total
2020-04-01,12,Magallanes,venta_interregional,pesos,46459370040.212,miles de millones de pesos,dinero,total
2020-04-01,12,Magallanes,venta_intrarregional,pesos,47228575879.682,miles de millones de pesos,dinero,total
2020-04-01,13,Metropolitana de Santiago,compra_interregional,pesos,2733430895442.8003,miles de millones de pesos,dinero,total
2020-04-01,13,Metropolitana de Santiago,compra_intrarregional,pesos,10012742996227.0,miles de millones de pesos,dinero,total
2020-04-01,13,Metropolitana de Santiago,facturas_compra_interregional,unidades,1820287.0,miles de unidades,conteo,total
2020-04-01,13,Metropolitana de Santiago,facturas_venta_interregional,unidades,4729119.0,miles de unidades,conteo,total
2020-04-01,13,Metropolitana de Santiago,venta_interregional,pesos,3215950631040.0996,miles de millones de pesos,dinero,total
2020-04-01,13,Metropolitana de Santiago,venta_intrarregional,pesos,10012742996227.0,miles de millones de pesos,dinero,total
2020-04-01,14,Los Ríos,compra_interregional,pesos,135845879072.66002,miles de millones de pesos,dinero,total
2020-04-01,14,Los Ríos,compra_intrarregional,pesos,71564884398.034,miles de millones de pesos,dinero,total
2020-04-01,14,Los Ríos,facturas_compra_interregional,unidades,232599.0,miles de unidades,conteo,total
2020-04-01,14,Los Ríos,facturas_venta_interregional,unidades,110248.0,miles de unidades,conteo,total
2020-04-01,14,Los Ríos,venta_interregional,pesos,119244104018.45,miles de millones de pesos,dinero,total
2020-04-01,14,Los Ríos,venta_intrarregional,pesos,71564884398.034,miles de millones de pesos,dinero,total
2020-04-01,15,Arica y Parinacota,compra_interregional,pesos,52571052244.785,miles de millones de pesos,dinero,total
2020-04-01,15,Arica y Parinacota,compra_intrarregional,pesos,22708948033.0,miles de millones de pesos,dinero,total
2020-04-01,15,Arica y Parinacota,facturas_compra_interregional,unidades,85975.0,miles de unidades,conteo,total
2020-04-01,15,Arica y Parinacota,facturas_venta_interregional,unidades,31236.0,miles de unidades,conteo,total
2020-04-01,15,Arica y Parinacota,venta_interregional,pesos,22663504364.0,miles de millones de pesos,dinero,total
2020-04-01,15,Arica y Parinacota,venta_intrarregional,pesos,22708948033.0,miles de millones de pesos,dinero,total
2020-04-01,16,Ñuble,compra_interregional,pesos,112478198530.07999,miles de millones de pesos,dinero,total
2020-04-01,16,Ñuble,compra_intrarregional,pesos,68739677330.333,miles de millones de pesos,dinero,total
2020-04-01,16,Ñuble,facturas_compra_interregional,unidades,208195.0,miles de unidades,conteo,total
2020-04-01,16,Ñuble,facturas_venta_interregional,unidades,142805.0,miles de unidades,conteo,total
2020-04-01,16,Ñuble,venta_interregional,pesos,108052703910.59,miles de millones de pesos,dinero,total
2020-04-01,16,Ñuble,venta_intrarregional,pesos,68739677330.333,miles de millones de pesos,dinero,total
2020-05-01,01,Tarapacá,compra_interregional,pesos,169635886754.08,miles de millones de pesos,dinero,total
2020-05-01,01,Tarapacá,compra_intrarregional,pesos,61802579373.625,miles de millones de pesos,dinero,total
2020-05-01,01,Tarapacá,facturas_compra_interregional,unidades,149505.0,miles de unidades,conteo,total
2020-05-01,01,Tarapacá,facturas_venta_interregional,unidades,52369.0,miles de unidades,conteo,total
2020-05-01,01,Tarapacá,venta_interregional,pesos,54156838251.994995,miles de millones de pesos,dinero,total
2020-05-01,01,Tarapacá,venta_intrarregional,pesos,61802579373.625,miles de millones de pesos,dinero,total
2020-05-01,02,Antofagasta,compra_interregional,pesos,352853047166.67004,miles de millones de pesos,dinero,total
2020-05-01,02,Antofagasta,compra_intrarregional,pesos,190352286750.5,miles de millones de pesos,dinero,total
2020-05-01,02,Antofagasta,facturas_compra_interregional,unidades,337196.0,miles de unidades,conteo,total
2020-05-01,02,Antofagasta,facturas_venta_interregional,unidades,118033.0,miles de unidades,conteo,total
2020-05-01,02,Antofagasta,venta_interregional,pesos,325282050128.79,miles de millones de pesos,dinero,total
2020-05-01,02,Antofagasta,venta_intrarregional,pesos,190352286750.5,miles de millones de pesos,dinero,total
2020-05-01,03,Atacama,compra_interregional,pesos,114897788338.8,miles de millones de pesos,dinero,total
2020-05-01,03,Atacama,compra_intrarregional,pesos,54558228716.5,miles de millones de pesos,dinero,total
2020-05-01,03,Atacama,facturas_compra_interregional,unidades,178882.0,miles de unidades,conteo,total
2020-05-01,03,Atacama,facturas_venta_interregional,unidades,53527.0,miles de unidades,conteo,total
2020-05-01,03,Atacama,venta_interregional,pesos,80911030207.051,miles de millones de pesos,dinero,total
2020-05-01,03,Atacama,venta_intrarregional,pesos,54558228716.5,miles de millones de pesos,dinero,total
2020-05-01,04,Coquimbo,compra_interregional,pesos,189387144980.34,miles de millones de pesos,dinero,total
2020-05-01,04,Coquimbo,compra_intrarregional,pesos,124896214013.88,miles de millones de pesos,dinero,total
2020-05-01,04,Coquimbo,facturas_compra_interregional,unidades,374502.0,miles de unidades,conteo,total
2020-05-01,04,Coquimbo,facturas_venta_interregional,unidades,134018.0,miles de unidades,conteo,total
2020-05-01,04,Coquimbo,venta_interregional,pesos,135668461079.39,miles de millones de pesos,dinero,total
2020-05-01,04,Coquimbo,venta_intrarregional,pesos,124896214013.88,miles de millones de pesos,dinero,total
2020-05-01,05,Valparaíso,compra_interregional,pesos,524335014039.49005,miles de millones de pesos,dinero,total
2020-05-01,05,Valparaíso,compra_intrarregional,pesos,334325013241.09,miles de millones de pesos,dinero,total
2020-05-01,05,Valparaíso,facturas_compra_interregional,unidades,931044.0,miles de unidades,conteo,total
2020-05-01,05,Valparaíso,facturas_venta_interregional,unidades,479628.0,miles de unidades,conteo,total
2020-05-01,05,Valparaíso,venta_interregional,pesos,648797231055.06,miles de millones de pesos,dinero,total
2020-05-01,05,Valparaíso,venta_intrarregional,pesos,334325013241.09,miles de millones de pesos,dinero,total
2020-05-01,06,O'Higgins,compra_interregional,pesos,386172824772.6,miles de millones de pesos,dinero,total
2020-05-01,06,O'Higgins,compra_intrarregional,pesos,224055124065.76,miles de millones de pesos,dinero,total
2020-05-01,06,O'Higgins,facturas_compra_interregional,unidades,550023.0,miles de unidades,conteo,total
2020-05-01,06,O'Higgins,facturas_venta_interregional,unidades,197577.0,miles de unidades,conteo,total
2020-05-01,06,O'Higgins,venta_interregional,pesos,267752532877.76,miles de millones de pesos,dinero,total
2020-05-01,06,O'Higgins,venta_intrarregional,pesos,224055124065.76,miles de millones de pesos,dinero,total
2020-05-01,07,Maule,compra_interregional,pesos,309004140628.9,miles de millones de pesos,dinero,total
2020-05-01,07,Maule,compra_intrarregional,pesos,298572652643.91,miles de millones de pesos,dinero,total
2020-05-01,07,Maule,facturas_compra_interregional,unidades,538948.0,miles de unidades,conteo,total
2020-05-01,07,Maule,facturas_venta_interregional,unidades,412739.0,miles de unidades,conteo,total
2020-05-01,07,Maule,venta_interregional,pesos,311618177011.06,miles de millones de pesos,dinero,total
2020-05-01,07,Maule,venta_intrarregional,pesos,298572652643.91,miles de millones de pesos,dinero,total
2020-05-01,08,Biobío,compra_interregional,pesos,448478915619.19,miles de millones de pesos,dinero,total
2020-05-01,08,Biobío,compra_intrarregional,pesos,414426528994.68,miles de millones de pesos,dinero,total
2020-05-01,08,Biobío,facturas_compra_interregional,unidades,815022.0,miles de unidades,conteo,total
2020-05-01,08,Biobío,facturas_venta_interregional,unidades,321090.0,miles de unidades,conteo,total
2020-05-01,08,Biobío,venta_interregional,pesos,483332226353.95996,miles de millones de pesos,dinero,total
2020-05-01,08,Biobío,venta_intrarregional,pesos,414426528994.68,miles de millones de pesos,dinero,total
2020-05-01,09,La Araucanía,compra_interregional,pesos,216748199511.07,miles de millones de pesos,dinero,total
2020-05-01,09,La Araucanía,compra_intrarregional,pesos,183436927142.95,miles de millones de pesos,dinero,total
2020-05-01,09,La Araucanía,facturas_compra_interregional,unidades,440811.0,miles de unidades,conteo,total
2020-05-01,09,La Araucanía,facturas_venta_interregional,unidades,215045.0,miles de unidades,conteo,total
2020-05-01,09,La Araucanía,venta_interregional,pesos,175626436952.58002,miles de millones de pesos,dinero,total
2020-05-01,09,La Araucanía,venta_intrarregional,pesos,183436927142.95,miles de millones de pesos,dinero,total
2020-05-01,10,Los Lagos,compra_interregional,pesos,483415125357.98,miles de millones de pesos,dinero,total
2020-05-01,10,Los Lagos,compra_intrarregional,pesos,448902176047.31,miles de millones de pesos,dinero,total
2020-05-01,10,Los Lagos,facturas_compra_interregional,unidades,499704.0,miles de unidades,conteo,total
2020-05-01,10,Los Lagos,facturas_venta_interregional,unidades,254179.0,miles de unidades,conteo,total
2020-05-01,10,Los Lagos,venta_interregional,pesos,218368488724.91,miles de millones de pesos,dinero,total
2020-05-01,10,Los Lagos,venta_intrarregional,pesos,448902176047.31,miles de millones de pesos,dinero,total
2020-05-01,11,Aysén,compra_interregional,pesos,21631051580.533,miles de millones de pesos,dinero,total
2020-05-01,11,Aysén,compra_intrarregional,pesos,19779143688.04,miles de millones de pesos,dinero,total
2020-05-01,11,Aysén,facturas_compra_interregional,unidades,63069.0,miles de unidades,conteo,total
2020-05-01,11,Aysén,facturas_venta_interregional,unidades,17786.0,miles de unidades,conteo,total
2020-05-01,11,Aysén,venta_interregional,pesos,16899287567.285,miles de millones de pesos,dinero,total
2020-05-01,11,Aysén,venta_intrarregional,pesos,19779143688.04,miles de millones de pesos,dinero,total
2020-05-01,12,Magallanes,compra_interregional,pesos,74589905186.6,miles de millones de pesos,dinero,total
2020-05-01,12,Magallanes,compra_intrarregional,pesos,51375234033.755,miles de millones de pesos,dinero,total
2020-05-01,12,Magallanes,facturas_compra_interregional,unidades,87724.0,miles de unidades,conteo,total
2020-05-01,12,Magallanes,facturas_venta_interregional,unidades,20672.0,miles de unidades,conteo,total
2020-05-01,12,Magallanes,venta_interregional,pesos,40161757241.358,miles de millones de pesos,dinero,total
2020-05-01,12,Magallanes,venta_intrarregional,pesos,51375234033.755,miles de millones de pesos,dinero,total
2020-05-01,13,Metropolitana de Santiago,compra_interregional,pesos,2553513603740.8003,miles de millones de pesos,dinero,total
2020-05-01,13,Metropolitana de Santiago,compra_intrarregional,pesos,9390957527401.201,miles de millones de pesos,dinero,total
2020-05-01,13,Metropolitana de Santiago,facturas_compra_interregional,unidades,1859906.0,miles de unidades,conteo,total
2020-05-01,13,Metropolitana de Santiago,facturas_venta_interregional,unidades,4798751.0,miles de unidades,conteo,total
2020-05-01,13,Metropolitana de Santiago,venta_interregional,pesos,3133067540399.4,miles de millones de pesos,dinero,total
2020-05-01,13,Metropolitana de Santiago,venta_intrarregional,pesos,9390957527401.201,miles de millones de pesos,dinero,total
2020-05-01,14,Los Ríos,compra_interregional,pesos,126907697205.45999,miles de millones de pesos,dinero,total
2020-05-01,14,Los Ríos,compra_intrarregional,pesos,68267991278.222,miles de millones de pesos,dinero,total
2020-05-01,14,Los Ríos,facturas_compra_interregional,unidades,245589.0,miles de unidades,conteo,total
2020-05-01,14,Los Ríos,facturas_venta_interregional,unidades,113887.0,miles de unidades,conteo,total
2020-05-01,14,Los Ríos,venta_interregional,pesos,113671942535.25,miles de millones de pesos,dinero,total
2020-05-01,14,Los Ríos,venta_intrarregional,pesos,68267991278.222,miles de millones de pesos,dinero,total
2020-05-01,15,Arica y Parinacota,compra_interregional,pesos,41952888683.9,miles de millones de pesos,dinero,total
2020-05-01,15,Arica y Parinacota,compra_intrarregional,pesos,22648772239.0,miles de millones de pesos,dinero,total
2020-05-01,15,Arica y Parinacota,facturas_compra_interregional,unidades,88239.0,miles de unidades,conteo,total
2020-05-01,15,Arica y Parinacota,facturas_venta_interregional,unidades,33841.0,miles de unidades,conteo,total
2020-05-01,15,Arica y Parinacota,venta_interregional,pesos,23598007738.0,miles de millones de pesos,dinero,total
2020-05-01,15,Arica y Parinacota,venta_intrarregional,pesos,22648772239.0,miles de millones de pesos,dinero,total
2020-05-01,16,Ñuble,compra_interregional,pesos,120820672270.51,miles de millones de pesos,dinero,total
2020-05-01,16,Ñuble,compra_intrarregional,pesos,77840126432.683,miles de millones de pesos,dinero,total
2020-05-01,16,Ñuble,facturas_compra_interregional,unidades,230447.0,miles de unidades,conteo,total
2020-05-01,16,Ñuble,facturas_venta_interregional,unidades,167469.0,miles de unidades,conteo,total
2020-05-01,16,Ñuble,venta_interregional,pesos,105431897713.07,miles de millones de pesos,dinero,total
2020-05-01,16,Ñuble,venta_intrarregional,pesos,77840126432.683,miles de millones de pesos,dinero,total
2020-06-01,01,Tarapacá,compra_interregional,pesos,173236384142.33,miles de millones de pesos,dinero,total
2020-06-01,01,Tarapacá,compra_intrarregional,pesos,63950005545.93301,miles de millones de pesos,dinero,total
2020-06-01,01,Tarapacá,facturas_compra_interregional,unidades,155506.0,miles de unidades,conteo,total
2020-06-01,01,Tarapacá,facturas_venta_interregional,unidades,54891.0,miles de unidades,conteo,total
2020-06-01,01,Tarapacá,venta_interregional,pesos,56465659817.349,miles de millones de pesos,dinero,total
2020-06-01,01,Tarapacá,venta_intrarregional,pesos,63950005545.93301,miles de millones de pesos,dinero,total
2020-06-01,02,Antofagasta,compra_interregional,pesos,336250734794.84,miles de millones de pesos,dinero,total
2020-06-01,02,Antofagasta,compra_intrarregional,pesos,194691212116.44,miles de millones de pesos,dinero,total
2020-06-01,02,Antofagasta,facturas_compra_interregional,unidades,362932.0,miles de unidades,conteo,total
2020-06-01,02,Antofagasta,facturas_venta_interregional,unidades,129026.00000000001,miles de unidades,conteo,total
2020-06-01,02,Antofagasta,venta_interregional,pesos,373170647274.79,miles de millones de pesos,dinero,total
2020-06-01,02,Antofagasta,venta_intrarregional,pesos,194691212116.44,miles de millones de pesos,dinero,total
2020-06-01,03,Atacama,compra_interregional,pesos,110327281407.72,miles de millones de pesos,dinero,total
2020-06-01,03,Atacama,compra_intrarregional,pesos,54394548594.5,miles de millones de pesos,dinero,total
2020-06-01,03,Atacama,facturas_compra_interregional,unidades,186171.0,miles de unidades,conteo,total
2020-06-01,03,Atacama,facturas_venta_interregional,unidades,56341.0,miles de unidades,conteo,total
2020-06-01,03,Atacama,venta_interregional,pesos,82821756156.61101,miles de millones de pesos,dinero,total
2020-06-01,03,Atacama,venta_intrarregional,pesos,54394548594.5,miles de millones de pesos,dinero,total
2020-06-01,04,Coquimbo,compra_interregional,pesos,183854851272.31,miles de millones de pesos,dinero,total
2020-06-01,04,Coquimbo,compra_intrarregional,pesos,129622958829.48999,miles de millones de pesos,dinero,total
2020-06-01,04,Coquimbo,facturas_compra_interregional,unidades,385743.0,miles de unidades,conteo,total
2020-06-01,04,Coquimbo,facturas_venta_interregional,unidades,139625.0,miles de unidades,conteo,total
2020-06-01,04,Coquimbo,venta_interregional,pesos,121769874095.32,miles de millones de pesos,dinero,total
2020-06-01,04,Coquimbo,venta_intrarregional,pesos,129622958829.48999,miles de millones de pesos,dinero,total
2020-06-01,05,Valparaíso,compra_interregional,pesos,510714118419.58,miles de millones de pesos,dinero,total
2020-06-01,05,Valparaíso,compra_intrarregional,pesos,320488594596.41,miles de millones de pesos,dinero,total
2020-06-01,05,Valparaíso,facturas_compra_interregional,unidades,930540.0,miles de unidades,conteo,total
2020-06-01,05,Valparaíso,facturas_venta_interregional,unidades,473597.0,miles de unidades,conteo,total
2020-06-01,05,Valparaíso,venta_interregional,pesos,659998518151.0701,miles de millones de pesos,dinero,total
2020-06-01,05,Valparaíso,venta_intrarregional,pesos,320488594596.41,miles de millones de pesos,dinero,total
2020-06-01,06,O'Higgins,compra_interregional,pesos,396755661776.51,miles de millones de pesos,dinero,total
2020-06-01,06,O'Higgins,compra_intrarregional,pesos,221113227121.21,miles de millones de pesos,dinero,total
2020-06-01,06,O'Higgins,facturas_compra_interregional,unidades,560544.0,miles de unidades,conteo,total
2020-06-01,06,O'Higgins,facturas_venta_interregional,unidades,198141.0,miles de unidades,conteo,total
2020-06-01,06,O'Higgins,venta_interregional,pesos,295192870962.08,miles de millones de pesos,dinero,total
2020-06-01,06,O'Higgins,venta_intrarregional,pesos,221113227121.21,miles de millones de pesos,dinero,total
2020-06-01,07,Maule,compra_interregional,pesos,291091250796.43,miles de millones de pesos,dinero,total
2020-06-01,07,Maule,compra_intrarregional,pesos,252407381159.97,miles de millones de pesos,dinero,total
2020-06-01,07,Maule,facturas_compra_interregional,unidades,549746.0,miles de unidades,conteo,total
2020-06-01,07,Maule,facturas_venta_interregional,unidades,408356.0,miles de unidades,conteo,total
2020-06-01,07,Maule,venta_interregional,pesos,302689310843.81,miles de millones de pesos,dinero,total
2020-06-01,07,Maule,venta_intrarregional,pesos,252407381159.97,miles de millones de pesos,dinero,total
2020-06-01,08,Biobío,compra_interregional,pesos,460471499750.04,miles de millones de pesos,dinero,total
2020-06-01,08,Biobío,compra_intrarregional,pesos,402224444002.15,miles de millones de pesos,dinero,total
2020-06-01,08,Biobío,facturas_compra_interregional,unidades,852313.0,miles de unidades,conteo,total
2020-06-01,08,Biobío,facturas_venta_interregional,unidades,330275.0,miles de unidades,conteo,total
2020-06-01,08,Biobío,venta_interregional,pesos,491498681380.12,miles de millones de pesos,dinero,total
2020-06-01,08,Biobío,venta_intrarregional,pesos,402224444002.15,miles de millones de pesos,dinero,total
2020-06-01,09,La Araucanía,compra_interregional,pesos,234962658609.09,miles de millones de pesos,dinero,total
2020-06-01,09,La Araucanía,compra_intrarregional,pesos,200457146827.3,miles de millones de pesos,dinero,total
2020-06-01,09,La Araucanía,facturas_compra_interregional,unidades,476575.0,miles de unidades,conteo,total
2020-06-01,09,La Araucanía,facturas_venta_interregional,unidades,228640.0,miles de unidades,conteo,total
2020-06-01,09,La Araucanía,venta_interregional,pesos,185880317553.88998,miles de millones de pesos,dinero,total
2020-06-01,09,La Araucanía,venta_intrarregional,pesos,200457146827.3,miles de millones de pesos,dinero,total
2020-06-01,10,Los Lagos,compra_interregional,pesos,470794357646.2,miles de millones de pesos,dinero,total
2020-06-01,10,Los Lagos,compra_intrarregional,pesos,448503464611.75,miles de millones de pesos,dinero,total
2020-06-01,10,Los Lagos,facturas_compra_interregional,unidades,534159.0,miles de unidades,conteo,total
2020-06-01,10,Los Lagos,facturas_venta_interregional,unidades,269658.0,miles de unidades,conteo,total
2020-06-01,10,Los Lagos,venta_interregional,pesos,231826169292.75,miles de millones de pesos,dinero,total
2020-06-01,10,Los Lagos,venta_intrarregional,pesos,448503464611.75,miles de millones de pesos,dinero,total
2020-06-01,11,Aysén,compra_interregional,pesos,24437341614.333,miles de millones de pesos,dinero,total
2020-06-01,11,Aysén,compra_intrarregional,pesos,19636582968.224003,miles de millones de pesos,dinero,total
2020-06-01,11,Aysén,facturas_compra_interregional,unidades,65602.0,miles de unidades,conteo,total
2020-06-01,11,Aysén,facturas_venta_interregional,unidades,18380.0,miles de unidades,conteo,total
2020-06-01,11,Aysén,venta_interregional,pesos,17399886064.5,miles de millones de pesos,dinero,total
2020-06-01,11,Aysén,venta_intrarregional,pesos,19636582968.224003,miles de millones de pesos,dinero,total
2020-06-01,12,Magallanes,compra_interregional,pesos,77429855311.5,miles de millones de pesos,dinero,total
2020-06-01,12,Magallanes,compra_intrarregional,pesos,55360824157.086,miles de millones de pesos,dinero,total
2020-06-01,12,Magallanes,facturas_compra_interregional,unidades,96071.0,miles de unidades,conteo,total
2020-06-01,12,Magallanes,facturas_venta_interregional,unidades,24146.0,miles de unidades,conteo,total
2020-06-01,12,Magallanes,venta_interregional,pesos,40279505319.25,miles de millones de pesos,dinero,total
2020-06-01,12,Magallanes,venta_intrarregional,pesos,55360824157.086,miles de millones de pesos,dinero,total
2020-06-01,13,Metropolitana de Santiago,compra_interregional,pesos,2901071635634.0,miles de millones de pesos,dinero,total
2020-06-01,13,Metropolitana de Santiago,compra_intrarregional,pesos,9469116932835.201,miles de millones de pesos,dinero,total
2020-06-01,13,Metropolitana de Santiago,facturas_compra_interregional,unidades,1898504.0,miles de unidades,conteo,total
2020-06-01,13,Metropolitana de Santiago,facturas_venta_interregional,unidades,5000509.0,miles de unidades,conteo,total
2020-06-01,13,Metropolitana de Santiago,venta_interregional,pesos,3379236168857.2,miles de millones de pesos,dinero,total
2020-06-01,13,Metropolitana de Santiago,venta_intrarregional,pesos,9469116932835.201,miles de millones de pesos,dinero,total
2020-06-01,14,Los Ríos,compra_interregional,pesos,125838345548.44,miles de millones de pesos,dinero,total
2020-06-01,14,Los Ríos,compra_intrarregional,pesos,63329600219.786995,miles de millones de pesos,dinero,total
2020-06-01,14,Los Ríos,facturas_compra_interregional,unidades,265182.0,miles de unidades,conteo,total
2020-06-01,14,Los Ríos,facturas_venta_interregional,unidades,117804.0,miles de unidades,conteo,total
2020-06-01,14,Los Ríos,venta_interregional,pesos,109138339846.41,miles de millones de pesos,dinero,total
2020-06-01,14,Los Ríos,venta_intrarregional,pesos,63329600219.786995,miles de millones de pesos,dinero,total
2020-06-01,15,Arica y Parinacota,compra_interregional,pesos,46576145916.309006,miles de millones de pesos,dinero,total
2020-06-01,15,Arica y Parinacota,compra_intrarregional,pesos,26426727820.166,miles de millones de pesos,dinero,total
2020-06-01,15,Arica y Parinacota,facturas_compra_interregional,unidades,96509.0,miles de unidades,conteo,total
2020-06-01,15,Arica y Parinacota,facturas_venta_interregional,unidades,37721.0,miles de unidades,conteo,total
2020-06-01,15,Arica y Parinacota,venta_interregional,pesos,24301563922.0,miles de millones de pesos,dinero,total
2020-06-01,15,Arica y Parinacota,venta_intrarregional,pesos,26426727820.166,miles de millones de pesos,dinero,total
2020-06-01,16,Ñuble,compra_interregional,pesos,132236549664.98001,miles de millones de pesos,dinero,total
2020-06-01,16,Ñuble,compra_intrarregional,pesos,75351026740.5,miles de millones de pesos,dinero,total
2020-06-01,16,Ñuble,facturas_compra_interregional,unidades,241088.0,miles de unidades,conteo,total
2020-06-01,16,Ñuble,facturas_venta_interregional,unidades,170075.0,miles de unidades,conteo,total
2020-06-01,16,Ñuble,venta_interregional,pesos,104379402767.45999,miles de millones de pesos,dinero,total
2020-06-01,16,Ñuble,venta_intrarregional,pesos,75351026740.5,miles de millones de pesos,dinero,total
2020-07-01,01,Tarapacá,compra_interregional,pesos,166381668054.62,miles de millones de pesos,dinero,total
2020-07-01,01,Tarapacá,compra_intrarregional,pesos,73503817212.81999,miles de millones de pesos,dinero,total
2020-07-01,01,Tarapacá,facturas_compra_interregional,unidades,169431.0,miles de unidades,conteo,total
2020-07-01,01,Tarapacá,facturas_venta_interregional,unidades,58907.0,miles de unidades,conteo,total
2020-07-01,01,Tarapacá,venta_interregional,pesos,56194990805.265,miles de millones de pesos,dinero,total
2020-07-01,01,Tarapacá,venta_intrarregional,pesos,73503817212.81999,miles de millones de pesos,dinero,total
2020-07-01,02,Antofagasta,compra_interregional,pesos,346753155137.5,miles de millones de pesos,dinero,total
2020-07-01,02,Antofagasta,compra_intrarregional,pesos,188478493650.11002,miles de millones de pesos,dinero,total
2020-07-01,02,Antofagasta,facturas_compra_interregional,unidades,372115.0,miles de unidades,conteo,total
2020-07-01,02,Antofagasta,facturas_venta_interregional,unidades,134120.0,miles de unidades,conteo,total
2020-07-01,02,Antofagasta,venta_interregional,pesos,329393863603.48,miles de millones de pesos,dinero,total
2020-07-01,02,Antofagasta,venta_intrarregional,pesos,188478493650.11002,miles de millones de pesos,dinero,total
2020-07-01,03,Atacama,compra_interregional,pesos,124820860965.43001,miles de millones de pesos,dinero,total
2020-07-01,03,Atacama,compra_intrarregional,pesos,63463586761.5,miles de millones de pesos,dinero,total
2020-07-01,03,Atacama,facturas_compra_interregional,unidades,197918.0,miles de unidades,conteo,total
2020-07-01,03,Atacama,facturas_venta_interregional,unidades,58688.0,miles de unidades,conteo,total
2020-07-01,03,Atacama,venta_interregional,pesos,83938623645.083,miles de millones de pesos,dinero,total
2020-07-01,03,Atacama,venta_intrarregional,pesos,63463586761.5,miles de millones de pesos,dinero,total
2020-07-01,04,Coquimbo,compra_interregional,pesos,209002171331.33002,miles de millones de pesos,dinero,total
2020-07-01,04,Coquimbo,compra_intrarregional,pesos,145786532953.40002,miles de millones de pesos,dinero,total
2020-07-01,04,Coquimbo,facturas_compra_interregional,unidades,420379.0,miles de unidades,conteo,total
2020-07-01,04,Coquimbo,facturas_venta_interregional,unidades,153278.0,miles de unidades,conteo,total
2020-07-01,04,Coquimbo,venta_interregional,pesos,142781228991.93,miles de millones de pesos,dinero,total
2020-07-01,04,Coquimbo,venta_intrarregional,pesos,145786532953.40002,miles de millones de pesos,dinero,total
2020-07-01,05,Valparaíso,compra_interregional,pesos,528750141256.33,miles de millones de pesos,dinero,total
2020-07-01,05,Valparaíso,compra_intrarregional,pesos,379485074472.35,miles de millones de pesos,dinero,total
2020-07-01,05,Valparaíso,facturas_compra_interregional,unidades,986241.0,miles de unidades,conteo,total
2020-07-01,05,Valparaíso,facturas_venta_interregional,unidades,519717.0,miles de unidades,conteo,total
2020-07-01,05,Valparaíso,venta_interregional,pesos,737363124140.36,miles de millones de pesos,dinero,total
2020-07-01,05,Valparaíso,venta_intrarregional,pesos,379485074472.35,miles de millones de pesos,dinero,total
2020-07-01,06,O'Higgins,compra_interregional,pesos,423959795861.04,miles de millones de pesos,dinero,total
2020-07-01,06,O'Higgins,compra_intrarregional,pesos,219282183748.75998,miles de millones de pesos,dinero,total
2020-07-01,06,O'Higgins,facturas_compra_interregional,unidades,586905.0,miles de unidades,conteo,total
2020-07-01,06,O'Higgins,facturas_venta_interregional,unidades,210532.0,miles de unidades,conteo,total
2020-07-01,06,O'Higgins,venta_interregional,pesos,291449018107.05,miles de millones de pesos,dinero,total
2020-07-01,06,O'Higgins,venta_intrarregional,pesos,219282183748.75998,miles de millones de pesos,dinero,total
2020-07-01,07,Maule,compra_interregional,pesos,313942025550.86005,miles de millones de pesos,dinero,total
2020-07-01,07,Maule,compra_intrarregional,pesos,255385879370.28,miles de millones de pesos,dinero,total
2020-07-01,07,Maule,facturas_compra_interregional,unidades,577497.0,miles de unidades,conteo,total
2020-07-01,07,Maule,facturas_venta_interregional,unidades,446866.0,miles de unidades,conteo,total
2020-07-01,07,Maule,venta_interregional,pesos,297319678874.72003,miles de millones de pesos,dinero,total
2020-07-01,07,Maule,venta_intrarregional,pesos,255385879370.28,miles de millones de pesos,dinero,total
2020-07-01,08,Biobío,compra_interregional,pesos,496986390996.75,miles de millones de pesos,dinero,total
2020-07-01,08,Biobío,compra_intrarregional,pesos,404698793720.21,miles de millones de pesos,dinero,total
2020-07-01,08,Biobío,facturas_compra_interregional,unidades,918351.0,miles de unidades,conteo,total
2020-07-01,08,Biobío,facturas_venta_interregional,unidades,356513.0,miles de unidades,conteo,total
2020-07-01,08,Biobío,venta_interregional,pesos,485421756814.72003,miles de millones de pesos,dinero,total
2020-07-01,08,Biobío,venta_intrarregional,pesos,404698793720.21,miles de millones de pesos,dinero,total
2020-07-01,09,La Araucanía,compra_interregional,pesos,231046074248.09,miles de millones de pesos,dinero,total
2020-07-01,09,La Araucanía,compra_intrarregional,pesos,193337779832.46,miles de millones de pesos,dinero,total
2020-07-01,09,La Araucanía,facturas_compra_interregional,unidades,515394.0,miles de unidades,conteo,total
2020-07-01,09,La Araucanía,facturas_venta_interregional,unidades,247419.0,miles de unidades,conteo,total
2020-07-01,09,La Araucanía,venta_interregional,pesos,190362821400.66,miles de millones de pesos,dinero,total
2020-07-01,09,La Araucanía,venta_intrarregional,pesos,193337779832.46,miles de millones de pesos,dinero,total
2020-07-01,10,Los Lagos,compra_interregional,pesos,500025506486.87,miles de millones de pesos,dinero,total
2020-07-01,10,Los Lagos,compra_intrarregional,pesos,474147426974.36,miles de millones de pesos,dinero,total
2020-07-01,10,Los Lagos,facturas_compra_interregional,unidades,567829.0,miles de unidades,conteo,total
2020-07-01,10,Los Lagos,facturas_venta_interregional,unidades,288112.0,miles de unidades,conteo,total
2020-07-01,10,Los Lagos,venta_interregional,pesos,241936141430.80002,miles de millones de pesos,dinero,total
2020-07-01,10,Los Lagos,venta_intrarregional,pesos,474147426974.36,miles de millones de pesos,dinero,total
2020-07-01,11,Aysén,compra_interregional,pesos,25483971053.016,miles de millones de pesos,dinero,total
2020-07-01,11,Aysén,compra_intrarregional,pesos,21632039247.799,miles de millones de pesos,dinero,total
2020-07-01,11,Aysén,facturas_compra_interregional,unidades,69391.0,miles de unidades,conteo,total
2020-07-01,11,Aysén,facturas_venta_interregional,unidades,19406.0,miles de unidades,conteo,total
2020-07-01,11,Aysén,venta_interregional,pesos,17861088759.148,miles de millones de pesos,dinero,total
2020-07-01,11,Aysén,venta_intrarregional,pesos,21632039247.799,miles de millones de pesos,dinero,total
2020-07-01,12,Magallanes,compra_interregional,pesos,75761934993.333,miles de millones de pesos,dinero,total
2020-07-01,12,Magallanes,compra_intrarregional,pesos,58975444149.568,miles de millones de pesos,dinero,total
2020-07-01,12,Magallanes,facturas_compra_interregional,unidades,103176.0,miles de unidades,conteo,total
2020-07-01,12,Magallanes,facturas_venta_interregional,unidades,25329.0,miles de unidades,conteo,total
2020-07-01,12,Magallanes,venta_interregional,pesos,43502833535.158,miles de millones de pesos,dinero,total
2020-07-01,12,Magallanes,venta_intrarregional,pesos,58975444149.568,miles de millones de pesos,dinero,total
2020-07-01,13,Metropolitana de Santiago,compra_interregional,pesos,2722794386943.8,miles de millones de pesos,dinero,total
2020-07-01,13,Metropolitana de Santiago,compra_intrarregional,pesos,9850839324598.898,miles de millones de pesos,dinero,total
2020-07-01,13,Metropolitana de Santiago,facturas_compra_interregional,unidades,2045776.0,miles de unidades,conteo,total
2020-07-01,13,Metropolitana de Santiago,facturas_venta_interregional,unidades,5294823.0,miles de unidades,conteo,total
2020-07-01,13,Metropolitana de Santiago,venta_interregional,pesos,3317735222828.7,miles de millones de pesos,dinero,total
2020-07-01,13,Metropolitana de Santiago,venta_intrarregional,pesos,9850839324598.898,miles de millones de pesos,dinero,total
2020-07-01,14,Los Ríos,compra_interregional,pesos,132583668251.05,miles de millones de pesos,dinero,total
2020-07-01,14,Los Ríos,compra_intrarregional,pesos,67637230375.61,miles de millones de pesos,dinero,total
2020-07-01,14,Los Ríos,facturas_compra_interregional,unidades,283180.0,miles de unidades,conteo,total
2020-07-01,14,Los Ríos,facturas_venta_interregional,unidades,125422.0,miles de unidades,conteo,total
2020-07-01,14,Los Ríos,venta_interregional,pesos,108463236331.67,miles de millones de pesos,dinero,total
2020-07-01,14,Los Ríos,venta_intrarregional,pesos,67637230375.61,miles de millones de pesos,dinero,total
2020-07-01,15,Arica y Parinacota,compra_interregional,pesos,57757483824.285,miles de millones de pesos,dinero,total
2020-07-01,15,Arica y Parinacota,compra_intrarregional,pesos,28296950505.0,miles de millones de pesos,dinero,total
2020-07-01,15,Arica y Parinacota,facturas_compra_interregional,unidades,98930.0,miles de unidades,conteo,total
2020-07-01,15,Arica y Parinacota,facturas_venta_interregional,unidades,41218.0,miles de unidades,conteo,total
2020-07-01,15,Arica y Parinacota,venta_interregional,pesos,28738579978.0,miles de millones de pesos,dinero,total
2020-07-01,15,Arica y Parinacota,venta_intrarregional,pesos,28296950505.0,miles de millones de pesos,dinero,total
2020-07-01,16,Ñuble,compra_interregional,pesos,126549324165.65001,miles de millones de pesos,dinero,total
2020-07-01,16,Ñuble,compra_intrarregional,pesos,82708547312.964,miles de millones de pesos,dinero,total
2020-07-01,16,Ñuble,facturas_compra_interregional,unidades,258992.00000000003,miles de unidades,conteo,total
2020-07-01,16,Ñuble,facturas_venta_interregional,unidades,191155.0,miles de unidades,conteo,total
2020-07-01,16,Ñuble,venta_interregional,pesos,110136349873.17,miles de millones de pesos,dinero,total
2020-07-01,16,Ñuble,venta_intrarregional,pesos,82708547312.964,miles de millones de pesos,dinero,total
2020-08-01,01,Tarapacá,compra_interregional,pesos,192903915374.25,miles de millones de pesos,dinero,total
2020-08-01,01,Tarapacá,compra_intrarregional,pesos,76354528031.918,miles de millones de pesos,dinero,total
2020-08-01,01,Tarapacá,facturas_compra_interregional,unidades,175849.0,miles de unidades,conteo,total
2020-08-01,01,Tarapacá,facturas_venta_interregional,unidades,64209.0,miles de unidades,conteo,total
2020-08-01,01,Tarapacá,venta_interregional,pesos,62953590600.46,miles de millones de pesos,dinero,total
2020-08-01,01,Tarapacá,venta_intrarregional,pesos,76354528031.918,miles de millones de pesos,dinero,total
2020-08-01,02,Antofagasta,compra_interregional,pesos,370290858201.41,miles de millones de pesos,dinero,total
2020-08-01,02,Antofagasta,compra_intrarregional,pesos,210987203000.88998,miles de millones de pesos,dinero,total
2020-08-01,02,Antofagasta,facturas_compra_interregional,unidades,393013.0,miles de unidades,conteo,total
2020-08-01,02,Antofagasta,facturas_venta_interregional,unidades,144359.0,miles de unidades,conteo,total
2020-08-01,02,Antofagasta,venta_interregional,pesos,329486849272.89996,miles de millones de pesos,dinero,total
2020-08-01,02,Antofagasta,venta_intrarregional,pesos,210987203000.88998,miles de millones de pesos,dinero,total
2020-08-01,03,Atacama,compra_interregional,pesos,123054386682.1,miles de millones de pesos,dinero,total
2020-08-01,03,Atacama,compra_intrarregional,pesos,57628934895.523,miles de millones de pesos,dinero,total
2020-08-01,03,Atacama,facturas_compra_interregional,unidades,198661.0,miles de unidades,conteo,total
2020-08-01,03,Atacama,facturas_venta_interregional,unidades,57870.0,miles de unidades,conteo,total
2020-08-01,03,Atacama,venta_interregional,pesos,80814215095.017,miles de millones de pesos,dinero,total
2020-08-01,03,Atacama,venta_intrarregional,pesos,57628934895.523,miles de millones de pesos,dinero,total
2020-08-01,04,Coquimbo,compra_interregional,pesos,219723231408.75,miles de millones de pesos,dinero,total
2020-08-01,04,Coquimbo,compra_intrarregional,pesos,134560014055.77,miles de millones de pesos,dinero,total
2020-08-01,04,Coquimbo,facturas_compra_interregional,unidades,422202.0,miles de unidades,conteo,total
2020-08-01,04,Coquimbo,facturas_venta_interregional,unidades,149219.0,miles de unidades,conteo,total
2020-08-01,04,Coquimbo,venta_interregional,pesos,130648795566.43001,miles de millones de pesos,dinero,total
2020-08-01,04,Coquimbo,venta_intrarregional,pesos,134560014055.77,miles de millones de pesos,dinero,total
2020-08-01,05,Valparaíso,compra_interregional,pesos,585042175893.48,miles de millones de pesos,dinero,total
2020-08-01,05,Valparaíso,compra_intrarregional,pesos,363997610173.51,miles de millones de pesos,dinero,total
2020-08-01,05,Valparaíso,facturas_compra_interregional,unidades,1067769.0,miles de unidades,conteo,total
2020-08-01,05,Valparaíso,facturas_venta_interregional,unidades,538915.0,miles de unidades,conteo,total
2020-08-01,05,Valparaíso,venta_interregional,pesos,754299768409.9701,miles de millones de pesos,dinero,total
2020-08-01,05,Valparaíso,venta_intrarregional,pesos,363997610173.51,miles de millones de pesos,dinero,total
2020-08-01,06,O'Higgins,compra_interregional,pesos,476319738512.21,miles de millones de pesos,dinero,total
2020-08-01,06,O'Higgins,compra_intrarregional,pesos,246126088665.13,miles de millones de pesos,dinero,total
2020-08-01,06,O'Higgins,facturas_compra_interregional,unidades,644737.0,miles de unidades,conteo,total
2020-08-01,06,O'Higgins,facturas_venta_interregional,unidades,223569.0,miles de unidades,conteo,total
2020-08-01,06,O'Higgins,venta_interregional,pesos,290931081286.58997,miles de millones de pesos,dinero,total
2020-08-01,06,O'Higgins,venta_intrarregional,pesos,246126088665.13,miles de millones de pesos,dinero,total
2020-08-01,07,Maule,compra_interregional,pesos,350751893501.25,miles de millones de pesos,dinero,total
2020-08-01,07,Maule,compra_intrarregional,pesos,272156310452.83,miles de millones de pesos,dinero,total
2020-08-01,07,Maule,facturas_compra_interregional,unidades,619852.0,miles de unidades,conteo,total
2020-08-01,07,Maule,facturas_venta_interregional,unidades,468489.0,miles de unidades,conteo,total
2020-08-01,07,Maule,venta_interregional,pesos,299032165120.72,miles de millones de pesos,dinero,total
2020-08-01,07,Maule,venta_intrarregional,pesos,272156310452.83,miles de millones de pesos,dinero,total
2020-08-01,08,Biobío,compra_interregional,pesos,507136079711.46,miles de millones de pesos,dinero,total
2020-08-01,08,Biobío,compra_intrarregional,pesos,424391191814.0,miles de millones de pesos,dinero,total
2020-08-01,08,Biobío,facturas_compra_interregional,unidades,942706.0,miles de unidades,conteo,total
2020-08-01,08,Biobío,facturas_venta_interregional,unidades,362100.0,miles de unidades,conteo,total
2020-08-01,08,Biobío,venta_interregional,pesos,500594578160.91,miles de millones de pesos,dinero,total
2020-08-01,08,Biobío,venta_intrarregional,pesos,424391191814.0,miles de millones de pesos,dinero,total
2020-08-01,09,La Araucanía,compra_interregional,pesos,265326309401.93002,miles de millones de pesos,dinero,total
2020-08-01,09,La Araucanía,compra_intrarregional,pesos,225210036996.28,miles de millones de pesos,dinero,total
2020-08-01,09,La Araucanía,facturas_compra_interregional,unidades,541402.0,miles de unidades,conteo,total
2020-08-01,09,La Araucanía,facturas_venta_interregional,unidades,256495.0,miles de unidades,conteo,total
2020-08-01,09,La Araucanía,venta_interregional,pesos,191348522704.87,miles de millones de pesos,dinero,total
2020-08-01,09,La Araucanía,venta_intrarregional,pesos,225210036996.28,miles de millones de pesos,dinero,total
2020-08-01,10,Los Lagos,compra_interregional,pesos,494000437978.21,miles de millones de pesos,dinero,total
2020-08-01,10,Los Lagos,compra_intrarregional,pesos,466701175685.76,miles de millones de pesos,dinero,total
2020-08-01,10,Los Lagos,facturas_compra_interregional,unidades,563981.0,miles de unidades,conteo,total
2020-08-01,10,Los Lagos,facturas_venta_interregional,unidades,285542.0,miles de unidades,conteo,total
2020-08-01,10,Los Lagos,venta_interregional,pesos,245515373719.22,miles de millones de pesos,dinero,total
2020-08-01,10,Los Lagos,venta_intrarregional,pesos,466701175685.76,miles de millones de pesos,dinero,total
2020-08-01,11,Aysén,compra_interregional,pesos,29645604250.85,miles de millones de pesos,dinero,total
2020-08-01,11,Aysén,compra_intrarregional,pesos,22473455519.246,miles de millones de pesos,dinero,total
2020-08-01,11,Aysén,facturas_compra_interregional,unidades,74951.0,miles de unidades,conteo,total
2020-08-01,11,Aysén,facturas_venta_interregional,unidades,19716.0,miles de unidades,conteo,total
2020-08-01,11,Aysén,venta_interregional,pesos,22863447728.726,miles de millones de pesos,dinero,total
2020-08-01,11,Aysén,venta_intrarregional,pesos,22473455519.246,miles de millones de pesos,dinero,total
2020-08-01,12,Magallanes,compra_interregional,pesos,76442285236.685,miles de millones de pesos,dinero,total
2020-08-01,12,Magallanes,compra_intrarregional,pesos,59218672617.313995,miles de millones de pesos,dinero,total
2020-08-01,12,Magallanes,facturas_compra_interregional,unidades,105284.0,miles de unidades,conteo,total
2020-08-01,12,Magallanes,facturas_venta_interregional,unidades,24700.0,miles de unidades,conteo,total
2020-08-01,12,Magallanes,venta_interregional,pesos,39156316800.272,miles de millones de pesos,dinero,total
2020-08-01,12,Magallanes,venta_intrarregional,pesos,59218672617.313995,miles de millones de pesos,dinero,total
2020-08-01,13,Metropolitana de Santiago,compra_interregional,pesos,2691549306024.9,miles de millones de pesos,dinero,total
2020-08-01,13,Metropolitana de Santiago,compra_intrarregional,pesos,10633852663660.0,miles de millones de pesos,dinero,total
2020-08-01,13,Metropolitana de Santiago,facturas_compra_interregional,unidades,2054692.0,miles de unidades,conteo,total
2020-08-01,13,Metropolitana de Santiago,facturas_venta_interregional,unidades,5525161.0,miles de unidades,conteo,total
2020-08-01,13,Metropolitana de Santiago,venta_interregional,pesos,3509385649826.9,miles de millones de pesos,dinero,total
2020-08-01,13,Metropolitana de Santiago,venta_intrarregional,pesos,10633852663660.0,miles de millones de pesos,dinero,total
2020-08-01,14,Los Ríos,compra_interregional,pesos,142918283882.81,miles de millones de pesos,dinero,total
2020-08-01,14,Los Ríos,compra_intrarregional,pesos,74506603635.476,miles de millones de pesos,dinero,total
2020-08-01,14,Los Ríos,facturas_compra_interregional,unidades,299335.0,miles de unidades,conteo,total
2020-08-01,14,Los Ríos,facturas_venta_interregional,unidades,126835.0,miles de unidades,conteo,total
2020-08-01,14,Los Ríos,venta_interregional,pesos,111402245960.73,miles de millones de pesos,dinero,total
2020-08-01,14,Los Ríos,venta_intrarregional,pesos,74506603635.476,miles de millones de pesos,dinero,total
2020-08-01,15,Arica y Parinacota,compra_interregional,pesos,52682212224.257,miles de millones de pesos,dinero,total
2020-08-01,15,Arica y Parinacota,compra_intrarregional,pesos,28651019537.5,miles de millones de pesos,dinero,total
2020-08-01,15,Arica y Parinacota,facturas_compra_interregional,unidades,106630.0,miles de unidades,conteo,total
2020-08-01,15,Arica y Parinacota,facturas_venta_interregional,unidades,40425.0,miles de unidades,conteo,total
2020-08-01,15,Arica y Parinacota,venta_interregional,pesos,29976335800.642002,miles de millones de pesos,dinero,total
2020-08-01,15,Arica y Parinacota,venta_intrarregional,pesos,28651019537.5,miles de millones de pesos,dinero,total
2020-08-01,16,Ñuble,compra_interregional,pesos,136191083063.82,miles de millones de pesos,dinero,total
2020-08-01,16,Ñuble,compra_intrarregional,pesos,88788057908.98601,miles de millones de pesos,dinero,total
2020-08-01,16,Ñuble,facturas_compra_interregional,unidades,272756.0,miles de unidades,conteo,total
2020-08-01,16,Ñuble,facturas_venta_interregional,unidades,196216.0,miles de unidades,conteo,total
2020-08-01,16,Ñuble,venta_interregional,pesos,115568865294.0,miles de millones de pesos,dinero,total
2020-08-01,16,Ñuble,venta_intrarregional,pesos,88788057908.98601,miles de millones de pesos,dinero,total
2020-09-01,01,Tarapacá,compra_interregional,pesos,202480600518.08,miles de millones de pesos,dinero,total
2020-09-01,01,Tarapacá,compra_intrarregional,pesos,73140613422.70099,miles de millones de pesos,dinero,total
2020-09-01,01,Tarapacá,facturas_compra_interregional,unidades,181823.0,miles de unidades,conteo,total
2020-09-01,01,Tarapacá,facturas_venta_interregional,unidades,65986.0,miles de unidades,conteo,total
2020-09-01,01,Tarapacá,venta_interregional,pesos,69084074102.62401,miles de millones de pesos,dinero,total
2020-09-01,01,Tarapacá,venta_intrarregional,pesos,73140613422.70099,miles de millones de pesos,dinero,total
2020-09-01,02,Antofagasta,compra_interregional,pesos,369369857434.01,miles de millones de pesos,dinero,total
2020-09-01,02,Antofagasta,compra_intrarregional,pesos,202965102485.96,miles de millones de pesos,dinero,total
2020-09-01,02,Antofagasta,facturas_compra_interregional,unidades,403000.0,miles de unidades,conteo,total
2020-09-01,02,Antofagasta,facturas_venta_interregional,unidades,149837.0,miles de unidades,conteo,total
2020-09-01,02,Antofagasta,venta_interregional,pesos,365431211103.31,miles de millones de pesos,dinero,total
2020-09-01,02,Antofagasta,venta_intrarregional,pesos,202965102485.96,miles de millones de pesos,dinero,total
2020-09-01,03,Atacama,compra_interregional,pesos,140284669774.82,miles de millones de pesos,dinero,total
2020-09-01,03,Atacama,compra_intrarregional,pesos,63174781477.448,miles de millones de pesos,dinero,total
2020-09-01,03,Atacama,facturas_compra_interregional,unidades,205161.0,miles de unidades,conteo,total
2020-09-01,03,Atacama,facturas_venta_interregional,unidades,60490.0,miles de unidades,conteo,total
2020-09-01,03,Atacama,venta_interregional,pesos,86292648413.0,miles de millones de pesos,dinero,total
2020-09-01,03,Atacama,venta_intrarregional,pesos,63174781477.448,miles de millones de pesos,dinero,total
2020-09-01,04,Coquimbo,compra_interregional,pesos,248708356787.12,miles de millones de pesos,dinero,total
2020-09-01,04,Coquimbo,compra_intrarregional,pesos,139230680239.55,miles de millones de pesos,dinero,total
2020-09-01,04,Coquimbo,facturas_compra_interregional,unidades,439373.0,miles de unidades,conteo,total
2020-09-01,04,Coquimbo,facturas_venta_interregional,unidades,156425.0,miles de unidades,conteo,total
2020-09-01,04,Coquimbo,venta_interregional,pesos,148050290224.65002,miles de millones de pesos,dinero,total
2020-09-01,04,Coquimbo,venta_intrarregional,pesos,139230680239.55,miles de millones de pesos,dinero,total
2020-09-01,05,Valparaíso,compra_interregional,pesos,632681650090.75,miles de millones de pesos,dinero,total
2020-09-01,05,Valparaíso,compra_intrarregional,pesos,395194191463.11,miles de millones de pesos,dinero,total
2020-09-01,05,Valparaíso,facturas_compra_interregional,unidades,1110498.0,miles de unidades,conteo,total
2020-09-01,05,Valparaíso,facturas_venta_interregional,unidades,565682.0,miles de unidades,conteo,total
2020-09-01,05,Valparaíso,venta_interregional,pesos,880911013716.5299,miles de millones de pesos,dinero,total
2020-09-01,05,Valparaíso,venta_intrarregional,pesos,395194191463.11,miles de millones de pesos,dinero,total
2020-09-01,06,O'Higgins,compra_interregional,pesos,482510379056.02997,miles de millones de pesos,dinero,total
2020-09-01,06,O'Higgins,compra_intrarregional,pesos,273559228867.09998,miles de millones de pesos,dinero,total
2020-09-01,06,O'Higgins,facturas_compra_interregional,unidades,667229.0,miles de unidades,conteo,total
2020-09-01,06,O'Higgins,facturas_venta_interregional,unidades,227838.0,miles de unidades,conteo,total
2020-09-01,06,O'Higgins,venta_interregional,pesos,339466211155.07996,miles de millones de pesos,dinero,total
2020-09-01,06,O'Higgins,venta_intrarregional,pesos,273559228867.09998,miles de millones de pesos,dinero,total
2020-09-01,07,Maule,compra_interregional,pesos,368864332493.08997,miles de millones de pesos,dinero,total
2020-09-01,07,Maule,compra_intrarregional,pesos,296076760024.20996,miles de millones de pesos,dinero,total
2020-09-01,07,Maule,facturas_compra_interregional,unidades,624258.0,miles de unidades,conteo,total
2020-09-01,07,Maule,facturas_venta_interregional,unidades,460514.0,miles de unidades,conteo,total
2020-09-01,07,Maule,venta_interregional,pesos,308069555637.91003,miles de millones de pesos,dinero,total
2020-09-01,07,Maule,venta_intrarregional,pesos,296076760024.20996,miles de millones de pesos,dinero,total
2020-09-01,08,Biobío,compra_interregional,pesos,505772513252.81,miles de millones de pesos,dinero,total
2020-09-01,08,Biobío,compra_intrarregional,pesos,403941392459.34,miles de millones de pesos,dinero,total
2020-09-01,08,Biobío,facturas_compra_interregional,unidades,912262.0,miles de unidades,conteo,total
2020-09-01,08,Biobío,facturas_venta_interregional,unidades,354888.0,miles de unidades,conteo,total
2020-09-01,08,Biobío,venta_interregional,pesos,546300328880.67,miles de millones de pesos,dinero,total
2020-09-01,08,Biobío,venta_intrarregional,pesos,403941392459.34,miles de millones de pesos,dinero,total
2020-09-01,09,La Araucanía,compra_interregional,pesos,280876281861.81,miles de millones de pesos,dinero,total
2020-09-01,09,La Araucanía,compra_intrarregional,pesos,233927275088.63998,miles de millones de pesos,dinero,total
2020-09-01,09,La Araucanía,facturas_compra_interregional,unidades,541577.0,miles de unidades,conteo,total
2020-09-01,09,La Araucanía,facturas_venta_interregional,unidades,252273.0,miles de unidades,conteo,total
2020-09-01,09,La Araucanía,venta_interregional,pesos,220418540117.6,miles de millones de pesos,dinero,total
2020-09-01,09,La Araucanía,venta_intrarregional,pesos,233927275088.63998,miles de millones de pesos,dinero,total
2020-09-01,10,Los Lagos,compra_interregional,pesos,533098978848.63007,miles de millones de pesos,dinero,total
2020-09-01,10,Los Lagos,compra_intrarregional,pesos,494040931072.47003,miles de millones de pesos,dinero,total
2020-09-01,10,Los Lagos,facturas_compra_interregional,unidades,571067.0,miles de unidades,conteo,total
2020-09-01,10,Los Lagos,facturas_venta_interregional,unidades,295302.0,miles de unidades,conteo,total
2020-09-01,10,Los Lagos,venta_interregional,pesos,252408991659.82,miles de millones de pesos,dinero,total
2020-09-01,10,Los Lagos,venta_intrarregional,pesos,494040931072.47003,miles de millones de pesos,dinero,total
2020-09-01,11,Aysén,compra_interregional,pesos,28803294790.326,miles de millones de pesos,dinero,total
2020-09-01,11,Aysén,compra_intrarregional,pesos,24067730837.675,miles de millones de pesos,dinero,total
2020-09-01,11,Aysén,facturas_compra_interregional,unidades,72899.0,miles de unidades,conteo,total
2020-09-01,11,Aysén,facturas_venta_interregional,unidades,19210.0,miles de unidades,conteo,total
2020-09-01,11,Aysén,venta_interregional,pesos,18005172018.581,miles de millones de pesos,dinero,total
2020-09-01,11,Aysén,venta_intrarregional,pesos,24067730837.675,miles de millones de pesos,dinero,total
2020-09-01,12,Magallanes,compra_interregional,pesos,76134741317.59099,miles de millones de pesos,dinero,total
2020-09-01,12,Magallanes,compra_intrarregional,pesos,50231525955.67,miles de millones de pesos,dinero,total
2020-09-01,12,Magallanes,facturas_compra_interregional,unidades,101643.0,miles de unidades,conteo,total
2020-09-01,12,Magallanes,facturas_venta_interregional,unidades,21402.0,miles de unidades,conteo,total
2020-09-01,12,Magallanes,venta_interregional,pesos,39325358547.666,miles de millones de pesos,dinero,total
2020-09-01,12,Magallanes,venta_intrarregional,pesos,50231525955.67,miles de millones de pesos,dinero,total
2020-09-01,13,Metropolitana de Santiago,compra_interregional,pesos,3035831510916.3,miles de millones de pesos,dinero,total
2020-09-01,13,Metropolitana de Santiago,compra_intrarregional,pesos,11273535987724.0,miles de millones de pesos,dinero,total
2020-09-01,13,Metropolitana de Santiago,facturas_compra_interregional,unidades,2081717.9999999998,miles de unidades,conteo,total
2020-09-01,13,Metropolitana de Santiago,facturas_venta_interregional,unidades,5603893.0,miles de unidades,conteo,total
2020-09-01,13,Metropolitana de Santiago,venta_interregional,pesos,3723809061268.4,miles de millones de pesos,dinero,total
2020-09-01,13,Metropolitana de Santiago,venta_intrarregional,pesos,11273535987724.0,miles de millones de pesos,dinero,total
2020-09-01,14,Los Ríos,compra_interregional,pesos,153747515832.93,miles de millones de pesos,dinero,total
2020-09-01,14,Los Ríos,compra_intrarregional,pesos,79152054409.18599,miles de millones de pesos,dinero,total
2020-09-01,14,Los Ríos,facturas_compra_interregional,unidades,299779.0,miles de unidades,conteo,total
2020-09-01,14,Los Ríos,facturas_venta_interregional,unidades,126077.0,miles de unidades,conteo,total
2020-09-01,14,Los Ríos,venta_interregional,pesos,116202669102.25,miles de millones de pesos,dinero,total
2020-09-01,14,Los Ríos,venta_intrarregional,pesos,79152054409.18599,miles de millones de pesos,dinero,total
2020-09-01,15,Arica y Parinacota,compra_interregional,pesos,61661078412.628,miles de millones de pesos,dinero,total
2020-09-01,15,Arica y Parinacota,compra_intrarregional,pesos,30974427440.74,miles de millones de pesos,dinero,total
2020-09-01,15,Arica y Parinacota,facturas_compra_interregional,unidades,109665.0,miles de unidades,conteo,total
2020-09-01,15,Arica y Parinacota,facturas_venta_interregional,unidades,41521.0,miles de unidades,conteo,total
2020-09-01,15,Arica y Parinacota,venta_interregional,pesos,31050533480.32,miles de millones de pesos,dinero,total
2020-09-01,15,Arica y Parinacota,venta_intrarregional,pesos,30974427440.74,miles de millones de pesos,dinero,total
2020-09-01,16,Ñuble,compra_interregional,pesos,142258082205.88998,miles de millones de pesos,dinero,total
2020-09-01,16,Ñuble,compra_intrarregional,pesos,85177381858.231,miles de millones de pesos,dinero,total
2020-09-01,16,Ñuble,facturas_compra_interregional,unidades,266828.0,miles de unidades,conteo,total
2020-09-01,16,Ñuble,facturas_venta_interregional,unidades,187442.0,miles de unidades,conteo,total
2020-09-01,16,Ñuble,venta_interregional,pesos,118258184164.47,miles de millones de pesos,dinero,total
2020-09-01,16,Ñuble,venta_intrarregional,pesos,85177381858.231,miles de millones de pesos,dinero,total
2020-10-01,01,Tarapacá,compra_interregional,pesos,225647285240.34,miles de millones de pesos,dinero,total
2020-10-01,01,Tarapacá,compra_intrarregional,pesos,92077678537.57199,miles de millones de pesos,dinero,total
2020-10-01,01,Tarapacá,facturas_compra_interregional,unidades,191743.0,miles de unidades,conteo,total
2020-10-01,01,Tarapacá,facturas_venta_interregional,unidades,74643.0,miles de unidades,conteo,total
2020-10-01,01,Tarapacá,venta_interregional,pesos,69682128118.815,miles de millones de pesos,dinero,total
2020-10-01,01,Tarapacá,venta_intrarregional,pesos,92077678537.57199,miles de millones de pesos,dinero,total
2020-10-01,02,Antofagasta,compra_interregional,pesos,390900698292.82996,miles de millones de pesos,dinero,total
2020-10-01,02,Antofagasta,compra_intrarregional,pesos,221688914430.32,miles de millones de pesos,dinero,total
2020-10-01,02,Antofagasta,facturas_compra_interregional,unidades,427719.0,miles de unidades,conteo,total
2020-10-01,02,Antofagasta,facturas_venta_interregional,unidades,166702.0,miles de unidades,conteo,total
2020-10-01,02,Antofagasta,venta_interregional,pesos,352068380280.87,miles de millones de pesos,dinero,total
2020-10-01,02,Antofagasta,venta_intrarregional,pesos,221688914430.32,miles de millones de pesos,dinero,total
2020-10-01,03,Atacama,compra_interregional,pesos,135650706277.40999,miles de millones de pesos,dinero,total
2020-10-01,03,Atacama,compra_intrarregional,pesos,65136159851.236,miles de millones de pesos,dinero,total
2020-10-01,03,Atacama,facturas_compra_interregional,unidades,220495.0,miles de unidades,conteo,total
2020-10-01,03,Atacama,facturas_venta_interregional,unidades,67676.0,miles de unidades,conteo,total
2020-10-01,03,Atacama,venta_interregional,pesos,85167405420.473,miles de millones de pesos,dinero,total
2020-10-01,03,Atacama,venta_intrarregional,pesos,65136159851.236,miles de millones de pesos,dinero,total
2020-10-01,04,Coquimbo,compra_interregional,pesos,261484873518.61002,miles de millones de pesos,dinero,total
2020-10-01,04,Coquimbo,compra_intrarregional,pesos,157516331830.54,miles de millones de pesos,dinero,total
2020-10-01,04,Coquimbo,facturas_compra_interregional,unidades,484835.0,miles de unidades,conteo,total
2020-10-01,04,Coquimbo,facturas_venta_interregional,unidades,175342.0,miles de unidades,conteo,total
2020-10-01,04,Coquimbo,venta_interregional,pesos,149298248704.9,miles de millones de pesos,dinero,total
2020-10-01,04,Coquimbo,venta_intrarregional,pesos,157516331830.54,miles de millones de pesos,dinero,total
2020-10-01,05,Valparaíso,compra_interregional,pesos,662964277875.37,miles de millones de pesos,dinero,total
2020-10-01,05,Valparaíso,compra_intrarregional,pesos,424376533556.22003,miles de millones de pesos,dinero,total
2020-10-01,05,Valparaíso,facturas_compra_interregional,unidades,1191061.0,miles de unidades,conteo,total
2020-10-01,05,Valparaíso,facturas_venta_interregional,unidades,600541.0,miles de unidades,conteo,total
2020-10-01,05,Valparaíso,venta_interregional,pesos,839197008126.05,miles de millones de pesos,dinero,total
2020-10-01,05,Valparaíso,venta_intrarregional,pesos,424376533556.22003,miles de millones de pesos,dinero,total
2020-10-01,06,O'Higgins,compra_interregional,pesos,519882079926.58997,miles de millones de pesos,dinero,total
2020-10-01,06,O'Higgins,compra_intrarregional,pesos,291691013786.57,miles de millones de pesos,dinero,total
2020-10-01,06,O'Higgins,facturas_compra_interregional,unidades,714295.0,miles de unidades,conteo,total
2020-10-01,06,O'Higgins,facturas_venta_interregional,unidades,246680.0,miles de unidades,conteo,total
2020-10-01,06,O'Higgins,venta_interregional,pesos,320322843917.56,miles de millones de pesos,dinero,total
2020-10-01,06,O'Higgins,venta_intrarregional,pesos,291691013786.57,miles de millones de pesos,dinero,total
2020-10-01,07,Maule,compra_interregional,pesos,400752194228.11,miles de millones de pesos,dinero,total
2020-10-01,07,Maule,compra_intrarregional,pesos,317321122850.39,miles de millones de pesos,dinero,total
2020-10-01,07,Maule,facturas_compra_interregional,unidades,681313.0,miles de unidades,conteo,total
2020-10-01,07,Maule,facturas_venta_interregional,unidades,500119.0,miles de unidades,conteo,total
2020-10-01,07,Maule,venta_interregional,pesos,324652663277.23,miles de millones de pesos,dinero,total
2020-10-01,07,Maule,venta_intrarregional,pesos,317321122850.39,miles de millones de pesos,dinero,total
2020-10-01,08,Biobío,compra_interregional,pesos,559779621111.75,miles de millones de pesos,dinero,total
2020-10-01,08,Biobío,compra_intrarregional,pesos,437746432463.01,miles de millones de pesos,dinero,total
2020-10-01,08,Biobío,facturas_compra_interregional,unidades,1008360.0,miles de unidades,conteo,total
2020-10-01,08,Biobío,facturas_venta_interregional,unidades,384570.0,miles de unidades,conteo,total
2020-10-01,08,Biobío,venta_interregional,pesos,556949190822.02,miles de millones de pesos,dinero,total
2020-10-01,08,Biobío,venta_intrarregional,pesos,437746432463.01,miles de millones de pesos,dinero,total
2020-10-01,09,La Araucanía,compra_interregional,pesos,282572294188.25,miles de millones de pesos,dinero,total
2020-10-01,09,La Araucanía,compra_intrarregional,pesos,238417883613.52,miles de millones de pesos,dinero,total
2020-10-01,09,La Araucanía,facturas_compra_interregional,unidades,565033.0,miles de unidades,conteo,total
2020-10-01,09,La Araucanía,facturas_venta_interregional,unidades,268020.0,miles de unidades,conteo,total
2020-10-01,09,La Araucanía,venta_interregional,pesos,221852705694.78,miles de millones de pesos,dinero,total
2020-10-01,09,La Araucanía,venta_intrarregional,pesos,238417883613.52,miles de millones de pesos,dinero,total
2020-10-01,10,Los Lagos,compra_interregional,pesos,550284682794.06,miles de millones de pesos,dinero,total
2020-10-01,10,Los Lagos,compra_intrarregional,pesos,538475427609.95996,miles de millones de pesos,dinero,total
2020-10-01,10,Los Lagos,facturas_compra_interregional,unidades,604080.0,miles de unidades,conteo,total
2020-10-01,10,Los Lagos,facturas_venta_interregional,unidades,315212.0,miles de unidades,conteo,total
2020-10-01,10,Los Lagos,venta_interregional,pesos,280529073311.52,miles de millones de pesos,dinero,total
2020-10-01,10,Los Lagos,venta_intrarregional,pesos,538475427609.95996,miles de millones de pesos,dinero,total
2020-10-01,11,Aysén,compra_interregional,pesos,31439578643.133,miles de millones de pesos,dinero,total
2020-10-01,11,Aysén,compra_intrarregional,pesos,23531261433.129,miles de millones de pesos,dinero,total
2020-10-01,11,Aysén,facturas_compra_interregional,unidades,75408.0,miles de unidades,conteo,total
2020-10-01,11,Aysén,facturas_venta_interregional,unidades,19951.0,miles de unidades,conteo,total
2020-10-01,11,Aysén,venta_interregional,pesos,22678242702.078,miles de millones de pesos,dinero,total
2020-10-01,11,Aysén,venta_intrarregional,pesos,23531261433.129,miles de millones de pesos,dinero,total
2020-10-01,12,Magallanes,compra_interregional,pesos,79262002650.04999,miles de millones de pesos,dinero,total
2020-10-01,12,Magallanes,compra_intrarregional,pesos,56758502288.382996,miles de millones de pesos,dinero,total
2020-10-01,12,Magallanes,facturas_compra_interregional,unidades,109852.0,miles de unidades,conteo,total
2020-10-01,12,Magallanes,facturas_venta_interregional,unidades,23361.0,miles de unidades,conteo,total
2020-10-01,12,Magallanes,venta_interregional,pesos,45314209191.688,miles de millones de pesos,dinero,total
2020-10-01,12,Magallanes,venta_intrarregional,pesos,56758502288.382996,miles de millones de pesos,dinero,total
2020-10-01,13,Metropolitana de Santiago,compra_interregional,pesos,2976456592006.0,miles de millones de pesos,dinero,total
2020-10-01,13,Metropolitana de Santiago,compra_intrarregional,pesos,12078372825584.0,miles de millones de pesos,dinero,total
2020-10-01,13,Metropolitana de Santiago,facturas_compra_interregional,unidades,2236156.0,miles de unidades,conteo,total
2020-10-01,13,Metropolitana de Santiago,facturas_venta_interregional,unidades,6005256.0,miles de unidades,conteo,total
2020-10-01,13,Metropolitana de Santiago,venta_interregional,pesos,3907775202287.1,miles de millones de pesos,dinero,total
2020-10-01,13,Metropolitana de Santiago,venta_intrarregional,pesos,12078372825584.0,miles de millones de pesos,dinero,total
2020-10-01,14,Los Ríos,compra_interregional,pesos,156986291875.43,miles de millones de pesos,dinero,total
2020-10-01,14,Los Ríos,compra_intrarregional,pesos,84898855814.91699,miles de millones de pesos,dinero,total
2020-10-01,14,Los Ríos,facturas_compra_interregional,unidades,311276.0,miles de unidades,conteo,total
2020-10-01,14,Los Ríos,facturas_venta_interregional,unidades,133460.0,miles de unidades,conteo,total
2020-10-01,14,Los Ríos,venta_interregional,pesos,117690205684.48999,miles de millones de pesos,dinero,total
2020-10-01,14,Los Ríos,venta_intrarregional,pesos,84898855814.91699,miles de millones de pesos,dinero,total
2020-10-01,15,Arica y Parinacota,compra_interregional,pesos,64740021024.198,miles de millones de pesos,dinero,total
2020-10-01,15,Arica y Parinacota,compra_intrarregional,pesos,34168502618.114,miles de millones de pesos,dinero,total
2020-10-01,15,Arica y Parinacota,facturas_compra_interregional,unidades,114007.0,miles de unidades,conteo,total
2020-10-01,15,Arica y Parinacota,facturas_venta_interregional,unidades,43817.0,miles de unidades,conteo,total
2020-10-01,15,Arica y Parinacota,venta_interregional,pesos,32027284865.965,miles de millones de pesos,dinero,total
2020-10-01,15,Arica y Parinacota,venta_intrarregional,pesos,34168502618.114,miles de millones de pesos,dinero,total
2020-10-01,16,Ñuble,compra_interregional,pesos,152860608259.02002,miles de millones de pesos,dinero,total
2020-10-01,16,Ñuble,compra_intrarregional,pesos,93545044287.407,miles de millones de pesos,dinero,total
2020-10-01,16,Ñuble,facturas_compra_interregional,unidades,301447.0,miles de unidades,conteo,total
2020-10-01,16,Ñuble,facturas_venta_interregional,unidades,211730.0,miles de unidades,conteo,total
2020-10-01,16,Ñuble,venta_interregional,pesos,126459015505.56999,miles de millones de pesos,dinero,total
2020-10-01,16,Ñuble,venta_intrarregional,pesos,93545044287.407,miles de millones de pesos,dinero,total
2020-11-01,01,Tarapacá,compra_interregional,pesos,231773623236.71,miles de millones de pesos,dinero,total
2020-11-01,01,Tarapacá,compra_intrarregional,pesos,99495862798.13301,miles de millones de pesos,dinero,total
2020-11-01,01,Tarapacá,facturas_compra_interregional,unidades,191241.0,miles de unidades,conteo,total
2020-11-01,01,Tarapacá,facturas_venta_interregional,unidades,78018.0,miles de unidades,conteo,total
2020-11-01,01,Tarapacá,venta_interregional,pesos,81757771006.696,miles de millones de pesos,dinero,total
2020-11-01,01,Tarapacá,venta_intrarregional,pesos,99495862798.13301,miles de millones de pesos,dinero,total
2020-11-01,02,Antofagasta,compra_interregional,pesos,433847305847.75,miles de millones de pesos,dinero,total
2020-11-01,02,Antofagasta,compra_intrarregional,pesos,214362458459.55,miles de millones de pesos,dinero,total
2020-11-01,02,Antofagasta,facturas_compra_interregional,unidades,431104.0,miles de unidades,conteo,total
2020-11-01,02,Antofagasta,facturas_venta_interregional,unidades,172192.0,miles de unidades,conteo,total
2020-11-01,02,Antofagasta,venta_interregional,pesos,370676218100.12994,miles de millones de pesos,dinero,total
2020-11-01,02,Antofagasta,venta_intrarregional,pesos,214362458459.55,miles de millones de pesos,dinero,total
2020-11-01,03,Atacama,compra_interregional,pesos,139518097569.98,miles de millones de pesos,dinero,total
2020-11-01,03,Atacama,compra_intrarregional,pesos,67849139914.701996,miles de millones de pesos,dinero,total
2020-11-01,03,Atacama,facturas_compra_interregional,unidades,220387.0,miles de unidades,conteo,total
2020-11-01,03,Atacama,facturas_venta_interregional,unidades,70793.0,miles de unidades,conteo,total
2020-11-01,03,Atacama,venta_interregional,pesos,87848297821.44899,miles de millones de pesos,dinero,total
2020-11-01,03,Atacama,venta_intrarregional,pesos,67849139914.701996,miles de millones de pesos,dinero,total
2020-11-01,04,Coquimbo,compra_interregional,pesos,266750349065.33,miles de millones de pesos,dinero,total
2020-11-01,04,Coquimbo,compra_intrarregional,pesos,164193430903.76,miles de millones de pesos,dinero,total
2020-11-01,04,Coquimbo,facturas_compra_interregional,unidades,492319.0,miles de unidades,conteo,total
2020-11-01,04,Coquimbo,facturas_venta_interregional,unidades,177019.0,miles de unidades,conteo,total
2020-11-01,04,Coquimbo,venta_interregional,pesos,157336129631.16998,miles de millones de pesos,dinero,total
2020-11-01,04,Coquimbo,venta_intrarregional,pesos,164193430903.76,miles de millones de pesos,dinero,total
2020-11-01,05,Valparaíso,compra_interregional,pesos,696185443751.52,miles de millones de pesos,dinero,total
2020-11-01,05,Valparaíso,compra_intrarregional,pesos,432878974539.33997,miles de millones de pesos,dinero,total
2020-11-01,05,Valparaíso,facturas_compra_interregional,unidades,1220480.0,miles de unidades,conteo,total
2020-11-01,05,Valparaíso,facturas_venta_interregional,unidades,619482.0,miles de unidades,conteo,total
2020-11-01,05,Valparaíso,venta_interregional,pesos,843018415000.54,miles de millones de pesos,dinero,total
2020-11-01,05,Valparaíso,venta_intrarregional,pesos,432878974539.33997,miles de millones de pesos,dinero,total
2020-11-01,06,O'Higgins,compra_interregional,pesos,496873755413.0,miles de millones de pesos,dinero,total
2020-11-01,06,O'Higgins,compra_intrarregional,pesos,292264900283.05,miles de millones de pesos,dinero,total
2020-11-01,06,O'Higgins,facturas_compra_interregional,unidades,720968.0,miles de unidades,conteo,total
2020-11-01,06,O'Higgins,facturas_venta_interregional,unidades,254698.0,miles de unidades,conteo,total
2020-11-01,06,O'Higgins,venta_interregional,pesos,332613550838.02,miles de millones de pesos,dinero,total
2020-11-01,06,O'Higgins,venta_intrarregional,pesos,292264900283.05,miles de millones de pesos,dinero,total
2020-11-01,07,Maule,compra_interregional,pesos,407200876498.81,miles de millones de pesos,dinero,total
2020-11-01,07,Maule,compra_intrarregional,pesos,337670704379.95,miles de millones de pesos,dinero,total
2020-11-01,07,Maule,facturas_compra_interregional,unidades,694155.0,miles de unidades,conteo,total
2020-11-01,07,Maule,facturas_venta_interregional,unidades,491264.0,miles de unidades,conteo,total
2020-11-01,07,Maule,venta_interregional,pesos,331714846599.49,miles de millones de pesos,dinero,total
2020-11-01,07,Maule,venta_intrarregional,pesos,337670704379.95,miles de millones de pesos,dinero,total
2020-11-01,08,Biobío,compra_interregional,pesos,571681750976.98,miles de millones de pesos,dinero,total
2020-11-01,08,Biobío,compra_intrarregional,pesos,459560650913.15,miles de millones de pesos,dinero,total
2020-11-01,08,Biobío,facturas_compra_interregional,unidades,1024691.0,miles de unidades,conteo,total
2020-11-01,08,Biobío,facturas_venta_interregional,unidades,402072.0,miles de unidades,conteo,total
2020-11-01,08,Biobío,venta_interregional,pesos,596507961399.0701,miles de millones de pesos,dinero,total
2020-11-01,08,Biobío,venta_intrarregional,pesos,459560650913.15,miles de millones de pesos,dinero,total
2020-11-01,09,La Araucanía,compra_interregional,pesos,275834594031.93,miles de millones de pesos,dinero,total
2020-11-01,09,La Araucanía,compra_intrarregional,pesos,234537194294.6,miles de millones de pesos,dinero,total
2020-11-01,09,La Araucanía,facturas_compra_interregional,unidades,566240.0,miles de unidades,conteo,total
2020-11-01,09,La Araucanía,facturas_venta_interregional,unidades,263876.0,miles de unidades,conteo,total
2020-11-01,09,La Araucanía,venta_interregional,pesos,215523129149.38,miles de millones de pesos,dinero,total
2020-11-01,09,La Araucanía,venta_intrarregional,pesos,234537194294.6,miles de millones de pesos,dinero,total
2020-11-01,10,Los Lagos,compra_interregional,pesos,540997381175.11005,miles de millones de pesos,dinero,total
2020-11-01,10,Los Lagos,compra_intrarregional,pesos,542071075985.63007,miles de millones de pesos,dinero,total
2020-11-01,10,Los Lagos,facturas_compra_interregional,unidades,610543.0,miles de unidades,conteo,total
2020-11-01,10,Los Lagos,facturas_venta_interregional,unidades,314019.0,miles de unidades,conteo,total
2020-11-01,10,Los Lagos,venta_interregional,pesos,279234880582.02,miles de millones de pesos,dinero,total
2020-11-01,10,Los Lagos,venta_intrarregional,pesos,542071075985.63007,miles de millones de pesos,dinero,total
2020-11-01,11,Aysén,compra_interregional,pesos,32477893774.002,miles de millones de pesos,dinero,total
2020-11-01,11,Aysén,compra_intrarregional,pesos,26642112853.065998,miles de millones de pesos,dinero,total
2020-11-01,11,Aysén,facturas_compra_interregional,unidades,79928.0,miles de unidades,conteo,total
2020-11-01,11,Aysén,facturas_venta_interregional,unidades,22450.0,miles de unidades,conteo,total
2020-11-01,11,Aysén,venta_interregional,pesos,18430752096.030003,miles de millones de pesos,dinero,total
2020-11-01,11,Aysén,venta_intrarregional,pesos,26642112853.065998,miles de millones de pesos,dinero,total
2020-11-01,12,Magallanes,compra_interregional,pesos,86021362235.37999,miles de millones de pesos,dinero,total
2020-11-01,12,Magallanes,compra_intrarregional,pesos,66040336706.929,miles de millones de pesos,dinero,total
2020-11-01,12,Magallanes,facturas_compra_interregional,unidades,111092.0,miles de unidades,conteo,total
2020-11-01,12,Magallanes,facturas_venta_interregional,unidades,25826.0,miles de unidades,conteo,total
2020-11-01,12,Magallanes,venta_interregional,pesos,50371664631.084,miles de millones de pesos,dinero,total
2020-11-01,12,Magallanes,venta_intrarregional,pesos,66040336706.929,miles de millones de pesos,dinero,total
2020-11-01,13,Metropolitana de Santiago,compra_interregional,pesos,3036701644486.2,miles de millones de pesos,dinero,total
2020-11-01,13,Metropolitana de Santiago,compra_intrarregional,pesos,12211353989028.0,miles de millones de pesos,dinero,total
2020-11-01,13,Metropolitana de Santiago,facturas_compra_interregional,unidades,2279467.0,miles de unidades,conteo,total
2020-11-01,13,Metropolitana de Santiago,facturas_venta_interregional,unidades,6094581.0,miles de unidades,conteo,total
2020-11-01,13,Metropolitana de Santiago,venta_interregional,pesos,3954243233313.6997,miles de millones de pesos,dinero,total
2020-11-01,13,Metropolitana de Santiago,venta_intrarregional,pesos,12211353989028.0,miles de millones de pesos,dinero,total
2020-11-01,14,Los Ríos,compra_interregional,pesos,158390676983.97,miles de millones de pesos,dinero,total
2020-11-01,14,Los Ríos,compra_intrarregional,pesos,86914213988.665,miles de millones de pesos,dinero,total
2020-11-01,14,Los Ríos,facturas_compra_interregional,unidades,307372.0,miles de unidades,conteo,total
2020-11-01,14,Los Ríos,facturas_venta_interregional,unidades,132900.0,miles de unidades,conteo,total
2020-11-01,14,Los Ríos,venta_interregional,pesos,114711210441.44,miles de millones de pesos,dinero,total
2020-11-01,14,Los Ríos,venta_intrarregional,pesos,86914213988.665,miles de millones de pesos,dinero,total
2020-11-01,15,Arica y Parinacota,compra_interregional,pesos,61749366303.75,miles de millones de pesos,dinero,total
2020-11-01,15,Arica y Parinacota,compra_intrarregional,pesos,32295281546.392,miles de millones de pesos,dinero,total
2020-11-01,15,Arica y Parinacota,facturas_compra_interregional,unidades,115714.0,miles de unidades,conteo,total
2020-11-01,15,Arica y Parinacota,facturas_venta_interregional,unidades,44507.0,miles de unidades,conteo,total
2020-11-01,15,Arica y Parinacota,venta_interregional,pesos,28632988939.009,miles de millones de pesos,dinero,total
2020-11-01,15,Arica y Parinacota,venta_intrarregional,pesos,32295281546.392,miles de millones de pesos,dinero,total
2020-11-01,16,Ñuble,compra_interregional,pesos,156549792151.73,miles de millones de pesos,dinero,total
2020-11-01,16,Ñuble,compra_intrarregional,pesos,97252011261.431,miles de millones de pesos,dinero,total
2020-11-01,16,Ñuble,facturas_compra_interregional,unidades,304962.0,miles de unidades,conteo,total
2020-11-01,16,Ñuble,facturas_venta_interregional,unidades,206966.0,miles de unidades,conteo,total
2020-11-01,16,Ñuble,venta_interregional,pesos,129932863952.88998,miles de millones de pesos,dinero,total
2020-11-01,16,Ñuble,venta_intrarregional,pesos,97252011261.431,miles de millones de pesos,dinero,total
2020-12-01,01,Tarapacá,compra_interregional,pesos,298495880567.16,miles de millones de pesos,dinero,total
2020-12-01,01,Tarapacá,compra_intrarregional,pesos,122839370735.34,miles de millones de pesos,dinero,total
2020-12-01,01,Tarapacá,facturas_compra_interregional,unidades,193311.0,miles de unidades,conteo,total
2020-12-01,01,Tarapacá,facturas_venta_interregional,unidades,79070.0,miles de unidades,conteo,total
2020-12-01,01,Tarapacá,venta_interregional,pesos,92124699859.394,miles de millones de pesos,dinero,total
2020-12-01,01,Tarapacá,venta_intrarregional,pesos,122839370735.34,miles de millones de pesos,dinero,total
2020-12-01,02,Antofagasta,compra_interregional,pesos,515376847532.47003,miles de millones de pesos,dinero,total
2020-12-01,02,Antofagasta,compra_intrarregional,pesos,301677443939.74,miles de millones de pesos,dinero,total
2020-12-01,02,Antofagasta,facturas_compra_interregional,unidades,439748.0,miles de unidades,conteo,total
2020-12-01,02,Antofagasta,facturas_venta_interregional,unidades,171635.0,miles de unidades,conteo,total
2020-12-01,02,Antofagasta,venta_interregional,pesos,459815977387.88,miles de millones de pesos,dinero,total
2020-12-01,02,Antofagasta,venta_intrarregional,pesos,301677443939.74,miles de millones de pesos,dinero,total
2020-12-01,03,Atacama,compra_interregional,pesos,171887983442.59998,miles de millones de pesos,dinero,total
2020-12-01,03,Atacama,compra_intrarregional,pesos,86035645019.698,miles de millones de pesos,dinero,total
2020-12-01,03,Atacama,facturas_compra_interregional,unidades,227874.0,miles de unidades,conteo,total
2020-12-01,03,Atacama,facturas_venta_interregional,unidades,73099.0,miles de unidades,conteo,total
2020-12-01,03,Atacama,venta_interregional,pesos,103230166863.06001,miles de millones de pesos,dinero,total
2020-12-01,03,Atacama,venta_intrarregional,pesos,86035645019.698,miles de millones de pesos,dinero,total
2020-12-01,04,Coquimbo,compra_interregional,pesos,306424407962.43,miles de millones de pesos,dinero,total
2020-12-01,04,Coquimbo,compra_intrarregional,pesos,198945363943.48,miles de millones de pesos,dinero,total
2020-12-01,04,Coquimbo,facturas_compra_interregional,unidades,510282.0,miles de unidades,conteo,total
2020-12-01,04,Coquimbo,facturas_venta_interregional,unidades,179217.0,miles de unidades,conteo,total
2020-12-01,04,Coquimbo,venta_interregional,pesos,188847965231.06,miles de millones de pesos,dinero,total
2020-12-01,04,Coquimbo,venta_intrarregional,pesos,198945363943.48,miles de millones de pesos,dinero,total
2020-12-01,05,Valparaíso,compra_interregional,pesos,842636127395.8501,miles de millones de pesos,dinero,total
2020-12-01,05,Valparaíso,compra_intrarregional,pesos,532180457721.44,miles de millones de pesos,dinero,total
2020-12-01,05,Valparaíso,facturas_compra_interregional,unidades,1240045.0,miles de unidades,conteo,total
2020-12-01,05,Valparaíso,facturas_venta_interregional,unidades,655427.0,miles de unidades,conteo,total
2020-12-01,05,Valparaíso,venta_interregional,pesos,994428749571.95,miles de millones de pesos,dinero,total
2020-12-01,05,Valparaíso,venta_intrarregional,pesos,532180457721.44,miles de millones de pesos,dinero,total
2020-12-01,06,O'Higgins,compra_interregional,pesos,599133288098.51,miles de millones de pesos,dinero,total
2020-12-01,06,O'Higgins,compra_intrarregional,pesos,463728982137.4,miles de millones de pesos,dinero,total
2020-12-01,06,O'Higgins,facturas_compra_interregional,unidades,736614.0,miles de unidades,conteo,total
2020-12-01,06,O'Higgins,facturas_venta_interregional,unidades,260856.0,miles de unidades,conteo,total
2020-12-01,06,O'Higgins,venta_interregional,pesos,442995353552.05,miles de millones de pesos,dinero,total
2020-12-01,06,O'Higgins,venta_intrarregional,pesos,463728982137.4,miles de millones de pesos,dinero,total
2020-12-01,07,Maule,compra_interregional,pesos,463814507120.87,miles de millones de pesos,dinero,total
2020-12-01,07,Maule,compra_intrarregional,pesos,547150563765.97,miles de millones de pesos,dinero,total
2020-12-01,07,Maule,facturas_compra_interregional,unidades,695342.0,miles de unidades,conteo,total
2020-12-01,07,Maule,facturas_venta_interregional,unidades,524240.0,miles de unidades,conteo,total
2020-12-01,07,Maule,venta_interregional,pesos,401995255372.76996,miles de millones de pesos,dinero,total
2020-12-01,07,Maule,venta_intrarregional,pesos,547150563765.97,miles de millones de pesos,dinero,total
2020-12-01,08,Biobío,compra_interregional,pesos,646895199359.99,miles de millones de pesos,dinero,total
2020-12-01,08,Biobío,compra_intrarregional,pesos,539565717235.67004,miles de millones de pesos,dinero,total
2020-12-01,08,Biobío,facturas_compra_interregional,unidades,1027175.0,miles de unidades,conteo,total
2020-12-01,08,Biobío,facturas_venta_interregional,unidades,406302.0,miles de unidades,conteo,total
2020-12-01,08,Biobío,venta_interregional,pesos,683001648323.85,miles de millones de pesos,dinero,total
2020-12-01,08,Biobío,venta_intrarregional,pesos,539565717235.67004,miles de millones de pesos,dinero,total
2020-12-01,09,La Araucanía,compra_interregional,pesos,316991560682.31,miles de millones de pesos,dinero,total
2020-12-01,09,La Araucanía,compra_intrarregional,pesos,297352620718.17,miles de millones de pesos,dinero,total
2020-12-01,09,La Araucanía,facturas_compra_interregional,unidades,593764.0,miles de unidades,conteo,total
2020-12-01,09,La Araucanía,facturas_venta_interregional,unidades,277541.0,miles de unidades,conteo,total
2020-12-01,09,La Araucanía,venta_interregional,pesos,253937019317.56,miles de millones de pesos,dinero,total
2020-12-01,09,La Araucanía,venta_intrarregional,pesos,297352620718.17,miles de millones de pesos,dinero,total
2020-12-01,10,Los Lagos,compra_interregional,pesos,576022298147.3301,miles de millones de pesos,dinero,total
2020-12-01,10,Los Lagos,compra_intrarregional,pesos,602027440942.73,miles de millones de pesos,dinero,total
2020-12-01,10,Los Lagos,facturas_compra_interregional,unidades,620103.0,miles de unidades,conteo,total
2020-12-01,10,Los Lagos,facturas_venta_interregional,unidades,313591.0,miles de unidades,conteo,total
2020-12-01,10,Los Lagos,venta_interregional,pesos,312136510802.55,miles de millones de pesos,dinero,total
2020-12-01,10,Los Lagos,venta_intrarregional,pesos,602027440942.73,miles de millones de pesos,dinero,total
2020-12-01,11,Aysén,compra_interregional,pesos,37392677827.833,miles de millones de pesos,dinero,total
2020-12-01,11,Aysén,compra_intrarregional,pesos,31830988778.14,miles de millones de pesos,dinero,total
2020-12-01,11,Aysén,facturas_compra_interregional,unidades,81441.0,miles de unidades,conteo,total
2020-12-01,11,Aysén,facturas_venta_interregional,unidades,22799.0,miles de unidades,conteo,total
2020-12-01,11,Aysén,venta_interregional,pesos,25544187321.819,miles de millones de pesos,dinero,total
2020-12-01,11,Aysén,venta_intrarregional,pesos,31830988778.14,miles de millones de pesos,dinero,total
2020-12-01,12,Magallanes,compra_interregional,pesos,96499075314.398,miles de millones de pesos,dinero,total
2020-12-01,12,Magallanes,compra_intrarregional,pesos,75549972162.765,miles de millones de pesos,dinero,total
2020-12-01,12,Magallanes,facturas_compra_interregional,unidades,114994.0,miles de unidades,conteo,total
2020-12-01,12,Magallanes,facturas_venta_interregional,unidades,27703.0,miles de unidades,conteo,total
2020-12-01,12,Magallanes,venta_interregional,pesos,57451683888.142,miles de millones de pesos,dinero,total
2020-12-01,12,Magallanes,venta_intrarregional,pesos,75549972162.765,miles de millones de pesos,dinero,total
2020-12-01,13,Metropolitana de Santiago,compra_interregional,pesos,3757389447415.4,miles de millones de pesos,dinero,total
2020-12-01,13,Metropolitana de Santiago,compra_intrarregional,pesos,14601698945882.0,miles de millones de pesos,dinero,total
2020-12-01,13,Metropolitana de Santiago,facturas_compra_interregional,unidades,2352086.0,miles de unidades,conteo,total
2020-12-01,13,Metropolitana de Santiago,facturas_venta_interregional,unidades,6196599.0,miles de unidades,conteo,total
2020-12-01,13,Metropolitana de Santiago,venta_interregional,pesos,4776276529125.3,miles de millones de pesos,dinero,total
2020-12-01,13,Metropolitana de Santiago,venta_intrarregional,pesos,14601698945882.0,miles de millones de pesos,dinero,total
2020-12-01,14,Los Ríos,compra_interregional,pesos,192566909320.64,miles de millones de pesos,dinero,total
2020-12-01,14,Los Ríos,compra_intrarregional,pesos,98548828666.191,miles de millones de pesos,dinero,total
2020-12-01,14,Los Ríos,facturas_compra_interregional,unidades,323490.0,miles de unidades,conteo,total
2020-12-01,14,Los Ríos,facturas_venta_interregional,unidades,139271.0,miles de unidades,conteo,total
2020-12-01,14,Los Ríos,venta_interregional,pesos,126184954980.68999,miles de millones de pesos,dinero,total
2020-12-01,14,Los Ríos,venta_intrarregional,pesos,98548828666.191,miles de millones de pesos,dinero,total
2020-12-01,15,Arica y Parinacota,compra_interregional,pesos,94461185609.25,miles de millones de pesos,dinero,total
2020-12-01,15,Arica y Parinacota,compra_intrarregional,pesos,39033243317.704,miles de millones de pesos,dinero,total
2020-12-01,15,Arica y Parinacota,facturas_compra_interregional,unidades,116975.0,miles de unidades,conteo,total
2020-12-01,15,Arica y Parinacota,facturas_venta_interregional,unidades,44300.0,miles de unidades,conteo,total
2020-12-01,15,Arica y Parinacota,venta_interregional,pesos,29884990460.399,miles de millones de pesos,dinero,total
2020-12-01,15,Arica y Parinacota,venta_intrarregional,pesos,39033243317.704,miles de millones de pesos,dinero,total
2020-12-01,16,Ñuble,compra_interregional,pesos,188729005178.53,miles de millones de pesos,dinero,total
2020-12-01,16,Ñuble,compra_intrarregional,pesos,121281059111.59,miles de millones de pesos,dinero,total
2020-12-01,16,Ñuble,facturas_compra_interregional,unidades,310964.0,miles de unidades,conteo,total
2020-12-01,16,Ñuble,facturas_venta_interregional,unidades,212558.0,miles de unidades,conteo,total
2020-12-01,16,Ñuble,venta_interregional,pesos,156860708917.03,miles de millones de pesos,dinero,total
2020-12-01,16,Ñuble,venta_intrarregional,pesos,121281059111.59,miles de millones de pesos,dinero,total
2021-01-01,01,Tarapacá,compra_interregional,pesos,198009579465.0,miles de millones de pesos,dinero,total
2021-01-01,01,Tarapacá,compra_intrarregional,pesos,82511726270.40001,miles de millones de pesos,dinero,total
2021-01-01,01,Tarapacá,facturas_compra_interregional,unidades,182823.0,miles de unidades,conteo,total
2021-01-01,01,Tarapacá,facturas_venta_interregional,unidades,70261.0,miles de unidades,conteo,total
2021-01-01,01,Tarapacá,venta_interregional,pesos,72469289793.121,miles de millones de pesos,dinero,total
2021-01-01,01,Tarapacá,venta_intrarregional,pesos,82511726270.40001,miles de millones de pesos,dinero,total
2021-01-01,02,Antofagasta,compra_interregional,pesos,382605585087.76,miles de millones de pesos,dinero,total
2021-01-01,02,Antofagasta,compra_intrarregional,pesos,185150227133.23,miles de millones de pesos,dinero,total
2021-01-01,02,Antofagasta,facturas_compra_interregional,unidades,408964.0,miles de unidades,conteo,total
2021-01-01,02,Antofagasta,facturas_venta_interregional,unidades,156253.0,miles de unidades,conteo,total
2021-01-01,02,Antofagasta,venta_interregional,pesos,337048631086.33997,miles de millones de pesos,dinero,total
2021-01-01,02,Antofagasta,venta_intrarregional,pesos,185150227133.23,miles de millones de pesos,dinero,total
2021-01-01,03,Atacama,compra_interregional,pesos,137854992862.27,miles de millones de pesos,dinero,total
2021-01-01,03,Atacama,compra_intrarregional,pesos,64409006044.913994,miles de millones de pesos,dinero,total
2021-01-01,03,Atacama,facturas_compra_interregional,unidades,215265.0,miles de unidades,conteo,total
2021-01-01,03,Atacama,facturas_venta_interregional,unidades,70010.0,miles de unidades,conteo,total
2021-01-01,03,Atacama,venta_interregional,pesos,93793893275.039,miles de millones de pesos,dinero,total
2021-01-01,03,Atacama,venta_intrarregional,pesos,64409006044.913994,miles de millones de pesos,dinero,total
2021-01-01,04,Coquimbo,compra_interregional,pesos,264720944023.36002,miles de millones de pesos,dinero,total
2021-01-01,04,Coquimbo,compra_intrarregional,pesos,155691446981.09,miles de millones de pesos,dinero,total
2021-01-01,04,Coquimbo,facturas_compra_interregional,unidades,502564.0,miles de unidades,conteo,total
2021-01-01,04,Coquimbo,facturas_venta_interregional,unidades,172690.0,miles de unidades,conteo,total
2021-01-01,04,Coquimbo,venta_interregional,pesos,155796879852.05002,miles de millones de pesos,dinero,total
2021-01-01,04,Coquimbo,venta_intrarregional,pesos,155691446981.09,miles de millones de pesos,dinero,total
2021-01-01,05,Valparaíso,compra_interregional,pesos,648931534518.95,miles de millones de pesos,dinero,total
2021-01-01,05,Valparaíso,compra_intrarregional,pesos,419943581976.6,miles de millones de pesos,dinero,total
2021-01-01,05,Valparaíso,facturas_compra_interregional,unidades,1212677.0,miles de unidades,conteo,total
2021-01-01,05,Valparaíso,facturas_venta_interregional,unidades,606824.0,miles de unidades,conteo,total
2021-01-01,05,Valparaíso,venta_interregional,pesos,912225893869.3099,miles de millones de pesos,dinero,total
2021-01-01,05,Valparaíso,venta_intrarregional,pesos,419943581976.6,miles de millones de pesos,dinero,total
2021-01-01,06,O'Higgins,compra_interregional,pesos,487691008961.58,miles de millones de pesos,dinero,total
2021-01-01,06,O'Higgins,compra_intrarregional,pesos,311532318731.42,miles de millones de pesos,dinero,total
2021-01-01,06,O'Higgins,facturas_compra_interregional,unidades,705170.0,miles de unidades,conteo,total
2021-01-01,06,O'Higgins,facturas_venta_interregional,unidades,242206.0,miles de unidades,conteo,total
2021-01-01,06,O'Higgins,venta_interregional,pesos,393370724296.87,miles de millones de pesos,dinero,total
2021-01-01,06,O'Higgins,venta_intrarregional,pesos,311532318731.42,miles de millones de pesos,dinero,total
2021-01-01,07,Maule,compra_interregional,pesos,386145003575.85004,miles de millones de pesos,dinero,total
2021-01-01,07,Maule,compra_intrarregional,pesos,349794565128.66,miles de millones de pesos,dinero,total
2021-01-01,07,Maule,facturas_compra_interregional,unidades,648236.0,miles de unidades,conteo,total
2021-01-01,07,Maule,facturas_venta_interregional,unidades,490314.0,miles de unidades,conteo,total
2021-01-01,07,Maule,venta_interregional,pesos,348408484264.64996,miles de millones de pesos,dinero,total
2021-01-01,07,Maule,venta_intrarregional,pesos,349794565128.66,miles de millones de pesos,dinero,total
2021-01-01,08,Biobío,compra_interregional,pesos,545868537843.99,miles de millones de pesos,dinero,total
2021-01-01,08,Biobío,compra_intrarregional,pesos,430491054798.22,miles de millones de pesos,dinero,total
2021-01-01,08,Biobío,facturas_compra_interregional,unidades,984611.0,miles de unidades,conteo,total
2021-01-01,08,Biobío,facturas_venta_interregional,unidades,376559.0,miles de unidades,conteo,total
2021-01-01,08,Biobío,venta_interregional,pesos,571534022018.58,miles de millones de pesos,dinero,total
2021-01-01,08,Biobío,venta_intrarregional,pesos,430491054798.22,miles de millones de pesos,dinero,total
2021-01-01,09,La Araucanía,compra_interregional,pesos,300297475730.31,miles de millones de pesos,dinero,total
2021-01-01,09,La Araucanía,compra_intrarregional,pesos,237184622969.19,miles de millones de pesos,dinero,total
2021-01-01,09,La Araucanía,facturas_compra_interregional,unidades,583808.0,miles de unidades,conteo,total
2021-01-01,09,La Araucanía,facturas_venta_interregional,unidades,271338.0,miles de unidades,conteo,total
2021-01-01,09,La Araucanía,venta_interregional,pesos,234100978260.63,miles de millones de pesos,dinero,total
2021-01-01,09,La Araucanía,venta_intrarregional,pesos,237184622969.19,miles de millones de pesos,dinero,total
2021-01-01,10,Los Lagos,compra_interregional,pesos,509659559748.18,miles de millones de pesos,dinero,total
2021-01-01,10,Los Lagos,compra_intrarregional,pesos,492850825027.05,miles de millones de pesos,dinero,total
2021-01-01,10,Los Lagos,facturas_compra_interregional,unidades,603474.0,miles de unidades,conteo,total
2021-01-01,10,Los Lagos,facturas_venta_interregional,unidades,297452.0,miles de unidades,conteo,total
2021-01-01,10,Los Lagos,venta_interregional,pesos,261038537238.13,miles de millones de pesos,dinero,total
2021-01-01,10,Los Lagos,venta_intrarregional,pesos,492850825027.05,miles de millones de pesos,dinero,total
2021-01-01,11,Aysén,compra_interregional,pesos,27463402560.190998,miles de millones de pesos,dinero,total
2021-01-01,11,Aysén,compra_intrarregional,pesos,21119310647.91,miles de millones de pesos,dinero,total
2021-01-01,11,Aysén,facturas_compra_interregional,unidades,81289.0,miles de unidades,conteo,total
2021-01-01,11,Aysén,facturas_venta_interregional,unidades,21249.0,miles de unidades,conteo,total
2021-01-01,11,Aysén,venta_interregional,pesos,17988705028.457,miles de millones de pesos,dinero,total
2021-01-01,11,Aysén,venta_intrarregional,pesos,21119310647.91,miles de millones de pesos,dinero,total
2021-01-01,12,Magallanes,compra_interregional,pesos,76397820413.54001,miles de millones de pesos,dinero,total
2021-01-01,12,Magallanes,compra_intrarregional,pesos,56094603680.93201,miles de millones de pesos,dinero,total
2021-01-01,12,Magallanes,facturas_compra_interregional,unidades,113705.0,miles de unidades,conteo,total
2021-01-01,12,Magallanes,facturas_venta_interregional,unidades,26022.0,miles de unidades,conteo,total
2021-01-01,12,Magallanes,venta_interregional,pesos,38979886815.435005,miles de millones de pesos,dinero,total
2021-01-01,12,Magallanes,venta_intrarregional,pesos,56094603680.93201,miles de millones de pesos,dinero,total
2021-01-01,13,Metropolitana de Santiago,compra_interregional,pesos,3101586472824.4,miles de millones de pesos,dinero,total
2021-01-01,13,Metropolitana de Santiago,compra_intrarregional,pesos,11355964026450.0,miles de millones de pesos,dinero,total
2021-01-01,13,Metropolitana de Santiago,facturas_compra_interregional,unidades,2181195.0,miles de unidades,conteo,total
2021-01-01,13,Metropolitana de Santiago,facturas_venta_interregional,unidades,5986886.0,miles de unidades,conteo,total
2021-01-01,13,Metropolitana de Santiago,venta_interregional,pesos,3701082700889.9,miles de millones de pesos,dinero,total
2021-01-01,13,Metropolitana de Santiago,venta_intrarregional,pesos,11355964026450.0,miles de millones de pesos,dinero,total
2021-01-01,14,Los Ríos,compra_interregional,pesos,156621605811.15,miles de millones de pesos,dinero,total
2021-01-01,14,Los Ríos,compra_intrarregional,pesos,78743275124.325,miles de millones de pesos,dinero,total
2021-01-01,14,Los Ríos,facturas_compra_interregional,unidades,320126.0,miles de unidades,conteo,total
2021-01-01,14,Los Ríos,facturas_venta_interregional,unidades,132725.0,miles de unidades,conteo,total
2021-01-01,14,Los Ríos,venta_interregional,pesos,113390648934.79,miles de millones de pesos,dinero,total
2021-01-01,14,Los Ríos,venta_intrarregional,pesos,78743275124.325,miles de millones de pesos,dinero,total
2021-01-01,15,Arica y Parinacota,compra_interregional,pesos,56566415157.566,miles de millones de pesos,dinero,total
2021-01-01,15,Arica y Parinacota,compra_intrarregional,pesos,29061597152.555,miles de millones de pesos,dinero,total
2021-01-01,15,Arica y Parinacota,facturas_compra_interregional,unidades,111837.0,miles de unidades,conteo,total
2021-01-01,15,Arica y Parinacota,facturas_venta_interregional,unidades,38348.0,miles de unidades,conteo,total
2021-01-01,15,Arica y Parinacota,venta_interregional,pesos,23812660648.051,miles de millones de pesos,dinero,total
2021-01-01,15,Arica y Parinacota,venta_intrarregional,pesos,29061597152.555,miles de millones de pesos,dinero,total
2021-01-01,16,Ñuble,compra_interregional,pesos,157004135211.81,miles de millones de pesos,dinero,total
2021-01-01,16,Ñuble,compra_intrarregional,pesos,102745188330.58,miles de millones de pesos,dinero,total
2021-01-01,16,Ñuble,facturas_compra_interregional,unidades,298954.0,miles de unidades,conteo,total
2021-01-01,16,Ñuble,facturas_venta_interregional,unidades,195561.0,miles de unidades,conteo,total
2021-01-01,16,Ñuble,venta_interregional,pesos,162382137524.56,miles de millones de pesos,dinero,total
2021-01-01,16,Ñuble,venta_intrarregional,pesos,102745188330.58,miles de millones de pesos,dinero,total
2021-02-01,01,Tarapacá,compra_interregional,pesos,204310376405.82,miles de millones de pesos,dinero,total
2021-02-01,01,Tarapacá,compra_intrarregional,pesos,78757868880.942,miles de millones de pesos,dinero,total
2021-02-01,01,Tarapacá,facturas_compra_interregional,unidades,182112.0,miles de unidades,conteo,total
2021-02-01,01,Tarapacá,facturas_venta_interregional,unidades,69071.0,miles de unidades,conteo,total
2021-02-01,01,Tarapacá,venta_interregional,pesos,77714238761.303,miles de millones de pesos,dinero,total
2021-02-01,01,Tarapacá,venta_intrarregional,pesos,78757868880.942,miles de millones de pesos,dinero,total
2021-02-01,02,Antofagasta,compra_interregional,pesos,386519249591.42004,miles de millones de pesos,dinero,total
2021-02-01,02,Antofagasta,compra_intrarregional,pesos,207731627238.18997,miles de millones de pesos,dinero,total
2021-02-01,02,Antofagasta,facturas_compra_interregional,unidades,401575.0,miles de unidades,conteo,total
2021-02-01,02,Antofagasta,facturas_venta_interregional,unidades,154161.0,miles de unidades,conteo,total
2021-02-01,02,Antofagasta,venta_interregional,pesos,339321338082.04,miles de millones de pesos,dinero,total
2021-02-01,02,Antofagasta,venta_intrarregional,pesos,207731627238.18997,miles de millones de pesos,dinero,total
2021-02-01,03,Atacama,compra_interregional,pesos,133230455411.70001,miles de millones de pesos,dinero,total
2021-02-01,03,Atacama,compra_intrarregional,pesos,60774842779.43,miles de millones de pesos,dinero,total
2021-02-01,03,Atacama,facturas_compra_interregional,unidades,203152.0,miles de unidades,conteo,total
2021-02-01,03,Atacama,facturas_venta_interregional,unidades,67257.0,miles de unidades,conteo,total
2021-02-01,03,Atacama,venta_interregional,pesos,111476806706.36,miles de millones de pesos,dinero,total
2021-02-01,03,Atacama,venta_intrarregional,pesos,60774842779.43,miles de millones de pesos,dinero,total
2021-02-01,04,Coquimbo,compra_interregional,pesos,250251114640.32,miles de millones de pesos,dinero,total
2021-02-01,04,Coquimbo,compra_intrarregional,pesos,160368938752.43002,miles de millones de pesos,dinero,total
2021-02-01,04,Coquimbo,facturas_compra_interregional,unidades,484943.0,miles de unidades,conteo,total
2021-02-01,04,Coquimbo,facturas_venta_interregional,unidades,165342.0,miles de unidades,conteo,total
2021-02-01,04,Coquimbo,venta_interregional,pesos,155181886634.61002,miles de millones de pesos,dinero,total
2021-02-01,04,Coquimbo,venta_intrarregional,pesos,160368938752.43002,miles de millones de pesos,dinero,total
2021-02-01,05,Valparaíso,compra_interregional,pesos,651637854473.9601,miles de millones de pesos,dinero,total
2021-02-01,05,Valparaíso,compra_intrarregional,pesos,438650217790.97,miles de millones de pesos,dinero,total
2021-02-01,05,Valparaíso,facturas_compra_interregional,unidades,1190421.0,miles de unidades,conteo,total
2021-02-01,05,Valparaíso,facturas_venta_interregional,unidades,599460.0,miles de unidades,conteo,total
2021-02-01,05,Valparaíso,venta_interregional,pesos,893887438127.3,miles de millones de pesos,dinero,total
2021-02-01,05,Valparaíso,venta_intrarregional,pesos,438650217790.97,miles de millones de pesos,dinero,total
2021-02-01,06,O'Higgins,compra_interregional,pesos,462654976061.61,miles de millones de pesos,dinero,total
2021-02-01,06,O'Higgins,compra_intrarregional,pesos,284118629813.48004,miles de millones de pesos,dinero,total
2021-02-01,06,O'Higgins,facturas_compra_interregional,unidades,679882.0,miles de unidades,conteo,total
2021-02-01,06,O'Higgins,facturas_venta_interregional,unidades,234179.0,miles de unidades,conteo,total
2021-02-01,06,O'Higgins,venta_interregional,pesos,355655654149.98004,miles de millones de pesos,dinero,total
2021-02-01,06,O'Higgins,venta_intrarregional,pesos,284118629813.48004,miles de millones de pesos,dinero,total
2021-02-01,07,Maule,compra_interregional,pesos,392544416233.04004,miles de millones de pesos,dinero,total
2021-02-01,07,Maule,compra_intrarregional,pesos,312203769038.0,miles de millones de pesos,dinero,total
2021-02-01,07,Maule,facturas_compra_interregional,unidades,627052.0,miles de unidades,conteo,total
2021-02-01,07,Maule,facturas_venta_interregional,unidades,467609.0,miles de unidades,conteo,total
2021-02-01,07,Maule,venta_interregional,pesos,326031622969.93005,miles de millones de pesos,dinero,total
2021-02-01,07,Maule,venta_intrarregional,pesos,312203769038.0,miles de millones de pesos,dinero,total
2021-02-01,08,Biobío,compra_interregional,pesos,551062243409.11,miles de millones de pesos,dinero,total
2021-02-01,08,Biobío,compra_intrarregional,pesos,439597842192.42,miles de millones de pesos,dinero,total
2021-02-01,08,Biobío,facturas_compra_interregional,unidades,963996.0,miles de unidades,conteo,total
2021-02-01,08,Biobío,facturas_venta_interregional,unidades,366800.0,miles de unidades,conteo,total
2021-02-01,08,Biobío,venta_interregional,pesos,545213606197.41,miles de millones de pesos,dinero,total
2021-02-01,08,Biobío,venta_intrarregional,pesos,439597842192.42,miles de millones de pesos,dinero,total
2021-02-01,09,La Araucanía,compra_interregional,pesos,315915306002.93,miles de millones de pesos,dinero,total
2021-02-01,09,La Araucanía,compra_intrarregional,pesos,268135632539.27997,miles de millones de pesos,dinero,total
2021-02-01,09,La Araucanía,facturas_compra_interregional,unidades,563499.0,miles de unidades,conteo,total
2021-02-01,09,La Araucanía,facturas_venta_interregional,unidades,270468.0,miles de unidades,conteo,total
2021-02-01,09,La Araucanía,venta_interregional,pesos,273827137835.07,miles de millones de pesos,dinero,total
2021-02-01,09,La Araucanía,venta_intrarregional,pesos,268135632539.27997,miles de millones de pesos,dinero,total
2021-02-01,10,Los Lagos,compra_interregional,pesos,498313785712.18,miles de millones de pesos,dinero,total
2021-02-01,10,Los Lagos,compra_intrarregional,pesos,505800860329.23,miles de millones de pesos,dinero,total
2021-02-01,10,Los Lagos,facturas_compra_interregional,unidades,591647.0,miles de unidades,conteo,total
2021-02-01,10,Los Lagos,facturas_venta_interregional,unidades,298226.0,miles de unidades,conteo,total
2021-02-01,10,Los Lagos,venta_interregional,pesos,284549778897.48,miles de millones de pesos,dinero,total
2021-02-01,10,Los Lagos,venta_intrarregional,pesos,505800860329.23,miles de millones de pesos,dinero,total
2021-02-01,11,Aysén,compra_interregional,pesos,31613907488.444,miles de millones de pesos,dinero,total
2021-02-01,11,Aysén,compra_intrarregional,pesos,24684448136.282997,miles de millones de pesos,dinero,total
2021-02-01,11,Aysén,facturas_compra_interregional,unidades,78086.0,miles de unidades,conteo,total
2021-02-01,11,Aysén,facturas_venta_interregional,unidades,21449.0,miles de unidades,conteo,total
2021-02-01,11,Aysén,venta_interregional,pesos,18711289907.656,miles de millones de pesos,dinero,total
2021-02-01,11,Aysén,venta_intrarregional,pesos,24684448136.282997,miles de millones de pesos,dinero,total
2021-02-01,12,Magallanes,compra_interregional,pesos,78779699514.077,miles de millones de pesos,dinero,total
2021-02-01,12,Magallanes,compra_intrarregional,pesos,60783653909.023994,miles de millones de pesos,dinero,total
2021-02-01,12,Magallanes,facturas_compra_interregional,unidades,110063.0,miles de unidades,conteo,total
2021-02-01,12,Magallanes,facturas_venta_interregional,unidades,26329.0,miles de unidades,conteo,total
2021-02-01,12,Magallanes,venta_interregional,pesos,38857148497.497,miles de millones de pesos,dinero,total
2021-02-01,12,Magallanes,venta_intrarregional,pesos,60783653909.023994,miles de millones de pesos,dinero,total
2021-02-01,13,Metropolitana de Santiago,compra_interregional,pesos,3051603051540.0996,miles de millones de pesos,dinero,total
2021-02-01,13,Metropolitana de Santiago,compra_intrarregional,pesos,11185729359328.0,miles de millones de pesos,dinero,total
2021-02-01,13,Metropolitana de Santiago,facturas_compra_interregional,unidades,2112977.0,miles de unidades,conteo,total
2021-02-01,13,Metropolitana de Santiago,facturas_venta_interregional,unidades,5803274.0,miles de unidades,conteo,total
2021-02-01,13,Metropolitana de Santiago,venta_interregional,pesos,3684774485568.5,miles de millones de pesos,dinero,total
2021-02-01,13,Metropolitana de Santiago,venta_intrarregional,pesos,11185729359328.0,miles de millones de pesos,dinero,total
2021-02-01,14,Los Ríos,compra_interregional,pesos,167100431345.84,miles de millones de pesos,dinero,total
2021-02-01,14,Los Ríos,compra_intrarregional,pesos,84242892384.502,miles de millones de pesos,dinero,total
2021-02-01,14,Los Ríos,facturas_compra_interregional,unidades,317770.0,miles de unidades,conteo,total
2021-02-01,14,Los Ríos,facturas_venta_interregional,unidades,130797.0,miles de unidades,conteo,total
2021-02-01,14,Los Ríos,venta_interregional,pesos,120926387835.33,miles de millones de pesos,dinero,total
2021-02-01,14,Los Ríos,venta_intrarregional,pesos,84242892384.502,miles de millones de pesos,dinero,total
2021-02-01,15,Arica y Parinacota,compra_interregional,pesos,59144919961.122,miles de millones de pesos,dinero,total
2021-02-01,15,Arica y Parinacota,compra_intrarregional,pesos,27853324857.652,miles de millones de pesos,dinero,total
2021-02-01,15,Arica y Parinacota,facturas_compra_interregional,unidades,110303.0,miles de unidades,conteo,total
2021-02-01,15,Arica y Parinacota,facturas_venta_interregional,unidades,38611.0,miles de unidades,conteo,total
2021-02-01,15,Arica y Parinacota,venta_interregional,pesos,22925986374.244,miles de millones de pesos,dinero,total
2021-02-01,15,Arica y Parinacota,venta_intrarregional,pesos,27853324857.652,miles de millones de pesos,dinero,total
2021-02-01,16,Ñuble,compra_interregional,pesos,157319956377.02,miles de millones de pesos,dinero,total
2021-02-01,16,Ñuble,compra_intrarregional,pesos,97714602377.97101,miles de millones de pesos,dinero,total
2021-02-01,16,Ñuble,facturas_compra_interregional,unidades,284194.0,miles de unidades,conteo,total
2021-02-01,16,Ñuble,facturas_venta_interregional,unidades,188639.0,miles de unidades,conteo,total
2021-02-01,16,Ñuble,venta_interregional,pesos,142946937624.03,miles de millones de pesos,dinero,total
2021-02-01,16,Ñuble,venta_intrarregional,pesos,97714602377.97101,miles de millones de pesos,dinero,total
2021-03-01,01,Tarapacá,compra_interregional,pesos,226434780402.88998,miles de millones de pesos,dinero,total
2021-03-01,01,Tarapacá,compra_intrarregional,pesos,91577139848.659,miles de millones de pesos,dinero,total
2021-03-01,01,Tarapacá,facturas_compra_interregional,unidades,199773.0,miles de unidades,conteo,total
2021-03-01,01,Tarapacá,facturas_venta_interregional,unidades,80108.0,miles de unidades,conteo,total
2021-03-01,01,Tarapacá,venta_interregional,pesos,81968674620.09,miles de millones de pesos,dinero,total
2021-03-01,01,Tarapacá,venta_intrarregional,pesos,91577139848.659,miles de millones de pesos,dinero,total
2021-03-01,02,Antofagasta,compra_interregional,pesos,433315788383.32,miles de millones de pesos,dinero,total
2021-03-01,02,Antofagasta,compra_intrarregional,pesos,232977080562.48,miles de millones de pesos,dinero,total
2021-03-01,02,Antofagasta,facturas_compra_interregional,unidades,449759.0,miles de unidades,conteo,total
2021-03-01,02,Antofagasta,facturas_venta_interregional,unidades,177693.0,miles de unidades,conteo,total
2021-03-01,02,Antofagasta,venta_interregional,pesos,406499970236.13,miles de millones de pesos,dinero,total
2021-03-01,02,Antofagasta,venta_intrarregional,pesos,232977080562.48,miles de millones de pesos,dinero,total
2021-03-01,03,Atacama,compra_interregional,pesos,163119623026.9,miles de millones de pesos,dinero,total
2021-03-01,03,Atacama,compra_intrarregional,pesos,71093936697.20601,miles de millones de pesos,dinero,total
2021-03-01,03,Atacama,facturas_compra_interregional,unidades,231674.0,miles de unidades,conteo,total
2021-03-01,03,Atacama,facturas_venta_interregional,unidades,77861.0,miles de unidades,conteo,total
2021-03-01,03,Atacama,venta_interregional,pesos,111062067329.35,miles de millones de pesos,dinero,total
2021-03-01,03,Atacama,venta_intrarregional,pesos,71093936697.20601,miles de millones de pesos,dinero,total
2021-03-01,04,Coquimbo,compra_interregional,pesos,283892057062.55,miles de millones de pesos,dinero,total
2021-03-01,04,Coquimbo,compra_intrarregional,pesos,173241966847.25998,miles de millones de pesos,dinero,total
2021-03-01,04,Coquimbo,facturas_compra_interregional,unidades,505558.0,miles de unidades,conteo,total
2021-03-01,04,Coquimbo,facturas_venta_interregional,unidades,178723.0,miles de unidades,conteo,total
2021-03-01,04,Coquimbo,venta_interregional,pesos,179201988336.3,miles de millones de pesos,dinero,total
2021-03-01,04,Coquimbo,venta_intrarregional,pesos,173241966847.25998,miles de millones de pesos,dinero,total
2021-03-01,05,Valparaíso,compra_interregional,pesos,736070138334.27,miles de millones de pesos,dinero,total
2021-03-01,05,Valparaíso,compra_intrarregional,pesos,470381917924.69,miles de millones de pesos,dinero,total
2021-03-01,05,Valparaíso,facturas_compra_interregional,unidades,1258120.0,miles de unidades,conteo,total
2021-03-01,05,Valparaíso,facturas_venta_interregional,unidades,682052.0,miles de unidades,conteo,total
2021-03-01,05,Valparaíso,venta_interregional,pesos,1049611091727.9,miles de millones de pesos,dinero,total
2021-03-01,05,Valparaíso,venta_intrarregional,pesos,470381917924.69,miles de millones de pesos,dinero,total
2021-03-01,06,O'Higgins,compra_interregional,pesos,530962615598.1,miles de millones de pesos,dinero,total
2021-03-01,06,O'Higgins,compra_intrarregional,pesos,304684002851.39,miles de millones de pesos,dinero,total
2021-03-01,06,O'Higgins,facturas_compra_interregional,unidades,739334.0,miles de unidades,conteo,total
2021-03-01,06,O'Higgins,facturas_venta_interregional,unidades,263482.0,miles de unidades,conteo,total
2021-03-01,06,O'Higgins,venta_interregional,pesos,424835605759.29,miles de millones de pesos,dinero,total
2021-03-01,06,O'Higgins,venta_intrarregional,pesos,304684002851.39,miles de millones de pesos,dinero,total
2021-03-01,07,Maule,compra_interregional,pesos,456434052817.06,miles de millones de pesos,dinero,total
2021-03-01,07,Maule,compra_intrarregional,pesos,365855895420.68,miles de millones de pesos,dinero,total
2021-03-01,07,Maule,facturas_compra_interregional,unidades,701094.0,miles de unidades,conteo,total
2021-03-01,07,Maule,facturas_venta_interregional,unidades,517775.0,miles de unidades,conteo,total
2021-03-01,07,Maule,venta_interregional,pesos,381828069402.84,miles de millones de pesos,dinero,total
2021-03-01,07,Maule,venta_intrarregional,pesos,365855895420.68,miles de millones de pesos,dinero,total
2021-03-01,08,Biobío,compra_interregional,pesos,631611077330.2699,miles de millones de pesos,dinero,total
2021-03-01,08,Biobío,compra_intrarregional,pesos,531675849326.74005,miles de millones de pesos,dinero,total
2021-03-01,08,Biobío,facturas_compra_interregional,unidades,1075893.0,miles de unidades,conteo,total
2021-03-01,08,Biobío,facturas_venta_interregional,unidades,411886.0,miles de unidades,conteo,total
2021-03-01,08,Biobío,venta_interregional,pesos,638914466607.8401,miles de millones de pesos,dinero,total
2021-03-01,08,Biobío,venta_intrarregional,pesos,531675849326.74005,miles de millones de pesos,dinero,total
2021-03-01,09,La Araucanía,compra_interregional,pesos,332070783290.01,miles de millones de pesos,dinero,total
2021-03-01,09,La Araucanía,compra_intrarregional,pesos,284210434718.49,miles de millones de pesos,dinero,total
2021-03-01,09,La Araucanía,facturas_compra_interregional,unidades,622167.0,miles de unidades,conteo,total
2021-03-01,09,La Araucanía,facturas_venta_interregional,unidades,291751.0,miles de unidades,conteo,total
2021-03-01,09,La Araucanía,venta_interregional,pesos,275440057080.38995,miles de millones de pesos,dinero,total
2021-03-01,09,La Araucanía,venta_intrarregional,pesos,284210434718.49,miles de millones de pesos,dinero,total
2021-03-01,10,Los Lagos,compra_interregional,pesos,565000847633.07,miles de millones de pesos,dinero,total
2021-03-01,10,Los Lagos,compra_intrarregional,pesos,566359500435.18,miles de millones de pesos,dinero,total
2021-03-01,10,Los Lagos,facturas_compra_interregional,unidades,669225.0,miles de unidades,conteo,total
2021-03-01,10,Los Lagos,facturas_venta_interregional,unidades,327043.0,miles de unidades,conteo,total
2021-03-01,10,Los Lagos,venta_interregional,pesos,334137174935.79,miles de millones de pesos,dinero,total
2021-03-01,10,Los Lagos,venta_intrarregional,pesos,566359500435.18,miles de millones de pesos,dinero,total
2021-03-01,11,Aysén,compra_interregional,pesos,34383578849.113,miles de millones de pesos,dinero,total
2021-03-01,11,Aysén,compra_intrarregional,pesos,28946017671.185,miles de millones de pesos,dinero,total
2021-03-01,11,Aysén,facturas_compra_interregional,unidades,88280.0,miles de unidades,conteo,total
2021-03-01,11,Aysén,facturas_venta_interregional,unidades,25088.0,miles de unidades,conteo,total
2021-03-01,11,Aysén,venta_interregional,pesos,28333928225.1,miles de millones de pesos,dinero,total
2021-03-01,11,Aysén,venta_intrarregional,pesos,28946017671.185,miles de millones de pesos,dinero,total
2021-03-01,12,Magallanes,compra_interregional,pesos,97628500280.61299,miles de millones de pesos,dinero,total
2021-03-01,12,Magallanes,compra_intrarregional,pesos,65751281352.221,miles de millones de pesos,dinero,total
2021-03-01,12,Magallanes,facturas_compra_interregional,unidades,125425.0,miles de unidades,conteo,total
2021-03-01,12,Magallanes,facturas_venta_interregional,unidades,30514.0,miles de unidades,conteo,total
2021-03-01,12,Magallanes,venta_interregional,pesos,44012351766.225006,miles de millones de pesos,dinero,total
2021-03-01,12,Magallanes,venta_intrarregional,pesos,65751281352.221,miles de millones de pesos,dinero,total
2021-03-01,13,Metropolitana de Santiago,compra_interregional,pesos,3564089769053.0,miles de millones de pesos,dinero,total
2021-03-01,13,Metropolitana de Santiago,compra_intrarregional,pesos,13158985505845.0,miles de millones de pesos,dinero,total
2021-03-01,13,Metropolitana de Santiago,facturas_compra_interregional,unidades,2399592.0,miles de unidades,conteo,total
2021-03-01,13,Metropolitana de Santiago,facturas_venta_interregional,unidades,6379951.0,miles de unidades,conteo,total
2021-03-01,13,Metropolitana de Santiago,venta_interregional,pesos,4194308539720.8,miles de millones de pesos,dinero,total
2021-03-01,13,Metropolitana de Santiago,venta_intrarregional,pesos,13158985505845.0,miles de millones de pesos,dinero,total
2021-03-01,14,Los Ríos,compra_interregional,pesos,182763874812.84,miles de millones de pesos,dinero,total
2021-03-01,14,Los Ríos,compra_intrarregional,pesos,98108661737.572,miles de millones de pesos,dinero,total
2021-03-01,14,Los Ríos,facturas_compra_interregional,unidades,335476.0,miles de unidades,conteo,total
2021-03-01,14,Los Ríos,facturas_venta_interregional,unidades,145930.0,miles de unidades,conteo,total
2021-03-01,14,Los Ríos,venta_interregional,pesos,139802742058.93,miles de millones de pesos,dinero,total
2021-03-01,14,Los Ríos,venta_intrarregional,pesos,98108661737.572,miles de millones de pesos,dinero,total
2021-03-01,15,Arica y Parinacota,compra_interregional,pesos,66371505680.594,miles de millones de pesos,dinero,total
2021-03-01,15,Arica y Parinacota,compra_intrarregional,pesos,32007682663.815998,miles de millones de pesos,dinero,total
2021-03-01,15,Arica y Parinacota,facturas_compra_interregional,unidades,122200.0,miles de unidades,conteo,total
2021-03-01,15,Arica y Parinacota,facturas_venta_interregional,unidades,42673.0,miles de unidades,conteo,total
2021-03-01,15,Arica y Parinacota,venta_interregional,pesos,28246799453.072998,miles de millones de pesos,dinero,total
2021-03-01,15,Arica y Parinacota,venta_intrarregional,pesos,32007682663.815998,miles de millones de pesos,dinero,total
2021-03-01,16,Ñuble,compra_interregional,pesos,173479692375.45,miles de millones de pesos,dinero,total
2021-03-01,16,Ñuble,compra_intrarregional,pesos,110305396833.56,miles de millones de pesos,dinero,total
2021-03-01,16,Ñuble,facturas_compra_interregional,unidades,316009.0,miles de unidades,conteo,total
2021-03-01,16,Ñuble,facturas_venta_interregional,unidades,207049.0,miles de unidades,conteo,total
2021-03-01,16,Ñuble,venta_interregional,pesos,159425157669.99,miles de millones de pesos,dinero,total
2021-03-01,16,Ñuble,venta_intrarregional,pesos,110305396833.56,miles de millones de pesos,dinero,total
2021-04-01,01,Tarapacá,compra_interregional,pesos,219623495732.04,miles de millones de pesos,dinero,total
2021-04-01,01,Tarapacá,compra_intrarregional,pesos,79840227823.937,miles de millones de pesos,dinero,total
2021-04-01,01,Tarapacá,facturas_compra_interregional,unidades,179746.0,miles de unidades,conteo,total
2021-04-01,01,Tarapacá,facturas_venta_interregional,unidades,68959.0,miles de unidades,conteo,total
2021-04-01,01,Tarapacá,venta_interregional,pesos,72318486703.899,miles de millones de pesos,dinero,total
2021-04-01,01,Tarapacá,venta_intrarregional,pesos,79840227823.937,miles de millones de pesos,dinero,total
2021-04-01,02,Antofagasta,compra_interregional,pesos,365963840544.31,miles de millones de pesos,dinero,total
2021-04-01,02,Antofagasta,compra_intrarregional,pesos,211873889199.86002,miles de millones de pesos,dinero,total
2021-04-01,02,Antofagasta,facturas_compra_interregional,unidades,402373.0,miles de unidades,conteo,total
2021-04-01,02,Antofagasta,facturas_venta_interregional,unidades,156520.0,miles de unidades,conteo,total
2021-04-01,02,Antofagasta,venta_interregional,pesos,361094413546.04004,miles de millones de pesos,dinero,total
2021-04-01,02,Antofagasta,venta_intrarregional,pesos,211873889199.86002,miles de millones de pesos,dinero,total
2021-04-01,03,Atacama,compra_interregional,pesos,146467195344.43,miles de millones de pesos,dinero,total
2021-04-01,03,Atacama,compra_intrarregional,pesos,69174768189.532,miles de millones de pesos,dinero,total
2021-04-01,03,Atacama,facturas_compra_interregional,unidades,199529.0,miles de unidades,conteo,total
2021-04-01,03,Atacama,facturas_venta_interregional,unidades,66758.0,miles de unidades,conteo,total
2021-04-01,03,Atacama,venta_interregional,pesos,99909972519.566,miles de millones de pesos,dinero,total
2021-04-01,03,Atacama,venta_intrarregional,pesos,69174768189.532,miles de millones de pesos,dinero,total
2021-04-01,04,Coquimbo,compra_interregional,pesos,249013038645.46,miles de millones de pesos,dinero,total
2021-04-01,04,Coquimbo,compra_intrarregional,pesos,156209116174.87,miles de millones de pesos,dinero,total
2021-04-01,04,Coquimbo,facturas_compra_interregional,unidades,446580.0,miles de unidades,conteo,total
2021-04-01,04,Coquimbo,facturas_venta_interregional,unidades,156454.0,miles de unidades,conteo,total
2021-04-01,04,Coquimbo,venta_interregional,pesos,165515504608.33,miles de millones de pesos,dinero,total
2021-04-01,04,Coquimbo,venta_intrarregional,pesos,156209116174.87,miles de millones de pesos,dinero,total
2021-04-01,05,Valparaíso,compra_interregional,pesos,654292198939.86,miles de millones de pesos,dinero,total
2021-04-01,05,Valparaíso,compra_intrarregional,pesos,400952664706.4,miles de millones de pesos,dinero,total
2021-04-01,05,Valparaíso,facturas_compra_interregional,unidades,1078168.0,miles de unidades,conteo,total
2021-04-01,05,Valparaíso,facturas_venta_interregional,unidades,575000.0,miles de unidades,conteo,total
2021-04-01,05,Valparaíso,venta_interregional,pesos,954495643840.5299,miles de millones de pesos,dinero,total
2021-04-01,05,Valparaíso,venta_intrarregional,pesos,400952664706.4,miles de millones de pesos,dinero,total
2021-04-01,06,O'Higgins,compra_interregional,pesos,461964890630.87,miles de millones de pesos,dinero,total
2021-04-01,06,O'Higgins,compra_intrarregional,pesos,287393799088.77997,miles de millones de pesos,dinero,total
2021-04-01,06,O'Higgins,facturas_compra_interregional,unidades,638570.0,miles de unidades,conteo,total
2021-04-01,06,O'Higgins,facturas_venta_interregional,unidades,224642.0,miles de unidades,conteo,total
2021-04-01,06,O'Higgins,venta_interregional,pesos,370952505243.23,miles de millones de pesos,dinero,total
2021-04-01,06,O'Higgins,venta_intrarregional,pesos,287393799088.77997,miles de millones de pesos,dinero,total
2021-04-01,07,Maule,compra_interregional,pesos,406518608122.04,miles de millones de pesos,dinero,total
2021-04-01,07,Maule,compra_intrarregional,pesos,324994055996.55,miles de millones de pesos,dinero,total
2021-04-01,07,Maule,facturas_compra_interregional,unidades,610901.0,miles de unidades,conteo,total
2021-04-01,07,Maule,facturas_venta_interregional,unidades,446796.0,miles de unidades,conteo,total
2021-04-01,07,Maule,venta_interregional,pesos,350266692072.05,miles de millones de pesos,dinero,total
2021-04-01,07,Maule,venta_intrarregional,pesos,324994055996.55,miles de millones de pesos,dinero,total
2021-04-01,08,Biobío,compra_interregional,pesos,568007995219.3301,miles de millones de pesos,dinero,total
2021-04-01,08,Biobío,compra_intrarregional,pesos,463069932030.42,miles de millones de pesos,dinero,total
2021-04-01,08,Biobío,facturas_compra_interregional,unidades,956334.0,miles de unidades,conteo,total
2021-04-01,08,Biobío,facturas_venta_interregional,unidades,364857.0,miles de unidades,conteo,total
2021-04-01,08,Biobío,venta_interregional,pesos,583017666077.5199,miles de millones de pesos,dinero,total
2021-04-01,08,Biobío,venta_intrarregional,pesos,463069932030.42,miles de millones de pesos,dinero,total
2021-04-01,09,La Araucanía,compra_interregional,pesos,282069653239.7,miles de millones de pesos,dinero,total
2021-04-01,09,La Araucanía,compra_intrarregional,pesos,232279205258.97,miles de millones de pesos,dinero,total
2021-04-01,09,La Araucanía,facturas_compra_interregional,unidades,546132.0,miles de unidades,conteo,total
2021-04-01,09,La Araucanía,facturas_venta_interregional,unidades,249515.0,miles de unidades,conteo,total
2021-04-01,09,La Araucanía,venta_interregional,pesos,246470368973.46002,miles de millones de pesos,dinero,total
2021-04-01,09,La Araucanía,venta_intrarregional,pesos,232279205258.97,miles de millones de pesos,dinero,total
2021-04-01,10,Los Lagos,compra_interregional,pesos,515860217245.47003,miles de millones de pesos,dinero,total
2021-04-01,10,Los Lagos,compra_intrarregional,pesos,473138743606.35,miles de millones de pesos,dinero,total
2021-04-01,10,Los Lagos,facturas_compra_interregional,unidades,596051.0,miles de unidades,conteo,total
2021-04-01,10,Los Lagos,facturas_venta_interregional,unidades,286329.0,miles de unidades,conteo,total
2021-04-01,10,Los Lagos,venta_interregional,pesos,278770645033.41003,miles de millones de pesos,dinero,total
2021-04-01,10,Los Lagos,venta_intrarregional,pesos,473138743606.35,miles de millones de pesos,dinero,total
2021-04-01,11,Aysén,compra_interregional,pesos,35816342393.831,miles de millones de pesos,dinero,total
2021-04-01,11,Aysén,compra_intrarregional,pesos,26581431076.95,miles de millones de pesos,dinero,total
2021-04-01,11,Aysén,facturas_compra_interregional,unidades,77305.0,miles de unidades,conteo,total
2021-04-01,11,Aysén,facturas_venta_interregional,unidades,22696.0,miles de unidades,conteo,total
2021-04-01,11,Aysén,venta_interregional,pesos,24917293364.466,miles de millones de pesos,dinero,total
2021-04-01,11,Aysén,venta_intrarregional,pesos,26581431076.95,miles de millones de pesos,dinero,total
2021-04-01,12,Magallanes,compra_interregional,pesos,84807190081.76201,miles de millones de pesos,dinero,total
2021-04-01,12,Magallanes,compra_intrarregional,pesos,61584476113.815,miles de millones de pesos,dinero,total
2021-04-01,12,Magallanes,facturas_compra_interregional,unidades,110774.0,miles de unidades,conteo,total
2021-04-01,12,Magallanes,facturas_venta_interregional,unidades,26374.0,miles de unidades,conteo,total
2021-04-01,12,Magallanes,venta_interregional,pesos,38407681127.416,miles de millones de pesos,dinero,total
2021-04-01,12,Magallanes,venta_intrarregional,pesos,61584476113.815,miles de millones de pesos,dinero,total
2021-04-01,13,Metropolitana de Santiago,compra_interregional,pesos,3171515767630.5,miles de millones de pesos,dinero,total
2021-04-01,13,Metropolitana de Santiago,compra_intrarregional,pesos,11659049437414.0,miles de millones de pesos,dinero,total
2021-04-01,13,Metropolitana de Santiago,facturas_compra_interregional,unidades,2060652.9999999998,miles de unidades,conteo,total
2021-04-01,13,Metropolitana de Santiago,facturas_venta_interregional,unidades,5586409.0,miles de unidades,conteo,total
2021-04-01,13,Metropolitana de Santiago,venta_interregional,pesos,3704179966096.1,miles de millones de pesos,dinero,total
2021-04-01,13,Metropolitana de Santiago,venta_intrarregional,pesos,11659049437414.0,miles de millones de pesos,dinero,total
2021-04-01,14,Los Ríos,compra_interregional,pesos,172209157074.98,miles de millones de pesos,dinero,total
2021-04-01,14,Los Ríos,compra_intrarregional,pesos,84922131465.09999,miles de millones de pesos,dinero,total
2021-04-01,14,Los Ríos,facturas_compra_interregional,unidades,297307.0,miles de unidades,conteo,total
2021-04-01,14,Los Ríos,facturas_venta_interregional,unidades,130756.0,miles de unidades,conteo,total
2021-04-01,14,Los Ríos,venta_interregional,pesos,123344622731.0,miles de millones de pesos,dinero,total
2021-04-01,14,Los Ríos,venta_intrarregional,pesos,84922131465.09999,miles de millones de pesos,dinero,total
2021-04-01,15,Arica y Parinacota,compra_interregional,pesos,62970093711.111,miles de millones de pesos,dinero,total
2021-04-01,15,Arica y Parinacota,compra_intrarregional,pesos,31371694106.6,miles de millones de pesos,dinero,total
2021-04-01,15,Arica y Parinacota,facturas_compra_interregional,unidades,110155.0,miles de unidades,conteo,total
2021-04-01,15,Arica y Parinacota,facturas_venta_interregional,unidades,39026.0,miles de unidades,conteo,total
2021-04-01,15,Arica y Parinacota,venta_interregional,pesos,27668722754.0,miles de millones de pesos,dinero,total
2021-04-01,15,Arica y Parinacota,venta_intrarregional,pesos,31371694106.6,miles de millones de pesos,dinero,total
2021-04-01,16,Ñuble,compra_interregional,pesos,153521234752.62,miles de millones de pesos,dinero,total
2021-04-01,16,Ñuble,compra_intrarregional,pesos,93702728914.798,miles de millones de pesos,dinero,total
2021-04-01,16,Ñuble,facturas_compra_interregional,unidades,274237.0,miles de unidades,conteo,total
2021-04-01,16,Ñuble,facturas_venta_interregional,unidades,183724.0,miles de unidades,conteo,total
2021-04-01,16,Ñuble,venta_interregional,pesos,149290734617.37,miles de millones de pesos,dinero,total
2021-04-01,16,Ñuble,venta_intrarregional,pesos,93702728914.798,miles de millones de pesos,dinero,total
2021-05-01,01,Tarapacá,compra_interregional,pesos,241201806142.86,miles de millones de pesos,dinero,total
2021-05-01,01,Tarapacá,compra_intrarregional,pesos,84108501785.084,miles de millones de pesos,dinero,total
2021-05-01,01,Tarapacá,facturas_compra_interregional,unidades,192789.0,miles de unidades,conteo,total
2021-05-01,01,Tarapacá,facturas_venta_interregional,unidades,76366.0,miles de unidades,conteo,total
2021-05-01,01,Tarapacá,venta_interregional,pesos,75742921796.075,miles de millones de pesos,dinero,total
2021-05-01,01,Tarapacá,venta_intrarregional,pesos,84108501785.084,miles de millones de pesos,dinero,total
2021-05-01,02,Antofagasta,compra_interregional,pesos,378837616685.58997,miles de millones de pesos,dinero,total
2021-05-01,02,Antofagasta,compra_intrarregional,pesos,242724348418.14,miles de millones de pesos,dinero,total
2021-05-01,02,Antofagasta,facturas_compra_interregional,unidades,434296.0,miles de unidades,conteo,total
2021-05-01,02,Antofagasta,facturas_venta_interregional,unidades,165831.0,miles de unidades,conteo,total
2021-05-01,02,Antofagasta,venta_interregional,pesos,370136222455.32,miles de millones de pesos,dinero,total
2021-05-01,02,Antofagasta,venta_intrarregional,pesos,242724348418.14,miles de millones de pesos,dinero,total
2021-05-01,03,Atacama,compra_interregional,pesos,166430680580.94,miles de millones de pesos,dinero,total
2021-05-01,03,Atacama,compra_intrarregional,pesos,68080121720.939,miles de millones de pesos,dinero,total
2021-05-01,03,Atacama,facturas_compra_interregional,unidades,217467.0,miles de unidades,conteo,total
2021-05-01,03,Atacama,facturas_venta_interregional,unidades,69072.0,miles de unidades,conteo,total
2021-05-01,03,Atacama,venta_interregional,pesos,117150993148.46,miles de millones de pesos,dinero,total
2021-05-01,03,Atacama,venta_intrarregional,pesos,68080121720.939,miles de millones de pesos,dinero,total
2021-05-01,04,Coquimbo,compra_interregional,pesos,262570529710.28003,miles de millones de pesos,dinero,total
2021-05-01,04,Coquimbo,compra_intrarregional,pesos,174932510575.29,miles de millones de pesos,dinero,total
2021-05-01,04,Coquimbo,facturas_compra_interregional,unidades,494466.0,miles de unidades,conteo,total
2021-05-01,04,Coquimbo,facturas_venta_interregional,unidades,172362.0,miles de unidades,conteo,total
2021-05-01,04,Coquimbo,venta_interregional,pesos,160204095070.61002,miles de millones de pesos,dinero,total
2021-05-01,04,Coquimbo,venta_intrarregional,pesos,174932510575.29,miles de millones de pesos,dinero,total
2021-05-01,05,Valparaíso,compra_interregional,pesos,718930029454.87,miles de millones de pesos,dinero,total
2021-05-01,05,Valparaíso,compra_intrarregional,pesos,426126562390.06,miles de millones de pesos,dinero,total
2021-05-01,05,Valparaíso,facturas_compra_interregional,unidades,1211643.0,miles de unidades,conteo,total
2021-05-01,05,Valparaíso,facturas_venta_interregional,unidades,635864.0,miles de unidades,conteo,total
2021-05-01,05,Valparaíso,venta_interregional,pesos,948505724730.8301,miles de millones de pesos,dinero,total
2021-05-01,05,Valparaíso,venta_intrarregional,pesos,426126562390.06,miles de millones de pesos,dinero,total
2021-05-01,06,O'Higgins,compra_interregional,pesos,494617100173.24,miles de millones de pesos,dinero,total
2021-05-01,06,O'Higgins,compra_intrarregional,pesos,297403643285.03,miles de millones de pesos,dinero,total
2021-05-01,06,O'Higgins,facturas_compra_interregional,unidades,695400.0,miles de unidades,conteo,total
2021-05-01,06,O'Higgins,facturas_venta_interregional,unidades,237321.0,miles de unidades,conteo,total
2021-05-01,06,O'Higgins,venta_interregional,pesos,355059114371.95,miles de millones de pesos,dinero,total
2021-05-01,06,O'Higgins,venta_intrarregional,pesos,297403643285.03,miles de millones de pesos,dinero,total
2021-05-01,07,Maule,compra_interregional,pesos,414485155738.19995,miles de millones de pesos,dinero,total
2021-05-01,07,Maule,compra_intrarregional,pesos,336907500861.06,miles de millones de pesos,dinero,total
2021-05-01,07,Maule,facturas_compra_interregional,unidades,657452.0,miles de unidades,conteo,total
2021-05-01,07,Maule,facturas_venta_interregional,unidades,486427.0,miles de unidades,conteo,total
2021-05-01,07,Maule,venta_interregional,pesos,363098103612.43,miles de millones de pesos,dinero,total
2021-05-01,07,Maule,venta_intrarregional,pesos,336907500861.06,miles de millones de pesos,dinero,total
2021-05-01,08,Biobío,compra_interregional,pesos,615034329013.99,miles de millones de pesos,dinero,total
2021-05-01,08,Biobío,compra_intrarregional,pesos,494510343913.33,miles de millones de pesos,dinero,total
2021-05-01,08,Biobío,facturas_compra_interregional,unidades,1027517.0,miles de unidades,conteo,total
2021-05-01,08,Biobío,facturas_venta_interregional,unidades,387959.0,miles de unidades,conteo,total
2021-05-01,08,Biobío,venta_interregional,pesos,596810539604.93,miles de millones de pesos,dinero,total
2021-05-01,08,Biobío,venta_intrarregional,pesos,494510343913.33,miles de millones de pesos,dinero,total
2021-05-01,09,La Araucanía,compra_interregional,pesos,312157285151.81,miles de millones de pesos,dinero,total
2021-05-01,09,La Araucanía,compra_intrarregional,pesos,247513138324.2,miles de millones de pesos,dinero,total
2021-05-01,09,La Araucanía,facturas_compra_interregional,unidades,588492.0,miles de unidades,conteo,total
2021-05-01,09,La Araucanía,facturas_venta_interregional,unidades,270251.0,miles de unidades,conteo,total
2021-05-01,09,La Araucanía,venta_interregional,pesos,259724901205.9,miles de millones de pesos,dinero,total
2021-05-01,09,La Araucanía,venta_intrarregional,pesos,247513138324.2,miles de millones de pesos,dinero,total
2021-05-01,10,Los Lagos,compra_interregional,pesos,544050214747.58997,miles de millones de pesos,dinero,total
2021-05-01,10,Los Lagos,compra_intrarregional,pesos,502843718270.24,miles de millones de pesos,dinero,total
2021-05-01,10,Los Lagos,facturas_compra_interregional,unidades,629436.0,miles de unidades,conteo,total
2021-05-01,10,Los Lagos,facturas_venta_interregional,unidades,300647.0,miles de unidades,conteo,total
2021-05-01,10,Los Lagos,venta_interregional,pesos,263452738873.28,miles de millones de pesos,dinero,total
2021-05-01,10,Los Lagos,venta_intrarregional,pesos,502843718270.24,miles de millones de pesos,dinero,total
2021-05-01,11,Aysén,compra_interregional,pesos,35688679281.542,miles de millones de pesos,dinero,total
2021-05-01,11,Aysén,compra_intrarregional,pesos,27651780610.458,miles de millones de pesos,dinero,total
2021-05-01,11,Aysén,facturas_compra_interregional,unidades,81352.0,miles de unidades,conteo,total
2021-05-01,11,Aysén,facturas_venta_interregional,unidades,22488.0,miles de unidades,conteo,total
2021-05-01,11,Aysén,venta_interregional,pesos,24198442325.199997,miles de millones de pesos,dinero,total
2021-05-01,11,Aysén,venta_intrarregional,pesos,27651780610.458,miles de millones de pesos,dinero,total
2021-05-01,12,Magallanes,compra_interregional,pesos,82168632360.76399,miles de millones de pesos,dinero,total
2021-05-01,12,Magallanes,compra_intrarregional,pesos,67509533412.219,miles de millones de pesos,dinero,total
2021-05-01,12,Magallanes,facturas_compra_interregional,unidades,115652.0,miles de unidades,conteo,total
2021-05-01,12,Magallanes,facturas_venta_interregional,unidades,26835.0,miles de unidades,conteo,total
2021-05-01,12,Magallanes,venta_interregional,pesos,41854402514.683,miles de millones de pesos,dinero,total
2021-05-01,12,Magallanes,venta_intrarregional,pesos,67509533412.219,miles de millones de pesos,dinero,total
2021-05-01,13,Metropolitana de Santiago,compra_interregional,pesos,3214216137818.6,miles de millones de pesos,dinero,total
2021-05-01,13,Metropolitana de Santiago,compra_intrarregional,pesos,12674377775250.0,miles de millones de pesos,dinero,total
2021-05-01,13,Metropolitana de Santiago,facturas_compra_interregional,unidades,2224536.0,miles de unidades,conteo,total
2021-05-01,13,Metropolitana de Santiago,facturas_venta_interregional,unidades,6068654.0,miles de unidades,conteo,total
2021-05-01,13,Metropolitana de Santiago,venta_interregional,pesos,3982749429340.3003,miles de millones de pesos,dinero,total
2021-05-01,13,Metropolitana de Santiago,venta_intrarregional,pesos,12674377775250.0,miles de millones de pesos,dinero,total
2021-05-01,14,Los Ríos,compra_interregional,pesos,176455540869.9,miles de millones de pesos,dinero,total
2021-05-01,14,Los Ríos,compra_intrarregional,pesos,92314022326.96701,miles de millones de pesos,dinero,total
2021-05-01,14,Los Ríos,facturas_compra_interregional,unidades,318453.0,miles de unidades,conteo,total
2021-05-01,14,Los Ríos,facturas_venta_interregional,unidades,138424.0,miles de unidades,conteo,total
2021-05-01,14,Los Ríos,venta_interregional,pesos,125916454484.46,miles de millones de pesos,dinero,total
2021-05-01,14,Los Ríos,venta_intrarregional,pesos,92314022326.96701,miles de millones de pesos,dinero,total
2021-05-01,15,Arica y Parinacota,compra_interregional,pesos,52614764909.032,miles de millones de pesos,dinero,total
2021-05-01,15,Arica y Parinacota,compra_intrarregional,pesos,31050978688.2,miles de millones de pesos,dinero,total
2021-05-01,15,Arica y Parinacota,facturas_compra_interregional,unidades,117870.0,miles de unidades,conteo,total
2021-05-01,15,Arica y Parinacota,facturas_venta_interregional,unidades,41910.0,miles de unidades,conteo,total
2021-05-01,15,Arica y Parinacota,venta_interregional,pesos,32660583336.000004,miles de millones de pesos,dinero,total
2021-05-01,15,Arica y Parinacota,venta_intrarregional,pesos,31050978688.2,miles de millones de pesos,dinero,total
2021-05-01,16,Ñuble,compra_interregional,pesos,162712712519.38,miles de millones de pesos,dinero,total
2021-05-01,16,Ñuble,compra_intrarregional,pesos,111597219990.31999,miles de millones de pesos,dinero,total
2021-05-01,16,Ñuble,facturas_compra_interregional,unidades,296041.0,miles de unidades,conteo,total
2021-05-01,16,Ñuble,facturas_venta_interregional,unidades,202451.0,miles de unidades,conteo,total
2021-05-01,16,Ñuble,venta_interregional,pesos,154906548288.16,miles de millones de pesos,dinero,total
2021-05-01,16,Ñuble,venta_intrarregional,pesos,111597219990.31999,miles de millones de pesos,dinero,total
2021-06-01,01,Tarapacá,compra_interregional,pesos,253640914080.97,miles de millones de pesos,dinero,total
2021-06-01,01,Tarapacá,compra_intrarregional,pesos,95991675955.42001,miles de millones de pesos,dinero,total
2021-06-01,01,Tarapacá,facturas_compra_interregional,unidades,203696.0,miles de unidades,conteo,total
2021-06-01,01,Tarapacá,facturas_venta_interregional,unidades,80952.0,miles de unidades,conteo,total
2021-06-01,01,Tarapacá,venta_interregional,pesos,81114115826.364,miles de millones de pesos,dinero,total
2021-06-01,01,Tarapacá,venta_intrarregional,pesos,95991675955.42001,miles de millones de pesos,dinero,total
2021-06-01,02,Antofagasta,compra_interregional,pesos,454356816994.3,miles de millones de pesos,dinero,total
2021-06-01,02,Antofagasta,compra_intrarregional,pesos,252656648014.55,miles de millones de pesos,dinero,total
2021-06-01,02,Antofagasta,facturas_compra_interregional,unidades,455107.0,miles de unidades,conteo,total
2021-06-01,02,Antofagasta,facturas_venta_interregional,unidades,173765.0,miles de unidades,conteo,total
2021-06-01,02,Antofagasta,venta_interregional,pesos,401674502099.02,miles de millones de pesos,dinero,total
2021-06-01,02,Antofagasta,venta_intrarregional,pesos,252656648014.55,miles de millones de pesos,dinero,total
2021-06-01,03,Atacama,compra_interregional,pesos,167310682641.28,miles de millones de pesos,dinero,total
2021-06-01,03,Atacama,compra_intrarregional,pesos,74052212954.82799,miles de millones de pesos,dinero,total
2021-06-01,03,Atacama,facturas_compra_interregional,unidades,224458.0,miles de unidades,conteo,total
2021-06-01,03,Atacama,facturas_venta_interregional,unidades,72265.0,miles de unidades,conteo,total
2021-06-01,03,Atacama,venta_interregional,pesos,106996067950.7,miles de millones de pesos,dinero,total
2021-06-01,03,Atacama,venta_intrarregional,pesos,74052212954.82799,miles de millones de pesos,dinero,total
2021-06-01,04,Coquimbo,compra_interregional,pesos,284939899562.4,miles de millones de pesos,dinero,total
2021-06-01,04,Coquimbo,compra_intrarregional,pesos,188838383435.38,miles de millones de pesos,dinero,total
2021-06-01,04,Coquimbo,facturas_compra_interregional,unidades,508084.0,miles de unidades,conteo,total
2021-06-01,04,Coquimbo,facturas_venta_interregional,unidades,182055.0,miles de unidades,conteo,total
2021-06-01,04,Coquimbo,venta_interregional,pesos,177151863204.75998,miles de millones de pesos,dinero,total
2021-06-01,04,Coquimbo,venta_intrarregional,pesos,188838383435.38,miles de millones de pesos,dinero,total
2021-06-01,05,Valparaíso,compra_interregional,pesos,760240698288.78,miles de millones de pesos,dinero,total
2021-06-01,05,Valparaíso,compra_intrarregional,pesos,462706719287.17004,miles de millones de pesos,dinero,total
2021-06-01,05,Valparaíso,facturas_compra_interregional,unidades,1263308.0,miles de unidades,conteo,total
2021-06-01,05,Valparaíso,facturas_venta_interregional,unidades,663154.0,miles de unidades,conteo,total
2021-06-01,05,Valparaíso,venta_interregional,pesos,1026103174553.2,miles de millones de pesos,dinero,total
2021-06-01,05,Valparaíso,venta_intrarregional,pesos,462706719287.17004,miles de millones de pesos,dinero,total
2021-06-01,06,O'Higgins,compra_interregional,pesos,526523893651.37006,miles de millones de pesos,dinero,total
2021-06-01,06,O'Higgins,compra_intrarregional,pesos,278528417357.73,miles de millones de pesos,dinero,total
2021-06-01,06,O'Higgins,facturas_compra_interregional,unidades,719926.0,miles de unidades,conteo,total
2021-06-01,06,O'Higgins,facturas_venta_interregional,unidades,246973.0,miles de unidades,conteo,total
2021-06-01,06,O'Higgins,venta_interregional,pesos,335101055677.96,miles de millones de pesos,dinero,total
2021-06-01,06,O'Higgins,venta_intrarregional,pesos,278528417357.73,miles de millones de pesos,dinero,total
2021-06-01,07,Maule,compra_interregional,pesos,432436770796.62,miles de millones de pesos,dinero,total
2021-06-01,07,Maule,compra_intrarregional,pesos,340616702304.73,miles de millones de pesos,dinero,total
2021-06-01,07,Maule,facturas_compra_interregional,unidades,680160.0,miles de unidades,conteo,total
2021-06-01,07,Maule,facturas_venta_interregional,unidades,494939.0,miles de unidades,conteo,total
2021-06-01,07,Maule,venta_interregional,pesos,364034565127.18,miles de millones de pesos,dinero,total
2021-06-01,07,Maule,venta_intrarregional,pesos,340616702304.73,miles de millones de pesos,dinero,total
2021-06-01,08,Biobío,compra_interregional,pesos,628895109475.87,miles de millones de pesos,dinero,total
2021-06-01,08,Biobío,compra_intrarregional,pesos,511716195126.45996,miles de millones de pesos,dinero,total
2021-06-01,08,Biobío,facturas_compra_interregional,unidades,1055325.0,miles de unidades,conteo,total
2021-06-01,08,Biobío,facturas_venta_interregional,unidades,402771.0,miles de unidades,conteo,total
2021-06-01,08,Biobío,venta_interregional,pesos,643853029073.9099,miles de millones de pesos,dinero,total
2021-06-01,08,Biobío,venta_intrarregional,pesos,511716195126.45996,miles de millones de pesos,dinero,total
2021-06-01,09,La Araucanía,compra_interregional,pesos,317563503186.54,miles de millones de pesos,dinero,total
2021-06-01,09,La Araucanía,compra_intrarregional,pesos,260316783623.66,miles de millones de pesos,dinero,total
2021-06-01,09,La Araucanía,facturas_compra_interregional,unidades,604276.0,miles de unidades,conteo,total
2021-06-01,09,La Araucanía,facturas_venta_interregional,unidades,278690.0,miles de unidades,conteo,total
2021-06-01,09,La Araucanía,venta_interregional,pesos,246687599408.58002,miles de millones de pesos,dinero,total
2021-06-01,09,La Araucanía,venta_intrarregional,pesos,260316783623.66,miles de millones de pesos,dinero,total
2021-06-01,10,Los Lagos,compra_interregional,pesos,580195792172.76,miles de millones de pesos,dinero,total
2021-06-01,10,Los Lagos,compra_intrarregional,pesos,537467416546.55,miles de millones de pesos,dinero,total
2021-06-01,10,Los Lagos,facturas_compra_interregional,unidades,648235.0,miles de unidades,conteo,total
2021-06-01,10,Los Lagos,facturas_venta_interregional,unidades,310452.0,miles de unidades,conteo,total
2021-06-01,10,Los Lagos,venta_interregional,pesos,280007070269.83,miles de millones de pesos,dinero,total
2021-06-01,10,Los Lagos,venta_intrarregional,pesos,537467416546.55,miles de millones de pesos,dinero,total
2021-06-01,11,Aysén,compra_interregional,pesos,33720391165.137997,miles de millones de pesos,dinero,total
2021-06-01,11,Aysén,compra_intrarregional,pesos,27770580493.584,miles de millones de pesos,dinero,total
2021-06-01,11,Aysén,facturas_compra_interregional,unidades,82596.0,miles de unidades,conteo,total
2021-06-01,11,Aysén,facturas_venta_interregional,unidades,23254.0,miles de unidades,conteo,total
2021-06-01,11,Aysén,venta_interregional,pesos,26055510753.0,miles de millones de pesos,dinero,total
2021-06-01,11,Aysén,venta_intrarregional,pesos,27770580493.584,miles de millones de pesos,dinero,total
2021-06-01,12,Magallanes,compra_interregional,pesos,96234774654.812,miles de millones de pesos,dinero,total
2021-06-01,12,Magallanes,compra_intrarregional,pesos,66256558800.11,miles de millones de pesos,dinero,total
2021-06-01,12,Magallanes,facturas_compra_interregional,unidades,122493.0,miles de unidades,conteo,total
2021-06-01,12,Magallanes,facturas_venta_interregional,unidades,28668.0,miles de unidades,conteo,total
2021-06-01,12,Magallanes,venta_interregional,pesos,45010185017.551994,miles de millones de pesos,dinero,total
2021-06-01,12,Magallanes,venta_intrarregional,pesos,66256558800.11,miles de millones de pesos,dinero,total
2021-06-01,13,Metropolitana de Santiago,compra_interregional,pesos,3488293276780.8003,miles de millones de pesos,dinero,total
2021-06-01,13,Metropolitana de Santiago,compra_intrarregional,pesos,13495303630486.0,miles de millones de pesos,dinero,total
2021-06-01,13,Metropolitana de Santiago,facturas_compra_interregional,unidades,2341472.0,miles de unidades,conteo,total
2021-06-01,13,Metropolitana de Santiago,facturas_venta_interregional,unidades,6308529.0,miles de unidades,conteo,total
2021-06-01,13,Metropolitana de Santiago,venta_interregional,pesos,4412324119563.0,miles de millones de pesos,dinero,total
2021-06-01,13,Metropolitana de Santiago,venta_intrarregional,pesos,13495303630486.0,miles de millones de pesos,dinero,total
2021-06-01,14,Los Ríos,compra_interregional,pesos,191862926296.55,miles de millones de pesos,dinero,total
2021-06-01,14,Los Ríos,compra_intrarregional,pesos,86388861323.174,miles de millones de pesos,dinero,total
2021-06-01,14,Los Ríos,facturas_compra_interregional,unidades,324308.0,miles de unidades,conteo,total
2021-06-01,14,Los Ríos,facturas_venta_interregional,unidades,143094.0,miles de unidades,conteo,total
2021-06-01,14,Los Ríos,venta_interregional,pesos,126311480798.08,miles de millones de pesos,dinero,total
2021-06-01,14,Los Ríos,venta_intrarregional,pesos,86388861323.174,miles de millones de pesos,dinero,total
2021-06-01,15,Arica y Parinacota,compra_interregional,pesos,67376977682.439,miles de millones de pesos,dinero,total
2021-06-01,15,Arica y Parinacota,compra_intrarregional,pesos,36991026950.4,miles de millones de pesos,dinero,total
2021-06-01,15,Arica y Parinacota,facturas_compra_interregional,unidades,121637.0,miles de unidades,conteo,total
2021-06-01,15,Arica y Parinacota,facturas_venta_interregional,unidades,45770.0,miles de unidades,conteo,total
2021-06-01,15,Arica y Parinacota,venta_interregional,pesos,36098955805.0,miles de millones de pesos,dinero,total
2021-06-01,15,Arica y Parinacota,venta_intrarregional,pesos,36991026950.4,miles de millones de pesos,dinero,total
2021-06-01,16,Ñuble,compra_interregional,pesos,180256867096.35,miles de millones de pesos,dinero,total
2021-06-01,16,Ñuble,compra_intrarregional,pesos,112714935648.19,miles de millones de pesos,dinero,total
2021-06-01,16,Ñuble,facturas_compra_interregional,unidades,305876.0,miles de unidades,conteo,total
2021-06-01,16,Ñuble,facturas_venta_interregional,unidades,205626.0,miles de unidades,conteo,total
2021-06-01,16,Ñuble,venta_interregional,pesos,155325999398.79,miles de millones de pesos,dinero,total
2021-06-01,16,Ñuble,venta_intrarregional,pesos,112714935648.19,miles de millones de pesos,dinero,total
2021-07-01,01,Tarapacá,compra_interregional,pesos,241840733169.88,miles de millones de pesos,dinero,total
2021-07-01,01,Tarapacá,compra_intrarregional,pesos,97169358532.019,miles de millones de pesos,dinero,total
2021-07-01,01,Tarapacá,facturas_compra_interregional,unidades,210650.0,miles de unidades,conteo,total
2021-07-01,01,Tarapacá,facturas_venta_interregional,unidades,85769.0,miles de unidades,conteo,total
2021-07-01,01,Tarapacá,venta_interregional,pesos,87901163141.261,miles de millones de pesos,dinero,total
2021-07-01,01,Tarapacá,venta_intrarregional,pesos,97169358532.019,miles de millones de pesos,dinero,total
2021-07-01,02,Antofagasta,compra_interregional,pesos,461813707107.3,miles de millones de pesos,dinero,total
2021-07-01,02,Antofagasta,compra_intrarregional,pesos,248954728735.22,miles de millones de pesos,dinero,total
2021-07-01,02,Antofagasta,facturas_compra_interregional,unidades,478186.0,miles de unidades,conteo,total
2021-07-01,02,Antofagasta,facturas_venta_interregional,unidades,186496.0,miles de unidades,conteo,total
2021-07-01,02,Antofagasta,venta_interregional,pesos,434432245221.74,miles de millones de pesos,dinero,total
2021-07-01,02,Antofagasta,venta_intrarregional,pesos,248954728735.22,miles de millones de pesos,dinero,total
2021-07-01,03,Atacama,compra_interregional,pesos,169426415288.76,miles de millones de pesos,dinero,total
2021-07-01,03,Atacama,compra_intrarregional,pesos,84602710041.408,miles de millones de pesos,dinero,total
2021-07-01,03,Atacama,facturas_compra_interregional,unidades,237266.0,miles de unidades,conteo,total
2021-07-01,03,Atacama,facturas_venta_interregional,unidades,77844.0,miles de unidades,conteo,total
2021-07-01,03,Atacama,venta_interregional,pesos,117017022251.26,miles de millones de pesos,dinero,total
2021-07-01,03,Atacama,venta_intrarregional,pesos,84602710041.408,miles de millones de pesos,dinero,total
2021-07-01,04,Coquimbo,compra_interregional,pesos,303861643504.75,miles de millones de pesos,dinero,total
2021-07-01,04,Coquimbo,compra_intrarregional,pesos,195683158330.81,miles de millones de pesos,dinero,total
2021-07-01,04,Coquimbo,facturas_compra_interregional,unidades,545156.0,miles de unidades,conteo,total
2021-07-01,04,Coquimbo,facturas_venta_interregional,unidades,189158.0,miles de unidades,conteo,total
2021-07-01,04,Coquimbo,venta_interregional,pesos,183421803451.22,miles de millones de pesos,dinero,total
2021-07-01,04,Coquimbo,venta_intrarregional,pesos,195683158330.81,miles de millones de pesos,dinero,total
2021-07-01,05,Valparaíso,compra_interregional,pesos,816636709998.78,miles de millones de pesos,dinero,total
2021-07-01,05,Valparaíso,compra_intrarregional,pesos,496015949595.82,miles de millones de pesos,dinero,total
2021-07-01,05,Valparaíso,facturas_compra_interregional,unidades,1356049.0,miles de unidades,conteo,total
2021-07-01,05,Valparaíso,facturas_venta_interregional,unidades,687230.0,miles de unidades,conteo,total
2021-07-01,05,Valparaíso,venta_interregional,pesos,1106472864537.4001,miles de millones de pesos,dinero,total
2021-07-01,05,Valparaíso,venta_intrarregional,pesos,496015949595.82,miles de millones de pesos,dinero,total
2021-07-01,06,O'Higgins,compra_interregional,pesos,563802663524.5599,miles de millones de pesos,dinero,total
2021-07-01,06,O'Higgins,compra_intrarregional,pesos,305000416252.96,miles de millones de pesos,dinero,total
2021-07-01,06,O'Higgins,facturas_compra_interregional,unidades,769054.0,miles de unidades,conteo,total
2021-07-01,06,O'Higgins,facturas_venta_interregional,unidades,261310.0,miles de unidades,conteo,total
2021-07-01,06,O'Higgins,venta_interregional,pesos,396882928076.57,miles de millones de pesos,dinero,total
2021-07-01,06,O'Higgins,venta_intrarregional,pesos,305000416252.96,miles de millones de pesos,dinero,total
2021-07-01,07,Maule,compra_interregional,pesos,450454729948.74,miles de millones de pesos,dinero,total
2021-07-01,07,Maule,compra_intrarregional,pesos,349329034691.43005,miles de millones de pesos,dinero,total
2021-07-01,07,Maule,facturas_compra_interregional,unidades,724076.0,miles de unidades,conteo,total
2021-07-01,07,Maule,facturas_venta_interregional,unidades,521494.0,miles de unidades,conteo,total
2021-07-01,07,Maule,venta_interregional,pesos,373427984742.7,miles de millones de pesos,dinero,total
2021-07-01,07,Maule,venta_intrarregional,pesos,349329034691.43005,miles de millones de pesos,dinero,total
2021-07-01,08,Biobío,compra_interregional,pesos,690969758238.9401,miles de millones de pesos,dinero,total
2021-07-01,08,Biobío,compra_intrarregional,pesos,543599825416.41,miles de millones de pesos,dinero,total
2021-07-01,08,Biobío,facturas_compra_interregional,unidades,1115086.0,miles de unidades,conteo,total
2021-07-01,08,Biobío,facturas_venta_interregional,unidades,428858.0,miles de unidades,conteo,total
2021-07-01,08,Biobío,venta_interregional,pesos,680097810087.93,miles de millones de pesos,dinero,total
2021-07-01,08,Biobío,venta_intrarregional,pesos,543599825416.41,miles de millones de pesos,dinero,total
2021-07-01,09,La Araucanía,compra_interregional,pesos,338803599371.39,miles de millones de pesos,dinero,total
2021-07-01,09,La Araucanía,compra_intrarregional,pesos,267695741645.45004,miles de millones de pesos,dinero,total
2021-07-01,09,La Araucanía,facturas_compra_interregional,unidades,640322.0,miles de unidades,conteo,total
2021-07-01,09,La Araucanía,facturas_venta_interregional,unidades,297200.0,miles de unidades,conteo,total
2021-07-01,09,La Araucanía,venta_interregional,pesos,258381470087.96,miles de millones de pesos,dinero,total
2021-07-01,09,La Araucanía,venta_intrarregional,pesos,267695741645.45004,miles de millones de pesos,dinero,total
2021-07-01,10,Los Lagos,compra_interregional,pesos,607855447660.33,miles de millones de pesos,dinero,total
2021-07-01,10,Los Lagos,compra_intrarregional,pesos,547249489559.83997,miles de millones de pesos,dinero,total
2021-07-01,10,Los Lagos,facturas_compra_interregional,unidades,685315.0,miles de unidades,conteo,total
2021-07-01,10,Los Lagos,facturas_venta_interregional,unidades,326794.0,miles de unidades,conteo,total
2021-07-01,10,Los Lagos,venta_interregional,pesos,309806008769.41003,miles de millones de pesos,dinero,total
2021-07-01,10,Los Lagos,venta_intrarregional,pesos,547249489559.83997,miles de millones de pesos,dinero,total
2021-07-01,11,Aysén,compra_interregional,pesos,36182036794.657005,miles de millones de pesos,dinero,total
2021-07-01,11,Aysén,compra_intrarregional,pesos,29297865484.953,miles de millones de pesos,dinero,total
2021-07-01,11,Aysén,facturas_compra_interregional,unidades,89673.0,miles de unidades,conteo,total
2021-07-01,11,Aysén,facturas_venta_interregional,unidades,24992.0,miles de unidades,conteo,total
2021-07-01,11,Aysén,venta_interregional,pesos,24098816579.952,miles de millones de pesos,dinero,total
2021-07-01,11,Aysén,venta_intrarregional,pesos,29297865484.953,miles de millones de pesos,dinero,total
2021-07-01,12,Magallanes,compra_interregional,pesos,98961143421.575,miles de millones de pesos,dinero,total
2021-07-01,12,Magallanes,compra_intrarregional,pesos,66862571641.85,miles de millones de pesos,dinero,total
2021-07-01,12,Magallanes,facturas_compra_interregional,unidades,128122.99999999999,miles de unidades,conteo,total
2021-07-01,12,Magallanes,facturas_venta_interregional,unidades,30371.0,miles de unidades,conteo,total
2021-07-01,12,Magallanes,venta_interregional,pesos,45344666839.305,miles de millones de pesos,dinero,total
2021-07-01,12,Magallanes,venta_intrarregional,pesos,66862571641.85,miles de millones de pesos,dinero,total
2021-07-01,13,Metropolitana de Santiago,compra_interregional,pesos,3656577398112.3003,miles de millones de pesos,dinero,total
2021-07-01,13,Metropolitana de Santiago,compra_intrarregional,pesos,14281659305007.0,miles de millones de pesos,dinero,total
2021-07-01,13,Metropolitana de Santiago,facturas_compra_interregional,unidades,2475503.0,miles de unidades,conteo,total
2021-07-01,13,Metropolitana de Santiago,facturas_venta_interregional,unidades,6715270.0,miles de unidades,conteo,total
2021-07-01,13,Metropolitana de Santiago,venta_interregional,pesos,4532828933485.5,miles de millones de pesos,dinero,total
2021-07-01,13,Metropolitana de Santiago,venta_intrarregional,pesos,14281659305007.0,miles de millones de pesos,dinero,total
2021-07-01,14,Los Ríos,compra_interregional,pesos,185518674060.73,miles de millones de pesos,dinero,total
2021-07-01,14,Los Ríos,compra_intrarregional,pesos,89444082066.819,miles de millones de pesos,dinero,total
2021-07-01,14,Los Ríos,facturas_compra_interregional,unidades,341946.0,miles de unidades,conteo,total
2021-07-01,14,Los Ríos,facturas_venta_interregional,unidades,150273.0,miles de unidades,conteo,total
2021-07-01,14,Los Ríos,venta_interregional,pesos,142785337979.08,miles de millones de pesos,dinero,total
2021-07-01,14,Los Ríos,venta_intrarregional,pesos,89444082066.819,miles de millones de pesos,dinero,total
2021-07-01,15,Arica y Parinacota,compra_interregional,pesos,74255658457.682,miles de millones de pesos,dinero,total
2021-07-01,15,Arica y Parinacota,compra_intrarregional,pesos,39628392715.6,miles de millones de pesos,dinero,total
2021-07-01,15,Arica y Parinacota,facturas_compra_interregional,unidades,128030.0,miles de unidades,conteo,total
2021-07-01,15,Arica y Parinacota,facturas_venta_interregional,unidades,47164.0,miles de unidades,conteo,total
2021-07-01,15,Arica y Parinacota,venta_interregional,pesos,38319408237.0,miles de millones de pesos,dinero,total
2021-07-01,15,Arica y Parinacota,venta_intrarregional,pesos,39628392715.6,miles de millones de pesos,dinero,total
2021-07-01,16,Ñuble,compra_interregional,pesos,194606786186.93002,miles de millones de pesos,dinero,total
2021-07-01,16,Ñuble,compra_intrarregional,pesos,119768823033.98,miles de millones de pesos,dinero,total
2021-07-01,16,Ñuble,facturas_compra_interregional,unidades,325714.0,miles de unidades,conteo,total
2021-07-01,16,Ñuble,facturas_venta_interregional,unidades,219926.0,miles de unidades,conteo,total
2021-07-01,16,Ñuble,venta_interregional,pesos,160348641359.03,miles de millones de pesos,dinero,total
2021-07-01,16,Ñuble,venta_intrarregional,pesos,119768823033.98,miles de millones de pesos,dinero,total
2021-08-01,01,Tarapacá,compra_interregional,pesos,269472393394.05002,miles de millones de pesos,dinero,total
2021-08-01,01,Tarapacá,compra_intrarregional,pesos,101006348790.98,miles de millones de pesos,dinero,total
2021-08-01,01,Tarapacá,facturas_compra_interregional,unidades,211469.0,miles de unidades,conteo,total
2021-08-01,01,Tarapacá,facturas_venta_interregional,unidades,88628.0,miles de unidades,conteo,total
2021-08-01,01,Tarapacá,venta_interregional,pesos,91564027478.32399,miles de millones de pesos,dinero,total
2021-08-01,01,Tarapacá,venta_intrarregional,pesos,101006348790.98,miles de millones de pesos,dinero,total
2021-08-01,02,Antofagasta,compra_interregional,pesos,504718391402.47,miles de millones de pesos,dinero,total
2021-08-01,02,Antofagasta,compra_intrarregional,pesos,281438072693.13,miles de millones de pesos,dinero,total
2021-08-01,02,Antofagasta,facturas_compra_interregional,unidades,490941.0,miles de unidades,conteo,total
2021-08-01,02,Antofagasta,facturas_venta_interregional,unidades,194158.0,miles de unidades,conteo,total
2021-08-01,02,Antofagasta,venta_interregional,pesos,423114455914.16,miles de millones de pesos,dinero,total
2021-08-01,02,Antofagasta,venta_intrarregional,pesos,281438072693.13,miles de millones de pesos,dinero,total
2021-08-01,03,Atacama,compra_interregional,pesos,179668487292.65002,miles de millones de pesos,dinero,total
2021-08-01,03,Atacama,compra_intrarregional,pesos,85212072799.971,miles de millones de pesos,dinero,total
2021-08-01,03,Atacama,facturas_compra_interregional,unidades,243055.0,miles de unidades,conteo,total
2021-08-01,03,Atacama,facturas_venta_interregional,unidades,79321.0,miles de unidades,conteo,total
2021-08-01,03,Atacama,venta_interregional,pesos,120787496607.73001,miles de millones de pesos,dinero,total
2021-08-01,03,Atacama,venta_intrarregional,pesos,85212072799.971,miles de millones de pesos,dinero,total
2021-08-01,04,Coquimbo,compra_interregional,pesos,319356118285.36005,miles de millones de pesos,dinero,total
2021-08-01,04,Coquimbo,compra_intrarregional,pesos,210474743719.7,miles de millones de pesos,dinero,total
2021-08-01,04,Coquimbo,facturas_compra_interregional,unidades,556512.0,miles de unidades,conteo,total
2021-08-01,04,Coquimbo,facturas_venta_interregional,unidades,200271.0,miles de unidades,conteo,total
2021-08-01,04,Coquimbo,venta_interregional,pesos,201908036059.17,miles de millones de pesos,dinero,total
2021-08-01,04,Coquimbo,venta_intrarregional,pesos,210474743719.7,miles de millones de pesos,dinero,total
2021-08-01,05,Valparaíso,compra_interregional,pesos,861995380575.12,miles de millones de pesos,dinero,total
2021-08-01,05,Valparaíso,compra_intrarregional,pesos,496767851407.18,miles de millones de pesos,dinero,total
2021-08-01,05,Valparaíso,facturas_compra_interregional,unidades,1375818.0,miles de unidades,conteo,total
2021-08-01,05,Valparaíso,facturas_venta_interregional,unidades,720753.0,miles de unidades,conteo,total
2021-08-01,05,Valparaíso,venta_interregional,pesos,1198921022914.8,miles de millones de pesos,dinero,total
2021-08-01,05,Valparaíso,venta_intrarregional,pesos,496767851407.18,miles de millones de pesos,dinero,total
2021-08-01,06,O'Higgins,compra_interregional,pesos,605888868315.34,miles de millones de pesos,dinero,total
2021-08-01,06,O'Higgins,compra_intrarregional,pesos,315957370111.89996,miles de millones de pesos,dinero,total
2021-08-01,06,O'Higgins,facturas_compra_interregional,unidades,783765.0,miles de unidades,conteo,total
2021-08-01,06,O'Higgins,facturas_venta_interregional,unidades,272916.0,miles de unidades,conteo,total
2021-08-01,06,O'Higgins,venta_interregional,pesos,412058217282.49,miles de millones de pesos,dinero,total
2021-08-01,06,O'Higgins,venta_intrarregional,pesos,315957370111.89996,miles de millones de pesos,dinero,total
2021-08-01,07,Maule,compra_interregional,pesos,500935504231.92,miles de millones de pesos,dinero,total
2021-08-01,07,Maule,compra_intrarregional,pesos,355268996320.26,miles de millones de pesos,dinero,total
2021-08-01,07,Maule,facturas_compra_interregional,unidades,744904.0,miles de unidades,conteo,total
2021-08-01,07,Maule,facturas_venta_interregional,unidades,534909.0,miles de unidades,conteo,total
2021-08-01,07,Maule,venta_interregional,pesos,493196673898.38,miles de millones de pesos,dinero,total
2021-08-01,07,Maule,venta_intrarregional,pesos,355268996320.26,miles de millones de pesos,dinero,total
2021-08-01,08,Biobío,compra_interregional,pesos,715252769516.09,miles de millones de pesos,dinero,total
2021-08-01,08,Biobío,compra_intrarregional,pesos,544880765083.63995,miles de millones de pesos,dinero,total
2021-08-01,08,Biobío,facturas_compra_interregional,unidades,1136550.0,miles de unidades,conteo,total
2021-08-01,08,Biobío,facturas_venta_interregional,unidades,442998.0,miles de unidades,conteo,total
2021-08-01,08,Biobío,venta_interregional,pesos,677814295456.7999,miles de millones de pesos,dinero,total
2021-08-01,08,Biobío,venta_intrarregional,pesos,544880765083.63995,miles de millones de pesos,dinero,total
2021-08-01,09,La Araucanía,compra_interregional,pesos,373672058813.47003,miles de millones de pesos,dinero,total
2021-08-01,09,La Araucanía,compra_intrarregional,pesos,287087349844.75,miles de millones de pesos,dinero,total
2021-08-01,09,La Araucanía,facturas_compra_interregional,unidades,661244.0,miles de unidades,conteo,total
2021-08-01,09,La Araucanía,facturas_venta_interregional,unidades,305062.0,miles de unidades,conteo,total
2021-08-01,09,La Araucanía,venta_interregional,pesos,269598972910.4,miles de millones de pesos,dinero,total
2021-08-01,09,La Araucanía,venta_intrarregional,pesos,287087349844.75,miles de millones de pesos,dinero,total
2021-08-01,10,Los Lagos,compra_interregional,pesos,640013033079.56,miles de millones de pesos,dinero,total
2021-08-01,10,Los Lagos,compra_intrarregional,pesos,611750246767.79,miles de millones de pesos,dinero,total
2021-08-01,10,Los Lagos,facturas_compra_interregional,unidades,699000.0,miles de unidades,conteo,total
2021-08-01,10,Los Lagos,facturas_venta_interregional,unidades,340767.0,miles de unidades,conteo,total
2021-08-01,10,Los Lagos,venta_interregional,pesos,316998726609.58,miles de millones de pesos,dinero,total
2021-08-01,10,Los Lagos,venta_intrarregional,pesos,611750246767.79,miles de millones de pesos,dinero,total
2021-08-01,11,Aysén,compra_interregional,pesos,37850149770.119,miles de millones de pesos,dinero,total
2021-08-01,11,Aysén,compra_intrarregional,pesos,29510734941.33,miles de millones de pesos,dinero,total
2021-08-01,11,Aysén,facturas_compra_interregional,unidades,90395.0,miles de unidades,conteo,total
2021-08-01,11,Aysén,facturas_venta_interregional,unidades,26197.0,miles de unidades,conteo,total
2021-08-01,11,Aysén,venta_interregional,pesos,34447111552.364,miles de millones de pesos,dinero,total
2021-08-01,11,Aysén,venta_intrarregional,pesos,29510734941.33,miles de millones de pesos,dinero,total
2021-08-01,12,Magallanes,compra_interregional,pesos,95613613064.19699,miles de millones de pesos,dinero,total
2021-08-01,12,Magallanes,compra_intrarregional,pesos,70707769984.401,miles de millones de pesos,dinero,total
2021-08-01,12,Magallanes,facturas_compra_interregional,unidades,129293.0,miles de unidades,conteo,total
2021-08-01,12,Magallanes,facturas_venta_interregional,unidades,32298.0,miles de unidades,conteo,total
2021-08-01,12,Magallanes,venta_interregional,pesos,47833874797.638,miles de millones de pesos,dinero,total
2021-08-01,12,Magallanes,venta_intrarregional,pesos,70707769984.401,miles de millones de pesos,dinero,total
2021-08-01,13,Metropolitana de Santiago,compra_interregional,pesos,3957262501696.6997,miles de millones de pesos,dinero,total
2021-08-01,13,Metropolitana de Santiago,compra_intrarregional,pesos,14940256050464.0,miles de millones de pesos,dinero,total
2021-08-01,13,Metropolitana de Santiago,facturas_compra_interregional,unidades,2575421.0,miles de unidades,conteo,total
2021-08-01,13,Metropolitana de Santiago,facturas_venta_interregional,unidades,6853379.0,miles de unidades,conteo,total
2021-08-01,13,Metropolitana de Santiago,venta_interregional,pesos,4886531448591.0,miles de millones de pesos,dinero,total
2021-08-01,13,Metropolitana de Santiago,venta_intrarregional,pesos,14940256050464.0,miles de millones de pesos,dinero,total
2021-08-01,14,Los Ríos,compra_interregional,pesos,194455656736.15,miles de millones de pesos,dinero,total
2021-08-01,14,Los Ríos,compra_intrarregional,pesos,96747660349.04501,miles de millones de pesos,dinero,total
2021-08-01,14,Los Ríos,facturas_compra_interregional,unidades,353356.0,miles de unidades,conteo,total
2021-08-01,14,Los Ríos,facturas_venta_interregional,unidades,155843.0,miles de unidades,conteo,total
2021-08-01,14,Los Ríos,venta_interregional,pesos,147302349510.6,miles de millones de pesos,dinero,total
2021-08-01,14,Los Ríos,venta_intrarregional,pesos,96747660349.04501,miles de millones de pesos,dinero,total
2021-08-01,15,Arica y Parinacota,compra_interregional,pesos,82030900115.753,miles de millones de pesos,dinero,total
2021-08-01,15,Arica y Parinacota,compra_intrarregional,pesos,40727653452.199,miles de millones de pesos,dinero,total
2021-08-01,15,Arica y Parinacota,facturas_compra_interregional,unidades,131635.0,miles de unidades,conteo,total
2021-08-01,15,Arica y Parinacota,facturas_venta_interregional,unidades,47462.0,miles de unidades,conteo,total
2021-08-01,15,Arica y Parinacota,venta_interregional,pesos,40098863046.0,miles de millones de pesos,dinero,total
2021-08-01,15,Arica y Parinacota,venta_intrarregional,pesos,40727653452.199,miles de millones de pesos,dinero,total
2021-08-01,16,Ñuble,compra_interregional,pesos,190981433888.52,miles de millones de pesos,dinero,total
2021-08-01,16,Ñuble,compra_intrarregional,pesos,116484273880.84999,miles de millones de pesos,dinero,total
2021-08-01,16,Ñuble,facturas_compra_interregional,unidades,332174.0,miles de unidades,conteo,total
2021-08-01,16,Ñuble,facturas_venta_interregional,unidades,220570.0,miles de unidades,conteo,total
2021-08-01,16,Ñuble,venta_interregional,pesos,166991687547.94998,miles de millones de pesos,dinero,total
2021-08-01,16,Ñuble,venta_intrarregional,pesos,116484273880.84999,miles de millones de pesos,dinero,total
2021-09-01,01,Tarapacá,compra_interregional,pesos,277005059635.25,miles de millones de pesos,dinero,total
2021-09-01,01,Tarapacá,compra_intrarregional,pesos,98485019449.248,miles de millones de pesos,dinero,total
2021-09-01,01,Tarapacá,facturas_compra_interregional,unidades,201160.0,miles de unidades,conteo,total
2021-09-01,01,Tarapacá,facturas_venta_interregional,unidades,83488.0,miles de unidades,conteo,total
2021-09-01,01,Tarapacá,venta_interregional,pesos,92756154142.13399,miles de millones de pesos,dinero,total
2021-09-01,01,Tarapacá,venta_intrarregional,pesos,98485019449.248,miles de millones de pesos,dinero,total
2021-09-01,02,Antofagasta,compra_interregional,pesos,500083867729.32,miles de millones de pesos,dinero,total
2021-09-01,02,Antofagasta,compra_intrarregional,pesos,272078212054.68002,miles de millones de pesos,dinero,total
2021-09-01,02,Antofagasta,facturas_compra_interregional,unidades,466415.0,miles de unidades,conteo,total
2021-09-01,02,Antofagasta,facturas_venta_interregional,unidades,181540.0,miles de unidades,conteo,total
2021-09-01,02,Antofagasta,venta_interregional,pesos,452306085820.41,miles de millones de pesos,dinero,total
2021-09-01,02,Antofagasta,venta_intrarregional,pesos,272078212054.68002,miles de millones de pesos,dinero,total
2021-09-01,03,Atacama,compra_interregional,pesos,176631874903.83002,miles de millones de pesos,dinero,total
2021-09-01,03,Atacama,compra_intrarregional,pesos,83103540372.82799,miles de millones de pesos,dinero,total
2021-09-01,03,Atacama,facturas_compra_interregional,unidades,232209.0,miles de unidades,conteo,total
2021-09-01,03,Atacama,facturas_venta_interregional,unidades,76177.0,miles de unidades,conteo,total
2021-09-01,03,Atacama,venta_interregional,pesos,110615138636.86,miles de millones de pesos,dinero,total
2021-09-01,03,Atacama,venta_intrarregional,pesos,83103540372.82799,miles de millones de pesos,dinero,total
2021-09-01,04,Coquimbo,compra_interregional,pesos,317990535181.19,miles de millones de pesos,dinero,total
2021-09-01,04,Coquimbo,compra_intrarregional,pesos,204274740418.38,miles de millones de pesos,dinero,total
2021-09-01,04,Coquimbo,facturas_compra_interregional,unidades,526215.0,miles de unidades,conteo,total
2021-09-01,04,Coquimbo,facturas_venta_interregional,unidades,189643.0,miles de unidades,conteo,total
2021-09-01,04,Coquimbo,venta_interregional,pesos,213489058819.72998,miles de millones de pesos,dinero,total
2021-09-01,04,Coquimbo,venta_intrarregional,pesos,204274740418.38,miles de millones de pesos,dinero,total
2021-09-01,05,Valparaíso,compra_interregional,pesos,840375915663.3,miles de millones de pesos,dinero,total
2021-09-01,05,Valparaíso,compra_intrarregional,pesos,522181029283.36,miles de millones de pesos,dinero,total
2021-09-01,05,Valparaíso,facturas_compra_interregional,unidades,1318676.0,miles de unidades,conteo,total
2021-09-01,05,Valparaíso,facturas_venta_interregional,unidades,681373.0,miles de unidades,conteo,total
2021-09-01,05,Valparaíso,venta_interregional,pesos,1148255748117.3,miles de millones de pesos,dinero,total
2021-09-01,05,Valparaíso,venta_intrarregional,pesos,522181029283.36,miles de millones de pesos,dinero,total
2021-09-01,06,O'Higgins,compra_interregional,pesos,601153490946.88,miles de millones de pesos,dinero,total
2021-09-01,06,O'Higgins,compra_intrarregional,pesos,322961065364.3,miles de millones de pesos,dinero,total
2021-09-01,06,O'Higgins,facturas_compra_interregional,unidades,770198.0,miles de unidades,conteo,total
2021-09-01,06,O'Higgins,facturas_venta_interregional,unidades,263898.0,miles de unidades,conteo,total
2021-09-01,06,O'Higgins,venta_interregional,pesos,402677649561.17004,miles de millones de pesos,dinero,total
2021-09-01,06,O'Higgins,venta_intrarregional,pesos,322961065364.3,miles de millones de pesos,dinero,total
2021-09-01,07,Maule,compra_interregional,pesos,479124500520.36,miles de millones de pesos,dinero,total
2021-09-01,07,Maule,compra_intrarregional,pesos,358462450562.15,miles de millones de pesos,dinero,total
2021-09-01,07,Maule,facturas_compra_interregional,unidades,724021.0,miles de unidades,conteo,total
2021-09-01,07,Maule,facturas_venta_interregional,unidades,503097.0,miles de unidades,conteo,total
2021-09-01,07,Maule,venta_interregional,pesos,368379696586.68,miles de millones de pesos,dinero,total
2021-09-01,07,Maule,venta_intrarregional,pesos,358462450562.15,miles de millones de pesos,dinero,total
2021-09-01,08,Biobío,compra_interregional,pesos,687556361491.4401,miles de millones de pesos,dinero,total
2021-09-01,08,Biobío,compra_intrarregional,pesos,577557766701.62,miles de millones de pesos,dinero,total
2021-09-01,08,Biobío,facturas_compra_interregional,unidades,1080757.0,miles de unidades,conteo,total
2021-09-01,08,Biobío,facturas_venta_interregional,unidades,426505.0,miles de unidades,conteo,total
2021-09-01,08,Biobío,venta_interregional,pesos,713046207160.8301,miles de millones de pesos,dinero,total
2021-09-01,08,Biobío,venta_intrarregional,pesos,577557766701.62,miles de millones de pesos,dinero,total
2021-09-01,09,La Araucanía,compra_interregional,pesos,359660571637.46,miles de millones de pesos,dinero,total
2021-09-01,09,La Araucanía,compra_intrarregional,pesos,306617905042.27997,miles de millones de pesos,dinero,total
2021-09-01,09,La Araucanía,facturas_compra_interregional,unidades,632570.0,miles de unidades,conteo,total
2021-09-01,09,La Araucanía,facturas_venta_interregional,unidades,290463.0,miles de unidades,conteo,total
2021-09-01,09,La Araucanía,venta_interregional,pesos,255359336781.87997,miles de millones de pesos,dinero,total
2021-09-01,09,La Araucanía,venta_intrarregional,pesos,306617905042.27997,miles de millones de pesos,dinero,total
2021-09-01,10,Los Lagos,compra_interregional,pesos,648308272709.4199,miles de millones de pesos,dinero,total
2021-09-01,10,Los Lagos,compra_intrarregional,pesos,609957915784.78,miles de millones de pesos,dinero,total
2021-09-01,10,Los Lagos,facturas_compra_interregional,unidades,663738.0,miles de unidades,conteo,total
2021-09-01,10,Los Lagos,facturas_venta_interregional,unidades,331604.0,miles de unidades,conteo,total
2021-09-01,10,Los Lagos,venta_interregional,pesos,326184118777.46,miles de millones de pesos,dinero,total
2021-09-01,10,Los Lagos,venta_intrarregional,pesos,609957915784.78,miles de millones de pesos,dinero,total
2021-09-01,11,Aysén,compra_interregional,pesos,39879907679.73,miles de millones de pesos,dinero,total
2021-09-01,11,Aysén,compra_intrarregional,pesos,33091041011.795,miles de millones de pesos,dinero,total
2021-09-01,11,Aysén,facturas_compra_interregional,unidades,88238.0,miles de unidades,conteo,total
2021-09-01,11,Aysén,facturas_venta_interregional,unidades,25894.0,miles de unidades,conteo,total
2021-09-01,11,Aysén,venta_interregional,pesos,24375169579.0,miles de millones de pesos,dinero,total
2021-09-01,11,Aysén,venta_intrarregional,pesos,33091041011.795,miles de millones de pesos,dinero,total
2021-09-01,12,Magallanes,compra_interregional,pesos,94219199995.96901,miles de millones de pesos,dinero,total
2021-09-01,12,Magallanes,compra_intrarregional,pesos,74154978385.259,miles de millones de pesos,dinero,total
2021-09-01,12,Magallanes,facturas_compra_interregional,unidades,125540.0,miles de unidades,conteo,total
2021-09-01,12,Magallanes,facturas_venta_interregional,unidades,31595.0,miles de unidades,conteo,total
2021-09-01,12,Magallanes,venta_interregional,pesos,52770847337.021,miles de millones de pesos,dinero,total
2021-09-01,12,Magallanes,venta_intrarregional,pesos,74154978385.259,miles de millones de pesos,dinero,total
2021-09-01,13,Metropolitana de Santiago,compra_interregional,pesos,3797177305561.4,miles de millones de pesos,dinero,total
2021-09-01,13,Metropolitana de Santiago,compra_intrarregional,pesos,15289119434073.0,miles de millones de pesos,dinero,total
2021-09-01,13,Metropolitana de Santiago,facturas_compra_interregional,unidades,2442883.0,miles de unidades,conteo,total
2021-09-01,13,Metropolitana de Santiago,facturas_venta_interregional,unidades,6572493.0,miles de unidades,conteo,total
2021-09-01,13,Metropolitana de Santiago,venta_interregional,pesos,4800034878850.7,miles de millones de pesos,dinero,total
2021-09-01,13,Metropolitana de Santiago,venta_intrarregional,pesos,15289119434073.0,miles de millones de pesos,dinero,total
2021-09-01,14,Los Ríos,compra_interregional,pesos,204695522844.45,miles de millones de pesos,dinero,total
2021-09-01,14,Los Ríos,compra_intrarregional,pesos,100960126248.97,miles de millones de pesos,dinero,total
2021-09-01,14,Los Ríos,facturas_compra_interregional,unidades,344329.0,miles de unidades,conteo,total
2021-09-01,14,Los Ríos,facturas_venta_interregional,unidades,151053.0,miles de unidades,conteo,total
2021-09-01,14,Los Ríos,venta_interregional,pesos,142692657889.77,miles de millones de pesos,dinero,total
2021-09-01,14,Los Ríos,venta_intrarregional,pesos,100960126248.97,miles de millones de pesos,dinero,total
2021-09-01,15,Arica y Parinacota,compra_interregional,pesos,95463499784.707,miles de millones de pesos,dinero,total
2021-09-01,15,Arica y Parinacota,compra_intrarregional,pesos,40778590573.4,miles de millones de pesos,dinero,total
2021-09-01,15,Arica y Parinacota,facturas_compra_interregional,unidades,124471.0,miles de unidades,conteo,total
2021-09-01,15,Arica y Parinacota,facturas_venta_interregional,unidades,45436.0,miles de unidades,conteo,total
2021-09-01,15,Arica y Parinacota,venta_interregional,pesos,42032892235.0,miles de millones de pesos,dinero,total
2021-09-01,15,Arica y Parinacota,venta_intrarregional,pesos,40778590573.4,miles de millones de pesos,dinero,total
2021-09-01,16,Ñuble,compra_interregional,pesos,192208315895.39,miles de millones de pesos,dinero,total
2021-09-01,16,Ñuble,compra_intrarregional,pesos,118955784282.39,miles de millones de pesos,dinero,total
2021-09-01,16,Ñuble,facturas_compra_interregional,unidades,323156.0,miles de unidades,conteo,total
2021-09-01,16,Ñuble,facturas_venta_interregional,unidades,210317.0,miles de unidades,conteo,total
2021-09-01,16,Ñuble,venta_interregional,pesos,166558561884.14,miles de millones de pesos,dinero,total
2021-09-01,16,Ñuble,venta_intrarregional,pesos,118955784282.39,miles de millones de pesos,dinero,total
2021-10-01,01,Tarapacá,compra_interregional,pesos,292267504882.04,miles de millones de pesos,dinero,total
2021-10-01,01,Tarapacá,compra_intrarregional,pesos,100273690762.3,miles de millones de pesos,dinero,total
2021-10-01,01,Tarapacá,facturas_compra_interregional,unidades,206302.0,miles de unidades,conteo,total
2021-10-01,01,Tarapacá,facturas_venta_interregional,unidades,86659.0,miles de unidades,conteo,total
2021-10-01,01,Tarapacá,venta_interregional,pesos,91005824340.983,miles de millones de pesos,dinero,total
2021-10-01,01,Tarapacá,venta_intrarregional,pesos,100273690762.3,miles de millones de pesos,dinero,total
2021-10-01,02,Antofagasta,compra_interregional,pesos,509426296574.38,miles de millones de pesos,dinero,total
2021-10-01,02,Antofagasta,compra_intrarregional,pesos,285458382854.91,miles de millones de pesos,dinero,total
2021-10-01,02,Antofagasta,facturas_compra_interregional,unidades,474068.0,miles de unidades,conteo,total
2021-10-01,02,Antofagasta,facturas_venta_interregional,unidades,186479.0,miles de unidades,conteo,total
2021-10-01,02,Antofagasta,venta_interregional,pesos,444322389622.31995,miles de millones de pesos,dinero,total
2021-10-01,02,Antofagasta,venta_intrarregional,pesos,285458382854.91,miles de millones de pesos,dinero,total
2021-10-01,03,Atacama,compra_interregional,pesos,191943784229.92,miles de millones de pesos,dinero,total
2021-10-01,03,Atacama,compra_intrarregional,pesos,88591432483.44899,miles de millones de pesos,dinero,total
2021-10-01,03,Atacama,facturas_compra_interregional,unidades,237163.0,miles de unidades,conteo,total
2021-10-01,03,Atacama,facturas_venta_interregional,unidades,79844.0,miles de unidades,conteo,total
2021-10-01,03,Atacama,venta_interregional,pesos,114793053333.83,miles de millones de pesos,dinero,total
2021-10-01,03,Atacama,venta_intrarregional,pesos,88591432483.44899,miles de millones de pesos,dinero,total
2021-10-01,04,Coquimbo,compra_interregional,pesos,326341062413.73004,miles de millones de pesos,dinero,total
2021-10-01,04,Coquimbo,compra_intrarregional,pesos,197704180035.64,miles de millones de pesos,dinero,total
2021-10-01,04,Coquimbo,facturas_compra_interregional,unidades,539510.0,miles de unidades,conteo,total
2021-10-01,04,Coquimbo,facturas_venta_interregional,unidades,193983.0,miles de unidades,conteo,total
2021-10-01,04,Coquimbo,venta_interregional,pesos,211877709863.71002,miles de millones de pesos,dinero,total
2021-10-01,04,Coquimbo,venta_intrarregional,pesos,197704180035.64,miles de millones de pesos,dinero,total
2021-10-01,05,Valparaíso,compra_interregional,pesos,865116566547.63,miles de millones de pesos,dinero,total
2021-10-01,05,Valparaíso,compra_intrarregional,pesos,545402417023.94995,miles de millones de pesos,dinero,total
2021-10-01,05,Valparaíso,facturas_compra_interregional,unidades,1324579.0,miles de unidades,conteo,total
2021-10-01,05,Valparaíso,facturas_venta_interregional,unidades,709523.0,miles de unidades,conteo,total
2021-10-01,05,Valparaíso,venta_interregional,pesos,1290512322061.2,miles de millones de pesos,dinero,total
2021-10-01,05,Valparaíso,venta_intrarregional,pesos,545402417023.94995,miles de millones de pesos,dinero,total
2021-10-01,06,O'Higgins,compra_interregional,pesos,626825359624.14,miles de millones de pesos,dinero,total
2021-10-01,06,O'Higgins,compra_intrarregional,pesos,352314539340.83997,miles de millones de pesos,dinero,total
2021-10-01,06,O'Higgins,facturas_compra_interregional,unidades,784203.0,miles de unidades,conteo,total
2021-10-01,06,O'Higgins,facturas_venta_interregional,unidades,273251.0,miles de unidades,conteo,total
2021-10-01,06,O'Higgins,venta_interregional,pesos,426249146153.39996,miles de millones de pesos,dinero,total
2021-10-01,06,O'Higgins,venta_intrarregional,pesos,352314539340.83997,miles de millones de pesos,dinero,total
2021-10-01,07,Maule,compra_interregional,pesos,478344415082.32,miles de millones de pesos,dinero,total
2021-10-01,07,Maule,compra_intrarregional,pesos,370468700015.09,miles de millones de pesos,dinero,total
2021-10-01,07,Maule,facturas_compra_interregional,unidades,742125.0,miles de unidades,conteo,total
2021-10-01,07,Maule,facturas_venta_interregional,unidades,523230.0,miles de unidades,conteo,total
2021-10-01,07,Maule,venta_interregional,pesos,390869117429.69,miles de millones de pesos,dinero,total
2021-10-01,07,Maule,venta_intrarregional,pesos,370468700015.09,miles de millones de pesos,dinero,total
2021-10-01,08,Biobío,compra_interregional,pesos,699710658616.87,miles de millones de pesos,dinero,total
2021-10-01,08,Biobío,compra_intrarregional,pesos,579284421209.31,miles de millones de pesos,dinero,total
2021-10-01,08,Biobío,facturas_compra_interregional,unidades,1105686.0,miles de unidades,conteo,total
2021-10-01,08,Biobío,facturas_venta_interregional,unidades,432017.0,miles de unidades,conteo,total
2021-10-01,08,Biobío,venta_interregional,pesos,719496483369.82,miles de millones de pesos,dinero,total
2021-10-01,08,Biobío,venta_intrarregional,pesos,579284421209.31,miles de millones de pesos,dinero,total
2021-10-01,09,La Araucanía,compra_interregional,pesos,354734613218.83,miles de millones de pesos,dinero,total
2021-10-01,09,La Araucanía,compra_intrarregional,pesos,296727669719.56995,miles de millones de pesos,dinero,total
2021-10-01,09,La Araucanía,facturas_compra_interregional,unidades,643987.0,miles de unidades,conteo,total
2021-10-01,09,La Araucanía,facturas_venta_interregional,unidades,297000.0,miles de unidades,conteo,total
2021-10-01,09,La Araucanía,venta_interregional,pesos,275843542432.32,miles de millones de pesos,dinero,total
2021-10-01,09,La Araucanía,venta_intrarregional,pesos,296727669719.56995,miles de millones de pesos,dinero,total
2021-10-01,10,Los Lagos,compra_interregional,pesos,681530733721.34,miles de millones de pesos,dinero,total
2021-10-01,10,Los Lagos,compra_intrarregional,pesos,635710596828.7,miles de millones de pesos,dinero,total
2021-10-01,10,Los Lagos,facturas_compra_interregional,unidades,677365.0,miles de unidades,conteo,total
2021-10-01,10,Los Lagos,facturas_venta_interregional,unidades,350004.0,miles de unidades,conteo,total
2021-10-01,10,Los Lagos,venta_interregional,pesos,331184135899.55,miles de millones de pesos,dinero,total
2021-10-01,10,Los Lagos,venta_intrarregional,pesos,635710596828.7,miles de millones de pesos,dinero,total
2021-10-01,11,Aysén,compra_interregional,pesos,39953467869.298996,miles de millones de pesos,dinero,total
2021-10-01,11,Aysén,compra_intrarregional,pesos,30679098225.371,miles de millones de pesos,dinero,total
2021-10-01,11,Aysén,facturas_compra_interregional,unidades,96441.0,miles de unidades,conteo,total
2021-10-01,11,Aysén,facturas_venta_interregional,unidades,27549.0,miles de unidades,conteo,total
2021-10-01,11,Aysén,venta_interregional,pesos,35253310472.849,miles de millones de pesos,dinero,total
2021-10-01,11,Aysén,venta_intrarregional,pesos,30679098225.371,miles de millones de pesos,dinero,total
2021-10-01,12,Magallanes,compra_interregional,pesos,107291205167.87999,miles de millones de pesos,dinero,total
2021-10-01,12,Magallanes,compra_intrarregional,pesos,75199095042.982,miles de millones de pesos,dinero,total
2021-10-01,12,Magallanes,facturas_compra_interregional,unidades,128192.0,miles de unidades,conteo,total
2021-10-01,12,Magallanes,facturas_venta_interregional,unidades,33145.0,miles de unidades,conteo,total
2021-10-01,12,Magallanes,venta_interregional,pesos,58625414201.319,miles de millones de pesos,dinero,total
2021-10-01,12,Magallanes,venta_intrarregional,pesos,75199095042.982,miles de millones de pesos,dinero,total
2021-10-01,13,Metropolitana de Santiago,compra_interregional,pesos,3982509747929.5,miles de millones de pesos,dinero,total
2021-10-01,13,Metropolitana de Santiago,compra_intrarregional,pesos,15195435891162.0,miles de millones de pesos,dinero,total
2021-10-01,13,Metropolitana de Santiago,facturas_compra_interregional,unidades,2521467.0,miles de unidades,conteo,total
2021-10-01,13,Metropolitana de Santiago,facturas_venta_interregional,unidades,6680709.0,miles de unidades,conteo,total
2021-10-01,13,Metropolitana de Santiago,venta_interregional,pesos,4920227452687.2,miles de millones de pesos,dinero,total
2021-10-01,13,Metropolitana de Santiago,venta_intrarregional,pesos,15195435891162.0,miles de millones de pesos,dinero,total
2021-10-01,14,Los Ríos,compra_interregional,pesos,206005144726.72,miles de millones de pesos,dinero,total
2021-10-01,14,Los Ríos,compra_intrarregional,pesos,100949320551.47,miles de millones de pesos,dinero,total
2021-10-01,14,Los Ríos,facturas_compra_interregional,unidades,347549.0,miles de unidades,conteo,total
2021-10-01,14,Los Ríos,facturas_venta_interregional,unidades,154556.0,miles de unidades,conteo,total
2021-10-01,14,Los Ríos,venta_interregional,pesos,148177136596.06,miles de millones de pesos,dinero,total
2021-10-01,14,Los Ríos,venta_intrarregional,pesos,100949320551.47,miles de millones de pesos,dinero,total
2021-10-01,15,Arica y Parinacota,compra_interregional,pesos,97993466852.833,miles de millones de pesos,dinero,total
2021-10-01,15,Arica y Parinacota,compra_intrarregional,pesos,42703312507.299995,miles de millones de pesos,dinero,total
2021-10-01,15,Arica y Parinacota,facturas_compra_interregional,unidades,128338.0,miles de unidades,conteo,total
2021-10-01,15,Arica y Parinacota,facturas_venta_interregional,unidades,46571.0,miles de unidades,conteo,total
2021-10-01,15,Arica y Parinacota,venta_interregional,pesos,43272542364.0,miles de millones de pesos,dinero,total
2021-10-01,15,Arica y Parinacota,venta_intrarregional,pesos,42703312507.299995,miles de millones de pesos,dinero,total
2021-10-01,16,Ñuble,compra_interregional,pesos,199459741110.2,miles de millones de pesos,dinero,total
2021-10-01,16,Ñuble,compra_intrarregional,pesos,115863230797.46,miles de millones de pesos,dinero,total
2021-10-01,16,Ñuble,facturas_compra_interregional,unidades,330408.0,miles de unidades,conteo,total
2021-10-01,16,Ñuble,facturas_venta_interregional,unidades,212863.0,miles de unidades,conteo,total
2021-10-01,16,Ñuble,venta_interregional,pesos,157744187739.4,miles de millones de pesos,dinero,total
2021-10-01,16,Ñuble,venta_intrarregional,pesos,115863230797.46,miles de millones de pesos,dinero,total
2021-11-01,01,Tarapacá,compra_interregional,pesos,312113201238.16,miles de millones de pesos,dinero,total
2021-11-01,01,Tarapacá,compra_intrarregional,pesos,118599243448.04,miles de millones de pesos,dinero,total
2021-11-01,01,Tarapacá,facturas_compra_interregional,unidades,210825.0,miles de unidades,conteo,total
2021-11-01,01,Tarapacá,facturas_venta_interregional,unidades,88874.0,miles de unidades,conteo,total
2021-11-01,01,Tarapacá,venta_interregional,pesos,99385470023.86101,miles de millones de pesos,dinero,total
2021-11-01,01,Tarapacá,venta_intrarregional,pesos,118599243448.04,miles de millones de pesos,dinero,total
2021-11-01,02,Antofagasta,compra_interregional,pesos,518324359223.79,miles de millones de pesos,dinero,total
2021-11-01,02,Antofagasta,compra_intrarregional,pesos,292497133014.55,miles de millones de pesos,dinero,total
2021-11-01,02,Antofagasta,facturas_compra_interregional,unidades,485938.0,miles de unidades,conteo,total
2021-11-01,02,Antofagasta,facturas_venta_interregional,unidades,193204.0,miles de unidades,conteo,total
2021-11-01,02,Antofagasta,venta_interregional,pesos,463710940733.49,miles de millones de pesos,dinero,total
2021-11-01,02,Antofagasta,venta_intrarregional,pesos,292497133014.55,miles de millones de pesos,dinero,total
2021-11-01,03,Atacama,compra_interregional,pesos,207327776799.17,miles de millones de pesos,dinero,total
2021-11-01,03,Atacama,compra_intrarregional,pesos,90762883025.77701,miles de millones de pesos,dinero,total
2021-11-01,03,Atacama,facturas_compra_interregional,unidades,241088.0,miles de unidades,conteo,total
2021-11-01,03,Atacama,facturas_venta_interregional,unidades,82503.0,miles de unidades,conteo,total
2021-11-01,03,Atacama,venta_interregional,pesos,125924368073.7,miles de millones de pesos,dinero,total
2021-11-01,03,Atacama,venta_intrarregional,pesos,90762883025.77701,miles de millones de pesos,dinero,total
2021-11-01,04,Coquimbo,compra_interregional,pesos,341471268901.72003,miles de millones de pesos,dinero,total
2021-11-01,04,Coquimbo,compra_intrarregional,pesos,209184035753.79,miles de millones de pesos,dinero,total
2021-11-01,04,Coquimbo,facturas_compra_interregional,unidades,551293.0,miles de unidades,conteo,total
2021-11-01,04,Coquimbo,facturas_venta_interregional,unidades,199020.0,miles de unidades,conteo,total
2021-11-01,04,Coquimbo,venta_interregional,pesos,218692111921.63998,miles de millones de pesos,dinero,total
2021-11-01,04,Coquimbo,venta_intrarregional,pesos,209184035753.79,miles de millones de pesos,dinero,total
2021-11-01,05,Valparaíso,compra_interregional,pesos,898642254683.18,miles de millones de pesos,dinero,total
2021-11-01,05,Valparaíso,compra_intrarregional,pesos,595139052749.04,miles de millones de pesos,dinero,total
2021-11-01,05,Valparaíso,facturas_compra_interregional,unidades,1354024.0,miles de unidades,conteo,total
2021-11-01,05,Valparaíso,facturas_venta_interregional,unidades,726633.0,miles de unidades,conteo,total
2021-11-01,05,Valparaíso,venta_interregional,pesos,1334469533067.3,miles de millones de pesos,dinero,total
2021-11-01,05,Valparaíso,venta_intrarregional,pesos,595139052749.04,miles de millones de pesos,dinero,total
2021-11-01,06,O'Higgins,compra_interregional,pesos,646636621542.43,miles de millones de pesos,dinero,total
2021-11-01,06,O'Higgins,compra_intrarregional,pesos,394193291867.22003,miles de millones de pesos,dinero,total
2021-11-01,06,O'Higgins,facturas_compra_interregional,unidades,802766.0,miles de unidades,conteo,total
2021-11-01,06,O'Higgins,facturas_venta_interregional,unidades,285847.0,miles de unidades,conteo,total
2021-11-01,06,O'Higgins,venta_interregional,pesos,441771411232.37,miles de millones de pesos,dinero,total
2021-11-01,06,O'Higgins,venta_intrarregional,pesos,394193291867.22003,miles de millones de pesos,dinero,total
2021-11-01,07,Maule,compra_interregional,pesos,515210656175.26996,miles de millones de pesos,dinero,total
2021-11-01,07,Maule,compra_intrarregional,pesos,436570646805.64996,miles de millones de pesos,dinero,total
2021-11-01,07,Maule,facturas_compra_interregional,unidades,761272.0,miles de unidades,conteo,total
2021-11-01,07,Maule,facturas_venta_interregional,unidades,537214.0,miles de unidades,conteo,total
2021-11-01,07,Maule,venta_interregional,pesos,419541861152.12,miles de millones de pesos,dinero,total
2021-11-01,07,Maule,venta_intrarregional,pesos,436570646805.64996,miles de millones de pesos,dinero,total
2021-11-01,08,Biobío,compra_interregional,pesos,738355118271.16,miles de millones de pesos,dinero,total
2021-11-01,08,Biobío,compra_intrarregional,pesos,619921893039.1399,miles de millones de pesos,dinero,total
2021-11-01,08,Biobío,facturas_compra_interregional,unidades,1140011.0,miles de unidades,conteo,total
2021-11-01,08,Biobío,facturas_venta_interregional,unidades,450921.0,miles de unidades,conteo,total
2021-11-01,08,Biobío,venta_interregional,pesos,787574863785.2799,miles de millones de pesos,dinero,total
2021-11-01,08,Biobío,venta_intrarregional,pesos,619921893039.1399,miles de millones de pesos,dinero,total
2021-11-01,09,La Araucanía,compra_interregional,pesos,385661139289.45996,miles de millones de pesos,dinero,total
2021-11-01,09,La Araucanía,compra_intrarregional,pesos,325000190990.47003,miles de millones de pesos,dinero,total
2021-11-01,09,La Araucanía,facturas_compra_interregional,unidades,670935.0,miles de unidades,conteo,total
2021-11-01,09,La Araucanía,facturas_venta_interregional,unidades,307880.0,miles de unidades,conteo,total
2021-11-01,09,La Araucanía,venta_interregional,pesos,287678699136.45,miles de millones de pesos,dinero,total
2021-11-01,09,La Araucanía,venta_intrarregional,pesos,325000190990.47003,miles de millones de pesos,dinero,total
2021-11-01,10,Los Lagos,compra_interregional,pesos,694682558120.58,miles de millones de pesos,dinero,total
2021-11-01,10,Los Lagos,compra_intrarregional,pesos,690109978495.63,miles de millones de pesos,dinero,total
2021-11-01,10,Los Lagos,facturas_compra_interregional,unidades,692244.0,miles de unidades,conteo,total
2021-11-01,10,Los Lagos,facturas_venta_interregional,unidades,360232.0,miles de unidades,conteo,total
2021-11-01,10,Los Lagos,venta_interregional,pesos,377821941957.5,miles de millones de pesos,dinero,total
2021-11-01,10,Los Lagos,venta_intrarregional,pesos,690109978495.63,miles de millones de pesos,dinero,total
2021-11-01,11,Aysén,compra_interregional,pesos,42119774826.715004,miles de millones de pesos,dinero,total
2021-11-01,11,Aysén,compra_intrarregional,pesos,33765641012.821,miles de millones de pesos,dinero,total
2021-11-01,11,Aysén,facturas_compra_interregional,unidades,98414.0,miles de unidades,conteo,total
2021-11-01,11,Aysén,facturas_venta_interregional,unidades,28511.0,miles de unidades,conteo,total
2021-11-01,11,Aysén,venta_interregional,pesos,28572639425.166,miles de millones de pesos,dinero,total
2021-11-01,11,Aysén,venta_intrarregional,pesos,33765641012.821,miles de millones de pesos,dinero,total
2021-11-01,12,Magallanes,compra_interregional,pesos,107922648752.84999,miles de millones de pesos,dinero,total
2021-11-01,12,Magallanes,compra_intrarregional,pesos,99140101370.24,miles de millones de pesos,dinero,total
2021-11-01,12,Magallanes,facturas_compra_interregional,unidades,133598.0,miles de unidades,conteo,total
2021-11-01,12,Magallanes,facturas_venta_interregional,unidades,35973.0,miles de unidades,conteo,total
2021-11-01,12,Magallanes,venta_interregional,pesos,70259895796.133,miles de millones de pesos,dinero,total
2021-11-01,12,Magallanes,venta_intrarregional,pesos,99140101370.24,miles de millones de pesos,dinero,total
2021-11-01,13,Metropolitana de Santiago,compra_interregional,pesos,4280194857000.6997,miles de millones de pesos,dinero,total
2021-11-01,13,Metropolitana de Santiago,compra_intrarregional,pesos,16323958543609.0,miles de millones de pesos,dinero,total
2021-11-01,13,Metropolitana de Santiago,facturas_compra_interregional,unidades,2606317.0,miles de unidades,conteo,total
2021-11-01,13,Metropolitana de Santiago,facturas_venta_interregional,unidades,6857977.0,miles de unidades,conteo,total
2021-11-01,13,Metropolitana de Santiago,venta_interregional,pesos,5197651664181.2,miles de millones de pesos,dinero,total
2021-11-01,13,Metropolitana de Santiago,venta_intrarregional,pesos,16323958543609.0,miles de millones de pesos,dinero,total
2021-11-01,14,Los Ríos,compra_interregional,pesos,224354844493.99,miles de millones de pesos,dinero,total
2021-11-01,14,Los Ríos,compra_intrarregional,pesos,113348301534.37,miles de millones de pesos,dinero,total
2021-11-01,14,Los Ríos,facturas_compra_interregional,unidades,358161.0,miles de unidades,conteo,total
2021-11-01,14,Los Ríos,facturas_venta_interregional,unidades,159275.0,miles de unidades,conteo,total
2021-11-01,14,Los Ríos,venta_interregional,pesos,154812080936.34,miles de millones de pesos,dinero,total
2021-11-01,14,Los Ríos,venta_intrarregional,pesos,113348301534.37,miles de millones de pesos,dinero,total
2021-11-01,15,Arica y Parinacota,compra_interregional,pesos,95661461583.961,miles de millones de pesos,dinero,total
2021-11-01,15,Arica y Parinacota,compra_intrarregional,pesos,44909390086.6,miles de millones de pesos,dinero,total
2021-11-01,15,Arica y Parinacota,facturas_compra_interregional,unidades,128759.99999999999,miles de unidades,conteo,total
2021-11-01,15,Arica y Parinacota,facturas_venta_interregional,unidades,46367.0,miles de unidades,conteo,total
2021-11-01,15,Arica y Parinacota,venta_interregional,pesos,42123164632.0,miles de millones de pesos,dinero,total
2021-11-01,15,Arica y Parinacota,venta_intrarregional,pesos,44909390086.6,miles de millones de pesos,dinero,total
2021-11-01,16,Ñuble,compra_interregional,pesos,220231416387.71,miles de millones de pesos,dinero,total
2021-11-01,16,Ñuble,compra_intrarregional,pesos,130538855030.17,miles de millones de pesos,dinero,total
2021-11-01,16,Ñuble,facturas_compra_interregional,unidades,342400.0,miles de unidades,conteo,total
2021-11-01,16,Ñuble,facturas_venta_interregional,unidades,217615.0,miles de unidades,conteo,total
2021-11-01,16,Ñuble,venta_interregional,pesos,178919311236.31,miles de millones de pesos,dinero,total
2021-11-01,16,Ñuble,venta_intrarregional,pesos,130538855030.17,miles de millones de pesos,dinero,total
2021-12-01,01,Tarapacá,compra_interregional,pesos,391405047055.95996,miles de millones de pesos,dinero,total
2021-12-01,01,Tarapacá,compra_intrarregional,pesos,134837523982.12,miles de millones de pesos,dinero,total
2021-12-01,01,Tarapacá,facturas_compra_interregional,unidades,212611.0,miles de unidades,conteo,total
2021-12-01,01,Tarapacá,facturas_venta_interregional,unidades,89666.0,miles de unidades,conteo,total
2021-12-01,01,Tarapacá,venta_interregional,pesos,118619158337.71,miles de millones de pesos,dinero,total
2021-12-01,01,Tarapacá,venta_intrarregional,pesos,134837523982.12,miles de millones de pesos,dinero,total
2021-12-01,02,Antofagasta,compra_interregional,pesos,736030604738.61,miles de millones de pesos,dinero,total
2021-12-01,02,Antofagasta,compra_intrarregional,pesos,342032538777.23,miles de millones de pesos,dinero,total
2021-12-01,02,Antofagasta,facturas_compra_interregional,unidades,487636.0,miles de unidades,conteo,total
2021-12-01,02,Antofagasta,facturas_venta_interregional,unidades,190605.0,miles de unidades,conteo,total
2021-12-01,02,Antofagasta,venta_interregional,pesos,670992371106.2001,miles de millones de pesos,dinero,total
2021-12-01,02,Antofagasta,venta_intrarregional,pesos,342032538777.23,miles de millones de pesos,dinero,total
2021-12-01,03,Atacama,compra_interregional,pesos,238720422821.45,miles de millones de pesos,dinero,total
2021-12-01,03,Atacama,compra_intrarregional,pesos,121075153009.38,miles de millones de pesos,dinero,total
2021-12-01,03,Atacama,facturas_compra_interregional,unidades,245836.0,miles de unidades,conteo,total
2021-12-01,03,Atacama,facturas_venta_interregional,unidades,82430.0,miles de unidades,conteo,total
2021-12-01,03,Atacama,venta_interregional,pesos,141578563548.06,miles de millones de pesos,dinero,total
2021-12-01,03,Atacama,venta_intrarregional,pesos,121075153009.38,miles de millones de pesos,dinero,total
2021-12-01,04,Coquimbo,compra_interregional,pesos,384129763541.32,miles de millones de pesos,dinero,total
2021-12-01,04,Coquimbo,compra_intrarregional,pesos,244945293121.5,miles de millones de pesos,dinero,total
2021-12-01,04,Coquimbo,facturas_compra_interregional,unidades,560487.0,miles de unidades,conteo,total
2021-12-01,04,Coquimbo,facturas_venta_interregional,unidades,197870.0,miles de unidades,conteo,total
2021-12-01,04,Coquimbo,venta_interregional,pesos,245724671599.79,miles de millones de pesos,dinero,total
2021-12-01,04,Coquimbo,venta_intrarregional,pesos,244945293121.5,miles de millones de pesos,dinero,total
2021-12-01,05,Valparaíso,compra_interregional,pesos,1054963397323.8999,miles de millones de pesos,dinero,total
2021-12-01,05,Valparaíso,compra_intrarregional,pesos,691382589921.26,miles de millones de pesos,dinero,total
2021-12-01,05,Valparaíso,facturas_compra_interregional,unidades,1360162.0,miles de unidades,conteo,total
2021-12-01,05,Valparaíso,facturas_venta_interregional,unidades,760516.0,miles de unidades,conteo,total
2021-12-01,05,Valparaíso,venta_interregional,pesos,1501418453322.0,miles de millones de pesos,dinero,total
2021-12-01,05,Valparaíso,venta_intrarregional,pesos,691382589921.26,miles de millones de pesos,dinero,total
2021-12-01,06,O'Higgins,compra_interregional,pesos,792892854217.14,miles de millones de pesos,dinero,total
2021-12-01,06,O'Higgins,compra_intrarregional,pesos,583749818719.99,miles de millones de pesos,dinero,total
2021-12-01,06,O'Higgins,facturas_compra_interregional,unidades,798720.0,miles de unidades,conteo,total
2021-12-01,06,O'Higgins,facturas_venta_interregional,unidades,289986.0,miles de unidades,conteo,total
2021-12-01,06,O'Higgins,venta_interregional,pesos,603010413104.2,miles de millones de pesos,dinero,total
2021-12-01,06,O'Higgins,venta_intrarregional,pesos,583749818719.99,miles de millones de pesos,dinero,total
2021-12-01,07,Maule,compra_interregional,pesos,595161273991.42,miles de millones de pesos,dinero,total
2021-12-01,07,Maule,compra_intrarregional,pesos,619530160182.6,miles de millones de pesos,dinero,total
2021-12-01,07,Maule,facturas_compra_interregional,unidades,755133.0,miles de unidades,conteo,total
2021-12-01,07,Maule,facturas_venta_interregional,unidades,541145.0,miles de unidades,conteo,total
2021-12-01,07,Maule,venta_interregional,pesos,515889043793.46,miles de millones de pesos,dinero,total
2021-12-01,07,Maule,venta_intrarregional,pesos,619530160182.6,miles de millones de pesos,dinero,total
2021-12-01,08,Biobío,compra_interregional,pesos,860152919901.29,miles de millones de pesos,dinero,total
2021-12-01,08,Biobío,compra_intrarregional,pesos,726458211308.89,miles de millones de pesos,dinero,total
2021-12-01,08,Biobío,facturas_compra_interregional,unidades,1122636.0,miles de unidades,conteo,total
2021-12-01,08,Biobío,facturas_venta_interregional,unidades,457168.0,miles de unidades,conteo,total
2021-12-01,08,Biobío,venta_interregional,pesos,909837871447.5,miles de millones de pesos,dinero,total
2021-12-01,08,Biobío,venta_intrarregional,pesos,726458211308.89,miles de millones de pesos,dinero,total
2021-12-01,09,La Araucanía,compra_interregional,pesos,434217410757.11,miles de millones de pesos,dinero,total
2021-12-01,09,La Araucanía,compra_intrarregional,pesos,398555754694.84,miles de millones de pesos,dinero,total
2021-12-01,09,La Araucanía,facturas_compra_interregional,unidades,663033.0,miles de unidades,conteo,total
2021-12-01,09,La Araucanía,facturas_venta_interregional,unidades,311804.0,miles de unidades,conteo,total
2021-12-01,09,La Araucanía,venta_interregional,pesos,331932571868.56,miles de millones de pesos,dinero,total
2021-12-01,09,La Araucanía,venta_intrarregional,pesos,398555754694.84,miles de millones de pesos,dinero,total
2021-12-01,10,Los Lagos,compra_interregional,pesos,768419198991.15,miles de millones de pesos,dinero,total
2021-12-01,10,Los Lagos,compra_intrarregional,pesos,804969408743.35,miles de millones de pesos,dinero,total
2021-12-01,10,Los Lagos,facturas_compra_interregional,unidades,683099.0,miles de unidades,conteo,total
2021-12-01,10,Los Lagos,facturas_venta_interregional,unidades,360437.0,miles de unidades,conteo,total
2021-12-01,10,Los Lagos,venta_interregional,pesos,433564879656.89,miles de millones de pesos,dinero,total
2021-12-01,10,Los Lagos,venta_intrarregional,pesos,804969408743.35,miles de millones de pesos,dinero,total
2021-12-01,11,Aysén,compra_interregional,pesos,56232288699.304,miles de millones de pesos,dinero,total
2021-12-01,11,Aysén,compra_intrarregional,pesos,40672018111.36,miles de millones de pesos,dinero,total
2021-12-01,11,Aysén,facturas_compra_interregional,unidades,94829.0,miles de unidades,conteo,total
2021-12-01,11,Aysén,facturas_venta_interregional,unidades,28803.0,miles de unidades,conteo,total
2021-12-01,11,Aysén,venta_interregional,pesos,31978514279.368,miles de millones de pesos,dinero,total
2021-12-01,11,Aysén,venta_intrarregional,pesos,40672018111.36,miles de millones de pesos,dinero,total
2021-12-01,12,Magallanes,compra_interregional,pesos,132841461939.64,miles de millones de pesos,dinero,total
2021-12-01,12,Magallanes,compra_intrarregional,pesos,105039700886.82,miles de millones de pesos,dinero,total
2021-12-01,12,Magallanes,facturas_compra_interregional,unidades,134279.0,miles de unidades,conteo,total
2021-12-01,12,Magallanes,facturas_venta_interregional,unidades,36375.0,miles de unidades,conteo,total
2021-12-01,12,Magallanes,venta_interregional,pesos,79348950027.372,miles de millones de pesos,dinero,total
2021-12-01,12,Magallanes,venta_intrarregional,pesos,105039700886.82,miles de millones de pesos,dinero,total
2021-12-01,13,Metropolitana de Santiago,compra_interregional,pesos,5232844684929.6,miles de millones de pesos,dinero,total
2021-12-01,13,Metropolitana de Santiago,compra_intrarregional,pesos,19189612827705.0,miles de millones de pesos,dinero,total
2021-12-01,13,Metropolitana de Santiago,facturas_compra_interregional,unidades,2641178.0,miles de unidades,conteo,total
2021-12-01,13,Metropolitana de Santiago,facturas_venta_interregional,unidades,6824211.0,miles de unidades,conteo,total
2021-12-01,13,Metropolitana de Santiago,venta_interregional,pesos,6346081943380.0,miles de millones de pesos,dinero,total
2021-12-01,13,Metropolitana de Santiago,venta_intrarregional,pesos,19189612827705.0,miles de millones de pesos,dinero,total
2021-12-01,14,Los Ríos,compra_interregional,pesos,291425843750.62,miles de millones de pesos,dinero,total
2021-12-01,14,Los Ríos,compra_intrarregional,pesos,124294963656.61,miles de millones de pesos,dinero,total
2021-12-01,14,Los Ríos,facturas_compra_interregional,unidades,364862.0,miles de unidades,conteo,total
2021-12-01,14,Los Ríos,facturas_venta_interregional,unidades,157642.0,miles de unidades,conteo,total
2021-12-01,14,Los Ríos,venta_interregional,pesos,164926427018.01,miles de millones de pesos,dinero,total
2021-12-01,14,Los Ríos,venta_intrarregional,pesos,124294963656.61,miles de millones de pesos,dinero,total
2021-12-01,15,Arica y Parinacota,compra_interregional,pesos,122401627228.11,miles de millones de pesos,dinero,total
2021-12-01,15,Arica y Parinacota,compra_intrarregional,pesos,51294380246.32,miles de millones de pesos,dinero,total
2021-12-01,15,Arica y Parinacota,facturas_compra_interregional,unidades,126870.0,miles de unidades,conteo,total
2021-12-01,15,Arica y Parinacota,facturas_venta_interregional,unidades,43376.0,miles de unidades,conteo,total
2021-12-01,15,Arica y Parinacota,venta_interregional,pesos,42745163873.0,miles de millones de pesos,dinero,total
2021-12-01,15,Arica y Parinacota,venta_intrarregional,pesos,51294380246.32,miles de millones de pesos,dinero,total
2021-12-01,16,Ñuble,compra_interregional,pesos,252461065321.19,miles de millones de pesos,dinero,total
2021-12-01,16,Ñuble,compra_intrarregional,pesos,154846242302.03,miles de millones de pesos,dinero,total
2021-12-01,16,Ñuble,facturas_compra_interregional,unidades,341291.0,miles de unidades,conteo,total
2021-12-01,16,Ñuble,facturas_venta_interregional,unidades,220628.0,miles de unidades,conteo,total
2021-12-01,16,Ñuble,venta_interregional,pesos,206650868845.69,miles de millones de pesos,dinero,total
2021-12-01,16,Ñuble,venta_intrarregional,pesos,154846242302.03,miles de millones de pesos,dinero,total
2022-01-01,01,Tarapacá,compra_interregional,pesos,257514584774.53003,miles de millones de pesos,dinero,total
2022-01-01,01,Tarapacá,compra_intrarregional,pesos,107001855530.92,miles de millones de pesos,dinero,total
2022-01-01,01,Tarapacá,facturas_compra_interregional,unidades,191420.0,miles de unidades,conteo,total
2022-01-01,01,Tarapacá,facturas_venta_interregional,unidades,79115.0,miles de unidades,conteo,total
2022-01-01,01,Tarapacá,venta_interregional,pesos,83829530598.761,miles de millones de pesos,dinero,total
2022-01-01,01,Tarapacá,venta_intrarregional,pesos,107001855530.92,miles de millones de pesos,dinero,total
2022-01-01,02,Antofagasta,compra_interregional,pesos,495898679843.64996,miles de millones de pesos,dinero,total
2022-01-01,02,Antofagasta,compra_intrarregional,pesos,257028296669.50998,miles de millones de pesos,dinero,total
2022-01-01,02,Antofagasta,facturas_compra_interregional,unidades,447741.0,miles de unidades,conteo,total
2022-01-01,02,Antofagasta,facturas_venta_interregional,unidades,178133.0,miles de unidades,conteo,total
2022-01-01,02,Antofagasta,venta_interregional,pesos,415463220687.64996,miles de millones de pesos,dinero,total
2022-01-01,02,Antofagasta,venta_intrarregional,pesos,257028296669.50998,miles de millones de pesos,dinero,total
2022-01-01,03,Atacama,compra_interregional,pesos,179894082734.52,miles de millones de pesos,dinero,total
2022-01-01,03,Atacama,compra_intrarregional,pesos,84994261726.321,miles de millones de pesos,dinero,total
2022-01-01,03,Atacama,facturas_compra_interregional,unidades,225890.0,miles de unidades,conteo,total
2022-01-01,03,Atacama,facturas_venta_interregional,unidades,79865.0,miles de unidades,conteo,total
2022-01-01,03,Atacama,venta_interregional,pesos,122728057887.41,miles de millones de pesos,dinero,total
2022-01-01,03,Atacama,venta_intrarregional,pesos,84994261726.321,miles de millones de pesos,dinero,total
2022-01-01,04,Coquimbo,compra_interregional,pesos,315202731064.73004,miles de millones de pesos,dinero,total
2022-01-01,04,Coquimbo,compra_intrarregional,pesos,196737257442.72,miles de millones de pesos,dinero,total
2022-01-01,04,Coquimbo,facturas_compra_interregional,unidades,536434.0,miles de unidades,conteo,total
2022-01-01,04,Coquimbo,facturas_venta_interregional,unidades,189485.0,miles de unidades,conteo,total
2022-01-01,04,Coquimbo,venta_interregional,pesos,189151168490.74,miles de millones de pesos,dinero,total
2022-01-01,04,Coquimbo,venta_intrarregional,pesos,196737257442.72,miles de millones de pesos,dinero,total
2022-01-01,05,Valparaíso,compra_interregional,pesos,812195883038.22,miles de millones de pesos,dinero,total
2022-01-01,05,Valparaíso,compra_intrarregional,pesos,551220717394.07,miles de millones de pesos,dinero,total
2022-01-01,05,Valparaíso,facturas_compra_interregional,unidades,1306325.0,miles de unidades,conteo,total
2022-01-01,05,Valparaíso,facturas_venta_interregional,unidades,693200.0,miles de unidades,conteo,total
2022-01-01,05,Valparaíso,venta_interregional,pesos,1395385738086.7,miles de millones de pesos,dinero,total
2022-01-01,05,Valparaíso,venta_intrarregional,pesos,551220717394.07,miles de millones de pesos,dinero,total
2022-01-01,06,O'Higgins,compra_interregional,pesos,626046550592.3201,miles de millones de pesos,dinero,total
2022-01-01,06,O'Higgins,compra_intrarregional,pesos,366294209674.87,miles de millones de pesos,dinero,total
2022-01-01,06,O'Higgins,facturas_compra_interregional,unidades,756805.0,miles de unidades,conteo,total
2022-01-01,06,O'Higgins,facturas_venta_interregional,unidades,267184.0,miles de unidades,conteo,total
2022-01-01,06,O'Higgins,venta_interregional,pesos,431238532555.70996,miles de millones de pesos,dinero,total
2022-01-01,06,O'Higgins,venta_intrarregional,pesos,366294209674.87,miles de millones de pesos,dinero,total
2022-01-01,07,Maule,compra_interregional,pesos,507251434804.14,miles de millones de pesos,dinero,total
2022-01-01,07,Maule,compra_intrarregional,pesos,411824261178.02997,miles de millones de pesos,dinero,total
2022-01-01,07,Maule,facturas_compra_interregional,unidades,708358.0,miles de unidades,conteo,total
2022-01-01,07,Maule,facturas_venta_interregional,unidades,503018.0,miles de unidades,conteo,total
2022-01-01,07,Maule,venta_interregional,pesos,413841591033.84,miles de millones de pesos,dinero,total
2022-01-01,07,Maule,venta_intrarregional,pesos,411824261178.02997,miles de millones de pesos,dinero,total
2022-01-01,08,Biobío,compra_interregional,pesos,679707343695.32,miles de millones de pesos,dinero,total
2022-01-01,08,Biobío,compra_intrarregional,pesos,568733451911.5599,miles de millones de pesos,dinero,total
2022-01-01,08,Biobío,facturas_compra_interregional,unidades,1051219.0,miles de unidades,conteo,total
2022-01-01,08,Biobío,facturas_venta_interregional,unidades,416605.0,miles de unidades,conteo,total
2022-01-01,08,Biobío,venta_interregional,pesos,735038202742.26,miles de millones de pesos,dinero,total
2022-01-01,08,Biobío,venta_intrarregional,pesos,568733451911.5599,miles de millones de pesos,dinero,total
2022-01-01,09,La Araucanía,compra_interregional,pesos,368655329268.56,miles de millones de pesos,dinero,total
2022-01-01,09,La Araucanía,compra_intrarregional,pesos,301869859826.25,miles de millones de pesos,dinero,total
2022-01-01,09,La Araucanía,facturas_compra_interregional,unidades,637562.0,miles de unidades,conteo,total
2022-01-01,09,La Araucanía,facturas_venta_interregional,unidades,302940.0,miles de unidades,conteo,total
2022-01-01,09,La Araucanía,venta_interregional,pesos,270924416726.37,miles de millones de pesos,dinero,total
2022-01-01,09,La Araucanía,venta_intrarregional,pesos,301869859826.25,miles de millones de pesos,dinero,total
2022-01-01,10,Los Lagos,compra_interregional,pesos,610087671266.87,miles de millones de pesos,dinero,total
2022-01-01,10,Los Lagos,compra_intrarregional,pesos,678852508725.8899,miles de millones de pesos,dinero,total
2022-01-01,10,Los Lagos,facturas_compra_interregional,unidades,654594.0,miles de unidades,conteo,total
2022-01-01,10,Los Lagos,facturas_venta_interregional,unidades,344628.0,miles de unidades,conteo,total
2022-01-01,10,Los Lagos,venta_interregional,pesos,361351516083.59,miles de millones de pesos,dinero,total
2022-01-01,10,Los Lagos,venta_intrarregional,pesos,678852508725.8899,miles de millones de pesos,dinero,total
2022-01-01,11,Aysén,compra_interregional,pesos,35186637122.598,miles de millones de pesos,dinero,total
2022-01-01,11,Aysén,compra_intrarregional,pesos,27441346325.304996,miles de millones de pesos,dinero,total
2022-01-01,11,Aysén,facturas_compra_interregional,unidades,91375.0,miles de unidades,conteo,total
2022-01-01,11,Aysén,facturas_venta_interregional,unidades,27102.0,miles de unidades,conteo,total
2022-01-01,11,Aysén,venta_interregional,pesos,34764714646.126,miles de millones de pesos,dinero,total
2022-01-01,11,Aysén,venta_intrarregional,pesos,27441346325.304996,miles de millones de pesos,dinero,total
2022-01-01,12,Magallanes,compra_interregional,pesos,99736799672.204,miles de millones de pesos,dinero,total
2022-01-01,12,Magallanes,compra_intrarregional,pesos,69762957932.96199,miles de millones de pesos,dinero,total
2022-01-01,12,Magallanes,facturas_compra_interregional,unidades,124348.0,miles de unidades,conteo,total
2022-01-01,12,Magallanes,facturas_venta_interregional,unidades,32575.000000000004,miles de unidades,conteo,total
2022-01-01,12,Magallanes,venta_interregional,pesos,46163499577.027,miles de millones de pesos,dinero,total
2022-01-01,12,Magallanes,venta_intrarregional,pesos,69762957932.96199,miles de millones de pesos,dinero,total
2022-01-01,13,Metropolitana de Santiago,compra_interregional,pesos,4158602965665.7,miles de millones de pesos,dinero,total
2022-01-01,13,Metropolitana de Santiago,compra_intrarregional,pesos,14763616335128.0,miles de millones de pesos,dinero,total
2022-01-01,13,Metropolitana de Santiago,facturas_compra_interregional,unidades,2431327.0,miles de unidades,conteo,total
2022-01-01,13,Metropolitana de Santiago,facturas_venta_interregional,unidades,6468854.0,miles de unidades,conteo,total
2022-01-01,13,Metropolitana de Santiago,venta_interregional,pesos,4762010203000.9,miles de millones de pesos,dinero,total
2022-01-01,13,Metropolitana de Santiago,venta_intrarregional,pesos,14763616335128.0,miles de millones de pesos,dinero,total
2022-01-01,14,Los Ríos,compra_interregional,pesos,202637218732.53,miles de millones de pesos,dinero,total
2022-01-01,14,Los Ríos,compra_intrarregional,pesos,96046071920.54701,miles de millones de pesos,dinero,total
2022-01-01,14,Los Ríos,facturas_compra_interregional,unidades,353580.0,miles de unidades,conteo,total
2022-01-01,14,Los Ríos,facturas_venta_interregional,unidades,148042.0,miles de unidades,conteo,total
2022-01-01,14,Los Ríos,venta_interregional,pesos,135657284282.33002,miles de millones de pesos,dinero,total
2022-01-01,14,Los Ríos,venta_intrarregional,pesos,96046071920.54701,miles de millones de pesos,dinero,total
2022-01-01,15,Arica y Parinacota,compra_interregional,pesos,75445053719.655,miles de millones de pesos,dinero,total
2022-01-01,15,Arica y Parinacota,compra_intrarregional,pesos,38028140539.707,miles de millones de pesos,dinero,total
2022-01-01,15,Arica y Parinacota,facturas_compra_interregional,unidades,116961.0,miles de unidades,conteo,total
2022-01-01,15,Arica y Parinacota,facturas_venta_interregional,unidades,37713.0,miles de unidades,conteo,total
2022-01-01,15,Arica y Parinacota,venta_interregional,pesos,31995471670.0,miles de millones de pesos,dinero,total
2022-01-01,15,Arica y Parinacota,venta_intrarregional,pesos,38028140539.707,miles de millones de pesos,dinero,total
2022-01-01,16,Ñuble,compra_interregional,pesos,207828958001.49002,miles de millones de pesos,dinero,total
2022-01-01,16,Ñuble,compra_intrarregional,pesos,140327493520.63998,miles de millones de pesos,dinero,total
2022-01-01,16,Ñuble,facturas_compra_interregional,unidades,325732.0,miles de unidades,conteo,total
2022-01-01,16,Ñuble,facturas_venta_interregional,unidades,191212.0,miles de unidades,conteo,total
2022-01-01,16,Ñuble,venta_interregional,pesos,202348775927.6,miles de millones de pesos,dinero,total
2022-01-01,16,Ñuble,venta_intrarregional,pesos,140327493520.63998,miles de millones de pesos,dinero,total
2022-02-01,01,Tarapacá,compra_interregional,pesos,245831922226.48,miles de millones de pesos,dinero,total
2022-02-01,01,Tarapacá,compra_intrarregional,pesos,96440191120.038,miles de millones de pesos,dinero,total
2022-02-01,01,Tarapacá,facturas_compra_interregional,unidades,189342.0,miles de unidades,conteo,total
2022-02-01,01,Tarapacá,facturas_venta_interregional,unidades,75723.0,miles de unidades,conteo,total
2022-02-01,01,Tarapacá,venta_interregional,pesos,86276236467.819,miles de millones de pesos,dinero,total
2022-02-01,01,Tarapacá,venta_intrarregional,pesos,96440191120.038,miles de millones de pesos,dinero,total
2022-02-01,02,Antofagasta,compra_interregional,pesos,498236910570.37,miles de millones de pesos,dinero,total
2022-02-01,02,Antofagasta,compra_intrarregional,pesos,264667414945.14,miles de millones de pesos,dinero,total
2022-02-01,02,Antofagasta,facturas_compra_interregional,unidades,425962.0,miles de unidades,conteo,total
2022-02-01,02,Antofagasta,facturas_venta_interregional,unidades,162852.0,miles de unidades,conteo,total
2022-02-01,02,Antofagasta,venta_interregional,pesos,428770232858.66,miles de millones de pesos,dinero,total
2022-02-01,02,Antofagasta,venta_intrarregional,pesos,264667414945.14,miles de millones de pesos,dinero,total
2022-02-01,03,Atacama,compra_interregional,pesos,170018885628.62997,miles de millones de pesos,dinero,total
2022-02-01,03,Atacama,compra_intrarregional,pesos,82725516321.612,miles de millones de pesos,dinero,total
2022-02-01,03,Atacama,facturas_compra_interregional,unidades,208192.0,miles de unidades,conteo,total
2022-02-01,03,Atacama,facturas_venta_interregional,unidades,75665.0,miles de unidades,conteo,total
2022-02-01,03,Atacama,venta_interregional,pesos,124289551912.84,miles de millones de pesos,dinero,total
2022-02-01,03,Atacama,venta_intrarregional,pesos,82725516321.612,miles de millones de pesos,dinero,total
2022-02-01,04,Coquimbo,compra_interregional,pesos,307763002209.77997,miles de millones de pesos,dinero,total
2022-02-01,04,Coquimbo,compra_intrarregional,pesos,197091189742.05002,miles de millones de pesos,dinero,total
2022-02-01,04,Coquimbo,facturas_compra_interregional,unidades,507845.0,miles de unidades,conteo,total
2022-02-01,04,Coquimbo,facturas_venta_interregional,unidades,177391.0,miles de unidades,conteo,total
2022-02-01,04,Coquimbo,venta_interregional,pesos,186318281635.74,miles de millones de pesos,dinero,total
2022-02-01,04,Coquimbo,venta_intrarregional,pesos,197091189742.05002,miles de millones de pesos,dinero,total
2022-02-01,05,Valparaíso,compra_interregional,pesos,795302266803.4901,miles de millones de pesos,dinero,total
2022-02-01,05,Valparaíso,compra_intrarregional,pesos,549044230323.54,miles de millones de pesos,dinero,total
2022-02-01,05,Valparaíso,facturas_compra_interregional,unidades,1223797.0,miles de unidades,conteo,total
2022-02-01,05,Valparaíso,facturas_venta_interregional,unidades,648621.0,miles de unidades,conteo,total
2022-02-01,05,Valparaíso,venta_interregional,pesos,1383056983360.9,miles de millones de pesos,dinero,total
2022-02-01,05,Valparaíso,venta_intrarregional,pesos,549044230323.54,miles de millones de pesos,dinero,total
2022-02-01,06,O'Higgins,compra_interregional,pesos,577522350427.76,miles de millones de pesos,dinero,total
2022-02-01,06,O'Higgins,compra_intrarregional,pesos,360905674537.62,miles de millones de pesos,dinero,total
2022-02-01,06,O'Higgins,facturas_compra_interregional,unidades,710796.0,miles de unidades,conteo,total
2022-02-01,06,O'Higgins,facturas_venta_interregional,unidades,248529.0,miles de unidades,conteo,total
2022-02-01,06,O'Higgins,venta_interregional,pesos,460045448354.46,miles de millones de pesos,dinero,total
2022-02-01,06,O'Higgins,venta_intrarregional,pesos,360905674537.62,miles de millones de pesos,dinero,total
2022-02-01,07,Maule,compra_interregional,pesos,490086804649.82,miles de millones de pesos,dinero,total
2022-02-01,07,Maule,compra_intrarregional,pesos,371433835623.04004,miles de millones de pesos,dinero,total
2022-02-01,07,Maule,facturas_compra_interregional,unidades,656657.0,miles de unidades,conteo,total
2022-02-01,07,Maule,facturas_venta_interregional,unidades,477146.0,miles de unidades,conteo,total
2022-02-01,07,Maule,venta_interregional,pesos,396859935898.69995,miles de millones de pesos,dinero,total
2022-02-01,07,Maule,venta_intrarregional,pesos,371433835623.04004,miles de millones de pesos,dinero,total
2022-02-01,08,Biobío,compra_interregional,pesos,675288144219.5399,miles de millones de pesos,dinero,total
2022-02-01,08,Biobío,compra_intrarregional,pesos,533817315466.00995,miles de millones de pesos,dinero,total
2022-02-01,08,Biobío,facturas_compra_interregional,unidades,979770.0,miles de unidades,conteo,total
2022-02-01,08,Biobío,facturas_venta_interregional,unidades,389113.0,miles de unidades,conteo,total
2022-02-01,08,Biobío,venta_interregional,pesos,694903943510.58,miles de millones de pesos,dinero,total
2022-02-01,08,Biobío,venta_intrarregional,pesos,533817315466.00995,miles de millones de pesos,dinero,total
2022-02-01,09,La Araucanía,compra_interregional,pesos,383170692033.08,miles de millones de pesos,dinero,total
2022-02-01,09,La Araucanía,compra_intrarregional,pesos,344504953274.95996,miles de millones de pesos,dinero,total
2022-02-01,09,La Araucanía,facturas_compra_interregional,unidades,591878.0,miles de unidades,conteo,total
2022-02-01,09,La Araucanía,facturas_venta_interregional,unidades,284510.0,miles de unidades,conteo,total
2022-02-01,09,La Araucanía,venta_interregional,pesos,284604074472.22003,miles de millones de pesos,dinero,total
2022-02-01,09,La Araucanía,venta_intrarregional,pesos,344504953274.95996,miles de millones de pesos,dinero,total
2022-02-01,10,Los Lagos,compra_interregional,pesos,618440087938.3,miles de millones de pesos,dinero,total
2022-02-01,10,Los Lagos,compra_intrarregional,pesos,673322647678.92,miles de millones de pesos,dinero,total
2022-02-01,10,Los Lagos,facturas_compra_interregional,unidades,613172.0,miles de unidades,conteo,total
2022-02-01,10,Los Lagos,facturas_venta_interregional,unidades,330902.0,miles de unidades,conteo,total
2022-02-01,10,Los Lagos,venta_interregional,pesos,354068961367.39996,miles de millones de pesos,dinero,total
2022-02-01,10,Los Lagos,venta_intrarregional,pesos,673322647678.92,miles de millones de pesos,dinero,total
2022-02-01,11,Aysén,compra_interregional,pesos,40822806869.51,miles de millones de pesos,dinero,total
2022-02-01,11,Aysén,compra_intrarregional,pesos,32093369223.297997,miles de millones de pesos,dinero,total
2022-02-01,11,Aysén,facturas_compra_interregional,unidades,86635.0,miles de unidades,conteo,total
2022-02-01,11,Aysén,facturas_venta_interregional,unidades,25297.0,miles de unidades,conteo,total
2022-02-01,11,Aysén,venta_interregional,pesos,26122697219.969,miles de millones de pesos,dinero,total
2022-02-01,11,Aysén,venta_intrarregional,pesos,32093369223.297997,miles de millones de pesos,dinero,total
2022-02-01,12,Magallanes,compra_interregional,pesos,90805923710.956,miles de millones de pesos,dinero,total
2022-02-01,12,Magallanes,compra_intrarregional,pesos,72790225915.051,miles de millones de pesos,dinero,total
2022-02-01,12,Magallanes,facturas_compra_interregional,unidades,117806.0,miles de unidades,conteo,total
2022-02-01,12,Magallanes,facturas_venta_interregional,unidades,31345.0,miles de unidades,conteo,total
2022-02-01,12,Magallanes,venta_interregional,pesos,51757017273.099,miles de millones de pesos,dinero,total
2022-02-01,12,Magallanes,venta_intrarregional,pesos,72790225915.051,miles de millones de pesos,dinero,total
2022-02-01,13,Metropolitana de Santiago,compra_interregional,pesos,4068611086533.6,miles de millones de pesos,dinero,total
2022-02-01,13,Metropolitana de Santiago,compra_intrarregional,pesos,13674530870209.0,miles de millones de pesos,dinero,total
2022-02-01,13,Metropolitana de Santiago,facturas_compra_interregional,unidades,2296221.0,miles de unidades,conteo,total
2022-02-01,13,Metropolitana de Santiago,facturas_venta_interregional,unidades,6073060.0,miles de unidades,conteo,total
2022-02-01,13,Metropolitana de Santiago,venta_interregional,pesos,4604483046261.3,miles de millones de pesos,dinero,total
2022-02-01,13,Metropolitana de Santiago,venta_intrarregional,pesos,13674530870209.0,miles de millones de pesos,dinero,total
2022-02-01,14,Los Ríos,compra_interregional,pesos,209497848067.86,miles de millones de pesos,dinero,total
2022-02-01,14,Los Ríos,compra_intrarregional,pesos,102990356897.15,miles de millones de pesos,dinero,total
2022-02-01,14,Los Ríos,facturas_compra_interregional,unidades,333598.0,miles de unidades,conteo,total
2022-02-01,14,Los Ríos,facturas_venta_interregional,unidades,140251.0,miles de unidades,conteo,total
2022-02-01,14,Los Ríos,venta_interregional,pesos,146014279904.0,miles de millones de pesos,dinero,total
2022-02-01,14,Los Ríos,venta_intrarregional,pesos,102990356897.15,miles de millones de pesos,dinero,total
2022-02-01,15,Arica y Parinacota,compra_interregional,pesos,77143390432.733,miles de millones de pesos,dinero,total
2022-02-01,15,Arica y Parinacota,compra_intrarregional,pesos,34309884523.267002,miles de millones de pesos,dinero,total
2022-02-01,15,Arica y Parinacota,facturas_compra_interregional,unidades,112107.0,miles de unidades,conteo,total
2022-02-01,15,Arica y Parinacota,facturas_venta_interregional,unidades,35437.0,miles de unidades,conteo,total
2022-02-01,15,Arica y Parinacota,venta_interregional,pesos,28705942068.0,miles de millones de pesos,dinero,total
2022-02-01,15,Arica y Parinacota,venta_intrarregional,pesos,34309884523.267002,miles de millones de pesos,dinero,total
2022-02-01,16,Ñuble,compra_interregional,pesos,198903538199.97,miles de millones de pesos,dinero,total
2022-02-01,16,Ñuble,compra_intrarregional,pesos,132416382727.83002,miles de millones de pesos,dinero,total
2022-02-01,16,Ñuble,facturas_compra_interregional,unidades,302304.0,miles de unidades,conteo,total
2022-02-01,16,Ñuble,facturas_venta_interregional,unidades,180240.0,miles de unidades,conteo,total
2022-02-01,16,Ñuble,venta_interregional,pesos,191169027956.13,miles de millones de pesos,dinero,total
2022-02-01,16,Ñuble,venta_intrarregional,pesos,132416382727.83002,miles de millones de pesos,dinero,total
2022-03-01,01,Tarapacá,compra_interregional,pesos,349365322534.54,miles de millones de pesos,dinero,total
2022-03-01,01,Tarapacá,compra_intrarregional,pesos,115466990193.52,miles de millones de pesos,dinero,total
2022-03-01,01,Tarapacá,facturas_compra_interregional,unidades,221404.0,miles de unidades,conteo,total
2022-03-01,01,Tarapacá,facturas_venta_interregional,unidades,90392.0,miles de unidades,conteo,total
2022-03-01,01,Tarapacá,venta_interregional,pesos,105056351496.45999,miles de millones de pesos,dinero,total
2022-03-01,01,Tarapacá,venta_intrarregional,pesos,115466990193.52,miles de millones de pesos,dinero,total
2022-03-01,02,Antofagasta,compra_interregional,pesos,616130589126.86,miles de millones de pesos,dinero,total
2022-03-01,02,Antofagasta,compra_intrarregional,pesos,299662618481.75995,miles de millones de pesos,dinero,total
2022-03-01,02,Antofagasta,facturas_compra_interregional,unidades,501817.0,miles de unidades,conteo,total
2022-03-01,02,Antofagasta,facturas_venta_interregional,unidades,197967.0,miles de unidades,conteo,total
2022-03-01,02,Antofagasta,venta_interregional,pesos,530895804263.82996,miles de millones de pesos,dinero,total
2022-03-01,02,Antofagasta,venta_intrarregional,pesos,299662618481.75995,miles de millones de pesos,dinero,total
2022-03-01,03,Atacama,compra_interregional,pesos,210731992262.76,miles de millones de pesos,dinero,total
2022-03-01,03,Atacama,compra_intrarregional,pesos,99147842836.224,miles de millones de pesos,dinero,total
2022-03-01,03,Atacama,facturas_compra_interregional,unidades,245282.0,miles de unidades,conteo,total
2022-03-01,03,Atacama,facturas_venta_interregional,unidades,87554.0,miles de unidades,conteo,total
2022-03-01,03,Atacama,venta_interregional,pesos,146802602430.88,miles de millones de pesos,dinero,total
2022-03-01,03,Atacama,venta_intrarregional,pesos,99147842836.224,miles de millones de pesos,dinero,total
2022-03-01,04,Coquimbo,compra_interregional,pesos,364981110856.69,miles de millones de pesos,dinero,total
2022-03-01,04,Coquimbo,compra_intrarregional,pesos,239250456415.63,miles de millones de pesos,dinero,total
2022-03-01,04,Coquimbo,facturas_compra_interregional,unidades,569099.0,miles de unidades,conteo,total
2022-03-01,04,Coquimbo,facturas_venta_interregional,unidades,202551.0,miles de unidades,conteo,total
2022-03-01,04,Coquimbo,venta_interregional,pesos,231763063770.34998,miles de millones de pesos,dinero,total
2022-03-01,04,Coquimbo,venta_intrarregional,pesos,239250456415.63,miles de millones de pesos,dinero,total
2022-03-01,05,Valparaíso,compra_interregional,pesos,923025546011.35,miles de millones de pesos,dinero,total
2022-03-01,05,Valparaíso,compra_intrarregional,pesos,627454502172.9501,miles de millones de pesos,dinero,total
2022-03-01,05,Valparaíso,facturas_compra_interregional,unidades,1389573.0,miles de unidades,conteo,total
2022-03-01,05,Valparaíso,facturas_venta_interregional,unidades,765210.0,miles de unidades,conteo,total
2022-03-01,05,Valparaíso,venta_interregional,pesos,1802904922926.0,miles de millones de pesos,dinero,total
2022-03-01,05,Valparaíso,venta_intrarregional,pesos,627454502172.9501,miles de millones de pesos,dinero,total
2022-03-01,06,O'Higgins,compra_interregional,pesos,681659002316.17,miles de millones de pesos,dinero,total
2022-03-01,06,O'Higgins,compra_intrarregional,pesos,441514063826.48004,miles de millones de pesos,dinero,total
2022-03-01,06,O'Higgins,facturas_compra_interregional,unidades,820298.0,miles de unidades,conteo,total
2022-03-01,06,O'Higgins,facturas_venta_interregional,unidades,295735.0,miles de unidades,conteo,total
2022-03-01,06,O'Higgins,venta_interregional,pesos,579444869634.82,miles de millones de pesos,dinero,total
2022-03-01,06,O'Higgins,venta_intrarregional,pesos,441514063826.48004,miles de millones de pesos,dinero,total
2022-03-01,07,Maule,compra_interregional,pesos,602331939246.63,miles de millones de pesos,dinero,total
2022-03-01,07,Maule,compra_intrarregional,pesos,473982628762.44,miles de millones de pesos,dinero,total
2022-03-01,07,Maule,facturas_compra_interregional,unidades,776206.0,miles de unidades,conteo,total
2022-03-01,07,Maule,facturas_venta_interregional,unidades,549873.0,miles de unidades,conteo,total
2022-03-01,07,Maule,venta_interregional,pesos,478261999358.14996,miles de millones de pesos,dinero,total
2022-03-01,07,Maule,venta_intrarregional,pesos,473982628762.44,miles de millones de pesos,dinero,total
2022-03-01,08,Biobío,compra_interregional,pesos,826639702679.62,miles de millones de pesos,dinero,total
2022-03-01,08,Biobío,compra_intrarregional,pesos,688697584317.99,miles de millones de pesos,dinero,total
2022-03-01,08,Biobío,facturas_compra_interregional,unidades,1167322.0,miles de unidades,conteo,total
2022-03-01,08,Biobío,facturas_venta_interregional,unidades,468377.0,miles de unidades,conteo,total
2022-03-01,08,Biobío,venta_interregional,pesos,845843613620.68,miles de millones de pesos,dinero,total
2022-03-01,08,Biobío,venta_intrarregional,pesos,688697584317.99,miles de millones de pesos,dinero,total
2022-03-01,09,La Araucanía,compra_interregional,pesos,442814972508.8,miles de millones de pesos,dinero,total
2022-03-01,09,La Araucanía,compra_intrarregional,pesos,367226363629.56,miles de millones de pesos,dinero,total
2022-03-01,09,La Araucanía,facturas_compra_interregional,unidades,682682.0,miles de unidades,conteo,total
2022-03-01,09,La Araucanía,facturas_venta_interregional,unidades,321154.0,miles de unidades,conteo,total
2022-03-01,09,La Araucanía,venta_interregional,pesos,316730489749.74,miles de millones de pesos,dinero,total
2022-03-01,09,La Araucanía,venta_intrarregional,pesos,367226363629.56,miles de millones de pesos,dinero,total
2022-03-01,10,Los Lagos,compra_interregional,pesos,759827604784.51,miles de millones de pesos,dinero,total
2022-03-01,10,Los Lagos,compra_intrarregional,pesos,750442735914.48,miles de millones de pesos,dinero,total
2022-03-01,10,Los Lagos,facturas_compra_interregional,unidades,711615.0,miles de unidades,conteo,total
2022-03-01,10,Los Lagos,facturas_venta_interregional,unidades,366560.0,miles de unidades,conteo,total
2022-03-01,10,Los Lagos,venta_interregional,pesos,397590596905.27,miles de millones de pesos,dinero,total
2022-03-01,10,Los Lagos,venta_intrarregional,pesos,750442735914.48,miles de millones de pesos,dinero,total
2022-03-01,11,Aysén,compra_interregional,pesos,44696948082.844,miles de millones de pesos,dinero,total
2022-03-01,11,Aysén,compra_intrarregional,pesos,38180773812.726006,miles de millones de pesos,dinero,total
2022-03-01,11,Aysén,facturas_compra_interregional,unidades,97342.0,miles de unidades,conteo,total
2022-03-01,11,Aysén,facturas_venta_interregional,unidades,30014.0,miles de unidades,conteo,total
2022-03-01,11,Aysén,venta_interregional,pesos,35405872010.487,miles de millones de pesos,dinero,total
2022-03-01,11,Aysén,venta_intrarregional,pesos,38180773812.726006,miles de millones de pesos,dinero,total
2022-03-01,12,Magallanes,compra_interregional,pesos,115893418483.92,miles de millones de pesos,dinero,total
2022-03-01,12,Magallanes,compra_intrarregional,pesos,87670657848.34201,miles de millones de pesos,dinero,total
2022-03-01,12,Magallanes,facturas_compra_interregional,unidades,135418.0,miles de unidades,conteo,total
2022-03-01,12,Magallanes,facturas_venta_interregional,unidades,36666.0,miles de unidades,conteo,total
2022-03-01,12,Magallanes,venta_interregional,pesos,57175620691.671,miles de millones de pesos,dinero,total
2022-03-01,12,Magallanes,venta_intrarregional,pesos,87670657848.34201,miles de millones de pesos,dinero,total
2022-03-01,13,Metropolitana de Santiago,compra_interregional,pesos,5043084334213.601,miles de millones de pesos,dinero,total
2022-03-01,13,Metropolitana de Santiago,compra_intrarregional,pesos,17109039731614.0,miles de millones de pesos,dinero,total
2022-03-01,13,Metropolitana de Santiago,facturas_compra_interregional,unidades,2680966.0,miles de unidades,conteo,total
2022-03-01,13,Metropolitana de Santiago,facturas_venta_interregional,unidades,7024476.0,miles de unidades,conteo,total
2022-03-01,13,Metropolitana de Santiago,venta_interregional,pesos,5590172130134.8,miles de millones de pesos,dinero,total
2022-03-01,13,Metropolitana de Santiago,venta_intrarregional,pesos,17109039731614.0,miles de millones de pesos,dinero,total
2022-03-01,14,Los Ríos,compra_interregional,pesos,238778920475.62,miles de millones de pesos,dinero,total
2022-03-01,14,Los Ríos,compra_intrarregional,pesos,120871209528.75,miles de millones de pesos,dinero,total
2022-03-01,14,Los Ríos,facturas_compra_interregional,unidades,372072.0,miles de unidades,conteo,total
2022-03-01,14,Los Ríos,facturas_venta_interregional,unidades,160117.0,miles de unidades,conteo,total
2022-03-01,14,Los Ríos,venta_interregional,pesos,182628596509.25,miles de millones de pesos,dinero,total
2022-03-01,14,Los Ríos,venta_intrarregional,pesos,120871209528.75,miles de millones de pesos,dinero,total
2022-03-01,15,Arica y Parinacota,compra_interregional,pesos,87476443304.731,miles de millones de pesos,dinero,total
2022-03-01,15,Arica y Parinacota,compra_intrarregional,pesos,43820421797.05,miles de millones de pesos,dinero,total
2022-03-01,15,Arica y Parinacota,facturas_compra_interregional,unidades,131924.0,miles de unidades,conteo,total
2022-03-01,15,Arica y Parinacota,facturas_venta_interregional,unidades,43838.0,miles de unidades,conteo,total
2022-03-01,15,Arica y Parinacota,venta_interregional,pesos,34963126359.0,miles de millones de pesos,dinero,total
2022-03-01,15,Arica y Parinacota,venta_intrarregional,pesos,43820421797.05,miles de millones de pesos,dinero,total
2022-03-01,16,Ñuble,compra_interregional,pesos,241087455595.6,miles de millones de pesos,dinero,total
2022-03-01,16,Ñuble,compra_intrarregional,pesos,149588742907.94,miles de millones de pesos,dinero,total
2022-03-01,16,Ñuble,facturas_compra_interregional,unidades,352512.0,miles de unidades,conteo,total
2022-03-01,16,Ñuble,facturas_venta_interregional,unidades,215048.0,miles de unidades,conteo,total
2022-03-01,16,Ñuble,venta_interregional,pesos,212885642622.85,miles de millones de pesos,dinero,total
2022-03-01,16,Ñuble,venta_intrarregional,pesos,149588742907.94,miles de millones de pesos,dinero,total
2022-04-01,01,Tarapacá,compra_interregional,pesos,334002638973.75,miles de millones de pesos,dinero,total
2022-04-01,01,Tarapacá,compra_intrarregional,pesos,104932179676.25,miles de millones de pesos,dinero,total
2022-04-01,01,Tarapacá,facturas_compra_interregional,unidades,207885.0,miles de unidades,conteo,total
2022-04-01,01,Tarapacá,facturas_venta_interregional,unidades,83443.0,miles de unidades,conteo,total
2022-04-01,01,Tarapacá,venta_interregional,pesos,97332607190.476,miles de millones de pesos,dinero,total
2022-04-01,01,Tarapacá,venta_intrarregional,pesos,104932179676.25,miles de millones de pesos,dinero,total
2022-04-01,02,Antofagasta,compra_interregional,pesos,555190083486.37,miles de millones de pesos,dinero,total
2022-04-01,02,Antofagasta,compra_intrarregional,pesos,291579150775.34,miles de millones de pesos,dinero,total
2022-04-01,02,Antofagasta,facturas_compra_interregional,unidades,470681.0,miles de unidades,conteo,total
2022-04-01,02,Antofagasta,facturas_venta_interregional,unidades,183650.0,miles de unidades,conteo,total
2022-04-01,02,Antofagasta,venta_interregional,pesos,514433720144.44,miles de millones de pesos,dinero,total
2022-04-01,02,Antofagasta,venta_intrarregional,pesos,291579150775.34,miles de millones de pesos,dinero,total
2022-04-01,03,Atacama,compra_interregional,pesos,214452331303.62003,miles de millones de pesos,dinero,total
2022-04-01,03,Atacama,compra_intrarregional,pesos,96153072806.444,miles de millones de pesos,dinero,total
2022-04-01,03,Atacama,facturas_compra_interregional,unidades,225292.0,miles de unidades,conteo,total
2022-04-01,03,Atacama,facturas_venta_interregional,unidades,80163.0,miles de unidades,conteo,total
2022-04-01,03,Atacama,venta_interregional,pesos,133456511606.8,miles de millones de pesos,dinero,total
2022-04-01,03,Atacama,venta_intrarregional,pesos,96153072806.444,miles de millones de pesos,dinero,total
2022-04-01,04,Coquimbo,compra_interregional,pesos,320558890819.73,miles de millones de pesos,dinero,total
2022-04-01,04,Coquimbo,compra_intrarregional,pesos,219745449103.05,miles de millones de pesos,dinero,total
2022-04-01,04,Coquimbo,facturas_compra_interregional,unidades,514453.99999999994,miles de unidades,conteo,total
2022-04-01,04,Coquimbo,facturas_venta_interregional,unidades,182646.0,miles de unidades,conteo,total
2022-04-01,04,Coquimbo,venta_interregional,pesos,216451477020.22,miles de millones de pesos,dinero,total
2022-04-01,04,Coquimbo,venta_intrarregional,pesos,219745449103.05,miles de millones de pesos,dinero,total
2022-04-01,05,Valparaíso,compra_interregional,pesos,841039622947.89,miles de millones de pesos,dinero,total
2022-04-01,05,Valparaíso,compra_intrarregional,pesos,568992704924.01,miles de millones de pesos,dinero,total
2022-04-01,05,Valparaíso,facturas_compra_interregional,unidades,1277030.0,miles de unidades,conteo,total
2022-04-01,05,Valparaíso,facturas_venta_interregional,unidades,682194.0,miles de unidades,conteo,total
2022-04-01,05,Valparaíso,venta_interregional,pesos,1604641124722.0,miles de millones de pesos,dinero,total
2022-04-01,05,Valparaíso,venta_intrarregional,pesos,568992704924.01,miles de millones de pesos,dinero,total
2022-04-01,06,O'Higgins,compra_interregional,pesos,657424744055.54,miles de millones de pesos,dinero,total
2022-04-01,06,O'Higgins,compra_intrarregional,pesos,430047934603.89996,miles de millones de pesos,dinero,total
2022-04-01,06,O'Higgins,facturas_compra_interregional,unidades,741070.0,miles de unidades,conteo,total
2022-04-01,06,O'Higgins,facturas_venta_interregional,unidades,259394.0,miles de unidades,conteo,total
2022-04-01,06,O'Higgins,venta_interregional,pesos,501085422408.12,miles de millones de pesos,dinero,total
2022-04-01,06,O'Higgins,venta_intrarregional,pesos,430047934603.89996,miles de millones de pesos,dinero,total
2022-04-01,07,Maule,compra_interregional,pesos,565176028736.94,miles de millones de pesos,dinero,total
2022-04-01,07,Maule,compra_intrarregional,pesos,441518474569.79,miles de millones de pesos,dinero,total
2022-04-01,07,Maule,facturas_compra_interregional,unidades,705234.0,miles de unidades,conteo,total
2022-04-01,07,Maule,facturas_venta_interregional,unidades,484623.0,miles de unidades,conteo,total
2022-04-01,07,Maule,venta_interregional,pesos,458428442633.31,miles de millones de pesos,dinero,total
2022-04-01,07,Maule,venta_intrarregional,pesos,441518474569.79,miles de millones de pesos,dinero,total
2022-04-01,08,Biobío,compra_interregional,pesos,761971450273.84,miles de millones de pesos,dinero,total
2022-04-01,08,Biobío,compra_intrarregional,pesos,647125816283.9401,miles de millones de pesos,dinero,total
2022-04-01,08,Biobío,facturas_compra_interregional,unidades,1069270.0,miles de unidades,conteo,total
2022-04-01,08,Biobío,facturas_venta_interregional,unidades,422127.0,miles de unidades,conteo,total
2022-04-01,08,Biobío,venta_interregional,pesos,831146097369.9099,miles de millones de pesos,dinero,total
2022-04-01,08,Biobío,venta_intrarregional,pesos,647125816283.9401,miles de millones de pesos,dinero,total
2022-04-01,09,La Araucanía,compra_interregional,pesos,369525824124.49,miles de millones de pesos,dinero,total
2022-04-01,09,La Araucanía,compra_intrarregional,pesos,321306066642.45,miles de millones de pesos,dinero,total
2022-04-01,09,La Araucanía,facturas_compra_interregional,unidades,613658.0,miles de unidades,conteo,total
2022-04-01,09,La Araucanía,facturas_venta_interregional,unidades,286514.0,miles de unidades,conteo,total
2022-04-01,09,La Araucanía,venta_interregional,pesos,299666791971.13,miles de millones de pesos,dinero,total
2022-04-01,09,La Araucanía,venta_intrarregional,pesos,321306066642.45,miles de millones de pesos,dinero,total
2022-04-01,10,Los Lagos,compra_interregional,pesos,703898665252.51,miles de millones de pesos,dinero,total
2022-04-01,10,Los Lagos,compra_intrarregional,pesos,689125321072.35,miles de millones de pesos,dinero,total
2022-04-01,10,Los Lagos,facturas_compra_interregional,unidades,647074.0,miles de unidades,conteo,total
2022-04-01,10,Los Lagos,facturas_venta_interregional,unidades,331970.0,miles de unidades,conteo,total
2022-04-01,10,Los Lagos,venta_interregional,pesos,382452290835.32,miles de millones de pesos,dinero,total
2022-04-01,10,Los Lagos,venta_intrarregional,pesos,689125321072.35,miles de millones de pesos,dinero,total
2022-04-01,11,Aysén,compra_interregional,pesos,41282839188.673996,miles de millones de pesos,dinero,total
2022-04-01,11,Aysén,compra_intrarregional,pesos,35059201002.719,miles de millones de pesos,dinero,total
2022-04-01,11,Aysén,facturas_compra_interregional,unidades,88795.0,miles de unidades,conteo,total
2022-04-01,11,Aysén,facturas_venta_interregional,unidades,26187.0,miles de unidades,conteo,total
2022-04-01,11,Aysén,venta_interregional,pesos,31147212632.957,miles de millones de pesos,dinero,total
2022-04-01,11,Aysén,venta_intrarregional,pesos,35059201002.719,miles de millones de pesos,dinero,total
2022-04-01,12,Magallanes,compra_interregional,pesos,122789337223.53,miles de millones de pesos,dinero,total
2022-04-01,12,Magallanes,compra_intrarregional,pesos,80620395160.316,miles de millones de pesos,dinero,total
2022-04-01,12,Magallanes,facturas_compra_interregional,unidades,124901.0,miles de unidades,conteo,total
2022-04-01,12,Magallanes,facturas_venta_interregional,unidades,33086.0,miles de unidades,conteo,total
2022-04-01,12,Magallanes,venta_interregional,pesos,52984500528.345,miles de millones de pesos,dinero,total
2022-04-01,12,Magallanes,venta_intrarregional,pesos,80620395160.316,miles de millones de pesos,dinero,total
2022-04-01,13,Metropolitana de Santiago,compra_interregional,pesos,4575225513731.6,miles de millones de pesos,dinero,total
2022-04-01,13,Metropolitana de Santiago,compra_intrarregional,pesos,15801612760952.0,miles de millones de pesos,dinero,total
2022-04-01,13,Metropolitana de Santiago,facturas_compra_interregional,unidades,2431325.0,miles de unidades,conteo,total
2022-04-01,13,Metropolitana de Santiago,facturas_venta_interregional,unidades,6443505.0,miles de unidades,conteo,total
2022-04-01,13,Metropolitana de Santiago,venta_interregional,pesos,5072282823414.9,miles de millones de pesos,dinero,total
2022-04-01,13,Metropolitana de Santiago,venta_intrarregional,pesos,15801612760952.0,miles de millones de pesos,dinero,total
2022-04-01,14,Los Ríos,compra_interregional,pesos,223357218106.13,miles de millones de pesos,dinero,total
2022-04-01,14,Los Ríos,compra_intrarregional,pesos,116417039358.53,miles de millones de pesos,dinero,total
2022-04-01,14,Los Ríos,facturas_compra_interregional,unidades,333750.0,miles de unidades,conteo,total
2022-04-01,14,Los Ríos,facturas_venta_interregional,unidades,146175.0,miles de unidades,conteo,total
2022-04-01,14,Los Ríos,venta_interregional,pesos,165419693719.0,miles de millones de pesos,dinero,total
2022-04-01,14,Los Ríos,venta_intrarregional,pesos,116417039358.53,miles de millones de pesos,dinero,total
2022-04-01,15,Arica y Parinacota,compra_interregional,pesos,80410535465.744,miles de millones de pesos,dinero,total
2022-04-01,15,Arica y Parinacota,compra_intrarregional,pesos,42787737321.22,miles de millones de pesos,dinero,total
2022-04-01,15,Arica y Parinacota,facturas_compra_interregional,unidades,120532.0,miles de unidades,conteo,total
2022-04-01,15,Arica y Parinacota,facturas_venta_interregional,unidades,41104.0,miles de unidades,conteo,total
2022-04-01,15,Arica y Parinacota,venta_interregional,pesos,37428384689.0,miles de millones de pesos,dinero,total
2022-04-01,15,Arica y Parinacota,venta_intrarregional,pesos,42787737321.22,miles de millones de pesos,dinero,total
2022-04-01,16,Ñuble,compra_interregional,pesos,218177093530.72,miles de millones de pesos,dinero,total
2022-04-01,16,Ñuble,compra_intrarregional,pesos,131013210363.26999,miles de millones de pesos,dinero,total
2022-04-01,16,Ñuble,facturas_compra_interregional,unidades,313713.0,miles de unidades,conteo,total
2022-04-01,16,Ñuble,facturas_venta_interregional,unidades,197883.0,miles de unidades,conteo,total
2022-04-01,16,Ñuble,venta_interregional,pesos,186125716335.1,miles de millones de pesos,dinero,total
2022-04-01,16,Ñuble,venta_intrarregional,pesos,131013210363.26999,miles de millones de pesos,dinero,total
2022-05-01,01,Tarapacá,compra_interregional,pesos,335387608939.28,miles de millones de pesos,dinero,total
2022-05-01,01,Tarapacá,compra_intrarregional,pesos,115233337512.6,miles de millones de pesos,dinero,total
2022-05-01,01,Tarapacá,facturas_compra_interregional,unidades,220600.0,miles de unidades,conteo,total
2022-05-01,01,Tarapacá,facturas_venta_interregional,unidades,90208.0,miles de unidades,conteo,total
2022-05-01,01,Tarapacá,venta_interregional,pesos,106809612497.7,miles de millones de pesos,dinero,total
2022-05-01,01,Tarapacá,venta_intrarregional,pesos,115233337512.6,miles de millones de pesos,dinero,total
2022-05-01,02,Antofagasta,compra_interregional,pesos,578990774723.4501,miles de millones de pesos,dinero,total
2022-05-01,02,Antofagasta,compra_intrarregional,pesos,347398428886.93,miles de millones de pesos,dinero,total
2022-05-01,02,Antofagasta,facturas_compra_interregional,unidades,502375.0,miles de unidades,conteo,total
2022-05-01,02,Antofagasta,facturas_venta_interregional,unidades,198229.0,miles de unidades,conteo,total
2022-05-01,02,Antofagasta,venta_interregional,pesos,557319524874.9501,miles de millones de pesos,dinero,total
2022-05-01,02,Antofagasta,venta_intrarregional,pesos,347398428886.93,miles de millones de pesos,dinero,total
2022-05-01,03,Atacama,compra_interregional,pesos,208100207193.44998,miles de millones de pesos,dinero,total
2022-05-01,03,Atacama,compra_intrarregional,pesos,105617889397.48,miles de millones de pesos,dinero,total
2022-05-01,03,Atacama,facturas_compra_interregional,unidades,239108.0,miles de unidades,conteo,total
2022-05-01,03,Atacama,facturas_venta_interregional,unidades,84703.0,miles de unidades,conteo,total
2022-05-01,03,Atacama,venta_interregional,pesos,139326645052.91998,miles de millones de pesos,dinero,total
2022-05-01,03,Atacama,venta_intrarregional,pesos,105617889397.48,miles de millones de pesos,dinero,total
2022-05-01,04,Coquimbo,compra_interregional,pesos,354272788481.24,miles de millones de pesos,dinero,total
2022-05-01,04,Coquimbo,compra_intrarregional,pesos,240896179624.95,miles de millones de pesos,dinero,total
2022-05-01,04,Coquimbo,facturas_compra_interregional,unidades,543269.0,miles de unidades,conteo,total
2022-05-01,04,Coquimbo,facturas_venta_interregional,unidades,189184.0,miles de unidades,conteo,total
2022-05-01,04,Coquimbo,venta_interregional,pesos,224655951062.42,miles de millones de pesos,dinero,total
2022-05-01,04,Coquimbo,venta_intrarregional,pesos,240896179624.95,miles de millones de pesos,dinero,total
2022-05-01,05,Valparaíso,compra_interregional,pesos,918745882739.78,miles de millones de pesos,dinero,total
2022-05-01,05,Valparaíso,compra_intrarregional,pesos,596461201878.54,miles de millones de pesos,dinero,total
2022-05-01,05,Valparaíso,facturas_compra_interregional,unidades,1357249.0,miles de unidades,conteo,total
2022-05-01,05,Valparaíso,facturas_venta_interregional,unidades,717943.0,miles de unidades,conteo,total
2022-05-01,05,Valparaíso,venta_interregional,pesos,1740742160373.2,miles de millones de pesos,dinero,total
2022-05-01,05,Valparaíso,venta_intrarregional,pesos,596461201878.54,miles de millones de pesos,dinero,total
2022-05-01,06,O'Higgins,compra_interregional,pesos,684606748198.35,miles de millones de pesos,dinero,total
2022-05-01,06,O'Higgins,compra_intrarregional,pesos,432623132071.55,miles de millones de pesos,dinero,total
2022-05-01,06,O'Higgins,facturas_compra_interregional,unidades,773106.0,miles de unidades,conteo,total
2022-05-01,06,O'Higgins,facturas_venta_interregional,unidades,273471.0,miles de unidades,conteo,total
2022-05-01,06,O'Higgins,venta_interregional,pesos,528298808863.76996,miles de millones de pesos,dinero,total
2022-05-01,06,O'Higgins,venta_intrarregional,pesos,432623132071.55,miles de millones de pesos,dinero,total
2022-05-01,07,Maule,compra_interregional,pesos,584179600061.98,miles de millones de pesos,dinero,total
2022-05-01,07,Maule,compra_intrarregional,pesos,456730841597.13,miles de millones de pesos,dinero,total
2022-05-01,07,Maule,facturas_compra_interregional,unidades,742212.0,miles de unidades,conteo,total
2022-05-01,07,Maule,facturas_venta_interregional,unidades,505420.0,miles de unidades,conteo,total
2022-05-01,07,Maule,venta_interregional,pesos,467444038670.4,miles de millones de pesos,dinero,total
2022-05-01,07,Maule,venta_intrarregional,pesos,456730841597.13,miles de millones de pesos,dinero,total
2022-05-01,08,Biobío,compra_interregional,pesos,804795886612.62,miles de millones de pesos,dinero,total
2022-05-01,08,Biobío,compra_intrarregional,pesos,652031461598.42,miles de millones de pesos,dinero,total
2022-05-01,08,Biobío,facturas_compra_interregional,unidades,1133568.0,miles de unidades,conteo,total
2022-05-01,08,Biobío,facturas_venta_interregional,unidades,445502.0,miles de unidades,conteo,total
2022-05-01,08,Biobío,venta_interregional,pesos,850299434101.5,miles de millones de pesos,dinero,total
2022-05-01,08,Biobío,venta_intrarregional,pesos,652031461598.42,miles de millones de pesos,dinero,total
2022-05-01,09,La Araucanía,compra_interregional,pesos,391721157399.0,miles de millones de pesos,dinero,total
2022-05-01,09,La Araucanía,compra_intrarregional,pesos,330829567685.76,miles de millones de pesos,dinero,total
2022-05-01,09,La Araucanía,facturas_compra_interregional,unidades,647004.0,miles de unidades,conteo,total
2022-05-01,09,La Araucanía,facturas_venta_interregional,unidades,301108.0,miles de unidades,conteo,total
2022-05-01,09,La Araucanía,venta_interregional,pesos,305675574285.77997,miles de millones de pesos,dinero,total
2022-05-01,09,La Araucanía,venta_intrarregional,pesos,330829567685.76,miles de millones de pesos,dinero,total
2022-05-01,10,Los Lagos,compra_interregional,pesos,755825910931.35,miles de millones de pesos,dinero,total
2022-05-01,10,Los Lagos,compra_intrarregional,pesos,747877825537.0,miles de millones de pesos,dinero,total
2022-05-01,10,Los Lagos,facturas_compra_interregional,unidades,686959.0,miles de unidades,conteo,total
2022-05-01,10,Los Lagos,facturas_venta_interregional,unidades,345708.0,miles de unidades,conteo,total
2022-05-01,10,Los Lagos,venta_interregional,pesos,368969238976.99005,miles de millones de pesos,dinero,total
2022-05-01,10,Los Lagos,venta_intrarregional,pesos,747877825537.0,miles de millones de pesos,dinero,total
2022-05-01,11,Aysén,compra_interregional,pesos,39477384407.904,miles de millones de pesos,dinero,total
2022-05-01,11,Aysén,compra_intrarregional,pesos,35741671868.563995,miles de millones de pesos,dinero,total
2022-05-01,11,Aysén,facturas_compra_interregional,unidades,91996.0,miles de unidades,conteo,total
2022-05-01,11,Aysén,facturas_venta_interregional,unidades,27007.0,miles de unidades,conteo,total
2022-05-01,11,Aysén,venta_interregional,pesos,34879154459.834,miles de millones de pesos,dinero,total
2022-05-01,11,Aysén,venta_intrarregional,pesos,35741671868.563995,miles de millones de pesos,dinero,total
2022-05-01,12,Magallanes,compra_interregional,pesos,129498346115.7,miles de millones de pesos,dinero,total
2022-05-01,12,Magallanes,compra_intrarregional,pesos,86206706295.98099,miles de millones de pesos,dinero,total
2022-05-01,12,Magallanes,facturas_compra_interregional,unidades,130127.00000000001,miles de unidades,conteo,total
2022-05-01,12,Magallanes,facturas_venta_interregional,unidades,33437.0,miles de unidades,conteo,total
2022-05-01,12,Magallanes,venta_interregional,pesos,56406694032.285,miles de millones de pesos,dinero,total
2022-05-01,12,Magallanes,venta_intrarregional,pesos,86206706295.98099,miles de millones de pesos,dinero,total
2022-05-01,13,Metropolitana de Santiago,compra_interregional,pesos,4827562681944.5,miles de millones de pesos,dinero,total
2022-05-01,13,Metropolitana de Santiago,compra_intrarregional,pesos,16687483268630.0,miles de millones de pesos,dinero,total
2022-05-01,13,Metropolitana de Santiago,facturas_compra_interregional,unidades,2560735.0,miles de unidades,conteo,total
2022-05-01,13,Metropolitana de Santiago,facturas_venta_interregional,unidades,6824890.0,miles de unidades,conteo,total
2022-05-01,13,Metropolitana de Santiago,venta_interregional,pesos,5356658303302.2,miles de millones de pesos,dinero,total
2022-05-01,13,Metropolitana de Santiago,venta_intrarregional,pesos,16687483268630.0,miles de millones de pesos,dinero,total
2022-05-01,14,Los Ríos,compra_interregional,pesos,225189492605.05,miles de millones de pesos,dinero,total
2022-05-01,14,Los Ríos,compra_intrarregional,pesos,113747025533.73,miles de millones de pesos,dinero,total
2022-05-01,14,Los Ríos,facturas_compra_interregional,unidades,353724.0,miles de unidades,conteo,total
2022-05-01,14,Los Ríos,facturas_venta_interregional,unidades,152270.0,miles de unidades,conteo,total
2022-05-01,14,Los Ríos,venta_interregional,pesos,172396590939.28,miles de millones de pesos,dinero,total
2022-05-01,14,Los Ríos,venta_intrarregional,pesos,113747025533.73,miles de millones de pesos,dinero,total
2022-05-01,15,Arica y Parinacota,compra_interregional,pesos,85476381437.946,miles de millones de pesos,dinero,total
2022-05-01,15,Arica y Parinacota,compra_intrarregional,pesos,46703143437.0,miles de millones de pesos,dinero,total
2022-05-01,15,Arica y Parinacota,facturas_compra_interregional,unidades,128648.0,miles de unidades,conteo,total
2022-05-01,15,Arica y Parinacota,facturas_venta_interregional,unidades,45503.0,miles de unidades,conteo,total
2022-05-01,15,Arica y Parinacota,venta_interregional,pesos,42006846801.0,miles de millones de pesos,dinero,total
2022-05-01,15,Arica y Parinacota,venta_intrarregional,pesos,46703143437.0,miles de millones de pesos,dinero,total
2022-05-01,16,Ñuble,compra_interregional,pesos,234097999354.55002,miles de millones de pesos,dinero,total
2022-05-01,16,Ñuble,compra_intrarregional,pesos,140261635204.13998,miles de millones de pesos,dinero,total
2022-05-01,16,Ñuble,facturas_compra_interregional,unidades,333193.0,miles de unidades,conteo,total
2022-05-01,16,Ñuble,facturas_venta_interregional,unidades,209290.0,miles de unidades,conteo,total
2022-05-01,16,Ñuble,venta_interregional,pesos,206040272851.85,miles de millones de pesos,dinero,total
2022-05-01,16,Ñuble,venta_intrarregional,pesos,140261635204.13998,miles de millones de pesos,dinero,total
2022-06-01,01,Tarapacá,compra_interregional,pesos,315648653601.21,miles de millones de pesos,dinero,total
2022-06-01,01,Tarapacá,compra_intrarregional,pesos,123347083613.98001,miles de millones de pesos,dinero,total
2022-06-01,01,Tarapacá,facturas_compra_interregional,unidades,209656.0,miles de unidades,conteo,total
2022-06-01,01,Tarapacá,facturas_venta_interregional,unidades,84045.0,miles de unidades,conteo,total
2022-06-01,01,Tarapacá,venta_interregional,pesos,106606962017.79,miles de millones de pesos,dinero,total
2022-06-01,01,Tarapacá,venta_intrarregional,pesos,123347083613.98001,miles de millones de pesos,dinero,total
2022-06-01,02,Antofagasta,compra_interregional,pesos,593783232017.36,miles de millones de pesos,dinero,total
2022-06-01,02,Antofagasta,compra_intrarregional,pesos,282788698163.33997,miles de millones de pesos,dinero,total
2022-06-01,02,Antofagasta,facturas_compra_interregional,unidades,482688.0,miles de unidades,conteo,total
2022-06-01,02,Antofagasta,facturas_venta_interregional,unidades,191646.0,miles de unidades,conteo,total
2022-06-01,02,Antofagasta,venta_interregional,pesos,607565759387.18,miles de millones de pesos,dinero,total
2022-06-01,02,Antofagasta,venta_intrarregional,pesos,282788698163.33997,miles de millones de pesos,dinero,total
2022-06-01,03,Atacama,compra_interregional,pesos,207584519553.64,miles de millones de pesos,dinero,total
2022-06-01,03,Atacama,compra_intrarregional,pesos,96510281738.56,miles de millones de pesos,dinero,total
2022-06-01,03,Atacama,facturas_compra_interregional,unidades,226120.0,miles de unidades,conteo,total
2022-06-01,03,Atacama,facturas_venta_interregional,unidades,80022.0,miles de unidades,conteo,total
2022-06-01,03,Atacama,venta_interregional,pesos,139214659524.91,miles de millones de pesos,dinero,total
2022-06-01,03,Atacama,venta_intrarregional,pesos,96510281738.56,miles de millones de pesos,dinero,total
2022-06-01,04,Coquimbo,compra_interregional,pesos,344646844724.51,miles de millones de pesos,dinero,total
2022-06-01,04,Coquimbo,compra_intrarregional,pesos,225296803885.25,miles de millones de pesos,dinero,total
2022-06-01,04,Coquimbo,facturas_compra_interregional,unidades,514273.0,miles de unidades,conteo,total
2022-06-01,04,Coquimbo,facturas_venta_interregional,unidades,193695.0,miles de unidades,conteo,total
2022-06-01,04,Coquimbo,venta_interregional,pesos,210279937841.38,miles de millones de pesos,dinero,total
2022-06-01,04,Coquimbo,venta_intrarregional,pesos,225296803885.25,miles de millones de pesos,dinero,total
2022-06-01,05,Valparaíso,compra_interregional,pesos,883630544016.75,miles de millones de pesos,dinero,total
2022-06-01,05,Valparaíso,compra_intrarregional,pesos,556674683216.5,miles de millones de pesos,dinero,total
2022-06-01,05,Valparaíso,facturas_compra_interregional,unidades,1288050.0,miles de unidades,conteo,total
2022-06-01,05,Valparaíso,facturas_venta_interregional,unidades,674001.0,miles de unidades,conteo,total
2022-06-01,05,Valparaíso,venta_interregional,pesos,1772039144488.0999,miles de millones de pesos,dinero,total
2022-06-01,05,Valparaíso,venta_intrarregional,pesos,556674683216.5,miles de millones de pesos,dinero,total
2022-06-01,06,O'Higgins,compra_interregional,pesos,621457737852.7,miles de millones de pesos,dinero,total
2022-06-01,06,O'Higgins,compra_intrarregional,pesos,394452857779.15,miles de millones de pesos,dinero,total
2022-06-01,06,O'Higgins,facturas_compra_interregional,unidades,721671.0,miles de unidades,conteo,total
2022-06-01,06,O'Higgins,facturas_venta_interregional,unidades,251722.0,miles de unidades,conteo,total
2022-06-01,06,O'Higgins,venta_interregional,pesos,457842002768.14,miles de millones de pesos,dinero,total
2022-06-01,06,O'Higgins,venta_intrarregional,pesos,394452857779.15,miles de millones de pesos,dinero,total
2022-06-01,07,Maule,compra_interregional,pesos,523211303580.11,miles de millones de pesos,dinero,total
2022-06-01,07,Maule,compra_intrarregional,pesos,394051218200.42,miles de millones de pesos,dinero,total
2022-06-01,07,Maule,facturas_compra_interregional,unidades,686958.0,miles de unidades,conteo,total
2022-06-01,07,Maule,facturas_venta_interregional,unidades,485941.0,miles de unidades,conteo,total
2022-06-01,07,Maule,venta_interregional,pesos,429890163896.18,miles de millones de pesos,dinero,total
2022-06-01,07,Maule,venta_intrarregional,pesos,394051218200.42,miles de millones de pesos,dinero,total
2022-06-01,08,Biobío,compra_interregional,pesos,752757892829.5,miles de millones de pesos,dinero,total
2022-06-01,08,Biobío,compra_intrarregional,pesos,618441961265.31,miles de millones de pesos,dinero,total
2022-06-01,08,Biobío,facturas_compra_interregional,unidades,1060228.0,miles de unidades,conteo,total
2022-06-01,08,Biobío,facturas_venta_interregional,unidades,419824.0,miles de unidades,conteo,total
2022-06-01,08,Biobío,venta_interregional,pesos,823576910820.36,miles de millones de pesos,dinero,total
2022-06-01,08,Biobío,venta_intrarregional,pesos,618441961265.31,miles de millones de pesos,dinero,total
2022-06-01,09,La Araucanía,compra_interregional,pesos,371703974467.31,miles de millones de pesos,dinero,total
2022-06-01,09,La Araucanía,compra_intrarregional,pesos,312777216297.03,miles de millones de pesos,dinero,total
2022-06-01,09,La Araucanía,facturas_compra_interregional,unidades,605503.0,miles de unidades,conteo,total
2022-06-01,09,La Araucanía,facturas_venta_interregional,unidades,281507.0,miles de unidades,conteo,total
2022-06-01,09,La Araucanía,venta_interregional,pesos,285969106530.86005,miles de millones de pesos,dinero,total
2022-06-01,09,La Araucanía,venta_intrarregional,pesos,312777216297.03,miles de millones de pesos,dinero,total
2022-06-01,10,Los Lagos,compra_interregional,pesos,730102252040.7999,miles de millones de pesos,dinero,total
2022-06-01,10,Los Lagos,compra_intrarregional,pesos,712409050526.81,miles de millones de pesos,dinero,total
2022-06-01,10,Los Lagos,facturas_compra_interregional,unidades,646389.0,miles de unidades,conteo,total
2022-06-01,10,Los Lagos,facturas_venta_interregional,unidades,328818.0,miles de unidades,conteo,total
2022-06-01,10,Los Lagos,venta_interregional,pesos,368506088122.53,miles de millones de pesos,dinero,total
2022-06-01,10,Los Lagos,venta_intrarregional,pesos,712409050526.81,miles de millones de pesos,dinero,total
2022-06-01,11,Aysén,compra_interregional,pesos,37671543941.912,miles de millones de pesos,dinero,total
2022-06-01,11,Aysén,compra_intrarregional,pesos,33703870819.589,miles de millones de pesos,dinero,total
2022-06-01,11,Aysén,facturas_compra_interregional,unidades,85727.0,miles de unidades,conteo,total
2022-06-01,11,Aysén,facturas_venta_interregional,unidades,25193.0,miles de unidades,conteo,total
2022-06-01,11,Aysén,venta_interregional,pesos,31296274511.505,miles de millones de pesos,dinero,total
2022-06-01,11,Aysén,venta_intrarregional,pesos,33703870819.589,miles de millones de pesos,dinero,total
2022-06-01,12,Magallanes,compra_interregional,pesos,112991165171.01,miles de millones de pesos,dinero,total
2022-06-01,12,Magallanes,compra_intrarregional,pesos,83397804761.664,miles de millones de pesos,dinero,total
2022-06-01,12,Magallanes,facturas_compra_interregional,unidades,123736.0,miles de unidades,conteo,total
2022-06-01,12,Magallanes,facturas_venta_interregional,unidades,31139.0,miles de unidades,conteo,total
2022-06-01,12,Magallanes,venta_interregional,pesos,56364241139.562996,miles de millones de pesos,dinero,total
2022-06-01,12,Magallanes,venta_intrarregional,pesos,83397804761.664,miles de millones de pesos,dinero,total
2022-06-01,13,Metropolitana de Santiago,compra_interregional,pesos,4779455093588.2,miles de millones de pesos,dinero,total
2022-06-01,13,Metropolitana de Santiago,compra_intrarregional,pesos,16220405049712.0,miles de millones de pesos,dinero,total
2022-06-01,13,Metropolitana de Santiago,facturas_compra_interregional,unidades,2425437.0,miles de unidades,conteo,total
2022-06-01,13,Metropolitana de Santiago,facturas_venta_interregional,unidades,6411241.0,miles de unidades,conteo,total
2022-06-01,13,Metropolitana de Santiago,venta_interregional,pesos,5099671648356.8,miles de millones de pesos,dinero,total
2022-06-01,13,Metropolitana de Santiago,venta_intrarregional,pesos,16220405049712.0,miles de millones de pesos,dinero,total
2022-06-01,14,Los Ríos,compra_interregional,pesos,209243801939.33002,miles de millones de pesos,dinero,total
2022-06-01,14,Los Ríos,compra_intrarregional,pesos,103556754431.09,miles de millones de pesos,dinero,total
2022-06-01,14,Los Ríos,facturas_compra_interregional,unidades,333686.0,miles de unidades,conteo,total
2022-06-01,14,Los Ríos,facturas_venta_interregional,unidades,144286.0,miles de unidades,conteo,total
2022-06-01,14,Los Ríos,venta_interregional,pesos,165651618957.66,miles de millones de pesos,dinero,total
2022-06-01,14,Los Ríos,venta_intrarregional,pesos,103556754431.09,miles de millones de pesos,dinero,total
2022-06-01,15,Arica y Parinacota,compra_interregional,pesos,80441249631.638,miles de millones de pesos,dinero,total
2022-06-01,15,Arica y Parinacota,compra_intrarregional,pesos,46339300111.6,miles de millones de pesos,dinero,total
2022-06-01,15,Arica y Parinacota,facturas_compra_interregional,unidades,121671.0,miles de unidades,conteo,total
2022-06-01,15,Arica y Parinacota,facturas_venta_interregional,unidades,44624.0,miles de unidades,conteo,total
2022-06-01,15,Arica y Parinacota,venta_interregional,pesos,41779084989.0,miles de millones de pesos,dinero,total
2022-06-01,15,Arica y Parinacota,venta_intrarregional,pesos,46339300111.6,miles de millones de pesos,dinero,total
2022-06-01,16,Ñuble,compra_interregional,pesos,221668907395.73,miles de millones de pesos,dinero,total
2022-06-01,16,Ñuble,compra_intrarregional,pesos,140547430768.86002,miles de millones de pesos,dinero,total
2022-06-01,16,Ñuble,facturas_compra_interregional,unidades,311439.0,miles de unidades,conteo,total
2022-06-01,16,Ñuble,facturas_venta_interregional,unidades,195528.0,miles de unidades,conteo,total
2022-06-01,16,Ñuble,venta_interregional,pesos,189745112999.65,miles de millones de pesos,dinero,total
2022-06-01,16,Ñuble,venta_intrarregional,pesos,140547430768.86002,miles de millones de pesos,dinero,total
2022-07-01,01,Tarapacá,compra_interregional,pesos,359411422838.73,miles de millones de pesos,dinero,total
2022-07-01,01,Tarapacá,compra_intrarregional,pesos,123934945513.59,miles de millones de pesos,dinero,total
2022-07-01,01,Tarapacá,facturas_compra_interregional,unidades,209735.0,miles de unidades,conteo,total
2022-07-01,01,Tarapacá,facturas_venta_interregional,unidades,82729.0,miles de unidades,conteo,total
2022-07-01,01,Tarapacá,venta_interregional,pesos,111805235640.41,miles de millones de pesos,dinero,total
2022-07-01,01,Tarapacá,venta_intrarregional,pesos,123934945513.59,miles de millones de pesos,dinero,total
2022-07-01,02,Antofagasta,compra_interregional,pesos,691542803195.84,miles de millones de pesos,dinero,total
2022-07-01,02,Antofagasta,compra_intrarregional,pesos,349328621847.91,miles de millones de pesos,dinero,total
2022-07-01,02,Antofagasta,facturas_compra_interregional,unidades,484335.0,miles de unidades,conteo,total
2022-07-01,02,Antofagasta,facturas_venta_interregional,unidades,198170.0,miles de unidades,conteo,total
2022-07-01,02,Antofagasta,venta_interregional,pesos,615001153426.41,miles de millones de pesos,dinero,total
2022-07-01,02,Antofagasta,venta_intrarregional,pesos,349328621847.91,miles de millones de pesos,dinero,total
2022-07-01,03,Atacama,compra_interregional,pesos,215538623886.68,miles de millones de pesos,dinero,total
2022-07-01,03,Atacama,compra_intrarregional,pesos,100095071342.54,miles de millones de pesos,dinero,total
2022-07-01,03,Atacama,facturas_compra_interregional,unidades,227227.0,miles de unidades,conteo,total
2022-07-01,03,Atacama,facturas_venta_interregional,unidades,80617.0,miles de unidades,conteo,total
2022-07-01,03,Atacama,venta_interregional,pesos,143392841403.7,miles de millones de pesos,dinero,total
2022-07-01,03,Atacama,venta_intrarregional,pesos,100095071342.54,miles de millones de pesos,dinero,total
2022-07-01,04,Coquimbo,compra_interregional,pesos,337009768664.44,miles de millones de pesos,dinero,total
2022-07-01,04,Coquimbo,compra_intrarregional,pesos,217418045526.44998,miles de millones de pesos,dinero,total
2022-07-01,04,Coquimbo,facturas_compra_interregional,unidades,514206.0,miles de unidades,conteo,total
2022-07-01,04,Coquimbo,facturas_venta_interregional,unidades,192452.0,miles de unidades,conteo,total
2022-07-01,04,Coquimbo,venta_interregional,pesos,204969432119.84,miles de millones de pesos,dinero,total
2022-07-01,04,Coquimbo,venta_intrarregional,pesos,217418045526.44998,miles de millones de pesos,dinero,total
2022-07-01,05,Valparaíso,compra_interregional,pesos,901987224887.69,miles de millones de pesos,dinero,total
2022-07-01,05,Valparaíso,compra_intrarregional,pesos,568605716835.37,miles de millones de pesos,dinero,total
2022-07-01,05,Valparaíso,facturas_compra_interregional,unidades,1310287.0,miles de unidades,conteo,total
2022-07-01,05,Valparaíso,facturas_venta_interregional,unidades,685972.0,miles de unidades,conteo,total
2022-07-01,05,Valparaíso,venta_interregional,pesos,1804522378225.7998,miles de millones de pesos,dinero,total
2022-07-01,05,Valparaíso,venta_intrarregional,pesos,568605716835.37,miles de millones de pesos,dinero,total
2022-07-01,06,O'Higgins,compra_interregional,pesos,653858222872.77,miles de millones de pesos,dinero,total
2022-07-01,06,O'Higgins,compra_intrarregional,pesos,374828464985.69,miles de millones de pesos,dinero,total
2022-07-01,06,O'Higgins,facturas_compra_interregional,unidades,727465.0,miles de unidades,conteo,total
2022-07-01,06,O'Higgins,facturas_venta_interregional,unidades,259192.99999999997,miles de unidades,conteo,total
2022-07-01,06,O'Higgins,venta_interregional,pesos,476435970454.16,miles de millones de pesos,dinero,total
2022-07-01,06,O'Higgins,venta_intrarregional,pesos,374828464985.69,miles de millones de pesos,dinero,total
2022-07-01,07,Maule,compra_interregional,pesos,501657622186.7,miles de millones de pesos,dinero,total
2022-07-01,07,Maule,compra_intrarregional,pesos,394386108267.13,miles de millones de pesos,dinero,total
2022-07-01,07,Maule,facturas_compra_interregional,unidades,692417.0,miles de unidades,conteo,total
2022-07-01,07,Maule,facturas_venta_interregional,unidades,491944.0,miles de unidades,conteo,total
2022-07-01,07,Maule,venta_interregional,pesos,410564814031.06,miles de millones de pesos,dinero,total
2022-07-01,07,Maule,venta_intrarregional,pesos,394386108267.13,miles de millones de pesos,dinero,total
2022-07-01,08,Biobío,compra_interregional,pesos,770932464971.7799,miles de millones de pesos,dinero,total
2022-07-01,08,Biobío,compra_intrarregional,pesos,640482272665.27,miles de millones de pesos,dinero,total
2022-07-01,08,Biobío,facturas_compra_interregional,unidades,1067388.0,miles de unidades,conteo,total
2022-07-01,08,Biobío,facturas_venta_interregional,unidades,422834.0,miles de unidades,conteo,total
2022-07-01,08,Biobío,venta_interregional,pesos,812655281780.8401,miles de millones de pesos,dinero,total
2022-07-01,08,Biobío,venta_intrarregional,pesos,640482272665.27,miles de millones de pesos,dinero,total
2022-07-01,09,La Araucanía,compra_interregional,pesos,360100022889.42004,miles de millones de pesos,dinero,total
2022-07-01,09,La Araucanía,compra_intrarregional,pesos,305725632499.49,miles de millones de pesos,dinero,total
2022-07-01,09,La Araucanía,facturas_compra_interregional,unidades,618947.0,miles de unidades,conteo,total
2022-07-01,09,La Araucanía,facturas_venta_interregional,unidades,290901.0,miles de unidades,conteo,total
2022-07-01,09,La Araucanía,venta_interregional,pesos,281186365822.18,miles de millones de pesos,dinero,total
2022-07-01,09,La Araucanía,venta_intrarregional,pesos,305725632499.49,miles de millones de pesos,dinero,total
2022-07-01,10,Los Lagos,compra_interregional,pesos,756946122957.0599,miles de millones de pesos,dinero,total
2022-07-01,10,Los Lagos,compra_intrarregional,pesos,724770136265.15,miles de millones de pesos,dinero,total
2022-07-01,10,Los Lagos,facturas_compra_interregional,unidades,655664.0,miles de unidades,conteo,total
2022-07-01,10,Los Lagos,facturas_venta_interregional,unidades,331248.0,miles de unidades,conteo,total
2022-07-01,10,Los Lagos,venta_interregional,pesos,399904886372.25,miles de millones de pesos,dinero,total
2022-07-01,10,Los Lagos,venta_intrarregional,pesos,724770136265.15,miles de millones de pesos,dinero,total
2022-07-01,11,Aysén,compra_interregional,pesos,34912599228.388,miles de millones de pesos,dinero,total
2022-07-01,11,Aysén,compra_intrarregional,pesos,34034842919.534,miles de millones de pesos,dinero,total
2022-07-01,11,Aysén,facturas_compra_interregional,unidades,85223.0,miles de unidades,conteo,total
2022-07-01,11,Aysén,facturas_venta_interregional,unidades,24535.0,miles de unidades,conteo,total
2022-07-01,11,Aysén,venta_interregional,pesos,40841428976.216,miles de millones de pesos,dinero,total
2022-07-01,11,Aysén,venta_intrarregional,pesos,34034842919.534,miles de millones de pesos,dinero,total
2022-07-01,12,Magallanes,compra_interregional,pesos,102770093166.08,miles de millones de pesos,dinero,total
2022-07-01,12,Magallanes,compra_intrarregional,pesos,83180512256.76901,miles de millones de pesos,dinero,total
2022-07-01,12,Magallanes,facturas_compra_interregional,unidades,125454.0,miles de unidades,conteo,total
2022-07-01,12,Magallanes,facturas_venta_interregional,unidades,31623.0,miles de unidades,conteo,total
2022-07-01,12,Magallanes,venta_interregional,pesos,57515989226.557,miles de millones de pesos,dinero,total
2022-07-01,12,Magallanes,venta_intrarregional,pesos,83180512256.76901,miles de millones de pesos,dinero,total
2022-07-01,13,Metropolitana de Santiago,compra_interregional,pesos,4874531935527.0,miles de millones de pesos,dinero,total
2022-07-01,13,Metropolitana de Santiago,compra_intrarregional,pesos,16654596131351.998,miles de millones de pesos,dinero,total
2022-07-01,13,Metropolitana de Santiago,facturas_compra_interregional,unidades,2448871.0,miles de unidades,conteo,total
2022-07-01,13,Metropolitana de Santiago,facturas_venta_interregional,unidades,6459574.0,miles de unidades,conteo,total
2022-07-01,13,Metropolitana de Santiago,venta_interregional,pesos,5286532209363.301,miles de millones de pesos,dinero,total
2022-07-01,13,Metropolitana de Santiago,venta_intrarregional,pesos,16654596131351.998,miles de millones de pesos,dinero,total
2022-07-01,14,Los Ríos,compra_interregional,pesos,207523938065.84998,miles de millones de pesos,dinero,total
2022-07-01,14,Los Ríos,compra_intrarregional,pesos,102343962139.95,miles de millones de pesos,dinero,total
2022-07-01,14,Los Ríos,facturas_compra_interregional,unidades,338163.0,miles de unidades,conteo,total
2022-07-01,14,Los Ríos,facturas_venta_interregional,unidades,145192.0,miles de unidades,conteo,total
2022-07-01,14,Los Ríos,venta_interregional,pesos,174916055382.33,miles de millones de pesos,dinero,total
2022-07-01,14,Los Ríos,venta_intrarregional,pesos,102343962139.95,miles de millones de pesos,dinero,total
2022-07-01,15,Arica y Parinacota,compra_interregional,pesos,75866418652.60199,miles de millones de pesos,dinero,total
2022-07-01,15,Arica y Parinacota,compra_intrarregional,pesos,52359207566.8,miles de millones de pesos,dinero,total
2022-07-01,15,Arica y Parinacota,facturas_compra_interregional,unidades,124092.0,miles de unidades,conteo,total
2022-07-01,15,Arica y Parinacota,facturas_venta_interregional,unidades,45216.0,miles de unidades,conteo,total
2022-07-01,15,Arica y Parinacota,venta_interregional,pesos,45273915771.0,miles de millones de pesos,dinero,total
2022-07-01,15,Arica y Parinacota,venta_intrarregional,pesos,52359207566.8,miles de millones de pesos,dinero,total
2022-07-01,16,Ñuble,compra_interregional,pesos,213130337751.78,miles de millones de pesos,dinero,total
2022-07-01,16,Ñuble,compra_intrarregional,pesos,132505783889.55,miles de millones de pesos,dinero,total
2022-07-01,16,Ñuble,facturas_compra_interregional,unidades,311630.0,miles de unidades,conteo,total
2022-07-01,16,Ñuble,facturas_venta_interregional,unidades,198904.0,miles de unidades,conteo,total
2022-07-01,16,Ñuble,venta_interregional,pesos,192201663746.76,miles de millones de pesos,dinero,total
2022-07-01,16,Ñuble,venta_intrarregional,pesos,132505783889.55,miles de millones de pesos,dinero,total
2022-08-01,01,Tarapacá,compra_interregional,pesos,361136586476.27,miles de millones de pesos,dinero,total
2022-08-01,01,Tarapacá,compra_intrarregional,pesos,132594506103.2,miles de millones de pesos,dinero,total
2022-08-01,01,Tarapacá,facturas_compra_interregional,unidades,220930.0,miles de unidades,conteo,total
2022-08-01,01,Tarapacá,facturas_venta_interregional,unidades,86856.0,miles de unidades,conteo,total
2022-08-01,01,Tarapacá,venta_interregional,pesos,118541833073.03,miles de millones de pesos,dinero,total
2022-08-01,01,Tarapacá,venta_intrarregional,pesos,132594506103.2,miles de millones de pesos,dinero,total
2022-08-01,02,Antofagasta,compra_interregional,pesos,660808162699.15,miles de millones de pesos,dinero,total
2022-08-01,02,Antofagasta,compra_intrarregional,pesos,354089617382.87,miles de millones de pesos,dinero,total
2022-08-01,02,Antofagasta,facturas_compra_interregional,unidades,508818.0,miles de unidades,conteo,total
2022-08-01,02,Antofagasta,facturas_venta_interregional,unidades,210653.0,miles de unidades,conteo,total
2022-08-01,02,Antofagasta,venta_interregional,pesos,638181761656.0299,miles de millones de pesos,dinero,total
2022-08-01,02,Antofagasta,venta_intrarregional,pesos,354089617382.87,miles de millones de pesos,dinero,total
2022-08-01,03,Atacama,compra_interregional,pesos,210841250798.32,miles de millones de pesos,dinero,total
2022-08-01,03,Atacama,compra_intrarregional,pesos,107653198796.62999,miles de millones de pesos,dinero,total
2022-08-01,03,Atacama,facturas_compra_interregional,unidades,244770.0,miles de unidades,conteo,total
2022-08-01,03,Atacama,facturas_venta_interregional,unidades,86473.0,miles de unidades,conteo,total
2022-08-01,03,Atacama,venta_interregional,pesos,150892213284.59003,miles de millones de pesos,dinero,total
2022-08-01,03,Atacama,venta_intrarregional,pesos,107653198796.62999,miles de millones de pesos,dinero,total
2022-08-01,04,Coquimbo,compra_interregional,pesos,367265775406.89996,miles de millones de pesos,dinero,total
2022-08-01,04,Coquimbo,compra_intrarregional,pesos,233969564535.88,miles de millones de pesos,dinero,total
2022-08-01,04,Coquimbo,facturas_compra_interregional,unidades,553327.0,miles de unidades,conteo,total
2022-08-01,04,Coquimbo,facturas_venta_interregional,unidades,206686.0,miles de unidades,conteo,total
2022-08-01,04,Coquimbo,venta_interregional,pesos,239510186201.82,miles de millones de pesos,dinero,total
2022-08-01,04,Coquimbo,venta_intrarregional,pesos,233969564535.88,miles de millones de pesos,dinero,total
2022-08-01,05,Valparaíso,compra_interregional,pesos,959456167086.07,miles de millones de pesos,dinero,total
2022-08-01,05,Valparaíso,compra_intrarregional,pesos,627215454631.39,miles de millones de pesos,dinero,total
2022-08-01,05,Valparaíso,facturas_compra_interregional,unidades,1403104.0,miles de unidades,conteo,total
2022-08-01,05,Valparaíso,facturas_venta_interregional,unidades,740181.0,miles de unidades,conteo,total
2022-08-01,05,Valparaíso,venta_interregional,pesos,1720683063028.9001,miles de millones de pesos,dinero,total
2022-08-01,05,Valparaíso,venta_intrarregional,pesos,627215454631.39,miles de millones de pesos,dinero,total
2022-08-01,06,O'Higgins,compra_interregional,pesos,729401591932.17,miles de millones de pesos,dinero,total
2022-08-01,06,O'Higgins,compra_intrarregional,pesos,393724963267.65,miles de millones de pesos,dinero,total
2022-08-01,06,O'Higgins,facturas_compra_interregional,unidades,787342.0,miles de unidades,conteo,total
2022-08-01,06,O'Higgins,facturas_venta_interregional,unidades,285493.0,miles de unidades,conteo,total
2022-08-01,06,O'Higgins,venta_interregional,pesos,452661294872.48004,miles de millones de pesos,dinero,total
2022-08-01,06,O'Higgins,venta_intrarregional,pesos,393724963267.65,miles de millones de pesos,dinero,total
2022-08-01,07,Maule,compra_interregional,pesos,552526237536.13,miles de millones de pesos,dinero,total
2022-08-01,07,Maule,compra_intrarregional,pesos,432307095815.48,miles de millones de pesos,dinero,total
2022-08-01,07,Maule,facturas_compra_interregional,unidades,741877.0,miles de unidades,conteo,total
2022-08-01,07,Maule,facturas_venta_interregional,unidades,530806.0,miles de unidades,conteo,total
2022-08-01,07,Maule,venta_interregional,pesos,453555930083.02997,miles de millones de pesos,dinero,total
2022-08-01,07,Maule,venta_intrarregional,pesos,432307095815.48,miles de millones de pesos,dinero,total
2022-08-01,08,Biobío,compra_interregional,pesos,834744252628.12,miles de millones de pesos,dinero,total
2022-08-01,08,Biobío,compra_intrarregional,pesos,685278675998.07,miles de millones de pesos,dinero,total
2022-08-01,08,Biobío,facturas_compra_interregional,unidades,1150848.0,miles de unidades,conteo,total
2022-08-01,08,Biobío,facturas_venta_interregional,unidades,458339.0,miles de unidades,conteo,total
2022-08-01,08,Biobío,venta_interregional,pesos,878111538094.66,miles de millones de pesos,dinero,total
2022-08-01,08,Biobío,venta_intrarregional,pesos,685278675998.07,miles de millones de pesos,dinero,total
2022-08-01,09,La Araucanía,compra_interregional,pesos,390276303474.43,miles de millones de pesos,dinero,total
2022-08-01,09,La Araucanía,compra_intrarregional,pesos,335295878322.23,miles de millones de pesos,dinero,total
2022-08-01,09,La Araucanía,facturas_compra_interregional,unidades,659795.0,miles de unidades,conteo,total
2022-08-01,09,La Araucanía,facturas_venta_interregional,unidades,314789.0,miles de unidades,conteo,total
2022-08-01,09,La Araucanía,venta_interregional,pesos,304294274535.72,miles de millones de pesos,dinero,total
2022-08-01,09,La Araucanía,venta_intrarregional,pesos,335295878322.23,miles de millones de pesos,dinero,total
2022-08-01,10,Los Lagos,compra_interregional,pesos,803936492940.61,miles de millones de pesos,dinero,total
2022-08-01,10,Los Lagos,compra_intrarregional,pesos,792559299606.07,miles de millones de pesos,dinero,total
2022-08-01,10,Los Lagos,facturas_compra_interregional,unidades,701933.0,miles de unidades,conteo,total
2022-08-01,10,Los Lagos,facturas_venta_interregional,unidades,357815.0,miles de unidades,conteo,total
2022-08-01,10,Los Lagos,venta_interregional,pesos,409794103598.79,miles de millones de pesos,dinero,total
2022-08-01,10,Los Lagos,venta_intrarregional,pesos,792559299606.07,miles de millones de pesos,dinero,total
2022-08-01,11,Aysén,compra_interregional,pesos,41786750368.542,miles de millones de pesos,dinero,total
2022-08-01,11,Aysén,compra_intrarregional,pesos,34783960989.433,miles de millones de pesos,dinero,total
2022-08-01,11,Aysén,facturas_compra_interregional,unidades,94361.0,miles de unidades,conteo,total
2022-08-01,11,Aysén,facturas_venta_interregional,unidades,27277.0,miles de unidades,conteo,total
2022-08-01,11,Aysén,venta_interregional,pesos,31581735647.45,miles de millones de pesos,dinero,total
2022-08-01,11,Aysén,venta_intrarregional,pesos,34783960989.433,miles de millones de pesos,dinero,total
2022-08-01,12,Magallanes,compra_interregional,pesos,117799693286.55,miles de millones de pesos,dinero,total
2022-08-01,12,Magallanes,compra_intrarregional,pesos,95818350767.601,miles de millones de pesos,dinero,total
2022-08-01,12,Magallanes,facturas_compra_interregional,unidades,133528.0,miles de unidades,conteo,total
2022-08-01,12,Magallanes,facturas_venta_interregional,unidades,34322.0,miles de unidades,conteo,total
2022-08-01,12,Magallanes,venta_interregional,pesos,69527629082.5,miles de millones de pesos,dinero,total
2022-08-01,12,Magallanes,venta_intrarregional,pesos,95818350767.601,miles de millones de pesos,dinero,total
2022-08-01,13,Metropolitana de Santiago,compra_interregional,pesos,4912891378539.1,miles de millones de pesos,dinero,total
2022-08-01,13,Metropolitana de Santiago,compra_intrarregional,pesos,17640552933475.0,miles de millones de pesos,dinero,total
2022-08-01,13,Metropolitana de Santiago,facturas_compra_interregional,unidades,2630538.0,miles de unidades,conteo,total
2022-08-01,13,Metropolitana de Santiago,facturas_venta_interregional,unidades,6902417.0,miles de unidades,conteo,total
2022-08-01,13,Metropolitana de Santiago,venta_interregional,pesos,5622174073235.1,miles de millones de pesos,dinero,total
2022-08-01,13,Metropolitana de Santiago,venta_intrarregional,pesos,17640552933475.0,miles de millones de pesos,dinero,total
2022-08-01,14,Los Ríos,compra_interregional,pesos,240021359974.88,miles de millones de pesos,dinero,total
2022-08-01,14,Los Ríos,compra_intrarregional,pesos,113138861503.64,miles de millones de pesos,dinero,total
2022-08-01,14,Los Ríos,facturas_compra_interregional,unidades,363885.0,miles de unidades,conteo,total
2022-08-01,14,Los Ríos,facturas_venta_interregional,unidades,157580.0,miles de unidades,conteo,total
2022-08-01,14,Los Ríos,venta_interregional,pesos,184570821424.66,miles de millones de pesos,dinero,total
2022-08-01,14,Los Ríos,venta_intrarregional,pesos,113138861503.64,miles de millones de pesos,dinero,total
2022-08-01,15,Arica y Parinacota,compra_interregional,pesos,103603502502.56999,miles de millones de pesos,dinero,total
2022-08-01,15,Arica y Parinacota,compra_intrarregional,pesos,48705746205.799995,miles de millones de pesos,dinero,total
2022-08-01,15,Arica y Parinacota,facturas_compra_interregional,unidades,129018.0,miles de unidades,conteo,total
2022-08-01,15,Arica y Parinacota,facturas_venta_interregional,unidades,48024.0,miles de unidades,conteo,total
2022-08-01,15,Arica y Parinacota,venta_interregional,pesos,45820977292.0,miles de millones de pesos,dinero,total
2022-08-01,15,Arica y Parinacota,venta_intrarregional,pesos,48705746205.799995,miles de millones de pesos,dinero,total
2022-08-01,16,Ñuble,compra_interregional,pesos,233122927585.61,miles de millones de pesos,dinero,total
2022-08-01,16,Ñuble,compra_intrarregional,pesos,141790677523.09998,miles de millones de pesos,dinero,total
2022-08-01,16,Ñuble,facturas_compra_interregional,unidades,340423.0,miles de unidades,conteo,total
2022-08-01,16,Ñuble,facturas_venta_interregional,unidades,216786.0,miles de unidades,conteo,total
2022-08-01,16,Ñuble,venta_interregional,pesos,199716998124.6,miles de millones de pesos,dinero,total
2022-08-01,16,Ñuble,venta_intrarregional,pesos,141790677523.09998,miles de millones de pesos,dinero,total
2022-09-01,01,Tarapacá,compra_interregional,pesos,373558291006.02,miles de millones de pesos,dinero,total
2022-09-01,01,Tarapacá,compra_intrarregional,pesos,133994544758.28,miles de millones de pesos,dinero,total
2022-09-01,01,Tarapacá,facturas_compra_interregional,unidades,208010.0,miles de unidades,conteo,total
2022-09-01,01,Tarapacá,facturas_venta_interregional,unidades,80091.0,miles de unidades,conteo,total
2022-09-01,01,Tarapacá,venta_interregional,pesos,112221508179.22,miles de millones de pesos,dinero,total
2022-09-01,01,Tarapacá,venta_intrarregional,pesos,133994544758.28,miles de millones de pesos,dinero,total
2022-09-01,02,Antofagasta,compra_interregional,pesos,588714723563.48,miles de millones de pesos,dinero,total
2022-09-01,02,Antofagasta,compra_intrarregional,pesos,363470061173.44,miles de millones de pesos,dinero,total
2022-09-01,02,Antofagasta,facturas_compra_interregional,unidades,478886.0,miles de unidades,conteo,total
2022-09-01,02,Antofagasta,facturas_venta_interregional,unidades,190914.0,miles de unidades,conteo,total
2022-09-01,02,Antofagasta,venta_interregional,pesos,629509089330.5399,miles de millones de pesos,dinero,total
2022-09-01,02,Antofagasta,venta_intrarregional,pesos,363470061173.44,miles de millones de pesos,dinero,total
2022-09-01,03,Atacama,compra_interregional,pesos,207379139550.80002,miles de millones de pesos,dinero,total
2022-09-01,03,Atacama,compra_intrarregional,pesos,100830202339.34001,miles de millones de pesos,dinero,total
2022-09-01,03,Atacama,facturas_compra_interregional,unidades,229611.0,miles de unidades,conteo,total
2022-09-01,03,Atacama,facturas_venta_interregional,unidades,80328.0,miles de unidades,conteo,total
2022-09-01,03,Atacama,venta_interregional,pesos,143988599558.25,miles de millones de pesos,dinero,total
2022-09-01,03,Atacama,venta_intrarregional,pesos,100830202339.34001,miles de millones de pesos,dinero,total
2022-09-01,04,Coquimbo,compra_interregional,pesos,348128854680.61,miles de millones de pesos,dinero,total
2022-09-01,04,Coquimbo,compra_intrarregional,pesos,227263402892.37,miles de millones de pesos,dinero,total
2022-09-01,04,Coquimbo,facturas_compra_interregional,unidades,517773.0,miles de unidades,conteo,total
2022-09-01,04,Coquimbo,facturas_venta_interregional,unidades,192781.0,miles de unidades,conteo,total
2022-09-01,04,Coquimbo,venta_interregional,pesos,216048826906.67,miles de millones de pesos,dinero,total
2022-09-01,04,Coquimbo,venta_intrarregional,pesos,227263402892.37,miles de millones de pesos,dinero,total
2022-09-01,05,Valparaíso,compra_interregional,pesos,934257965404.14,miles de millones de pesos,dinero,total
2022-09-01,05,Valparaíso,compra_intrarregional,pesos,591831663022.0399,miles de millones de pesos,dinero,total
2022-09-01,05,Valparaíso,facturas_compra_interregional,unidades,1314070.0,miles de unidades,conteo,total
2022-09-01,05,Valparaíso,facturas_venta_interregional,unidades,669625.0,miles de unidades,conteo,total
2022-09-01,05,Valparaíso,venta_interregional,pesos,1689925396968.5999,miles de millones de pesos,dinero,total
2022-09-01,05,Valparaíso,venta_intrarregional,pesos,591831663022.0399,miles de millones de pesos,dinero,total
2022-09-01,06,O'Higgins,compra_interregional,pesos,740555883064.72,miles de millones de pesos,dinero,total
2022-09-01,06,O'Higgins,compra_intrarregional,pesos,386387940613.80005,miles de millones de pesos,dinero,total
2022-09-01,06,O'Higgins,facturas_compra_interregional,unidades,743202.0,miles de unidades,conteo,total
2022-09-01,06,O'Higgins,facturas_venta_interregional,unidades,263314.0,miles de unidades,conteo,total
2022-09-01,06,O'Higgins,venta_interregional,pesos,473708688046.54,miles de millones de pesos,dinero,total
2022-09-01,06,O'Higgins,venta_intrarregional,pesos,386387940613.80005,miles de millones de pesos,dinero,total
2022-09-01,07,Maule,compra_interregional,pesos,534908348053.21,miles de millones de pesos,dinero,total
2022-09-01,07,Maule,compra_intrarregional,pesos,414862767550.41003,miles de millones de pesos,dinero,total
2022-09-01,07,Maule,facturas_compra_interregional,unidades,704461.0,miles de unidades,conteo,total
2022-09-01,07,Maule,facturas_venta_interregional,unidades,484743.0,miles de unidades,conteo,total
2022-09-01,07,Maule,venta_interregional,pesos,422529495930.51,miles de millones de pesos,dinero,total
2022-09-01,07,Maule,venta_intrarregional,pesos,414862767550.41003,miles de millones de pesos,dinero,total
2022-09-01,08,Biobío,compra_interregional,pesos,785031729528.7,miles de millones de pesos,dinero,total
2022-09-01,08,Biobío,compra_intrarregional,pesos,665033740928.84,miles de millones de pesos,dinero,total
2022-09-01,08,Biobío,facturas_compra_interregional,unidades,1071282.0,miles de unidades,conteo,total
2022-09-01,08,Biobío,facturas_venta_interregional,unidades,419643.0,miles de unidades,conteo,total
2022-09-01,08,Biobío,venta_interregional,pesos,850499588048.91,miles de millones de pesos,dinero,total
2022-09-01,08,Biobío,venta_intrarregional,pesos,665033740928.84,miles de millones de pesos,dinero,total
2022-09-01,09,La Araucanía,compra_interregional,pesos,370399864811.42,miles de millones de pesos,dinero,total
2022-09-01,09,La Araucanía,compra_intrarregional,pesos,321366690211.75,miles de millones de pesos,dinero,total
2022-09-01,09,La Araucanía,facturas_compra_interregional,unidades,619737.0,miles de unidades,conteo,total
2022-09-01,09,La Araucanía,facturas_venta_interregional,unidades,283418.0,miles de unidades,conteo,total
2022-09-01,09,La Araucanía,venta_interregional,pesos,282951044541.68,miles de millones de pesos,dinero,total
2022-09-01,09,La Araucanía,venta_intrarregional,pesos,321366690211.75,miles de millones de pesos,dinero,total
2022-09-01,10,Los Lagos,compra_interregional,pesos,765972818560.66,miles de millones de pesos,dinero,total
2022-09-01,10,Los Lagos,compra_intrarregional,pesos,777452936895.0701,miles de millones de pesos,dinero,total
2022-09-01,10,Los Lagos,facturas_compra_interregional,unidades,655222.0,miles de unidades,conteo,total
2022-09-01,10,Los Lagos,facturas_venta_interregional,unidades,333005.0,miles de unidades,conteo,total
2022-09-01,10,Los Lagos,venta_interregional,pesos,390388434391.84,miles de millones de pesos,dinero,total
2022-09-01,10,Los Lagos,venta_intrarregional,pesos,777452936895.0701,miles de millones de pesos,dinero,total
2022-09-01,11,Aysén,compra_interregional,pesos,37134272446.363,miles de millones de pesos,dinero,total
2022-09-01,11,Aysén,compra_intrarregional,pesos,36279625155.243996,miles de millones de pesos,dinero,total
2022-09-01,11,Aysén,facturas_compra_interregional,unidades,89969.0,miles de unidades,conteo,total
2022-09-01,11,Aysén,facturas_venta_interregional,unidades,25310.0,miles de unidades,conteo,total
2022-09-01,11,Aysén,venta_interregional,pesos,29184460817.166,miles de millones de pesos,dinero,total
2022-09-01,11,Aysén,venta_intrarregional,pesos,36279625155.243996,miles de millones de pesos,dinero,total
2022-09-01,12,Magallanes,compra_interregional,pesos,121717710583.87,miles de millones de pesos,dinero,total
2022-09-01,12,Magallanes,compra_intrarregional,pesos,90913879450.67,miles de millones de pesos,dinero,total
2022-09-01,12,Magallanes,facturas_compra_interregional,unidades,130453.0,miles de unidades,conteo,total
2022-09-01,12,Magallanes,facturas_venta_interregional,unidades,31905.0,miles de unidades,conteo,total
2022-09-01,12,Magallanes,venta_interregional,pesos,65293183077.845,miles de millones de pesos,dinero,total
2022-09-01,12,Magallanes,venta_intrarregional,pesos,90913879450.67,miles de millones de pesos,dinero,total
2022-09-01,13,Metropolitana de Santiago,compra_interregional,pesos,4797067634311.7,miles de millones de pesos,dinero,total
2022-09-01,13,Metropolitana de Santiago,compra_intrarregional,pesos,17081924112834.0,miles de millones de pesos,dinero,total
2022-09-01,13,Metropolitana de Santiago,facturas_compra_interregional,unidades,2410560.0,miles de unidades,conteo,total
2022-09-01,13,Metropolitana de Santiago,facturas_venta_interregional,unidades,6513465.0,miles de unidades,conteo,total
2022-09-01,13,Metropolitana de Santiago,venta_interregional,pesos,5409240228212.8,miles de millones de pesos,dinero,total
2022-09-01,13,Metropolitana de Santiago,venta_intrarregional,pesos,17081924112834.0,miles de millones de pesos,dinero,total
2022-09-01,14,Los Ríos,compra_interregional,pesos,230244561671.62,miles de millones de pesos,dinero,total
2022-09-01,14,Los Ríos,compra_intrarregional,pesos,112221118238.98,miles de millones de pesos,dinero,total
2022-09-01,14,Los Ríos,facturas_compra_interregional,unidades,340053.0,miles de unidades,conteo,total
2022-09-01,14,Los Ríos,facturas_venta_interregional,unidades,144173.0,miles de unidades,conteo,total
2022-09-01,14,Los Ríos,venta_interregional,pesos,177838193333.16,miles de millones de pesos,dinero,total
2022-09-01,14,Los Ríos,venta_intrarregional,pesos,112221118238.98,miles de millones de pesos,dinero,total
2022-09-01,15,Arica y Parinacota,compra_interregional,pesos,86546435629.551,miles de millones de pesos,dinero,total
2022-09-01,15,Arica y Parinacota,compra_intrarregional,pesos,46537427473.4,miles de millones de pesos,dinero,total
2022-09-01,15,Arica y Parinacota,facturas_compra_interregional,unidades,120739.0,miles de unidades,conteo,total
2022-09-01,15,Arica y Parinacota,facturas_venta_interregional,unidades,44194.0,miles de unidades,conteo,total
2022-09-01,15,Arica y Parinacota,venta_interregional,pesos,46708752964.0,miles de millones de pesos,dinero,total
2022-09-01,15,Arica y Parinacota,venta_intrarregional,pesos,46537427473.4,miles de millones de pesos,dinero,total
2022-09-01,16,Ñuble,compra_interregional,pesos,213958037485.11,miles de millones de pesos,dinero,total
2022-09-01,16,Ñuble,compra_intrarregional,pesos,135251336270.47,miles de millones de pesos,dinero,total
2022-09-01,16,Ñuble,facturas_compra_interregional,unidades,322222.0,miles de unidades,conteo,total
2022-09-01,16,Ñuble,facturas_venta_interregional,unidades,199341.0,miles de unidades,conteo,total
2022-09-01,16,Ñuble,venta_interregional,pesos,195540780044.16998,miles de millones de pesos,dinero,total
2022-09-01,16,Ñuble,venta_intrarregional,pesos,135251336270.47,miles de millones de pesos,dinero,total
2022-10-01,01,Tarapacá,compra_interregional,pesos,409600234499.75,miles de millones de pesos,dinero,total
2022-10-01,01,Tarapacá,compra_intrarregional,pesos,125687891985.05,miles de millones de pesos,dinero,total
2022-10-01,01,Tarapacá,facturas_compra_interregional,unidades,209182.0,miles de unidades,conteo,total
2022-10-01,01,Tarapacá,facturas_venta_interregional,unidades,79806.0,miles de unidades,conteo,total
2022-10-01,01,Tarapacá,venta_interregional,pesos,116500622674.03,miles de millones de pesos,dinero,total
2022-10-01,01,Tarapacá,venta_intrarregional,pesos,125687891985.05,miles de millones de pesos,dinero,total
2022-10-01,02,Antofagasta,compra_interregional,pesos,663278441322.42,miles de millones de pesos,dinero,total
2022-10-01,02,Antofagasta,compra_intrarregional,pesos,324461835809.38995,miles de millones de pesos,dinero,total
2022-10-01,02,Antofagasta,facturas_compra_interregional,unidades,485028.0,miles de unidades,conteo,total
2022-10-01,02,Antofagasta,facturas_venta_interregional,unidades,195912.0,miles de unidades,conteo,total
2022-10-01,02,Antofagasta,venta_interregional,pesos,646539397492.36,miles de millones de pesos,dinero,total
2022-10-01,02,Antofagasta,venta_intrarregional,pesos,324461835809.38995,miles de millones de pesos,dinero,total
2022-10-01,03,Atacama,compra_interregional,pesos,209058420649.35,miles de millones de pesos,dinero,total
2022-10-01,03,Atacama,compra_intrarregional,pesos,106861432909.77,miles de millones de pesos,dinero,total
2022-10-01,03,Atacama,facturas_compra_interregional,unidades,231867.0,miles de unidades,conteo,total
2022-10-01,03,Atacama,facturas_venta_interregional,unidades,85256.0,miles de unidades,conteo,total
2022-10-01,03,Atacama,venta_interregional,pesos,148642087371.6,miles de millones de pesos,dinero,total
2022-10-01,03,Atacama,venta_intrarregional,pesos,106861432909.77,miles de millones de pesos,dinero,total
2022-10-01,04,Coquimbo,compra_interregional,pesos,350716132702.86005,miles de millones de pesos,dinero,total
2022-10-01,04,Coquimbo,compra_intrarregional,pesos,224231146769.84,miles de millones de pesos,dinero,total
2022-10-01,04,Coquimbo,facturas_compra_interregional,unidades,521542.00000000006,miles de unidades,conteo,total
2022-10-01,04,Coquimbo,facturas_venta_interregional,unidades,205284.0,miles de unidades,conteo,total
2022-10-01,04,Coquimbo,venta_interregional,pesos,224179151529.24,miles de millones de pesos,dinero,total
2022-10-01,04,Coquimbo,venta_intrarregional,pesos,224231146769.84,miles de millones de pesos,dinero,total
2022-10-01,05,Valparaíso,compra_interregional,pesos,933952920071.2,miles de millones de pesos,dinero,total
2022-10-01,05,Valparaíso,compra_intrarregional,pesos,599773470005.3,miles de millones de pesos,dinero,total
2022-10-01,05,Valparaíso,facturas_compra_interregional,unidades,1330752.0,miles de unidades,conteo,total
2022-10-01,05,Valparaíso,facturas_venta_interregional,unidades,670694.0,miles de unidades,conteo,total
2022-10-01,05,Valparaíso,venta_interregional,pesos,1690505878616.2002,miles de millones de pesos,dinero,total
2022-10-01,05,Valparaíso,venta_intrarregional,pesos,599773470005.3,miles de millones de pesos,dinero,total
2022-10-01,06,O'Higgins,compra_interregional,pesos,693020913229.26,miles de millones de pesos,dinero,total
2022-10-01,06,O'Higgins,compra_intrarregional,pesos,397121089198.73,miles de millones de pesos,dinero,total
2022-10-01,06,O'Higgins,facturas_compra_interregional,unidades,754041.0,miles de unidades,conteo,total
2022-10-01,06,O'Higgins,facturas_venta_interregional,unidades,271695.0,miles de unidades,conteo,total
2022-10-01,06,O'Higgins,venta_interregional,pesos,441857026696.49,miles de millones de pesos,dinero,total
2022-10-01,06,O'Higgins,venta_intrarregional,pesos,397121089198.73,miles de millones de pesos,dinero,total
2022-10-01,07,Maule,compra_interregional,pesos,525976069151.13,miles de millones de pesos,dinero,total
2022-10-01,07,Maule,compra_intrarregional,pesos,411089775723.29004,miles de millones de pesos,dinero,total
2022-10-01,07,Maule,facturas_compra_interregional,unidades,713487.0,miles de unidades,conteo,total
2022-10-01,07,Maule,facturas_venta_interregional,unidades,496705.0,miles de unidades,conteo,total
2022-10-01,07,Maule,venta_interregional,pesos,433722794830.73,miles de millones de pesos,dinero,total
2022-10-01,07,Maule,venta_intrarregional,pesos,411089775723.29004,miles de millones de pesos,dinero,total
2022-10-01,08,Biobío,compra_interregional,pesos,813662168851.84,miles de millones de pesos,dinero,total
2022-10-01,08,Biobío,compra_intrarregional,pesos,668307739456.76,miles de millones de pesos,dinero,total
2022-10-01,08,Biobío,facturas_compra_interregional,unidades,1102808.0,miles de unidades,conteo,total
2022-10-01,08,Biobío,facturas_venta_interregional,unidades,428423.0,miles de unidades,conteo,total
2022-10-01,08,Biobío,venta_interregional,pesos,855939865014.4299,miles de millones de pesos,dinero,total
2022-10-01,08,Biobío,venta_intrarregional,pesos,668307739456.76,miles de millones de pesos,dinero,total
2022-10-01,09,La Araucanía,compra_interregional,pesos,372224247635.35004,miles de millones de pesos,dinero,total
2022-10-01,09,La Araucanía,compra_intrarregional,pesos,312077070873.55,miles de millones de pesos,dinero,total
2022-10-01,09,La Araucanía,facturas_compra_interregional,unidades,631478.0,miles de unidades,conteo,total
2022-10-01,09,La Araucanía,facturas_venta_interregional,unidades,296209.0,miles de unidades,conteo,total
2022-10-01,09,La Araucanía,venta_interregional,pesos,282771197787.61,miles de millones de pesos,dinero,total
2022-10-01,09,La Araucanía,venta_intrarregional,pesos,312077070873.55,miles de millones de pesos,dinero,total
2022-10-01,10,Los Lagos,compra_interregional,pesos,768552968501.46,miles de millones de pesos,dinero,total
2022-10-01,10,Los Lagos,compra_intrarregional,pesos,791772909399.11,miles de millones de pesos,dinero,total
2022-10-01,10,Los Lagos,facturas_compra_interregional,unidades,670224.0,miles de unidades,conteo,total
2022-10-01,10,Los Lagos,facturas_venta_interregional,unidades,346689.0,miles de unidades,conteo,total
2022-10-01,10,Los Lagos,venta_interregional,pesos,408868773201.89,miles de millones de pesos,dinero,total
2022-10-01,10,Los Lagos,venta_intrarregional,pesos,791772909399.11,miles de millones de pesos,dinero,total
2022-10-01,11,Aysén,compra_interregional,pesos,39081821994.769005,miles de millones de pesos,dinero,total
2022-10-01,11,Aysén,compra_intrarregional,pesos,36867741942.149994,miles de millones de pesos,dinero,total
2022-10-01,11,Aysén,facturas_compra_interregional,unidades,93466.0,miles de unidades,conteo,total
2022-10-01,11,Aysén,facturas_venta_interregional,unidades,27881.0,miles de unidades,conteo,total
2022-10-01,11,Aysén,venta_interregional,pesos,28698260551.3,miles de millones de pesos,dinero,total
2022-10-01,11,Aysén,venta_intrarregional,pesos,36867741942.149994,miles de millones de pesos,dinero,total
2022-10-01,12,Magallanes,compra_interregional,pesos,123317594486.04,miles de millones de pesos,dinero,total
2022-10-01,12,Magallanes,compra_intrarregional,pesos,102194175548.34,miles de millones de pesos,dinero,total
2022-10-01,12,Magallanes,facturas_compra_interregional,unidades,132905.0,miles de unidades,conteo,total
2022-10-01,12,Magallanes,facturas_venta_interregional,unidades,35313.0,miles de unidades,conteo,total
2022-10-01,12,Magallanes,venta_interregional,pesos,65769619276.16,miles de millones de pesos,dinero,total
2022-10-01,12,Magallanes,venta_intrarregional,pesos,102194175548.34,miles de millones de pesos,dinero,total
2022-10-01,13,Metropolitana de Santiago,compra_interregional,pesos,4764592705784.2,miles de millones de pesos,dinero,total
2022-10-01,13,Metropolitana de Santiago,compra_intrarregional,pesos,16884726309429.0,miles de millones de pesos,dinero,total
2022-10-01,13,Metropolitana de Santiago,facturas_compra_interregional,unidades,2476550.0,miles de unidades,conteo,total
2022-10-01,13,Metropolitana de Santiago,facturas_venta_interregional,unidades,6616268.0,miles de unidades,conteo,total
2022-10-01,13,Metropolitana de Santiago,venta_interregional,pesos,5450994097357.0,miles de millones de pesos,dinero,total
2022-10-01,13,Metropolitana de Santiago,venta_intrarregional,pesos,16884726309429.0,miles de millones de pesos,dinero,total
2022-10-01,14,Los Ríos,compra_interregional,pesos,250830547695.24,miles de millones de pesos,dinero,total
2022-10-01,14,Los Ríos,compra_intrarregional,pesos,114054425380.67,miles de millones de pesos,dinero,total
2022-10-01,14,Los Ríos,facturas_compra_interregional,unidades,351019.0,miles de unidades,conteo,total
2022-10-01,14,Los Ríos,facturas_venta_interregional,unidades,148315.0,miles de unidades,conteo,total
2022-10-01,14,Los Ríos,venta_interregional,pesos,177494253208.0,miles de millones de pesos,dinero,total
2022-10-01,14,Los Ríos,venta_intrarregional,pesos,114054425380.67,miles de millones de pesos,dinero,total
2022-10-01,15,Arica y Parinacota,compra_interregional,pesos,88061578256.859,miles de millones de pesos,dinero,total
2022-10-01,15,Arica y Parinacota,compra_intrarregional,pesos,49369616478.0,miles de millones de pesos,dinero,total
2022-10-01,15,Arica y Parinacota,facturas_compra_interregional,unidades,120554.0,miles de unidades,conteo,total
2022-10-01,15,Arica y Parinacota,facturas_venta_interregional,unidades,44270.0,miles de unidades,conteo,total
2022-10-01,15,Arica y Parinacota,venta_interregional,pesos,45792197106.0,miles de millones de pesos,dinero,total
2022-10-01,15,Arica y Parinacota,venta_intrarregional,pesos,49369616478.0,miles de millones de pesos,dinero,total
2022-10-01,16,Ñuble,compra_interregional,pesos,199733583953.29,miles de millones de pesos,dinero,total
2022-10-01,16,Ñuble,compra_intrarregional,pesos,137844438965.12,miles de millones de pesos,dinero,total
2022-10-01,16,Ñuble,facturas_compra_interregional,unidades,326697.0,miles de unidades,conteo,total
2022-10-01,16,Ñuble,facturas_venta_interregional,unidades,202880.0,miles de unidades,conteo,total
2022-10-01,16,Ñuble,venta_interregional,pesos,187385126072.0,miles de millones de pesos,dinero,total
2022-10-01,16,Ñuble,venta_intrarregional,pesos,137844438965.12,miles de millones de pesos,dinero,total
2022-11-01,01,Tarapacá,compra_interregional,pesos,430414544843.98004,miles de millones de pesos,dinero,total
2022-11-01,01,Tarapacá,compra_intrarregional,pesos,132769034846.36,miles de millones de pesos,dinero,total
2022-11-01,01,Tarapacá,facturas_compra_interregional,unidades,212518.0,miles de unidades,conteo,total
2022-11-01,01,Tarapacá,facturas_venta_interregional,unidades,81466.0,miles de unidades,conteo,total
2022-11-01,01,Tarapacá,venta_interregional,pesos,113038335163.8,miles de millones de pesos,dinero,total
2022-11-01,01,Tarapacá,venta_intrarregional,pesos,132769034846.36,miles de millones de pesos,dinero,total
2022-11-01,02,Antofagasta,compra_interregional,pesos,651676556787.62,miles de millones de pesos,dinero,total
2022-11-01,02,Antofagasta,compra_intrarregional,pesos,383371973666.37,miles de millones de pesos,dinero,total
2022-11-01,02,Antofagasta,facturas_compra_interregional,unidades,494634.0,miles de unidades,conteo,total
2022-11-01,02,Antofagasta,facturas_venta_interregional,unidades,204157.0,miles de unidades,conteo,total
2022-11-01,02,Antofagasta,venta_interregional,pesos,653515765714.67,miles de millones de pesos,dinero,total
2022-11-01,02,Antofagasta,venta_intrarregional,pesos,383371973666.37,miles de millones de pesos,dinero,total
2022-11-01,03,Atacama,compra_interregional,pesos,224363599242.0,miles de millones de pesos,dinero,total
2022-11-01,03,Atacama,compra_intrarregional,pesos,115014101577.03,miles de millones de pesos,dinero,total
2022-11-01,03,Atacama,facturas_compra_interregional,unidades,234099.0,miles de unidades,conteo,total
2022-11-01,03,Atacama,facturas_venta_interregional,unidades,84677.0,miles de unidades,conteo,total
2022-11-01,03,Atacama,venta_interregional,pesos,150930554167.0,miles de millones de pesos,dinero,total
2022-11-01,03,Atacama,venta_intrarregional,pesos,115014101577.03,miles de millones de pesos,dinero,total
2022-11-01,04,Coquimbo,compra_interregional,pesos,380658776307.68,miles de millones de pesos,dinero,total
2022-11-01,04,Coquimbo,compra_intrarregional,pesos,234217370345.72,miles de millones de pesos,dinero,total
2022-11-01,04,Coquimbo,facturas_compra_interregional,unidades,532590.0,miles de unidades,conteo,total
2022-11-01,04,Coquimbo,facturas_venta_interregional,unidades,200102.0,miles de unidades,conteo,total
2022-11-01,04,Coquimbo,venta_interregional,pesos,244247044652.62,miles de millones de pesos,dinero,total
2022-11-01,04,Coquimbo,venta_intrarregional,pesos,234217370345.72,miles de millones de pesos,dinero,total
2022-11-01,05,Valparaíso,compra_interregional,pesos,1029094062620.4999,miles de millones de pesos,dinero,total
2022-11-01,05,Valparaíso,compra_intrarregional,pesos,634973987681.01,miles de millones de pesos,dinero,total
2022-11-01,05,Valparaíso,facturas_compra_interregional,unidades,1388322.0,miles de unidades,conteo,total
2022-11-01,05,Valparaíso,facturas_venta_interregional,unidades,685713.0,miles de unidades,conteo,total
2022-11-01,05,Valparaíso,venta_interregional,pesos,1658455398173.4,miles de millones de pesos,dinero,total
2022-11-01,05,Valparaíso,venta_intrarregional,pesos,634973987681.01,miles de millones de pesos,dinero,total
2022-11-01,06,O'Higgins,compra_interregional,pesos,772103122402.5599,miles de millones de pesos,dinero,total
2022-11-01,06,O'Higgins,compra_intrarregional,pesos,470229534017.88,miles de millones de pesos,dinero,total
2022-11-01,06,O'Higgins,facturas_compra_interregional,unidades,789392.0,miles de unidades,conteo,total
2022-11-01,06,O'Higgins,facturas_venta_interregional,unidades,292740.0,miles de unidades,conteo,total
2022-11-01,06,O'Higgins,venta_interregional,pesos,518752476954.79004,miles de millones de pesos,dinero,total
2022-11-01,06,O'Higgins,venta_intrarregional,pesos,470229534017.88,miles de millones de pesos,dinero,total
2022-11-01,07,Maule,compra_interregional,pesos,577865563822.0,miles de millones de pesos,dinero,total
2022-11-01,07,Maule,compra_intrarregional,pesos,493744449686.32,miles de millones de pesos,dinero,total
2022-11-01,07,Maule,facturas_compra_interregional,unidades,747816.0,miles de unidades,conteo,total
2022-11-01,07,Maule,facturas_venta_interregional,unidades,523625.0,miles de unidades,conteo,total
2022-11-01,07,Maule,venta_interregional,pesos,451761624496.36,miles de millones de pesos,dinero,total
2022-11-01,07,Maule,venta_intrarregional,pesos,493744449686.32,miles de millones de pesos,dinero,total
2022-11-01,08,Biobío,compra_interregional,pesos,875557140358.84,miles de millones de pesos,dinero,total
2022-11-01,08,Biobío,compra_intrarregional,pesos,705140781026.39,miles de millones de pesos,dinero,total
2022-11-01,08,Biobío,facturas_compra_interregional,unidades,1149083.0,miles de unidades,conteo,total
2022-11-01,08,Biobío,facturas_venta_interregional,unidades,461725.0,miles de unidades,conteo,total
2022-11-01,08,Biobío,venta_interregional,pesos,934559228295.4299,miles de millones de pesos,dinero,total
2022-11-01,08,Biobío,venta_intrarregional,pesos,705140781026.39,miles de millones de pesos,dinero,total
2022-11-01,09,La Araucanía,compra_interregional,pesos,400153953413.41003,miles de millones de pesos,dinero,total
2022-11-01,09,La Araucanía,compra_intrarregional,pesos,345139646004.60004,miles de millones de pesos,dinero,total
2022-11-01,09,La Araucanía,facturas_compra_interregional,unidades,669049.0,miles de unidades,conteo,total
2022-11-01,09,La Araucanía,facturas_venta_interregional,unidades,319005.0,miles de unidades,conteo,total
2022-11-01,09,La Araucanía,venta_interregional,pesos,318756437874.38995,miles de millones de pesos,dinero,total
2022-11-01,09,La Araucanía,venta_intrarregional,pesos,345139646004.60004,miles de millones de pesos,dinero,total
2022-11-01,10,Los Lagos,compra_interregional,pesos,781662645670.67,miles de millones de pesos,dinero,total
2022-11-01,10,Los Lagos,compra_intrarregional,pesos,845019761048.5399,miles de millones de pesos,dinero,total
2022-11-01,10,Los Lagos,facturas_compra_interregional,unidades,702875.0,miles de unidades,conteo,total
2022-11-01,10,Los Lagos,facturas_venta_interregional,unidades,353226.0,miles de unidades,conteo,total
2022-11-01,10,Los Lagos,venta_interregional,pesos,429753661991.64,miles de millones de pesos,dinero,total
2022-11-01,10,Los Lagos,venta_intrarregional,pesos,845019761048.5399,miles de millones de pesos,dinero,total
2022-11-01,11,Aysén,compra_interregional,pesos,44139416098.329,miles de millones de pesos,dinero,total
2022-11-01,11,Aysén,compra_intrarregional,pesos,40554966411.901,miles de millones de pesos,dinero,total
2022-11-01,11,Aysén,facturas_compra_interregional,unidades,96619.0,miles de unidades,conteo,total
2022-11-01,11,Aysén,facturas_venta_interregional,unidades,29881.0,miles de unidades,conteo,total
2022-11-01,11,Aysén,venta_interregional,pesos,31483501324.866,miles de millones de pesos,dinero,total
2022-11-01,11,Aysén,venta_intrarregional,pesos,40554966411.901,miles de millones de pesos,dinero,total
2022-11-01,12,Magallanes,compra_interregional,pesos,135788978473.69,miles de millones de pesos,dinero,total
2022-11-01,12,Magallanes,compra_intrarregional,pesos,130875442536.65999,miles de millones de pesos,dinero,total
2022-11-01,12,Magallanes,facturas_compra_interregional,unidades,138114.0,miles de unidades,conteo,total
2022-11-01,12,Magallanes,facturas_venta_interregional,unidades,39008.0,miles de unidades,conteo,total
2022-11-01,12,Magallanes,venta_interregional,pesos,72706588622.08301,miles de millones de pesos,dinero,total
2022-11-01,12,Magallanes,venta_intrarregional,pesos,130875442536.65999,miles de millones de pesos,dinero,total
2022-11-01,13,Metropolitana de Santiago,compra_interregional,pesos,5036126083730.399,miles de millones de pesos,dinero,total
2022-11-01,13,Metropolitana de Santiago,compra_intrarregional,pesos,18598524994169.0,miles de millones de pesos,dinero,total
2022-11-01,13,Metropolitana de Santiago,facturas_compra_interregional,unidades,2578497.0,miles de unidades,conteo,total
2022-11-01,13,Metropolitana de Santiago,facturas_venta_interregional,unidades,6879914.0,miles de unidades,conteo,total
2022-11-01,13,Metropolitana de Santiago,venta_interregional,pesos,5913378536294.1,miles de millones de pesos,dinero,total
2022-11-01,13,Metropolitana de Santiago,venta_intrarregional,pesos,18598524994169.0,miles de millones de pesos,dinero,total
2022-11-01,14,Los Ríos,compra_interregional,pesos,248188229075.28,miles de millones de pesos,dinero,total
2022-11-01,14,Los Ríos,compra_intrarregional,pesos,127130270757.69,miles de millones de pesos,dinero,total
2022-11-01,14,Los Ríos,facturas_compra_interregional,unidades,369389.0,miles de unidades,conteo,total
2022-11-01,14,Los Ríos,facturas_venta_interregional,unidades,157815.0,miles de unidades,conteo,total
2022-11-01,14,Los Ríos,venta_interregional,pesos,176786076092.0,miles de millones de pesos,dinero,total
2022-11-01,14,Los Ríos,venta_intrarregional,pesos,127130270757.69,miles de millones de pesos,dinero,total
2022-11-01,15,Arica y Parinacota,compra_interregional,pesos,94163582179.461,miles de millones de pesos,dinero,total
2022-11-01,15,Arica y Parinacota,compra_intrarregional,pesos,47368183736.799995,miles de millones de pesos,dinero,total
2022-11-01,15,Arica y Parinacota,facturas_compra_interregional,unidades,123184.0,miles de unidades,conteo,total
2022-11-01,15,Arica y Parinacota,facturas_venta_interregional,unidades,43273.0,miles de unidades,conteo,total
2022-11-01,15,Arica y Parinacota,venta_interregional,pesos,44760768238.0,miles de millones de pesos,dinero,total
2022-11-01,15,Arica y Parinacota,venta_intrarregional,pesos,47368183736.799995,miles de millones de pesos,dinero,total
2022-11-01,16,Ñuble,compra_interregional,pesos,234036338964.97,miles de millones de pesos,dinero,total
2022-11-01,16,Ñuble,compra_intrarregional,pesos,149127936430.27002,miles de millones de pesos,dinero,total
2022-11-01,16,Ñuble,facturas_compra_interregional,unidades,344435.0,miles de unidades,conteo,total
2022-11-01,16,Ñuble,facturas_venta_interregional,unidades,214289.0,miles de unidades,conteo,total
2022-11-01,16,Ñuble,venta_interregional,pesos,203106595936.19998,miles de millones de pesos,dinero,total
2022-11-01,16,Ñuble,venta_intrarregional,pesos,149127936430.27002,miles de millones de pesos,dinero,total
2022-12-01,01,Tarapacá,compra_interregional,pesos,487873532436.11,miles de millones de pesos,dinero,total
2022-12-01,01,Tarapacá,compra_intrarregional,pesos,167354975765.47,miles de millones de pesos,dinero,total
2022-12-01,01,Tarapacá,facturas_compra_interregional,unidades,210621.0,miles de unidades,conteo,total
2022-12-01,01,Tarapacá,facturas_venta_interregional,unidades,84418.0,miles de unidades,conteo,total
2022-12-01,01,Tarapacá,venta_interregional,pesos,127997031161.7,miles de millones de pesos,dinero,total
2022-12-01,01,Tarapacá,venta_intrarregional,pesos,167354975765.47,miles de millones de pesos,dinero,total
2022-12-01,02,Antofagasta,compra_interregional,pesos,845484845608.1001,miles de millones de pesos,dinero,total
2022-12-01,02,Antofagasta,compra_intrarregional,pesos,384270186905.51,miles de millones de pesos,dinero,total
2022-12-01,02,Antofagasta,facturas_compra_interregional,unidades,487148.0,miles de unidades,conteo,total
2022-12-01,02,Antofagasta,facturas_venta_interregional,unidades,194860.0,miles de unidades,conteo,total
2022-12-01,02,Antofagasta,venta_interregional,pesos,803076975614.07,miles de millones de pesos,dinero,total
2022-12-01,02,Antofagasta,venta_intrarregional,pesos,384270186905.51,miles de millones de pesos,dinero,total
2022-12-01,03,Atacama,compra_interregional,pesos,265146473641.78,miles de millones de pesos,dinero,total
2022-12-01,03,Atacama,compra_intrarregional,pesos,131965453139.23999,miles de millones de pesos,dinero,total
2022-12-01,03,Atacama,facturas_compra_interregional,unidades,236986.0,miles de unidades,conteo,total
2022-12-01,03,Atacama,facturas_venta_interregional,unidades,83519.0,miles de unidades,conteo,total
2022-12-01,03,Atacama,venta_interregional,pesos,164394510643.5,miles de millones de pesos,dinero,total
2022-12-01,03,Atacama,venta_intrarregional,pesos,131965453139.23999,miles de millones de pesos,dinero,total
2022-12-01,04,Coquimbo,compra_interregional,pesos,428567864545.83997,miles de millones de pesos,dinero,total
2022-12-01,04,Coquimbo,compra_intrarregional,pesos,266322228990.4,miles de millones de pesos,dinero,total
2022-12-01,04,Coquimbo,facturas_compra_interregional,unidades,541941.0,miles de unidades,conteo,total
2022-12-01,04,Coquimbo,facturas_venta_interregional,unidades,202989.0,miles de unidades,conteo,total
2022-12-01,04,Coquimbo,venta_interregional,pesos,285109528561.82,miles de millones de pesos,dinero,total
2022-12-01,04,Coquimbo,venta_intrarregional,pesos,266322228990.4,miles de millones de pesos,dinero,total
2022-12-01,05,Valparaíso,compra_interregional,pesos,1118577824616.9,miles de millones de pesos,dinero,total
2022-12-01,05,Valparaíso,compra_intrarregional,pesos,760479520676.02,miles de millones de pesos,dinero,total
2022-12-01,05,Valparaíso,facturas_compra_interregional,unidades,1365611.0,miles de unidades,conteo,total
2022-12-01,05,Valparaíso,facturas_venta_interregional,unidades,705123.0,miles de unidades,conteo,total
2022-12-01,05,Valparaíso,venta_interregional,pesos,1775188509887.5,miles de millones de pesos,dinero,total
2022-12-01,05,Valparaíso,venta_intrarregional,pesos,760479520676.02,miles de millones de pesos,dinero,total
2022-12-01,06,O'Higgins,compra_interregional,pesos,817972077024.14,miles de millones de pesos,dinero,total
2022-12-01,06,O'Higgins,compra_intrarregional,pesos,680988027606.9401,miles de millones de pesos,dinero,total
2022-12-01,06,O'Higgins,facturas_compra_interregional,unidades,771975.0,miles de unidades,conteo,total
2022-12-01,06,O'Higgins,facturas_venta_interregional,unidades,288910.0,miles de unidades,conteo,total
2022-12-01,06,O'Higgins,venta_interregional,pesos,708577260696.86,miles de millones de pesos,dinero,total
2022-12-01,06,O'Higgins,venta_intrarregional,pesos,680988027606.9401,miles de millones de pesos,dinero,total
2022-12-01,07,Maule,compra_interregional,pesos,685977073005.33,miles de millones de pesos,dinero,total
2022-12-01,07,Maule,compra_intrarregional,pesos,706578781598.75,miles de millones de pesos,dinero,total
2022-12-01,07,Maule,facturas_compra_interregional,unidades,737305.0,miles de unidades,conteo,total
2022-12-01,07,Maule,facturas_venta_interregional,unidades,521602.0,miles de unidades,conteo,total
2022-12-01,07,Maule,venta_interregional,pesos,533739686878.48004,miles de millones de pesos,dinero,total
2022-12-01,07,Maule,venta_intrarregional,pesos,706578781598.75,miles de millones de pesos,dinero,total
2022-12-01,08,Biobío,compra_interregional,pesos,906240284588.88,miles de millones de pesos,dinero,total
2022-12-01,08,Biobío,compra_intrarregional,pesos,791154823597.2,miles de millones de pesos,dinero,total
2022-12-01,08,Biobío,facturas_compra_interregional,unidades,1115452.0,miles de unidades,conteo,total
2022-12-01,08,Biobío,facturas_venta_interregional,unidades,449691.0,miles de unidades,conteo,total
2022-12-01,08,Biobío,venta_interregional,pesos,958364363955.48,miles de millones de pesos,dinero,total
2022-12-01,08,Biobío,venta_intrarregional,pesos,791154823597.2,miles de millones de pesos,dinero,total
2022-12-01,09,La Araucanía,compra_interregional,pesos,415637662526.07,miles de millones de pesos,dinero,total
2022-12-01,09,La Araucanía,compra_intrarregional,pesos,415622755783.77,miles de millones de pesos,dinero,total
2022-12-01,09,La Araucanía,facturas_compra_interregional,unidades,652854.0,miles de unidades,conteo,total
2022-12-01,09,La Araucanía,facturas_venta_interregional,unidades,325738.0,miles de unidades,conteo,total
2022-12-01,09,La Araucanía,venta_interregional,pesos,352835074008.94,miles de millones de pesos,dinero,total
2022-12-01,09,La Araucanía,venta_intrarregional,pesos,415622755783.77,miles de millones de pesos,dinero,total
2022-12-01,10,Los Lagos,compra_interregional,pesos,791952184128.8201,miles de millones de pesos,dinero,total
2022-12-01,10,Los Lagos,compra_intrarregional,pesos,906675203401.79,miles de millones de pesos,dinero,total
2022-12-01,10,Los Lagos,facturas_compra_interregional,unidades,685245.0,miles de unidades,conteo,total
2022-12-01,10,Los Lagos,facturas_venta_interregional,unidades,345636.0,miles de unidades,conteo,total
2022-12-01,10,Los Lagos,venta_interregional,pesos,472155039163.29,miles de millones de pesos,dinero,total
2022-12-01,10,Los Lagos,venta_intrarregional,pesos,906675203401.79,miles de millones de pesos,dinero,total
2022-12-01,11,Aysén,compra_interregional,pesos,54454662065.591,miles de millones de pesos,dinero,total
2022-12-01,11,Aysén,compra_intrarregional,pesos,45104110457.632996,miles de millones de pesos,dinero,total
2022-12-01,11,Aysén,facturas_compra_interregional,unidades,91704.0,miles de unidades,conteo,total
2022-12-01,11,Aysén,facturas_venta_interregional,unidades,28907.0,miles de unidades,conteo,total
2022-12-01,11,Aysén,venta_interregional,pesos,31682331994.549,miles de millones de pesos,dinero,total
2022-12-01,11,Aysén,venta_intrarregional,pesos,45104110457.632996,miles de millones de pesos,dinero,total
2022-12-01,12,Magallanes,compra_interregional,pesos,158177116595.21002,miles de millones de pesos,dinero,total
2022-12-01,12,Magallanes,compra_intrarregional,pesos,122685960259.87,miles de millones de pesos,dinero,total
2022-12-01,12,Magallanes,facturas_compra_interregional,unidades,137206.0,miles de unidades,conteo,total
2022-12-01,12,Magallanes,facturas_venta_interregional,unidades,37860.0,miles de unidades,conteo,total
2022-12-01,12,Magallanes,venta_interregional,pesos,92360704465.944,miles de millones de pesos,dinero,total
2022-12-01,12,Magallanes,venta_intrarregional,pesos,122685960259.87,miles de millones de pesos,dinero,total
2022-12-01,13,Metropolitana de Santiago,compra_interregional,pesos,6036120493301.5,miles de millones de pesos,dinero,total
2022-12-01,13,Metropolitana de Santiago,compra_intrarregional,pesos,20802326966875.0,miles de millones de pesos,dinero,total
2022-12-01,13,Metropolitana de Santiago,facturas_compra_interregional,unidades,2545700.0,miles de unidades,conteo,total
2022-12-01,13,Metropolitana de Santiago,facturas_venta_interregional,unidades,6722831.0,miles de unidades,conteo,total
2022-12-01,13,Metropolitana de Santiago,venta_interregional,pesos,6876289580137.7,miles de millones de pesos,dinero,total
2022-12-01,13,Metropolitana de Santiago,venta_intrarregional,pesos,20802326966875.0,miles de millones de pesos,dinero,total
2022-12-01,14,Los Ríos,compra_interregional,pesos,281322941101.93,miles de millones de pesos,dinero,total
2022-12-01,14,Los Ríos,compra_intrarregional,pesos,140564213922.75998,miles de millones de pesos,dinero,total
2022-12-01,14,Los Ríos,facturas_compra_interregional,unidades,365561.0,miles de unidades,conteo,total
2022-12-01,14,Los Ríos,facturas_venta_interregional,unidades,154760.0,miles de unidades,conteo,total
2022-12-01,14,Los Ríos,venta_interregional,pesos,204128379822.0,miles de millones de pesos,dinero,total
2022-12-01,14,Los Ríos,venta_intrarregional,pesos,140564213922.75998,miles de millones de pesos,dinero,total
2022-12-01,15,Arica y Parinacota,compra_interregional,pesos,128874721055.23,miles de millones de pesos,dinero,total
2022-12-01,15,Arica y Parinacota,compra_intrarregional,pesos,53109314027.0,miles de millones de pesos,dinero,total
2022-12-01,15,Arica y Parinacota,facturas_compra_interregional,unidades,121862.0,miles de unidades,conteo,total
2022-12-01,15,Arica y Parinacota,facturas_venta_interregional,unidades,41552.0,miles de unidades,conteo,total
2022-12-01,15,Arica y Parinacota,venta_interregional,pesos,42085721006.0,miles de millones de pesos,dinero,total
2022-12-01,15,Arica y Parinacota,venta_intrarregional,pesos,53109314027.0,miles de millones de pesos,dinero,total
2022-12-01,16,Ñuble,compra_interregional,pesos,246001960064.37,miles de millones de pesos,dinero,total
2022-12-01,16,Ñuble,compra_intrarregional,pesos,161161843252.37,miles de millones de pesos,dinero,total
2022-12-01,16,Ñuble,facturas_compra_interregional,unidades,336623.0,miles de unidades,conteo,total
2022-12-01,16,Ñuble,facturas_venta_interregional,unidades,215398.0,miles de unidades,conteo,total
2022-12-01,16,Ñuble,venta_interregional,pesos,240397018308.0,miles de millones de pesos,dinero,total
2022-12-01,16,Ñuble,venta_intrarregional,pesos,161161843252.37,miles de millones de pesos,dinero,total
2023-01-01,01,Tarapacá,compra_interregional,pesos,350087505163.56,miles de millones de pesos,dinero,total
2023-01-01,01,Tarapacá,compra_intrarregional,pesos,119962831154.22,miles de millones de pesos,dinero,total
2023-01-01,01,Tarapacá,facturas_compra_interregional,unidades,208327.0,miles de unidades,conteo,total
2023-01-01,01,Tarapacá,facturas_venta_interregional,unidades,81691.0,miles de unidades,conteo,total
2023-01-01,01,Tarapacá,venta_interregional,pesos,107282763661.99,miles de millones de pesos,dinero,total
2023-01-01,01,Tarapacá,venta_intrarregional,pesos,119962831154.22,miles de millones de pesos,dinero,total
2023-01-01,02,Antofagasta,compra_interregional,pesos,629364617988.5599,miles de millones de pesos,dinero,total
2023-01-01,02,Antofagasta,compra_intrarregional,pesos,296355957280.15,miles de millones de pesos,dinero,total
2023-01-01,02,Antofagasta,facturas_compra_interregional,unidades,481973.0,miles de unidades,conteo,total
2023-01-01,02,Antofagasta,facturas_venta_interregional,unidades,190692.0,miles de unidades,conteo,total
2023-01-01,02,Antofagasta,venta_interregional,pesos,566750202521.76,miles de millones de pesos,dinero,total
2023-01-01,02,Antofagasta,venta_intrarregional,pesos,296355957280.15,miles de millones de pesos,dinero,total
2023-01-01,03,Atacama,compra_interregional,pesos,197390369893.7,miles de millones de pesos,dinero,total
2023-01-01,03,Atacama,compra_intrarregional,pesos,103153844960.55,miles de millones de pesos,dinero,total
2023-01-01,03,Atacama,facturas_compra_interregional,unidades,229086.0,miles de unidades,conteo,total
2023-01-01,03,Atacama,facturas_venta_interregional,unidades,83292.0,miles de unidades,conteo,total
2023-01-01,03,Atacama,venta_interregional,pesos,165883514431.2,miles de millones de pesos,dinero,total
2023-01-01,03,Atacama,venta_intrarregional,pesos,103153844960.55,miles de millones de pesos,dinero,total
2023-01-01,04,Coquimbo,compra_interregional,pesos,366513169603.73,miles de millones de pesos,dinero,total
2023-01-01,04,Coquimbo,compra_intrarregional,pesos,220584806009.69,miles de millones de pesos,dinero,total
2023-01-01,04,Coquimbo,facturas_compra_interregional,unidades,540077.0,miles de unidades,conteo,total
2023-01-01,04,Coquimbo,facturas_venta_interregional,unidades,204106.0,miles de unidades,conteo,total
2023-01-01,04,Coquimbo,venta_interregional,pesos,219871674405.66,miles de millones de pesos,dinero,total
2023-01-01,04,Coquimbo,venta_intrarregional,pesos,220584806009.69,miles de millones de pesos,dinero,total
2023-01-01,05,Valparaíso,compra_interregional,pesos,897712416838.09,miles de millones de pesos,dinero,total
2023-01-01,05,Valparaíso,compra_intrarregional,pesos,623636800932.8201,miles de millones de pesos,dinero,total
2023-01-01,05,Valparaíso,facturas_compra_interregional,unidades,1387223.0,miles de unidades,conteo,total
2023-01-01,05,Valparaíso,facturas_venta_interregional,unidades,669836.0,miles de unidades,conteo,total
2023-01-01,05,Valparaíso,venta_interregional,pesos,1619724874106.1,miles de millones de pesos,dinero,total
2023-01-01,05,Valparaíso,venta_intrarregional,pesos,623636800932.8201,miles de millones de pesos,dinero,total
2023-01-01,06,O'Higgins,compra_interregional,pesos,636855164700.75,miles de millones de pesos,dinero,total
2023-01-01,06,O'Higgins,compra_intrarregional,pesos,433760304031.69,miles de millones de pesos,dinero,total
2023-01-01,06,O'Higgins,facturas_compra_interregional,unidades,760045.0,miles de unidades,conteo,total
2023-01-01,06,O'Higgins,facturas_venta_interregional,unidades,280092.0,miles de unidades,conteo,total
2023-01-01,06,O'Higgins,venta_interregional,pesos,541160310522.63995,miles de millones de pesos,dinero,total
2023-01-01,06,O'Higgins,venta_intrarregional,pesos,433760304031.69,miles de millones de pesos,dinero,total
2023-01-01,07,Maule,compra_interregional,pesos,542202981219.75995,miles de millones de pesos,dinero,total
2023-01-01,07,Maule,compra_intrarregional,pesos,406208816889.65,miles de millones de pesos,dinero,total
2023-01-01,07,Maule,facturas_compra_interregional,unidades,729453.0,miles de unidades,conteo,total
2023-01-01,07,Maule,facturas_venta_interregional,unidades,492057.0,miles de unidades,conteo,total
2023-01-01,07,Maule,venta_interregional,pesos,443763439924.37,miles de millones de pesos,dinero,total
2023-01-01,07,Maule,venta_intrarregional,pesos,406208816889.65,miles de millones de pesos,dinero,total
2023-01-01,08,Biobío,compra_interregional,pesos,756033945912.08,miles de millones de pesos,dinero,total
2023-01-01,08,Biobío,compra_intrarregional,pesos,629627428657.75,miles de millones de pesos,dinero,total
2023-01-01,08,Biobío,facturas_compra_interregional,unidades,1093500.0,miles de unidades,conteo,total
2023-01-01,08,Biobío,facturas_venta_interregional,unidades,432832.0,miles de unidades,conteo,total
2023-01-01,08,Biobío,venta_interregional,pesos,807064082237.04,miles de millones de pesos,dinero,total
2023-01-01,08,Biobío,venta_intrarregional,pesos,629627428657.75,miles de millones de pesos,dinero,total
2023-01-01,09,La Araucanía,compra_interregional,pesos,386309442056.55,miles de millones de pesos,dinero,total
2023-01-01,09,La Araucanía,compra_intrarregional,pesos,342586548450.64,miles de millones de pesos,dinero,total
2023-01-01,09,La Araucanía,facturas_compra_interregional,unidades,654765.0,miles de unidades,conteo,total
2023-01-01,09,La Araucanía,facturas_venta_interregional,unidades,339447.0,miles de unidades,conteo,total
2023-01-01,09,La Araucanía,venta_interregional,pesos,311446581975.46,miles de millones de pesos,dinero,total
2023-01-01,09,La Araucanía,venta_intrarregional,pesos,342586548450.64,miles de millones de pesos,dinero,total
2023-01-01,10,Los Lagos,compra_interregional,pesos,735838831147.85,miles de millones de pesos,dinero,total
2023-01-01,10,Los Lagos,compra_intrarregional,pesos,756146031105.14,miles de millones de pesos,dinero,total
2023-01-01,10,Los Lagos,facturas_compra_interregional,unidades,693120.0,miles de unidades,conteo,total
2023-01-01,10,Los Lagos,facturas_venta_interregional,unidades,354100.0,miles de unidades,conteo,total
2023-01-01,10,Los Lagos,venta_interregional,pesos,389025889569.69,miles de millones de pesos,dinero,total
2023-01-01,10,Los Lagos,venta_intrarregional,pesos,756146031105.14,miles de millones de pesos,dinero,total
2023-01-01,11,Aysén,compra_interregional,pesos,37556129011.725,miles de millones de pesos,dinero,total
2023-01-01,11,Aysén,compra_intrarregional,pesos,31636456509.809002,miles de millones de pesos,dinero,total
2023-01-01,11,Aysén,facturas_compra_interregional,unidades,96080.0,miles de unidades,conteo,total
2023-01-01,11,Aysén,facturas_venta_interregional,unidades,28619.0,miles de unidades,conteo,total
2023-01-01,11,Aysén,venta_interregional,pesos,27363948514.699997,miles de millones de pesos,dinero,total
2023-01-01,11,Aysén,venta_intrarregional,pesos,31636456509.809002,miles de millones de pesos,dinero,total
2023-01-01,12,Magallanes,compra_interregional,pesos,122947330758.2,miles de millones de pesos,dinero,total
2023-01-01,12,Magallanes,compra_intrarregional,pesos,87712960314.345,miles de millones de pesos,dinero,total
2023-01-01,12,Magallanes,facturas_compra_interregional,unidades,134304.0,miles de unidades,conteo,total
2023-01-01,12,Magallanes,facturas_venta_interregional,unidades,36474.0,miles de unidades,conteo,total
2023-01-01,12,Magallanes,venta_interregional,pesos,59998710508.738,miles de millones de pesos,dinero,total
2023-01-01,12,Magallanes,venta_intrarregional,pesos,87712960314.345,miles de millones de pesos,dinero,total
2023-01-01,13,Metropolitana de Santiago,compra_interregional,pesos,4666912078375.3,miles de millones de pesos,dinero,total
2023-01-01,13,Metropolitana de Santiago,compra_intrarregional,pesos,15945627180224.0,miles de millones de pesos,dinero,total
2023-01-01,13,Metropolitana de Santiago,facturas_compra_interregional,unidades,2448952.0,miles de unidades,conteo,total
2023-01-01,13,Metropolitana de Santiago,facturas_venta_interregional,unidades,6694109.0,miles de unidades,conteo,total
2023-01-01,13,Metropolitana de Santiago,venta_interregional,pesos,5162237179549.5,miles de millones de pesos,dinero,total
2023-01-01,13,Metropolitana de Santiago,venta_intrarregional,pesos,15945627180224.0,miles de millones de pesos,dinero,total
2023-01-01,14,Los Ríos,compra_interregional,pesos,234103170497.47,miles de millones de pesos,dinero,total
2023-01-01,14,Los Ríos,compra_intrarregional,pesos,108838197009.03,miles de millones de pesos,dinero,total
2023-01-01,14,Los Ríos,facturas_compra_interregional,unidades,374244.0,miles de unidades,conteo,total
2023-01-01,14,Los Ríos,facturas_venta_interregional,unidades,155013.0,miles de unidades,conteo,total
2023-01-01,14,Los Ríos,venta_interregional,pesos,171322404660.0,miles de millones de pesos,dinero,total
2023-01-01,14,Los Ríos,venta_intrarregional,pesos,108838197009.03,miles de millones de pesos,dinero,total
2023-01-01,15,Arica y Parinacota,compra_interregional,pesos,90673125719.154,miles de millones de pesos,dinero,total
2023-01-01,15,Arica y Parinacota,compra_intrarregional,pesos,42236408147.799995,miles de millones de pesos,dinero,total
2023-01-01,15,Arica y Parinacota,facturas_compra_interregional,unidades,120807.0,miles de unidades,conteo,total
2023-01-01,15,Arica y Parinacota,facturas_venta_interregional,unidades,37552.0,miles de unidades,conteo,total
2023-01-01,15,Arica y Parinacota,venta_interregional,pesos,34368426341.0,miles de millones de pesos,dinero,total
2023-01-01,15,Arica y Parinacota,venta_intrarregional,pesos,42236408147.799995,miles de millones de pesos,dinero,total
2023-01-01,16,Ñuble,compra_interregional,pesos,214055364418.78,miles de millones de pesos,dinero,total
2023-01-01,16,Ñuble,compra_intrarregional,pesos,149657699807.12,miles de millones de pesos,dinero,total
2023-01-01,16,Ñuble,facturas_compra_interregional,unidades,335427.0,miles de unidades,conteo,total
2023-01-01,16,Ñuble,facturas_venta_interregional,unidades,207471.0,miles de unidades,conteo,total
2023-01-01,16,Ñuble,venta_interregional,pesos,237291640375.35,miles de millones de pesos,dinero,total
2023-01-01,16,Ñuble,venta_intrarregional,pesos,149657699807.12,miles de millones de pesos,dinero,total
2023-02-01,01,Tarapacá,compra_interregional,pesos,384400432868.0,miles de millones de pesos,dinero,total
2023-02-01,01,Tarapacá,compra_intrarregional,pesos,119777639986.0,miles de millones de pesos,dinero,total
2023-02-01,01,Tarapacá,facturas_compra_interregional,unidades,201331.0,miles de unidades,conteo,total
2023-02-01,01,Tarapacá,facturas_venta_interregional,unidades,76268.0,miles de unidades,conteo,total
2023-02-01,01,Tarapacá,venta_interregional,pesos,106007602670.0,miles de millones de pesos,dinero,total
2023-02-01,01,Tarapacá,venta_intrarregional,pesos,119777639986.0,miles de millones de pesos,dinero,total
2023-02-01,02,Antofagasta,compra_interregional,pesos,605364920290.23,miles de millones de pesos,dinero,total
2023-02-01,02,Antofagasta,compra_intrarregional,pesos,299594713382.2,miles de millones de pesos,dinero,total
2023-02-01,02,Antofagasta,facturas_compra_interregional,unidades,458787.0,miles de unidades,conteo,total
2023-02-01,02,Antofagasta,facturas_venta_interregional,unidades,177720.0,miles de unidades,conteo,total
2023-02-01,02,Antofagasta,venta_interregional,pesos,550986716640.4,miles de millones de pesos,dinero,total
2023-02-01,02,Antofagasta,venta_intrarregional,pesos,299594713382.2,miles de millones de pesos,dinero,total
2023-02-01,03,Atacama,compra_interregional,pesos,176674269765.0,miles de millones de pesos,dinero,total
2023-02-01,03,Atacama,compra_intrarregional,pesos,108418316897.0,miles de millones de pesos,dinero,total
2023-02-01,03,Atacama,facturas_compra_interregional,unidades,218335.0,miles de unidades,conteo,total
2023-02-01,03,Atacama,facturas_venta_interregional,unidades,75745.0,miles de unidades,conteo,total
2023-02-01,03,Atacama,venta_interregional,pesos,144592050897.0,miles de millones de pesos,dinero,total
2023-02-01,03,Atacama,venta_intrarregional,pesos,108418316897.0,miles de millones de pesos,dinero,total
2023-02-01,04,Coquimbo,compra_interregional,pesos,338977052106.63995,miles de millones de pesos,dinero,total
2023-02-01,04,Coquimbo,compra_intrarregional,pesos,219242801007.0,miles de millones de pesos,dinero,total
2023-02-01,04,Coquimbo,facturas_compra_interregional,unidades,523820.00000000006,miles de unidades,conteo,total
2023-02-01,04,Coquimbo,facturas_venta_interregional,unidades,196079.0,miles de unidades,conteo,total
2023-02-01,04,Coquimbo,venta_interregional,pesos,231531214326.0,miles de millones de pesos,dinero,total
2023-02-01,04,Coquimbo,venta_intrarregional,pesos,219242801007.0,miles de millones de pesos,dinero,total
2023-02-01,05,Valparaíso,compra_interregional,pesos,894595684832.4601,miles de millones de pesos,dinero,total
2023-02-01,05,Valparaíso,compra_intrarregional,pesos,596498833618.77,miles de millones de pesos,dinero,total
2023-02-01,05,Valparaíso,facturas_compra_interregional,unidades,1333235.0,miles de unidades,conteo,total
2023-02-01,05,Valparaíso,facturas_venta_interregional,unidades,633542.0,miles de unidades,conteo,total
2023-02-01,05,Valparaíso,venta_interregional,pesos,1449184338854.0,miles de millones de pesos,dinero,total
2023-02-01,05,Valparaíso,venta_intrarregional,pesos,596498833618.77,miles de millones de pesos,dinero,total
2023-02-01,06,O'Higgins,compra_interregional,pesos,599841014775.91,miles de millones de pesos,dinero,total
2023-02-01,06,O'Higgins,compra_intrarregional,pesos,431647063117.8,miles de millones de pesos,dinero,total
2023-02-01,06,O'Higgins,facturas_compra_interregional,unidades,732417.0,miles de unidades,conteo,total
2023-02-01,06,O'Higgins,facturas_venta_interregional,unidades,260822.0,miles de unidades,conteo,total
2023-02-01,06,O'Higgins,venta_interregional,pesos,525484021124.00006,miles de millones de pesos,dinero,total
2023-02-01,06,O'Higgins,venta_intrarregional,pesos,431647063117.8,miles de millones de pesos,dinero,total
2023-02-01,07,Maule,compra_interregional,pesos,524690796224.43994,miles de millones de pesos,dinero,total
2023-02-01,07,Maule,compra_intrarregional,pesos,393583718251.1,miles de millones de pesos,dinero,total
2023-02-01,07,Maule,facturas_compra_interregional,unidades,701047.0,miles de unidades,conteo,total
2023-02-01,07,Maule,facturas_venta_interregional,unidades,469960.0,miles de unidades,conteo,total
2023-02-01,07,Maule,venta_interregional,pesos,416489388291.0,miles de millones de pesos,dinero,total
2023-02-01,07,Maule,venta_intrarregional,pesos,393583718251.1,miles de millones de pesos,dinero,total
2023-02-01,08,Biobío,compra_interregional,pesos,738324283462.22,miles de millones de pesos,dinero,total
2023-02-01,08,Biobío,compra_intrarregional,pesos,605426701667.0,miles de millones de pesos,dinero,total
2023-02-01,08,Biobío,facturas_compra_interregional,unidades,1055514.0,miles de unidades,conteo,total
2023-02-01,08,Biobío,facturas_venta_interregional,unidades,405392.0,miles de unidades,conteo,total
2023-02-01,08,Biobío,venta_interregional,pesos,789026228855.6599,miles de millones de pesos,dinero,total
2023-02-01,08,Biobío,venta_intrarregional,pesos,605426701667.0,miles de millones de pesos,dinero,total
2023-02-01,09,La Araucanía,compra_interregional,pesos,396407270932.66003,miles de millones de pesos,dinero,total
2023-02-01,09,La Araucanía,compra_intrarregional,pesos,372089621528.0,miles de millones de pesos,dinero,total
2023-02-01,09,La Araucanía,facturas_compra_interregional,unidades,635078.0,miles de unidades,conteo,total
2023-02-01,09,La Araucanía,facturas_venta_interregional,unidades,327423.0,miles de unidades,conteo,total
2023-02-01,09,La Araucanía,venta_interregional,pesos,317381549025.0,miles de millones de pesos,dinero,total
2023-02-01,09,La Araucanía,venta_intrarregional,pesos,372089621528.0,miles de millones de pesos,dinero,total
2023-02-01,10,Los Lagos,compra_interregional,pesos,712837152451.2699,miles de millones de pesos,dinero,total
2023-02-01,10,Los Lagos,compra_intrarregional,pesos,730899598583.0,miles de millones de pesos,dinero,total
2023-02-01,10,Los Lagos,facturas_compra_interregional,unidades,672808.0,miles de unidades,conteo,total
2023-02-01,10,Los Lagos,facturas_venta_interregional,unidades,354043.0,miles de unidades,conteo,total
2023-02-01,10,Los Lagos,venta_interregional,pesos,400322723003.0,miles de millones de pesos,dinero,total
2023-02-01,10,Los Lagos,venta_intrarregional,pesos,730899598583.0,miles de millones de pesos,dinero,total
2023-02-01,11,Aysén,compra_interregional,pesos,35288521834.6,miles de millones de pesos,dinero,total
2023-02-01,11,Aysén,compra_intrarregional,pesos,34458820775.0,miles de millones de pesos,dinero,total
2023-02-01,11,Aysén,facturas_compra_interregional,unidades,91596.0,miles de unidades,conteo,total
2023-02-01,11,Aysén,facturas_venta_interregional,unidades,27634.0,miles de unidades,conteo,total
2023-02-01,11,Aysén,venta_interregional,pesos,27239137793.0,miles de millones de pesos,dinero,total
2023-02-01,11,Aysén,venta_intrarregional,pesos,34458820775.0,miles de millones de pesos,dinero,total
2023-02-01,12,Magallanes,compra_interregional,pesos,107166893518.0,miles de millones de pesos,dinero,total
2023-02-01,12,Magallanes,compra_intrarregional,pesos,92102906117.5,miles de millones de pesos,dinero,total
2023-02-01,12,Magallanes,facturas_compra_interregional,unidades,127294.0,miles de unidades,conteo,total
2023-02-01,12,Magallanes,facturas_venta_interregional,unidades,34328.0,miles de unidades,conteo,total
2023-02-01,12,Magallanes,venta_interregional,pesos,62849183272.0,miles de millones de pesos,dinero,total
2023-02-01,12,Magallanes,venta_intrarregional,pesos,92102906117.5,miles de millones de pesos,dinero,total
2023-02-01,13,Metropolitana de Santiago,compra_interregional,pesos,4386900631181.0,miles de millones de pesos,dinero,total
2023-02-01,13,Metropolitana de Santiago,compra_intrarregional,pesos,15662742999487.0,miles de millones de pesos,dinero,total
2023-02-01,13,Metropolitana de Santiago,facturas_compra_interregional,unidades,2293161.0,miles de unidades,conteo,total
2023-02-01,13,Metropolitana de Santiago,facturas_venta_interregional,unidades,6430819.0,miles de unidades,conteo,total
2023-02-01,13,Metropolitana de Santiago,venta_interregional,pesos,4984050363330.399,miles de millones de pesos,dinero,total
2023-02-01,13,Metropolitana de Santiago,venta_intrarregional,pesos,15662742999487.0,miles de millones de pesos,dinero,total
2023-02-01,14,Los Ríos,compra_interregional,pesos,230768494603.0,miles de millones de pesos,dinero,total
2023-02-01,14,Los Ríos,compra_intrarregional,pesos,113115930178.0,miles de millones de pesos,dinero,total
2023-02-01,14,Los Ríos,facturas_compra_interregional,unidades,368486.0,miles de unidades,conteo,total
2023-02-01,14,Los Ríos,facturas_venta_interregional,unidades,146927.0,miles de unidades,conteo,total
2023-02-01,14,Los Ríos,venta_interregional,pesos,170689696206.0,miles de millones de pesos,dinero,total
2023-02-01,14,Los Ríos,venta_intrarregional,pesos,113115930178.0,miles de millones de pesos,dinero,total
2023-02-01,15,Arica y Parinacota,compra_interregional,pesos,90583146841.0,miles de millones de pesos,dinero,total
2023-02-01,15,Arica y Parinacota,compra_intrarregional,pesos,37113071957.0,miles de millones de pesos,dinero,total
2023-02-01,15,Arica y Parinacota,facturas_compra_interregional,unidades,116399.0,miles de unidades,conteo,total
2023-02-01,15,Arica y Parinacota,facturas_venta_interregional,unidades,34832.0,miles de unidades,conteo,total
2023-02-01,15,Arica y Parinacota,venta_interregional,pesos,29632947276.0,miles de millones de pesos,dinero,total
2023-02-01,15,Arica y Parinacota,venta_intrarregional,pesos,37113071957.0,miles de millones de pesos,dinero,total
2023-02-01,16,Ñuble,compra_interregional,pesos,195574196176.0,miles de millones de pesos,dinero,total
2023-02-01,16,Ñuble,compra_intrarregional,pesos,139769233718.0,miles de millones de pesos,dinero,total
2023-02-01,16,Ñuble,facturas_compra_interregional,unidades,318128.0,miles de unidades,conteo,total
2023-02-01,16,Ñuble,facturas_venta_interregional,unidades,195902.0,miles de unidades,conteo,total
2023-02-01,16,Ñuble,venta_interregional,pesos,212927600299.0,miles de millones de pesos,dinero,total
2023-02-01,16,Ñuble,venta_intrarregional,pesos,139769233718.0,miles de millones de pesos,dinero,total
2023-03-01,01,Tarapacá,compra_interregional,pesos,466648468257.0,miles de millones de pesos,dinero,total
2023-03-01,01,Tarapacá,compra_intrarregional,pesos,131979436712.0,miles de millones de pesos,dinero,total
2023-03-01,01,Tarapacá,facturas_compra_interregional,unidades,230378.0,miles de unidades,conteo,total
2023-03-01,01,Tarapacá,facturas_venta_interregional,unidades,89628.0,miles de unidades,conteo,total
2023-03-01,01,Tarapacá,venta_interregional,pesos,130105294047.99998,miles de millones de pesos,dinero,total
2023-03-01,01,Tarapacá,venta_intrarregional,pesos,131979436712.0,miles de millones de pesos,dinero,total
2023-03-01,02,Antofagasta,compra_interregional,pesos,725608364785.38,miles de millones de pesos,dinero,total
2023-03-01,02,Antofagasta,compra_intrarregional,pesos,364826529991.0,miles de millones de pesos,dinero,total
2023-03-01,02,Antofagasta,facturas_compra_interregional,unidades,531268.0,miles de unidades,conteo,total
2023-03-01,02,Antofagasta,facturas_venta_interregional,unidades,213771.0,miles de unidades,conteo,total
2023-03-01,02,Antofagasta,venta_interregional,pesos,669738396134.0,miles de millones de pesos,dinero,total
2023-03-01,02,Antofagasta,venta_intrarregional,pesos,364826529991.0,miles de millones de pesos,dinero,total
2023-03-01,03,Atacama,compra_interregional,pesos,218263627091.0,miles de millones de pesos,dinero,total
2023-03-01,03,Atacama,compra_intrarregional,pesos,116731957049.0,miles de millones de pesos,dinero,total
2023-03-01,03,Atacama,facturas_compra_interregional,unidades,250072.0,miles de unidades,conteo,total
2023-03-01,03,Atacama,facturas_venta_interregional,unidades,86878.0,miles de unidades,conteo,total
2023-03-01,03,Atacama,venta_interregional,pesos,161152131118.0,miles de millones de pesos,dinero,total
2023-03-01,03,Atacama,venta_intrarregional,pesos,116731957049.0,miles de millones de pesos,dinero,total
2023-03-01,04,Coquimbo,compra_interregional,pesos,394854233833.0,miles de millones de pesos,dinero,total
2023-03-01,04,Coquimbo,compra_intrarregional,pesos,248844180097.0,miles de millones de pesos,dinero,total
2023-03-01,04,Coquimbo,facturas_compra_interregional,unidades,575800.0,miles de unidades,conteo,total
2023-03-01,04,Coquimbo,facturas_venta_interregional,unidades,215891.0,miles de unidades,conteo,total
2023-03-01,04,Coquimbo,venta_interregional,pesos,262030901828.00003,miles de millones de pesos,dinero,total
2023-03-01,04,Coquimbo,venta_intrarregional,pesos,248844180097.0,miles de millones de pesos,dinero,total
2023-03-01,05,Valparaíso,compra_interregional,pesos,1022725438668.1,miles de millones de pesos,dinero,total
2023-03-01,05,Valparaíso,compra_intrarregional,pesos,680965655144.97,miles de millones de pesos,dinero,total
2023-03-01,05,Valparaíso,facturas_compra_interregional,unidades,1476575.0,miles de unidades,conteo,total
2023-03-01,05,Valparaíso,facturas_venta_interregional,unidades,725796.0,miles de unidades,conteo,total
2023-03-01,05,Valparaíso,venta_interregional,pesos,1630121008226.0,miles de millones de pesos,dinero,total
2023-03-01,05,Valparaíso,venta_intrarregional,pesos,680965655144.97,miles de millones de pesos,dinero,total
2023-03-01,06,O'Higgins,compra_interregional,pesos,720215934242.28,miles de millones de pesos,dinero,total
2023-03-01,06,O'Higgins,compra_intrarregional,pesos,469760938198.0,miles de millones de pesos,dinero,total
2023-03-01,06,O'Higgins,facturas_compra_interregional,unidades,822980.0,miles de unidades,conteo,total
2023-03-01,06,O'Higgins,facturas_venta_interregional,unidades,305849.0,miles de unidades,conteo,total
2023-03-01,06,O'Higgins,venta_interregional,pesos,584764057643.0,miles de millones de pesos,dinero,total
2023-03-01,06,O'Higgins,venta_intrarregional,pesos,469760938198.0,miles de millones de pesos,dinero,total
2023-03-01,07,Maule,compra_interregional,pesos,608274420675.28,miles de millones de pesos,dinero,total
2023-03-01,07,Maule,compra_intrarregional,pesos,471798715690.0,miles de millones de pesos,dinero,total
2023-03-01,07,Maule,facturas_compra_interregional,unidades,802205.0,miles de unidades,conteo,total
2023-03-01,07,Maule,facturas_venta_interregional,unidades,545815.0,miles de unidades,conteo,total
2023-03-01,07,Maule,venta_interregional,pesos,508498870112.0,miles de millones de pesos,dinero,total
2023-03-01,07,Maule,venta_intrarregional,pesos,471798715690.0,miles de millones de pesos,dinero,total
2023-03-01,08,Biobío,compra_interregional,pesos,934362762250.93,miles de millones de pesos,dinero,total
2023-03-01,08,Biobío,compra_intrarregional,pesos,735013148684.0,miles de millones de pesos,dinero,total
2023-03-01,08,Biobío,facturas_compra_interregional,unidades,1234414.0,miles de unidades,conteo,total
2023-03-01,08,Biobío,facturas_venta_interregional,unidades,478352.0,miles de unidades,conteo,total
2023-03-01,08,Biobío,venta_interregional,pesos,913972355300.0,miles de millones de pesos,dinero,total
2023-03-01,08,Biobío,venta_intrarregional,pesos,735013148684.0,miles de millones de pesos,dinero,total
2023-03-01,09,La Araucanía,compra_interregional,pesos,442190181572.2,miles de millones de pesos,dinero,total
2023-03-01,09,La Araucanía,compra_intrarregional,pesos,406954266838.66,miles de millones de pesos,dinero,total
2023-03-01,09,La Araucanía,facturas_compra_interregional,unidades,712972.0,miles de unidades,conteo,total
2023-03-01,09,La Araucanía,facturas_venta_interregional,unidades,364723.0,miles de unidades,conteo,total
2023-03-01,09,La Araucanía,venta_interregional,pesos,358304943029.0,miles de millones de pesos,dinero,total
2023-03-01,09,La Araucanía,venta_intrarregional,pesos,406954266838.66,miles de millones de pesos,dinero,total
2023-03-01,10,Los Lagos,compra_interregional,pesos,818650166745.7,miles de millones de pesos,dinero,total
2023-03-01,10,Los Lagos,compra_intrarregional,pesos,836435137247.0,miles de millones de pesos,dinero,total
2023-03-01,10,Los Lagos,facturas_compra_interregional,unidades,761878.0,miles de unidades,conteo,total
2023-03-01,10,Los Lagos,facturas_venta_interregional,unidades,384421.0,miles de unidades,conteo,total
2023-03-01,10,Los Lagos,venta_interregional,pesos,435548678408.0,miles de millones de pesos,dinero,total
2023-03-01,10,Los Lagos,venta_intrarregional,pesos,836435137247.0,miles de millones de pesos,dinero,total
2023-03-01,11,Aysén,compra_interregional,pesos,46072374829.199,miles de millones de pesos,dinero,total
2023-03-01,11,Aysén,compra_intrarregional,pesos,41081594202.0,miles de millones de pesos,dinero,total
2023-03-01,11,Aysén,facturas_compra_interregional,unidades,101119.0,miles de unidades,conteo,total
2023-03-01,11,Aysén,facturas_venta_interregional,unidades,30116.0,miles de unidades,conteo,total
2023-03-01,11,Aysén,venta_interregional,pesos,31513848728.0,miles de millones de pesos,dinero,total
2023-03-01,11,Aysén,venta_intrarregional,pesos,41081594202.0,miles de millones de pesos,dinero,total
2023-03-01,12,Magallanes,compra_interregional,pesos,136236201457.0,miles de millones de pesos,dinero,total
2023-03-01,12,Magallanes,compra_intrarregional,pesos,101201352383.0,miles de millones de pesos,dinero,total
2023-03-01,12,Magallanes,facturas_compra_interregional,unidades,144622.0,miles de unidades,conteo,total
2023-03-01,12,Magallanes,facturas_venta_interregional,unidades,38822.0,miles de unidades,conteo,total
2023-03-01,12,Magallanes,venta_interregional,pesos,77158133258.0,miles de millones de pesos,dinero,total
2023-03-01,12,Magallanes,venta_intrarregional,pesos,101201352383.0,miles de millones de pesos,dinero,total
2023-03-01,13,Metropolitana de Santiago,compra_interregional,pesos,5085531519616.0,miles de millones de pesos,dinero,total
2023-03-01,13,Metropolitana de Santiago,compra_intrarregional,pesos,18957840448078.0,miles de millones de pesos,dinero,total
2023-03-01,13,Metropolitana de Santiago,facturas_compra_interregional,unidades,2670056.0,miles de unidades,conteo,total
2023-03-01,13,Metropolitana de Santiago,facturas_venta_interregional,unidades,7292331.0,miles de unidades,conteo,total
2023-03-01,13,Metropolitana de Santiago,venta_interregional,pesos,5971557666390.7,miles de millones de pesos,dinero,total
2023-03-01,13,Metropolitana de Santiago,venta_intrarregional,pesos,18957840448078.0,miles de millones de pesos,dinero,total
2023-03-01,14,Los Ríos,compra_interregional,pesos,247348704106.33,miles de millones de pesos,dinero,total
2023-03-01,14,Los Ríos,compra_intrarregional,pesos,123631284916.0,miles de millones de pesos,dinero,total
2023-03-01,14,Los Ríos,facturas_compra_interregional,unidades,396964.0,miles de unidades,conteo,total
2023-03-01,14,Los Ríos,facturas_venta_interregional,unidades,160903.0,miles de unidades,conteo,total
2023-03-01,14,Los Ríos,venta_interregional,pesos,195983629081.0,miles de millones de pesos,dinero,total
2023-03-01,14,Los Ríos,venta_intrarregional,pesos,123631284916.0,miles de millones de pesos,dinero,total
2023-03-01,15,Arica y Parinacota,compra_interregional,pesos,90955493120.0,miles de millones de pesos,dinero,total
2023-03-01,15,Arica y Parinacota,compra_intrarregional,pesos,43378773207.0,miles de millones de pesos,dinero,total
2023-03-01,15,Arica y Parinacota,facturas_compra_interregional,unidades,134006.0,miles de unidades,conteo,total
2023-03-01,15,Arica y Parinacota,facturas_venta_interregional,unidades,42303.0,miles de unidades,conteo,total
2023-03-01,15,Arica y Parinacota,venta_interregional,pesos,38136711069.0,miles de millones de pesos,dinero,total
2023-03-01,15,Arica y Parinacota,venta_intrarregional,pesos,43378773207.0,miles de millones de pesos,dinero,total
2023-03-01,16,Ñuble,compra_interregional,pesos,231886660580.5,miles de millones de pesos,dinero,total
2023-03-01,16,Ñuble,compra_intrarregional,pesos,156362893414.0,miles de millones de pesos,dinero,total
2023-03-01,16,Ñuble,facturas_compra_interregional,unidades,362333.0,miles de unidades,conteo,total
2023-03-01,16,Ñuble,facturas_venta_interregional,unidades,232043.0,miles de unidades,conteo,total
2023-03-01,16,Ñuble,venta_interregional,pesos,221237927457.19998,miles de millones de pesos,dinero,total
2023-03-01,16,Ñuble,venta_intrarregional,pesos,156362893414.0,miles de millones de pesos,dinero,total
2023-04-01,01,Tarapacá,compra_interregional,pesos,345771381186.0,miles de millones de pesos,dinero,total
2023-04-01,01,Tarapacá,compra_intrarregional,pesos,123076607621.0,miles de millones de pesos,dinero,total
2023-04-01,01,Tarapacá,facturas_compra_interregional,unidades,209284.0,miles de unidades,conteo,total
2023-04-01,01,Tarapacá,facturas_venta_interregional,unidades,79170.0,miles de unidades,conteo,total
2023-04-01,01,Tarapacá,venta_interregional,pesos,111798693848.0,miles de millones de pesos,dinero,total
2023-04-01,01,Tarapacá,venta_intrarregional,pesos,123076607621.0,miles de millones de pesos,dinero,total
2023-04-01,02,Antofagasta,compra_interregional,pesos,639265658567.0399,miles de millones de pesos,dinero,total
2023-04-01,02,Antofagasta,compra_intrarregional,pesos,302809340796.0,miles de millones de pesos,dinero,total
2023-04-01,02,Antofagasta,facturas_compra_interregional,unidades,482110.0,miles de unidades,conteo,total
2023-04-01,02,Antofagasta,facturas_venta_interregional,unidades,188588.0,miles de unidades,conteo,total
2023-04-01,02,Antofagasta,venta_interregional,pesos,665149176220.0,miles de millones de pesos,dinero,total
2023-04-01,02,Antofagasta,venta_intrarregional,pesos,302809340796.0,miles de millones de pesos,dinero,total
2023-04-01,03,Atacama,compra_interregional,pesos,169140673597.0,miles de millones de pesos,dinero,total
2023-04-01,03,Atacama,compra_intrarregional,pesos,104531470023.0,miles de millones de pesos,dinero,total
2023-04-01,03,Atacama,facturas_compra_interregional,unidades,222470.0,miles de unidades,conteo,total
2023-04-01,03,Atacama,facturas_venta_interregional,unidades,77159.0,miles de unidades,conteo,total
2023-04-01,03,Atacama,venta_interregional,pesos,144022789874.0,miles de millones de pesos,dinero,total
2023-04-01,03,Atacama,venta_intrarregional,pesos,104531470023.0,miles de millones de pesos,dinero,total
2023-04-01,04,Coquimbo,compra_interregional,pesos,350990606579.0,miles de millones de pesos,dinero,total
2023-04-01,04,Coquimbo,compra_intrarregional,pesos,214103233038.0,miles de millones de pesos,dinero,total
2023-04-01,04,Coquimbo,facturas_compra_interregional,unidades,517005.0,miles de unidades,conteo,total
2023-04-01,04,Coquimbo,facturas_venta_interregional,unidades,188945.0,miles de unidades,conteo,total
2023-04-01,04,Coquimbo,venta_interregional,pesos,225011380646.0,miles de millones de pesos,dinero,total
2023-04-01,04,Coquimbo,venta_intrarregional,pesos,214103233038.0,miles de millones de pesos,dinero,total
2023-04-01,05,Valparaíso,compra_interregional,pesos,892675905737.3301,miles de millones de pesos,dinero,total
2023-04-01,05,Valparaíso,compra_intrarregional,pesos,595172636904.8,miles de millones de pesos,dinero,total
2023-04-01,05,Valparaíso,facturas_compra_interregional,unidades,1335169.0,miles de unidades,conteo,total
2023-04-01,05,Valparaíso,facturas_venta_interregional,unidades,645168.0,miles de unidades,conteo,total
2023-04-01,05,Valparaíso,venta_interregional,pesos,1425740721394.0,miles de millones de pesos,dinero,total
2023-04-01,05,Valparaíso,venta_intrarregional,pesos,595172636904.8,miles de millones de pesos,dinero,total
2023-04-01,06,O'Higgins,compra_interregional,pesos,630274645677.61,miles de millones de pesos,dinero,total
2023-04-01,06,O'Higgins,compra_intrarregional,pesos,424320696005.0,miles de millones de pesos,dinero,total
2023-04-01,06,O'Higgins,facturas_compra_interregional,unidades,729481.0,miles de unidades,conteo,total
2023-04-01,06,O'Higgins,facturas_venta_interregional,unidades,263617.0,miles de unidades,conteo,total
2023-04-01,06,O'Higgins,venta_interregional,pesos,521016041129.0,miles de millones de pesos,dinero,total
2023-04-01,06,O'Higgins,venta_intrarregional,pesos,424320696005.0,miles de millones de pesos,dinero,total
2023-04-01,07,Maule,compra_interregional,pesos,547662871389.22,miles de millones de pesos,dinero,total
2023-04-01,07,Maule,compra_intrarregional,pesos,452268813054.0,miles de millones de pesos,dinero,total
2023-04-01,07,Maule,facturas_compra_interregional,unidades,714775.0,miles de unidades,conteo,total
2023-04-01,07,Maule,facturas_venta_interregional,unidades,474154.0,miles de unidades,conteo,total
2023-04-01,07,Maule,venta_interregional,pesos,465448481536.0,miles de millones de pesos,dinero,total
2023-04-01,07,Maule,venta_intrarregional,pesos,452268813054.0,miles de millones de pesos,dinero,total
2023-04-01,08,Biobío,compra_interregional,pesos,750459848007.26,miles de millones de pesos,dinero,total
2023-04-01,08,Biobío,compra_intrarregional,pesos,669475129026.0,miles de millones de pesos,dinero,total
2023-04-01,08,Biobío,facturas_compra_interregional,unidades,1099087.0,miles de unidades,conteo,total
2023-04-01,08,Biobío,facturas_venta_interregional,unidades,417364.0,miles de unidades,conteo,total
2023-04-01,08,Biobío,venta_interregional,pesos,829871250800.0,miles de millones de pesos,dinero,total
2023-04-01,08,Biobío,venta_intrarregional,pesos,669475129026.0,miles de millones de pesos,dinero,total
2023-04-01,09,La Araucanía,compra_interregional,pesos,373497228748.52,miles de millones de pesos,dinero,total
2023-04-01,09,La Araucanía,compra_intrarregional,pesos,347569315585.0,miles de millones de pesos,dinero,total
2023-04-01,09,La Araucanía,facturas_compra_interregional,unidades,633826.0,miles de unidades,conteo,total
2023-04-01,09,La Araucanía,facturas_venta_interregional,unidades,296682.0,miles de unidades,conteo,total
2023-04-01,09,La Araucanía,venta_interregional,pesos,312298111315.0,miles de millones de pesos,dinero,total
2023-04-01,09,La Araucanía,venta_intrarregional,pesos,347569315585.0,miles de millones de pesos,dinero,total
2023-04-01,10,Los Lagos,compra_interregional,pesos,723228244924.87,miles de millones de pesos,dinero,total
2023-04-01,10,Los Lagos,compra_intrarregional,pesos,777399312720.0,miles de millones de pesos,dinero,total
2023-04-01,10,Los Lagos,facturas_compra_interregional,unidades,665108.0,miles de unidades,conteo,total
2023-04-01,10,Los Lagos,facturas_venta_interregional,unidades,340900.0,miles de unidades,conteo,total
2023-04-01,10,Los Lagos,venta_interregional,pesos,376437748523.0,miles de millones de pesos,dinero,total
2023-04-01,10,Los Lagos,venta_intrarregional,pesos,777399312720.0,miles de millones de pesos,dinero,total
2023-04-01,11,Aysén,compra_interregional,pesos,40051160830.0,miles de millones de pesos,dinero,total
2023-04-01,11,Aysén,compra_intrarregional,pesos,34650279887.0,miles de millones de pesos,dinero,total
2023-04-01,11,Aysén,facturas_compra_interregional,unidades,91672.0,miles de unidades,conteo,total
2023-04-01,11,Aysén,facturas_venta_interregional,unidades,26914.0,miles de unidades,conteo,total
2023-04-01,11,Aysén,venta_interregional,pesos,29763341453.0,miles de millones de pesos,dinero,total
2023-04-01,11,Aysén,venta_intrarregional,pesos,34650279887.0,miles de millones de pesos,dinero,total
2023-04-01,12,Magallanes,compra_interregional,pesos,124523193427.0,miles de millones de pesos,dinero,total
2023-04-01,12,Magallanes,compra_intrarregional,pesos,86502090957.0,miles de millones de pesos,dinero,total
2023-04-01,12,Magallanes,facturas_compra_interregional,unidades,128525.0,miles de unidades,conteo,total
2023-04-01,12,Magallanes,facturas_venta_interregional,unidades,32806.0,miles de unidades,conteo,total
2023-04-01,12,Magallanes,venta_interregional,pesos,66343880255.0,miles de millones de pesos,dinero,total
2023-04-01,12,Magallanes,venta_intrarregional,pesos,86502090957.0,miles de millones de pesos,dinero,total
2023-04-01,13,Metropolitana de Santiago,compra_interregional,pesos,4565515791052.0,miles de millones de pesos,dinero,total
2023-04-01,13,Metropolitana de Santiago,compra_intrarregional,pesos,16326701822404.0,miles de millones de pesos,dinero,total
2023-04-01,13,Metropolitana de Santiago,facturas_compra_interregional,unidades,2357051.0,miles de unidades,conteo,total
2023-04-01,13,Metropolitana de Santiago,facturas_venta_interregional,unidades,6558265.0,miles de unidades,conteo,total
2023-04-01,13,Metropolitana de Santiago,venta_interregional,pesos,5088575666048.0,miles de millones de pesos,dinero,total
2023-04-01,13,Metropolitana de Santiago,venta_intrarregional,pesos,16326701822404.0,miles de millones de pesos,dinero,total
2023-04-01,14,Los Ríos,compra_interregional,pesos,211032004295.0,miles de millones de pesos,dinero,total
2023-04-01,14,Los Ríos,compra_intrarregional,pesos,112488124123.0,miles de millones de pesos,dinero,total
2023-04-01,14,Los Ríos,facturas_compra_interregional,unidades,348853.0,miles de unidades,conteo,total
2023-04-01,14,Los Ríos,facturas_venta_interregional,unidades,144634.0,miles de unidades,conteo,total
2023-04-01,14,Los Ríos,venta_interregional,pesos,174090620145.0,miles de millones de pesos,dinero,total
2023-04-01,14,Los Ríos,venta_intrarregional,pesos,112488124123.0,miles de millones de pesos,dinero,total
2023-04-01,15,Arica y Parinacota,compra_interregional,pesos,100361226848.0,miles de millones de pesos,dinero,total
2023-04-01,15,Arica y Parinacota,compra_intrarregional,pesos,41260983783.0,miles de millones de pesos,dinero,total
2023-04-01,15,Arica y Parinacota,facturas_compra_interregional,unidades,119806.0,miles de unidades,conteo,total
2023-04-01,15,Arica y Parinacota,facturas_venta_interregional,unidades,39613.0,miles de unidades,conteo,total
2023-04-01,15,Arica y Parinacota,venta_interregional,pesos,36367937962.0,miles de millones de pesos,dinero,total
2023-04-01,15,Arica y Parinacota,venta_intrarregional,pesos,41260983783.0,miles de millones de pesos,dinero,total
2023-04-01,16,Ñuble,compra_interregional,pesos,211664470027.0,miles de millones de pesos,dinero,total
2023-04-01,16,Ñuble,compra_intrarregional,pesos,141143210251.0,miles de millones de pesos,dinero,total
2023-04-01,16,Ñuble,facturas_compra_interregional,unidades,321521.0,miles de unidades,conteo,total
2023-04-01,16,Ñuble,facturas_venta_interregional,unidades,201764.0,miles de unidades,conteo,total
2023-04-01,16,Ñuble,venta_interregional,pesos,204179069744.85,miles de millones de pesos,dinero,total
2023-04-01,16,Ñuble,venta_intrarregional,pesos,141143210251.0,miles de millones de pesos,dinero,total
2023-05-01,01,Tarapacá,compra_interregional,pesos,389449648845.0,miles de millones de pesos,dinero,total
2023-05-01,01,Tarapacá,compra_intrarregional,pesos,127731627682.0,miles de millones de pesos,dinero,total
2023-05-01,01,Tarapacá,facturas_compra_interregional,unidades,228904.0,miles de unidades,conteo,total
2023-05-01,01,Tarapacá,facturas_venta_interregional,unidades,87812.0,miles de unidades,conteo,total
2023-05-01,01,Tarapacá,venta_interregional,pesos,120686276780.0,miles de millones de pesos,dinero,total
2023-05-01,01,Tarapacá,venta_intrarregional,pesos,127731627682.0,miles de millones de pesos,dinero,total
2023-05-01,02,Antofagasta,compra_interregional,pesos,688653068344.22,miles de millones de pesos,dinero,total
2023-05-01,02,Antofagasta,compra_intrarregional,pesos,332466679978.0,miles de millones de pesos,dinero,total
2023-05-01,02,Antofagasta,facturas_compra_interregional,unidades,526996.0,miles de unidades,conteo,total
2023-05-01,02,Antofagasta,facturas_venta_interregional,unidades,208253.0,miles de unidades,conteo,total
2023-05-01,02,Antofagasta,venta_interregional,pesos,638334481722.0,miles de millones de pesos,dinero,total
2023-05-01,02,Antofagasta,venta_intrarregional,pesos,332466679978.0,miles de millones de pesos,dinero,total
2023-05-01,03,Atacama,compra_interregional,pesos,188543080451.0,miles de millones de pesos,dinero,total
2023-05-01,03,Atacama,compra_intrarregional,pesos,105878129660.0,miles de millones de pesos,dinero,total
2023-05-01,03,Atacama,facturas_compra_interregional,unidades,244146.0,miles de unidades,conteo,total
2023-05-01,03,Atacama,facturas_venta_interregional,unidades,84062.0,miles de unidades,conteo,total
2023-05-01,03,Atacama,venta_interregional,pesos,158236313206.0,miles de millones de pesos,dinero,total
2023-05-01,03,Atacama,venta_intrarregional,pesos,105878129660.0,miles de millones de pesos,dinero,total
2023-05-01,04,Coquimbo,compra_interregional,pesos,366990073205.0,miles de millones de pesos,dinero,total
2023-05-01,04,Coquimbo,compra_intrarregional,pesos,236584600907.0,miles de millones de pesos,dinero,total
2023-05-01,04,Coquimbo,facturas_compra_interregional,unidades,549704.0,miles de unidades,conteo,total
2023-05-01,04,Coquimbo,facturas_venta_interregional,unidades,202366.0,miles de unidades,conteo,total
2023-05-01,04,Coquimbo,venta_interregional,pesos,249310256124.0,miles de millones de pesos,dinero,total
2023-05-01,04,Coquimbo,venta_intrarregional,pesos,236584600907.0,miles de millones de pesos,dinero,total
2023-05-01,05,Valparaíso,compra_interregional,pesos,939220193780.83,miles de millones de pesos,dinero,total
2023-05-01,05,Valparaíso,compra_intrarregional,pesos,592447976158.5499,miles de millones de pesos,dinero,total
2023-05-01,05,Valparaíso,facturas_compra_interregional,unidades,1423708.0,miles de unidades,conteo,total
2023-05-01,05,Valparaíso,facturas_venta_interregional,unidades,703220.0,miles de unidades,conteo,total
2023-05-01,05,Valparaíso,venta_interregional,pesos,1418360207952.0,miles de millones de pesos,dinero,total
2023-05-01,05,Valparaíso,venta_intrarregional,pesos,592447976158.5499,miles de millones de pesos,dinero,total
2023-05-01,06,O'Higgins,compra_interregional,pesos,676097130336.6901,miles de millones de pesos,dinero,total
2023-05-01,06,O'Higgins,compra_intrarregional,pesos,407848582439.0,miles de millones de pesos,dinero,total
2023-05-01,06,O'Higgins,facturas_compra_interregional,unidades,779521.0,miles de unidades,conteo,total
2023-05-01,06,O'Higgins,facturas_venta_interregional,unidades,286008.0,miles de unidades,conteo,total
2023-05-01,06,O'Higgins,venta_interregional,pesos,491334293618.0,miles de millones de pesos,dinero,total
2023-05-01,06,O'Higgins,venta_intrarregional,pesos,407848582439.0,miles de millones de pesos,dinero,total
2023-05-01,07,Maule,compra_interregional,pesos,553387791759.45,miles de millones de pesos,dinero,total
2023-05-01,07,Maule,compra_intrarregional,pesos,453498904605.0,miles de millones de pesos,dinero,total
2023-05-01,07,Maule,facturas_compra_interregional,unidades,775539.0,miles de unidades,conteo,total
2023-05-01,07,Maule,facturas_venta_interregional,unidades,517761.99999999994,miles de unidades,conteo,total
2023-05-01,07,Maule,venta_interregional,pesos,492721165629.0,miles de millones de pesos,dinero,total
2023-05-01,07,Maule,venta_intrarregional,pesos,453498904605.0,miles de millones de pesos,dinero,total
2023-05-01,08,Biobío,compra_interregional,pesos,817865648840.7101,miles de millones de pesos,dinero,total
2023-05-01,08,Biobío,compra_intrarregional,pesos,679959042411.33,miles de millones de pesos,dinero,total
2023-05-01,08,Biobío,facturas_compra_interregional,unidades,1198665.0,miles de unidades,conteo,total
2023-05-01,08,Biobío,facturas_venta_interregional,unidades,451587.0,miles de unidades,conteo,total
2023-05-01,08,Biobío,venta_interregional,pesos,889948178741.0,miles de millones de pesos,dinero,total
2023-05-01,08,Biobío,venta_intrarregional,pesos,679959042411.33,miles de millones de pesos,dinero,total
2023-05-01,09,La Araucanía,compra_interregional,pesos,399166912155.7,miles de millones de pesos,dinero,total
2023-05-01,09,La Araucanía,compra_intrarregional,pesos,361709140921.0,miles de millones de pesos,dinero,total
2023-05-01,09,La Araucanía,facturas_compra_interregional,unidades,690663.0,miles de unidades,conteo,total
2023-05-01,09,La Araucanía,facturas_venta_interregional,unidades,315395.0,miles de unidades,conteo,total
2023-05-01,09,La Araucanía,venta_interregional,pesos,328421831985.0,miles de millones de pesos,dinero,total
2023-05-01,09,La Araucanía,venta_intrarregional,pesos,361709140921.0,miles de millones de pesos,dinero,total
2023-05-01,10,Los Lagos,compra_interregional,pesos,762982753530.6901,miles de millones de pesos,dinero,total
2023-05-01,10,Los Lagos,compra_intrarregional,pesos,784849832904.0,miles de millones de pesos,dinero,total
2023-05-01,10,Los Lagos,facturas_compra_interregional,unidades,731133.0,miles de unidades,conteo,total
2023-05-01,10,Los Lagos,facturas_venta_interregional,unidades,363384.0,miles de unidades,conteo,total
2023-05-01,10,Los Lagos,venta_interregional,pesos,423033044766.0,miles de millones de pesos,dinero,total
2023-05-01,10,Los Lagos,venta_intrarregional,pesos,784849832904.0,miles de millones de pesos,dinero,total
2023-05-01,11,Aysén,compra_interregional,pesos,38117147987.0,miles de millones de pesos,dinero,total
2023-05-01,11,Aysén,compra_intrarregional,pesos,38302608926.0,miles de millones de pesos,dinero,total
2023-05-01,11,Aysén,facturas_compra_interregional,unidades,95584.0,miles de unidades,conteo,total
2023-05-01,11,Aysén,facturas_venta_interregional,unidades,27879.0,miles de unidades,conteo,total
2023-05-01,11,Aysén,venta_interregional,pesos,29635079142.0,miles de millones de pesos,dinero,total
2023-05-01,11,Aysén,venta_intrarregional,pesos,38302608926.0,miles de millones de pesos,dinero,total
2023-05-01,12,Magallanes,compra_interregional,pesos,122883287711.0,miles de millones de pesos,dinero,total
2023-05-01,12,Magallanes,compra_intrarregional,pesos,96267810811.0,miles de millones de pesos,dinero,total
2023-05-01,12,Magallanes,facturas_compra_interregional,unidades,137665.0,miles de unidades,conteo,total
2023-05-01,12,Magallanes,facturas_venta_interregional,unidades,34295.0,miles de unidades,conteo,total
2023-05-01,12,Magallanes,venta_interregional,pesos,72574912286.0,miles de millones de pesos,dinero,total
2023-05-01,12,Magallanes,venta_intrarregional,pesos,96267810811.0,miles de millones de pesos,dinero,total
2023-05-01,13,Metropolitana de Santiago,compra_interregional,pesos,4646289676971.0,miles de millones de pesos,dinero,total
2023-05-01,13,Metropolitana de Santiago,compra_intrarregional,pesos,17314511833166.998,miles de millones de pesos,dinero,total
2023-05-01,13,Metropolitana de Santiago,facturas_compra_interregional,unidades,2595047.0,miles de unidades,conteo,total
2023-05-01,13,Metropolitana de Santiago,facturas_venta_interregional,unidades,7129677.0,miles de unidades,conteo,total
2023-05-01,13,Metropolitana de Santiago,venta_interregional,pesos,5417075803504.8,miles de millones de pesos,dinero,total
2023-05-01,13,Metropolitana de Santiago,venta_intrarregional,pesos,17314511833166.998,miles de millones de pesos,dinero,total
2023-05-01,14,Los Ríos,compra_interregional,pesos,229858942417.0,miles de millones de pesos,dinero,total
2023-05-01,14,Los Ríos,compra_intrarregional,pesos,117024450301.0,miles de millones de pesos,dinero,total
2023-05-01,14,Los Ríos,facturas_compra_interregional,unidades,376092.0,miles de unidades,conteo,total
2023-05-01,14,Los Ríos,facturas_venta_interregional,unidades,156453.0,miles de unidades,conteo,total
2023-05-01,14,Los Ríos,venta_interregional,pesos,166919616251.0,miles de millones de pesos,dinero,total
2023-05-01,14,Los Ríos,venta_intrarregional,pesos,117024450301.0,miles de millones de pesos,dinero,total
2023-05-01,15,Arica y Parinacota,compra_interregional,pesos,91212999378.0,miles de millones de pesos,dinero,total
2023-05-01,15,Arica y Parinacota,compra_intrarregional,pesos,44981823839.0,miles de millones de pesos,dinero,total
2023-05-01,15,Arica y Parinacota,facturas_compra_interregional,unidades,131346.0,miles de unidades,conteo,total
2023-05-01,15,Arica y Parinacota,facturas_venta_interregional,unidades,44728.0,miles de unidades,conteo,total
2023-05-01,15,Arica y Parinacota,venta_interregional,pesos,43144740960.0,miles de millones de pesos,dinero,total
2023-05-01,15,Arica y Parinacota,venta_intrarregional,pesos,44981823839.0,miles de millones de pesos,dinero,total
2023-05-01,16,Ñuble,compra_interregional,pesos,233571131425.64,miles de millones de pesos,dinero,total
2023-05-01,16,Ñuble,compra_intrarregional,pesos,150356078121.0,miles de millones de pesos,dinero,total
2023-05-01,16,Ñuble,facturas_compra_interregional,unidades,349633.0,miles de unidades,conteo,total
2023-05-01,16,Ñuble,facturas_venta_interregional,unidades,221465.0,miles de unidades,conteo,total
2023-05-01,16,Ñuble,venta_interregional,pesos,204553284472.09998,miles de millones de pesos,dinero,total
2023-05-01,16,Ñuble,venta_intrarregional,pesos,150356078121.0,miles de millones de pesos,dinero,total
2023-06-01,01,Tarapacá,compra_interregional,pesos,378058607115.0,miles de millones de pesos,dinero,total
2023-06-01,01,Tarapacá,compra_intrarregional,pesos,128501617269.0,miles de millones de pesos,dinero,total
2023-06-01,01,Tarapacá,facturas_compra_interregional,unidades,219210.0,miles de unidades,conteo,total
2023-06-01,01,Tarapacá,facturas_venta_interregional,unidades,81850.0,miles de unidades,conteo,total
2023-06-01,01,Tarapacá,venta_interregional,pesos,121888810496.0,miles de millones de pesos,dinero,total
2023-06-01,01,Tarapacá,venta_intrarregional,pesos,128501617269.0,miles de millones de pesos,dinero,total
2023-06-01,02,Antofagasta,compra_interregional,pesos,619204009901.6,miles de millones de pesos,dinero,total
2023-06-01,02,Antofagasta,compra_intrarregional,pesos,312611827472.0,miles de millones de pesos,dinero,total
2023-06-01,02,Antofagasta,facturas_compra_interregional,unidades,503400.0,miles de unidades,conteo,total
2023-06-01,02,Antofagasta,facturas_venta_interregional,unidades,195273.0,miles de unidades,conteo,total
2023-06-01,02,Antofagasta,venta_interregional,pesos,666942250183.0,miles de millones de pesos,dinero,total
2023-06-01,02,Antofagasta,venta_intrarregional,pesos,312611827472.0,miles de millones de pesos,dinero,total
2023-06-01,03,Atacama,compra_interregional,pesos,179637548710.0,miles de millones de pesos,dinero,total
2023-06-01,03,Atacama,compra_intrarregional,pesos,104106973835.0,miles de millones de pesos,dinero,total
2023-06-01,03,Atacama,facturas_compra_interregional,unidades,232151.0,miles de unidades,conteo,total
2023-06-01,03,Atacama,facturas_venta_interregional,unidades,80537.0,miles de unidades,conteo,total
2023-06-01,03,Atacama,venta_interregional,pesos,153155618728.0,miles de millones de pesos,dinero,total
2023-06-01,03,Atacama,venta_intrarregional,pesos,104106973835.0,miles de millones de pesos,dinero,total
2023-06-01,04,Coquimbo,compra_interregional,pesos,341242216574.0,miles de millones de pesos,dinero,total
2023-06-01,04,Coquimbo,compra_intrarregional,pesos,211616138163.0,miles de millones de pesos,dinero,total
2023-06-01,04,Coquimbo,facturas_compra_interregional,unidades,521102.0,miles de unidades,conteo,total
2023-06-01,04,Coquimbo,facturas_venta_interregional,unidades,194821.0,miles de unidades,conteo,total
2023-06-01,04,Coquimbo,venta_interregional,pesos,242921515159.0,miles de millones de pesos,dinero,total
2023-06-01,04,Coquimbo,venta_intrarregional,pesos,211616138163.0,miles de millones de pesos,dinero,total
2023-06-01,05,Valparaíso,compra_interregional,pesos,881671200120.5,miles de millones de pesos,dinero,total
2023-06-01,05,Valparaíso,compra_intrarregional,pesos,552207744685.22,miles de millones de pesos,dinero,total
2023-06-01,05,Valparaíso,facturas_compra_interregional,unidades,1326391.0,miles de unidades,conteo,total
2023-06-01,05,Valparaíso,facturas_venta_interregional,unidades,677601.0,miles de unidades,conteo,total
2023-06-01,05,Valparaíso,venta_interregional,pesos,1408439038064.0,miles de millones de pesos,dinero,total
2023-06-01,05,Valparaíso,venta_intrarregional,pesos,552207744685.22,miles de millones de pesos,dinero,total
2023-06-01,06,O'Higgins,compra_interregional,pesos,599971103953.8,miles de millones de pesos,dinero,total
2023-06-01,06,O'Higgins,compra_intrarregional,pesos,375675608315.0,miles de millones de pesos,dinero,total
2023-06-01,06,O'Higgins,facturas_compra_interregional,unidades,719790.0,miles de unidades,conteo,total
2023-06-01,06,O'Higgins,facturas_venta_interregional,unidades,259803.0,miles de unidades,conteo,total
2023-06-01,06,O'Higgins,venta_interregional,pesos,445351801119.0,miles de millones de pesos,dinero,total
2023-06-01,06,O'Higgins,venta_intrarregional,pesos,375675608315.0,miles de millones de pesos,dinero,total
2023-06-01,07,Maule,compra_interregional,pesos,466149193506.27,miles de millones de pesos,dinero,total
2023-06-01,07,Maule,compra_intrarregional,pesos,396825995706.0,miles de millones de pesos,dinero,total
2023-06-01,07,Maule,facturas_compra_interregional,unidades,711458.0,miles de unidades,conteo,total
2023-06-01,07,Maule,facturas_venta_interregional,unidades,477893.0,miles de unidades,conteo,total
2023-06-01,07,Maule,venta_interregional,pesos,436050996517.0,miles de millones de pesos,dinero,total
2023-06-01,07,Maule,venta_intrarregional,pesos,396825995706.0,miles de millones de pesos,dinero,total
2023-06-01,08,Biobío,compra_interregional,pesos,748778640334.5,miles de millones de pesos,dinero,total
2023-06-01,08,Biobío,compra_intrarregional,pesos,627536738241.33,miles de millones de pesos,dinero,total
2023-06-01,08,Biobío,facturas_compra_interregional,unidades,1109628.0,miles de unidades,conteo,total
2023-06-01,08,Biobío,facturas_venta_interregional,unidades,416661.0,miles de unidades,conteo,total
2023-06-01,08,Biobío,venta_interregional,pesos,814587236522.0,miles de millones de pesos,dinero,total
2023-06-01,08,Biobío,venta_intrarregional,pesos,627536738241.33,miles de millones de pesos,dinero,total
2023-06-01,09,La Araucanía,compra_interregional,pesos,343708001945.34,miles de millones de pesos,dinero,total
2023-06-01,09,La Araucanía,compra_intrarregional,pesos,331586534370.0,miles de millones de pesos,dinero,total
2023-06-01,09,La Araucanía,facturas_compra_interregional,unidades,639857.0,miles de unidades,conteo,total
2023-06-01,09,La Araucanía,facturas_venta_interregional,unidades,285208.0,miles de unidades,conteo,total
2023-06-01,09,La Araucanía,venta_interregional,pesos,282229534029.0,miles de millones de pesos,dinero,total
2023-06-01,09,La Araucanía,venta_intrarregional,pesos,331586534370.0,miles de millones de pesos,dinero,total
2023-06-01,10,Los Lagos,compra_interregional,pesos,726832891214.9,miles de millones de pesos,dinero,total
2023-06-01,10,Los Lagos,compra_intrarregional,pesos,741948023413.0,miles de millones de pesos,dinero,total
2023-06-01,10,Los Lagos,facturas_compra_interregional,unidades,682645.0,miles de unidades,conteo,total
2023-06-01,10,Los Lagos,facturas_venta_interregional,unidades,340890.0,miles de unidades,conteo,total
2023-06-01,10,Los Lagos,venta_interregional,pesos,435390884208.0,miles de millones de pesos,dinero,total
2023-06-01,10,Los Lagos,venta_intrarregional,pesos,741948023413.0,miles de millones de pesos,dinero,total
2023-06-01,11,Aysén,compra_interregional,pesos,37357938649.0,miles de millones de pesos,dinero,total
2023-06-01,11,Aysén,compra_intrarregional,pesos,33076533595.999996,miles de millones de pesos,dinero,total
2023-06-01,11,Aysén,facturas_compra_interregional,unidades,89795.0,miles de unidades,conteo,total
2023-06-01,11,Aysén,facturas_venta_interregional,unidades,26722.0,miles de unidades,conteo,total
2023-06-01,11,Aysén,venta_interregional,pesos,28165574218.0,miles de millones de pesos,dinero,total
2023-06-01,11,Aysén,venta_intrarregional,pesos,33076533595.999996,miles de millones de pesos,dinero,total
2023-06-01,12,Magallanes,compra_interregional,pesos,114979418192.0,miles de millones de pesos,dinero,total
2023-06-01,12,Magallanes,compra_intrarregional,pesos,83172083398.0,miles de millones de pesos,dinero,total
2023-06-01,12,Magallanes,facturas_compra_interregional,unidades,130144.0,miles de unidades,conteo,total
2023-06-01,12,Magallanes,facturas_venta_interregional,unidades,30365.0,miles de unidades,conteo,total
2023-06-01,12,Magallanes,venta_interregional,pesos,68953551612.0,miles de millones de pesos,dinero,total
2023-06-01,12,Magallanes,venta_intrarregional,pesos,83172083398.0,miles de millones de pesos,dinero,total
2023-06-01,13,Metropolitana de Santiago,compra_interregional,pesos,4688315513370.0,miles de millones de pesos,dinero,total
2023-06-01,13,Metropolitana de Santiago,compra_intrarregional,pesos,16730623345909.0,miles de millones de pesos,dinero,total
2023-06-01,13,Metropolitana de Santiago,facturas_compra_interregional,unidades,2453041.0,miles de unidades,conteo,total
2023-06-01,13,Metropolitana de Santiago,facturas_venta_interregional,unidades,6669368.0,miles de unidades,conteo,total
2023-06-01,13,Metropolitana de Santiago,venta_interregional,pesos,5133953342795.601,miles de millones de pesos,dinero,total
2023-06-01,13,Metropolitana de Santiago,venta_intrarregional,pesos,16730623345909.0,miles de millones de pesos,dinero,total
2023-06-01,14,Los Ríos,compra_interregional,pesos,205604351792.0,miles de millones de pesos,dinero,total
2023-06-01,14,Los Ríos,compra_intrarregional,pesos,104710734302.0,miles de millones de pesos,dinero,total
2023-06-01,14,Los Ríos,facturas_compra_interregional,unidades,345359.0,miles de unidades,conteo,total
2023-06-01,14,Los Ríos,facturas_venta_interregional,unidades,146103.0,miles de unidades,conteo,total
2023-06-01,14,Los Ríos,venta_interregional,pesos,162722880368.0,miles de millones de pesos,dinero,total
2023-06-01,14,Los Ríos,venta_intrarregional,pesos,104710734302.0,miles de millones de pesos,dinero,total
2023-06-01,15,Arica y Parinacota,compra_interregional,pesos,89043926375.0,miles de millones de pesos,dinero,total
2023-06-01,15,Arica y Parinacota,compra_intrarregional,pesos,46439271119.0,miles de millones de pesos,dinero,total
2023-06-01,15,Arica y Parinacota,facturas_compra_interregional,unidades,123282.0,miles de unidades,conteo,total
2023-06-01,15,Arica y Parinacota,facturas_venta_interregional,unidades,43798.0,miles de unidades,conteo,total
2023-06-01,15,Arica y Parinacota,venta_interregional,pesos,42117287681.0,miles de millones de pesos,dinero,total
2023-06-01,15,Arica y Parinacota,venta_intrarregional,pesos,46439271119.0,miles de millones de pesos,dinero,total
2023-06-01,16,Ñuble,compra_interregional,pesos,204130312269.0,miles de millones de pesos,dinero,total
2023-06-01,16,Ñuble,compra_intrarregional,pesos,131980134064.99998,miles de millones de pesos,dinero,total
2023-06-01,16,Ñuble,facturas_compra_interregional,unidades,321986.0,miles de unidades,conteo,total
2023-06-01,16,Ñuble,facturas_venta_interregional,unidades,202346.0,miles de unidades,conteo,total
2023-06-01,16,Ñuble,venta_interregional,pesos,181814552323.25,miles de millones de pesos,dinero,total
2023-06-01,16,Ñuble,venta_intrarregional,pesos,131980134064.99998,miles de millones de pesos,dinero,total
2023-07-01,01,Tarapacá,compra_interregional,pesos,427437454857.0,miles de millones de pesos,dinero,total
2023-07-01,01,Tarapacá,compra_intrarregional,pesos,131483923516.0,miles de millones de pesos,dinero,total
2023-07-01,01,Tarapacá,facturas_compra_interregional,unidades,219863.0,miles de unidades,conteo,total
2023-07-01,01,Tarapacá,facturas_venta_interregional,unidades,85281.0,miles de unidades,conteo,total
2023-07-01,01,Tarapacá,venta_interregional,pesos,126888958812.0,miles de millones de pesos,dinero,total
2023-07-01,01,Tarapacá,venta_intrarregional,pesos,131483923516.0,miles de millones de pesos,dinero,total
2023-07-01,02,Antofagasta,compra_interregional,pesos,695567175963.9501,miles de millones de pesos,dinero,total
2023-07-01,02,Antofagasta,compra_intrarregional,pesos,310712668205.0,miles de millones de pesos,dinero,total
2023-07-01,02,Antofagasta,facturas_compra_interregional,unidades,512160.99999999994,miles de unidades,conteo,total
2023-07-01,02,Antofagasta,facturas_venta_interregional,unidades,205468.0,miles de unidades,conteo,total
2023-07-01,02,Antofagasta,venta_interregional,pesos,716695612185.0,miles de millones de pesos,dinero,total
2023-07-01,02,Antofagasta,venta_intrarregional,pesos,310712668205.0,miles de millones de pesos,dinero,total
2023-07-01,03,Atacama,compra_interregional,pesos,178246981045.0,miles de millones de pesos,dinero,total
2023-07-01,03,Atacama,compra_intrarregional,pesos,101975344490.0,miles de millones de pesos,dinero,total
2023-07-01,03,Atacama,facturas_compra_interregional,unidades,237409.0,miles de unidades,conteo,total
2023-07-01,03,Atacama,facturas_venta_interregional,unidades,82414.0,miles de unidades,conteo,total
2023-07-01,03,Atacama,venta_interregional,pesos,144085096477.0,miles de millones de pesos,dinero,total
2023-07-01,03,Atacama,venta_intrarregional,pesos,101975344490.0,miles de millones de pesos,dinero,total
2023-07-01,04,Coquimbo,compra_interregional,pesos,349545547246.0,miles de millones de pesos,dinero,total
2023-07-01,04,Coquimbo,compra_intrarregional,pesos,222719739437.0,miles de millones de pesos,dinero,total
2023-07-01,04,Coquimbo,facturas_compra_interregional,unidades,529768.0,miles de unidades,conteo,total
2023-07-01,04,Coquimbo,facturas_venta_interregional,unidades,201402.0,miles de unidades,conteo,total
2023-07-01,04,Coquimbo,venta_interregional,pesos,232492599172.0,miles de millones de pesos,dinero,total
2023-07-01,04,Coquimbo,venta_intrarregional,pesos,222719739437.0,miles de millones de pesos,dinero,total
2023-07-01,05,Valparaíso,compra_interregional,pesos,910403030702.0,miles de millones de pesos,dinero,total
2023-07-01,05,Valparaíso,compra_intrarregional,pesos,591398594539.75,miles de millones de pesos,dinero,total
2023-07-01,05,Valparaíso,facturas_compra_interregional,unidades,1355592.0,miles de unidades,conteo,total
2023-07-01,05,Valparaíso,facturas_venta_interregional,unidades,698156.0,miles de unidades,conteo,total
2023-07-01,05,Valparaíso,venta_interregional,pesos,1517290529757.0,miles de millones de pesos,dinero,total
2023-07-01,05,Valparaíso,venta_intrarregional,pesos,591398594539.75,miles de millones de pesos,dinero,total
2023-07-01,06,O'Higgins,compra_interregional,pesos,650014220700.8999,miles de millones de pesos,dinero,total
2023-07-01,06,O'Higgins,compra_intrarregional,pesos,360865397485.0,miles de millones de pesos,dinero,total
2023-07-01,06,O'Higgins,facturas_compra_interregional,unidades,743051.0,miles de unidades,conteo,total
2023-07-01,06,O'Higgins,facturas_venta_interregional,unidades,276078.0,miles de unidades,conteo,total
2023-07-01,06,O'Higgins,venta_interregional,pesos,462275636002.0,miles de millones de pesos,dinero,total
2023-07-01,06,O'Higgins,venta_intrarregional,pesos,360865397485.0,miles de millones de pesos,dinero,total
2023-07-01,07,Maule,compra_interregional,pesos,502890785078.87,miles de millones de pesos,dinero,total
2023-07-01,07,Maule,compra_intrarregional,pesos,378981709702.75,miles de millones de pesos,dinero,total
2023-07-01,07,Maule,facturas_compra_interregional,unidades,729442.0,miles de unidades,conteo,total
2023-07-01,07,Maule,facturas_venta_interregional,unidades,487022.0,miles de unidades,conteo,total
2023-07-01,07,Maule,venta_interregional,pesos,441385676807.0,miles de millones de pesos,dinero,total
2023-07-01,07,Maule,venta_intrarregional,pesos,378981709702.75,miles de millones de pesos,dinero,total
2023-07-01,08,Biobío,compra_interregional,pesos,766234537114.17,miles de millones de pesos,dinero,total
2023-07-01,08,Biobío,compra_intrarregional,pesos,626841128475.6599,miles de millones de pesos,dinero,total
2023-07-01,08,Biobío,facturas_compra_interregional,unidades,1135227.0,miles de unidades,conteo,total
2023-07-01,08,Biobío,facturas_venta_interregional,unidades,426956.0,miles de unidades,conteo,total
2023-07-01,08,Biobío,venta_interregional,pesos,821539050939.25,miles de millones de pesos,dinero,total
2023-07-01,08,Biobío,venta_intrarregional,pesos,626841128475.6599,miles de millones de pesos,dinero,total
2023-07-01,09,La Araucanía,compra_interregional,pesos,353361370571.5,miles de millones de pesos,dinero,total
2023-07-01,09,La Araucanía,compra_intrarregional,pesos,323779874421.0,miles de millones de pesos,dinero,total
2023-07-01,09,La Araucanía,facturas_compra_interregional,unidades,652685.0,miles de unidades,conteo,total
2023-07-01,09,La Araucanía,facturas_venta_interregional,unidades,289957.0,miles de unidades,conteo,total
2023-07-01,09,La Araucanía,venta_interregional,pesos,286879628974.0,miles de millones de pesos,dinero,total
2023-07-01,09,La Araucanía,venta_intrarregional,pesos,323779874421.0,miles de millones de pesos,dinero,total
2023-07-01,10,Los Lagos,compra_interregional,pesos,748616372812.0,miles de millones de pesos,dinero,total
2023-07-01,10,Los Lagos,compra_intrarregional,pesos,705506258699.0,miles de millones de pesos,dinero,total
2023-07-01,10,Los Lagos,facturas_compra_interregional,unidades,692556.0,miles de unidades,conteo,total
2023-07-01,10,Los Lagos,facturas_venta_interregional,unidades,347970.0,miles de unidades,conteo,total
2023-07-01,10,Los Lagos,venta_interregional,pesos,386380756036.0,miles de millones de pesos,dinero,total
2023-07-01,10,Los Lagos,venta_intrarregional,pesos,705506258699.0,miles de millones de pesos,dinero,total
2023-07-01,11,Aysén,compra_interregional,pesos,33592385391.999996,miles de millones de pesos,dinero,total
2023-07-01,11,Aysén,compra_intrarregional,pesos,35008505258.0,miles de millones de pesos,dinero,total
2023-07-01,11,Aysén,facturas_compra_interregional,unidades,90230.0,miles de unidades,conteo,total
2023-07-01,11,Aysén,facturas_venta_interregional,unidades,26138.0,miles de unidades,conteo,total
2023-07-01,11,Aysén,venta_interregional,pesos,25242595369.0,miles de millones de pesos,dinero,total
2023-07-01,11,Aysén,venta_intrarregional,pesos,35008505258.0,miles de millones de pesos,dinero,total
2023-07-01,12,Magallanes,compra_interregional,pesos,116597867363.0,miles de millones de pesos,dinero,total
2023-07-01,12,Magallanes,compra_intrarregional,pesos,86352151953.0,miles de millones de pesos,dinero,total
2023-07-01,12,Magallanes,facturas_compra_interregional,unidades,131062.99999999999,miles de unidades,conteo,total
2023-07-01,12,Magallanes,facturas_venta_interregional,unidades,30920.0,miles de unidades,conteo,total
2023-07-01,12,Magallanes,venta_interregional,pesos,66033636578.0,miles de millones de pesos,dinero,total
2023-07-01,12,Magallanes,venta_intrarregional,pesos,86352151953.0,miles de millones de pesos,dinero,total
2023-07-01,13,Metropolitana de Santiago,compra_interregional,pesos,4665279211759.2,miles de millones de pesos,dinero,total
2023-07-01,13,Metropolitana de Santiago,compra_intrarregional,pesos,16783356022115.0,miles de millones de pesos,dinero,total
2023-07-01,13,Metropolitana de Santiago,facturas_compra_interregional,unidades,2524290.0,miles de unidades,conteo,total
2023-07-01,13,Metropolitana de Santiago,facturas_venta_interregional,unidades,6800774.0,miles de unidades,conteo,total
2023-07-01,13,Metropolitana de Santiago,venta_interregional,pesos,5280018942624.399,miles de millones de pesos,dinero,total
2023-07-01,13,Metropolitana de Santiago,venta_intrarregional,pesos,16783356022115.0,miles de millones de pesos,dinero,total
2023-07-01,14,Los Ríos,compra_interregional,pesos,208697871868.0,miles de millones de pesos,dinero,total
2023-07-01,14,Los Ríos,compra_intrarregional,pesos,104423508087.0,miles de millones de pesos,dinero,total
2023-07-01,14,Los Ríos,facturas_compra_interregional,unidades,350299.0,miles de unidades,conteo,total
2023-07-01,14,Los Ríos,facturas_venta_interregional,unidades,150885.0,miles de unidades,conteo,total
2023-07-01,14,Los Ríos,venta_interregional,pesos,172827789451.0,miles de millones de pesos,dinero,total
2023-07-01,14,Los Ríos,venta_intrarregional,pesos,104423508087.0,miles de millones de pesos,dinero,total
2023-07-01,15,Arica y Parinacota,compra_interregional,pesos,95957716328.0,miles de millones de pesos,dinero,total
2023-07-01,15,Arica y Parinacota,compra_intrarregional,pesos,46197544565.0,miles de millones de pesos,dinero,total
2023-07-01,15,Arica y Parinacota,facturas_compra_interregional,unidades,128091.00000000001,miles de unidades,conteo,total
2023-07-01,15,Arica y Parinacota,facturas_venta_interregional,unidades,45642.0,miles de unidades,conteo,total
2023-07-01,15,Arica y Parinacota,venta_interregional,pesos,47583210849.0,miles de millones de pesos,dinero,total
2023-07-01,15,Arica y Parinacota,venta_intrarregional,pesos,46197544565.0,miles de millones de pesos,dinero,total
2023-07-01,16,Ñuble,compra_interregional,pesos,212295319109.0,miles de millones de pesos,dinero,total
2023-07-01,16,Ñuble,compra_intrarregional,pesos,136575460066.0,miles de millones de pesos,dinero,total
2023-07-01,16,Ñuble,facturas_compra_interregional,unidades,329824.0,miles de unidades,conteo,total
2023-07-01,16,Ñuble,facturas_venta_interregional,unidades,206488.0,miles de unidades,conteo,total
2023-07-01,16,Ñuble,venta_interregional,pesos,187118127878.0,miles de millones de pesos,dinero,total
2023-07-01,16,Ñuble,venta_intrarregional,pesos,136575460066.0,miles de millones de pesos,dinero,total
2023-08-01,01,Tarapacá,compra_interregional,pesos,373157444131.0,miles de millones de pesos,dinero,total
2023-08-01,01,Tarapacá,compra_intrarregional,pesos,125409272347.0,miles de millones de pesos,dinero,total
2023-08-01,01,Tarapacá,facturas_compra_interregional,unidades,229336.0,miles de unidades,conteo,total
2023-08-01,01,Tarapacá,facturas_venta_interregional,unidades,89199.0,miles de unidades,conteo,total
2023-08-01,01,Tarapacá,venta_interregional,pesos,133358325220.00002,miles de millones de pesos,dinero,total
2023-08-01,01,Tarapacá,venta_intrarregional,pesos,125409272347.0,miles de millones de pesos,dinero,total
2023-08-01,02,Antofagasta,compra_interregional,pesos,722899981952.37,miles de millones de pesos,dinero,total
2023-08-01,02,Antofagasta,compra_intrarregional,pesos,323334334866.0,miles de millones de pesos,dinero,total
2023-08-01,02,Antofagasta,facturas_compra_interregional,unidades,539665.0,miles de unidades,conteo,total
2023-08-01,02,Antofagasta,facturas_venta_interregional,unidades,217209.0,miles de unidades,conteo,total
2023-08-01,02,Antofagasta,venta_interregional,pesos,705760394486.0,miles de millones de pesos,dinero,total
2023-08-01,02,Antofagasta,venta_intrarregional,pesos,323334334866.0,miles de millones de pesos,dinero,total
2023-08-01,03,Atacama,compra_interregional,pesos,201608420799.0,miles de millones de pesos,dinero,total
2023-08-01,03,Atacama,compra_intrarregional,pesos,105357484748.0,miles de millones de pesos,dinero,total
2023-08-01,03,Atacama,facturas_compra_interregional,unidades,248973.0,miles de unidades,conteo,total
2023-08-01,03,Atacama,facturas_venta_interregional,unidades,84381.0,miles de unidades,conteo,total
2023-08-01,03,Atacama,venta_interregional,pesos,157906619306.0,miles de millones de pesos,dinero,total
2023-08-01,03,Atacama,venta_intrarregional,pesos,105357484748.0,miles de millones de pesos,dinero,total
2023-08-01,04,Coquimbo,compra_interregional,pesos,375993557603.52,miles de millones de pesos,dinero,total
2023-08-01,04,Coquimbo,compra_intrarregional,pesos,234816198285.0,miles de millones de pesos,dinero,total
2023-08-01,04,Coquimbo,facturas_compra_interregional,unidades,557871.0,miles de unidades,conteo,total
2023-08-01,04,Coquimbo,facturas_venta_interregional,unidades,215720.0,miles de unidades,conteo,total
2023-08-01,04,Coquimbo,venta_interregional,pesos,251885467834.0,miles de millones de pesos,dinero,total
2023-08-01,04,Coquimbo,venta_intrarregional,pesos,234816198285.0,miles de millones de pesos,dinero,total
2023-08-01,05,Valparaíso,compra_interregional,pesos,1005173855538.0,miles de millones de pesos,dinero,total
2023-08-01,05,Valparaíso,compra_intrarregional,pesos,616834058765.28,miles de millones de pesos,dinero,total
2023-08-01,05,Valparaíso,facturas_compra_interregional,unidades,1431183.0,miles de unidades,conteo,total
2023-08-01,05,Valparaíso,facturas_venta_interregional,unidades,744933.0,miles de unidades,conteo,total
2023-08-01,05,Valparaíso,venta_interregional,pesos,1607522946140.0,miles de millones de pesos,dinero,total
2023-08-01,05,Valparaíso,venta_intrarregional,pesos,616834058765.28,miles de millones de pesos,dinero,total
2023-08-01,06,O'Higgins,compra_interregional,pesos,721974771370.0,miles de millones de pesos,dinero,total
2023-08-01,06,O'Higgins,compra_intrarregional,pesos,399299396932.0,miles de millones de pesos,dinero,total
2023-08-01,06,O'Higgins,facturas_compra_interregional,unidades,782690.0,miles de unidades,conteo,total
2023-08-01,06,O'Higgins,facturas_venta_interregional,unidades,302444.0,miles de unidades,conteo,total
2023-08-01,06,O'Higgins,venta_interregional,pesos,491922798931.0,miles de millones de pesos,dinero,total
2023-08-01,06,O'Higgins,venta_intrarregional,pesos,399299396932.0,miles de millones de pesos,dinero,total
2023-08-01,07,Maule,compra_interregional,pesos,529726846960.76,miles de millones de pesos,dinero,total
2023-08-01,07,Maule,compra_intrarregional,pesos,405162903474.25,miles de millones de pesos,dinero,total
2023-08-01,07,Maule,facturas_compra_interregional,unidades,756207.0,miles de unidades,conteo,total
2023-08-01,07,Maule,facturas_venta_interregional,unidades,514938.0,miles de unidades,conteo,total
2023-08-01,07,Maule,venta_interregional,pesos,457485521509.0,miles de millones de pesos,dinero,total
2023-08-01,07,Maule,venta_intrarregional,pesos,405162903474.25,miles de millones de pesos,dinero,total
2023-08-01,08,Biobío,compra_interregional,pesos,806248280092.16,miles de millones de pesos,dinero,total
2023-08-01,08,Biobío,compra_intrarregional,pesos,688958755953.33,miles de millones de pesos,dinero,total
2023-08-01,08,Biobío,facturas_compra_interregional,unidades,1191576.0,miles de unidades,conteo,total
2023-08-01,08,Biobío,facturas_venta_interregional,unidades,449972.0,miles de unidades,conteo,total
2023-08-01,08,Biobío,venta_interregional,pesos,885842608037.25,miles de millones de pesos,dinero,total
2023-08-01,08,Biobío,venta_intrarregional,pesos,688958755953.33,miles de millones de pesos,dinero,total
2023-08-01,09,La Araucanía,compra_interregional,pesos,388150860950.0,miles de millones de pesos,dinero,total
2023-08-01,09,La Araucanía,compra_intrarregional,pesos,342918763989.0,miles de millones de pesos,dinero,total
2023-08-01,09,La Araucanía,facturas_compra_interregional,unidades,688967.0,miles de unidades,conteo,total
2023-08-01,09,La Araucanía,facturas_venta_interregional,unidades,302853.0,miles de unidades,conteo,total
2023-08-01,09,La Araucanía,venta_interregional,pesos,300852795213.0,miles de millones de pesos,dinero,total
2023-08-01,09,La Araucanía,venta_intrarregional,pesos,342918763989.0,miles de millones de pesos,dinero,total
2023-08-01,10,Los Lagos,compra_interregional,pesos,833253937601.0599,miles de millones de pesos,dinero,total
2023-08-01,10,Los Lagos,compra_intrarregional,pesos,769694564769.0,miles de millones de pesos,dinero,total
2023-08-01,10,Los Lagos,facturas_compra_interregional,unidades,737305.0,miles de unidades,conteo,total
2023-08-01,10,Los Lagos,facturas_venta_interregional,unidades,368407.0,miles de unidades,conteo,total
2023-08-01,10,Los Lagos,venta_interregional,pesos,407901135301.0,miles de millones de pesos,dinero,total
2023-08-01,10,Los Lagos,venta_intrarregional,pesos,769694564769.0,miles de millones de pesos,dinero,total
2023-08-01,11,Aysén,compra_interregional,pesos,38814665096.0,miles de millones de pesos,dinero,total
2023-08-01,11,Aysén,compra_intrarregional,pesos,33205840158.999996,miles de millones de pesos,dinero,total
2023-08-01,11,Aysén,facturas_compra_interregional,unidades,97001.0,miles de unidades,conteo,total
2023-08-01,11,Aysén,facturas_venta_interregional,unidades,28603.0,miles de unidades,conteo,total
2023-08-01,11,Aysén,venta_interregional,pesos,27067701235.0,miles de millones de pesos,dinero,total
2023-08-01,11,Aysén,venta_intrarregional,pesos,33205840158.999996,miles de millones de pesos,dinero,total
2023-08-01,12,Magallanes,compra_interregional,pesos,116980786207.0,miles de millones de pesos,dinero,total
2023-08-01,12,Magallanes,compra_intrarregional,pesos,93595911954.0,miles de millones de pesos,dinero,total
2023-08-01,12,Magallanes,facturas_compra_interregional,unidades,139462.0,miles de unidades,conteo,total
2023-08-01,12,Magallanes,facturas_venta_interregional,unidades,33430.0,miles de unidades,conteo,total
2023-08-01,12,Magallanes,venta_interregional,pesos,70928581058.0,miles de millones de pesos,dinero,total
2023-08-01,12,Magallanes,venta_intrarregional,pesos,93595911954.0,miles de millones de pesos,dinero,total
2023-08-01,13,Metropolitana de Santiago,compra_interregional,pesos,4826129843471.2,miles de millones de pesos,dinero,total
2023-08-01,13,Metropolitana de Santiago,compra_intrarregional,pesos,17775501792643.0,miles de millones de pesos,dinero,total
2023-08-01,13,Metropolitana de Santiago,facturas_compra_interregional,unidades,2669351.0,miles de unidades,conteo,total
2023-08-01,13,Metropolitana de Santiago,facturas_venta_interregional,unidades,7147205.0,miles de unidades,conteo,total
2023-08-01,13,Metropolitana de Santiago,venta_interregional,pesos,5589999187397.0,miles de millones de pesos,dinero,total
2023-08-01,13,Metropolitana de Santiago,venta_intrarregional,pesos,17775501792643.0,miles de millones de pesos,dinero,total
2023-08-01,14,Los Ríos,compra_interregional,pesos,241356919377.0,miles de millones de pesos,dinero,total
2023-08-01,14,Los Ríos,compra_intrarregional,pesos,118574613346.0,miles de millones de pesos,dinero,total
2023-08-01,14,Los Ríos,facturas_compra_interregional,unidades,373546.0,miles de unidades,conteo,total
2023-08-01,14,Los Ríos,facturas_venta_interregional,unidades,159578.0,miles de unidades,conteo,total
2023-08-01,14,Los Ríos,venta_interregional,pesos,169668834602.0,miles de millones de pesos,dinero,total
2023-08-01,14,Los Ríos,venta_intrarregional,pesos,118574613346.0,miles de millones de pesos,dinero,total
2023-08-01,15,Arica y Parinacota,compra_interregional,pesos,108191323658.0,miles de millones de pesos,dinero,total
2023-08-01,15,Arica y Parinacota,compra_intrarregional,pesos,46932291348.0,miles de millones de pesos,dinero,total
2023-08-01,15,Arica y Parinacota,facturas_compra_interregional,unidades,134560.0,miles de unidades,conteo,total
2023-08-01,15,Arica y Parinacota,facturas_venta_interregional,unidades,46279.0,miles de unidades,conteo,total
2023-08-01,15,Arica y Parinacota,venta_interregional,pesos,46944534007.0,miles de millones de pesos,dinero,total
2023-08-01,15,Arica y Parinacota,venta_intrarregional,pesos,46932291348.0,miles de millones de pesos,dinero,total
2023-08-01,16,Ñuble,compra_interregional,pesos,217569823162.0,miles de millones de pesos,dinero,total
2023-08-01,16,Ñuble,compra_intrarregional,pesos,140657907412.0,miles de millones de pesos,dinero,total
2023-08-01,16,Ñuble,facturas_compra_interregional,unidades,346975.0,miles de unidades,conteo,total
2023-08-01,16,Ñuble,facturas_venta_interregional,unidades,219517.0,miles de unidades,conteo,total
2023-08-01,16,Ñuble,venta_interregional,pesos,202183867693.0,miles de millones de pesos,dinero,total
2023-08-01,16,Ñuble,venta_intrarregional,pesos,140657907412.0,miles de millones de pesos,dinero,total
2023-09-01,01,Tarapacá,compra_interregional,pesos,386927934375.0,miles de millones de pesos,dinero,total
2023-09-01,01,Tarapacá,compra_intrarregional,pesos,139016532532.0,miles de millones de pesos,dinero,total
2023-09-01,01,Tarapacá,facturas_compra_interregional,unidades,211936.0,miles de unidades,conteo,total
2023-09-01,01,Tarapacá,facturas_venta_interregional,unidades,79788.0,miles de unidades,conteo,total
2023-09-01,01,Tarapacá,venta_interregional,pesos,132372457907.00002,miles de millones de pesos,dinero,total
2023-09-01,01,Tarapacá,venta_intrarregional,pesos,139016532532.0,miles de millones de pesos,dinero,total
2023-09-01,02,Antofagasta,compra_interregional,pesos,691944651579.71,miles de millones de pesos,dinero,total
2023-09-01,02,Antofagasta,compra_intrarregional,pesos,300524079113.0,miles de millones de pesos,dinero,total
2023-09-01,02,Antofagasta,facturas_compra_interregional,unidades,490559.0,miles de unidades,conteo,total
2023-09-01,02,Antofagasta,facturas_venta_interregional,unidades,189930.0,miles de unidades,conteo,total
2023-09-01,02,Antofagasta,venta_interregional,pesos,689767166077.0,miles de millones de pesos,dinero,total
2023-09-01,02,Antofagasta,venta_intrarregional,pesos,300524079113.0,miles de millones de pesos,dinero,total
2023-09-01,03,Atacama,compra_interregional,pesos,198487071186.1,miles de millones de pesos,dinero,total
2023-09-01,03,Atacama,compra_intrarregional,pesos,105522387173.0,miles de millones de pesos,dinero,total
2023-09-01,03,Atacama,facturas_compra_interregional,unidades,225153.0,miles de unidades,conteo,total
2023-09-01,03,Atacama,facturas_venta_interregional,unidades,76089.0,miles de unidades,conteo,total
2023-09-01,03,Atacama,venta_interregional,pesos,142979106888.0,miles de millones de pesos,dinero,total
2023-09-01,03,Atacama,venta_intrarregional,pesos,105522387173.0,miles de millones de pesos,dinero,total
2023-09-01,04,Coquimbo,compra_interregional,pesos,340388200447.3,miles de millones de pesos,dinero,total
2023-09-01,04,Coquimbo,compra_intrarregional,pesos,221592540856.0,miles de millones de pesos,dinero,total
2023-09-01,04,Coquimbo,facturas_compra_interregional,unidades,498883.0,miles de unidades,conteo,total
2023-09-01,04,Coquimbo,facturas_venta_interregional,unidades,189899.0,miles de unidades,conteo,total
2023-09-01,04,Coquimbo,venta_interregional,pesos,229728421597.0,miles de millones de pesos,dinero,total
2023-09-01,04,Coquimbo,venta_intrarregional,pesos,221592540856.0,miles de millones de pesos,dinero,total
2023-09-01,05,Valparaíso,compra_interregional,pesos,871403711966.5,miles de millones de pesos,dinero,total
2023-09-01,05,Valparaíso,compra_intrarregional,pesos,605334583415.45,miles de millones de pesos,dinero,total
2023-09-01,05,Valparaíso,facturas_compra_interregional,unidades,1304233.0,miles de unidades,conteo,total
2023-09-01,05,Valparaíso,facturas_venta_interregional,unidades,666279.0,miles de unidades,conteo,total
2023-09-01,05,Valparaíso,venta_interregional,pesos,1568416478189.0,miles de millones de pesos,dinero,total
2023-09-01,05,Valparaíso,venta_intrarregional,pesos,605334583415.45,miles de millones de pesos,dinero,total
2023-09-01,06,O'Higgins,compra_interregional,pesos,671243652016.64,miles de millones de pesos,dinero,total
2023-09-01,06,O'Higgins,compra_intrarregional,pesos,373653889020.0,miles de millones de pesos,dinero,total
2023-09-01,06,O'Higgins,facturas_compra_interregional,unidades,730712.0,miles de unidades,conteo,total
2023-09-01,06,O'Higgins,facturas_venta_interregional,unidades,276654.0,miles de unidades,conteo,total
2023-09-01,06,O'Higgins,venta_interregional,pesos,505118524302.0,miles de millones de pesos,dinero,total
2023-09-01,06,O'Higgins,venta_intrarregional,pesos,373653889020.0,miles de millones de pesos,dinero,total
2023-09-01,07,Maule,compra_interregional,pesos,508105281788.51,miles de millones de pesos,dinero,total
2023-09-01,07,Maule,compra_intrarregional,pesos,374486866723.75,miles de millones de pesos,dinero,total
2023-09-01,07,Maule,facturas_compra_interregional,unidades,707514.0,miles de unidades,conteo,total
2023-09-01,07,Maule,facturas_venta_interregional,unidades,475797.0,miles de unidades,conteo,total
2023-09-01,07,Maule,venta_interregional,pesos,430562608395.0,miles de millones de pesos,dinero,total
2023-09-01,07,Maule,venta_intrarregional,pesos,374486866723.75,miles de millones de pesos,dinero,total
2023-09-01,08,Biobío,compra_interregional,pesos,761953575286.33,miles de millones de pesos,dinero,total
2023-09-01,08,Biobío,compra_intrarregional,pesos,626848624071.6599,miles de millones de pesos,dinero,total
2023-09-01,08,Biobío,facturas_compra_interregional,unidades,1067179.0,miles de unidades,conteo,total
2023-09-01,08,Biobío,facturas_venta_interregional,unidades,401857.0,miles de unidades,conteo,total
2023-09-01,08,Biobío,venta_interregional,pesos,807929674778.25,miles de millones de pesos,dinero,total
2023-09-01,08,Biobío,venta_intrarregional,pesos,626848624071.6599,miles de millones de pesos,dinero,total
2023-09-01,09,La Araucanía,compra_interregional,pesos,347212957855.16003,miles de millones de pesos,dinero,total
2023-09-01,09,La Araucanía,compra_intrarregional,pesos,326797586533.0,miles de millones de pesos,dinero,total
2023-09-01,09,La Araucanía,facturas_compra_interregional,unidades,620905.0,miles de unidades,conteo,total
2023-09-01,09,La Araucanía,facturas_venta_interregional,unidades,270001.0,miles de unidades,conteo,total
2023-09-01,09,La Araucanía,venta_interregional,pesos,286296116053.0,miles de millones de pesos,dinero,total
2023-09-01,09,La Araucanía,venta_intrarregional,pesos,326797586533.0,miles de millones de pesos,dinero,total
2023-09-01,10,Los Lagos,compra_interregional,pesos,782581982686.93,miles de millones de pesos,dinero,total
2023-09-01,10,Los Lagos,compra_intrarregional,pesos,753628578314.0,miles de millones de pesos,dinero,total
2023-09-01,10,Los Lagos,facturas_compra_interregional,unidades,666061.0,miles de unidades,conteo,total
2023-09-01,10,Los Lagos,facturas_venta_interregional,unidades,337815.0,miles de unidades,conteo,total
2023-09-01,10,Los Lagos,venta_interregional,pesos,368303477292.0,miles de millones de pesos,dinero,total
2023-09-01,10,Los Lagos,venta_intrarregional,pesos,753628578314.0,miles de millones de pesos,dinero,total
2023-09-01,11,Aysén,compra_interregional,pesos,35276091183.0,miles de millones de pesos,dinero,total
2023-09-01,11,Aysén,compra_intrarregional,pesos,33497236504.999996,miles de millones de pesos,dinero,total
2023-09-01,11,Aysén,facturas_compra_interregional,unidades,91581.0,miles de unidades,conteo,total
2023-09-01,11,Aysén,facturas_venta_interregional,unidades,26003.0,miles de unidades,conteo,total
2023-09-01,11,Aysén,venta_interregional,pesos,26338201625.0,miles de millones de pesos,dinero,total
2023-09-01,11,Aysén,venta_intrarregional,pesos,33497236504.999996,miles de millones de pesos,dinero,total
2023-09-01,12,Magallanes,compra_interregional,pesos,122666737405.0,miles de millones de pesos,dinero,total
2023-09-01,12,Magallanes,compra_intrarregional,pesos,85092946767.0,miles de millones de pesos,dinero,total
2023-09-01,12,Magallanes,facturas_compra_interregional,unidades,128062.00000000001,miles de unidades,conteo,total
2023-09-01,12,Magallanes,facturas_venta_interregional,unidades,31000.0,miles de unidades,conteo,total
2023-09-01,12,Magallanes,venta_interregional,pesos,59523137851.0,miles de millones de pesos,dinero,total
2023-09-01,12,Magallanes,venta_intrarregional,pesos,85092946767.0,miles de millones de pesos,dinero,total
2023-09-01,13,Metropolitana de Santiago,compra_interregional,pesos,4701437845730.7,miles de millones de pesos,dinero,total
2023-09-01,13,Metropolitana de Santiago,compra_intrarregional,pesos,17113715284508.002,miles de millones de pesos,dinero,total
2023-09-01,13,Metropolitana de Santiago,facturas_compra_interregional,unidades,2403301.0,miles de unidades,conteo,total
2023-09-01,13,Metropolitana de Santiago,facturas_venta_interregional,unidades,6520582.0,miles de unidades,conteo,total
2023-09-01,13,Metropolitana de Santiago,venta_interregional,pesos,5278626711662.699,miles de millones de pesos,dinero,total
2023-09-01,13,Metropolitana de Santiago,venta_intrarregional,pesos,17113715284508.002,miles de millones de pesos,dinero,total
2023-09-01,14,Los Ríos,compra_interregional,pesos,211007330329.0,miles de millones de pesos,dinero,total
2023-09-01,14,Los Ríos,compra_intrarregional,pesos,110540057986.0,miles de millones de pesos,dinero,total
2023-09-01,14,Los Ríos,facturas_compra_interregional,unidades,335540.0,miles de unidades,conteo,total
2023-09-01,14,Los Ríos,facturas_venta_interregional,unidades,140940.0,miles de unidades,conteo,total
2023-09-01,14,Los Ríos,venta_interregional,pesos,156415113724.0,miles de millones de pesos,dinero,total
2023-09-01,14,Los Ríos,venta_intrarregional,pesos,110540057986.0,miles de millones de pesos,dinero,total
2023-09-01,15,Arica y Parinacota,compra_interregional,pesos,91151510171.0,miles de millones de pesos,dinero,total
2023-09-01,15,Arica y Parinacota,compra_intrarregional,pesos,44429712489.0,miles de millones de pesos,dinero,total
2023-09-01,15,Arica y Parinacota,facturas_compra_interregional,unidades,123097.0,miles de unidades,conteo,total
2023-09-01,15,Arica y Parinacota,facturas_venta_interregional,unidades,42160.0,miles de unidades,conteo,total
2023-09-01,15,Arica y Parinacota,venta_interregional,pesos,43340727211.0,miles de millones de pesos,dinero,total
2023-09-01,15,Arica y Parinacota,venta_intrarregional,pesos,44429712489.0,miles de millones de pesos,dinero,total
2023-09-01,16,Ñuble,compra_interregional,pesos,192826307052.0,miles de millones de pesos,dinero,total
2023-09-01,16,Ñuble,compra_intrarregional,pesos,129895999507.0,miles de millones de pesos,dinero,total
2023-09-01,16,Ñuble,facturas_compra_interregional,unidades,315840.0,miles de unidades,conteo,total
2023-09-01,16,Ñuble,facturas_venta_interregional,unidades,195762.0,miles de unidades,conteo,total
2023-09-01,16,Ñuble,venta_interregional,pesos,188896917507.0,miles de millones de pesos,dinero,total
2023-09-01,16,Ñuble,venta_intrarregional,pesos,129895999507.0,miles de millones de pesos,dinero,total
2023-10-01,01,Tarapacá,compra_interregional,pesos,396889362547.0,miles de millones de pesos,dinero,total
2023-10-01,01,Tarapacá,compra_intrarregional,pesos,143894043610.0,miles de millones de pesos,dinero,total
2023-10-01,01,Tarapacá,facturas_compra_interregional,unidades,226482.0,miles de unidades,conteo,total
2023-10-01,01,Tarapacá,facturas_venta_interregional,unidades,87330.0,miles de unidades,conteo,total
2023-10-01,01,Tarapacá,venta_interregional,pesos,116317371464.0,miles de millones de pesos,dinero,total
2023-10-01,01,Tarapacá,venta_intrarregional,pesos,143894043610.0,miles de millones de pesos,dinero,total
2023-10-01,02,Antofagasta,compra_interregional,pesos,681306144751.5,miles de millones de pesos,dinero,total
2023-10-01,02,Antofagasta,compra_intrarregional,pesos,331025694554.0,miles de millones de pesos,dinero,total
2023-10-01,02,Antofagasta,facturas_compra_interregional,unidades,525768.0,miles de unidades,conteo,total
2023-10-01,02,Antofagasta,facturas_venta_interregional,unidades,209311.0,miles de unidades,conteo,total
2023-10-01,02,Antofagasta,venta_interregional,pesos,716864050585.0,miles de millones de pesos,dinero,total
2023-10-01,02,Antofagasta,venta_intrarregional,pesos,331025694554.0,miles de millones de pesos,dinero,total
2023-10-01,03,Atacama,compra_interregional,pesos,198858079339.0,miles de millones de pesos,dinero,total
2023-10-01,03,Atacama,compra_intrarregional,pesos,110802985918.0,miles de millones de pesos,dinero,total
2023-10-01,03,Atacama,facturas_compra_interregional,unidades,241288.0,miles de unidades,conteo,total
2023-10-01,03,Atacama,facturas_venta_interregional,unidades,82600.0,miles de unidades,conteo,total
2023-10-01,03,Atacama,venta_interregional,pesos,153414772259.0,miles de millones de pesos,dinero,total
2023-10-01,03,Atacama,venta_intrarregional,pesos,110802985918.0,miles de millones de pesos,dinero,total
2023-10-01,04,Coquimbo,compra_interregional,pesos,365625841325.0,miles de millones de pesos,dinero,total
2023-10-01,04,Coquimbo,compra_intrarregional,pesos,234973013094.0,miles de millones de pesos,dinero,total
2023-10-01,04,Coquimbo,facturas_compra_interregional,unidades,544635.0,miles de unidades,conteo,total
2023-10-01,04,Coquimbo,facturas_venta_interregional,unidades,210752.0,miles de unidades,conteo,total
2023-10-01,04,Coquimbo,venta_interregional,pesos,258453232440.00003,miles de millones de pesos,dinero,total
2023-10-01,04,Coquimbo,venta_intrarregional,pesos,234973013094.0,miles de millones de pesos,dinero,total
2023-10-01,05,Valparaíso,compra_interregional,pesos,989333595098.0299,miles de millones de pesos,dinero,total
2023-10-01,05,Valparaíso,compra_intrarregional,pesos,662011557960.8401,miles de millones de pesos,dinero,total
2023-10-01,05,Valparaíso,facturas_compra_interregional,unidades,1426200.0,miles de unidades,conteo,total
2023-10-01,05,Valparaíso,facturas_venta_interregional,unidades,733129.0,miles de unidades,conteo,total
2023-10-01,05,Valparaíso,venta_interregional,pesos,1662452095115.0,miles de millones de pesos,dinero,total
2023-10-01,05,Valparaíso,venta_intrarregional,pesos,662011557960.8401,miles de millones de pesos,dinero,total
2023-10-01,06,O'Higgins,compra_interregional,pesos,718420122155.8099,miles de millones de pesos,dinero,total
2023-10-01,06,O'Higgins,compra_intrarregional,pesos,433249426921.0,miles de millones de pesos,dinero,total
2023-10-01,06,O'Higgins,facturas_compra_interregional,unidades,804073.0,miles de unidades,conteo,total
2023-10-01,06,O'Higgins,facturas_venta_interregional,unidades,312198.0,miles de unidades,conteo,total
2023-10-01,06,O'Higgins,venta_interregional,pesos,515431086943.99994,miles de millones de pesos,dinero,total
2023-10-01,06,O'Higgins,venta_intrarregional,pesos,433249426921.0,miles de millones de pesos,dinero,total
2023-10-01,07,Maule,compra_interregional,pesos,580116061759.8301,miles de millones de pesos,dinero,total
2023-10-01,07,Maule,compra_intrarregional,pesos,426778578179.5,miles de millones de pesos,dinero,total
2023-10-01,07,Maule,facturas_compra_interregional,unidades,788830.0,miles de unidades,conteo,total
2023-10-01,07,Maule,facturas_venta_interregional,unidades,517092.99999999994,miles de unidades,conteo,total
2023-10-01,07,Maule,venta_interregional,pesos,472872364032.0,miles de millones de pesos,dinero,total
2023-10-01,07,Maule,venta_intrarregional,pesos,426778578179.5,miles de millones de pesos,dinero,total
2023-10-01,08,Biobío,compra_interregional,pesos,814204826229.59,miles de millones de pesos,dinero,total
2023-10-01,08,Biobío,compra_intrarregional,pesos,683514132410.3301,miles de millones de pesos,dinero,total
2023-10-01,08,Biobío,facturas_compra_interregional,unidades,1177592.0,miles de unidades,conteo,total
2023-10-01,08,Biobío,facturas_venta_interregional,unidades,443631.0,miles de unidades,conteo,total
2023-10-01,08,Biobío,venta_interregional,pesos,891306059614.5801,miles de millones de pesos,dinero,total
2023-10-01,08,Biobío,venta_intrarregional,pesos,683514132410.3301,miles de millones de pesos,dinero,total
2023-10-01,09,La Araucanía,compra_interregional,pesos,383539472895.5,miles de millones de pesos,dinero,total
2023-10-01,09,La Araucanía,compra_intrarregional,pesos,327626141049.0,miles de millones de pesos,dinero,total
2023-10-01,09,La Araucanía,facturas_compra_interregional,unidades,682212.0,miles de unidades,conteo,total
2023-10-01,09,La Araucanía,facturas_venta_interregional,unidades,303260.0,miles de unidades,conteo,total
2023-10-01,09,La Araucanía,venta_interregional,pesos,315839475264.0,miles de millones de pesos,dinero,total
2023-10-01,09,La Araucanía,venta_intrarregional,pesos,327626141049.0,miles de millones de pesos,dinero,total
2023-10-01,10,Los Lagos,compra_interregional,pesos,839508429031.0,miles de millones de pesos,dinero,total
2023-10-01,10,Los Lagos,compra_intrarregional,pesos,802616368475.0,miles de millones de pesos,dinero,total
2023-10-01,10,Los Lagos,facturas_compra_interregional,unidades,724490.0,miles de unidades,conteo,total
2023-10-01,10,Los Lagos,facturas_venta_interregional,unidades,369108.0,miles de unidades,conteo,total
2023-10-01,10,Los Lagos,venta_interregional,pesos,429541110344.0,miles de millones de pesos,dinero,total
2023-10-01,10,Los Lagos,venta_intrarregional,pesos,802616368475.0,miles de millones de pesos,dinero,total
2023-10-01,11,Aysén,compra_interregional,pesos,44919073026.0,miles de millones de pesos,dinero,total
2023-10-01,11,Aysén,compra_intrarregional,pesos,39032472266.0,miles de millones de pesos,dinero,total
2023-10-01,11,Aysén,facturas_compra_interregional,unidades,102202.0,miles de unidades,conteo,total
2023-10-01,11,Aysén,facturas_venta_interregional,unidades,29012.0,miles de unidades,conteo,total
2023-10-01,11,Aysén,venta_interregional,pesos,27143268910.0,miles de millones de pesos,dinero,total
2023-10-01,11,Aysén,venta_intrarregional,pesos,39032472266.0,miles de millones de pesos,dinero,total
2023-10-01,12,Magallanes,compra_interregional,pesos,124137382969.0,miles de millones de pesos,dinero,total
2023-10-01,12,Magallanes,compra_intrarregional,pesos,97038562626.0,miles de millones de pesos,dinero,total
2023-10-01,12,Magallanes,facturas_compra_interregional,unidades,138890.0,miles de unidades,conteo,total
2023-10-01,12,Magallanes,facturas_venta_interregional,unidades,36198.0,miles de unidades,conteo,total
2023-10-01,12,Magallanes,venta_interregional,pesos,62029457985.0,miles de millones de pesos,dinero,total
2023-10-01,12,Magallanes,venta_intrarregional,pesos,97038562626.0,miles de millones de pesos,dinero,total
2023-10-01,13,Metropolitana de Santiago,compra_interregional,pesos,4927811545964.699,miles de millones de pesos,dinero,total
2023-10-01,13,Metropolitana de Santiago,compra_intrarregional,pesos,18059938345829.0,miles de millones de pesos,dinero,total
2023-10-01,13,Metropolitana de Santiago,facturas_compra_interregional,unidades,2650761.0,miles de unidades,conteo,total
2023-10-01,13,Metropolitana de Santiago,facturas_venta_interregional,unidades,7140188.0,miles de unidades,conteo,total
2023-10-01,13,Metropolitana de Santiago,venta_interregional,pesos,5570788001032.399,miles de millones de pesos,dinero,total
2023-10-01,13,Metropolitana de Santiago,venta_intrarregional,pesos,18059938345829.0,miles de millones de pesos,dinero,total
2023-10-01,14,Los Ríos,compra_interregional,pesos,238483611272.0,miles de millones de pesos,dinero,total
2023-10-01,14,Los Ríos,compra_intrarregional,pesos,127361787131.0,miles de millones de pesos,dinero,total
2023-10-01,14,Los Ríos,facturas_compra_interregional,unidades,373162.0,miles de unidades,conteo,total
2023-10-01,14,Los Ríos,facturas_venta_interregional,unidades,155001.0,miles de unidades,conteo,total
2023-10-01,14,Los Ríos,venta_interregional,pesos,177247579392.0,miles de millones de pesos,dinero,total
2023-10-01,14,Los Ríos,venta_intrarregional,pesos,127361787131.0,miles de millones de pesos,dinero,total
2023-10-01,15,Arica y Parinacota,compra_interregional,pesos,97049898037.0,miles de millones de pesos,dinero,total
2023-10-01,15,Arica y Parinacota,compra_intrarregional,pesos,47806248695.0,miles de millones de pesos,dinero,total
2023-10-01,15,Arica y Parinacota,facturas_compra_interregional,unidades,132727.0,miles de unidades,conteo,total
2023-10-01,15,Arica y Parinacota,facturas_venta_interregional,unidades,46399.0,miles de unidades,conteo,total
2023-10-01,15,Arica y Parinacota,venta_interregional,pesos,46595893570.0,miles de millones de pesos,dinero,total
2023-10-01,15,Arica y Parinacota,venta_intrarregional,pesos,47806248695.0,miles de millones de pesos,dinero,total
2023-10-01,16,Ñuble,compra_interregional,pesos,217391394972.0,miles de millones de pesos,dinero,total
2023-10-01,16,Ñuble,compra_intrarregional,pesos,149389648126.0,miles de millones de pesos,dinero,total
2023-10-01,16,Ñuble,facturas_compra_interregional,unidades,352246.0,miles de unidades,conteo,total
2023-10-01,16,Ñuble,facturas_venta_interregional,unidades,216348.0,miles de unidades,conteo,total
2023-10-01,16,Ñuble,venta_interregional,pesos,201299022422.0,miles de millones de pesos,dinero,total
2023-10-01,16,Ñuble,venta_intrarregional,pesos,149389648126.0,miles de millones de pesos,dinero,total
2023-11-01,01,Tarapacá,compra_interregional,pesos,384060687223.0,miles de millones de pesos,dinero,total
2023-11-01,01,Tarapacá,compra_intrarregional,pesos,144817755535.0,miles de millones de pesos,dinero,total
2023-11-01,01,Tarapacá,facturas_compra_interregional,unidades,225125.0,miles de unidades,conteo,total
2023-11-01,01,Tarapacá,facturas_venta_interregional,unidades,89155.0,miles de unidades,conteo,total
2023-11-01,01,Tarapacá,venta_interregional,pesos,131831999924.0,miles de millones de pesos,dinero,total
2023-11-01,01,Tarapacá,venta_intrarregional,pesos,144817755535.0,miles de millones de pesos,dinero,total
2023-11-01,02,Antofagasta,compra_interregional,pesos,718703837818.7,miles de millones de pesos,dinero,total
2023-11-01,02,Antofagasta,compra_intrarregional,pesos,341936081143.0,miles de millones de pesos,dinero,total
2023-11-01,02,Antofagasta,facturas_compra_interregional,unidades,525750.0,miles de unidades,conteo,total
2023-11-01,02,Antofagasta,facturas_venta_interregional,unidades,219990.0,miles de unidades,conteo,total
2023-11-01,02,Antofagasta,venta_interregional,pesos,709085100627.0,miles de millones de pesos,dinero,total
2023-11-01,02,Antofagasta,venta_intrarregional,pesos,341936081143.0,miles de millones de pesos,dinero,total
2023-11-01,03,Atacama,compra_interregional,pesos,214668712126.0,miles de millones de pesos,dinero,total
2023-11-01,03,Atacama,compra_intrarregional,pesos,121145340877.0,miles de millones de pesos,dinero,total
2023-11-01,03,Atacama,facturas_compra_interregional,unidades,245607.0,miles de unidades,conteo,total
2023-11-01,03,Atacama,facturas_venta_interregional,unidades,86174.0,miles de unidades,conteo,total
2023-11-01,03,Atacama,venta_interregional,pesos,164435525755.0,miles de millones de pesos,dinero,total
2023-11-01,03,Atacama,venta_intrarregional,pesos,121145340877.0,miles de millones de pesos,dinero,total
2023-11-01,04,Coquimbo,compra_interregional,pesos,371924962674.75,miles de millones de pesos,dinero,total
2023-11-01,04,Coquimbo,compra_intrarregional,pesos,238137708108.0,miles de millones de pesos,dinero,total
2023-11-01,04,Coquimbo,facturas_compra_interregional,unidades,553498.0,miles de unidades,conteo,total
2023-11-01,04,Coquimbo,facturas_venta_interregional,unidades,215969.0,miles de unidades,conteo,total
2023-11-01,04,Coquimbo,venta_interregional,pesos,254887163462.0,miles de millones de pesos,dinero,total
2023-11-01,04,Coquimbo,venta_intrarregional,pesos,238137708108.0,miles de millones de pesos,dinero,total
2023-11-01,05,Valparaíso,compra_interregional,pesos,1003013977603.9,miles de millones de pesos,dinero,total
2023-11-01,05,Valparaíso,compra_intrarregional,pesos,646810310088.61,miles de millones de pesos,dinero,total
2023-11-01,05,Valparaíso,facturas_compra_interregional,unidades,1430546.0,miles de unidades,conteo,total
2023-11-01,05,Valparaíso,facturas_venta_interregional,unidades,726370.0,miles de unidades,conteo,total
2023-11-01,05,Valparaíso,venta_interregional,pesos,1575807163638.0,miles de millones de pesos,dinero,total
2023-11-01,05,Valparaíso,venta_intrarregional,pesos,646810310088.61,miles de millones de pesos,dinero,total
2023-11-01,06,O'Higgins,compra_interregional,pesos,724158973881.11,miles de millones de pesos,dinero,total
2023-11-01,06,O'Higgins,compra_intrarregional,pesos,467228992375.0,miles de millones de pesos,dinero,total
2023-11-01,06,O'Higgins,facturas_compra_interregional,unidades,808534.0,miles de unidades,conteo,total
2023-11-01,06,O'Higgins,facturas_venta_interregional,unidades,320319.0,miles de unidades,conteo,total
2023-11-01,06,O'Higgins,venta_interregional,pesos,513727874135.0,miles de millones de pesos,dinero,total
2023-11-01,06,O'Higgins,venta_intrarregional,pesos,467228992375.0,miles de millones de pesos,dinero,total
2023-11-01,07,Maule,compra_interregional,pesos,579101573551.5901,miles de millones de pesos,dinero,total
2023-11-01,07,Maule,compra_intrarregional,pesos,451145500743.0,miles de millones de pesos,dinero,total
2023-11-01,07,Maule,facturas_compra_interregional,unidades,786317.0,miles de unidades,conteo,total
2023-11-01,07,Maule,facturas_venta_interregional,unidades,529264.0,miles de unidades,conteo,total
2023-11-01,07,Maule,venta_interregional,pesos,481008035435.0,miles de millones de pesos,dinero,total
2023-11-01,07,Maule,venta_intrarregional,pesos,451145500743.0,miles de millones de pesos,dinero,total
2023-11-01,08,Biobío,compra_interregional,pesos,854954701264.5399,miles de millones de pesos,dinero,total
2023-11-01,08,Biobío,compra_intrarregional,pesos,730672416184.3301,miles de millones de pesos,dinero,total
2023-11-01,08,Biobío,facturas_compra_interregional,unidades,1176665.0,miles de unidades,conteo,total
2023-11-01,08,Biobío,facturas_venta_interregional,unidades,465194.0,miles de unidades,conteo,total
2023-11-01,08,Biobío,venta_interregional,pesos,907350664206.25,miles de millones de pesos,dinero,total
2023-11-01,08,Biobío,venta_intrarregional,pesos,730672416184.3301,miles de millones de pesos,dinero,total
2023-11-01,09,La Araucanía,compra_interregional,pesos,391010464703.0,miles de millones de pesos,dinero,total
2023-11-01,09,La Araucanía,compra_intrarregional,pesos,348317247029.0,miles de millones de pesos,dinero,total
2023-11-01,09,La Araucanía,facturas_compra_interregional,unidades,689585.0,miles de unidades,conteo,total
2023-11-01,09,La Araucanía,facturas_venta_interregional,unidades,312917.0,miles de unidades,conteo,total
2023-11-01,09,La Araucanía,venta_interregional,pesos,321945057838.0,miles de millones de pesos,dinero,total
2023-11-01,09,La Araucanía,venta_intrarregional,pesos,348317247029.0,miles de millones de pesos,dinero,total
2023-11-01,10,Los Lagos,compra_interregional,pesos,792432647956.06,miles de millones de pesos,dinero,total
2023-11-01,10,Los Lagos,compra_intrarregional,pesos,825928333593.0,miles de millones de pesos,dinero,total
2023-11-01,10,Los Lagos,facturas_compra_interregional,unidades,722959.0,miles de unidades,conteo,total
2023-11-01,10,Los Lagos,facturas_venta_interregional,unidades,377748.0,miles de unidades,conteo,total
2023-11-01,10,Los Lagos,venta_interregional,pesos,442212830178.0,miles de millones de pesos,dinero,total
2023-11-01,10,Los Lagos,venta_intrarregional,pesos,825928333593.0,miles de millones de pesos,dinero,total
2023-11-01,11,Aysén,compra_interregional,pesos,43020603007.799995,miles de millones de pesos,dinero,total
2023-11-01,11,Aysén,compra_intrarregional,pesos,43154059472.0,miles de millones de pesos,dinero,total
2023-11-01,11,Aysén,facturas_compra_interregional,unidades,105292.0,miles de unidades,conteo,total
2023-11-01,11,Aysén,facturas_venta_interregional,unidades,30069.0,miles de unidades,conteo,total
2023-11-01,11,Aysén,venta_interregional,pesos,27912654869.0,miles de millones de pesos,dinero,total
2023-11-01,11,Aysén,venta_intrarregional,pesos,43154059472.0,miles de millones de pesos,dinero,total
2023-11-01,12,Magallanes,compra_interregional,pesos,126006582366.0,miles de millones de pesos,dinero,total
2023-11-01,12,Magallanes,compra_intrarregional,pesos,107299601292.0,miles de millones de pesos,dinero,total
2023-11-01,12,Magallanes,facturas_compra_interregional,unidades,143263.0,miles de unidades,conteo,total
2023-11-01,12,Magallanes,facturas_venta_interregional,unidades,39293.0,miles de unidades,conteo,total
2023-11-01,12,Magallanes,venta_interregional,pesos,80659133590.0,miles de millones de pesos,dinero,total
2023-11-01,12,Magallanes,venta_intrarregional,pesos,107299601292.0,miles de millones de pesos,dinero,total
2023-11-01,13,Metropolitana de Santiago,compra_interregional,pesos,5034624061877.7,miles de millones de pesos,dinero,total
2023-11-01,13,Metropolitana de Santiago,compra_intrarregional,pesos,18396380497907.0,miles de millones de pesos,dinero,total
2023-11-01,13,Metropolitana de Santiago,facturas_compra_interregional,unidades,2704697.0,miles de unidades,conteo,total
2023-11-01,13,Metropolitana de Santiago,facturas_venta_interregional,unidades,7130874.0,miles de unidades,conteo,total
2023-11-01,13,Metropolitana de Santiago,venta_interregional,pesos,5763309700099.8,miles de millones de pesos,dinero,total
2023-11-01,13,Metropolitana de Santiago,venta_intrarregional,pesos,18396380497907.0,miles de millones de pesos,dinero,total
2023-11-01,14,Los Ríos,compra_interregional,pesos,246945531310.0,miles de millones de pesos,dinero,total
2023-11-01,14,Los Ríos,compra_intrarregional,pesos,128209788190.00002,miles de millones de pesos,dinero,total
2023-11-01,14,Los Ríos,facturas_compra_interregional,unidades,376652.0,miles de unidades,conteo,total
2023-11-01,14,Los Ríos,facturas_venta_interregional,unidades,159774.0,miles de unidades,conteo,total
2023-11-01,14,Los Ríos,venta_interregional,pesos,180344802522.0,miles de millones de pesos,dinero,total
2023-11-01,14,Los Ríos,venta_intrarregional,pesos,128209788190.00002,miles de millones de pesos,dinero,total
2023-11-01,15,Arica y Parinacota,compra_interregional,pesos,99181864536.111,miles de millones de pesos,dinero,total
2023-11-01,15,Arica y Parinacota,compra_intrarregional,pesos,49034775033.0,miles de millones de pesos,dinero,total
2023-11-01,15,Arica y Parinacota,facturas_compra_interregional,unidades,129374.0,miles de unidades,conteo,total
2023-11-01,15,Arica y Parinacota,facturas_venta_interregional,unidades,46429.0,miles de unidades,conteo,total
2023-11-01,15,Arica y Parinacota,venta_interregional,pesos,46489426693.0,miles de millones de pesos,dinero,total
2023-11-01,15,Arica y Parinacota,venta_intrarregional,pesos,49034775033.0,miles de millones de pesos,dinero,total
2023-11-01,16,Ñuble,compra_interregional,pesos,224777649326.75,miles de millones de pesos,dinero,total
2023-11-01,16,Ñuble,compra_intrarregional,pesos,154550524544.0,miles de millones de pesos,dinero,total
2023-11-01,16,Ñuble,facturas_compra_interregional,unidades,351458.0,miles de unidades,conteo,total
2023-11-01,16,Ñuble,facturas_venta_interregional,unidades,225783.0,miles de unidades,conteo,total
2023-11-01,16,Ñuble,venta_interregional,pesos,207579698255.0,miles de millones de pesos,dinero,total
2023-11-01,16,Ñuble,venta_intrarregional,pesos,154550524544.0,miles de millones de pesos,dinero,total
2023-12-01,01,Tarapacá,compra_interregional,pesos,436903219511.0,miles de millones de pesos,dinero,total
2023-12-01,01,Tarapacá,compra_intrarregional,pesos,152795088312.0,miles de millones de pesos,dinero,total
2023-12-01,01,Tarapacá,facturas_compra_interregional,unidades,213186.0,miles de unidades,conteo,total
2023-12-01,01,Tarapacá,facturas_venta_interregional,unidades,85506.0,miles de unidades,conteo,total
2023-12-01,01,Tarapacá,venta_interregional,pesos,165643465070.0,miles de millones de pesos,dinero,total
2023-12-01,01,Tarapacá,venta_intrarregional,pesos,152795088312.0,miles de millones de pesos,dinero,total
2023-12-01,02,Antofagasta,compra_interregional,pesos,903555379011.5,miles de millones de pesos,dinero,total
2023-12-01,02,Antofagasta,compra_intrarregional,pesos,359673250834.0,miles de millones de pesos,dinero,total
2023-12-01,02,Antofagasta,facturas_compra_interregional,unidades,492418.0,miles de unidades,conteo,total
2023-12-01,02,Antofagasta,facturas_venta_interregional,unidades,205476.0,miles de unidades,conteo,total
2023-12-01,02,Antofagasta,venta_interregional,pesos,853673256395.0,miles de millones de pesos,dinero,total
2023-12-01,02,Antofagasta,venta_intrarregional,pesos,359673250834.0,miles de millones de pesos,dinero,total
2023-12-01,03,Atacama,compra_interregional,pesos,228752316998.0,miles de millones de pesos,dinero,total
2023-12-01,03,Atacama,compra_intrarregional,pesos,132987345932.00002,miles de millones de pesos,dinero,total
2023-12-01,03,Atacama,facturas_compra_interregional,unidades,234827.0,miles de unidades,conteo,total
2023-12-01,03,Atacama,facturas_venta_interregional,unidades,83722.0,miles de unidades,conteo,total
2023-12-01,03,Atacama,venta_interregional,pesos,169737163460.0,miles de millones de pesos,dinero,total
2023-12-01,03,Atacama,venta_intrarregional,pesos,132987345932.00002,miles de millones de pesos,dinero,total
2023-12-01,04,Coquimbo,compra_interregional,pesos,412351924305.5,miles de millones de pesos,dinero,total
2023-12-01,04,Coquimbo,compra_intrarregional,pesos,264884697634.00003,miles de millones de pesos,dinero,total
2023-12-01,04,Coquimbo,facturas_compra_interregional,unidades,550080.0,miles de unidades,conteo,total
2023-12-01,04,Coquimbo,facturas_venta_interregional,unidades,207398.0,miles de unidades,conteo,total
2023-12-01,04,Coquimbo,venta_interregional,pesos,262768960801.99997,miles de millones de pesos,dinero,total
2023-12-01,04,Coquimbo,venta_intrarregional,pesos,264884697634.00003,miles de millones de pesos,dinero,total
2023-12-01,05,Valparaíso,compra_interregional,pesos,1130029878892.0,miles de millones de pesos,dinero,total
2023-12-01,05,Valparaíso,compra_intrarregional,pesos,781805963816.28,miles de millones de pesos,dinero,total
2023-12-01,05,Valparaíso,facturas_compra_interregional,unidades,1382511.0,miles de unidades,conteo,total
2023-12-01,05,Valparaíso,facturas_venta_interregional,unidades,719823.0,miles de unidades,conteo,total
2023-12-01,05,Valparaíso,venta_interregional,pesos,1693065014470.0,miles de millones de pesos,dinero,total
2023-12-01,05,Valparaíso,venta_intrarregional,pesos,781805963816.28,miles de millones de pesos,dinero,total
2023-12-01,06,O'Higgins,compra_interregional,pesos,835893448191.2699,miles de millones de pesos,dinero,total
2023-12-01,06,O'Higgins,compra_intrarregional,pesos,633800056868.0,miles de millones de pesos,dinero,total
2023-12-01,06,O'Higgins,facturas_compra_interregional,unidades,791370.0,miles de unidades,conteo,total
2023-12-01,06,O'Higgins,facturas_venta_interregional,unidades,315801.0,miles de unidades,conteo,total
2023-12-01,06,O'Higgins,venta_interregional,pesos,673046239416.0,miles de millones de pesos,dinero,total
2023-12-01,06,O'Higgins,venta_intrarregional,pesos,633800056868.0,miles de millones de pesos,dinero,total
2023-12-01,07,Maule,compra_interregional,pesos,650922641848.6799,miles de millones de pesos,dinero,total
2023-12-01,07,Maule,compra_intrarregional,pesos,702825246074.0,miles de millones de pesos,dinero,total
2023-12-01,07,Maule,facturas_compra_interregional,unidades,754140.0,miles de unidades,conteo,total
2023-12-01,07,Maule,facturas_venta_interregional,unidades,526849.0,miles de unidades,conteo,total
2023-12-01,07,Maule,venta_interregional,pesos,615076792918.0,miles de millones de pesos,dinero,total
2023-12-01,07,Maule,venta_intrarregional,pesos,702825246074.0,miles de millones de pesos,dinero,total
2023-12-01,08,Biobío,compra_interregional,pesos,930418289051.94,miles de millones de pesos,dinero,total
2023-12-01,08,Biobío,compra_intrarregional,pesos,813985288955.66,miles de millones de pesos,dinero,total
2023-12-01,08,Biobío,facturas_compra_interregional,unidades,1116674.0,miles de unidades,conteo,total
2023-12-01,08,Biobío,facturas_venta_interregional,unidades,455106.0,miles de unidades,conteo,total
2023-12-01,08,Biobío,venta_interregional,pesos,1028806500329.2999,miles de millones de pesos,dinero,total
2023-12-01,08,Biobío,venta_intrarregional,pesos,813985288955.66,miles de millones de pesos,dinero,total
2023-12-01,09,La Araucanía,compra_interregional,pesos,422269219596.0,miles de millones de pesos,dinero,total
2023-12-01,09,La Araucanía,compra_intrarregional,pesos,443245320010.0,miles de millones de pesos,dinero,total
2023-12-01,09,La Araucanía,facturas_compra_interregional,unidades,674727.0,miles de unidades,conteo,total
2023-12-01,09,La Araucanía,facturas_venta_interregional,unidades,306188.0,miles de unidades,conteo,total
2023-12-01,09,La Araucanía,venta_interregional,pesos,353976255360.0,miles de millones de pesos,dinero,total
2023-12-01,09,La Araucanía,venta_intrarregional,pesos,443245320010.0,miles de millones de pesos,dinero,total
2023-12-01,10,Los Lagos,compra_interregional,pesos,842654632953.4,miles de millones de pesos,dinero,total
2023-12-01,10,Los Lagos,compra_intrarregional,pesos,908962214294.0,miles de millones de pesos,dinero,total
2023-12-01,10,Los Lagos,facturas_compra_interregional,unidades,694521.0,miles de unidades,conteo,total
2023-12-01,10,Los Lagos,facturas_venta_interregional,unidades,373112.0,miles de unidades,conteo,total
2023-12-01,10,Los Lagos,venta_interregional,pesos,475672288578.0,miles de millones de pesos,dinero,total
2023-12-01,10,Los Lagos,venta_intrarregional,pesos,908962214294.0,miles de millones de pesos,dinero,total
2023-12-01,11,Aysén,compra_interregional,pesos,53746603758.0,miles de millones de pesos,dinero,total
2023-12-01,11,Aysén,compra_intrarregional,pesos,45489668000.0,miles de millones de pesos,dinero,total
2023-12-01,11,Aysén,facturas_compra_interregional,unidades,103147.0,miles de unidades,conteo,total
2023-12-01,11,Aysén,facturas_venta_interregional,unidades,30707.0,miles de unidades,conteo,total
2023-12-01,11,Aysén,venta_interregional,pesos,32407490296.0,miles de millones de pesos,dinero,total
2023-12-01,11,Aysén,venta_intrarregional,pesos,45489668000.0,miles de millones de pesos,dinero,total
2023-12-01,12,Magallanes,compra_interregional,pesos,153497033119.0,miles de millones de pesos,dinero,total
2023-12-01,12,Magallanes,compra_intrarregional,pesos,116505024779.0,miles de millones de pesos,dinero,total
2023-12-01,12,Magallanes,facturas_compra_interregional,unidades,139506.0,miles de unidades,conteo,total
2023-12-01,12,Magallanes,facturas_venta_interregional,unidades,37930.0,miles de unidades,conteo,total
2023-12-01,12,Magallanes,venta_interregional,pesos,102267592960.0,miles de millones de pesos,dinero,total
2023-12-01,12,Magallanes,venta_intrarregional,pesos,116505024779.0,miles de millones de pesos,dinero,total
2023-12-01,13,Metropolitana de Santiago,compra_interregional,pesos,5865750125815.5,miles de millones de pesos,dinero,total
2023-12-01,13,Metropolitana de Santiago,compra_intrarregional,pesos,21056263782627.0,miles de millones de pesos,dinero,total
2023-12-01,13,Metropolitana de Santiago,facturas_compra_interregional,unidades,2637059.0,miles de unidades,conteo,total
2023-12-01,13,Metropolitana de Santiago,facturas_venta_interregional,unidades,6853950.0,miles de unidades,conteo,total
2023-12-01,13,Metropolitana de Santiago,venta_interregional,pesos,6611083550397.101,miles de millones de pesos,dinero,total
2023-12-01,13,Metropolitana de Santiago,venta_intrarregional,pesos,21056263782627.0,miles de millones de pesos,dinero,total
2023-12-01,14,Los Ríos,compra_interregional,pesos,268869874919.60004,miles de millones de pesos,dinero,total
2023-12-01,14,Los Ríos,compra_intrarregional,pesos,139552223927.0,miles de millones de pesos,dinero,total
2023-12-01,14,Los Ríos,facturas_compra_interregional,unidades,372472.0,miles de unidades,conteo,total
2023-12-01,14,Los Ríos,facturas_venta_interregional,unidades,157401.0,miles de unidades,conteo,total
2023-12-01,14,Los Ríos,venta_interregional,pesos,201617551284.0,miles de millones de pesos,dinero,total
2023-12-01,14,Los Ríos,venta_intrarregional,pesos,139552223927.0,miles de millones de pesos,dinero,total
2023-12-01,15,Arica y Parinacota,compra_interregional,pesos,112552661587.0,miles de millones de pesos,dinero,total
2023-12-01,15,Arica y Parinacota,compra_intrarregional,pesos,57328365048.0,miles de millones de pesos,dinero,total
2023-12-01,15,Arica y Parinacota,facturas_compra_interregional,unidades,126779.0,miles de unidades,conteo,total
2023-12-01,15,Arica y Parinacota,facturas_venta_interregional,unidades,43204.0,miles de unidades,conteo,total
2023-12-01,15,Arica y Parinacota,venta_interregional,pesos,44390915506.0,miles de millones de pesos,dinero,total
2023-12-01,15,Arica y Parinacota,venta_intrarregional,pesos,57328365048.0,miles de millones de pesos,dinero,total
2023-12-01,16,Ñuble,compra_interregional,pesos,261747158424.00003,miles de millones de pesos,dinero,total
2023-12-01,16,Ñuble,compra_intrarregional,pesos,180161517537.0,miles de millones de pesos,dinero,total
2023-12-01,16,Ñuble,facturas_compra_interregional,unidades,342542.0,miles de unidades,conteo,total
2023-12-01,16,Ñuble,facturas_venta_interregional,unidades,223786.0,miles de unidades,conteo,total
2023-12-01,16,Ñuble,venta_interregional,pesos,226681370741.0,miles de millones de pesos,dinero,total
2023-12-01,16,Ñuble,venta_intrarregional,pesos,180161517537.0,miles de millones de pesos,dinero,total
2024-01-01,01,Tarapacá,compra_interregional,pesos,374350647147.0,miles de millones de pesos,dinero,total
2024-01-01,01,Tarapacá,compra_intrarregional,pesos,132141749143.99998,miles de millones de pesos,dinero,total
2024-01-01,01,Tarapacá,facturas_compra_interregional,unidades,219421.0,miles de unidades,conteo,total
2024-01-01,01,Tarapacá,facturas_venta_interregional,unidades,84401.0,miles de unidades,conteo,total
2024-01-01,01,Tarapacá,venta_interregional,pesos,129045854882.42,miles de millones de pesos,dinero,total
2024-01-01,01,Tarapacá,venta_intrarregional,pesos,132141749143.99998,miles de millones de pesos,dinero,total
2024-01-01,02,Antofagasta,compra_interregional,pesos,676794165862.47,miles de millones de pesos,dinero,total
2024-01-01,02,Antofagasta,compra_intrarregional,pesos,301664257792.0,miles de millones de pesos,dinero,total
2024-01-01,02,Antofagasta,facturas_compra_interregional,unidades,503264.0,miles de unidades,conteo,total
2024-01-01,02,Antofagasta,facturas_venta_interregional,unidades,210692.0,miles de unidades,conteo,total
2024-01-01,02,Antofagasta,venta_interregional,pesos,708595861249.71,miles de millones de pesos,dinero,total
2024-01-01,02,Antofagasta,venta_intrarregional,pesos,301664257792.0,miles de millones de pesos,dinero,total
2024-01-01,03,Atacama,compra_interregional,pesos,189834232556.85,miles de millones de pesos,dinero,total
2024-01-01,03,Atacama,compra_intrarregional,pesos,111716510568.0,miles de millones de pesos,dinero,total
2024-01-01,03,Atacama,facturas_compra_interregional,unidades,237227.0,miles de unidades,conteo,total
2024-01-01,03,Atacama,facturas_venta_interregional,unidades,85733.0,miles de unidades,conteo,total
2024-01-01,03,Atacama,venta_interregional,pesos,155086910457.0,miles de millones de pesos,dinero,total
2024-01-01,03,Atacama,venta_intrarregional,pesos,111716510568.0,miles de millones de pesos,dinero,total
2024-01-01,04,Coquimbo,compra_interregional,pesos,381273699300.84,miles de millones de pesos,dinero,total
2024-01-01,04,Coquimbo,compra_intrarregional,pesos,220723197726.0,miles de millones de pesos,dinero,total
2024-01-01,04,Coquimbo,facturas_compra_interregional,unidades,572002.0,miles de unidades,conteo,total
2024-01-01,04,Coquimbo,facturas_venta_interregional,unidades,216144.0,miles de unidades,conteo,total
2024-01-01,04,Coquimbo,venta_interregional,pesos,242698884725.14,miles de millones de pesos,dinero,total
2024-01-01,04,Coquimbo,venta_intrarregional,pesos,220723197726.0,miles de millones de pesos,dinero,total
2024-01-01,05,Valparaíso,compra_interregional,pesos,960674127234.66,miles de millones de pesos,dinero,total
2024-01-01,05,Valparaíso,compra_intrarregional,pesos,661415871674.5,miles de millones de pesos,dinero,total
2024-01-01,05,Valparaíso,facturas_compra_interregional,unidades,1456360.0,miles de unidades,conteo,total
2024-01-01,05,Valparaíso,facturas_venta_interregional,unidades,748008.0,miles de unidades,conteo,total
2024-01-01,05,Valparaíso,venta_interregional,pesos,1669428217820.0,miles de millones de pesos,dinero,total
2024-01-01,05,Valparaíso,venta_intrarregional,pesos,661415871674.5,miles de millones de pesos,dinero,total
2024-01-01,06,O'Higgins,compra_interregional,pesos,730043515403.6001,miles de millones de pesos,dinero,total
2024-01-01,06,O'Higgins,compra_intrarregional,pesos,523821892154.0,miles de millones de pesos,dinero,total
2024-01-01,06,O'Higgins,facturas_compra_interregional,unidades,822951.0,miles de unidades,conteo,total
2024-01-01,06,O'Higgins,facturas_venta_interregional,unidades,321223.0,miles de unidades,conteo,total
2024-01-01,06,O'Higgins,venta_interregional,pesos,589584566296.0,miles de millones de pesos,dinero,total
2024-01-01,06,O'Higgins,venta_intrarregional,pesos,523821892154.0,miles de millones de pesos,dinero,total
2024-01-01,07,Maule,compra_interregional,pesos,597827749137.14,miles de millones de pesos,dinero,total
2024-01-01,07,Maule,compra_intrarregional,pesos,511379967140.5,miles de millones de pesos,dinero,total
2024-01-01,07,Maule,facturas_compra_interregional,unidades,778222.0,miles de unidades,conteo,total
2024-01-01,07,Maule,facturas_venta_interregional,unidades,537307.0,miles de unidades,conteo,total
2024-01-01,07,Maule,venta_interregional,pesos,526237384797.0,miles de millones de pesos,dinero,total
2024-01-01,07,Maule,venta_intrarregional,pesos,511379967140.5,miles de millones de pesos,dinero,total
2024-01-01,08,Biobío,compra_interregional,pesos,817078398609.8,miles de millones de pesos,dinero,total
2024-01-01,08,Biobío,compra_intrarregional,pesos,689302547670.66,miles de millones de pesos,dinero,total
2024-01-01,08,Biobío,facturas_compra_interregional,unidades,1149800.0,miles de unidades,conteo,total
2024-01-01,08,Biobío,facturas_venta_interregional,unidades,463783.0,miles de unidades,conteo,total
2024-01-01,08,Biobío,venta_interregional,pesos,888685014636.8,miles de millones de pesos,dinero,total
2024-01-01,08,Biobío,venta_intrarregional,pesos,689302547670.66,miles de millones de pesos,dinero,total
2024-01-01,09,La Araucanía,compra_interregional,pesos,406465619419.38,miles de millones de pesos,dinero,total
2024-01-01,09,La Araucanía,compra_intrarregional,pesos,346435502479.0,miles de millones de pesos,dinero,total
2024-01-01,09,La Araucanía,facturas_compra_interregional,unidades,708679.0,miles de unidades,conteo,total
2024-01-01,09,La Araucanía,facturas_venta_interregional,unidades,339320.0,miles de unidades,conteo,total
2024-01-01,09,La Araucanía,venta_interregional,pesos,319287659557.42,miles de millones de pesos,dinero,total
2024-01-01,09,La Araucanía,venta_intrarregional,pesos,346435502479.0,miles de millones de pesos,dinero,total
2024-01-01,10,Los Lagos,compra_interregional,pesos,791154837951.85,miles de millones de pesos,dinero,total
2024-01-01,10,Los Lagos,compra_intrarregional,pesos,803370117898.0,miles de millones de pesos,dinero,total
2024-01-01,10,Los Lagos,facturas_compra_interregional,unidades,731620.0,miles de unidades,conteo,total
2024-01-01,10,Los Lagos,facturas_venta_interregional,unidades,395351.0,miles de unidades,conteo,total
2024-01-01,10,Los Lagos,venta_interregional,pesos,427664464003.13995,miles de millones de pesos,dinero,total
2024-01-01,10,Los Lagos,venta_intrarregional,pesos,803370117898.0,miles de millones de pesos,dinero,total
2024-01-01,11,Aysén,compra_interregional,pesos,40237876301.033,miles de millones de pesos,dinero,total
2024-01-01,11,Aysén,compra_intrarregional,pesos,35595452173.0,miles de millones de pesos,dinero,total
2024-01-01,11,Aysén,facturas_compra_interregional,unidades,106085.0,miles de unidades,conteo,total
2024-01-01,11,Aysén,facturas_venta_interregional,unidades,31039.0,miles de unidades,conteo,total
2024-01-01,11,Aysén,venta_interregional,pesos,27029812284.0,miles de millones de pesos,dinero,total
2024-01-01,11,Aysén,venta_intrarregional,pesos,35595452173.0,miles de millones de pesos,dinero,total
2024-01-01,12,Magallanes,compra_interregional,pesos,113218069070.97,miles de millones de pesos,dinero,total
2024-01-01,12,Magallanes,compra_intrarregional,pesos,94739306494.0,miles de millones de pesos,dinero,total
2024-01-01,12,Magallanes,facturas_compra_interregional,unidades,139427.0,miles de unidades,conteo,total
2024-01-01,12,Magallanes,facturas_venta_interregional,unidades,38106.0,miles de unidades,conteo,total
2024-01-01,12,Magallanes,venta_interregional,pesos,75765046564.0,miles de millones de pesos,dinero,total
2024-01-01,12,Magallanes,venta_intrarregional,pesos,94739306494.0,miles de millones de pesos,dinero,total
2024-01-01,13,Metropolitana de Santiago,compra_interregional,pesos,5033156469614.101,miles de millones de pesos,dinero,total
2024-01-01,13,Metropolitana de Santiago,compra_intrarregional,pesos,17580019814513.002,miles de millones de pesos,dinero,total
2024-01-01,13,Metropolitana de Santiago,facturas_compra_interregional,unidades,2691207.0,miles de unidades,conteo,total
2024-01-01,13,Metropolitana de Santiago,facturas_venta_interregional,unidades,7117303.0,miles de unidades,conteo,total
2024-01-01,13,Metropolitana de Santiago,venta_interregional,pesos,5491203062190.301,miles de millones de pesos,dinero,total
2024-01-01,13,Metropolitana de Santiago,venta_intrarregional,pesos,17580019814513.002,miles de millones de pesos,dinero,total
2024-01-01,14,Los Ríos,compra_interregional,pesos,236316691572.33,miles de millones de pesos,dinero,total
2024-01-01,14,Los Ríos,compra_intrarregional,pesos,122415748220.0,miles de millones de pesos,dinero,total
2024-01-01,14,Los Ríos,facturas_compra_interregional,unidades,397561.0,miles de unidades,conteo,total
2024-01-01,14,Los Ríos,facturas_venta_interregional,unidades,160736.0,miles de unidades,conteo,total
2024-01-01,14,Los Ríos,venta_interregional,pesos,173927031269.0,miles de millones de pesos,dinero,total
2024-01-01,14,Los Ríos,venta_intrarregional,pesos,122415748220.0,miles de millones de pesos,dinero,total
2024-01-01,15,Arica y Parinacota,compra_interregional,pesos,97103835467.0,miles de millones de pesos,dinero,total
2024-01-01,15,Arica y Parinacota,compra_intrarregional,pesos,39794800813.0,miles de millones de pesos,dinero,total
2024-01-01,15,Arica y Parinacota,facturas_compra_interregional,unidades,128568.99999999999,miles de unidades,conteo,total
2024-01-01,15,Arica y Parinacota,facturas_venta_interregional,unidades,41404.0,miles de unidades,conteo,total
2024-01-01,15,Arica y Parinacota,venta_interregional,pesos,35418999656.0,miles de millones de pesos,dinero,total
2024-01-01,15,Arica y Parinacota,venta_intrarregional,pesos,39794800813.0,miles de millones de pesos,dinero,total
2024-01-01,16,Ñuble,compra_interregional,pesos,225519428934.83,miles de millones de pesos,dinero,total
2024-01-01,16,Ñuble,compra_intrarregional,pesos,168431960454.0,miles de millones de pesos,dinero,total
2024-01-01,16,Ñuble,facturas_compra_interregional,unidades,354532.0,miles de unidades,conteo,total
2024-01-01,16,Ñuble,facturas_venta_interregional,unidades,206377.0,miles de unidades,conteo,total
2024-01-01,16,Ñuble,venta_interregional,pesos,211390593196.0,miles de millones de pesos,dinero,total
2024-01-01,16,Ñuble,venta_intrarregional,pesos,168431960454.0,miles de millones de pesos,dinero,total
2024-02-01,01,Tarapacá,compra_interregional,pesos,333206556252.0,miles de millones de pesos,dinero,total
2024-02-01,01,Tarapacá,compra_intrarregional,pesos,120274323024.0,miles de millones de pesos,dinero,total
2024-02-01,01,Tarapacá,facturas_compra_interregional,unidades,211201.0,miles de unidades,conteo,total
2024-02-01,01,Tarapacá,facturas_venta_interregional,unidades,81457.0,miles de unidades,conteo,total
2024-02-01,01,Tarapacá,venta_interregional,pesos,128454584372.14,miles de millones de pesos,dinero,total
2024-02-01,01,Tarapacá,venta_intrarregional,pesos,120274323024.0,miles de millones de pesos,dinero,total
2024-02-01,02,Antofagasta,compra_interregional,pesos,648671635245.88,miles de millones de pesos,dinero,total
2024-02-01,02,Antofagasta,compra_intrarregional,pesos,311720068964.0,miles de millones de pesos,dinero,total
2024-02-01,02,Antofagasta,facturas_compra_interregional,unidades,486887.0,miles de unidades,conteo,total
2024-02-01,02,Antofagasta,facturas_venta_interregional,unidades,200859.0,miles de unidades,conteo,total
2024-02-01,02,Antofagasta,venta_interregional,pesos,696057053901.5701,miles de millones de pesos,dinero,total
2024-02-01,02,Antofagasta,venta_intrarregional,pesos,311720068964.0,miles de millones de pesos,dinero,total
2024-02-01,03,Atacama,compra_interregional,pesos,199922743516.75,miles de millones de pesos,dinero,total
2024-02-01,03,Atacama,compra_intrarregional,pesos,93824496461.0,miles de millones de pesos,dinero,total
2024-02-01,03,Atacama,facturas_compra_interregional,unidades,227090.0,miles de unidades,conteo,total
2024-02-01,03,Atacama,facturas_venta_interregional,unidades,82084.0,miles de unidades,conteo,total
2024-02-01,03,Atacama,venta_interregional,pesos,178932726199.0,miles de millones de pesos,dinero,total
2024-02-01,03,Atacama,venta_intrarregional,pesos,93824496461.0,miles de millones de pesos,dinero,total
2024-02-01,04,Coquimbo,compra_interregional,pesos,379841857767.01996,miles de millones de pesos,dinero,total
2024-02-01,04,Coquimbo,compra_intrarregional,pesos,240851917154.0,miles de millones de pesos,dinero,total
2024-02-01,04,Coquimbo,facturas_compra_interregional,unidades,560894.0,miles de unidades,conteo,total
2024-02-01,04,Coquimbo,facturas_venta_interregional,unidades,209240.0,miles de unidades,conteo,total
2024-02-01,04,Coquimbo,venta_interregional,pesos,244789376273.42,miles de millones de pesos,dinero,total
2024-02-01,04,Coquimbo,venta_intrarregional,pesos,240851917154.0,miles de millones de pesos,dinero,total
2024-02-01,05,Valparaíso,compra_interregional,pesos,950274842450.6901,miles de millones de pesos,dinero,total
2024-02-01,05,Valparaíso,compra_intrarregional,pesos,683316594437.83,miles de millones de pesos,dinero,total
2024-02-01,05,Valparaíso,facturas_compra_interregional,unidades,1401639.0,miles de unidades,conteo,total
2024-02-01,05,Valparaíso,facturas_venta_interregional,unidades,691864.0,miles de unidades,conteo,total
2024-02-01,05,Valparaíso,venta_interregional,pesos,1649185966626.0,miles de millones de pesos,dinero,total
2024-02-01,05,Valparaíso,venta_intrarregional,pesos,683316594437.83,miles de millones de pesos,dinero,total
2024-02-01,06,O'Higgins,compra_interregional,pesos,710350568834.3301,miles de millones de pesos,dinero,total
2024-02-01,06,O'Higgins,compra_intrarregional,pesos,520727092459.0,miles de millones de pesos,dinero,total
2024-02-01,06,O'Higgins,facturas_compra_interregional,unidades,793644.0,miles de unidades,conteo,total
2024-02-01,06,O'Higgins,facturas_venta_interregional,unidades,300987.0,miles de unidades,conteo,total
2024-02-01,06,O'Higgins,venta_interregional,pesos,533710644160.0,miles de millones de pesos,dinero,total
2024-02-01,06,O'Higgins,venta_intrarregional,pesos,520727092459.0,miles de millones de pesos,dinero,total
2024-02-01,07,Maule,compra_interregional,pesos,568755939835.1901,miles de millones de pesos,dinero,total
2024-02-01,07,Maule,compra_intrarregional,pesos,426633002509.0,miles de millones de pesos,dinero,total
2024-02-01,07,Maule,facturas_compra_interregional,unidades,740100.0,miles de unidades,conteo,total
2024-02-01,07,Maule,facturas_venta_interregional,unidades,514609.00000000006,miles de unidades,conteo,total
2024-02-01,07,Maule,venta_interregional,pesos,495231256285.63995,miles de millones de pesos,dinero,total
2024-02-01,07,Maule,venta_intrarregional,pesos,426633002509.0,miles de millones de pesos,dinero,total
2024-02-01,08,Biobío,compra_interregional,pesos,817779975980.23,miles de millones de pesos,dinero,total
2024-02-01,08,Biobío,compra_intrarregional,pesos,669715498660.29,miles de millones de pesos,dinero,total
2024-02-01,08,Biobío,facturas_compra_interregional,unidades,1104446.0,miles de unidades,conteo,total
2024-02-01,08,Biobío,facturas_venta_interregional,unidades,440903.0,miles de unidades,conteo,total
2024-02-01,08,Biobío,venta_interregional,pesos,897263356832.3201,miles de millones de pesos,dinero,total
2024-02-01,08,Biobío,venta_intrarregional,pesos,669715498660.29,miles de millones de pesos,dinero,total
2024-02-01,09,La Araucanía,compra_interregional,pesos,415941329965.36,miles de millones de pesos,dinero,total
2024-02-01,09,La Araucanía,compra_intrarregional,pesos,391512193610.0,miles de millones de pesos,dinero,total
2024-02-01,09,La Araucanía,facturas_compra_interregional,unidades,681319.0,miles de unidades,conteo,total
2024-02-01,09,La Araucanía,facturas_venta_interregional,unidades,330425.0,miles de unidades,conteo,total
2024-02-01,09,La Araucanía,venta_interregional,pesos,344642500511.71,miles de millones de pesos,dinero,total
2024-02-01,09,La Araucanía,venta_intrarregional,pesos,391512193610.0,miles de millones de pesos,dinero,total
2024-02-01,10,Los Lagos,compra_interregional,pesos,791435899112.0,miles de millones de pesos,dinero,total
2024-02-01,10,Los Lagos,compra_intrarregional,pesos,797394735214.0,miles de millones de pesos,dinero,total
2024-02-01,10,Los Lagos,facturas_compra_interregional,unidades,711888.0,miles de unidades,conteo,total
2024-02-01,10,Los Lagos,facturas_venta_interregional,unidades,384547.0,miles de unidades,conteo,total
2024-02-01,10,Los Lagos,venta_interregional,pesos,426827220222.28,miles de millones de pesos,dinero,total
2024-02-01,10,Los Lagos,venta_intrarregional,pesos,797394735214.0,miles de millones de pesos,dinero,total
2024-02-01,11,Aysén,compra_interregional,pesos,41285826313.0,miles de millones de pesos,dinero,total
2024-02-01,11,Aysén,compra_intrarregional,pesos,41423447838.0,miles de millones de pesos,dinero,total
2024-02-01,11,Aysén,facturas_compra_interregional,unidades,102267.0,miles de unidades,conteo,total
2024-02-01,11,Aysén,facturas_venta_interregional,unidades,30126.0,miles de unidades,conteo,total
2024-02-01,11,Aysén,venta_interregional,pesos,29335175971.0,miles de millones de pesos,dinero,total
2024-02-01,11,Aysén,venta_intrarregional,pesos,41423447838.0,miles de millones de pesos,dinero,total
2024-02-01,12,Magallanes,compra_interregional,pesos,126581046502.0,miles de millones de pesos,dinero,total
2024-02-01,12,Magallanes,compra_intrarregional,pesos,98668745316.0,miles de millones de pesos,dinero,total
2024-02-01,12,Magallanes,facturas_compra_interregional,unidades,134267.0,miles de unidades,conteo,total
2024-02-01,12,Magallanes,facturas_venta_interregional,unidades,36456.0,miles de unidades,conteo,total
2024-02-01,12,Magallanes,venta_interregional,pesos,75545363362.0,miles de millones de pesos,dinero,total
2024-02-01,12,Magallanes,venta_intrarregional,pesos,98668745316.0,miles de millones de pesos,dinero,total
2024-02-01,13,Metropolitana de Santiago,compra_interregional,pesos,5095467759635.8,miles de millones de pesos,dinero,total
2024-02-01,13,Metropolitana de Santiago,compra_intrarregional,pesos,16917999684498.002,miles de millones de pesos,dinero,total
2024-02-01,13,Metropolitana de Santiago,facturas_compra_interregional,unidades,2573590.0,miles de unidades,conteo,total
2024-02-01,13,Metropolitana de Santiago,facturas_venta_interregional,unidades,6882964.0,miles de unidades,conteo,total
2024-02-01,13,Metropolitana de Santiago,venta_interregional,pesos,5490669664814.9,miles de millones de pesos,dinero,total
2024-02-01,13,Metropolitana de Santiago,venta_intrarregional,pesos,16917999684498.002,miles de millones de pesos,dinero,total
2024-02-01,14,Los Ríos,compra_interregional,pesos,238229933944.0,miles de millones de pesos,dinero,total
2024-02-01,14,Los Ríos,compra_intrarregional,pesos,125763409822.0,miles de millones de pesos,dinero,total
2024-02-01,14,Los Ríos,facturas_compra_interregional,unidades,387254.0,miles de unidades,conteo,total
2024-02-01,14,Los Ríos,facturas_venta_interregional,unidades,160262.0,miles de unidades,conteo,total
2024-02-01,14,Los Ríos,venta_interregional,pesos,196303788131.0,miles de millones de pesos,dinero,total
2024-02-01,14,Los Ríos,venta_intrarregional,pesos,125763409822.0,miles de millones de pesos,dinero,total
2024-02-01,15,Arica y Parinacota,compra_interregional,pesos,98300512003.0,miles de millones de pesos,dinero,total
2024-02-01,15,Arica y Parinacota,compra_intrarregional,pesos,39205754129.0,miles de millones de pesos,dinero,total
2024-02-01,15,Arica y Parinacota,facturas_compra_interregional,unidades,125319.0,miles de unidades,conteo,total
2024-02-01,15,Arica y Parinacota,facturas_venta_interregional,unidades,39116.0,miles de unidades,conteo,total
2024-02-01,15,Arica y Parinacota,venta_interregional,pesos,33900414099.000004,miles de millones de pesos,dinero,total
2024-02-01,15,Arica y Parinacota,venta_intrarregional,pesos,39205754129.0,miles de millones de pesos,dinero,total
2024-02-01,16,Ñuble,compra_interregional,pesos,225591761099.69,miles de millones de pesos,dinero,total
2024-02-01,16,Ñuble,compra_intrarregional,pesos,165308214468.0,miles de millones de pesos,dinero,total
2024-02-01,16,Ñuble,facturas_compra_interregional,unidades,339484.0,miles de unidades,conteo,total
2024-02-01,16,Ñuble,facturas_venta_interregional,unidades,195390.0,miles de unidades,conteo,total
2024-02-01,16,Ñuble,venta_interregional,pesos,220789096695.0,miles de millones de pesos,dinero,total
2024-02-01,16,Ñuble,venta_intrarregional,pesos,165308214468.0,miles de millones de pesos,dinero,total
2024-03-01,01,Tarapacá,compra_interregional,pesos,335246547588.0,miles de millones de pesos,dinero,total
2024-03-01,01,Tarapacá,compra_intrarregional,pesos,122344463055.0,miles de millones de pesos,dinero,total
2024-03-01,01,Tarapacá,facturas_compra_interregional,unidades,215448.0,miles de unidades,conteo,total
2024-03-01,01,Tarapacá,facturas_venta_interregional,unidades,83034.0,miles de unidades,conteo,total
2024-03-01,01,Tarapacá,venta_interregional,pesos,137545831624.57,miles de millones de pesos,dinero,total
2024-03-01,01,Tarapacá,venta_intrarregional,pesos,122344463055.0,miles de millones de pesos,dinero,total
2024-03-01,02,Antofagasta,compra_interregional,pesos,693501806553.4601,miles de millones de pesos,dinero,total
2024-03-01,02,Antofagasta,compra_intrarregional,pesos,328185220822.0,miles de millones de pesos,dinero,total
2024-03-01,02,Antofagasta,facturas_compra_interregional,unidades,503340.0,miles de unidades,conteo,total
2024-03-01,02,Antofagasta,facturas_venta_interregional,unidades,206366.0,miles de unidades,conteo,total
2024-03-01,02,Antofagasta,venta_interregional,pesos,732379589899.9401,miles de millones de pesos,dinero,total
2024-03-01,02,Antofagasta,venta_intrarregional,pesos,328185220822.0,miles de millones de pesos,dinero,total
2024-03-01,03,Atacama,compra_interregional,pesos,200796866255.1,miles de millones de pesos,dinero,total
2024-03-01,03,Atacama,compra_intrarregional,pesos,91310917367.0,miles de millones de pesos,dinero,total
2024-03-01,03,Atacama,facturas_compra_interregional,unidades,231270.0,miles de unidades,conteo,total
2024-03-01,03,Atacama,facturas_venta_interregional,unidades,82479.0,miles de unidades,conteo,total
2024-03-01,03,Atacama,venta_interregional,pesos,180975792366.0,miles de millones de pesos,dinero,total
2024-03-01,03,Atacama,venta_intrarregional,pesos,91310917367.0,miles de millones de pesos,dinero,total
2024-03-01,04,Coquimbo,compra_interregional,pesos,391011713649.29004,miles de millones de pesos,dinero,total
2024-03-01,04,Coquimbo,compra_intrarregional,pesos,223945061839.0,miles de millones de pesos,dinero,total
2024-03-01,04,Coquimbo,facturas_compra_interregional,unidades,549903.0,miles de unidades,conteo,total
2024-03-01,04,Coquimbo,facturas_venta_interregional,unidades,200707.0,miles de unidades,conteo,total
2024-03-01,04,Coquimbo,venta_interregional,pesos,241864895176.5,miles de millones de pesos,dinero,total
2024-03-01,04,Coquimbo,venta_intrarregional,pesos,223945061839.0,miles de millones de pesos,dinero,total
2024-03-01,05,Valparaíso,compra_interregional,pesos,959148225565.37,miles de millones de pesos,dinero,total
2024-03-01,05,Valparaíso,compra_intrarregional,pesos,674214264349.16,miles de millones de pesos,dinero,total
2024-03-01,05,Valparaíso,facturas_compra_interregional,unidades,1411372.0,miles de unidades,conteo,total
2024-03-01,05,Valparaíso,facturas_venta_interregional,unidades,718036.0,miles de unidades,conteo,total
2024-03-01,05,Valparaíso,venta_interregional,pesos,1698994459285.0,miles de millones de pesos,dinero,total
2024-03-01,05,Valparaíso,venta_intrarregional,pesos,674214264349.16,miles de millones de pesos,dinero,total
2024-03-01,06,O'Higgins,compra_interregional,pesos,744274190568.75,miles de millones de pesos,dinero,total
2024-03-01,06,O'Higgins,compra_intrarregional,pesos,477050232813.0,miles de millones de pesos,dinero,total
2024-03-01,06,O'Higgins,facturas_compra_interregional,unidades,799369.0,miles de unidades,conteo,total
2024-03-01,06,O'Higgins,facturas_venta_interregional,unidades,306475.0,miles de unidades,conteo,total
2024-03-01,06,O'Higgins,venta_interregional,pesos,562812541667.0,miles de millones de pesos,dinero,total
2024-03-01,06,O'Higgins,venta_intrarregional,pesos,477050232813.0,miles de millones de pesos,dinero,total
2024-03-01,07,Maule,compra_interregional,pesos,595533541022.99,miles de millones de pesos,dinero,total
2024-03-01,07,Maule,compra_intrarregional,pesos,482438573391.83,miles de millones de pesos,dinero,total
2024-03-01,07,Maule,facturas_compra_interregional,unidades,751164.0,miles de unidades,conteo,total
2024-03-01,07,Maule,facturas_venta_interregional,unidades,514013.00000000006,miles de unidades,conteo,total
2024-03-01,07,Maule,venta_interregional,pesos,527762125819.27997,miles de millones de pesos,dinero,total
2024-03-01,07,Maule,venta_intrarregional,pesos,482438573391.83,miles de millones de pesos,dinero,total
2024-03-01,08,Biobío,compra_interregional,pesos,828051526064.83,miles de millones de pesos,dinero,total
2024-03-01,08,Biobío,compra_intrarregional,pesos,691606868985.73,miles de millones de pesos,dinero,total
2024-03-01,08,Biobío,facturas_compra_interregional,unidades,1138728.0,miles de unidades,conteo,total
2024-03-01,08,Biobío,facturas_venta_interregional,unidades,450511.0,miles de unidades,conteo,total
2024-03-01,08,Biobío,venta_interregional,pesos,916052770700.2,miles de millones de pesos,dinero,total
2024-03-01,08,Biobío,venta_intrarregional,pesos,691606868985.73,miles de millones de pesos,dinero,total
2024-03-01,09,La Araucanía,compra_interregional,pesos,409654636866.75,miles de millones de pesos,dinero,total
2024-03-01,09,La Araucanía,compra_intrarregional,pesos,378499844524.0,miles de millones de pesos,dinero,total
2024-03-01,09,La Araucanía,facturas_compra_interregional,unidades,676911.0,miles de unidades,conteo,total
2024-03-01,09,La Araucanía,facturas_venta_interregional,unidades,309773.0,miles de unidades,conteo,total
2024-03-01,09,La Araucanía,venta_interregional,pesos,343116965365.0,miles de millones de pesos,dinero,total
2024-03-01,09,La Araucanía,venta_intrarregional,pesos,378499844524.0,miles de millones de pesos,dinero,total
2024-03-01,10,Los Lagos,compra_interregional,pesos,783123627813.25,miles de millones de pesos,dinero,total
2024-03-01,10,Los Lagos,compra_intrarregional,pesos,787126722812.0,miles de millones de pesos,dinero,total
2024-03-01,10,Los Lagos,facturas_compra_interregional,unidades,711671.0,miles de unidades,conteo,total
2024-03-01,10,Los Lagos,facturas_venta_interregional,unidades,369290.0,miles de unidades,conteo,total
2024-03-01,10,Los Lagos,venta_interregional,pesos,415095097933.38,miles de millones de pesos,dinero,total
2024-03-01,10,Los Lagos,venta_intrarregional,pesos,787126722812.0,miles de millones de pesos,dinero,total
2024-03-01,11,Aysén,compra_interregional,pesos,41530692820.799995,miles de millones de pesos,dinero,total
2024-03-01,11,Aysén,compra_intrarregional,pesos,38179264462.0,miles de millones de pesos,dinero,total
2024-03-01,11,Aysén,facturas_compra_interregional,unidades,102947.0,miles de unidades,conteo,total
2024-03-01,11,Aysén,facturas_venta_interregional,unidades,28756.0,miles de unidades,conteo,total
2024-03-01,11,Aysén,venta_interregional,pesos,28978045246.0,miles de millones de pesos,dinero,total
2024-03-01,11,Aysén,venta_intrarregional,pesos,38179264462.0,miles de millones de pesos,dinero,total
2024-03-01,12,Magallanes,compra_interregional,pesos,120054603020.19,miles de millones de pesos,dinero,total
2024-03-01,12,Magallanes,compra_intrarregional,pesos,92094126694.2,miles de millones de pesos,dinero,total
2024-03-01,12,Magallanes,facturas_compra_interregional,unidades,138011.0,miles de unidades,conteo,total
2024-03-01,12,Magallanes,facturas_venta_interregional,unidades,37416.0,miles de unidades,conteo,total
2024-03-01,12,Magallanes,venta_interregional,pesos,69246780661.6,miles de millones de pesos,dinero,total
2024-03-01,12,Magallanes,venta_intrarregional,pesos,92094126694.2,miles de millones de pesos,dinero,total
2024-03-01,13,Metropolitana de Santiago,compra_interregional,pesos,5258827394905.7,miles de millones de pesos,dinero,total
2024-03-01,13,Metropolitana de Santiago,compra_intrarregional,pesos,18047434658579.0,miles de millones de pesos,dinero,total
2024-03-01,13,Metropolitana de Santiago,facturas_compra_interregional,unidades,2593407.0,miles de unidades,conteo,total
2024-03-01,13,Metropolitana de Santiago,facturas_venta_interregional,unidades,6957433.0,miles de unidades,conteo,total
2024-03-01,13,Metropolitana de Santiago,venta_interregional,pesos,5633519918516.7,miles de millones de pesos,dinero,total
2024-03-01,13,Metropolitana de Santiago,venta_intrarregional,pesos,18047434658579.0,miles de millones de pesos,dinero,total
2024-03-01,14,Los Ríos,compra_interregional,pesos,244699953130.16,miles de millones de pesos,dinero,total
2024-03-01,14,Los Ríos,compra_intrarregional,pesos,124710524181.0,miles de millones de pesos,dinero,total
2024-03-01,14,Los Ríos,facturas_compra_interregional,unidades,369710.0,miles de unidades,conteo,total
2024-03-01,14,Los Ríos,facturas_venta_interregional,unidades,157745.0,miles de unidades,conteo,total
2024-03-01,14,Los Ríos,venta_interregional,pesos,202047481125.0,miles de millones de pesos,dinero,total
2024-03-01,14,Los Ríos,venta_intrarregional,pesos,124710524181.0,miles de millones de pesos,dinero,total
2024-03-01,15,Arica y Parinacota,compra_interregional,pesos,99905220355.941,miles de millones de pesos,dinero,total
2024-03-01,15,Arica y Parinacota,compra_intrarregional,pesos,41091342053.0,miles de millones de pesos,dinero,total
2024-03-01,15,Arica y Parinacota,facturas_compra_interregional,unidades,130419.99999999999,miles de unidades,conteo,total
2024-03-01,15,Arica y Parinacota,facturas_venta_interregional,unidades,42987.0,miles de unidades,conteo,total
2024-03-01,15,Arica y Parinacota,venta_interregional,pesos,38335002099.0,miles de millones de pesos,dinero,total
2024-03-01,15,Arica y Parinacota,venta_intrarregional,pesos,41091342053.0,miles de millones de pesos,dinero,total
2024-03-01,16,Ñuble,compra_interregional,pesos,217713696433.61002,miles de millones de pesos,dinero,total
2024-03-01,16,Ñuble,compra_intrarregional,pesos,150618590740.0,miles de millones de pesos,dinero,total
2024-03-01,16,Ñuble,facturas_compra_interregional,unidades,340460.0,miles de unidades,conteo,total
2024-03-01,16,Ñuble,facturas_venta_interregional,unidades,199110.0,miles de unidades,conteo,total
2024-03-01,16,Ñuble,venta_interregional,pesos,194346945129.0,miles de millones de pesos,dinero,total
2024-03-01,16,Ñuble,venta_intrarregional,pesos,150618590740.0,miles de millones de pesos,dinero,total
2024-04-01,01,Tarapacá,compra_interregional,pesos,449248645257.4,miles de millones de pesos,dinero,total
2024-04-01,01,Tarapacá,compra_intrarregional,pesos,135376476518.0,miles de millones de pesos,dinero,total
2024-04-01,01,Tarapacá,facturas_compra_interregional,unidades,224334.0,miles de unidades,conteo,total
2024-04-01,01,Tarapacá,facturas_venta_interregional,unidades,86776.0,miles de unidades,conteo,total
2024-04-01,01,Tarapacá,venta_interregional,pesos,138947103905.57,miles de millones de pesos,dinero,total
2024-04-01,01,Tarapacá,venta_intrarregional,pesos,135376476518.0,miles de millones de pesos,dinero,total
2024-04-01,02,Antofagasta,compra_interregional,pesos,706073455727.62,miles de millones de pesos,dinero,total
2024-04-01,02,Antofagasta,compra_intrarregional,pesos,333909897646.0,miles de millones de pesos,dinero,total
2024-04-01,02,Antofagasta,facturas_compra_interregional,unidades,533251.0,miles de unidades,conteo,total
2024-04-01,02,Antofagasta,facturas_venta_interregional,unidades,218945.0,miles de unidades,conteo,total
2024-04-01,02,Antofagasta,venta_interregional,pesos,719453305506.28,miles de millones de pesos,dinero,total
2024-04-01,02,Antofagasta,venta_intrarregional,pesos,333909897646.0,miles de millones de pesos,dinero,total
2024-04-01,03,Atacama,compra_interregional,pesos,216195660473.0,miles de millones de pesos,dinero,total
2024-04-01,03,Atacama,compra_intrarregional,pesos,111221027164.0,miles de millones de pesos,dinero,total
2024-04-01,03,Atacama,facturas_compra_interregional,unidades,241656.0,miles de unidades,conteo,total
2024-04-01,03,Atacama,facturas_venta_interregional,unidades,84889.0,miles de unidades,conteo,total
2024-04-01,03,Atacama,venta_interregional,pesos,190267023495.0,miles de millones de pesos,dinero,total
2024-04-01,03,Atacama,venta_intrarregional,pesos,111221027164.0,miles de millones de pesos,dinero,total
2024-04-01,04,Coquimbo,compra_interregional,pesos,388003596585.45,miles de millones de pesos,dinero,total
2024-04-01,04,Coquimbo,compra_intrarregional,pesos,226809386466.0,miles de millones de pesos,dinero,total
2024-04-01,04,Coquimbo,facturas_compra_interregional,unidades,571001.0,miles de unidades,conteo,total
2024-04-01,04,Coquimbo,facturas_venta_interregional,unidades,204807.0,miles de unidades,conteo,total
2024-04-01,04,Coquimbo,venta_interregional,pesos,253849887878.28,miles de millones de pesos,dinero,total
2024-04-01,04,Coquimbo,venta_intrarregional,pesos,226809386466.0,miles de millones de pesos,dinero,total
2024-04-01,05,Valparaíso,compra_interregional,pesos,995714103393.58,miles de millones de pesos,dinero,total
2024-04-01,05,Valparaíso,compra_intrarregional,pesos,676533379129.99,miles de millones de pesos,dinero,total
2024-04-01,05,Valparaíso,facturas_compra_interregional,unidades,1481930.0,miles de unidades,conteo,total
2024-04-01,05,Valparaíso,facturas_venta_interregional,unidades,742978.0,miles de unidades,conteo,total
2024-04-01,05,Valparaíso,venta_interregional,pesos,1751373173122.0,miles de millones de pesos,dinero,total
2024-04-01,05,Valparaíso,venta_intrarregional,pesos,676533379129.99,miles de millones de pesos,dinero,total
2024-04-01,06,O'Higgins,compra_interregional,pesos,787390128918.36,miles de millones de pesos,dinero,total
2024-04-01,06,O'Higgins,compra_intrarregional,pesos,518928133299.0,miles de millones de pesos,dinero,total
2024-04-01,06,O'Higgins,facturas_compra_interregional,unidades,837534.0,miles de unidades,conteo,total
2024-04-01,06,O'Higgins,facturas_venta_interregional,unidades,319538.0,miles de unidades,conteo,total
2024-04-01,06,O'Higgins,venta_interregional,pesos,572884871061.5,miles de millones de pesos,dinero,total
2024-04-01,06,O'Higgins,venta_intrarregional,pesos,518928133299.0,miles de millones de pesos,dinero,total
2024-04-01,07,Maule,compra_interregional,pesos,650469696007.77,miles de millones de pesos,dinero,total
2024-04-01,07,Maule,compra_intrarregional,pesos,542495482318.49994,miles de millones de pesos,dinero,total
2024-04-01,07,Maule,facturas_compra_interregional,unidades,790732.0,miles de unidades,conteo,total
2024-04-01,07,Maule,facturas_venta_interregional,unidades,549022.0,miles de unidades,conteo,total
2024-04-01,07,Maule,venta_interregional,pesos,590828182498.14,miles de millones de pesos,dinero,total
2024-04-01,07,Maule,venta_intrarregional,pesos,542495482318.49994,miles de millones de pesos,dinero,total
2024-04-01,08,Biobío,compra_interregional,pesos,843699607895.81,miles de millones de pesos,dinero,total
2024-04-01,08,Biobío,compra_intrarregional,pesos,708600222379.3999,miles de millones de pesos,dinero,total
2024-04-01,08,Biobío,facturas_compra_interregional,unidades,1197632.0,miles de unidades,conteo,total
2024-04-01,08,Biobío,facturas_venta_interregional,unidades,470402.0,miles de unidades,conteo,total
2024-04-01,08,Biobío,venta_interregional,pesos,947756964928.88,miles de millones de pesos,dinero,total
2024-04-01,08,Biobío,venta_intrarregional,pesos,708600222379.3999,miles de millones de pesos,dinero,total
2024-04-01,09,La Araucanía,compra_interregional,pesos,429291148210.68,miles de millones de pesos,dinero,total
2024-04-01,09,La Araucanía,compra_intrarregional,pesos,382348774319.0,miles de millones de pesos,dinero,total
2024-04-01,09,La Araucanía,facturas_compra_interregional,unidades,706296.0,miles de unidades,conteo,total
2024-04-01,09,La Araucanía,facturas_venta_interregional,unidades,322219.0,miles de unidades,conteo,total
2024-04-01,09,La Araucanía,venta_interregional,pesos,348643609943.0,miles de millones de pesos,dinero,total
2024-04-01,09,La Araucanía,venta_intrarregional,pesos,382348774319.0,miles de millones de pesos,dinero,total
2024-04-01,10,Los Lagos,compra_interregional,pesos,840754954619.2001,miles de millones de pesos,dinero,total
2024-04-01,10,Los Lagos,compra_intrarregional,pesos,802603536281.0,miles de millones de pesos,dinero,total
2024-04-01,10,Los Lagos,facturas_compra_interregional,unidades,748597.0,miles de unidades,conteo,total
2024-04-01,10,Los Lagos,facturas_venta_interregional,unidades,379284.0,miles de unidades,conteo,total
2024-04-01,10,Los Lagos,venta_interregional,pesos,446962028398.57,miles de millones de pesos,dinero,total
2024-04-01,10,Los Lagos,venta_intrarregional,pesos,802603536281.0,miles de millones de pesos,dinero,total
2024-04-01,11,Aysén,compra_interregional,pesos,42911026609.0,miles de millones de pesos,dinero,total
2024-04-01,11,Aysén,compra_intrarregional,pesos,37358522935.0,miles de millones de pesos,dinero,total
2024-04-01,11,Aysén,facturas_compra_interregional,unidades,106124.0,miles de unidades,conteo,total
2024-04-01,11,Aysén,facturas_venta_interregional,unidades,30799.0,miles de unidades,conteo,total
2024-04-01,11,Aysén,venta_interregional,pesos,32634768602.999996,miles de millones de pesos,dinero,total
2024-04-01,11,Aysén,venta_intrarregional,pesos,37358522935.0,miles de millones de pesos,dinero,total
2024-04-01,12,Magallanes,compra_interregional,pesos,134918822685.12001,miles de millones de pesos,dinero,total
2024-04-01,12,Magallanes,compra_intrarregional,pesos,90382325618.2,miles de millones de pesos,dinero,total
2024-04-01,12,Magallanes,facturas_compra_interregional,unidades,142763.0,miles de unidades,conteo,total
2024-04-01,12,Magallanes,facturas_venta_interregional,unidades,37650.0,miles de unidades,conteo,total
2024-04-01,12,Magallanes,venta_interregional,pesos,69791922943.6,miles de millones de pesos,dinero,total
2024-04-01,12,Magallanes,venta_intrarregional,pesos,90382325618.2,miles de millones de pesos,dinero,total
2024-04-01,13,Metropolitana de Santiago,compra_interregional,pesos,5401867669631.899,miles de millones de pesos,dinero,total
2024-04-01,13,Metropolitana de Santiago,compra_intrarregional,pesos,18421921852550.0,miles de millones de pesos,dinero,total
2024-04-01,13,Metropolitana de Santiago,facturas_compra_interregional,unidades,2728860.0,miles de unidades,conteo,total
2024-04-01,13,Metropolitana de Santiago,facturas_venta_interregional,unidades,7320575.0,miles de unidades,conteo,total
2024-04-01,13,Metropolitana de Santiago,venta_interregional,pesos,5929977309858.3,miles de millones de pesos,dinero,total
2024-04-01,13,Metropolitana de Santiago,venta_intrarregional,pesos,18421921852550.0,miles de millones de pesos,dinero,total
2024-04-01,14,Los Ríos,compra_interregional,pesos,223783291177.0,miles de millones de pesos,dinero,total
2024-04-01,14,Los Ríos,compra_intrarregional,pesos,126974056125.0,miles de millones de pesos,dinero,total
2024-04-01,14,Los Ríos,facturas_compra_interregional,unidades,381075.0,miles de unidades,conteo,total
2024-04-01,14,Los Ríos,facturas_venta_interregional,unidades,161894.0,miles de unidades,conteo,total
2024-04-01,14,Los Ríos,venta_interregional,pesos,206064867881.0,miles de millones de pesos,dinero,total
2024-04-01,14,Los Ríos,venta_intrarregional,pesos,126974056125.0,miles de millones de pesos,dinero,total
2024-04-01,15,Arica y Parinacota,compra_interregional,pesos,96955685082.813,miles de millones de pesos,dinero,total
2024-04-01,15,Arica y Parinacota,compra_intrarregional,pesos,45277658231.0,miles de millones de pesos,dinero,total
2024-04-01,15,Arica y Parinacota,facturas_compra_interregional,unidades,137218.0,miles de unidades,conteo,total
2024-04-01,15,Arica y Parinacota,facturas_venta_interregional,unidades,46416.0,miles de unidades,conteo,total
2024-04-01,15,Arica y Parinacota,venta_interregional,pesos,40499411952.0,miles de millones de pesos,dinero,total
2024-04-01,15,Arica y Parinacota,venta_intrarregional,pesos,45277658231.0,miles de millones de pesos,dinero,total
2024-04-01,16,Ñuble,compra_interregional,pesos,234727509064.39,miles de millones de pesos,dinero,total
2024-04-01,16,Ñuble,compra_intrarregional,pesos,160837028884.0,miles de millones de pesos,dinero,total
2024-04-01,16,Ñuble,facturas_compra_interregional,unidades,358302.0,miles de unidades,conteo,total
2024-04-01,16,Ñuble,facturas_venta_interregional,unidades,211111.0,miles de unidades,conteo,total
2024-04-01,16,Ñuble,venta_interregional,pesos,202070569364.0,miles de millones de pesos,dinero,total
2024-04-01,16,Ñuble,venta_intrarregional,pesos,160837028884.0,miles de millones de pesos,dinero,total
2024-05-01,01,Tarapacá,compra_interregional,pesos,335539257901.0,miles de millones de pesos,dinero,total
2024-05-01,01,Tarapacá,compra_intrarregional,pesos,135310308494.0,miles de millones de pesos,dinero,total
2024-05-01,01,Tarapacá,facturas_compra_interregional,unidades,226163.0,miles de unidades,conteo,total
2024-05-01,01,Tarapacá,facturas_venta_interregional,unidades,86720.0,miles de unidades,conteo,total
2024-05-01,01,Tarapacá,venta_interregional,pesos,134144422137.28,miles de millones de pesos,dinero,total
2024-05-01,01,Tarapacá,venta_intrarregional,pesos,135310308494.0,miles de millones de pesos,dinero,total
2024-05-01,02,Antofagasta,compra_interregional,pesos,653488613240.43,miles de millones de pesos,dinero,total
2024-05-01,02,Antofagasta,compra_intrarregional,pesos,328828500475.0,miles de millones de pesos,dinero,total
2024-05-01,02,Antofagasta,facturas_compra_interregional,unidades,526496.0,miles de unidades,conteo,total
2024-05-01,02,Antofagasta,facturas_venta_interregional,unidades,223930.0,miles de unidades,conteo,total
2024-05-01,02,Antofagasta,venta_interregional,pesos,807980158145.8301,miles de millones de pesos,dinero,total
2024-05-01,02,Antofagasta,venta_intrarregional,pesos,328828500475.0,miles de millones de pesos,dinero,total
2024-05-01,03,Atacama,compra_interregional,pesos,208790306857.66,miles de millones de pesos,dinero,total
2024-05-01,03,Atacama,compra_intrarregional,pesos,90611753178.0,miles de millones de pesos,dinero,total
2024-05-01,03,Atacama,facturas_compra_interregional,unidades,239430.0,miles de unidades,conteo,total
2024-05-01,03,Atacama,facturas_venta_interregional,unidades,83917.0,miles de unidades,conteo,total
2024-05-01,03,Atacama,venta_interregional,pesos,196992698399.0,miles de millones de pesos,dinero,total
2024-05-01,03,Atacama,venta_intrarregional,pesos,90611753178.0,miles de millones de pesos,dinero,total
2024-05-01,04,Coquimbo,compra_interregional,pesos,376724069628.2,miles de millones de pesos,dinero,total
2024-05-01,04,Coquimbo,compra_intrarregional,pesos,225217791067.0,miles de millones de pesos,dinero,total
2024-05-01,04,Coquimbo,facturas_compra_interregional,unidades,555475.0,miles de unidades,conteo,total
2024-05-01,04,Coquimbo,facturas_venta_interregional,unidades,201880.0,miles de unidades,conteo,total
2024-05-01,04,Coquimbo,venta_interregional,pesos,240471992348.0,miles de millones de pesos,dinero,total
2024-05-01,04,Coquimbo,venta_intrarregional,pesos,225217791067.0,miles de millones de pesos,dinero,total
2024-05-01,05,Valparaíso,compra_interregional,pesos,971321292602.01,miles de millones de pesos,dinero,total
2024-05-01,05,Valparaíso,compra_intrarregional,pesos,615199945433.2001,miles de millones de pesos,dinero,total
2024-05-01,05,Valparaíso,facturas_compra_interregional,unidades,1438805.0,miles de unidades,conteo,total
2024-05-01,05,Valparaíso,facturas_venta_interregional,unidades,719537.0,miles de unidades,conteo,total
2024-05-01,05,Valparaíso,venta_interregional,pesos,1623547388601.0,miles de millones de pesos,dinero,total
2024-05-01,05,Valparaíso,venta_intrarregional,pesos,615199945433.2001,miles de millones de pesos,dinero,total
2024-05-01,06,O'Higgins,compra_interregional,pesos,743750420957.58,miles de millones de pesos,dinero,total
2024-05-01,06,O'Higgins,compra_intrarregional,pesos,507750279030.0,miles de millones de pesos,dinero,total
2024-05-01,06,O'Higgins,facturas_compra_interregional,unidades,799703.0,miles de unidades,conteo,total
2024-05-01,06,O'Higgins,facturas_venta_interregional,unidades,298773.0,miles de unidades,conteo,total
2024-05-01,06,O'Higgins,venta_interregional,pesos,524467263655.0,miles de millones de pesos,dinero,total
2024-05-01,06,O'Higgins,venta_intrarregional,pesos,507750279030.0,miles de millones de pesos,dinero,total
2024-05-01,07,Maule,compra_interregional,pesos,604180277002.76,miles de millones de pesos,dinero,total
2024-05-01,07,Maule,compra_intrarregional,pesos,519300734923.75006,miles de millones de pesos,dinero,total
2024-05-01,07,Maule,facturas_compra_interregional,unidades,759473.0,miles de unidades,conteo,total
2024-05-01,07,Maule,facturas_venta_interregional,unidades,538385.0,miles de unidades,conteo,total
2024-05-01,07,Maule,venta_interregional,pesos,558318409245.21,miles de millones de pesos,dinero,total
2024-05-01,07,Maule,venta_intrarregional,pesos,519300734923.75006,miles de millones de pesos,dinero,total
2024-05-01,08,Biobío,compra_interregional,pesos,820044020598.21,miles de millones de pesos,dinero,total
2024-05-01,08,Biobío,compra_intrarregional,pesos,684193900901.0901,miles de millones de pesos,dinero,total
2024-05-01,08,Biobío,facturas_compra_interregional,unidades,1171990.0,miles de unidades,conteo,total
2024-05-01,08,Biobío,facturas_venta_interregional,unidades,462087.0,miles de unidades,conteo,total
2024-05-01,08,Biobío,venta_interregional,pesos,946859862729.28,miles de millones de pesos,dinero,total
2024-05-01,08,Biobío,venta_intrarregional,pesos,684193900901.0901,miles de millones de pesos,dinero,total
2024-05-01,09,La Araucanía,compra_interregional,pesos,396303863041.22,miles de millones de pesos,dinero,total
2024-05-01,09,La Araucanía,compra_intrarregional,pesos,348680124932.0,miles de millones de pesos,dinero,total
2024-05-01,09,La Araucanía,facturas_compra_interregional,unidades,688640.0,miles de unidades,conteo,total
2024-05-01,09,La Araucanía,facturas_venta_interregional,unidades,318384.0,miles de unidades,conteo,total
2024-05-01,09,La Araucanía,venta_interregional,pesos,339444567905.0,miles de millones de pesos,dinero,total
2024-05-01,09,La Araucanía,venta_intrarregional,pesos,348680124932.0,miles de millones de pesos,dinero,total
2024-05-01,10,Los Lagos,compra_interregional,pesos,809879352840.02,miles de millones de pesos,dinero,total
2024-05-01,10,Los Lagos,compra_intrarregional,pesos,772373338684.41,miles de millones de pesos,dinero,total
2024-05-01,10,Los Lagos,facturas_compra_interregional,unidades,731172.0,miles de unidades,conteo,total
2024-05-01,10,Los Lagos,facturas_venta_interregional,unidades,372502.0,miles de unidades,conteo,total
2024-05-01,10,Los Lagos,venta_interregional,pesos,413333058137.42,miles de millones de pesos,dinero,total
2024-05-01,10,Los Lagos,venta_intrarregional,pesos,772373338684.41,miles de millones de pesos,dinero,total
2024-05-01,11,Aysén,compra_interregional,pesos,43422300546.375,miles de millones de pesos,dinero,total
2024-05-01,11,Aysén,compra_intrarregional,pesos,36740154864.0,miles de millones de pesos,dinero,total
2024-05-01,11,Aysén,facturas_compra_interregional,unidades,102291.0,miles de unidades,conteo,total
2024-05-01,11,Aysén,facturas_venta_interregional,unidades,29762.0,miles de unidades,conteo,total
2024-05-01,11,Aysén,venta_interregional,pesos,31028395414.0,miles de millones de pesos,dinero,total
2024-05-01,11,Aysén,venta_intrarregional,pesos,36740154864.0,miles de millones de pesos,dinero,total
2024-05-01,12,Magallanes,compra_interregional,pesos,134056097714.79999,miles de millones de pesos,dinero,total
2024-05-01,12,Magallanes,compra_intrarregional,pesos,87781982959.491,miles de millones de pesos,dinero,total
2024-05-01,12,Magallanes,facturas_compra_interregional,unidades,141223.0,miles de unidades,conteo,total
2024-05-01,12,Magallanes,facturas_venta_interregional,unidades,34021.0,miles de unidades,conteo,total
2024-05-01,12,Magallanes,venta_interregional,pesos,61784622393.599,miles de millones de pesos,dinero,total
2024-05-01,12,Magallanes,venta_intrarregional,pesos,87781982959.491,miles de millones de pesos,dinero,total
2024-05-01,13,Metropolitana de Santiago,compra_interregional,pesos,5231252026669.7,miles de millones de pesos,dinero,total
2024-05-01,13,Metropolitana de Santiago,compra_intrarregional,pesos,18035168683862.0,miles de millones de pesos,dinero,total
2024-05-01,13,Metropolitana de Santiago,facturas_compra_interregional,unidades,2673055.0,miles de unidades,conteo,total
2024-05-01,13,Metropolitana de Santiago,facturas_venta_interregional,unidades,7126506.0,miles de unidades,conteo,total
2024-05-01,13,Metropolitana de Santiago,venta_interregional,pesos,5541631777603.0,miles de millones de pesos,dinero,total
2024-05-01,13,Metropolitana de Santiago,venta_intrarregional,pesos,18035168683862.0,miles de millones de pesos,dinero,total
2024-05-01,14,Los Ríos,compra_interregional,pesos,211143317594.0,miles de millones de pesos,dinero,total
2024-05-01,14,Los Ríos,compra_intrarregional,pesos,121401354530.0,miles de millones de pesos,dinero,total
2024-05-01,14,Los Ríos,facturas_compra_interregional,unidades,369758.0,miles de unidades,conteo,total
2024-05-01,14,Los Ríos,facturas_venta_interregional,unidades,156742.0,miles de unidades,conteo,total
2024-05-01,14,Los Ríos,venta_interregional,pesos,208871818076.0,miles de millones de pesos,dinero,total
2024-05-01,14,Los Ríos,venta_intrarregional,pesos,121401354530.0,miles de millones de pesos,dinero,total
2024-05-01,15,Arica y Parinacota,compra_interregional,pesos,95067036007.127,miles de millones de pesos,dinero,total
2024-05-01,15,Arica y Parinacota,compra_intrarregional,pesos,45532890910.0,miles de millones de pesos,dinero,total
2024-05-01,15,Arica y Parinacota,facturas_compra_interregional,unidades,133648.0,miles de unidades,conteo,total
2024-05-01,15,Arica y Parinacota,facturas_venta_interregional,unidades,47770.0,miles de unidades,conteo,total
2024-05-01,15,Arica y Parinacota,venta_interregional,pesos,42944874585.0,miles de millones de pesos,dinero,total
2024-05-01,15,Arica y Parinacota,venta_intrarregional,pesos,45532890910.0,miles de millones de pesos,dinero,total
2024-05-01,16,Ñuble,compra_interregional,pesos,232629636312.53998,miles de millones de pesos,dinero,total
2024-05-01,16,Ñuble,compra_intrarregional,pesos,164392363899.0,miles de millones de pesos,dinero,total
2024-05-01,16,Ñuble,facturas_compra_interregional,unidades,347976.0,miles de unidades,conteo,total
2024-05-01,16,Ñuble,facturas_venta_interregional,unidades,204382.0,miles de unidades,conteo,total
2024-05-01,16,Ñuble,venta_interregional,pesos,195770580139.0,miles de millones de pesos,dinero,total
2024-05-01,16,Ñuble,venta_intrarregional,pesos,164392363899.0,miles de millones de pesos,dinero,total
2024-06-01,01,Tarapacá,compra_interregional,pesos,383045432665.0,miles de millones de pesos,dinero,total
2024-06-01,01,Tarapacá,compra_intrarregional,pesos,125673869637.0,miles de millones de pesos,dinero,total
2024-06-01,01,Tarapacá,facturas_compra_interregional,unidades,213599.0,miles de unidades,conteo,total
2024-06-01,01,Tarapacá,facturas_venta_interregional,unidades,83291.0,miles de unidades,conteo,total
2024-06-01,01,Tarapacá,venta_interregional,pesos,117177341179.28,miles de millones de pesos,dinero,total
2024-06-01,01,Tarapacá,venta_intrarregional,pesos,125673869637.0,miles de millones de pesos,dinero,total
2024-06-01,02,Antofagasta,compra_interregional,pesos,676283267349.08,miles de millones de pesos,dinero,total
2024-06-01,02,Antofagasta,compra_intrarregional,pesos,318462782760.0,miles de millones de pesos,dinero,total
2024-06-01,02,Antofagasta,facturas_compra_interregional,unidades,496358.0,miles de unidades,conteo,total
2024-06-01,02,Antofagasta,facturas_venta_interregional,unidades,208075.0,miles de unidades,conteo,total
2024-06-01,02,Antofagasta,venta_interregional,pesos,738037519701.57,miles de millones de pesos,dinero,total
2024-06-01,02,Antofagasta,venta_intrarregional,pesos,318462782760.0,miles de millones de pesos,dinero,total
2024-06-01,03,Atacama,compra_interregional,pesos,189816553490.80002,miles de millones de pesos,dinero,total
2024-06-01,03,Atacama,compra_intrarregional,pesos,90392457330.0,miles de millones de pesos,dinero,total
2024-06-01,03,Atacama,facturas_compra_interregional,unidades,227025.0,miles de unidades,conteo,total
2024-06-01,03,Atacama,facturas_venta_interregional,unidades,79574.0,miles de unidades,conteo,total
2024-06-01,03,Atacama,venta_interregional,pesos,156757262050.0,miles de millones de pesos,dinero,total
2024-06-01,03,Atacama,venta_intrarregional,pesos,90392457330.0,miles de millones de pesos,dinero,total
2024-06-01,04,Coquimbo,compra_interregional,pesos,365369316394.44,miles de millones de pesos,dinero,total
2024-06-01,04,Coquimbo,compra_intrarregional,pesos,215783353766.0,miles de millones de pesos,dinero,total
2024-06-01,04,Coquimbo,facturas_compra_interregional,unidades,520082.99999999994,miles de unidades,conteo,total
2024-06-01,04,Coquimbo,facturas_venta_interregional,unidades,188926.0,miles de unidades,conteo,total
2024-06-01,04,Coquimbo,venta_interregional,pesos,225984214156.47998,miles de millones de pesos,dinero,total
2024-06-01,04,Coquimbo,venta_intrarregional,pesos,215783353766.0,miles de millones de pesos,dinero,total
2024-06-01,05,Valparaíso,compra_interregional,pesos,898664237002.9,miles de millones de pesos,dinero,total
2024-06-01,05,Valparaíso,compra_intrarregional,pesos,552582566510.81,miles de millones de pesos,dinero,total
2024-06-01,05,Valparaíso,facturas_compra_interregional,unidades,1339071.0,miles de unidades,conteo,total
2024-06-01,05,Valparaíso,facturas_venta_interregional,unidades,662347.0,miles de unidades,conteo,total
2024-06-01,05,Valparaíso,venta_interregional,pesos,1440688181191.7002,miles de millones de pesos,dinero,total
2024-06-01,05,Valparaíso,venta_intrarregional,pesos,552582566510.81,miles de millones de pesos,dinero,total
2024-06-01,06,O'Higgins,compra_interregional,pesos,679682878613.5399,miles de millones de pesos,dinero,total
2024-06-01,06,O'Higgins,compra_intrarregional,pesos,395688015958.0,miles de millones de pesos,dinero,total
2024-06-01,06,O'Higgins,facturas_compra_interregional,unidades,732397.0,miles de unidades,conteo,total
2024-06-01,06,O'Higgins,facturas_venta_interregional,unidades,263691.0,miles de unidades,conteo,total
2024-06-01,06,O'Higgins,venta_interregional,pesos,446538042521.0,miles de millones de pesos,dinero,total
2024-06-01,06,O'Higgins,venta_intrarregional,pesos,395688015958.0,miles de millones de pesos,dinero,total
2024-06-01,07,Maule,compra_interregional,pesos,488718923207.27,miles de millones de pesos,dinero,total
2024-06-01,07,Maule,compra_intrarregional,pesos,425206464276.75,miles de millones de pesos,dinero,total
2024-06-01,07,Maule,facturas_compra_interregional,unidades,694831.0,miles de unidades,conteo,total
2024-06-01,07,Maule,facturas_venta_interregional,unidades,476592.0,miles de unidades,conteo,total
2024-06-01,07,Maule,venta_interregional,pesos,470284347910.18,miles de millones de pesos,dinero,total
2024-06-01,07,Maule,venta_intrarregional,pesos,425206464276.75,miles de millones de pesos,dinero,total
2024-06-01,08,Biobío,compra_interregional,pesos,725997787488.32,miles de millones de pesos,dinero,total
2024-06-01,08,Biobío,compra_intrarregional,pesos,591111361475.22,miles de millones de pesos,dinero,total
2024-06-01,08,Biobío,facturas_compra_interregional,unidades,1068428.0,miles de unidades,conteo,total
2024-06-01,08,Biobío,facturas_venta_interregional,unidades,417089.0,miles de unidades,conteo,total
2024-06-01,08,Biobío,venta_interregional,pesos,843487772242.88,miles de millones de pesos,dinero,total
2024-06-01,08,Biobío,venta_intrarregional,pesos,591111361475.22,miles de millones de pesos,dinero,total
2024-06-01,09,La Araucanía,compra_interregional,pesos,358442409657.99005,miles de millones de pesos,dinero,total
2024-06-01,09,La Araucanía,compra_intrarregional,pesos,305946454901.0,miles de millones de pesos,dinero,total
2024-06-01,09,La Araucanía,facturas_compra_interregional,unidades,639971.0,miles de unidades,conteo,total
2024-06-01,09,La Araucanía,facturas_venta_interregional,unidades,284570.0,miles de unidades,conteo,total
2024-06-01,09,La Araucanía,venta_interregional,pesos,306568530066.28,miles de millones de pesos,dinero,total
2024-06-01,09,La Araucanía,venta_intrarregional,pesos,305946454901.0,miles de millones de pesos,dinero,total
2024-06-01,10,Los Lagos,compra_interregional,pesos,741698487356.61,miles de millones de pesos,dinero,total
2024-06-01,10,Los Lagos,compra_intrarregional,pesos,731408543880.66,miles de millones de pesos,dinero,total
2024-06-01,10,Los Lagos,facturas_compra_interregional,unidades,681990.0,miles de unidades,conteo,total
2024-06-01,10,Los Lagos,facturas_venta_interregional,unidades,341858.0,miles de unidades,conteo,total
2024-06-01,10,Los Lagos,venta_interregional,pesos,389090686709.3,miles de millones de pesos,dinero,total
2024-06-01,10,Los Lagos,venta_intrarregional,pesos,731408543880.66,miles de millones de pesos,dinero,total
2024-06-01,11,Aysén,compra_interregional,pesos,37620388653.375,miles de millones de pesos,dinero,total
2024-06-01,11,Aysén,compra_intrarregional,pesos,34628400025.0,miles de millones de pesos,dinero,total
2024-06-01,11,Aysén,facturas_compra_interregional,unidades,95412.0,miles de unidades,conteo,total
2024-06-01,11,Aysén,facturas_venta_interregional,unidades,26688.0,miles de unidades,conteo,total
2024-06-01,11,Aysén,venta_interregional,pesos,27197983646.0,miles de millones de pesos,dinero,total
2024-06-01,11,Aysén,venta_intrarregional,pesos,34628400025.0,miles de millones de pesos,dinero,total
2024-06-01,12,Magallanes,compra_interregional,pesos,113737851855.6,miles de millones de pesos,dinero,total
2024-06-01,12,Magallanes,compra_intrarregional,pesos,76031591821.49101,miles de millones de pesos,dinero,total
2024-06-01,12,Magallanes,facturas_compra_interregional,unidades,128780.0,miles de unidades,conteo,total
2024-06-01,12,Magallanes,facturas_venta_interregional,unidades,30240.0,miles de unidades,conteo,total
2024-06-01,12,Magallanes,venta_interregional,pesos,58340840001.6,miles de millones de pesos,dinero,total
2024-06-01,12,Magallanes,venta_intrarregional,pesos,76031591821.49101,miles de millones de pesos,dinero,total
2024-06-01,13,Metropolitana de Santiago,compra_interregional,pesos,4636708341504.5,miles de millones de pesos,dinero,total
2024-06-01,13,Metropolitana de Santiago,compra_intrarregional,pesos,17548607569647.0,miles de millones de pesos,dinero,total
2024-06-01,13,Metropolitana de Santiago,facturas_compra_interregional,unidades,2450992.0,miles de unidades,conteo,total
2024-06-01,13,Metropolitana de Santiago,facturas_venta_interregional,unidades,6648417.0,miles de unidades,conteo,total
2024-06-01,13,Metropolitana de Santiago,venta_interregional,pesos,5203591517038.6,miles de millones de pesos,dinero,total
2024-06-01,13,Metropolitana de Santiago,venta_intrarregional,pesos,17548607569647.0,miles de millones de pesos,dinero,total
2024-06-01,14,Los Ríos,compra_interregional,pesos,195122898295.0,miles de millones de pesos,dinero,total
2024-06-01,14,Los Ríos,compra_intrarregional,pesos,104786829266.0,miles de millones de pesos,dinero,total
2024-06-01,14,Los Ríos,facturas_compra_interregional,unidades,342566.0,miles de unidades,conteo,total
2024-06-01,14,Los Ríos,facturas_venta_interregional,unidades,143243.0,miles de unidades,conteo,total
2024-06-01,14,Los Ríos,venta_interregional,pesos,174089898866.0,miles de millones de pesos,dinero,total
2024-06-01,14,Los Ríos,venta_intrarregional,pesos,104786829266.0,miles de millones de pesos,dinero,total
2024-06-01,15,Arica y Parinacota,compra_interregional,pesos,101342845826.81001,miles de millones de pesos,dinero,total
2024-06-01,15,Arica y Parinacota,compra_intrarregional,pesos,46366894543.0,miles de millones de pesos,dinero,total
2024-06-01,15,Arica y Parinacota,facturas_compra_interregional,unidades,126470.0,miles de unidades,conteo,total
2024-06-01,15,Arica y Parinacota,facturas_venta_interregional,unidades,46521.0,miles de unidades,conteo,total
2024-06-01,15,Arica y Parinacota,venta_interregional,pesos,45777559571.0,miles de millones de pesos,dinero,total
2024-06-01,15,Arica y Parinacota,venta_intrarregional,pesos,46366894543.0,miles de millones de pesos,dinero,total
2024-06-01,16,Ñuble,compra_interregional,pesos,215781686572.66,miles de millones de pesos,dinero,total
2024-06-01,16,Ñuble,compra_intrarregional,pesos,133735362353.99998,miles de millones de pesos,dinero,total
2024-06-01,16,Ñuble,facturas_compra_interregional,unidades,317738.0,miles de unidades,conteo,total
2024-06-01,16,Ñuble,facturas_venta_interregional,unidades,174589.0,miles de unidades,conteo,total
2024-06-01,16,Ñuble,venta_interregional,pesos,164421609082.0,miles de millones de pesos,dinero,total
2024-06-01,16,Ñuble,venta_intrarregional,pesos,133735362353.99998,miles de millones de pesos,dinero,total
2024-07-01,01,Tarapacá,compra_interregional,pesos,387743466869.0,miles de millones de pesos,dinero,total
2024-07-01,01,Tarapacá,compra_intrarregional,pesos,130184581916.00002,miles de millones de pesos,dinero,total
2024-07-01,01,Tarapacá,facturas_compra_interregional,unidades,226519.0,miles de unidades,conteo,total
2024-07-01,01,Tarapacá,facturas_venta_interregional,unidades,97674.0,miles de unidades,conteo,total
2024-07-01,01,Tarapacá,venta_interregional,pesos,163751950370.97,miles de millones de pesos,dinero,total
2024-07-01,01,Tarapacá,venta_intrarregional,pesos,130184581916.00002,miles de millones de pesos,dinero,total
2024-07-01,02,Antofagasta,compra_interregional,pesos,748119028513.34,miles de millones de pesos,dinero,total
2024-07-01,02,Antofagasta,compra_intrarregional,pesos,337427251373.0,miles de millones de pesos,dinero,total
2024-07-01,02,Antofagasta,facturas_compra_interregional,unidades,535075.0,miles de unidades,conteo,total
2024-07-01,02,Antofagasta,facturas_venta_interregional,unidades,229500.0,miles de unidades,conteo,total
2024-07-01,02,Antofagasta,venta_interregional,pesos,744957761995.67,miles de millones de pesos,dinero,total
2024-07-01,02,Antofagasta,venta_intrarregional,pesos,337427251373.0,miles de millones de pesos,dinero,total
2024-07-01,03,Atacama,compra_interregional,pesos,226194334356.0,miles de millones de pesos,dinero,total
2024-07-01,03,Atacama,compra_intrarregional,pesos,93831997176.666,miles de millones de pesos,dinero,total
2024-07-01,03,Atacama,facturas_compra_interregional,unidades,244747.0,miles de unidades,conteo,total
2024-07-01,03,Atacama,facturas_venta_interregional,unidades,91083.0,miles de unidades,conteo,total
2024-07-01,03,Atacama,venta_interregional,pesos,169907100731.0,miles de millones de pesos,dinero,total
2024-07-01,03,Atacama,venta_intrarregional,pesos,93831997176.666,miles de millones de pesos,dinero,total
2024-07-01,04,Coquimbo,compra_interregional,pesos,386177748386.66003,miles de millones de pesos,dinero,total
2024-07-01,04,Coquimbo,compra_intrarregional,pesos,230393080456.0,miles de millones de pesos,dinero,total
2024-07-01,04,Coquimbo,facturas_compra_interregional,unidades,566032.0,miles de unidades,conteo,total
2024-07-01,04,Coquimbo,facturas_venta_interregional,unidades,215891.0,miles de unidades,conteo,total
2024-07-01,04,Coquimbo,venta_interregional,pesos,251908105528.29,miles de millones de pesos,dinero,total
2024-07-01,04,Coquimbo,venta_intrarregional,pesos,230393080456.0,miles de millones de pesos,dinero,total
2024-07-01,05,Valparaíso,compra_interregional,pesos,1008801108855.0,miles de millones de pesos,dinero,total
2024-07-01,05,Valparaíso,compra_intrarregional,pesos,637160289096.54,miles de millones de pesos,dinero,total
2024-07-01,05,Valparaíso,facturas_compra_interregional,unidades,1495830.0,miles de unidades,conteo,total
2024-07-01,05,Valparaíso,facturas_venta_interregional,unidades,769958.0,miles de unidades,conteo,total
2024-07-01,05,Valparaíso,venta_interregional,pesos,1733192504150.4001,miles de millones de pesos,dinero,total
2024-07-01,05,Valparaíso,venta_intrarregional,pesos,637160289096.54,miles de millones de pesos,dinero,total
2024-07-01,06,O'Higgins,compra_interregional,pesos,757251060947.26,miles de millones de pesos,dinero,total
2024-07-01,06,O'Higgins,compra_intrarregional,pesos,439975578021.8,miles de millones de pesos,dinero,total
2024-07-01,06,O'Higgins,facturas_compra_interregional,unidades,820968.0,miles de unidades,conteo,total
2024-07-01,06,O'Higgins,facturas_venta_interregional,unidades,312401.0,miles de unidades,conteo,total
2024-07-01,06,O'Higgins,venta_interregional,pesos,485268345135.32996,miles de millones de pesos,dinero,total
2024-07-01,06,O'Higgins,venta_intrarregional,pesos,439975578021.8,miles de millones de pesos,dinero,total
2024-07-01,07,Maule,compra_interregional,pesos,576536355830.5499,miles de millones de pesos,dinero,total
2024-07-01,07,Maule,compra_intrarregional,pesos,456980639696.24,miles de millones de pesos,dinero,total
2024-07-01,07,Maule,facturas_compra_interregional,unidades,764178.0,miles de unidades,conteo,total
2024-07-01,07,Maule,facturas_venta_interregional,unidades,558242.0,miles de unidades,conteo,total
2024-07-01,07,Maule,venta_interregional,pesos,524919927009.2701,miles de millones de pesos,dinero,total
2024-07-01,07,Maule,venta_intrarregional,pesos,456980639696.24,miles de millones de pesos,dinero,total
2024-07-01,08,Biobío,compra_interregional,pesos,860845242246.3201,miles de millones de pesos,dinero,total
2024-07-01,08,Biobío,compra_intrarregional,pesos,692134195770.78,miles de millones de pesos,dinero,total
2024-07-01,08,Biobío,facturas_compra_interregional,unidades,1193181.0,miles de unidades,conteo,total
2024-07-01,08,Biobío,facturas_venta_interregional,unidades,485519.0,miles de unidades,conteo,total
2024-07-01,08,Biobío,venta_interregional,pesos,947600954157.91,miles de millones de pesos,dinero,total
2024-07-01,08,Biobío,venta_intrarregional,pesos,692134195770.78,miles de millones de pesos,dinero,total
2024-07-01,09,La Araucanía,compra_interregional,pesos,376946750420.83997,miles de millones de pesos,dinero,total
2024-07-01,09,La Araucanía,compra_intrarregional,pesos,361885772376.0,miles de millones de pesos,dinero,total
2024-07-01,09,La Araucanía,facturas_compra_interregional,unidades,700690.0,miles de unidades,conteo,total
2024-07-01,09,La Araucanía,facturas_venta_interregional,unidades,336257.0,miles de unidades,conteo,total
2024-07-01,09,La Araucanía,venta_interregional,pesos,335768717398.12,miles de millones de pesos,dinero,total
2024-07-01,09,La Araucanía,venta_intrarregional,pesos,361885772376.0,miles de millones de pesos,dinero,total
2024-07-01,10,Los Lagos,compra_interregional,pesos,818965545351.87,miles de millones de pesos,dinero,total
2024-07-01,10,Los Lagos,compra_intrarregional,pesos,798116897616.5,miles de millones de pesos,dinero,total
2024-07-01,10,Los Lagos,facturas_compra_interregional,unidades,739557.0,miles de unidades,conteo,total
2024-07-01,10,Los Lagos,facturas_venta_interregional,unidades,376546.0,miles de unidades,conteo,total
2024-07-01,10,Los Lagos,venta_interregional,pesos,410655339481.8,miles de millones de pesos,dinero,total
2024-07-01,10,Los Lagos,venta_intrarregional,pesos,798116897616.5,miles de millones de pesos,dinero,total
2024-07-01,11,Aysén,compra_interregional,pesos,42873879639.125,miles de millones de pesos,dinero,total
2024-07-01,11,Aysén,compra_intrarregional,pesos,36011120005.0,miles de millones de pesos,dinero,total
2024-07-01,11,Aysén,facturas_compra_interregional,unidades,99281.0,miles de unidades,conteo,total
2024-07-01,11,Aysén,facturas_venta_interregional,unidades,29383.0,miles de unidades,conteo,total
2024-07-01,11,Aysén,venta_interregional,pesos,28927885784.0,miles de millones de pesos,dinero,total
2024-07-01,11,Aysén,venta_intrarregional,pesos,36011120005.0,miles de millones de pesos,dinero,total
2024-07-01,12,Magallanes,compra_interregional,pesos,127945252721.84999,miles de millones de pesos,dinero,total
2024-07-01,12,Magallanes,compra_intrarregional,pesos,84885505188.491,miles de millones de pesos,dinero,total
2024-07-01,12,Magallanes,facturas_compra_interregional,unidades,139631.0,miles de unidades,conteo,total
2024-07-01,12,Magallanes,facturas_venta_interregional,unidades,32259.999999999996,miles de unidades,conteo,total
2024-07-01,12,Magallanes,venta_interregional,pesos,64220646001.6,miles de millones de pesos,dinero,total
2024-07-01,12,Magallanes,venta_intrarregional,pesos,84885505188.491,miles de millones de pesos,dinero,total
2024-07-01,13,Metropolitana de Santiago,compra_interregional,pesos,5200014220351.7,miles de millones de pesos,dinero,total
2024-07-01,13,Metropolitana de Santiago,compra_intrarregional,pesos,18667748984795.0,miles de millones de pesos,dinero,total
2024-07-01,13,Metropolitana de Santiago,facturas_compra_interregional,unidades,2786415.0,miles de unidades,conteo,total
2024-07-01,13,Metropolitana de Santiago,facturas_venta_interregional,unidades,7236981.0,miles de unidades,conteo,total
2024-07-01,13,Metropolitana de Santiago,venta_interregional,pesos,5793261884260.6,miles de millones de pesos,dinero,total
2024-07-01,13,Metropolitana de Santiago,venta_intrarregional,pesos,18667748984795.0,miles de millones de pesos,dinero,total
2024-07-01,14,Los Ríos,compra_interregional,pesos,226995000114.83,miles de millones de pesos,dinero,total
2024-07-01,14,Los Ríos,compra_intrarregional,pesos,116636082343.0,miles de millones de pesos,dinero,total
2024-07-01,14,Los Ríos,facturas_compra_interregional,unidades,376057.0,miles de unidades,conteo,total
2024-07-01,14,Los Ríos,facturas_venta_interregional,unidades,164446.0,miles de unidades,conteo,total
2024-07-01,14,Los Ríos,venta_interregional,pesos,201198409816.0,miles de millones de pesos,dinero,total
2024-07-01,14,Los Ríos,venta_intrarregional,pesos,116636082343.0,miles de millones de pesos,dinero,total
2024-07-01,15,Arica y Parinacota,compra_interregional,pesos,101737246190.12001,miles de millones de pesos,dinero,total
2024-07-01,15,Arica y Parinacota,compra_intrarregional,pesos,53105875246.0,miles de millones de pesos,dinero,total
2024-07-01,15,Arica y Parinacota,facturas_compra_interregional,unidades,139129.0,miles de unidades,conteo,total
2024-07-01,15,Arica y Parinacota,facturas_venta_interregional,unidades,50846.0,miles de unidades,conteo,total
2024-07-01,15,Arica y Parinacota,venta_interregional,pesos,51435175622.0,miles de millones de pesos,dinero,total
2024-07-01,15,Arica y Parinacota,venta_intrarregional,pesos,53105875246.0,miles de millones de pesos,dinero,total
2024-07-01,16,Ñuble,compra_interregional,pesos,237243439585.57,miles de millones de pesos,dinero,total
2024-07-01,16,Ñuble,compra_intrarregional,pesos,159813805910.0,miles de millones de pesos,dinero,total
2024-07-01,16,Ñuble,facturas_compra_interregional,unidades,360531.0,miles de unidades,conteo,total
2024-07-01,16,Ñuble,facturas_venta_interregional,unidades,200834.0,miles de unidades,conteo,total
2024-07-01,16,Ñuble,venta_interregional,pesos,177414972937.0,miles de millones de pesos,dinero,total
2024-07-01,16,Ñuble,venta_intrarregional,pesos,159813805910.0,miles de millones de pesos,dinero,total
2024-08-01,01,Tarapacá,compra_interregional,pesos,367777432657.5,miles de millones de pesos,dinero,total
2024-08-01,01,Tarapacá,compra_intrarregional,pesos,131172676681.4,miles de millones de pesos,dinero,total
2024-08-01,01,Tarapacá,facturas_compra_interregional,unidades,227883.0,miles de unidades,conteo,total
2024-08-01,01,Tarapacá,facturas_venta_interregional,unidades,95906.0,miles de unidades,conteo,total
2024-08-01,01,Tarapacá,venta_interregional,pesos,163236697855.19998,miles de millones de pesos,dinero,total
2024-08-01,01,Tarapacá,venta_intrarregional,pesos,131172676681.4,miles de millones de pesos,dinero,total
2024-08-01,02,Antofagasta,compra_interregional,pesos,785068951512.53,miles de millones de pesos,dinero,total
2024-08-01,02,Antofagasta,compra_intrarregional,pesos,348691666688.29004,miles de millones de pesos,dinero,total
2024-08-01,02,Antofagasta,facturas_compra_interregional,unidades,535604.0,miles de unidades,conteo,total
2024-08-01,02,Antofagasta,facturas_venta_interregional,unidades,231825.0,miles de unidades,conteo,total
2024-08-01,02,Antofagasta,venta_interregional,pesos,805107219053.8,miles de millones de pesos,dinero,total
2024-08-01,02,Antofagasta,venta_intrarregional,pesos,348691666688.29004,miles de millones de pesos,dinero,total
2024-08-01,03,Atacama,compra_interregional,pesos,225058903174.13998,miles de millones de pesos,dinero,total
2024-08-01,03,Atacama,compra_intrarregional,pesos,96538848675.06601,miles de millones de pesos,dinero,total
2024-08-01,03,Atacama,facturas_compra_interregional,unidades,243810.0,miles de unidades,conteo,total
2024-08-01,03,Atacama,facturas_venta_interregional,unidades,91922.0,miles de unidades,conteo,total
2024-08-01,03,Atacama,venta_interregional,pesos,179963202429.0,miles de millones de pesos,dinero,total
2024-08-01,03,Atacama,venta_intrarregional,pesos,96538848675.06601,miles de millones de pesos,dinero,total
2024-08-01,04,Coquimbo,compra_interregional,pesos,384322417041.23,miles de millones de pesos,dinero,total
2024-08-01,04,Coquimbo,compra_intrarregional,pesos,252766975098.52,miles de millones de pesos,dinero,total
2024-08-01,04,Coquimbo,facturas_compra_interregional,unidades,562886.0,miles de unidades,conteo,total
2024-08-01,04,Coquimbo,facturas_venta_interregional,unidades,214751.0,miles de unidades,conteo,total
2024-08-01,04,Coquimbo,venta_interregional,pesos,258677172524.38,miles de millones de pesos,dinero,total
2024-08-01,04,Coquimbo,venta_intrarregional,pesos,252766975098.52,miles de millones de pesos,dinero,total
2024-08-01,05,Valparaíso,compra_interregional,pesos,1001207881948.3,miles de millones de pesos,dinero,total
2024-08-01,05,Valparaíso,compra_intrarregional,pesos,623302613106.9,miles de millones de pesos,dinero,total
2024-08-01,05,Valparaíso,facturas_compra_interregional,unidades,1463457.0,miles de unidades,conteo,total
2024-08-01,05,Valparaíso,facturas_venta_interregional,unidades,754576.0,miles de unidades,conteo,total
2024-08-01,05,Valparaíso,venta_interregional,pesos,1616875660464.4,miles de millones de pesos,dinero,total
2024-08-01,05,Valparaíso,venta_intrarregional,pesos,623302613106.9,miles de millones de pesos,dinero,total
2024-08-01,06,O'Higgins,compra_interregional,pesos,774775203959.56,miles de millones de pesos,dinero,total
2024-08-01,06,O'Higgins,compra_intrarregional,pesos,440755199051.81,miles de millones de pesos,dinero,total
2024-08-01,06,O'Higgins,facturas_compra_interregional,unidades,824818.0,miles de unidades,conteo,total
2024-08-01,06,O'Higgins,facturas_venta_interregional,unidades,304219.0,miles de unidades,conteo,total
2024-08-01,06,O'Higgins,venta_interregional,pesos,488928726356.7,miles de millones de pesos,dinero,total
2024-08-01,06,O'Higgins,venta_intrarregional,pesos,440755199051.81,miles de millones de pesos,dinero,total
2024-08-01,07,Maule,compra_interregional,pesos,570427464914.33,miles de millones de pesos,dinero,total
2024-08-01,07,Maule,compra_intrarregional,pesos,454355259933.56,miles de millones de pesos,dinero,total
2024-08-01,07,Maule,facturas_compra_interregional,unidades,763264.0,miles de unidades,conteo,total
2024-08-01,07,Maule,facturas_venta_interregional,unidades,561456.0,miles de unidades,conteo,total
2024-08-01,07,Maule,venta_interregional,pesos,517818301765.86005,miles de millones de pesos,dinero,total
2024-08-01,07,Maule,venta_intrarregional,pesos,454355259933.56,miles de millones de pesos,dinero,total
2024-08-01,08,Biobío,compra_interregional,pesos,863533428249.1901,miles de millones de pesos,dinero,total
2024-08-01,08,Biobío,compra_intrarregional,pesos,663881017557.5199,miles de millones de pesos,dinero,total
2024-08-01,08,Biobío,facturas_compra_interregional,unidades,1196658.0,miles de unidades,conteo,total
2024-08-01,08,Biobío,facturas_venta_interregional,unidades,478452.0,miles de unidades,conteo,total
2024-08-01,08,Biobío,venta_interregional,pesos,936069124864.62,miles de millones de pesos,dinero,total
2024-08-01,08,Biobío,venta_intrarregional,pesos,663881017557.5199,miles de millones de pesos,dinero,total
2024-08-01,09,La Araucanía,compra_interregional,pesos,381727845954.14996,miles de millones de pesos,dinero,total
2024-08-01,09,La Araucanía,compra_intrarregional,pesos,346402628388.47003,miles de millones de pesos,dinero,total
2024-08-01,09,La Araucanía,facturas_compra_interregional,unidades,697488.0,miles de unidades,conteo,total
2024-08-01,09,La Araucanía,facturas_venta_interregional,unidades,333869.0,miles de unidades,conteo,total
2024-08-01,09,La Araucanía,venta_interregional,pesos,323494366760.75,miles de millones de pesos,dinero,total
2024-08-01,09,La Araucanía,venta_intrarregional,pesos,346402628388.47003,miles de millones de pesos,dinero,total
2024-08-01,10,Los Lagos,compra_interregional,pesos,830978981796.55,miles de millones de pesos,dinero,total
2024-08-01,10,Los Lagos,compra_intrarregional,pesos,783602646925.24,miles de millones de pesos,dinero,total
2024-08-01,10,Los Lagos,facturas_compra_interregional,unidades,748166.0,miles de unidades,conteo,total
2024-08-01,10,Los Lagos,facturas_venta_interregional,unidades,384572.0,miles de unidades,conteo,total
2024-08-01,10,Los Lagos,venta_interregional,pesos,417718330564.09,miles de millones de pesos,dinero,total
2024-08-01,10,Los Lagos,venta_intrarregional,pesos,783602646925.24,miles de millones de pesos,dinero,total
2024-08-01,11,Aysén,compra_interregional,pesos,43797337543.5,miles de millones de pesos,dinero,total
2024-08-01,11,Aysén,compra_intrarregional,pesos,36434521093.866005,miles de millones de pesos,dinero,total
2024-08-01,11,Aysén,facturas_compra_interregional,unidades,103351.0,miles de unidades,conteo,total
2024-08-01,11,Aysén,facturas_venta_interregional,unidades,30062.0,miles de unidades,conteo,total
2024-08-01,11,Aysén,venta_interregional,pesos,28843412410.366,miles de millones de pesos,dinero,total
2024-08-01,11,Aysén,venta_intrarregional,pesos,36434521093.866005,miles de millones de pesos,dinero,total
2024-08-01,12,Magallanes,compra_interregional,pesos,128673298671.15001,miles de millones de pesos,dinero,total
2024-08-01,12,Magallanes,compra_intrarregional,pesos,89779631184.291,miles de millones de pesos,dinero,total
2024-08-01,12,Magallanes,facturas_compra_interregional,unidades,141432.0,miles de unidades,conteo,total
2024-08-01,12,Magallanes,facturas_venta_interregional,unidades,34038.0,miles de unidades,conteo,total
2024-08-01,12,Magallanes,venta_interregional,pesos,66362777885.0,miles de millones de pesos,dinero,total
2024-08-01,12,Magallanes,venta_intrarregional,pesos,89779631184.291,miles de millones de pesos,dinero,total
2024-08-01,13,Metropolitana de Santiago,compra_interregional,pesos,5155096610450.101,miles de millones de pesos,dinero,total
2024-08-01,13,Metropolitana de Santiago,compra_intrarregional,pesos,18723204502464.0,miles de millones de pesos,dinero,total
2024-08-01,13,Metropolitana de Santiago,facturas_compra_interregional,unidades,2769868.0,miles de unidades,conteo,total
2024-08-01,13,Metropolitana de Santiago,facturas_venta_interregional,unidades,7228243.0,miles de unidades,conteo,total
2024-08-01,13,Metropolitana de Santiago,venta_interregional,pesos,5871253209462.7,miles de millones de pesos,dinero,total
2024-08-01,13,Metropolitana de Santiago,venta_intrarregional,pesos,18723204502464.0,miles de millones de pesos,dinero,total
2024-08-01,14,Los Ríos,compra_interregional,pesos,235250374359.68,miles de millones de pesos,dinero,total
2024-08-01,14,Los Ríos,compra_intrarregional,pesos,115435044989.6,miles de millones de pesos,dinero,total
2024-08-01,14,Los Ríos,facturas_compra_interregional,unidades,378761.0,miles de unidades,conteo,total
2024-08-01,14,Los Ríos,facturas_venta_interregional,unidades,165990.0,miles de unidades,conteo,total
2024-08-01,14,Los Ríos,venta_interregional,pesos,183514700250.0,miles de millones de pesos,dinero,total
2024-08-01,14,Los Ríos,venta_intrarregional,pesos,115435044989.6,miles de millones de pesos,dinero,total
2024-08-01,15,Arica y Parinacota,compra_interregional,pesos,101329282260.73,miles de millones de pesos,dinero,total
2024-08-01,15,Arica y Parinacota,compra_intrarregional,pesos,50260483780.0,miles de millones de pesos,dinero,total
2024-08-01,15,Arica y Parinacota,facturas_compra_interregional,unidades,137258.0,miles de unidades,conteo,total
2024-08-01,15,Arica y Parinacota,facturas_venta_interregional,unidades,53009.0,miles de unidades,conteo,total
2024-08-01,15,Arica y Parinacota,venta_interregional,pesos,51359392662.0,miles de millones de pesos,dinero,total
2024-08-01,15,Arica y Parinacota,venta_intrarregional,pesos,50260483780.0,miles de millones de pesos,dinero,total
2024-08-01,16,Ñuble,compra_interregional,pesos,235936135276.15,miles de millones de pesos,dinero,total
2024-08-01,16,Ñuble,compra_intrarregional,pesos,154597388605.25,miles de millones de pesos,dinero,total
2024-08-01,16,Ñuble,facturas_compra_interregional,unidades,363275.0,miles de unidades,conteo,total
2024-08-01,16,Ñuble,facturas_venta_interregional,unidades,195089.0,miles de unidades,conteo,total
2024-08-01,16,Ñuble,venta_interregional,pesos,175739254459.79,miles de millones de pesos,dinero,total
2024-08-01,16,Ñuble,venta_intrarregional,pesos,154597388605.25,miles de millones de pesos,dinero,total
2024-09-01,01,Tarapacá,compra_interregional,pesos,341663598173.19,miles de millones de pesos,dinero,total
2024-09-01,01,Tarapacá,compra_intrarregional,pesos,124859551163.4,miles de millones de pesos,dinero,total
2024-09-01,01,Tarapacá,facturas_compra_interregional,unidades,211630.0,miles de unidades,conteo,total
2024-09-01,01,Tarapacá,facturas_venta_interregional,unidades,82935.0,miles de unidades,conteo,total
2024-09-01,01,Tarapacá,venta_interregional,pesos,130604840011.18999,miles de millones de pesos,dinero,total
2024-09-01,01,Tarapacá,venta_intrarregional,pesos,124859551163.4,miles de millones de pesos,dinero,total
2024-09-01,02,Antofagasta,compra_interregional,pesos,678509221181.11,miles de millones de pesos,dinero,total
2024-09-01,02,Antofagasta,compra_intrarregional,pesos,306598136052.50995,miles de millones de pesos,dinero,total
2024-09-01,02,Antofagasta,facturas_compra_interregional,unidades,482879.0,miles de unidades,conteo,total
2024-09-01,02,Antofagasta,facturas_venta_interregional,unidades,199349.0,miles de unidades,conteo,total
2024-09-01,02,Antofagasta,venta_interregional,pesos,701315129638.5701,miles de millones de pesos,dinero,total
2024-09-01,02,Antofagasta,venta_intrarregional,pesos,306598136052.50995,miles de millones de pesos,dinero,total
2024-09-01,03,Atacama,compra_interregional,pesos,200857649180.0,miles de millones de pesos,dinero,total
2024-09-01,03,Atacama,compra_intrarregional,pesos,99288930071.122,miles de millones de pesos,dinero,total
2024-09-01,03,Atacama,facturas_compra_interregional,unidades,222036.0,miles de unidades,conteo,total
2024-09-01,03,Atacama,facturas_venta_interregional,unidades,81193.0,miles de unidades,conteo,total
2024-09-01,03,Atacama,venta_interregional,pesos,158390691397.56,miles de millones de pesos,dinero,total
2024-09-01,03,Atacama,venta_intrarregional,pesos,99288930071.122,miles de millones de pesos,dinero,total
2024-09-01,04,Coquimbo,compra_interregional,pesos,359722853021.33,miles de millones de pesos,dinero,total
2024-09-01,04,Coquimbo,compra_intrarregional,pesos,224611272061.4,miles de millones de pesos,dinero,total
2024-09-01,04,Coquimbo,facturas_compra_interregional,unidades,513753.00000000006,miles de unidades,conteo,total
2024-09-01,04,Coquimbo,facturas_venta_interregional,unidades,198193.0,miles de unidades,conteo,total
2024-09-01,04,Coquimbo,venta_interregional,pesos,238485212233.12,miles de millones de pesos,dinero,total
2024-09-01,04,Coquimbo,venta_intrarregional,pesos,224611272061.4,miles de millones de pesos,dinero,total
2024-09-01,05,Valparaíso,compra_interregional,pesos,962709684692.44,miles de millones de pesos,dinero,total
2024-09-01,05,Valparaíso,compra_intrarregional,pesos,629850527519.0701,miles de millones de pesos,dinero,total
2024-09-01,05,Valparaíso,facturas_compra_interregional,unidades,1341421.0,miles de unidades,conteo,total
2024-09-01,05,Valparaíso,facturas_venta_interregional,unidades,680414.0,miles de unidades,conteo,total
2024-09-01,05,Valparaíso,venta_interregional,pesos,1465955726206.0,miles de millones de pesos,dinero,total
2024-09-01,05,Valparaíso,venta_intrarregional,pesos,629850527519.0701,miles de millones de pesos,dinero,total
2024-09-01,06,O'Higgins,compra_interregional,pesos,734541887640.03,miles de millones de pesos,dinero,total
2024-09-01,06,O'Higgins,compra_intrarregional,pesos,410190101688.81,miles de millones de pesos,dinero,total
2024-09-01,06,O'Higgins,facturas_compra_interregional,unidades,768580.0,miles de unidades,conteo,total
2024-09-01,06,O'Higgins,facturas_venta_interregional,unidades,276512.0,miles de unidades,conteo,total
2024-09-01,06,O'Higgins,venta_interregional,pesos,441540257792.66,miles de millones de pesos,dinero,total
2024-09-01,06,O'Higgins,venta_intrarregional,pesos,410190101688.81,miles de millones de pesos,dinero,total
2024-09-01,07,Maule,compra_interregional,pesos,518363385537.28,miles de millones de pesos,dinero,total
2024-09-01,07,Maule,compra_intrarregional,pesos,415197496632.51,miles de millones de pesos,dinero,total
2024-09-01,07,Maule,facturas_compra_interregional,unidades,700248.0,miles de unidades,conteo,total
2024-09-01,07,Maule,facturas_venta_interregional,unidades,495283.0,miles de unidades,conteo,total
2024-09-01,07,Maule,venta_interregional,pesos,464479499124.41,miles de millones de pesos,dinero,total
2024-09-01,07,Maule,venta_intrarregional,pesos,415197496632.51,miles de millones de pesos,dinero,total
2024-09-01,08,Biobío,compra_interregional,pesos,806912886357.61,miles de millones de pesos,dinero,total
2024-09-01,08,Biobío,compra_intrarregional,pesos,615164183317.76,miles de millones de pesos,dinero,total
2024-09-01,08,Biobío,facturas_compra_interregional,unidades,1071436.0,miles de unidades,conteo,total
2024-09-01,08,Biobío,facturas_venta_interregional,unidades,428422.0,miles de unidades,conteo,total
2024-09-01,08,Biobío,venta_interregional,pesos,863404685284.5,miles de millones de pesos,dinero,total
2024-09-01,08,Biobío,venta_intrarregional,pesos,615164183317.76,miles de millones de pesos,dinero,total
2024-09-01,09,La Araucanía,compra_interregional,pesos,354746297685.27,miles de millones de pesos,dinero,total
2024-09-01,09,La Araucanía,compra_intrarregional,pesos,307432969350.11,miles de millones de pesos,dinero,total
2024-09-01,09,La Araucanía,facturas_compra_interregional,unidades,634804.0,miles de unidades,conteo,total
2024-09-01,09,La Araucanía,facturas_venta_interregional,unidades,292411.0,miles de unidades,conteo,total
2024-09-01,09,La Araucanía,venta_interregional,pesos,325013491177.58,miles de millones de pesos,dinero,total
2024-09-01,09,La Araucanía,venta_intrarregional,pesos,307432969350.11,miles de millones de pesos,dinero,total
2024-09-01,10,Los Lagos,compra_interregional,pesos,735635381763.86,miles de millones de pesos,dinero,total
2024-09-01,10,Los Lagos,compra_intrarregional,pesos,729862174883.18,miles de millones de pesos,dinero,total
2024-09-01,10,Los Lagos,facturas_compra_interregional,unidades,672305.0,miles de unidades,conteo,total
2024-09-01,10,Los Lagos,facturas_venta_interregional,unidades,342945.0,miles de unidades,conteo,total
2024-09-01,10,Los Lagos,venta_interregional,pesos,375551770598.39,miles de millones de pesos,dinero,total
2024-09-01,10,Los Lagos,venta_intrarregional,pesos,729862174883.18,miles de millones de pesos,dinero,total
2024-09-01,11,Aysén,compra_interregional,pesos,46355169077.875,miles de millones de pesos,dinero,total
2024-09-01,11,Aysén,compra_intrarregional,pesos,36235528900.153,miles de millones de pesos,dinero,total
2024-09-01,11,Aysén,facturas_compra_interregional,unidades,95061.0,miles de unidades,conteo,total
2024-09-01,11,Aysén,facturas_venta_interregional,unidades,27576.0,miles de unidades,conteo,total
2024-09-01,11,Aysén,venta_interregional,pesos,27158771347.716003,miles de millones de pesos,dinero,total
2024-09-01,11,Aysén,venta_intrarregional,pesos,36235528900.153,miles de millones de pesos,dinero,total
2024-09-01,12,Magallanes,compra_interregional,pesos,126928583580.88,miles de millones de pesos,dinero,total
2024-09-01,12,Magallanes,compra_intrarregional,pesos,82381981583.626,miles de millones de pesos,dinero,total
2024-09-01,12,Magallanes,facturas_compra_interregional,unidades,129157.00000000001,miles de unidades,conteo,total
2024-09-01,12,Magallanes,facturas_venta_interregional,unidades,29785.0,miles de unidades,conteo,total
2024-09-01,12,Magallanes,venta_interregional,pesos,61048585404.0,miles de millones de pesos,dinero,total
2024-09-01,12,Magallanes,venta_intrarregional,pesos,82381981583.626,miles de millones de pesos,dinero,total
2024-09-01,13,Metropolitana de Santiago,compra_interregional,pesos,4645380563039.4,miles de millones de pesos,dinero,total
2024-09-01,13,Metropolitana de Santiago,compra_intrarregional,pesos,17940547588079.0,miles de millones de pesos,dinero,total
2024-09-01,13,Metropolitana de Santiago,facturas_compra_interregional,unidades,2472879.0,miles de unidades,conteo,total
2024-09-01,13,Metropolitana de Santiago,facturas_venta_interregional,unidades,6602837.0,miles de unidades,conteo,total
2024-09-01,13,Metropolitana de Santiago,venta_interregional,pesos,5383568733406.8,miles de millones de pesos,dinero,total
2024-09-01,13,Metropolitana de Santiago,venta_intrarregional,pesos,17940547588079.0,miles de millones de pesos,dinero,total
2024-09-01,14,Los Ríos,compra_interregional,pesos,211187151312.02002,miles de millones de pesos,dinero,total
2024-09-01,14,Los Ríos,compra_intrarregional,pesos,113377964234.0,miles de millones de pesos,dinero,total
2024-09-01,14,Los Ríos,facturas_compra_interregional,unidades,343117.0,miles de unidades,conteo,total
2024-09-01,14,Los Ríos,facturas_venta_interregional,unidades,164601.0,miles de unidades,conteo,total
2024-09-01,14,Los Ríos,venta_interregional,pesos,172486462301.0,miles de millones de pesos,dinero,total
2024-09-01,14,Los Ríos,venta_intrarregional,pesos,113377964234.0,miles de millones de pesos,dinero,total
2024-09-01,15,Arica y Parinacota,compra_interregional,pesos,88752809517.4,miles de millones de pesos,dinero,total
2024-09-01,15,Arica y Parinacota,compra_intrarregional,pesos,46773842951.0,miles de millones de pesos,dinero,total
2024-09-01,15,Arica y Parinacota,facturas_compra_interregional,unidades,126237.0,miles de unidades,conteo,total
2024-09-01,15,Arica y Parinacota,facturas_venta_interregional,unidades,48020.0,miles de unidades,conteo,total
2024-09-01,15,Arica y Parinacota,venta_interregional,pesos,45902407332.0,miles de millones de pesos,dinero,total
2024-09-01,15,Arica y Parinacota,venta_intrarregional,pesos,46773842951.0,miles de millones de pesos,dinero,total
2024-09-01,16,Ñuble,compra_interregional,pesos,203621985208.79,miles de millones de pesos,dinero,total
2024-09-01,16,Ñuble,compra_intrarregional,pesos,146810810217.96002,miles de millones de pesos,dinero,total
2024-09-01,16,Ñuble,facturas_compra_interregional,unidades,331719.0,miles de unidades,conteo,total
2024-09-01,16,Ñuble,facturas_venta_interregional,unidades,166786.0,miles de unidades,conteo,total
2024-09-01,16,Ñuble,venta_interregional,pesos,160982843713.0,miles de millones de pesos,dinero,total
2024-09-01,16,Ñuble,venta_intrarregional,pesos,146810810217.96002,miles de millones de pesos,dinero,total
2024-10-01,01,Tarapacá,compra_interregional,pesos,366959321355.93,miles de millones de pesos,dinero,total
2024-10-01,01,Tarapacá,compra_intrarregional,pesos,148378773216.19998,miles de millones de pesos,dinero,total
2024-10-01,01,Tarapacá,facturas_compra_interregional,unidades,235808.0,miles de unidades,conteo,total
2024-10-01,01,Tarapacá,facturas_venta_interregional,unidades,98556.0,miles de unidades,conteo,total
2024-10-01,01,Tarapacá,venta_interregional,pesos,165375676647.34998,miles de millones de pesos,dinero,total
2024-10-01,01,Tarapacá,venta_intrarregional,pesos,148378773216.19998,miles de millones de pesos,dinero,total
2024-10-01,02,Antofagasta,compra_interregional,pesos,748124228692.32,miles de millones de pesos,dinero,total
2024-10-01,02,Antofagasta,compra_intrarregional,pesos,342938768953.73,miles de millones de pesos,dinero,total
2024-10-01,02,Antofagasta,facturas_compra_interregional,unidades,546223.0,miles de unidades,conteo,total
2024-10-01,02,Antofagasta,facturas_venta_interregional,unidades,240347.0,miles de unidades,conteo,total
2024-10-01,02,Antofagasta,venta_interregional,pesos,783480117522.74,miles de millones de pesos,dinero,total
2024-10-01,02,Antofagasta,venta_intrarregional,pesos,342938768953.73,miles de millones de pesos,dinero,total
2024-10-01,03,Atacama,compra_interregional,pesos,223936060168.91,miles de millones de pesos,dinero,total
2024-10-01,03,Atacama,compra_intrarregional,pesos,126008703051.31999,miles de millones de pesos,dinero,total
2024-10-01,03,Atacama,facturas_compra_interregional,unidades,258416.0,miles de unidades,conteo,total
2024-10-01,03,Atacama,facturas_venta_interregional,unidades,97023.0,miles de unidades,conteo,total
2024-10-01,03,Atacama,venta_interregional,pesos,168820678550.63,miles de millones de pesos,dinero,total
2024-10-01,03,Atacama,venta_intrarregional,pesos,126008703051.31999,miles de millones de pesos,dinero,total
2024-10-01,04,Coquimbo,compra_interregional,pesos,394834277924.88,miles de millones de pesos,dinero,total
2024-10-01,04,Coquimbo,compra_intrarregional,pesos,254627633495.3,miles de millones de pesos,dinero,total
2024-10-01,04,Coquimbo,facturas_compra_interregional,unidades,587258.0,miles de unidades,conteo,total
2024-10-01,04,Coquimbo,facturas_venta_interregional,unidades,239414.0,miles de unidades,conteo,total
2024-10-01,04,Coquimbo,venta_interregional,pesos,278497790866.81,miles de millones de pesos,dinero,total
2024-10-01,04,Coquimbo,venta_intrarregional,pesos,254627633495.3,miles de millones de pesos,dinero,total
2024-10-01,05,Valparaíso,compra_interregional,pesos,1109883217547.4,miles de millones de pesos,dinero,total
2024-10-01,05,Valparaíso,compra_intrarregional,pesos,697377620901.94,miles de millones de pesos,dinero,total
2024-10-01,05,Valparaíso,facturas_compra_interregional,unidades,1529452.0,miles de unidades,conteo,total
2024-10-01,05,Valparaíso,facturas_venta_interregional,unidades,787293.0,miles de unidades,conteo,total
2024-10-01,05,Valparaíso,venta_interregional,pesos,1614427225777.9001,miles de millones de pesos,dinero,total
2024-10-01,05,Valparaíso,venta_intrarregional,pesos,697377620901.94,miles de millones de pesos,dinero,total
2024-10-01,06,O'Higgins,compra_interregional,pesos,827634382435.99,miles de millones de pesos,dinero,total
2024-10-01,06,O'Higgins,compra_intrarregional,pesos,447674681315.83,miles de millones de pesos,dinero,total
2024-10-01,06,O'Higgins,facturas_compra_interregional,unidades,885145.0,miles de unidades,conteo,total
2024-10-01,06,O'Higgins,facturas_venta_interregional,unidades,330218.0,miles de unidades,conteo,total
2024-10-01,06,O'Higgins,venta_interregional,pesos,498540134846.82996,miles de millones de pesos,dinero,total
2024-10-01,06,O'Higgins,venta_intrarregional,pesos,447674681315.83,miles de millones de pesos,dinero,total
2024-10-01,07,Maule,compra_interregional,pesos,627189212792.98,miles de millones de pesos,dinero,total
2024-10-01,07,Maule,compra_intrarregional,pesos,506605019758.77997,miles de millones de pesos,dinero,total
2024-10-01,07,Maule,facturas_compra_interregional,unidades,809890.0,miles de unidades,conteo,total
2024-10-01,07,Maule,facturas_venta_interregional,unidades,591590.0,miles de unidades,conteo,total
2024-10-01,07,Maule,venta_interregional,pesos,531259692575.42,miles de millones de pesos,dinero,total
2024-10-01,07,Maule,venta_intrarregional,pesos,506605019758.77997,miles de millones de pesos,dinero,total
2024-10-01,08,Biobío,compra_interregional,pesos,856471707726.1,miles de millones de pesos,dinero,total
2024-10-01,08,Biobío,compra_intrarregional,pesos,703192229772.3201,miles de millones de pesos,dinero,total
2024-10-01,08,Biobío,facturas_compra_interregional,unidades,1252418.0,miles de unidades,conteo,total
2024-10-01,08,Biobío,facturas_venta_interregional,unidades,506675.0,miles de unidades,conteo,total
2024-10-01,08,Biobío,venta_interregional,pesos,1001584475542.7001,miles de millones de pesos,dinero,total
2024-10-01,08,Biobío,venta_intrarregional,pesos,703192229772.3201,miles de millones de pesos,dinero,total
2024-10-01,09,La Araucanía,compra_interregional,pesos,414223865007.47003,miles de millones de pesos,dinero,total
2024-10-01,09,La Araucanía,compra_intrarregional,pesos,364454977777.08,miles de millones de pesos,dinero,total
2024-10-01,09,La Araucanía,facturas_compra_interregional,unidades,740147.0,miles de unidades,conteo,total
2024-10-01,09,La Araucanía,facturas_venta_interregional,unidades,354126.0,miles de unidades,conteo,total
2024-10-01,09,La Araucanía,venta_interregional,pesos,356277211887.69,miles de millones de pesos,dinero,total
2024-10-01,09,La Araucanía,venta_intrarregional,pesos,364454977777.08,miles de millones de pesos,dinero,total
2024-10-01,10,Los Lagos,compra_interregional,pesos,826219274806.11,miles de millones de pesos,dinero,total
2024-10-01,10,Los Lagos,compra_intrarregional,pesos,816438508662.2,miles de millones de pesos,dinero,total
2024-10-01,10,Los Lagos,facturas_compra_interregional,unidades,789484.0,miles de unidades,conteo,total
2024-10-01,10,Los Lagos,facturas_venta_interregional,unidades,405185.0,miles de unidades,conteo,total
2024-10-01,10,Los Lagos,venta_interregional,pesos,451551403642.02997,miles de millones de pesos,dinero,total
2024-10-01,10,Los Lagos,venta_intrarregional,pesos,816438508662.2,miles de millones de pesos,dinero,total
2024-10-01,11,Aysén,compra_interregional,pesos,50200787325.063995,miles de millones de pesos,dinero,total
2024-10-01,11,Aysén,compra_intrarregional,pesos,38480607196.123,miles de millones de pesos,dinero,total
2024-10-01,11,Aysén,facturas_compra_interregional,unidades,115890.0,miles de unidades,conteo,total
2024-10-01,11,Aysén,facturas_venta_interregional,unidades,33674.0,miles de unidades,conteo,total
2024-10-01,11,Aysén,venta_interregional,pesos,31287466678.25,miles de millones de pesos,dinero,total
2024-10-01,11,Aysén,venta_intrarregional,pesos,38480607196.123,miles de millones de pesos,dinero,total
2024-10-01,12,Magallanes,compra_interregional,pesos,142892624139.30002,miles de millones de pesos,dinero,total
2024-10-01,12,Magallanes,compra_intrarregional,pesos,103016304171.61,miles de millones de pesos,dinero,total
2024-10-01,12,Magallanes,facturas_compra_interregional,unidades,152954.0,miles de unidades,conteo,total
2024-10-01,12,Magallanes,facturas_venta_interregional,unidades,38947.0,miles de unidades,conteo,total
2024-10-01,12,Magallanes,venta_interregional,pesos,78471492433.75,miles de millones de pesos,dinero,total
2024-10-01,12,Magallanes,venta_intrarregional,pesos,103016304171.61,miles de millones de pesos,dinero,total
2024-10-01,13,Metropolitana de Santiago,compra_interregional,pesos,5341442417982.3,miles de millones de pesos,dinero,total
2024-10-01,13,Metropolitana de Santiago,compra_intrarregional,pesos,19519449017533.0,miles de millones de pesos,dinero,total
2024-10-01,13,Metropolitana de Santiago,facturas_compra_interregional,unidades,2955063.0,miles de unidades,conteo,total
2024-10-01,13,Metropolitana de Santiago,facturas_venta_interregional,unidades,7570365.0,miles de unidades,conteo,total
2024-10-01,13,Metropolitana de Santiago,venta_interregional,pesos,6131149863914.0,miles de millones de pesos,dinero,total
2024-10-01,13,Metropolitana de Santiago,venta_intrarregional,pesos,19519449017533.0,miles de millones de pesos,dinero,total
2024-10-01,14,Los Ríos,compra_interregional,pesos,258898337497.96997,miles de millones de pesos,dinero,total
2024-10-01,14,Los Ríos,compra_intrarregional,pesos,130604725013.94,miles de millones de pesos,dinero,total
2024-10-01,14,Los Ríos,facturas_compra_interregional,unidades,404671.0,miles de unidades,conteo,total
2024-10-01,14,Los Ríos,facturas_venta_interregional,unidades,250228.0,miles de unidades,conteo,total
2024-10-01,14,Los Ríos,venta_interregional,pesos,214741401311.44,miles de millones de pesos,dinero,total
2024-10-01,14,Los Ríos,venta_intrarregional,pesos,130604725013.94,miles de millones de pesos,dinero,total
2024-10-01,15,Arica y Parinacota,compra_interregional,pesos,109972394465.02,miles de millones de pesos,dinero,total
2024-10-01,15,Arica y Parinacota,compra_intrarregional,pesos,51424879298.777,miles de millones de pesos,dinero,total
2024-10-01,15,Arica y Parinacota,facturas_compra_interregional,unidades,139981.0,miles de unidades,conteo,total
2024-10-01,15,Arica y Parinacota,facturas_venta_interregional,unidades,54455.0,miles de unidades,conteo,total
2024-10-01,15,Arica y Parinacota,venta_interregional,pesos,52723530124.0,miles de millones de pesos,dinero,total
2024-10-01,15,Arica y Parinacota,venta_intrarregional,pesos,51424879298.777,miles de millones de pesos,dinero,total
2024-10-01,16,Ñuble,compra_interregional,pesos,238567289072.53,miles de millones de pesos,dinero,total
2024-10-01,16,Ñuble,compra_intrarregional,pesos,156184892050.02002,miles de millones de pesos,dinero,total
2024-10-01,16,Ñuble,facturas_compra_interregional,unidades,386493.0,miles de unidades,conteo,total
2024-10-01,16,Ñuble,facturas_venta_interregional,unidades,191197.0,miles de unidades,conteo,total
2024-10-01,16,Ñuble,venta_interregional,pesos,179261236618.73,miles de millones de pesos,dinero,total
2024-10-01,16,Ñuble,venta_intrarregional,pesos,156184892050.02002,miles de millones de pesos,dinero,total
2024-11-01,01,Tarapacá,compra_interregional,pesos,342454994967.78,miles de millones de pesos,dinero,total
2024-11-01,01,Tarapacá,compra_intrarregional,pesos,150656284300.3,miles de millones de pesos,dinero,total
2024-11-01,01,Tarapacá,facturas_compra_interregional,unidades,230417.0,miles de unidades,conteo,total
2024-11-01,01,Tarapacá,facturas_venta_interregional,unidades,98202.0,miles de unidades,conteo,total
2024-11-01,01,Tarapacá,venta_interregional,pesos,170967548443.27002,miles de millones de pesos,dinero,total
2024-11-01,01,Tarapacá,venta_intrarregional,pesos,150656284300.3,miles de millones de pesos,dinero,total
2024-11-01,02,Antofagasta,compra_interregional,pesos,807795440957.89,miles de millones de pesos,dinero,total
2024-11-01,02,Antofagasta,compra_intrarregional,pesos,350906018010.79,miles de millones de pesos,dinero,total
2024-11-01,02,Antofagasta,facturas_compra_interregional,unidades,522119.0,miles de unidades,conteo,total
2024-11-01,02,Antofagasta,facturas_venta_interregional,unidades,232273.0,miles de unidades,conteo,total
2024-11-01,02,Antofagasta,venta_interregional,pesos,783232622474.41,miles de millones de pesos,dinero,total
2024-11-01,02,Antofagasta,venta_intrarregional,pesos,350906018010.79,miles de millones de pesos,dinero,total
2024-11-01,03,Atacama,compra_interregional,pesos,232550830899.61,miles de millones de pesos,dinero,total
2024-11-01,03,Atacama,compra_intrarregional,pesos,132356528847.01,miles de millones de pesos,dinero,total
2024-11-01,03,Atacama,facturas_compra_interregional,unidades,248367.0,miles de unidades,conteo,total
2024-11-01,03,Atacama,facturas_venta_interregional,unidades,93345.0,miles de unidades,conteo,total
2024-11-01,03,Atacama,venta_interregional,pesos,172233482987.28,miles de millones de pesos,dinero,total
2024-11-01,03,Atacama,venta_intrarregional,pesos,132356528847.01,miles de millones de pesos,dinero,total
2024-11-01,04,Coquimbo,compra_interregional,pesos,382113269963.0,miles de millones de pesos,dinero,total
2024-11-01,04,Coquimbo,compra_intrarregional,pesos,259274023697.19998,miles de millones de pesos,dinero,total
2024-11-01,04,Coquimbo,facturas_compra_interregional,unidades,568569.0,miles de unidades,conteo,total
2024-11-01,04,Coquimbo,facturas_venta_interregional,unidades,219950.0,miles de unidades,conteo,total
2024-11-01,04,Coquimbo,venta_interregional,pesos,264457546678.93,miles de millones de pesos,dinero,total
2024-11-01,04,Coquimbo,venta_intrarregional,pesos,259274023697.19998,miles de millones de pesos,dinero,total
2024-11-01,05,Valparaíso,compra_interregional,pesos,1058452240982.2,miles de millones de pesos,dinero,total
2024-11-01,05,Valparaíso,compra_intrarregional,pesos,689662758505.9,miles de millones de pesos,dinero,total
2024-11-01,05,Valparaíso,facturas_compra_interregional,unidades,1477760.0,miles de unidades,conteo,total
2024-11-01,05,Valparaíso,facturas_venta_interregional,unidades,767297.0,miles de unidades,conteo,total
2024-11-01,05,Valparaíso,venta_interregional,pesos,1594062942398.0999,miles de millones de pesos,dinero,total
2024-11-01,05,Valparaíso,venta_intrarregional,pesos,689662758505.9,miles de millones de pesos,dinero,total
2024-11-01,06,O'Higgins,compra_interregional,pesos,882605948038.5,miles de millones de pesos,dinero,total
2024-11-01,06,O'Higgins,compra_intrarregional,pesos,538422554791.38,miles de millones de pesos,dinero,total
2024-11-01,06,O'Higgins,facturas_compra_interregional,unidades,861550.0,miles de unidades,conteo,total
2024-11-01,06,O'Higgins,facturas_venta_interregional,unidades,327410.0,miles de unidades,conteo,total
2024-11-01,06,O'Higgins,venta_interregional,pesos,538520451065.69995,miles de millones de pesos,dinero,total
2024-11-01,06,O'Higgins,venta_intrarregional,pesos,538422554791.38,miles de millones de pesos,dinero,total
2024-11-01,07,Maule,compra_interregional,pesos,623136719669.2101,miles de millones de pesos,dinero,total
2024-11-01,07,Maule,compra_intrarregional,pesos,572125613099.12,miles de millones de pesos,dinero,total
2024-11-01,07,Maule,facturas_compra_interregional,unidades,787354.0,miles de unidades,conteo,total
2024-11-01,07,Maule,facturas_venta_interregional,unidades,571286.0,miles de unidades,conteo,total
2024-11-01,07,Maule,venta_interregional,pesos,553551891232.94,miles de millones de pesos,dinero,total
2024-11-01,07,Maule,venta_intrarregional,pesos,572125613099.12,miles de millones de pesos,dinero,total
2024-11-01,08,Biobío,compra_interregional,pesos,846945183080.64,miles de millones de pesos,dinero,total
2024-11-01,08,Biobío,compra_intrarregional,pesos,698831953277.52,miles de millones de pesos,dinero,total
2024-11-01,08,Biobío,facturas_compra_interregional,unidades,1212849.0,miles de unidades,conteo,total
2024-11-01,08,Biobío,facturas_venta_interregional,unidades,495423.0,miles de unidades,conteo,total
2024-11-01,08,Biobío,venta_interregional,pesos,986169649706.87,miles de millones de pesos,dinero,total
2024-11-01,08,Biobío,venta_intrarregional,pesos,698831953277.52,miles de millones de pesos,dinero,total
2024-11-01,09,La Araucanía,compra_interregional,pesos,403528717244.18,miles de millones de pesos,dinero,total
2024-11-01,09,La Araucanía,compra_intrarregional,pesos,390141937905.86,miles de millones de pesos,dinero,total
2024-11-01,09,La Araucanía,facturas_compra_interregional,unidades,721716.0,miles de unidades,conteo,total
2024-11-01,09,La Araucanía,facturas_venta_interregional,unidades,342736.0,miles de unidades,conteo,total
2024-11-01,09,La Araucanía,venta_interregional,pesos,336156601464.77,miles de millones de pesos,dinero,total
2024-11-01,09,La Araucanía,venta_intrarregional,pesos,390141937905.86,miles de millones de pesos,dinero,total
2024-11-01,10,Los Lagos,compra_interregional,pesos,808603545343.42,miles de millones de pesos,dinero,total
2024-11-01,10,Los Lagos,compra_intrarregional,pesos,827264199717.63,miles de millones de pesos,dinero,total
2024-11-01,10,Los Lagos,facturas_compra_interregional,unidades,765092.0,miles de unidades,conteo,total
2024-11-01,10,Los Lagos,facturas_venta_interregional,unidades,388967.0,miles de unidades,conteo,total
2024-11-01,10,Los Lagos,venta_interregional,pesos,475505370285.06,miles de millones de pesos,dinero,total
2024-11-01,10,Los Lagos,venta_intrarregional,pesos,827264199717.63,miles de millones de pesos,dinero,total
2024-11-01,11,Aysén,compra_interregional,pesos,52082761426.958,miles de millones de pesos,dinero,total
2024-11-01,11,Aysén,compra_intrarregional,pesos,40667690687.033005,miles de millones de pesos,dinero,total
2024-11-01,11,Aysén,facturas_compra_interregional,unidades,111100.0,miles de unidades,conteo,total
2024-11-01,11,Aysén,facturas_venta_interregional,unidades,34522.0,miles de unidades,conteo,total
2024-11-01,11,Aysén,venta_interregional,pesos,31764584867.566,miles de millones de pesos,dinero,total
2024-11-01,11,Aysén,venta_intrarregional,pesos,40667690687.033005,miles de millones de pesos,dinero,total
2024-11-01,12,Magallanes,compra_interregional,pesos,144125973522.81,miles de millones de pesos,dinero,total
2024-11-01,12,Magallanes,compra_intrarregional,pesos,115941499478.9,miles de millones de pesos,dinero,total
2024-11-01,12,Magallanes,facturas_compra_interregional,unidades,153595.0,miles de unidades,conteo,total
2024-11-01,12,Magallanes,facturas_venta_interregional,unidades,41454.0,miles de unidades,conteo,total
2024-11-01,12,Magallanes,venta_interregional,pesos,99178379787.5,miles de millones de pesos,dinero,total
2024-11-01,12,Magallanes,venta_intrarregional,pesos,115941499478.9,miles de millones de pesos,dinero,total
2024-11-01,13,Metropolitana de Santiago,compra_interregional,pesos,5362843466283.1,miles de millones de pesos,dinero,total
2024-11-01,13,Metropolitana de Santiago,compra_intrarregional,pesos,19499586559093.0,miles de millones de pesos,dinero,total
2024-11-01,13,Metropolitana de Santiago,facturas_compra_interregional,unidades,2862579.0,miles de unidades,conteo,total
2024-11-01,13,Metropolitana de Santiago,facturas_venta_interregional,unidades,7300444.0,miles de unidades,conteo,total
2024-11-01,13,Metropolitana de Santiago,venta_interregional,pesos,6069232263545.7,miles de millones de pesos,dinero,total
2024-11-01,13,Metropolitana de Santiago,venta_intrarregional,pesos,19499586559093.0,miles de millones de pesos,dinero,total
2024-11-01,14,Los Ríos,compra_interregional,pesos,249501465595.13998,miles de millones de pesos,dinero,total
2024-11-01,14,Los Ríos,compra_intrarregional,pesos,131031602832.54999,miles de millones de pesos,dinero,total
2024-11-01,14,Los Ríos,facturas_compra_interregional,unidades,386751.0,miles de unidades,conteo,total
2024-11-01,14,Los Ríos,facturas_venta_interregional,unidades,266573.0,miles de unidades,conteo,total
2024-11-01,14,Los Ríos,venta_interregional,pesos,233188024576.5,miles de millones de pesos,dinero,total
2024-11-01,14,Los Ríos,venta_intrarregional,pesos,131031602832.54999,miles de millones de pesos,dinero,total
2024-11-01,15,Arica y Parinacota,compra_interregional,pesos,102255414629.14,miles de millones de pesos,dinero,total
2024-11-01,15,Arica y Parinacota,compra_intrarregional,pesos,49071303216.0,miles de millones de pesos,dinero,total
2024-11-01,15,Arica y Parinacota,facturas_compra_interregional,unidades,134820.0,miles de unidades,conteo,total
2024-11-01,15,Arica y Parinacota,facturas_venta_interregional,unidades,51848.0,miles de unidades,conteo,total
2024-11-01,15,Arica y Parinacota,venta_interregional,pesos,46412655125.0,miles de millones de pesos,dinero,total
2024-11-01,15,Arica y Parinacota,venta_intrarregional,pesos,49071303216.0,miles de millones de pesos,dinero,total
2024-11-01,16,Ñuble,compra_interregional,pesos,229840237574.03,miles de millones de pesos,dinero,total
2024-11-01,16,Ñuble,compra_intrarregional,pesos,170846834594.86002,miles de millones de pesos,dinero,total
2024-11-01,16,Ñuble,facturas_compra_interregional,unidades,373709.0,miles de unidades,conteo,total
2024-11-01,16,Ñuble,facturas_venta_interregional,unidades,186617.0,miles de unidades,conteo,total
2024-11-01,16,Ñuble,venta_interregional,pesos,174202195538.0,miles de millones de pesos,dinero,total
2024-11-01,16,Ñuble,venta_intrarregional,pesos,170846834594.86002,miles de millones de pesos,dinero,total
2024-12-01,01,Tarapacá,compra_interregional,pesos,401309595951.61,miles de millones de pesos,dinero,total
2024-12-01,01,Tarapacá,compra_intrarregional,pesos,171768432423.56,miles de millones de pesos,dinero,total
2024-12-01,01,Tarapacá,facturas_compra_interregional,unidades,232418.0,miles de unidades,conteo,total
2024-12-01,01,Tarapacá,facturas_venta_interregional,unidades,95756.0,miles de unidades,conteo,total
2024-12-01,01,Tarapacá,venta_interregional,pesos,195192717910.85,miles de millones de pesos,dinero,total
2024-12-01,01,Tarapacá,venta_intrarregional,pesos,171768432423.56,miles de millones de pesos,dinero,total
2024-12-01,02,Antofagasta,compra_interregional,pesos,1031488096530.6,miles de millones de pesos,dinero,total
2024-12-01,02,Antofagasta,compra_intrarregional,pesos,382113443593.11,miles de millones de pesos,dinero,total
2024-12-01,02,Antofagasta,facturas_compra_interregional,unidades,527665.0,miles de unidades,conteo,total
2024-12-01,02,Antofagasta,facturas_venta_interregional,unidades,237645.0,miles de unidades,conteo,total
2024-12-01,02,Antofagasta,venta_interregional,pesos,925538046419.14,miles de millones de pesos,dinero,total
2024-12-01,02,Antofagasta,venta_intrarregional,pesos,382113443593.11,miles de millones de pesos,dinero,total
2024-12-01,03,Atacama,compra_interregional,pesos,285579664743.56,miles de millones de pesos,dinero,total
2024-12-01,03,Atacama,compra_intrarregional,pesos,173556905507.55,miles de millones de pesos,dinero,total
2024-12-01,03,Atacama,facturas_compra_interregional,unidades,255948.0,miles de unidades,conteo,total
2024-12-01,03,Atacama,facturas_venta_interregional,unidades,95280.0,miles de unidades,conteo,total
2024-12-01,03,Atacama,venta_interregional,pesos,199068662318.31,miles de millones de pesos,dinero,total
2024-12-01,03,Atacama,venta_intrarregional,pesos,173556905507.55,miles de millones de pesos,dinero,total
2024-12-01,04,Coquimbo,compra_interregional,pesos,463819550137.94,miles de millones de pesos,dinero,total
2024-12-01,04,Coquimbo,compra_intrarregional,pesos,283146200945.48004,miles de millones de pesos,dinero,total
2024-12-01,04,Coquimbo,facturas_compra_interregional,unidades,591274.0,miles de unidades,conteo,total
2024-12-01,04,Coquimbo,facturas_venta_interregional,unidades,224917.0,miles de unidades,conteo,total
2024-12-01,04,Coquimbo,venta_interregional,pesos,315812994166.37,miles de millones de pesos,dinero,total
2024-12-01,04,Coquimbo,venta_intrarregional,pesos,283146200945.48004,miles de millones de pesos,dinero,total
2024-12-01,05,Valparaíso,compra_interregional,pesos,1287819910119.4,miles de millones de pesos,dinero,total
2024-12-01,05,Valparaíso,compra_intrarregional,pesos,831882969861.9299,miles de millones de pesos,dinero,total
2024-12-01,05,Valparaíso,facturas_compra_interregional,unidades,1527419.0,miles de unidades,conteo,total
2024-12-01,05,Valparaíso,facturas_venta_interregional,unidades,809174.0,miles de unidades,conteo,total
2024-12-01,05,Valparaíso,venta_interregional,pesos,1874534555312.2,miles de millones de pesos,dinero,total
2024-12-01,05,Valparaíso,venta_intrarregional,pesos,831882969861.9299,miles de millones de pesos,dinero,total
2024-12-01,06,O'Higgins,compra_interregional,pesos,1023832660438.2001,miles de millones de pesos,dinero,total
2024-12-01,06,O'Higgins,compra_intrarregional,pesos,848629242717.96,miles de millones de pesos,dinero,total
2024-12-01,06,O'Higgins,facturas_compra_interregional,unidades,879884.0,miles de unidades,conteo,total
2024-12-01,06,O'Higgins,facturas_venta_interregional,unidades,339220.0,miles de unidades,conteo,total
2024-12-01,06,O'Higgins,venta_interregional,pesos,805685577395.1599,miles de millones de pesos,dinero,total
2024-12-01,06,O'Higgins,venta_intrarregional,pesos,848629242717.96,miles de millones de pesos,dinero,total
2024-12-01,07,Maule,compra_interregional,pesos,722055463819.79,miles de millones de pesos,dinero,total
2024-12-01,07,Maule,compra_intrarregional,pesos,949680454986.34,miles de millones de pesos,dinero,total
2024-12-01,07,Maule,facturas_compra_interregional,unidades,805033.0,miles de unidades,conteo,total
2024-12-01,07,Maule,facturas_venta_interregional,unidades,585299.0,miles de unidades,conteo,total
2024-12-01,07,Maule,venta_interregional,pesos,731193988842.2799,miles de millones de pesos,dinero,total
2024-12-01,07,Maule,venta_intrarregional,pesos,949680454986.34,miles de millones de pesos,dinero,total
2024-12-01,08,Biobío,compra_interregional,pesos,945790407507.09,miles de millones de pesos,dinero,total
2024-12-01,08,Biobío,compra_intrarregional,pesos,818773914743.63,miles de millones de pesos,dinero,total
2024-12-01,08,Biobío,facturas_compra_interregional,unidades,1227391.0,miles de unidades,conteo,total
2024-12-01,08,Biobío,facturas_venta_interregional,unidades,506185.0,miles de unidades,conteo,total
2024-12-01,08,Biobío,venta_interregional,pesos,1122888025101.4,miles de millones de pesos,dinero,total
2024-12-01,08,Biobío,venta_intrarregional,pesos,818773914743.63,miles de millones de pesos,dinero,total
2024-12-01,09,La Araucanía,compra_interregional,pesos,456036258053.41,miles de millones de pesos,dinero,total
2024-12-01,09,La Araucanía,compra_intrarregional,pesos,451507477368.69,miles de millones de pesos,dinero,total
2024-12-01,09,La Araucanía,facturas_compra_interregional,unidades,735844.0,miles de unidades,conteo,total
2024-12-01,09,La Araucanía,facturas_venta_interregional,unidades,352873.0,miles de unidades,conteo,total
2024-12-01,09,La Araucanía,venta_interregional,pesos,397103905284.67004,miles de millones de pesos,dinero,total
2024-12-01,09,La Araucanía,venta_intrarregional,pesos,451507477368.69,miles de millones de pesos,dinero,total
2024-12-01,10,Los Lagos,compra_interregional,pesos,895205051375.2999,miles de millones de pesos,dinero,total
2024-12-01,10,Los Lagos,compra_intrarregional,pesos,938667398264.41,miles de millones de pesos,dinero,total
2024-12-01,10,Los Lagos,facturas_compra_interregional,unidades,775896.0,miles de unidades,conteo,total
2024-12-01,10,Los Lagos,facturas_venta_interregional,unidades,405320.0,miles de unidades,conteo,total
2024-12-01,10,Los Lagos,venta_interregional,pesos,528244512443.15,miles de millones de pesos,dinero,total
2024-12-01,10,Los Lagos,venta_intrarregional,pesos,938667398264.41,miles de millones de pesos,dinero,total
2024-12-01,11,Aysén,compra_interregional,pesos,55861801211.439,miles de millones de pesos,dinero,total
2024-12-01,11,Aysén,compra_intrarregional,pesos,51610851885.449005,miles de millones de pesos,dinero,total
2024-12-01,11,Aysén,facturas_compra_interregional,unidades,111419.0,miles de unidades,conteo,total
2024-12-01,11,Aysén,facturas_venta_interregional,unidades,34243.0,miles de unidades,conteo,total
2024-12-01,11,Aysén,venta_interregional,pesos,36619814793.6,miles de millones de pesos,dinero,total
2024-12-01,11,Aysén,venta_intrarregional,pesos,51610851885.449005,miles de millones de pesos,dinero,total
2024-12-01,12,Magallanes,compra_interregional,pesos,174904878554.6,miles de millones de pesos,dinero,total
2024-12-01,12,Magallanes,compra_intrarregional,pesos,141332751426.37,miles de millones de pesos,dinero,total
2024-12-01,12,Magallanes,facturas_compra_interregional,unidades,154710.0,miles de unidades,conteo,total
2024-12-01,12,Magallanes,facturas_venta_interregional,unidades,42762.0,miles de unidades,conteo,total
2024-12-01,12,Magallanes,venta_interregional,pesos,128321038759.77,miles de millones de pesos,dinero,total
2024-12-01,12,Magallanes,venta_intrarregional,pesos,141332751426.37,miles de millones de pesos,dinero,total
2024-12-01,13,Metropolitana de Santiago,compra_interregional,pesos,6763575365841.5,miles de millones de pesos,dinero,total
2024-12-01,13,Metropolitana de Santiago,compra_intrarregional,pesos,23227716634580.0,miles de millones de pesos,dinero,total
2024-12-01,13,Metropolitana de Santiago,facturas_compra_interregional,unidades,2928165.0,miles de unidades,conteo,total
2024-12-01,13,Metropolitana de Santiago,facturas_venta_interregional,unidades,7440210.0,miles de unidades,conteo,total
2024-12-01,13,Metropolitana de Santiago,venta_interregional,pesos,7467988477841.5,miles de millones de pesos,dinero,total
2024-12-01,13,Metropolitana de Santiago,venta_intrarregional,pesos,23227716634580.0,miles de millones de pesos,dinero,total
2024-12-01,14,Los Ríos,compra_interregional,pesos,307014180196.27997,miles de millones de pesos,dinero,total
2024-12-01,14,Los Ríos,compra_intrarregional,pesos,149608308408.86002,miles de millones de pesos,dinero,total
2024-12-01,14,Los Ríos,facturas_compra_interregional,unidades,403565.0,miles de unidades,conteo,total
2024-12-01,14,Los Ríos,facturas_venta_interregional,unidades,269630.0,miles de unidades,conteo,total
2024-12-01,14,Los Ríos,venta_interregional,pesos,245708091134.0,miles de millones de pesos,dinero,total
2024-12-01,14,Los Ríos,venta_intrarregional,pesos,149608308408.86002,miles de millones de pesos,dinero,total
2024-12-01,15,Arica y Parinacota,compra_interregional,pesos,146545755035.9,miles de millones de pesos,dinero,total
2024-12-01,15,Arica y Parinacota,compra_intrarregional,pesos,58668681702.0,miles de millones de pesos,dinero,total
2024-12-01,15,Arica y Parinacota,facturas_compra_interregional,unidades,134162.0,miles de unidades,conteo,total
2024-12-01,15,Arica y Parinacota,facturas_venta_interregional,unidades,47106.0,miles de unidades,conteo,total
2024-12-01,15,Arica y Parinacota,venta_interregional,pesos,42692416502.0,miles de millones de pesos,dinero,total
2024-12-01,15,Arica y Parinacota,venta_intrarregional,pesos,58668681702.0,miles de millones de pesos,dinero,total
2024-12-01,16,Ñuble,compra_interregional,pesos,266403238516.71002,miles de millones de pesos,dinero,total
2024-12-01,16,Ñuble,compra_intrarregional,pesos,188275341886.28,miles de millones de pesos,dinero,total
2024-12-01,16,Ñuble,facturas_compra_interregional,unidades,385987.0,miles de unidades,conteo,total
2024-12-01,16,Ñuble,facturas_venta_interregional,unidades,191160.0,miles de unidades,conteo,total
2024-12-01,16,Ñuble,venta_interregional,pesos,210649053809.0,miles de millones de pesos,dinero,total
2024-12-01,16,Ñuble,venta_intrarregional,pesos,188275341886.28,miles de millones de pesos,dinero,total
2025-01-01,01,Tarapacá,compra_interregional,pesos,325587626902.73,miles de millones de pesos,dinero,total
2025-01-01,01,Tarapacá,compra_intrarregional,pesos,143075810885.96002,miles de millones de pesos,dinero,total
2025-01-01,01,Tarapacá,facturas_compra_interregional,unidades,231664.0,miles de unidades,conteo,total
2025-01-01,01,Tarapacá,facturas_venta_interregional,unidades,95176.0,miles de unidades,conteo,total
2025-01-01,01,Tarapacá,venta_interregional,pesos,149989352522.88,miles de millones de pesos,dinero,total
2025-01-01,01,Tarapacá,venta_intrarregional,pesos,143075810885.96002,miles de millones de pesos,dinero,total
2025-01-01,02,Antofagasta,compra_interregional,pesos,736844433331.29,miles de millones de pesos,dinero,total
2025-01-01,02,Antofagasta,compra_intrarregional,pesos,329218507044.48004,miles de millones de pesos,dinero,total
2025-01-01,02,Antofagasta,facturas_compra_interregional,unidades,523316.00000000006,miles de unidades,conteo,total
2025-01-01,02,Antofagasta,facturas_venta_interregional,unidades,231452.0,miles de unidades,conteo,total
2025-01-01,02,Antofagasta,venta_interregional,pesos,782544289726.45,miles de millones de pesos,dinero,total
2025-01-01,02,Antofagasta,venta_intrarregional,pesos,329218507044.48004,miles de millones de pesos,dinero,total
2025-01-01,03,Atacama,compra_interregional,pesos,245596008015.93002,miles de millones de pesos,dinero,total
2025-01-01,03,Atacama,compra_intrarregional,pesos,126768231192.81999,miles de millones de pesos,dinero,total
2025-01-01,03,Atacama,facturas_compra_interregional,unidades,250156.0,miles de unidades,conteo,total
2025-01-01,03,Atacama,facturas_venta_interregional,unidades,95323.0,miles de unidades,conteo,total
2025-01-01,03,Atacama,venta_interregional,pesos,172376490969.44,miles de millones de pesos,dinero,total
2025-01-01,03,Atacama,venta_intrarregional,pesos,126768231192.81999,miles de millones de pesos,dinero,total
2025-01-01,04,Coquimbo,compra_interregional,pesos,414594616401.49,miles de millones de pesos,dinero,total
2025-01-01,04,Coquimbo,compra_intrarregional,pesos,243247292147.12,miles de millones de pesos,dinero,total
2025-01-01,04,Coquimbo,facturas_compra_interregional,unidades,604890.0,miles de unidades,conteo,total
2025-01-01,04,Coquimbo,facturas_venta_interregional,unidades,231835.0,miles de unidades,conteo,total
2025-01-01,04,Coquimbo,venta_interregional,pesos,272581030830.34003,miles de millones de pesos,dinero,total
2025-01-01,04,Coquimbo,venta_intrarregional,pesos,243247292147.12,miles de millones de pesos,dinero,total
2025-01-01,05,Valparaíso,compra_interregional,pesos,1056572718022.7,miles de millones de pesos,dinero,total
2025-01-01,05,Valparaíso,compra_intrarregional,pesos,720950095914.38,miles de millones de pesos,dinero,total
2025-01-01,05,Valparaíso,facturas_compra_interregional,unidades,1562760.0,miles de unidades,conteo,total
2025-01-01,05,Valparaíso,facturas_venta_interregional,unidades,790216.0,miles de unidades,conteo,total
2025-01-01,05,Valparaíso,venta_interregional,pesos,1743265362456.5,miles de millones de pesos,dinero,total
2025-01-01,05,Valparaíso,venta_intrarregional,pesos,720950095914.38,miles de millones de pesos,dinero,total
2025-01-01,06,O'Higgins,compra_interregional,pesos,800701949751.73,miles de millones de pesos,dinero,total
2025-01-01,06,O'Higgins,compra_intrarregional,pesos,532958264234.09,miles de millones de pesos,dinero,total
2025-01-01,06,O'Higgins,facturas_compra_interregional,unidades,875933.0,miles de unidades,conteo,total
2025-01-01,06,O'Higgins,facturas_venta_interregional,unidades,328927.0,miles de unidades,conteo,total
2025-01-01,06,O'Higgins,venta_interregional,pesos,577654877790.5,miles de millones de pesos,dinero,total
2025-01-01,06,O'Higgins,venta_intrarregional,pesos,532958264234.09,miles de millones de pesos,dinero,total
2025-01-01,07,Maule,compra_interregional,pesos,628879484168.85,miles de millones de pesos,dinero,total
2025-01-01,07,Maule,compra_intrarregional,pesos,536383940760.97,miles de millones de pesos,dinero,total
2025-01-01,07,Maule,facturas_compra_interregional,unidades,798183.0,miles de unidades,conteo,total
2025-01-01,07,Maule,facturas_venta_interregional,unidades,583817.0,miles de unidades,conteo,total
2025-01-01,07,Maule,venta_interregional,pesos,577752834445.1901,miles de millones de pesos,dinero,total
2025-01-01,07,Maule,venta_intrarregional,pesos,536383940760.97,miles de millones de pesos,dinero,total
2025-01-01,08,Biobío,compra_interregional,pesos,881466021255.54,miles de millones de pesos,dinero,total
2025-01-01,08,Biobío,compra_intrarregional,pesos,688390472443.9,miles de millones de pesos,dinero,total
2025-01-01,08,Biobío,facturas_compra_interregional,unidades,1226626.0,miles de unidades,conteo,total
2025-01-01,08,Biobío,facturas_venta_interregional,unidades,494647.0,miles de unidades,conteo,total
2025-01-01,08,Biobío,venta_interregional,pesos,1008935678254.7,miles de millones de pesos,dinero,total
2025-01-01,08,Biobío,venta_intrarregional,pesos,688390472443.9,miles de millones de pesos,dinero,total
2025-01-01,09,La Araucanía,compra_interregional,pesos,426374566920.36,miles de millones de pesos,dinero,total
2025-01-01,09,La Araucanía,compra_intrarregional,pesos,391132100571.05,miles de millones de pesos,dinero,total
2025-01-01,09,La Araucanía,facturas_compra_interregional,unidades,749756.0,miles de unidades,conteo,total
2025-01-01,09,La Araucanía,facturas_venta_interregional,unidades,375869.0,miles de unidades,conteo,total
2025-01-01,09,La Araucanía,venta_interregional,pesos,380294099340.95996,miles de millones de pesos,dinero,total
2025-01-01,09,La Araucanía,venta_intrarregional,pesos,391132100571.05,miles de millones de pesos,dinero,total
2025-01-01,10,Los Lagos,compra_interregional,pesos,871565469216.73,miles de millones de pesos,dinero,total
2025-01-01,10,Los Lagos,compra_intrarregional,pesos,830614798650.99,miles de millones de pesos,dinero,total
2025-01-01,10,Los Lagos,facturas_compra_interregional,unidades,788273.0,miles de unidades,conteo,total
2025-01-01,10,Los Lagos,facturas_venta_interregional,unidades,412586.0,miles de unidades,conteo,total
2025-01-01,10,Los Lagos,venta_interregional,pesos,437238164989.82,miles de millones de pesos,dinero,total
2025-01-01,10,Los Lagos,venta_intrarregional,pesos,830614798650.99,miles de millones de pesos,dinero,total
2025-01-01,11,Aysén,compra_interregional,pesos,49495923358.983,miles de millones de pesos,dinero,total
2025-01-01,11,Aysén,compra_intrarregional,pesos,35191593147.675,miles de millones de pesos,dinero,total
2025-01-01,11,Aysén,facturas_compra_interregional,unidades,113811.0,miles de unidades,conteo,total
2025-01-01,11,Aysén,facturas_venta_interregional,unidades,35983.0,miles de unidades,conteo,total
2025-01-01,11,Aysén,venta_interregional,pesos,31007022030.657,miles de millones de pesos,dinero,total
2025-01-01,11,Aysén,venta_intrarregional,pesos,35191593147.675,miles de millones de pesos,dinero,total
2025-01-01,12,Magallanes,compra_interregional,pesos,133898466277.38,miles de millones de pesos,dinero,total
2025-01-01,12,Magallanes,compra_intrarregional,pesos,98173302729.42801,miles de millones de pesos,dinero,total
2025-01-01,12,Magallanes,facturas_compra_interregional,unidades,151908.0,miles de unidades,conteo,total
2025-01-01,12,Magallanes,facturas_venta_interregional,unidades,42196.0,miles de unidades,conteo,total
2025-01-01,12,Magallanes,venta_interregional,pesos,110820570780.5,miles de millones de pesos,dinero,total
2025-01-01,12,Magallanes,venta_intrarregional,pesos,98173302729.42801,miles de millones de pesos,dinero,total
2025-01-01,13,Metropolitana de Santiago,compra_interregional,pesos,5549064490516.1,miles de millones de pesos,dinero,total
2025-01-01,13,Metropolitana de Santiago,compra_intrarregional,pesos,18964111850770.0,miles de millones de pesos,dinero,total
2025-01-01,13,Metropolitana de Santiago,facturas_compra_interregional,unidades,2891435.0,miles de unidades,conteo,total
2025-01-01,13,Metropolitana de Santiago,facturas_venta_interregional,unidades,7481224.0,miles de unidades,conteo,total
2025-01-01,13,Metropolitana de Santiago,venta_interregional,pesos,5977228653435.7,miles de millones de pesos,dinero,total
2025-01-01,13,Metropolitana de Santiago,venta_intrarregional,pesos,18964111850770.0,miles de millones de pesos,dinero,total
2025-01-01,14,Los Ríos,compra_interregional,pesos,239757673891.78,miles de millones de pesos,dinero,total
2025-01-01,14,Los Ríos,compra_intrarregional,pesos,129198861786.24,miles de millones de pesos,dinero,total
2025-01-01,14,Los Ríos,facturas_compra_interregional,unidades,418725.0,miles de unidades,conteo,total
2025-01-01,14,Los Ríos,facturas_venta_interregional,unidades,279776.0,miles de unidades,conteo,total
2025-01-01,14,Los Ríos,venta_interregional,pesos,224848514770.0,miles de millones de pesos,dinero,total
2025-01-01,14,Los Ríos,venta_intrarregional,pesos,129198861786.24,miles de millones de pesos,dinero,total
2025-01-01,15,Arica y Parinacota,compra_interregional,pesos,90438447080.12099,miles de millones de pesos,dinero,total
2025-01-01,15,Arica y Parinacota,compra_intrarregional,pesos,44139559206.666,miles de millones de pesos,dinero,total
2025-01-01,15,Arica y Parinacota,facturas_compra_interregional,unidades,133345.0,miles de unidades,conteo,total
2025-01-01,15,Arica y Parinacota,facturas_venta_interregional,unidades,43739.0,miles de unidades,conteo,total
2025-01-01,15,Arica y Parinacota,venta_interregional,pesos,36018570405.0,miles de millones de pesos,dinero,total
2025-01-01,15,Arica y Parinacota,venta_intrarregional,pesos,44139559206.666,miles de millones de pesos,dinero,total
2025-01-01,16,Ñuble,compra_interregional,pesos,235593773064.88,miles de millones de pesos,dinero,total
2025-01-01,16,Ñuble,compra_intrarregional,pesos,177087450694.51,miles de millones de pesos,dinero,total
2025-01-01,16,Ñuble,facturas_compra_interregional,unidades,389347.0,miles de unidades,conteo,total
2025-01-01,16,Ñuble,facturas_venta_interregional,unidades,187362.0,miles de unidades,conteo,total
2025-01-01,16,Ñuble,venta_interregional,pesos,203876155428.0,miles de millones de pesos,dinero,total
2025-01-01,16,Ñuble,venta_intrarregional,pesos,177087450694.51,miles de millones de pesos,dinero,total
2025-02-01,01,Tarapacá,compra_interregional,pesos,316200065887.65,miles de millones de pesos,dinero,total
2025-02-01,01,Tarapacá,compra_intrarregional,pesos,128227554597.41,miles de millones de pesos,dinero,total
2025-02-01,01,Tarapacá,facturas_compra_interregional,unidades,215430.0,miles de unidades,conteo,total
2025-02-01,01,Tarapacá,facturas_venta_interregional,unidades,88284.0,miles de unidades,conteo,total
2025-02-01,01,Tarapacá,venta_interregional,pesos,135217266769.39,miles de millones de pesos,dinero,total
2025-02-01,01,Tarapacá,venta_intrarregional,pesos,128227554597.41,miles de millones de pesos,dinero,total
2025-02-01,02,Antofagasta,compra_interregional,pesos,661053622049.93,miles de millones de pesos,dinero,total
2025-02-01,02,Antofagasta,compra_intrarregional,pesos,307590478734.81,miles de millones de pesos,dinero,total
2025-02-01,02,Antofagasta,facturas_compra_interregional,unidades,476497.0,miles de unidades,conteo,total
2025-02-01,02,Antofagasta,facturas_venta_interregional,unidades,207485.0,miles de unidades,conteo,total
2025-02-01,02,Antofagasta,venta_interregional,pesos,690439449337.85,miles de millones de pesos,dinero,total
2025-02-01,02,Antofagasta,venta_intrarregional,pesos,307590478734.81,miles de millones de pesos,dinero,total
2025-02-01,03,Atacama,compra_interregional,pesos,204491319793.28998,miles de millones de pesos,dinero,total
2025-02-01,03,Atacama,compra_intrarregional,pesos,122977890954.06,miles de millones de pesos,dinero,total
2025-02-01,03,Atacama,facturas_compra_interregional,unidades,226614.0,miles de unidades,conteo,total
2025-02-01,03,Atacama,facturas_venta_interregional,unidades,85916.0,miles de unidades,conteo,total
2025-02-01,03,Atacama,venta_interregional,pesos,158526479616.88,miles de millones de pesos,dinero,total
2025-02-01,03,Atacama,venta_intrarregional,pesos,122977890954.06,miles de millones de pesos,dinero,total
2025-02-01,04,Coquimbo,compra_interregional,pesos,392742338053.17,miles de millones de pesos,dinero,total
2025-02-01,04,Coquimbo,compra_intrarregional,pesos,239021815288.46,miles de millones de pesos,dinero,total
2025-02-01,04,Coquimbo,facturas_compra_interregional,unidades,561714.0,miles de unidades,conteo,total
2025-02-01,04,Coquimbo,facturas_venta_interregional,unidades,214773.0,miles de unidades,conteo,total
2025-02-01,04,Coquimbo,venta_interregional,pesos,263427398143.02002,miles de millones de pesos,dinero,total
2025-02-01,04,Coquimbo,venta_intrarregional,pesos,239021815288.46,miles de millones de pesos,dinero,total
2025-02-01,05,Valparaíso,compra_interregional,pesos,981677645150.97,miles de millones de pesos,dinero,total
2025-02-01,05,Valparaíso,compra_intrarregional,pesos,677009785253.0801,miles de millones de pesos,dinero,total
2025-02-01,05,Valparaíso,facturas_compra_interregional,unidades,1436548.0,miles de unidades,conteo,total
2025-02-01,05,Valparaíso,facturas_venta_interregional,unidades,710626.0,miles de unidades,conteo,total
2025-02-01,05,Valparaíso,venta_interregional,pesos,1657505718909.7,miles de millones de pesos,dinero,total
2025-02-01,05,Valparaíso,venta_intrarregional,pesos,677009785253.0801,miles de millones de pesos,dinero,total
2025-02-01,06,O'Higgins,compra_interregional,pesos,698041937056.32,miles de millones de pesos,dinero,total
2025-02-01,06,O'Higgins,compra_intrarregional,pesos,465105027224.64,miles de millones de pesos,dinero,total
2025-02-01,06,O'Higgins,facturas_compra_interregional,unidades,796961.0,miles de unidades,conteo,total
2025-02-01,06,O'Higgins,facturas_venta_interregional,unidades,296075.0,miles de unidades,conteo,total
2025-02-01,06,O'Higgins,venta_interregional,pesos,564440239236.88,miles de millones de pesos,dinero,total
2025-02-01,06,O'Higgins,venta_intrarregional,pesos,465105027224.64,miles de millones de pesos,dinero,total
2025-02-01,07,Maule,compra_interregional,pesos,575524228906.2101,miles de millones de pesos,dinero,total
2025-02-01,07,Maule,compra_intrarregional,pesos,459899471524.09,miles de millones de pesos,dinero,total
2025-02-01,07,Maule,facturas_compra_interregional,unidades,724942.0,miles de unidades,conteo,total
2025-02-01,07,Maule,facturas_venta_interregional,unidades,532729.0,miles de unidades,conteo,total
2025-02-01,07,Maule,venta_interregional,pesos,517620731866.98,miles de millones de pesos,dinero,total
2025-02-01,07,Maule,venta_intrarregional,pesos,459899471524.09,miles de millones de pesos,dinero,total
2025-02-01,08,Biobío,compra_interregional,pesos,817116563055.52,miles de millones de pesos,dinero,total
2025-02-01,08,Biobío,compra_intrarregional,pesos,665341812989.01,miles de millones de pesos,dinero,total
2025-02-01,08,Biobío,facturas_compra_interregional,unidades,1126771.0,miles de unidades,conteo,total
2025-02-01,08,Biobío,facturas_venta_interregional,unidades,447904.0,miles de unidades,conteo,total
2025-02-01,08,Biobío,venta_interregional,pesos,900207421611.5599,miles de millones de pesos,dinero,total
2025-02-01,08,Biobío,venta_intrarregional,pesos,665341812989.01,miles de millones de pesos,dinero,total
2025-02-01,09,La Araucanía,compra_interregional,pesos,413772532928.75995,miles de millones de pesos,dinero,total
2025-02-01,09,La Araucanía,compra_intrarregional,pesos,404607671471.64,miles de millones de pesos,dinero,total
2025-02-01,09,La Araucanía,facturas_compra_interregional,unidades,692958.0,miles de unidades,conteo,total
2025-02-01,09,La Araucanía,facturas_venta_interregional,unidades,350636.0,miles de unidades,conteo,total
2025-02-01,09,La Araucanía,venta_interregional,pesos,376129358867.53,miles de millones de pesos,dinero,total
2025-02-01,09,La Araucanía,venta_intrarregional,pesos,404607671471.64,miles de millones de pesos,dinero,total
2025-02-01,10,Los Lagos,compra_interregional,pesos,833905745342.34,miles de millones de pesos,dinero,total
2025-02-01,10,Los Lagos,compra_intrarregional,pesos,786041312038.23,miles de millones de pesos,dinero,total
2025-02-01,10,Los Lagos,facturas_compra_interregional,unidades,722175.0,miles de unidades,conteo,total
2025-02-01,10,Los Lagos,facturas_venta_interregional,unidades,388100.0,miles de unidades,conteo,total
2025-02-01,10,Los Lagos,venta_interregional,pesos,422737312209.23004,miles de millones de pesos,dinero,total
2025-02-01,10,Los Lagos,venta_intrarregional,pesos,786041312038.23,miles de millones de pesos,dinero,total
2025-02-01,11,Aysén,compra_interregional,pesos,55518003057.5,miles de millones de pesos,dinero,total
2025-02-01,11,Aysén,compra_intrarregional,pesos,32933008682.133,miles de millones de pesos,dinero,total
2025-02-01,11,Aysén,facturas_compra_interregional,unidades,104671.0,miles de unidades,conteo,total
2025-02-01,11,Aysén,facturas_venta_interregional,unidades,34175.0,miles de unidades,conteo,total
2025-02-01,11,Aysén,venta_interregional,pesos,31003760675.099,miles de millones de pesos,dinero,total
2025-02-01,11,Aysén,venta_intrarregional,pesos,32933008682.133,miles de millones de pesos,dinero,total
2025-02-01,12,Magallanes,compra_interregional,pesos,130646408451.26999,miles de millones de pesos,dinero,total
2025-02-01,12,Magallanes,compra_intrarregional,pesos,95707981901.73799,miles de millones de pesos,dinero,total
2025-02-01,12,Magallanes,facturas_compra_interregional,unidades,137809.0,miles de unidades,conteo,total
2025-02-01,12,Magallanes,facturas_venta_interregional,unidades,37831.0,miles de unidades,conteo,total
2025-02-01,12,Magallanes,venta_interregional,pesos,98906890306.0,miles de millones de pesos,dinero,total
2025-02-01,12,Magallanes,venta_intrarregional,pesos,95707981901.73799,miles de millones de pesos,dinero,total
2025-02-01,13,Metropolitana de Santiago,compra_interregional,pesos,5132182578850.0,miles de millones de pesos,dinero,total
2025-02-01,13,Metropolitana de Santiago,compra_intrarregional,pesos,16839988623825.0,miles de millones de pesos,dinero,total
2025-02-01,13,Metropolitana de Santiago,facturas_compra_interregional,unidades,2607872.0,miles de unidades,conteo,total
2025-02-01,13,Metropolitana de Santiago,facturas_venta_interregional,unidades,6833810.0,miles de unidades,conteo,total
2025-02-01,13,Metropolitana de Santiago,venta_interregional,pesos,5515117082123.8,miles de millones de pesos,dinero,total
2025-02-01,13,Metropolitana de Santiago,venta_intrarregional,pesos,16839988623825.0,miles de millones de pesos,dinero,total
2025-02-01,14,Los Ríos,compra_interregional,pesos,238432372689.57,miles de millones de pesos,dinero,total
2025-02-01,14,Los Ríos,compra_intrarregional,pesos,130221601071.01999,miles de millones de pesos,dinero,total
2025-02-01,14,Los Ríos,facturas_compra_interregional,unidades,390127.0,miles de unidades,conteo,total
2025-02-01,14,Los Ríos,facturas_venta_interregional,unidades,255974.0,miles de unidades,conteo,total
2025-02-01,14,Los Ríos,venta_interregional,pesos,223648565078.0,miles de millones de pesos,dinero,total
2025-02-01,14,Los Ríos,venta_intrarregional,pesos,130221601071.01999,miles de millones de pesos,dinero,total
2025-02-01,15,Arica y Parinacota,compra_interregional,pesos,96371717395.76599,miles de millones de pesos,dinero,total
2025-02-01,15,Arica y Parinacota,compra_intrarregional,pesos,42398614547.0,miles de millones de pesos,dinero,total
2025-02-01,15,Arica y Parinacota,facturas_compra_interregional,unidades,122607.0,miles de unidades,conteo,total
2025-02-01,15,Arica y Parinacota,facturas_venta_interregional,unidades,40191.0,miles de unidades,conteo,total
2025-02-01,15,Arica y Parinacota,venta_interregional,pesos,36026529428.0,miles de millones de pesos,dinero,total
2025-02-01,15,Arica y Parinacota,venta_intrarregional,pesos,42398614547.0,miles de millones de pesos,dinero,total
2025-02-01,16,Ñuble,compra_interregional,pesos,232602736728.69998,miles de millones de pesos,dinero,total
2025-02-01,16,Ñuble,compra_intrarregional,pesos,147998586719.32,miles de millones de pesos,dinero,total
2025-02-01,16,Ñuble,facturas_compra_interregional,unidades,353160.0,miles de unidades,conteo,total
2025-02-01,16,Ñuble,facturas_venta_interregional,unidades,172347.0,miles de unidades,conteo,total
2025-02-01,16,Ñuble,venta_interregional,pesos,189325611217.0,miles de millones de pesos,dinero,total
2025-02-01,16,Ñuble,venta_intrarregional,pesos,147998586719.32,miles de millones de pesos,dinero,total
2025-03-01,01,Tarapacá,compra_interregional,pesos,322838911970.45,miles de millones de pesos,dinero,total
2025-03-01,01,Tarapacá,compra_intrarregional,pesos,144278329896.33002,miles de millones de pesos,dinero,total
2025-03-01,01,Tarapacá,facturas_compra_interregional,unidades,233912.0,miles de unidades,conteo,total
2025-03-01,01,Tarapacá,facturas_venta_interregional,unidades,96863.0,miles de unidades,conteo,total
2025-03-01,01,Tarapacá,venta_interregional,pesos,138544008291.78998,miles de millones de pesos,dinero,total
2025-03-01,01,Tarapacá,venta_intrarregional,pesos,144278329896.33002,miles de millones de pesos,dinero,total
2025-03-01,02,Antofagasta,compra_interregional,pesos,719293478258.83,miles de millones de pesos,dinero,total
2025-03-01,02,Antofagasta,compra_intrarregional,pesos,337802086895.95996,miles de millones de pesos,dinero,total
2025-03-01,02,Antofagasta,facturas_compra_interregional,unidades,530578.0,miles de unidades,conteo,total
2025-03-01,02,Antofagasta,facturas_venta_interregional,unidades,233741.0,miles de unidades,conteo,total
2025-03-01,02,Antofagasta,venta_interregional,pesos,820767354142.89,miles de millones de pesos,dinero,total
2025-03-01,02,Antofagasta,venta_intrarregional,pesos,337802086895.95996,miles de millones de pesos,dinero,total
2025-03-01,03,Atacama,compra_interregional,pesos,221918654303.41,miles de millones de pesos,dinero,total
2025-03-01,03,Atacama,compra_intrarregional,pesos,136594210569.55,miles de millones de pesos,dinero,total
2025-03-01,03,Atacama,facturas_compra_interregional,unidades,249959.0,miles de unidades,conteo,total
2025-03-01,03,Atacama,facturas_venta_interregional,unidades,93311.0,miles de unidades,conteo,total
2025-03-01,03,Atacama,venta_interregional,pesos,175437064201.46,miles de millones de pesos,dinero,total
2025-03-01,03,Atacama,venta_intrarregional,pesos,136594210569.55,miles de millones de pesos,dinero,total
2025-03-01,04,Coquimbo,compra_interregional,pesos,408652145685.27,miles de millones de pesos,dinero,total
2025-03-01,04,Coquimbo,compra_intrarregional,pesos,248544934434.99002,miles de millones de pesos,dinero,total
2025-03-01,04,Coquimbo,facturas_compra_interregional,unidades,586493.0,miles de unidades,conteo,total
2025-03-01,04,Coquimbo,facturas_venta_interregional,unidades,223786.0,miles de unidades,conteo,total
2025-03-01,04,Coquimbo,venta_interregional,pesos,295116833960.69,miles de millones de pesos,dinero,total
2025-03-01,04,Coquimbo,venta_intrarregional,pesos,248544934434.99002,miles de millones de pesos,dinero,total
2025-03-01,05,Valparaíso,compra_interregional,pesos,1051927527284.2999,miles de millones de pesos,dinero,total
2025-03-01,05,Valparaíso,compra_intrarregional,pesos,735510570459.0399,miles de millones de pesos,dinero,total
2025-03-01,05,Valparaíso,facturas_compra_interregional,unidades,1503529.0,miles de unidades,conteo,total
2025-03-01,05,Valparaíso,facturas_venta_interregional,unidades,785515.0,miles de unidades,conteo,total
2025-03-01,05,Valparaíso,venta_interregional,pesos,1663540471591.5,miles de millones de pesos,dinero,total
2025-03-01,05,Valparaíso,venta_intrarregional,pesos,735510570459.0399,miles de millones de pesos,dinero,total
2025-03-01,06,O'Higgins,compra_interregional,pesos,781944257375.54,miles de millones de pesos,dinero,total
2025-03-01,06,O'Higgins,compra_intrarregional,pesos,500745923142.45,miles de millones de pesos,dinero,total
2025-03-01,06,O'Higgins,facturas_compra_interregional,unidades,856353.0,miles de unidades,conteo,total
2025-03-01,06,O'Higgins,facturas_venta_interregional,unidades,321246.0,miles de unidades,conteo,total
2025-03-01,06,O'Higgins,venta_interregional,pesos,630864369096.25,miles de millones de pesos,dinero,total
2025-03-01,06,O'Higgins,venta_intrarregional,pesos,500745923142.45,miles de millones de pesos,dinero,total
2025-03-01,07,Maule,compra_interregional,pesos,672599979454.97,miles de millones de pesos,dinero,total
2025-03-01,07,Maule,compra_intrarregional,pesos,561927233395.19,miles de millones de pesos,dinero,total
2025-03-01,07,Maule,facturas_compra_interregional,unidades,790530.0,miles de unidades,conteo,total
2025-03-01,07,Maule,facturas_venta_interregional,unidades,587695.0,miles de unidades,conteo,total
2025-03-01,07,Maule,venta_interregional,pesos,581246935297.26,miles de millones de pesos,dinero,total
2025-03-01,07,Maule,venta_intrarregional,pesos,561927233395.19,miles de millones de pesos,dinero,total
2025-03-01,08,Biobío,compra_interregional,pesos,885890594980.2699,miles de millones de pesos,dinero,total
2025-03-01,08,Biobío,compra_intrarregional,pesos,730946316149.0399,miles de millones de pesos,dinero,total
2025-03-01,08,Biobío,facturas_compra_interregional,unidades,1237094.0,miles de unidades,conteo,total
2025-03-01,08,Biobío,facturas_venta_interregional,unidades,495155.0,miles de unidades,conteo,total
2025-03-01,08,Biobío,venta_interregional,pesos,998119669882.37,miles de millones de pesos,dinero,total
2025-03-01,08,Biobío,venta_intrarregional,pesos,730946316149.0399,miles de millones de pesos,dinero,total
2025-03-01,09,La Araucanía,compra_interregional,pesos,443941304788.2,miles de millones de pesos,dinero,total
2025-03-01,09,La Araucanía,compra_intrarregional,pesos,400805149949.44,miles de millones de pesos,dinero,total
2025-03-01,09,La Araucanía,facturas_compra_interregional,unidades,737598.0,miles de unidades,conteo,total
2025-03-01,09,La Araucanía,facturas_venta_interregional,unidades,351997.0,miles de unidades,conteo,total
2025-03-01,09,La Araucanía,venta_interregional,pesos,380599193314.76,miles de millones de pesos,dinero,total
2025-03-01,09,La Araucanía,venta_intrarregional,pesos,400805149949.44,miles de millones de pesos,dinero,total
2025-03-01,10,Los Lagos,compra_interregional,pesos,879435438047.1901,miles de millones de pesos,dinero,total
2025-03-01,10,Los Lagos,compra_intrarregional,pesos,860815496455.1699,miles de millones de pesos,dinero,total
2025-03-01,10,Los Lagos,facturas_compra_interregional,unidades,784878.0,miles de unidades,conteo,total
2025-03-01,10,Los Lagos,facturas_venta_interregional,unidades,403428.0,miles de unidades,conteo,total
2025-03-01,10,Los Lagos,venta_interregional,pesos,440067243338.07,miles de millones de pesos,dinero,total
2025-03-01,10,Los Lagos,venta_intrarregional,pesos,860815496455.1699,miles de millones de pesos,dinero,total
2025-03-01,11,Aysén,compra_interregional,pesos,55520571891.75,miles de millones de pesos,dinero,total
2025-03-01,11,Aysén,compra_intrarregional,pesos,43780174770.072,miles de millones de pesos,dinero,total
2025-03-01,11,Aysén,facturas_compra_interregional,unidades,114013.0,miles de unidades,conteo,total
2025-03-01,11,Aysén,facturas_venta_interregional,unidades,36589.0,miles de unidades,conteo,total
2025-03-01,11,Aysén,venta_interregional,pesos,37254458816.433,miles de millones de pesos,dinero,total
2025-03-01,11,Aysén,venta_intrarregional,pesos,43780174770.072,miles de millones de pesos,dinero,total
2025-03-01,12,Magallanes,compra_interregional,pesos,147842226078.07,miles de millones de pesos,dinero,total
2025-03-01,12,Magallanes,compra_intrarregional,pesos,99923412093.641,miles de millones de pesos,dinero,total
2025-03-01,12,Magallanes,facturas_compra_interregional,unidades,150213.0,miles de unidades,conteo,total
2025-03-01,12,Magallanes,facturas_venta_interregional,unidades,41437.0,miles de unidades,conteo,total
2025-03-01,12,Magallanes,venta_interregional,pesos,101795538142.83,miles de millones de pesos,dinero,total
2025-03-01,12,Magallanes,venta_intrarregional,pesos,99923412093.641,miles de millones de pesos,dinero,total
2025-03-01,13,Metropolitana de Santiago,compra_interregional,pesos,5582201579095.5,miles de millones de pesos,dinero,total
2025-03-01,13,Metropolitana de Santiago,compra_intrarregional,pesos,19550148543808.0,miles de millones de pesos,dinero,total
2025-03-01,13,Metropolitana de Santiago,facturas_compra_interregional,unidades,2891311.0,miles de unidades,conteo,total
2025-03-01,13,Metropolitana de Santiago,facturas_venta_interregional,unidades,7408030.0,miles de unidades,conteo,total
2025-03-01,13,Metropolitana de Santiago,venta_interregional,pesos,6030013885040.5,miles de millones de pesos,dinero,total
2025-03-01,13,Metropolitana de Santiago,venta_intrarregional,pesos,19550148543808.0,miles de millones de pesos,dinero,total
2025-03-01,14,Los Ríos,compra_interregional,pesos,247881071907.59003,miles de millones de pesos,dinero,total
2025-03-01,14,Los Ríos,compra_intrarregional,pesos,136223502324.52002,miles de millones de pesos,dinero,total
2025-03-01,14,Los Ríos,facturas_compra_interregional,unidades,398842.0,miles de unidades,conteo,total
2025-03-01,14,Los Ríos,facturas_venta_interregional,unidades,271535.0,miles de unidades,conteo,total
2025-03-01,14,Los Ríos,venta_interregional,pesos,249272491658.0,miles de millones de pesos,dinero,total
2025-03-01,14,Los Ríos,venta_intrarregional,pesos,136223502324.52002,miles de millones de pesos,dinero,total
2025-03-01,15,Arica y Parinacota,compra_interregional,pesos,110183739138.31,miles de millones de pesos,dinero,total
2025-03-01,15,Arica y Parinacota,compra_intrarregional,pesos,47582539860.666,miles de millones de pesos,dinero,total
2025-03-01,15,Arica y Parinacota,facturas_compra_interregional,unidades,134630.0,miles de unidades,conteo,total
2025-03-01,15,Arica y Parinacota,facturas_venta_interregional,unidades,44956.0,miles de unidades,conteo,total
2025-03-01,15,Arica y Parinacota,venta_interregional,pesos,38623202134.0,miles de millones de pesos,dinero,total
2025-03-01,15,Arica y Parinacota,venta_intrarregional,pesos,47582539860.666,miles de millones de pesos,dinero,total
2025-03-01,16,Ñuble,compra_interregional,pesos,246266175992.07,miles de millones de pesos,dinero,total
2025-03-01,16,Ñuble,compra_intrarregional,pesos,153363855647.78,miles de millones de pesos,dinero,total
2025-03-01,16,Ñuble,facturas_compra_interregional,unidades,381994.0,miles de unidades,conteo,total
2025-03-01,16,Ñuble,facturas_venta_interregional,unidades,186643.0,miles de unidades,conteo,total
2025-03-01,16,Ñuble,venta_interregional,pesos,197074937343.0,miles de millones de pesos,dinero,total
2025-03-01,16,Ñuble,venta_intrarregional,pesos,153363855647.78,miles de millones de pesos,dinero,total
2025-04-01,01,Tarapacá,compra_interregional,pesos,342609261586.19,miles de millones de pesos,dinero,total
2025-04-01,01,Tarapacá,compra_intrarregional,pesos,141312531124.0,miles de millones de pesos,dinero,total
2025-04-01,01,Tarapacá,facturas_compra_interregional,unidades,234824.0,miles de unidades,conteo,total
2025-04-01,01,Tarapacá,facturas_venta_interregional,unidades,96430.0,miles de unidades,conteo,total
2025-04-01,01,Tarapacá,venta_interregional,pesos,153803296609.35,miles de millones de pesos,dinero,total
2025-04-01,01,Tarapacá,venta_intrarregional,pesos,141312531124.0,miles de millones de pesos,dinero,total
2025-04-01,02,Antofagasta,compra_interregional,pesos,692103702316.9801,miles de millones de pesos,dinero,total
2025-04-01,02,Antofagasta,compra_intrarregional,pesos,337017818229.31,miles de millones de pesos,dinero,total
2025-04-01,02,Antofagasta,facturas_compra_interregional,unidades,531901.0,miles de unidades,conteo,total
2025-04-01,02,Antofagasta,facturas_venta_interregional,unidades,232266.0,miles de unidades,conteo,total
2025-04-01,02,Antofagasta,venta_interregional,pesos,791936429246.12,miles de millones de pesos,dinero,total
2025-04-01,02,Antofagasta,venta_intrarregional,pesos,337017818229.31,miles de millones de pesos,dinero,total
2025-04-01,03,Atacama,compra_interregional,pesos,238557905853.67,miles de millones de pesos,dinero,total
2025-04-01,03,Atacama,compra_intrarregional,pesos,137578909631.57,miles de millones de pesos,dinero,total
2025-04-01,03,Atacama,facturas_compra_interregional,unidades,249048.0,miles de unidades,conteo,total
2025-04-01,03,Atacama,facturas_venta_interregional,unidades,92092.0,miles de unidades,conteo,total
2025-04-01,03,Atacama,venta_interregional,pesos,185655268016.2,miles de millones de pesos,dinero,total
2025-04-01,03,Atacama,venta_intrarregional,pesos,137578909631.57,miles de millones de pesos,dinero,total
2025-04-01,04,Coquimbo,compra_interregional,pesos,396030001195.81,miles de millones de pesos,dinero,total
2025-04-01,04,Coquimbo,compra_intrarregional,pesos,258699432680.90997,miles de millones de pesos,dinero,total
2025-04-01,04,Coquimbo,facturas_compra_interregional,unidades,583018.0,miles de unidades,conteo,total
2025-04-01,04,Coquimbo,facturas_venta_interregional,unidades,225029.0,miles de unidades,conteo,total
2025-04-01,04,Coquimbo,venta_interregional,pesos,293253897279.54004,miles de millones de pesos,dinero,total
2025-04-01,04,Coquimbo,venta_intrarregional,pesos,258699432680.90997,miles de millones de pesos,dinero,total
2025-04-01,05,Valparaíso,compra_interregional,pesos,1107250483797.2998,miles de millones de pesos,dinero,total
2025-04-01,05,Valparaíso,compra_intrarregional,pesos,726872068645.3401,miles de millones de pesos,dinero,total
2025-04-01,05,Valparaíso,facturas_compra_interregional,unidades,1510629.0,miles de unidades,conteo,total
2025-04-01,05,Valparaíso,facturas_venta_interregional,unidades,773586.0,miles de unidades,conteo,total
2025-04-01,05,Valparaíso,venta_interregional,pesos,1649143131608.0,miles de millones de pesos,dinero,total
2025-04-01,05,Valparaíso,venta_intrarregional,pesos,726872068645.3401,miles de millones de pesos,dinero,total
2025-04-01,06,O'Higgins,compra_interregional,pesos,780810580589.21,miles de millones de pesos,dinero,total
2025-04-01,06,O'Higgins,compra_intrarregional,pesos,508430315143.47003,miles de millones de pesos,dinero,total
2025-04-01,06,O'Higgins,facturas_compra_interregional,unidades,846001.0,miles de unidades,conteo,total
2025-04-01,06,O'Higgins,facturas_venta_interregional,unidades,314144.0,miles de unidades,conteo,total
2025-04-01,06,O'Higgins,venta_interregional,pesos,634469743304.1901,miles de millones de pesos,dinero,total
2025-04-01,06,O'Higgins,venta_intrarregional,pesos,508430315143.47003,miles de millones de pesos,dinero,total
2025-04-01,07,Maule,compra_interregional,pesos,677983356176.61,miles de millones de pesos,dinero,total
2025-04-01,07,Maule,compra_intrarregional,pesos,615428783198.05,miles de millones de pesos,dinero,total
2025-04-01,07,Maule,facturas_compra_interregional,unidades,784756.0,miles de unidades,conteo,total
2025-04-01,07,Maule,facturas_venta_interregional,unidades,574034.0,miles de unidades,conteo,total
2025-04-01,07,Maule,venta_interregional,pesos,594534493113.9601,miles de millones de pesos,dinero,total
2025-04-01,07,Maule,venta_intrarregional,pesos,615428783198.05,miles de millones de pesos,dinero,total
2025-04-01,08,Biobío,compra_interregional,pesos,861650024884.99,miles de millones de pesos,dinero,total
2025-04-01,08,Biobío,compra_intrarregional,pesos,711004959035.1901,miles de millones de pesos,dinero,total
2025-04-01,08,Biobío,facturas_compra_interregional,unidades,1228938.0,miles de unidades,conteo,total
2025-04-01,08,Biobío,facturas_venta_interregional,unidades,487702.0,miles de unidades,conteo,total
2025-04-01,08,Biobío,venta_interregional,pesos,992936731459.91,miles de millones de pesos,dinero,total
2025-04-01,08,Biobío,venta_intrarregional,pesos,711004959035.1901,miles de millones de pesos,dinero,total
2025-04-01,09,La Araucanía,compra_interregional,pesos,409503757954.26996,miles de millones de pesos,dinero,total
2025-04-01,09,La Araucanía,compra_intrarregional,pesos,376007883964.25995,miles de millones de pesos,dinero,total
2025-04-01,09,La Araucanía,facturas_compra_interregional,unidades,723915.0,miles de unidades,conteo,total
2025-04-01,09,La Araucanía,facturas_venta_interregional,unidades,341017.0,miles de unidades,conteo,total
2025-04-01,09,La Araucanía,venta_interregional,pesos,376834555051.03,miles de millones de pesos,dinero,total
2025-04-01,09,La Araucanía,venta_intrarregional,pesos,376007883964.25995,miles de millones de pesos,dinero,total
2025-04-01,10,Los Lagos,compra_interregional,pesos,876315338587.07,miles de millones de pesos,dinero,total
2025-04-01,10,Los Lagos,compra_intrarregional,pesos,859634082948.72,miles de millones de pesos,dinero,total
2025-04-01,10,Los Lagos,facturas_compra_interregional,unidades,766949.0,miles de unidades,conteo,total
2025-04-01,10,Los Lagos,facturas_venta_interregional,unidades,398137.0,miles de unidades,conteo,total
2025-04-01,10,Los Lagos,venta_interregional,pesos,455020627925.27,miles de millones de pesos,dinero,total
2025-04-01,10,Los Lagos,venta_intrarregional,pesos,859634082948.72,miles de millones de pesos,dinero,total
2025-04-01,11,Aysén,compra_interregional,pesos,52875549167.083,miles de millones de pesos,dinero,total
2025-04-01,11,Aysén,compra_intrarregional,pesos,41760682413.216995,miles de millones de pesos,dinero,total
2025-04-01,11,Aysén,facturas_compra_interregional,unidades,111448.0,miles de unidades,conteo,total
2025-04-01,11,Aysén,facturas_venta_interregional,unidades,34627.0,miles de unidades,conteo,total
2025-04-01,11,Aysén,venta_interregional,pesos,36935935876.133,miles de millones de pesos,dinero,total
2025-04-01,11,Aysén,venta_intrarregional,pesos,41760682413.216995,miles de millones de pesos,dinero,total
2025-04-01,12,Magallanes,compra_interregional,pesos,144854906087.35,miles de millones de pesos,dinero,total
2025-04-01,12,Magallanes,compra_intrarregional,pesos,102942605777.40001,miles de millones de pesos,dinero,total
2025-04-01,12,Magallanes,facturas_compra_interregional,unidades,149100.0,miles de unidades,conteo,total
2025-04-01,12,Magallanes,facturas_venta_interregional,unidades,39986.0,miles de unidades,conteo,total
2025-04-01,12,Magallanes,venta_interregional,pesos,99696267870.916,miles de millones de pesos,dinero,total
2025-04-01,12,Magallanes,venta_intrarregional,pesos,102942605777.40001,miles de millones de pesos,dinero,total
2025-04-01,13,Metropolitana de Santiago,compra_interregional,pesos,5493510225674.2,miles de millones de pesos,dinero,total
2025-04-01,13,Metropolitana de Santiago,compra_intrarregional,pesos,19510944620103.0,miles de millones de pesos,dinero,total
2025-04-01,13,Metropolitana de Santiago,facturas_compra_interregional,unidades,2857026.0,miles de unidades,conteo,total
2025-04-01,13,Metropolitana de Santiago,facturas_venta_interregional,unidades,7368769.0,miles de unidades,conteo,total
2025-04-01,13,Metropolitana de Santiago,venta_interregional,pesos,5912166208314.5,miles de millones de pesos,dinero,total
2025-04-01,13,Metropolitana de Santiago,venta_intrarregional,pesos,19510944620103.0,miles de millones de pesos,dinero,total
2025-04-01,14,Los Ríos,compra_interregional,pesos,241975870216.96,miles de millones de pesos,dinero,total
2025-04-01,14,Los Ríos,compra_intrarregional,pesos,127048483957.90001,miles de millones de pesos,dinero,total
2025-04-01,14,Los Ríos,facturas_compra_interregional,unidades,387743.0,miles de unidades,conteo,total
2025-04-01,14,Los Ríos,facturas_venta_interregional,unidades,271802.0,miles de unidades,conteo,total
2025-04-01,14,Los Ríos,venta_interregional,pesos,246145171698.0,miles de millones de pesos,dinero,total
2025-04-01,14,Los Ríos,venta_intrarregional,pesos,127048483957.90001,miles de millones de pesos,dinero,total
2025-04-01,15,Arica y Parinacota,compra_interregional,pesos,103760404618.75,miles de millones de pesos,dinero,total
2025-04-01,15,Arica y Parinacota,compra_intrarregional,pesos,50279328667.5,miles de millones de pesos,dinero,total
2025-04-01,15,Arica y Parinacota,facturas_compra_interregional,unidades,137509.0,miles de unidades,conteo,total
2025-04-01,15,Arica y Parinacota,facturas_venta_interregional,unidades,45417.0,miles de unidades,conteo,total
2025-04-01,15,Arica y Parinacota,venta_interregional,pesos,43918967472.0,miles de millones de pesos,dinero,total
2025-04-01,15,Arica y Parinacota,venta_intrarregional,pesos,50279328667.5,miles de millones de pesos,dinero,total
2025-04-01,16,Ñuble,compra_interregional,pesos,238387767510.13,miles de millones de pesos,dinero,total
2025-04-01,16,Ñuble,compra_intrarregional,pesos,152545784839.19,miles de millones de pesos,dinero,total
2025-04-01,16,Ñuble,facturas_compra_interregional,unidades,378940.0,miles de unidades,conteo,total
2025-04-01,16,Ñuble,facturas_venta_interregional,unidades,186707.0,miles de unidades,conteo,total
2025-04-01,16,Ñuble,venta_interregional,pesos,191728411371.4,miles de millones de pesos,dinero,total
2025-04-01,16,Ñuble,venta_intrarregional,pesos,152545784839.19,miles de millones de pesos,dinero,total
2025-05-01,01,Tarapacá,compra_interregional,pesos,357297990580.37006,miles de millones de pesos,dinero,total
2025-05-01,01,Tarapacá,compra_intrarregional,pesos,140366754860.49,miles de millones de pesos,dinero,total
2025-05-01,01,Tarapacá,facturas_compra_interregional,unidades,234278.0,miles de unidades,conteo,total
2025-05-01,01,Tarapacá,facturas_venta_interregional,unidades,95579.0,miles de unidades,conteo,total
2025-05-01,01,Tarapacá,venta_interregional,pesos,169159635695.53,miles de millones de pesos,dinero,total
2025-05-01,01,Tarapacá,venta_intrarregional,pesos,140366754860.49,miles de millones de pesos,dinero,total
2025-05-01,02,Antofagasta,compra_interregional,pesos,756343470852.3,miles de millones de pesos,dinero,total
2025-05-01,02,Antofagasta,compra_intrarregional,pesos,341836408679.67,miles de millones de pesos,dinero,total
2025-05-01,02,Antofagasta,facturas_compra_interregional,unidades,528254.0,miles de unidades,conteo,total
2025-05-01,02,Antofagasta,facturas_venta_interregional,unidades,234380.0,miles de unidades,conteo,total
2025-05-01,02,Antofagasta,venta_interregional,pesos,808309787074.27,miles de millones de pesos,dinero,total
2025-05-01,02,Antofagasta,venta_intrarregional,pesos,341836408679.67,miles de millones de pesos,dinero,total
2025-05-01,03,Atacama,compra_interregional,pesos,226561912764.74,miles de millones de pesos,dinero,total
2025-05-01,03,Atacama,compra_intrarregional,pesos,136214671957.73999,miles de millones de pesos,dinero,total
2025-05-01,03,Atacama,facturas_compra_interregional,unidades,246575.0,miles de unidades,conteo,total
2025-05-01,03,Atacama,facturas_venta_interregional,unidades,90341.0,miles de unidades,conteo,total
2025-05-01,03,Atacama,venta_interregional,pesos,172808114683.76,miles de millones de pesos,dinero,total
2025-05-01,03,Atacama,venta_intrarregional,pesos,136214671957.73999,miles de millones de pesos,dinero,total
2025-05-01,04,Coquimbo,compra_interregional,pesos,394254666046.44,miles de millones de pesos,dinero,total
2025-05-01,04,Coquimbo,compra_intrarregional,pesos,254755587519.63998,miles de millones de pesos,dinero,total
2025-05-01,04,Coquimbo,facturas_compra_interregional,unidades,578529.0,miles de unidades,conteo,total
2025-05-01,04,Coquimbo,facturas_venta_interregional,unidades,219004.0,miles de unidades,conteo,total
2025-05-01,04,Coquimbo,venta_interregional,pesos,287239651412.33997,miles de millones de pesos,dinero,total
2025-05-01,04,Coquimbo,venta_intrarregional,pesos,254755587519.63998,miles de millones de pesos,dinero,total
2025-05-01,05,Valparaíso,compra_interregional,pesos,1023647631022.4,miles de millones de pesos,dinero,total
2025-05-01,05,Valparaíso,compra_intrarregional,pesos,641231984698.8201,miles de millones de pesos,dinero,total
2025-05-01,05,Valparaíso,facturas_compra_interregional,unidades,1479592.0,miles de unidades,conteo,total
2025-05-01,05,Valparaíso,facturas_venta_interregional,unidades,748430.0,miles de unidades,conteo,total
2025-05-01,05,Valparaíso,venta_interregional,pesos,1565817990137.4001,miles de millones de pesos,dinero,total
2025-05-01,05,Valparaíso,venta_intrarregional,pesos,641231984698.8201,miles de millones de pesos,dinero,total
2025-05-01,06,O'Higgins,compra_interregional,pesos,779891644831.39,miles de millones de pesos,dinero,total
2025-05-01,06,O'Higgins,compra_intrarregional,pesos,472187214416.66003,miles de millones de pesos,dinero,total
2025-05-01,06,O'Higgins,facturas_compra_interregional,unidades,822746.0,miles de unidades,conteo,total
2025-05-01,06,O'Higgins,facturas_venta_interregional,unidades,297059.0,miles de unidades,conteo,total
2025-05-01,06,O'Higgins,venta_interregional,pesos,519558244191.49994,miles de millones de pesos,dinero,total
2025-05-01,06,O'Higgins,venta_intrarregional,pesos,472187214416.66003,miles de millones de pesos,dinero,total
2025-05-01,07,Maule,compra_interregional,pesos,645878563800.77,miles de millones de pesos,dinero,total
2025-05-01,07,Maule,compra_intrarregional,pesos,551397586531.8999,miles de millones de pesos,dinero,total
2025-05-01,07,Maule,facturas_compra_interregional,unidades,765815.0,miles de unidades,conteo,total
2025-05-01,07,Maule,facturas_venta_interregional,unidades,564336.0,miles de unidades,conteo,total
2025-05-01,07,Maule,venta_interregional,pesos,563219899356.9,miles de millones de pesos,dinero,total
2025-05-01,07,Maule,venta_intrarregional,pesos,551397586531.8999,miles de millones de pesos,dinero,total
2025-05-01,08,Biobío,compra_interregional,pesos,807694310073.3,miles de millones de pesos,dinero,total
2025-05-01,08,Biobío,compra_intrarregional,pesos,667940068667.95,miles de millones de pesos,dinero,total
2025-05-01,08,Biobío,facturas_compra_interregional,unidades,1218012.0,miles de unidades,conteo,total
2025-05-01,08,Biobío,facturas_venta_interregional,unidades,476459.0,miles de unidades,conteo,total
2025-05-01,08,Biobío,venta_interregional,pesos,943948789123.73,miles de millones de pesos,dinero,total
2025-05-01,08,Biobío,venta_intrarregional,pesos,667940068667.95,miles de millones de pesos,dinero,total
2025-05-01,09,La Araucanía,compra_interregional,pesos,398274830007.54,miles de millones de pesos,dinero,total
2025-05-01,09,La Araucanía,compra_intrarregional,pesos,366973299564.52,miles de millones de pesos,dinero,total
2025-05-01,09,La Araucanía,facturas_compra_interregional,unidades,715469.0,miles de unidades,conteo,total
2025-05-01,09,La Araucanía,facturas_venta_interregional,unidades,335762.0,miles de unidades,conteo,total
2025-05-01,09,La Araucanía,venta_interregional,pesos,352802173346.17,miles de millones de pesos,dinero,total
2025-05-01,09,La Araucanía,venta_intrarregional,pesos,366973299564.52,miles de millones de pesos,dinero,total
2025-05-01,10,Los Lagos,compra_interregional,pesos,821422334592.25,miles de millones de pesos,dinero,total
2025-05-01,10,Los Lagos,compra_intrarregional,pesos,828903780759.54,miles de millones de pesos,dinero,total
2025-05-01,10,Los Lagos,facturas_compra_interregional,unidades,755924.0,miles de unidades,conteo,total
2025-05-01,10,Los Lagos,facturas_venta_interregional,unidades,383784.0,miles de unidades,conteo,total
2025-05-01,10,Los Lagos,venta_interregional,pesos,436495034357.73,miles de millones de pesos,dinero,total
2025-05-01,10,Los Lagos,venta_intrarregional,pesos,828903780759.54,miles de millones de pesos,dinero,total
2025-05-01,11,Aysén,compra_interregional,pesos,50727800035.438,miles de millones de pesos,dinero,total
2025-05-01,11,Aysén,compra_intrarregional,pesos,41577820336.011,miles de millones de pesos,dinero,total
2025-05-01,11,Aysén,facturas_compra_interregional,unidades,109826.0,miles de unidades,conteo,total
2025-05-01,11,Aysén,facturas_venta_interregional,unidades,33379.0,miles de unidades,conteo,total
2025-05-01,11,Aysén,venta_interregional,pesos,34498619138.0,miles de millones de pesos,dinero,total
2025-05-01,11,Aysén,venta_intrarregional,pesos,41577820336.011,miles de millones de pesos,dinero,total
2025-05-01,12,Magallanes,compra_interregional,pesos,134364094153.04001,miles de millones de pesos,dinero,total
2025-05-01,12,Magallanes,compra_intrarregional,pesos,91933297983.245,miles de millones de pesos,dinero,total
2025-05-01,12,Magallanes,facturas_compra_interregional,unidades,143652.0,miles de unidades,conteo,total
2025-05-01,12,Magallanes,facturas_venta_interregional,unidades,36495.0,miles de unidades,conteo,total
2025-05-01,12,Magallanes,venta_interregional,pesos,93447986410.33301,miles de millones de pesos,dinero,total
2025-05-01,12,Magallanes,venta_intrarregional,pesos,91933297983.245,miles de millones de pesos,dinero,total
2025-05-01,13,Metropolitana de Santiago,compra_interregional,pesos,5293888006392.2,miles de millones de pesos,dinero,total
2025-05-01,13,Metropolitana de Santiago,compra_intrarregional,pesos,18926946338939.0,miles de millones de pesos,dinero,total
2025-05-01,13,Metropolitana de Santiago,facturas_compra_interregional,unidades,2801735.0,miles de unidades,conteo,total
2025-05-01,13,Metropolitana de Santiago,facturas_venta_interregional,unidades,7300228.0,miles de unidades,conteo,total
2025-05-01,13,Metropolitana de Santiago,venta_interregional,pesos,5852113485203.4,miles de millones de pesos,dinero,total
2025-05-01,13,Metropolitana de Santiago,venta_intrarregional,pesos,18926946338939.0,miles de millones de pesos,dinero,total
2025-05-01,14,Los Ríos,compra_interregional,pesos,228777749962.72,miles de millones de pesos,dinero,total
2025-05-01,14,Los Ríos,compra_intrarregional,pesos,124289091105.2,miles de millones de pesos,dinero,total
2025-05-01,14,Los Ríos,facturas_compra_interregional,unidades,384192.0,miles de unidades,conteo,total
2025-05-01,14,Los Ríos,facturas_venta_interregional,unidades,246329.0,miles de unidades,conteo,total
2025-05-01,14,Los Ríos,venta_interregional,pesos,223348312364.0,miles de millones de pesos,dinero,total
2025-05-01,14,Los Ríos,venta_intrarregional,pesos,124289091105.2,miles de millones de pesos,dinero,total
2025-05-01,15,Arica y Parinacota,compra_interregional,pesos,97148207778.092,miles de millones de pesos,dinero,total
2025-05-01,15,Arica y Parinacota,compra_intrarregional,pesos,50658040808.666,miles de millones de pesos,dinero,total
2025-05-01,15,Arica y Parinacota,facturas_compra_interregional,unidades,134803.0,miles de unidades,conteo,total
2025-05-01,15,Arica y Parinacota,facturas_venta_interregional,unidades,48274.0,miles de unidades,conteo,total
2025-05-01,15,Arica y Parinacota,venta_interregional,pesos,50235710565.0,miles de millones de pesos,dinero,total
2025-05-01,15,Arica y Parinacota,venta_intrarregional,pesos,50658040808.666,miles de millones de pesos,dinero,total
2025-05-01,16,Ñuble,compra_interregional,pesos,251598793347.21,miles de millones de pesos,dinero,total
2025-05-01,16,Ñuble,compra_intrarregional,pesos,156204158328.68,miles de millones de pesos,dinero,total
2025-05-01,16,Ñuble,facturas_compra_interregional,unidades,372644.0,miles de unidades,conteo,total
2025-05-01,16,Ñuble,facturas_venta_interregional,unidades,182207.0,miles de unidades,conteo,total
2025-05-01,16,Ñuble,venta_interregional,pesos,194768573180.2,miles de millones de pesos,dinero,total
2025-05-01,16,Ñuble,venta_intrarregional,pesos,156204158328.68,miles de millones de pesos,dinero,total
2025-06-01,01,Tarapacá,compra_interregional,pesos,353140668808.1,miles de millones de pesos,dinero,total
2025-06-01,01,Tarapacá,compra_intrarregional,pesos,142966214188.15,miles de millones de pesos,dinero,total
2025-06-01,01,Tarapacá,facturas_compra_interregional,unidades,236453.0,miles de unidades,conteo,total
2025-06-01,01,Tarapacá,facturas_venta_interregional,unidades,95053.0,miles de unidades,conteo,total
2025-06-01,01,Tarapacá,venta_interregional,pesos,160805967502.15,miles de millones de pesos,dinero,total
2025-06-01,01,Tarapacá,venta_intrarregional,pesos,142966214188.15,miles de millones de pesos,dinero,total
2025-06-01,02,Antofagasta,compra_interregional,pesos,798466167752.68,miles de millones de pesos,dinero,total
2025-06-01,02,Antofagasta,compra_intrarregional,pesos,361212924739.34,miles de millones de pesos,dinero,total
2025-06-01,02,Antofagasta,facturas_compra_interregional,unidades,523587.0,miles de unidades,conteo,total
2025-06-01,02,Antofagasta,facturas_venta_interregional,unidades,239431.0,miles de unidades,conteo,total
2025-06-01,02,Antofagasta,venta_interregional,pesos,805397829505.4299,miles de millones de pesos,dinero,total
2025-06-01,02,Antofagasta,venta_intrarregional,pesos,361212924739.34,miles de millones de pesos,dinero,total
2025-06-01,03,Atacama,compra_interregional,pesos,219083755402.93,miles de millones de pesos,dinero,total
2025-06-01,03,Atacama,compra_intrarregional,pesos,135162048745.85,miles de millones de pesos,dinero,total
2025-06-01,03,Atacama,facturas_compra_interregional,unidades,241791.0,miles de unidades,conteo,total
2025-06-01,03,Atacama,facturas_venta_interregional,unidades,90018.0,miles de unidades,conteo,total
2025-06-01,03,Atacama,venta_interregional,pesos,169894348591.03,miles de millones de pesos,dinero,total
2025-06-01,03,Atacama,venta_intrarregional,pesos,135162048745.85,miles de millones de pesos,dinero,total
2025-06-01,04,Coquimbo,compra_interregional,pesos,399444442009.99,miles de millones de pesos,dinero,total
2025-06-01,04,Coquimbo,compra_intrarregional,pesos,240225655236.77,miles de millones de pesos,dinero,total
2025-06-01,04,Coquimbo,facturas_compra_interregional,unidades,564096.0,miles de unidades,conteo,total
2025-06-01,04,Coquimbo,facturas_venta_interregional,unidades,221695.0,miles de unidades,conteo,total
2025-06-01,04,Coquimbo,venta_interregional,pesos,303307988442.85,miles de millones de pesos,dinero,total
2025-06-01,04,Coquimbo,venta_intrarregional,pesos,240225655236.77,miles de millones de pesos,dinero,total
2025-06-01,05,Valparaíso,compra_interregional,pesos,1032182450744.2,miles de millones de pesos,dinero,total
2025-06-01,05,Valparaíso,compra_intrarregional,pesos,640814595595.29,miles de millones de pesos,dinero,total
2025-06-01,05,Valparaíso,facturas_compra_interregional,unidades,1469202.0,miles de unidades,conteo,total
2025-06-01,05,Valparaíso,facturas_venta_interregional,unidades,742553.0,miles de unidades,conteo,total
2025-06-01,05,Valparaíso,venta_interregional,pesos,1595653034127.5,miles de millones de pesos,dinero,total
2025-06-01,05,Valparaíso,venta_intrarregional,pesos,640814595595.29,miles de millones de pesos,dinero,total
2025-06-01,06,O'Higgins,compra_interregional,pesos,725445471237.4199,miles de millones de pesos,dinero,total
2025-06-01,06,O'Higgins,compra_intrarregional,pesos,417126906975.45,miles de millones de pesos,dinero,total
2025-06-01,06,O'Higgins,facturas_compra_interregional,unidades,806119.0,miles de unidades,conteo,total
2025-06-01,06,O'Higgins,facturas_venta_interregional,unidades,292737.0,miles de unidades,conteo,total
2025-06-01,06,O'Higgins,venta_interregional,pesos,509350701464.23,miles de millones de pesos,dinero,total
2025-06-01,06,O'Higgins,venta_intrarregional,pesos,417126906975.45,miles de millones de pesos,dinero,total
2025-06-01,07,Maule,compra_interregional,pesos,561738989204.5,miles de millones de pesos,dinero,total
2025-06-01,07,Maule,compra_intrarregional,pesos,476074302199.27997,miles de millones de pesos,dinero,total
2025-06-01,07,Maule,facturas_compra_interregional,unidades,749501.0,miles de unidades,conteo,total
2025-06-01,07,Maule,facturas_venta_interregional,unidades,548704.0,miles de unidades,conteo,total
2025-06-01,07,Maule,venta_interregional,pesos,518751094739.54,miles de millones de pesos,dinero,total
2025-06-01,07,Maule,venta_intrarregional,pesos,476074302199.27997,miles de millones de pesos,dinero,total
2025-06-01,08,Biobío,compra_interregional,pesos,815602965822.41,miles de millones de pesos,dinero,total
2025-06-01,08,Biobío,compra_intrarregional,pesos,654637528663.64,miles de millones de pesos,dinero,total
2025-06-01,08,Biobío,facturas_compra_interregional,unidades,1203788.0,miles de unidades,conteo,total
2025-06-01,08,Biobío,facturas_venta_interregional,unidades,465623.0,miles de unidades,conteo,total
2025-06-01,08,Biobío,venta_interregional,pesos,921927181387.37,miles de millones de pesos,dinero,total
2025-06-01,08,Biobío,venta_intrarregional,pesos,654637528663.64,miles de millones de pesos,dinero,total
2025-06-01,09,La Araucanía,compra_interregional,pesos,398601777218.79,miles de millones de pesos,dinero,total
2025-06-01,09,La Araucanía,compra_intrarregional,pesos,344472446638.19,miles de millones de pesos,dinero,total
2025-06-01,09,La Araucanía,facturas_compra_interregional,unidades,701214.0,miles de unidades,conteo,total
2025-06-01,09,La Araucanía,facturas_venta_interregional,unidades,327010.0,miles de unidades,conteo,total
2025-06-01,09,La Araucanía,venta_interregional,pesos,339165361494.60004,miles de millones de pesos,dinero,total
2025-06-01,09,La Araucanía,venta_intrarregional,pesos,344472446638.19,miles de millones de pesos,dinero,total
2025-06-01,10,Los Lagos,compra_interregional,pesos,842641239344.77,miles de millones de pesos,dinero,total
2025-06-01,10,Los Lagos,compra_intrarregional,pesos,784907260618.71,miles de millones de pesos,dinero,total
2025-06-01,10,Los Lagos,facturas_compra_interregional,unidades,747967.0,miles de unidades,conteo,total
2025-06-01,10,Los Lagos,facturas_venta_interregional,unidades,375000.0,miles de unidades,conteo,total
2025-06-01,10,Los Lagos,venta_interregional,pesos,413886967611.56,miles de millones de pesos,dinero,total
2025-06-01,10,Los Lagos,venta_intrarregional,pesos,784907260618.71,miles de millones de pesos,dinero,total
2025-06-01,11,Aysén,compra_interregional,pesos,52442443147.611,miles de millones de pesos,dinero,total
2025-06-01,11,Aysén,compra_intrarregional,pesos,38337801782.466,miles de millones de pesos,dinero,total
2025-06-01,11,Aysén,facturas_compra_interregional,unidades,105413.0,miles de unidades,conteo,total
2025-06-01,11,Aysén,facturas_venta_interregional,unidades,31335.0,miles de unidades,conteo,total
2025-06-01,11,Aysén,venta_interregional,pesos,32108856395.799995,miles de millones de pesos,dinero,total
2025-06-01,11,Aysén,venta_intrarregional,pesos,38337801782.466,miles de millones de pesos,dinero,total
2025-06-01,12,Magallanes,compra_interregional,pesos,133634310511.18999,miles de millones de pesos,dinero,total
2025-06-01,12,Magallanes,compra_intrarregional,pesos,87563242627.582,miles de millones de pesos,dinero,total
2025-06-01,12,Magallanes,facturas_compra_interregional,unidades,141508.0,miles de unidades,conteo,total
2025-06-01,12,Magallanes,facturas_venta_interregional,unidades,35298.0,miles de unidades,conteo,total
2025-06-01,12,Magallanes,venta_interregional,pesos,95098891656.0,miles de millones de pesos,dinero,total
2025-06-01,12,Magallanes,venta_intrarregional,pesos,87563242627.582,miles de millones de pesos,dinero,total
2025-06-01,13,Metropolitana de Santiago,compra_interregional,pesos,5314020299675.5,miles de millones de pesos,dinero,total
2025-06-01,13,Metropolitana de Santiago,compra_intrarregional,pesos,19123196007329.0,miles de millones de pesos,dinero,total
2025-06-01,13,Metropolitana de Santiago,facturas_compra_interregional,unidades,2775982.0,miles de unidades,conteo,total
2025-06-01,13,Metropolitana de Santiago,facturas_venta_interregional,unidades,7217925.0,miles de unidades,conteo,total
2025-06-01,13,Metropolitana de Santiago,venta_interregional,pesos,5895009393807.899,miles de millones de pesos,dinero,total
2025-06-01,13,Metropolitana de Santiago,venta_intrarregional,pesos,19123196007329.0,miles de millones de pesos,dinero,total
2025-06-01,14,Los Ríos,compra_interregional,pesos,228624940700.21,miles de millones de pesos,dinero,total
2025-06-01,14,Los Ríos,compra_intrarregional,pesos,111779269986.78,miles de millones de pesos,dinero,total
2025-06-01,14,Los Ríos,facturas_compra_interregional,unidades,376061.0,miles de unidades,conteo,total
2025-06-01,14,Los Ríos,facturas_venta_interregional,unidades,238303.0,miles de unidades,conteo,total
2025-06-01,14,Los Ríos,venta_interregional,pesos,221801499402.0,miles de millones de pesos,dinero,total
2025-06-01,14,Los Ríos,venta_intrarregional,pesos,111779269986.78,miles de millones de pesos,dinero,total
2025-06-01,15,Arica y Parinacota,compra_interregional,pesos,100062150254.87999,miles de millones de pesos,dinero,total
2025-06-01,15,Arica y Parinacota,compra_intrarregional,pesos,50318335819.0,miles de millones de pesos,dinero,total
2025-06-01,15,Arica y Parinacota,facturas_compra_interregional,unidades,135741.0,miles de unidades,conteo,total
2025-06-01,15,Arica y Parinacota,facturas_venta_interregional,unidades,50119.0,miles de unidades,conteo,total
2025-06-01,15,Arica y Parinacota,venta_interregional,pesos,51248683667.0,miles de millones de pesos,dinero,total
2025-06-01,15,Arica y Parinacota,venta_intrarregional,pesos,50318335819.0,miles de millones de pesos,dinero,total
2025-06-01,16,Ñuble,compra_interregional,pesos,232177790965.91998,miles de millones de pesos,dinero,total
2025-06-01,16,Ñuble,compra_intrarregional,pesos,147261813475.80002,miles de millones de pesos,dinero,total
2025-06-01,16,Ñuble,facturas_compra_interregional,unidades,367056.0,miles de unidades,conteo,total
2025-06-01,16,Ñuble,facturas_venta_interregional,unidades,174675.0,miles de unidades,conteo,total
2025-06-01,16,Ñuble,venta_interregional,pesos,173902063006.19998,miles de millones de pesos,dinero,total
2025-06-01,16,Ñuble,venta_intrarregional,pesos,147261813475.80002,miles de millones de pesos,dinero,total
2025-07-01,01,Tarapacá,compra_interregional,pesos,348720620240.3,miles de millones de pesos,dinero,total
2025-07-01,01,Tarapacá,compra_intrarregional,pesos,158068562951.56,miles de millones de pesos,dinero,total
2025-07-01,01,Tarapacá,facturas_compra_interregional,unidades,240886.0,miles de unidades,conteo,total
2025-07-01,01,Tarapacá,facturas_venta_interregional,unidades,101892.0,miles de unidades,conteo,total
2025-07-01,01,Tarapacá,venta_interregional,pesos,153481298313.65,miles de millones de pesos,dinero,total
2025-07-01,01,Tarapacá,venta_intrarregional,pesos,158068562951.56,miles de millones de pesos,dinero,total
2025-07-01,02,Antofagasta,compra_interregional,pesos,793846781177.85,miles de millones de pesos,dinero,total
2025-07-01,02,Antofagasta,compra_intrarregional,pesos,381310457837.44995,miles de millones de pesos,dinero,total
2025-07-01,02,Antofagasta,facturas_compra_interregional,unidades,550185.0,miles de unidades,conteo,total
2025-07-01,02,Antofagasta,facturas_venta_interregional,unidades,254848.0,miles de unidades,conteo,total
2025-07-01,02,Antofagasta,venta_interregional,pesos,821487635535.56,miles de millones de pesos,dinero,total
2025-07-01,02,Antofagasta,venta_intrarregional,pesos,381310457837.44995,miles de millones de pesos,dinero,total
2025-07-01,03,Atacama,compra_interregional,pesos,235725996170.36,miles de millones de pesos,dinero,total
2025-07-01,03,Atacama,compra_intrarregional,pesos,131272946037.74998,miles de millones de pesos,dinero,total
2025-07-01,03,Atacama,facturas_compra_interregional,unidades,260216.99999999997,miles de unidades,conteo,total
2025-07-01,03,Atacama,facturas_venta_interregional,unidades,97277.0,miles de unidades,conteo,total
2025-07-01,03,Atacama,venta_interregional,pesos,192642287049.26,miles de millones de pesos,dinero,total
2025-07-01,03,Atacama,venta_intrarregional,pesos,131272946037.74998,miles de millones de pesos,dinero,total
2025-07-01,04,Coquimbo,compra_interregional,pesos,421822050027.23,miles de millones de pesos,dinero,total
2025-07-01,04,Coquimbo,compra_intrarregional,pesos,264216667987.50998,miles de millones de pesos,dinero,total
2025-07-01,04,Coquimbo,facturas_compra_interregional,unidades,603840.0,miles de unidades,conteo,total
2025-07-01,04,Coquimbo,facturas_venta_interregional,unidades,233408.0,miles de unidades,conteo,total
2025-07-01,04,Coquimbo,venta_interregional,pesos,293877340662.22,miles de millones de pesos,dinero,total
2025-07-01,04,Coquimbo,venta_intrarregional,pesos,264216667987.50998,miles de millones de pesos,dinero,total
2025-07-01,05,Valparaíso,compra_interregional,pesos,1093826332867.7001,miles de millones de pesos,dinero,total
2025-07-01,05,Valparaíso,compra_intrarregional,pesos,692332418708.19,miles de millones de pesos,dinero,total
2025-07-01,05,Valparaíso,facturas_compra_interregional,unidades,1567305.0,miles de unidades,conteo,total
2025-07-01,05,Valparaíso,facturas_venta_interregional,unidades,814440.0,miles de unidades,conteo,total
2025-07-01,05,Valparaíso,venta_interregional,pesos,1703512216583.9,miles de millones de pesos,dinero,total
2025-07-01,05,Valparaíso,venta_intrarregional,pesos,692332418708.19,miles de millones de pesos,dinero,total
2025-07-01,06,O'Higgins,compra_interregional,pesos,807979654054.17,miles de millones de pesos,dinero,total
2025-07-01,06,O'Higgins,compra_intrarregional,pesos,464814125454.19,miles de millones de pesos,dinero,total
2025-07-01,06,O'Higgins,facturas_compra_interregional,unidades,863310.0,miles de unidades,conteo,total
2025-07-01,06,O'Higgins,facturas_venta_interregional,unidades,316372.0,miles de unidades,conteo,total
2025-07-01,06,O'Higgins,venta_interregional,pesos,587436574997.0,miles de millones de pesos,dinero,total
2025-07-01,06,O'Higgins,venta_intrarregional,pesos,464814125454.19,miles de millones de pesos,dinero,total
2025-07-01,07,Maule,compra_interregional,pesos,585097394074.5701,miles de millones de pesos,dinero,total
2025-07-01,07,Maule,compra_intrarregional,pesos,476420974492.39996,miles de millones de pesos,dinero,total
2025-07-01,07,Maule,facturas_compra_interregional,unidades,800462.0,miles de unidades,conteo,total
2025-07-01,07,Maule,facturas_venta_interregional,unidades,597933.0,miles de unidades,conteo,total
2025-07-01,07,Maule,venta_interregional,pesos,539769040369.13007,miles de millones de pesos,dinero,total
2025-07-01,07,Maule,venta_intrarregional,pesos,476420974492.39996,miles de millones de pesos,dinero,total
2025-07-01,08,Biobío,compra_interregional,pesos,864373742051.87,miles de millones de pesos,dinero,total
2025-07-01,08,Biobío,compra_intrarregional,pesos,678416602592.03,miles de millones de pesos,dinero,total
2025-07-01,08,Biobío,facturas_compra_interregional,unidades,1267213.0,miles de unidades,conteo,total
2025-07-01,08,Biobío,facturas_venta_interregional,unidades,497375.0,miles de unidades,conteo,total
2025-07-01,08,Biobío,venta_interregional,pesos,973437722090.64,miles de millones de pesos,dinero,total
2025-07-01,08,Biobío,venta_intrarregional,pesos,678416602592.03,miles de millones de pesos,dinero,total
2025-07-01,09,La Araucanía,compra_interregional,pesos,404543561427.71,miles de millones de pesos,dinero,total
2025-07-01,09,La Araucanía,compra_intrarregional,pesos,342960297515.98004,miles de millones de pesos,dinero,total
2025-07-01,09,La Araucanía,facturas_compra_interregional,unidades,747254.0,miles de unidades,conteo,total
2025-07-01,09,La Araucanía,facturas_venta_interregional,unidades,350472.0,miles de unidades,conteo,total
2025-07-01,09,La Araucanía,venta_interregional,pesos,366321880642.18,miles de millones de pesos,dinero,total
2025-07-01,09,La Araucanía,venta_intrarregional,pesos,342960297515.98004,miles de millones de pesos,dinero,total
2025-07-01,10,Los Lagos,compra_interregional,pesos,864967635355.2,miles de millones de pesos,dinero,total
2025-07-01,10,Los Lagos,compra_intrarregional,pesos,812976580413.29,miles de millones de pesos,dinero,total
2025-07-01,10,Los Lagos,facturas_compra_interregional,unidades,794700.0,miles de unidades,conteo,total
2025-07-01,10,Los Lagos,facturas_venta_interregional,unidades,398176.0,miles de unidades,conteo,total
2025-07-01,10,Los Lagos,venta_interregional,pesos,433914718223.37,miles de millones de pesos,dinero,total
2025-07-01,10,Los Lagos,venta_intrarregional,pesos,812976580413.29,miles de millones de pesos,dinero,total
2025-07-01,11,Aysén,compra_interregional,pesos,49275499756.155,miles de millones de pesos,dinero,total
2025-07-01,11,Aysén,compra_intrarregional,pesos,39347828487.828995,miles de millones de pesos,dinero,total
2025-07-01,11,Aysén,facturas_compra_interregional,unidades,110485.0,miles de unidades,conteo,total
2025-07-01,11,Aysén,facturas_venta_interregional,unidades,31399.0,miles de unidades,conteo,total
2025-07-01,11,Aysén,venta_interregional,pesos,29806553733.666,miles de millones de pesos,dinero,total
2025-07-01,11,Aysén,venta_intrarregional,pesos,39347828487.828995,miles de millones de pesos,dinero,total
2025-07-01,12,Magallanes,compra_interregional,pesos,136876954621.12001,miles de millones de pesos,dinero,total
2025-07-01,12,Magallanes,compra_intrarregional,pesos,99892747298.96399,miles de millones de pesos,dinero,total
2025-07-01,12,Magallanes,facturas_compra_interregional,unidades,149266.0,miles de unidades,conteo,total
2025-07-01,12,Magallanes,facturas_venta_interregional,unidades,37803.0,miles de unidades,conteo,total
2025-07-01,12,Magallanes,venta_interregional,pesos,101582459305.59999,miles de millones de pesos,dinero,total
2025-07-01,12,Magallanes,venta_intrarregional,pesos,99892747298.96399,miles de millones de pesos,dinero,total
2025-07-01,13,Metropolitana de Santiago,compra_interregional,pesos,5521131644892.0,miles de millones de pesos,dinero,total
2025-07-01,13,Metropolitana de Santiago,compra_intrarregional,pesos,20088933106171.0,miles de millones de pesos,dinero,total
2025-07-01,13,Metropolitana de Santiago,facturas_compra_interregional,unidades,2979972.0,miles de unidades,conteo,total
2025-07-01,13,Metropolitana de Santiago,facturas_venta_interregional,unidades,7639205.0,miles de unidades,conteo,total
2025-07-01,13,Metropolitana de Santiago,venta_interregional,pesos,6061274130274.0,miles de millones de pesos,dinero,total
2025-07-01,13,Metropolitana de Santiago,venta_intrarregional,pesos,20088933106171.0,miles de millones de pesos,dinero,total
2025-07-01,14,Los Ríos,compra_interregional,pesos,227462881710.91,miles de millones de pesos,dinero,total
2025-07-01,14,Los Ríos,compra_intrarregional,pesos,113862230697.75,miles de millones de pesos,dinero,total
2025-07-01,14,Los Ríos,facturas_compra_interregional,unidades,398889.0,miles de unidades,conteo,total
2025-07-01,14,Los Ríos,facturas_venta_interregional,unidades,259529.0,miles de unidades,conteo,total
2025-07-01,14,Los Ríos,venta_interregional,pesos,221882704586.0,miles de millones de pesos,dinero,total
2025-07-01,14,Los Ríos,venta_intrarregional,pesos,113862230697.75,miles de millones de pesos,dinero,total
2025-07-01,15,Arica y Parinacota,compra_interregional,pesos,106239132134.5,miles de millones de pesos,dinero,total
2025-07-01,15,Arica y Parinacota,compra_intrarregional,pesos,55409181251.545,miles de millones de pesos,dinero,total
2025-07-01,15,Arica y Parinacota,facturas_compra_interregional,unidades,141210.0,miles de unidades,conteo,total
2025-07-01,15,Arica y Parinacota,facturas_venta_interregional,unidades,51949.0,miles de unidades,conteo,total
2025-07-01,15,Arica y Parinacota,venta_interregional,pesos,51700187238.0,miles de millones de pesos,dinero,total
2025-07-01,15,Arica y Parinacota,venta_intrarregional,pesos,55409181251.545,miles de millones de pesos,dinero,total
2025-07-01,16,Ñuble,compra_interregional,pesos,239526724172.16998,miles de millones de pesos,dinero,total
2025-07-01,16,Ñuble,compra_intrarregional,pesos,147948416158.77,miles de millones de pesos,dinero,total
2025-07-01,16,Ñuble,facturas_compra_interregional,unidades,388194.0,miles de unidades,conteo,total
2025-07-01,16,Ñuble,facturas_venta_interregional,unidades,181310.0,miles de unidades,conteo,total
2025-07-01,16,Ñuble,venta_interregional,pesos,169289855129.6,miles de millones de pesos,dinero,total
2025-07-01,16,Ñuble,venta_intrarregional,pesos,147948416158.77,miles de millones de pesos,dinero,total
2025-08-01,01,Tarapacá,compra_interregional,pesos,369897587565.63995,miles de millones de pesos,dinero,total
2025-08-01,01,Tarapacá,compra_intrarregional,pesos,157472734801.62,miles de millones de pesos,dinero,total
2025-08-01,01,Tarapacá,facturas_compra_interregional,unidades,238394.0,miles de unidades,conteo,total
2025-08-01,01,Tarapacá,facturas_venta_interregional,unidades,98282.0,miles de unidades,conteo,total
2025-08-01,01,Tarapacá,venta_interregional,pesos,165738479591.71,miles de millones de pesos,dinero,total
2025-08-01,01,Tarapacá,venta_intrarregional,pesos,157472734801.62,miles de millones de pesos,dinero,total
2025-08-01,02,Antofagasta,compra_interregional,pesos,856890556133.8401,miles de millones de pesos,dinero,total
2025-08-01,02,Antofagasta,compra_intrarregional,pesos,360452009535.95996,miles de millones de pesos,dinero,total
2025-08-01,02,Antofagasta,facturas_compra_interregional,unidades,540513.0,miles de unidades,conteo,total
2025-08-01,02,Antofagasta,facturas_venta_interregional,unidades,245899.0,miles de unidades,conteo,total
2025-08-01,02,Antofagasta,venta_interregional,pesos,811810958854.12,miles de millones de pesos,dinero,total
2025-08-01,02,Antofagasta,venta_intrarregional,pesos,360452009535.95996,miles de millones de pesos,dinero,total
2025-08-01,03,Atacama,compra_interregional,pesos,212063352316.49002,miles de millones de pesos,dinero,total
2025-08-01,03,Atacama,compra_intrarregional,pesos,133549404640.85999,miles de millones de pesos,dinero,total
2025-08-01,03,Atacama,facturas_compra_interregional,unidades,250628.0,miles de unidades,conteo,total
2025-08-01,03,Atacama,facturas_venta_interregional,unidades,92181.0,miles de unidades,conteo,total
2025-08-01,03,Atacama,venta_interregional,pesos,173754500379.59998,miles de millones de pesos,dinero,total
2025-08-01,03,Atacama,venta_intrarregional,pesos,133549404640.85999,miles de millones de pesos,dinero,total
2025-08-01,04,Coquimbo,compra_interregional,pesos,416982337840.04,miles de millones de pesos,dinero,total
2025-08-01,04,Coquimbo,compra_intrarregional,pesos,250127448762.36,miles de millones de pesos,dinero,total
2025-08-01,04,Coquimbo,facturas_compra_interregional,unidades,580529.0,miles de unidades,conteo,total
2025-08-01,04,Coquimbo,facturas_venta_interregional,unidades,220610.0,miles de unidades,conteo,total
2025-08-01,04,Coquimbo,venta_interregional,pesos,275650650014.45996,miles de millones de pesos,dinero,total
2025-08-01,04,Coquimbo,venta_intrarregional,pesos,250127448762.36,miles de millones de pesos,dinero,total
2025-08-01,05,Valparaíso,compra_interregional,pesos,1045101083026.0,miles de millones de pesos,dinero,total
2025-08-01,05,Valparaíso,compra_intrarregional,pesos,661537850209.36,miles de millones de pesos,dinero,total
2025-08-01,05,Valparaíso,facturas_compra_interregional,unidades,1497334.0,miles de unidades,conteo,total
2025-08-01,05,Valparaíso,facturas_venta_interregional,unidades,764074.0,miles de unidades,conteo,total
2025-08-01,05,Valparaíso,venta_interregional,pesos,1599642209670.1,miles de millones de pesos,dinero,total
2025-08-01,05,Valparaíso,venta_intrarregional,pesos,661537850209.36,miles de millones de pesos,dinero,total
2025-08-01,06,O'Higgins,compra_interregional,pesos,822547967966.06,miles de millones de pesos,dinero,total
2025-08-01,06,O'Higgins,compra_intrarregional,pesos,433733411072.96,miles de millones de pesos,dinero,total
2025-08-01,06,O'Higgins,facturas_compra_interregional,unidades,836965.0,miles de unidades,conteo,total
2025-08-01,06,O'Higgins,facturas_venta_interregional,unidades,309117.0,miles de unidades,conteo,total
2025-08-01,06,O'Higgins,venta_interregional,pesos,562109184223.5299,miles de millones de pesos,dinero,total
2025-08-01,06,O'Higgins,venta_intrarregional,pesos,433733411072.96,miles de millones de pesos,dinero,total
2025-08-01,07,Maule,compra_interregional,pesos,558297102067.67,miles de millones de pesos,dinero,total
2025-08-01,07,Maule,compra_intrarregional,pesos,464373372613.78,miles de millones de pesos,dinero,total
2025-08-01,07,Maule,facturas_compra_interregional,unidades,772236.0,miles de unidades,conteo,total
2025-08-01,07,Maule,facturas_venta_interregional,unidades,584651.0,miles de unidades,conteo,total
2025-08-01,07,Maule,venta_interregional,pesos,500132875250.10004,miles de millones de pesos,dinero,total
2025-08-01,07,Maule,venta_intrarregional,pesos,464373372613.78,miles de millones de pesos,dinero,total
2025-08-01,08,Biobío,compra_interregional,pesos,815977999087.17,miles de millones de pesos,dinero,total
2025-08-01,08,Biobío,compra_intrarregional,pesos,669110773261.2001,miles de millones de pesos,dinero,total
2025-08-01,08,Biobío,facturas_compra_interregional,unidades,1228598.0,miles de unidades,conteo,total
2025-08-01,08,Biobío,facturas_venta_interregional,unidades,483344.0,miles de unidades,conteo,total
2025-08-01,08,Biobío,venta_interregional,pesos,930432873147.4199,miles de millones de pesos,dinero,total
2025-08-01,08,Biobío,venta_intrarregional,pesos,669110773261.2001,miles de millones de pesos,dinero,total
2025-08-01,09,La Araucanía,compra_interregional,pesos,395593661025.46,miles de millones de pesos,dinero,total
2025-08-01,09,La Araucanía,compra_intrarregional,pesos,345927039161.99005,miles de millones de pesos,dinero,total
2025-08-01,09,La Araucanía,facturas_compra_interregional,unidades,715369.0,miles de unidades,conteo,total
2025-08-01,09,La Araucanía,facturas_venta_interregional,unidades,335265.0,miles de unidades,conteo,total
2025-08-01,09,La Araucanía,venta_interregional,pesos,342731062445.9,miles de millones de pesos,dinero,total
2025-08-01,09,La Araucanía,venta_intrarregional,pesos,345927039161.99005,miles de millones de pesos,dinero,total
2025-08-01,10,Los Lagos,compra_interregional,pesos,876999903204.25,miles de millones de pesos,dinero,total
2025-08-01,10,Los Lagos,compra_intrarregional,pesos,809654534647.06,miles de millones de pesos,dinero,total
2025-08-01,10,Los Lagos,facturas_compra_interregional,unidades,769886.0,miles de unidades,conteo,total
2025-08-01,10,Los Lagos,facturas_venta_interregional,unidades,390495.0,miles de unidades,conteo,total
2025-08-01,10,Los Lagos,venta_interregional,pesos,443649915800.08,miles de millones de pesos,dinero,total
2025-08-01,10,Los Lagos,venta_intrarregional,pesos,809654534647.06,miles de millones de pesos,dinero,total
2025-08-01,11,Aysén,compra_interregional,pesos,46889034360.305,miles de millones de pesos,dinero,total
2025-08-01,11,Aysén,compra_intrarregional,pesos,35669757674.827995,miles de millones de pesos,dinero,total
2025-08-01,11,Aysén,facturas_compra_interregional,unidades,111369.0,miles de unidades,conteo,total
2025-08-01,11,Aysén,facturas_venta_interregional,unidades,31701.0,miles de unidades,conteo,total
2025-08-01,11,Aysén,venta_interregional,pesos,28438271416.233,miles de millones de pesos,dinero,total
2025-08-01,11,Aysén,venta_intrarregional,pesos,35669757674.827995,miles de millones de pesos,dinero,total
2025-08-01,12,Magallanes,compra_interregional,pesos,126807373249.18001,miles de millones de pesos,dinero,total
2025-08-01,12,Magallanes,compra_intrarregional,pesos,94043530285.64201,miles de millones de pesos,dinero,total
2025-08-01,12,Magallanes,facturas_compra_interregional,unidades,145530.0,miles de unidades,conteo,total
2025-08-01,12,Magallanes,facturas_venta_interregional,unidades,36375.0,miles de unidades,conteo,total
2025-08-01,12,Magallanes,venta_interregional,pesos,101084611948.47,miles de millones de pesos,dinero,total
2025-08-01,12,Magallanes,venta_intrarregional,pesos,94043530285.64201,miles de millones de pesos,dinero,total
2025-08-01,13,Metropolitana de Santiago,compra_interregional,pesos,5271768381911.8,miles de millones de pesos,dinero,total
2025-08-01,13,Metropolitana de Santiago,compra_intrarregional,pesos,19534119229102.0,miles de millones de pesos,dinero,total
2025-08-01,13,Metropolitana de Santiago,facturas_compra_interregional,unidades,2863313.0,miles de unidades,conteo,total
2025-08-01,13,Metropolitana de Santiago,facturas_venta_interregional,unidades,7376434.0,miles de unidades,conteo,total
2025-08-01,13,Metropolitana de Santiago,venta_interregional,pesos,5994960820919.899,miles de millones de pesos,dinero,total
2025-08-01,13,Metropolitana de Santiago,venta_intrarregional,pesos,19534119229102.0,miles de millones de pesos,dinero,total
2025-08-01,14,Los Ríos,compra_interregional,pesos,229945382570.78,miles de millones de pesos,dinero,total
2025-08-01,14,Los Ríos,compra_intrarregional,pesos,122889005147.59,miles de millones de pesos,dinero,total
2025-08-01,14,Los Ríos,facturas_compra_interregional,unidades,386007.0,miles de unidades,conteo,total
2025-08-01,14,Los Ríos,facturas_venta_interregional,unidades,249223.0,miles de unidades,conteo,total
2025-08-01,14,Los Ríos,venta_interregional,pesos,226239542166.0,miles de millones de pesos,dinero,total
2025-08-01,14,Los Ríos,venta_intrarregional,pesos,122889005147.59,miles de millones de pesos,dinero,total
2025-08-01,15,Arica y Parinacota,compra_interregional,pesos,106209794251.13,miles de millones de pesos,dinero,total
2025-08-01,15,Arica y Parinacota,compra_intrarregional,pesos,52540794218.0,miles de millones de pesos,dinero,total
2025-08-01,15,Arica y Parinacota,facturas_compra_interregional,unidades,137881.0,miles de unidades,conteo,total
2025-08-01,15,Arica y Parinacota,facturas_venta_interregional,unidades,53652.0,miles de unidades,conteo,total
2025-08-01,15,Arica y Parinacota,venta_interregional,pesos,53523832708.0,miles de millones de pesos,dinero,total
2025-08-01,15,Arica y Parinacota,venta_intrarregional,pesos,52540794218.0,miles de millones de pesos,dinero,total
2025-08-01,16,Ñuble,compra_interregional,pesos,219941275643.5,miles de millones de pesos,dinero,total
2025-08-01,16,Ñuble,compra_intrarregional,pesos,145713922527.87003,miles de millones de pesos,dinero,total
2025-08-01,16,Ñuble,facturas_compra_interregional,unidades,371251.0,miles de unidades,conteo,total
2025-08-01,16,Ñuble,facturas_venta_interregional,unidades,174500.0,miles de unidades,conteo,total
2025-08-01,16,Ñuble,venta_interregional,pesos,162013003683.79,miles de millones de pesos,dinero,total
2025-08-01,16,Ñuble,venta_intrarregional,pesos,145713922527.87003,miles de millones de pesos,dinero,total
2025-09-01,01,Tarapacá,compra_interregional,pesos,327712202165.41003,miles de millones de pesos,dinero,total
2025-09-01,01,Tarapacá,compra_intrarregional,pesos,146316758921.13,miles de millones de pesos,dinero,total
2025-09-01,01,Tarapacá,facturas_compra_interregional,unidades,234584.0,miles de unidades,conteo,total
2025-09-01,01,Tarapacá,facturas_venta_interregional,unidades,95780.0,miles de unidades,conteo,total
2025-09-01,01,Tarapacá,venta_interregional,pesos,164625319904.88,miles de millones de pesos,dinero,total
2025-09-01,01,Tarapacá,venta_intrarregional,pesos,146316758921.13,miles de millones de pesos,dinero,total
2025-09-01,02,Antofagasta,compra_interregional,pesos,785922006646.4099,miles de millones de pesos,dinero,total
2025-09-01,02,Antofagasta,compra_intrarregional,pesos,359122338846.66,miles de millones de pesos,dinero,total
2025-09-01,02,Antofagasta,facturas_compra_interregional,unidades,526494.0,miles de unidades,conteo,total
2025-09-01,02,Antofagasta,facturas_venta_interregional,unidades,232570.0,miles de unidades,conteo,total
2025-09-01,02,Antofagasta,venta_interregional,pesos,814256094520.3,miles de millones de pesos,dinero,total
2025-09-01,02,Antofagasta,venta_intrarregional,pesos,359122338846.66,miles de millones de pesos,dinero,total
2025-09-01,03,Atacama,compra_interregional,pesos,226723816126.12,miles de millones de pesos,dinero,total
2025-09-01,03,Atacama,compra_intrarregional,pesos,131422030193.32999,miles de millones de pesos,dinero,total
2025-09-01,03,Atacama,facturas_compra_interregional,unidades,245463.0,miles de unidades,conteo,total
2025-09-01,03,Atacama,facturas_venta_interregional,unidades,88141.0,miles de unidades,conteo,total
2025-09-01,03,Atacama,venta_interregional,pesos,179366175811.2,miles de millones de pesos,dinero,total
2025-09-01,03,Atacama,venta_intrarregional,pesos,131422030193.32999,miles de millones de pesos,dinero,total
2025-09-01,04,Coquimbo,compra_interregional,pesos,428497958417.49,miles de millones de pesos,dinero,total
2025-09-01,04,Coquimbo,compra_intrarregional,pesos,272503647110.15,miles de millones de pesos,dinero,total
2025-09-01,04,Coquimbo,facturas_compra_interregional,unidades,580845.0,miles de unidades,conteo,total
2025-09-01,04,Coquimbo,facturas_venta_interregional,unidades,216109.0,miles de unidades,conteo,total
2025-09-01,04,Coquimbo,venta_interregional,pesos,293248137394.58,miles de millones de pesos,dinero,total
2025-09-01,04,Coquimbo,venta_intrarregional,pesos,272503647110.15,miles de millones de pesos,dinero,total
2025-09-01,05,Valparaíso,compra_interregional,pesos,1084156810567.4,miles de millones de pesos,dinero,total
2025-09-01,05,Valparaíso,compra_intrarregional,pesos,706543242526.06,miles de millones de pesos,dinero,total
2025-09-01,05,Valparaíso,facturas_compra_interregional,unidades,1486774.0,miles de unidades,conteo,total
2025-09-01,05,Valparaíso,facturas_venta_interregional,unidades,768338.0,miles de unidades,conteo,total
2025-09-01,05,Valparaíso,venta_interregional,pesos,1614479546613.3,miles de millones de pesos,dinero,total
2025-09-01,05,Valparaíso,venta_intrarregional,pesos,706543242526.06,miles de millones de pesos,dinero,total
2025-09-01,06,O'Higgins,compra_interregional,pesos,821498253451.84,miles de millones de pesos,dinero,total
2025-09-01,06,O'Higgins,compra_intrarregional,pesos,450646114334.02,miles de millones de pesos,dinero,total
2025-09-01,06,O'Higgins,facturas_compra_interregional,unidades,840716.0,miles de unidades,conteo,total
2025-09-01,06,O'Higgins,facturas_venta_interregional,unidades,307616.0,miles de unidades,conteo,total
2025-09-01,06,O'Higgins,venta_interregional,pesos,562596905833.9,miles de millones de pesos,dinero,total
2025-09-01,06,O'Higgins,venta_intrarregional,pesos,450646114334.02,miles de millones de pesos,dinero,total
2025-09-01,07,Maule,compra_interregional,pesos,574900596399.82,miles de millones de pesos,dinero,total
2025-09-01,07,Maule,compra_intrarregional,pesos,465403154161.27997,miles de millones de pesos,dinero,total
2025-09-01,07,Maule,facturas_compra_interregional,unidades,771073.0,miles de unidades,conteo,total
2025-09-01,07,Maule,facturas_venta_interregional,unidades,567766.0,miles de unidades,conteo,total
2025-09-01,07,Maule,venta_interregional,pesos,488518103694.88,miles de millones de pesos,dinero,total
2025-09-01,07,Maule,venta_intrarregional,pesos,465403154161.27997,miles de millones de pesos,dinero,total
2025-09-01,08,Biobío,compra_interregional,pesos,879100242435.77,miles de millones de pesos,dinero,total
2025-09-01,08,Biobío,compra_intrarregional,pesos,648252013562.5,miles de millones de pesos,dinero,total
2025-09-01,08,Biobío,facturas_compra_interregional,unidades,1211756.0,miles de unidades,conteo,total
2025-09-01,08,Biobío,facturas_venta_interregional,unidades,471646.0,miles de unidades,conteo,total
2025-09-01,08,Biobío,venta_interregional,pesos,926713465929.0,miles de millones de pesos,dinero,total
2025-09-01,08,Biobío,venta_intrarregional,pesos,648252013562.5,miles de millones de pesos,dinero,total
2025-09-01,09,La Araucanía,compra_interregional,pesos,393471409656.14,miles de millones de pesos,dinero,total
2025-09-01,09,La Araucanía,compra_intrarregional,pesos,345001706842.08,miles de millones de pesos,dinero,total
2025-09-01,09,La Araucanía,facturas_compra_interregional,unidades,698580.0,miles de unidades,conteo,total
2025-09-01,09,La Araucanía,facturas_venta_interregional,unidades,326024.0,miles de unidades,conteo,total
2025-09-01,09,La Araucanía,venta_interregional,pesos,330398417799.1,miles de millones de pesos,dinero,total
2025-09-01,09,La Araucanía,venta_intrarregional,pesos,345001706842.08,miles de millones de pesos,dinero,total
2025-09-01,10,Los Lagos,compra_interregional,pesos,866428175244.9,miles de millones de pesos,dinero,total
2025-09-01,10,Los Lagos,compra_intrarregional,pesos,832294790741.2899,miles de millones de pesos,dinero,total
2025-09-01,10,Los Lagos,facturas_compra_interregional,unidades,754996.0,miles de unidades,conteo,total
2025-09-01,10,Los Lagos,facturas_venta_interregional,unidades,387253.0,miles de unidades,conteo,total
2025-09-01,10,Los Lagos,venta_interregional,pesos,468045701423.79,miles de millones de pesos,dinero,total
2025-09-01,10,Los Lagos,venta_intrarregional,pesos,832294790741.2899,miles de millones de pesos,dinero,total
2025-09-01,11,Aysén,compra_interregional,pesos,48030126800.955,miles de millones de pesos,dinero,total
2025-09-01,11,Aysén,compra_intrarregional,pesos,42952496977.038994,miles de millones de pesos,dinero,total
2025-09-01,11,Aysén,facturas_compra_interregional,unidades,109579.0,miles de unidades,conteo,total
2025-09-01,11,Aysén,facturas_venta_interregional,unidades,31774.0,miles de unidades,conteo,total
2025-09-01,11,Aysén,venta_interregional,pesos,32074934903.95,miles de millones de pesos,dinero,total
2025-09-01,11,Aysén,venta_intrarregional,pesos,42952496977.038994,miles de millones de pesos,dinero,total
2025-09-01,12,Magallanes,compra_interregional,pesos,140687325800.51,miles de millones de pesos,dinero,total
2025-09-01,12,Magallanes,compra_intrarregional,pesos,97733495664.341,miles de millones de pesos,dinero,total
2025-09-01,12,Magallanes,facturas_compra_interregional,unidades,145219.0,miles de unidades,conteo,total
2025-09-01,12,Magallanes,facturas_venta_interregional,unidades,36268.0,miles de unidades,conteo,total
2025-09-01,12,Magallanes,venta_interregional,pesos,103010015785.5,miles de millones de pesos,dinero,total
2025-09-01,12,Magallanes,venta_intrarregional,pesos,97733495664.341,miles de millones de pesos,dinero,total
2025-09-01,13,Metropolitana de Santiago,compra_interregional,pesos,5374469355988.7,miles de millones de pesos,dinero,total
2025-09-01,13,Metropolitana de Santiago,compra_intrarregional,pesos,20522875062299.0,miles de millones de pesos,dinero,total
2025-09-01,13,Metropolitana de Santiago,facturas_compra_interregional,unidades,2820233.0,miles de unidades,conteo,total
2025-09-01,13,Metropolitana de Santiago,facturas_venta_interregional,unidades,7316806.0,miles de unidades,conteo,total
2025-09-01,13,Metropolitana de Santiago,venta_interregional,pesos,6096513263066.1,miles de millones de pesos,dinero,total
2025-09-01,13,Metropolitana de Santiago,venta_intrarregional,pesos,20522875062299.0,miles de millones de pesos,dinero,total
2025-09-01,14,Los Ríos,compra_interregional,pesos,244826160751.12,miles de millones de pesos,dinero,total
2025-09-01,14,Los Ríos,compra_intrarregional,pesos,125307784313.8,miles de millones de pesos,dinero,total
2025-09-01,14,Los Ríos,facturas_compra_interregional,unidades,381065.0,miles de unidades,conteo,total
2025-09-01,14,Los Ríos,facturas_venta_interregional,unidades,238601.0,miles de unidades,conteo,total
2025-09-01,14,Los Ríos,venta_interregional,pesos,221228619104.5,miles de millones de pesos,dinero,total
2025-09-01,14,Los Ríos,venta_intrarregional,pesos,125307784313.8,miles de millones de pesos,dinero,total
2025-09-01,15,Arica y Parinacota,compra_interregional,pesos,108713350579.2,miles de millones de pesos,dinero,total
2025-09-01,15,Arica y Parinacota,compra_intrarregional,pesos,57076950759.1,miles de millones de pesos,dinero,total
2025-09-01,15,Arica y Parinacota,facturas_compra_interregional,unidades,136372.0,miles de unidades,conteo,total
2025-09-01,15,Arica y Parinacota,facturas_venta_interregional,unidades,52876.0,miles de unidades,conteo,total
2025-09-01,15,Arica y Parinacota,venta_interregional,pesos,64731625760.0,miles de millones de pesos,dinero,total
2025-09-01,15,Arica y Parinacota,venta_intrarregional,pesos,57076950759.1,miles de millones de pesos,dinero,total
2025-09-01,16,Ñuble,compra_interregional,pesos,225194642160.4,miles de millones de pesos,dinero,total
2025-09-01,16,Ñuble,compra_intrarregional,pesos,145845468765.85,miles de millones de pesos,dinero,total
2025-09-01,16,Ñuble,facturas_compra_interregional,unidades,367943.0,miles de unidades,conteo,total
2025-09-01,16,Ñuble,facturas_venta_interregional,unidades,174124.0,miles de unidades,conteo,total
2025-09-01,16,Ñuble,venta_interregional,pesos,170526105647.2,miles de millones de pesos,dinero,total
2025-09-01,16,Ñuble,venta_intrarregional,pesos,145845468765.85,miles de millones de pesos,dinero,total
2025-10-01,01,Tarapacá,compra_interregional,pesos,388898545783.51996,miles de millones de pesos,dinero,total
2025-10-01,01,Tarapacá,compra_intrarregional,pesos,173117201132.96,miles de millones de pesos,dinero,total
2025-10-01,01,Tarapacá,facturas_compra_interregional,unidades,257053.99999999997,miles de unidades,conteo,total
2025-10-01,01,Tarapacá,facturas_venta_interregional,unidades,107384.0,miles de unidades,conteo,total
2025-10-01,01,Tarapacá,venta_interregional,pesos,175961355025.0,miles de millones de pesos,dinero,total
2025-10-01,01,Tarapacá,venta_intrarregional,pesos,173117201132.96,miles de millones de pesos,dinero,total
2025-10-01,02,Antofagasta,compra_interregional,pesos,868149239531.74,miles de millones de pesos,dinero,total
2025-10-01,02,Antofagasta,compra_intrarregional,pesos,381760413721.97,miles de millones de pesos,dinero,total
2025-10-01,02,Antofagasta,facturas_compra_interregional,unidades,579176.0,miles de unidades,conteo,total
2025-10-01,02,Antofagasta,facturas_venta_interregional,unidades,258055.99999999997,miles de unidades,conteo,total
2025-10-01,02,Antofagasta,venta_interregional,pesos,857371643615.33,miles de millones de pesos,dinero,total
2025-10-01,02,Antofagasta,venta_intrarregional,pesos,381760413721.97,miles de millones de pesos,dinero,total
2025-10-01,03,Atacama,compra_interregional,pesos,218536326479.88998,miles de millones de pesos,dinero,total
2025-10-01,03,Atacama,compra_intrarregional,pesos,146633259038.49,miles de millones de pesos,dinero,total
2025-10-01,03,Atacama,facturas_compra_interregional,unidades,272215.0,miles de unidades,conteo,total
2025-10-01,03,Atacama,facturas_venta_interregional,unidades,100747.0,miles de unidades,conteo,total
2025-10-01,03,Atacama,venta_interregional,pesos,197097578459.96,miles de millones de pesos,dinero,total
2025-10-01,03,Atacama,venta_intrarregional,pesos,146633259038.49,miles de millones de pesos,dinero,total
2025-10-01,04,Coquimbo,compra_interregional,pesos,453328834119.93,miles de millones de pesos,dinero,total
2025-10-01,04,Coquimbo,compra_intrarregional,pesos,271783933994.56003,miles de millones de pesos,dinero,total
2025-10-01,04,Coquimbo,facturas_compra_interregional,unidades,635986.0,miles de unidades,conteo,total
2025-10-01,04,Coquimbo,facturas_venta_interregional,unidades,244234.0,miles de unidades,conteo,total
2025-10-01,04,Coquimbo,venta_interregional,pesos,328490984600.92,miles de millones de pesos,dinero,total
2025-10-01,04,Coquimbo,venta_intrarregional,pesos,271783933994.56003,miles de millones de pesos,dinero,total
2025-10-01,05,Valparaíso,compra_interregional,pesos,1149039774711.4,miles de millones de pesos,dinero,total
2025-10-01,05,Valparaíso,compra_intrarregional,pesos,740618276664.51,miles de millones de pesos,dinero,total
2025-10-01,05,Valparaíso,facturas_compra_interregional,unidades,1631979.0,miles de unidades,conteo,total
2025-10-01,05,Valparaíso,facturas_venta_interregional,unidades,845150.0,miles de unidades,conteo,total
2025-10-01,05,Valparaíso,venta_interregional,pesos,1710777525883.2,miles de millones de pesos,dinero,total
2025-10-01,05,Valparaíso,venta_intrarregional,pesos,740618276664.51,miles de millones de pesos,dinero,total
2025-10-01,06,O'Higgins,compra_interregional,pesos,889224127399.64,miles de millones de pesos,dinero,total
2025-10-01,06,O'Higgins,compra_intrarregional,pesos,473715782983.7,miles de millones de pesos,dinero,total
2025-10-01,06,O'Higgins,facturas_compra_interregional,unidades,930392.0,miles de unidades,conteo,total
2025-10-01,06,O'Higgins,facturas_venta_interregional,unidades,345396.0,miles de unidades,conteo,total
2025-10-01,06,O'Higgins,venta_interregional,pesos,548795375555.33,miles de millones de pesos,dinero,total
2025-10-01,06,O'Higgins,venta_intrarregional,pesos,473715782983.7,miles de millones de pesos,dinero,total
2025-10-01,07,Maule,compra_interregional,pesos,622394814631.07,miles de millones de pesos,dinero,total
2025-10-01,07,Maule,compra_intrarregional,pesos,511933652652.69,miles de millones de pesos,dinero,total
2025-10-01,07,Maule,facturas_compra_interregional,unidades,858461.0,miles de unidades,conteo,total
2025-10-01,07,Maule,facturas_venta_interregional,unidades,635046.0,miles de unidades,conteo,total
2025-10-01,07,Maule,venta_interregional,pesos,523333832539.51,miles de millones de pesos,dinero,total
2025-10-01,07,Maule,venta_intrarregional,pesos,511933652652.69,miles de millones de pesos,dinero,total
2025-10-01,08,Biobío,compra_interregional,pesos,892606231463.73,miles de millones de pesos,dinero,total
2025-10-01,08,Biobío,compra_intrarregional,pesos,704104902353.58,miles de millones de pesos,dinero,total
2025-10-01,08,Biobío,facturas_compra_interregional,unidades,1340091.0,miles de unidades,conteo,total
2025-10-01,08,Biobío,facturas_venta_interregional,unidades,522815.00000000006,miles de unidades,conteo,total
2025-10-01,08,Biobío,venta_interregional,pesos,996308382246.4601,miles de millones de pesos,dinero,total
2025-10-01,08,Biobío,venta_intrarregional,pesos,704104902353.58,miles de millones de pesos,dinero,total
2025-10-01,09,La Araucanía,compra_interregional,pesos,418387018795.5,miles de millones de pesos,dinero,total
2025-10-01,09,La Araucanía,compra_intrarregional,pesos,371491549204.95,miles de millones de pesos,dinero,total
2025-10-01,09,La Araucanía,facturas_compra_interregional,unidades,778123.0,miles de unidades,conteo,total
2025-10-01,09,La Araucanía,facturas_venta_interregional,unidades,363077.0,miles de unidades,conteo,total
2025-10-01,09,La Araucanía,venta_interregional,pesos,359755415578.31,miles de millones de pesos,dinero,total
2025-10-01,09,La Araucanía,venta_intrarregional,pesos,371491549204.95,miles de millones de pesos,dinero,total
2025-10-01,10,Los Lagos,compra_interregional,pesos,913333746162.1001,miles de millones de pesos,dinero,total
2025-10-01,10,Los Lagos,compra_intrarregional,pesos,868852956428.61,miles de millones de pesos,dinero,total
2025-10-01,10,Los Lagos,facturas_compra_interregional,unidades,827884.0,miles de unidades,conteo,total
2025-10-01,10,Los Lagos,facturas_venta_interregional,unidades,429806.0,miles de unidades,conteo,total
2025-10-01,10,Los Lagos,venta_interregional,pesos,542898355360.05,miles de millones de pesos,dinero,total
2025-10-01,10,Los Lagos,venta_intrarregional,pesos,868852956428.61,miles de millones de pesos,dinero,total
2025-10-01,11,Aysén,compra_interregional,pesos,57902643492.733,miles de millones de pesos,dinero,total
2025-10-01,11,Aysén,compra_intrarregional,pesos,43707183092.05,miles de millones de pesos,dinero,total
2025-10-01,11,Aysén,facturas_compra_interregional,unidades,122280.0,miles de unidades,conteo,total
2025-10-01,11,Aysén,facturas_venta_interregional,unidades,37916.0,miles de unidades,conteo,total
2025-10-01,11,Aysén,venta_interregional,pesos,32842820719.865997,miles de millones de pesos,dinero,total
2025-10-01,11,Aysén,venta_intrarregional,pesos,43707183092.05,miles de millones de pesos,dinero,total
2025-10-01,12,Magallanes,compra_interregional,pesos,157501954212.66,miles de millones de pesos,dinero,total
2025-10-01,12,Magallanes,compra_intrarregional,pesos,111624555120.17,miles de millones de pesos,dinero,total
2025-10-01,12,Magallanes,facturas_compra_interregional,unidades,161317.0,miles de unidades,conteo,total
2025-10-01,12,Magallanes,facturas_venta_interregional,unidades,44266.0,miles de unidades,conteo,total
2025-10-01,12,Magallanes,venta_interregional,pesos,113813514881.66,miles de millones de pesos,dinero,total
2025-10-01,12,Magallanes,venta_intrarregional,pesos,111624555120.17,miles de millones de pesos,dinero,total
2025-10-01,13,Metropolitana de Santiago,compra_interregional,pesos,5673532355747.4,miles de millones de pesos,dinero,total
2025-10-01,13,Metropolitana de Santiago,compra_intrarregional,pesos,21103661598515.0,miles de millones de pesos,dinero,total
2025-10-01,13,Metropolitana de Santiago,facturas_compra_interregional,unidades,3125004.0,miles de unidades,conteo,total
2025-10-01,13,Metropolitana de Santiago,facturas_venta_interregional,unidades,8044856.0,miles de unidades,conteo,total
2025-10-01,13,Metropolitana de Santiago,venta_interregional,pesos,6469736564621.801,miles de millones de pesos,dinero,total
2025-10-01,13,Metropolitana de Santiago,venta_intrarregional,pesos,21103661598515.0,miles de millones de pesos,dinero,total
2025-10-01,14,Los Ríos,compra_interregional,pesos,281550499495.33997,miles de millones de pesos,dinero,total
2025-10-01,14,Los Ríos,compra_intrarregional,pesos,137831368446.63998,miles de millones de pesos,dinero,total
2025-10-01,14,Los Ríos,facturas_compra_interregional,unidades,423679.0,miles de unidades,conteo,total
2025-10-01,14,Los Ríos,facturas_venta_interregional,unidades,270942.0,miles de unidades,conteo,total
2025-10-01,14,Los Ríos,venta_interregional,pesos,237943100438.85,miles de millones de pesos,dinero,total
2025-10-01,14,Los Ríos,venta_intrarregional,pesos,137831368446.63998,miles de millones de pesos,dinero,total
2025-10-01,15,Arica y Parinacota,compra_interregional,pesos,114439813784.28,miles de millones de pesos,dinero,total
2025-10-01,15,Arica y Parinacota,compra_intrarregional,pesos,57949786534.75,miles de millones de pesos,dinero,total
2025-10-01,15,Arica y Parinacota,facturas_compra_interregional,unidades,147886.0,miles de unidades,conteo,total
2025-10-01,15,Arica y Parinacota,facturas_venta_interregional,unidades,57830.0,miles de unidades,conteo,total
2025-10-01,15,Arica y Parinacota,venta_interregional,pesos,60672823926.0,miles de millones de pesos,dinero,total
2025-10-01,15,Arica y Parinacota,venta_intrarregional,pesos,57949786534.75,miles de millones de pesos,dinero,total
2025-10-01,16,Ñuble,compra_interregional,pesos,233529039666.08,miles de millones de pesos,dinero,total
2025-10-01,16,Ñuble,compra_intrarregional,pesos,150581797220.2,miles de millones de pesos,dinero,total
2025-10-01,16,Ñuble,facturas_compra_interregional,unidades,407789.0,miles de unidades,conteo,total
2025-10-01,16,Ñuble,facturas_venta_interregional,unidades,191795.0,miles de unidades,conteo,total
2025-10-01,16,Ñuble,venta_interregional,pesos,176555692024.79,miles de millones de pesos,dinero,total
2025-10-01,16,Ñuble,venta_intrarregional,pesos,150581797220.2,miles de millones de pesos,dinero,total
2025-11-01,01,Tarapacá,compra_interregional,pesos,348079273623.47,miles de millones de pesos,dinero,total
2025-11-01,01,Tarapacá,compra_intrarregional,pesos,169459484632.65,miles de millones de pesos,dinero,total
2025-11-01,01,Tarapacá,facturas_compra_interregional,unidades,241227.0,miles de unidades,conteo,total
2025-11-01,01,Tarapacá,facturas_venta_interregional,unidades,101312.0,miles de unidades,conteo,total
2025-11-01,01,Tarapacá,venta_interregional,pesos,180412921718.13,miles de millones de pesos,dinero,total
2025-11-01,01,Tarapacá,venta_intrarregional,pesos,169459484632.65,miles de millones de pesos,dinero,total
2025-11-01,02,Antofagasta,compra_interregional,pesos,853023025259.1,miles de millones de pesos,dinero,total
2025-11-01,02,Antofagasta,compra_intrarregional,pesos,376005233740.75,miles de millones de pesos,dinero,total
2025-11-01,02,Antofagasta,facturas_compra_interregional,unidades,548313.0,miles de unidades,conteo,total
2025-11-01,02,Antofagasta,facturas_venta_interregional,unidades,242923.0,miles de unidades,conteo,total
2025-11-01,02,Antofagasta,venta_interregional,pesos,803864446622.4601,miles de millones de pesos,dinero,total
2025-11-01,02,Antofagasta,venta_intrarregional,pesos,376005233740.75,miles de millones de pesos,dinero,total
2025-11-01,03,Atacama,compra_interregional,pesos,248942667440.18,miles de millones de pesos,dinero,total
2025-11-01,03,Atacama,compra_intrarregional,pesos,145546157506.06,miles de millones de pesos,dinero,total
2025-11-01,03,Atacama,facturas_compra_interregional,unidades,257313.0,miles de unidades,conteo,total
2025-11-01,03,Atacama,facturas_venta_interregional,unidades,94052.0,miles de unidades,conteo,total
2025-11-01,03,Atacama,venta_interregional,pesos,181210614463.91,miles de millones de pesos,dinero,total
2025-11-01,03,Atacama,venta_intrarregional,pesos,145546157506.06,miles de millones de pesos,dinero,total
2025-11-01,04,Coquimbo,compra_interregional,pesos,431109176094.33,miles de millones de pesos,dinero,total
2025-11-01,04,Coquimbo,compra_intrarregional,pesos,264731188233.12,miles de millones de pesos,dinero,total
2025-11-01,04,Coquimbo,facturas_compra_interregional,unidades,603322.0,miles de unidades,conteo,total
2025-11-01,04,Coquimbo,facturas_venta_interregional,unidades,224338.0,miles de unidades,conteo,total
2025-11-01,04,Coquimbo,venta_interregional,pesos,301072315202.25,miles de millones de pesos,dinero,total
2025-11-01,04,Coquimbo,venta_intrarregional,pesos,264731188233.12,miles de millones de pesos,dinero,total
2025-11-01,05,Valparaíso,compra_interregional,pesos,1091090190644.9999,miles de millones de pesos,dinero,total
2025-11-01,05,Valparaíso,compra_intrarregional,pesos,731440734652.98,miles de millones de pesos,dinero,total
2025-11-01,05,Valparaíso,facturas_compra_interregional,unidades,1544656.0,miles de unidades,conteo,total
2025-11-01,05,Valparaíso,facturas_venta_interregional,unidades,768059.0,miles de unidades,conteo,total
2025-11-01,05,Valparaíso,venta_interregional,pesos,1648392776385.4001,miles de millones de pesos,dinero,total
2025-11-01,05,Valparaíso,venta_intrarregional,pesos,731440734652.98,miles de millones de pesos,dinero,total
2025-11-01,06,O'Higgins,compra_interregional,pesos,828618387659.32,miles de millones de pesos,dinero,total
2025-11-01,06,O'Higgins,compra_intrarregional,pesos,555243280150.92,miles de millones de pesos,dinero,total
2025-11-01,06,O'Higgins,facturas_compra_interregional,unidades,887956.0,miles de unidades,conteo,total
2025-11-01,06,O'Higgins,facturas_venta_interregional,unidades,326065.0,miles de unidades,conteo,total
2025-11-01,06,O'Higgins,venta_interregional,pesos,596056341037.4,miles de millones de pesos,dinero,total
2025-11-01,06,O'Higgins,venta_intrarregional,pesos,555243280150.92,miles de millones de pesos,dinero,total
2025-11-01,07,Maule,compra_interregional,pesos,607452458151.97,miles de millones de pesos,dinero,total
2025-11-01,07,Maule,compra_intrarregional,pesos,566334573717.53,miles de millones de pesos,dinero,total
2025-11-01,07,Maule,facturas_compra_interregional,unidades,818623.0,miles de unidades,conteo,total
2025-11-01,07,Maule,facturas_venta_interregional,unidades,604140.0,miles de unidades,conteo,total
2025-11-01,07,Maule,venta_interregional,pesos,559392148717.18,miles de millones de pesos,dinero,total
2025-11-01,07,Maule,venta_intrarregional,pesos,566334573717.53,miles de millones de pesos,dinero,total
2025-11-01,08,Biobío,compra_interregional,pesos,857714196000.9299,miles de millones de pesos,dinero,total
2025-11-01,08,Biobío,compra_intrarregional,pesos,711665206291.97,miles de millones de pesos,dinero,total
2025-11-01,08,Biobío,facturas_compra_interregional,unidades,1259332.0,miles de unidades,conteo,total
2025-11-01,08,Biobío,facturas_venta_interregional,unidades,503146.0,miles de unidades,conteo,total
2025-11-01,08,Biobío,venta_interregional,pesos,992615959009.48,miles de millones de pesos,dinero,total
2025-11-01,08,Biobío,venta_intrarregional,pesos,711665206291.97,miles de millones de pesos,dinero,total
2025-11-01,09,La Araucanía,compra_interregional,pesos,418655708546.35004,miles de millones de pesos,dinero,total
2025-11-01,09,La Araucanía,compra_intrarregional,pesos,380780919054.7,miles de millones de pesos,dinero,total
2025-11-01,09,La Araucanía,facturas_compra_interregional,unidades,749740.0,miles de unidades,conteo,total
2025-11-01,09,La Araucanía,facturas_venta_interregional,unidades,349625.0,miles de unidades,conteo,total
2025-11-01,09,La Araucanía,venta_interregional,pesos,350232643599.7,miles de millones de pesos,dinero,total
2025-11-01,09,La Araucanía,venta_intrarregional,pesos,380780919054.7,miles de millones de pesos,dinero,total
2025-11-01,10,Los Lagos,compra_interregional,pesos,871085156232.95,miles de millones de pesos,dinero,total
2025-11-01,10,Los Lagos,compra_intrarregional,pesos,852497146427.36,miles de millones de pesos,dinero,total
2025-11-01,10,Los Lagos,facturas_compra_interregional,unidades,795516.0,miles de unidades,conteo,total
2025-11-01,10,Los Lagos,facturas_venta_interregional,unidades,412988.0,miles de unidades,conteo,total
2025-11-01,10,Los Lagos,venta_interregional,pesos,538718227189.30005,miles de millones de pesos,dinero,total
2025-11-01,10,Los Lagos,venta_intrarregional,pesos,852497146427.36,miles de millones de pesos,dinero,total
2025-11-01,11,Aysén,compra_interregional,pesos,54432202555.15,miles de millones de pesos,dinero,total
2025-11-01,11,Aysén,compra_intrarregional,pesos,37617299964.403,miles de millones de pesos,dinero,total
2025-11-01,11,Aysén,facturas_compra_interregional,unidades,118942.0,miles de unidades,conteo,total
2025-11-01,11,Aysén,facturas_venta_interregional,unidades,37159.0,miles de unidades,conteo,total
2025-11-01,11,Aysén,venta_interregional,pesos,32733847407.730003,miles de millones de pesos,dinero,total
2025-11-01,11,Aysén,venta_intrarregional,pesos,37617299964.403,miles de millones de pesos,dinero,total
2025-11-01,12,Magallanes,compra_interregional,pesos,153060230873.69998,miles de millones de pesos,dinero,total
2025-11-01,12,Magallanes,compra_intrarregional,pesos,120321214836.3,miles de millones de pesos,dinero,total
2025-11-01,12,Magallanes,facturas_compra_interregional,unidades,155618.0,miles de unidades,conteo,total
2025-11-01,12,Magallanes,facturas_venta_interregional,unidades,42257.0,miles de unidades,conteo,total
2025-11-01,12,Magallanes,venta_interregional,pesos,109366482258.66,miles de millones de pesos,dinero,total
2025-11-01,12,Magallanes,venta_intrarregional,pesos,120321214836.3,miles de millones de pesos,dinero,total
2025-11-01,13,Metropolitana de Santiago,compra_interregional,pesos,5629610117375.2,miles de millones de pesos,dinero,total
2025-11-01,13,Metropolitana de Santiago,compra_intrarregional,pesos,20502290687743.0,miles de millones de pesos,dinero,total
2025-11-01,13,Metropolitana de Santiago,facturas_compra_interregional,unidades,2924290.0,miles de unidades,conteo,total
2025-11-01,13,Metropolitana de Santiago,facturas_venta_interregional,unidades,7653447.0,miles de unidades,conteo,total
2025-11-01,13,Metropolitana de Santiago,venta_interregional,pesos,6248785850320.8,miles de millones de pesos,dinero,total
2025-11-01,13,Metropolitana de Santiago,venta_intrarregional,pesos,20502290687743.0,miles de millones de pesos,dinero,total
2025-11-01,14,Los Ríos,compra_interregional,pesos,264853290869.62003,miles de millones de pesos,dinero,total
2025-11-01,14,Los Ríos,compra_intrarregional,pesos,138461476915.21,miles de millones de pesos,dinero,total
2025-11-01,14,Los Ríos,facturas_compra_interregional,unidades,408702.0,miles de unidades,conteo,total
2025-11-01,14,Los Ríos,facturas_venta_interregional,unidades,250630.0,miles de unidades,conteo,total
2025-11-01,14,Los Ríos,venta_interregional,pesos,228532464674.0,miles de millones de pesos,dinero,total
2025-11-01,14,Los Ríos,venta_intrarregional,pesos,138461476915.21,miles de millones de pesos,dinero,total
2025-11-01,15,Arica y Parinacota,compra_interregional,pesos,118058515001.08,miles de millones de pesos,dinero,total
2025-11-01,15,Arica y Parinacota,compra_intrarregional,pesos,55262569093.3,miles de millones de pesos,dinero,total
2025-11-01,15,Arica y Parinacota,facturas_compra_interregional,unidades,140821.0,miles de unidades,conteo,total
2025-11-01,15,Arica y Parinacota,facturas_venta_interregional,unidades,53465.0,miles de unidades,conteo,total
2025-11-01,15,Arica y Parinacota,venta_interregional,pesos,61139825159.0,miles de millones de pesos,dinero,total
2025-11-01,15,Arica y Parinacota,venta_intrarregional,pesos,55262569093.3,miles de millones de pesos,dinero,total
2025-11-01,16,Ñuble,compra_interregional,pesos,230189330138.53998,miles de millones de pesos,dinero,total
2025-11-01,16,Ñuble,compra_intrarregional,pesos,149226009204.24,miles de millones de pesos,dinero,total
2025-11-01,16,Ñuble,facturas_compra_interregional,unidades,390761.0,miles de unidades,conteo,total
2025-11-01,16,Ñuble,facturas_venta_interregional,unidades,181526.0,miles de unidades,conteo,total
2025-11-01,16,Ñuble,venta_interregional,pesos,173447062701.6,miles de millones de pesos,dinero,total
2025-11-01,16,Ñuble,venta_intrarregional,pesos,149226009204.24,miles de millones de pesos,dinero,total
2025-12-01,01,Tarapacá,compra_interregional,pesos,464056935664.55,miles de millones de pesos,dinero,total
2025-12-01,01,Tarapacá,compra_intrarregional,pesos,199856525229.31,miles de millones de pesos,dinero,total
2025-12-01,01,Tarapacá,facturas_compra_interregional,unidades,246284.0,miles de unidades,conteo,total
2025-12-01,01,Tarapacá,facturas_venta_interregional,unidades,104541.0,miles de unidades,conteo,total
2025-12-01,01,Tarapacá,venta_interregional,pesos,223385887284.39,miles de millones de pesos,dinero,total
2025-12-01,01,Tarapacá,venta_intrarregional,pesos,199856525229.31,miles de millones de pesos,dinero,total
2025-12-01,02,Antofagasta,compra_interregional,pesos,1068065606175.4,miles de millones de pesos,dinero,total
2025-12-01,02,Antofagasta,compra_intrarregional,pesos,430001704707.73004,miles de millones de pesos,dinero,total
2025-12-01,02,Antofagasta,facturas_compra_interregional,unidades,563361.0,miles de unidades,conteo,total
2025-12-01,02,Antofagasta,facturas_venta_interregional,unidades,240491.0,miles de unidades,conteo,total
2025-12-01,02,Antofagasta,venta_interregional,pesos,1014265914332.1,miles de millones de pesos,dinero,total
2025-12-01,02,Antofagasta,venta_intrarregional,pesos,430001704707.73004,miles de millones de pesos,dinero,total
2025-12-01,03,Atacama,compra_interregional,pesos,276474236321.21,miles de millones de pesos,dinero,total
2025-12-01,03,Atacama,compra_intrarregional,pesos,187181315650.88,miles de millones de pesos,dinero,total
2025-12-01,03,Atacama,facturas_compra_interregional,unidades,269863.0,miles de unidades,conteo,total
2025-12-01,03,Atacama,facturas_venta_interregional,unidades,96649.0,miles de unidades,conteo,total
2025-12-01,03,Atacama,venta_interregional,pesos,208661212368.29,miles de millones de pesos,dinero,total
2025-12-01,03,Atacama,venta_intrarregional,pesos,187181315650.88,miles de millones de pesos,dinero,total
2025-12-01,04,Coquimbo,compra_interregional,pesos,493019320674.71,miles de millones de pesos,dinero,total
2025-12-01,04,Coquimbo,compra_intrarregional,pesos,321575028511.71,miles de millones de pesos,dinero,total
2025-12-01,04,Coquimbo,facturas_compra_interregional,unidades,633772.0,miles de unidades,conteo,total
2025-12-01,04,Coquimbo,facturas_venta_interregional,unidades,237056.0,miles de unidades,conteo,total
2025-12-01,04,Coquimbo,venta_interregional,pesos,360966149498.2,miles de millones de pesos,dinero,total
2025-12-01,04,Coquimbo,venta_intrarregional,pesos,321575028511.71,miles de millones de pesos,dinero,total
2025-12-01,05,Valparaíso,compra_interregional,pesos,1425572777949.5,miles de millones de pesos,dinero,total
2025-12-01,05,Valparaíso,compra_intrarregional,pesos,900180618014.37,miles de millones de pesos,dinero,total
2025-12-01,05,Valparaíso,facturas_compra_interregional,unidades,1623320.0,miles de unidades,conteo,total
2025-12-01,05,Valparaíso,facturas_venta_interregional,unidades,842164.0,miles de unidades,conteo,total
2025-12-01,05,Valparaíso,venta_interregional,pesos,1876020895089.5,miles de millones de pesos,dinero,total
2025-12-01,05,Valparaíso,venta_intrarregional,pesos,900180618014.37,miles de millones de pesos,dinero,total
2025-12-01,06,O'Higgins,compra_interregional,pesos,1043752718147.7001,miles de millones de pesos,dinero,total
2025-12-01,06,O'Higgins,compra_intrarregional,pesos,801441085738.38,miles de millones de pesos,dinero,total
2025-12-01,06,O'Higgins,facturas_compra_interregional,unidades,926311.0,miles de unidades,conteo,total
2025-12-01,06,O'Higgins,facturas_venta_interregional,unidades,347265.0,miles de unidades,conteo,total
2025-12-01,06,O'Higgins,venta_interregional,pesos,808146952336.8,miles de millones de pesos,dinero,total
2025-12-01,06,O'Higgins,venta_intrarregional,pesos,801441085738.38,miles de millones de pesos,dinero,total
2025-12-01,07,Maule,compra_interregional,pesos,725631445909.48,miles de millones de pesos,dinero,total
2025-12-01,07,Maule,compra_intrarregional,pesos,877448959391.3,miles de millones de pesos,dinero,total
2025-12-01,07,Maule,facturas_compra_interregional,unidades,848547.0,miles de unidades,conteo,total
2025-12-01,07,Maule,facturas_venta_interregional,unidades,637963.0,miles de unidades,conteo,total
2025-12-01,07,Maule,venta_interregional,pesos,706744325620.46,miles de millones de pesos,dinero,total
2025-12-01,07,Maule,venta_intrarregional,pesos,877448959391.3,miles de millones de pesos,dinero,total
2025-12-01,08,Biobío,compra_interregional,pesos,973670866648.95,miles de millones de pesos,dinero,total
2025-12-01,08,Biobío,compra_intrarregional,pesos,834040802102.2001,miles de millones de pesos,dinero,total
2025-12-01,08,Biobío,facturas_compra_interregional,unidades,1288406.0,miles de unidades,conteo,total
2025-12-01,08,Biobío,facturas_venta_interregional,unidades,520846.0,miles de unidades,conteo,total
2025-12-01,08,Biobío,venta_interregional,pesos,1134824342678.2998,miles de millones de pesos,dinero,total
2025-12-01,08,Biobío,venta_intrarregional,pesos,834040802102.2001,miles de millones de pesos,dinero,total
2025-12-01,09,La Araucanía,compra_interregional,pesos,466861015335.76,miles de millones de pesos,dinero,total
2025-12-01,09,La Araucanía,compra_intrarregional,pesos,457907629448.3,miles de millones de pesos,dinero,total
2025-12-01,09,La Araucanía,facturas_compra_interregional,unidades,781665.0,miles de unidades,conteo,total
2025-12-01,09,La Araucanía,facturas_venta_interregional,unidades,363403.0,miles de unidades,conteo,total
2025-12-01,09,La Araucanía,venta_interregional,pesos,412771607360.71,miles de millones de pesos,dinero,total
2025-12-01,09,La Araucanía,venta_intrarregional,pesos,457907629448.3,miles de millones de pesos,dinero,total
2025-12-01,10,Los Lagos,compra_interregional,pesos,971970797560.0399,miles de millones de pesos,dinero,total
2025-12-01,10,Los Lagos,compra_intrarregional,pesos,964645605346.44,miles de millones de pesos,dinero,total
2025-12-01,10,Los Lagos,facturas_compra_interregional,unidades,813549.0,miles de unidades,conteo,total
2025-12-01,10,Los Lagos,facturas_venta_interregional,unidades,434338.0,miles de unidades,conteo,total
2025-12-01,10,Los Lagos,venta_interregional,pesos,583331143085.13,miles de millones de pesos,dinero,total
2025-12-01,10,Los Lagos,venta_intrarregional,pesos,964645605346.44,miles de millones de pesos,dinero,total
2025-12-01,11,Aysén,compra_interregional,pesos,67218816376.00001,miles de millones de pesos,dinero,total
2025-12-01,11,Aysén,compra_intrarregional,pesos,51830016312.802,miles de millones de pesos,dinero,total
2025-12-01,11,Aysén,facturas_compra_interregional,unidades,122937.0,miles de unidades,conteo,total
2025-12-01,11,Aysén,facturas_venta_interregional,unidades,37462.0,miles de unidades,conteo,total
2025-12-01,11,Aysén,venta_interregional,pesos,38866803579.304,miles de millones de pesos,dinero,total
2025-12-01,11,Aysén,venta_intrarregional,pesos,51830016312.802,miles de millones de pesos,dinero,total
2025-12-01,12,Magallanes,compra_interregional,pesos,173338265083.07,miles de millones de pesos,dinero,total
2025-12-01,12,Magallanes,compra_intrarregional,pesos,148468692550.82,miles de millones de pesos,dinero,total
2025-12-01,12,Magallanes,facturas_compra_interregional,unidades,161356.0,miles de unidades,conteo,total
2025-12-01,12,Magallanes,facturas_venta_interregional,unidades,43594.0,miles de unidades,conteo,total
2025-12-01,12,Magallanes,venta_interregional,pesos,145154720946.16,miles de millones de pesos,dinero,total
2025-12-01,12,Magallanes,venta_intrarregional,pesos,148468692550.82,miles de millones de pesos,dinero,total
2025-12-01,13,Metropolitana de Santiago,compra_interregional,pesos,7052024061917.3,miles de millones de pesos,dinero,total
2025-12-01,13,Metropolitana de Santiago,compra_intrarregional,pesos,25186795663716.0,miles de millones de pesos,dinero,total
2025-12-01,13,Metropolitana de Santiago,facturas_compra_interregional,unidades,3086891.0,miles de unidades,conteo,total
2025-12-01,13,Metropolitana de Santiago,facturas_venta_interregional,unidades,7930689.0,miles de unidades,conteo,total
2025-12-01,13,Metropolitana de Santiago,venta_interregional,pesos,7878248109312.7,miles de millones de pesos,dinero,total
2025-12-01,13,Metropolitana de Santiago,venta_intrarregional,pesos,25186795663716.0,miles de millones de pesos,dinero,total
2025-12-01,14,Los Ríos,compra_interregional,pesos,298766699561.42,miles de millones de pesos,dinero,total
2025-12-01,14,Los Ríos,compra_intrarregional,pesos,155113975728.91,miles de millones de pesos,dinero,total
2025-12-01,14,Los Ríos,facturas_compra_interregional,unidades,430140.0,miles de unidades,conteo,total
2025-12-01,14,Los Ríos,facturas_venta_interregional,unidades,263531.0,miles de unidades,conteo,total
2025-12-01,14,Los Ríos,venta_interregional,pesos,241257159046.0,miles de millones de pesos,dinero,total
2025-12-01,14,Los Ríos,venta_intrarregional,pesos,155113975728.91,miles de millones de pesos,dinero,total
2025-12-01,15,Arica y Parinacota,compra_interregional,pesos,143250996656.29,miles de millones de pesos,dinero,total
2025-12-01,15,Arica y Parinacota,compra_intrarregional,pesos,67970232827.049995,miles de millones de pesos,dinero,total
2025-12-01,15,Arica y Parinacota,facturas_compra_interregional,unidades,145216.0,miles de unidades,conteo,total
2025-12-01,15,Arica y Parinacota,facturas_venta_interregional,unidades,53125.0,miles de unidades,conteo,total
2025-12-01,15,Arica y Parinacota,venta_interregional,pesos,64496407027.99999,miles de millones de pesos,dinero,total
2025-12-01,15,Arica y Parinacota,venta_intrarregional,pesos,67970232827.049995,miles de millones de pesos,dinero,total
2025-12-01,16,Ñuble,compra_interregional,pesos,269841571578.92,miles de millones de pesos,dinero,total
2025-12-01,16,Ñuble,compra_intrarregional,pesos,178297998390.28998,miles de millones de pesos,dinero,total
2025-12-01,16,Ñuble,facturas_compra_interregional,unidades,402024.0,miles de unidades,conteo,total
2025-12-01,16,Ñuble,facturas_venta_interregional,unidades,190525.0,miles de unidades,conteo,total
2025-12-01,16,Ñuble,venta_interregional,pesos,216374501994.25998,miles de millones de pesos,dinero,total
2025-12-01,16,Ñuble,venta_intrarregional,pesos,178297998390.28998,miles de millones de pesos,dinero,total
